solid ASCII
  facet normal -9.937679e-01 -1.114142e-01 -3.501331e-03
    outer loop
      vertex   3.100000e+02 1.500606e+01 4.719475e+01
      vertex   3.100251e+02 1.478171e+01 4.721749e+01
      vertex   3.100000e+02 1.497646e+01 4.813660e+01
    endloop
  endfacet
  facet normal -9.937065e-01 -1.119638e-01 -3.383190e-03
    outer loop
      vertex   3.100000e+02 1.497646e+01 4.813660e+01
      vertex   3.100251e+02 1.478171e+01 4.721749e+01
      vertex   3.100251e+02 1.475394e+01 4.813660e+01
    endloop
  endfacet
  facet normal -9.937065e-01 -1.119638e-01 3.383190e-03
    outer loop
      vertex   3.100000e+02 1.497646e+01 4.813660e+01
      vertex   3.100251e+02 1.475394e+01 4.813660e+01
      vertex   3.100251e+02 1.478171e+01 4.905572e+01
    endloop
  endfacet
  facet normal -9.438363e-01 -3.302626e-01 9.979484e-03
    outer loop
      vertex   3.100251e+02 1.478171e+01 4.905572e+01
      vertex   3.100251e+02 1.475394e+01 4.813660e+01
      vertex   3.100990e+02 1.454257e+01 4.813660e+01
    endloop
  endfacet
  facet normal -9.438363e-01 -3.302626e-01 9.979484e-03
    outer loop
      vertex   3.100251e+02 1.478171e+01 4.905572e+01
      vertex   3.100990e+02 1.454257e+01 4.813660e+01
      vertex   3.100990e+02 1.457073e+01 4.906848e+01
    endloop
  endfacet
  facet normal -8.466148e-01 -5.319633e-01 1.607424e-02
    outer loop
      vertex   3.100990e+02 1.457073e+01 4.906848e+01
      vertex   3.100990e+02 1.454257e+01 4.813660e+01
      vertex   3.102182e+02 1.435297e+01 4.813660e+01
    endloop
  endfacet
  facet normal -8.466148e-01 -5.319633e-01 1.607424e-02
    outer loop
      vertex   3.100990e+02 1.457073e+01 4.906848e+01
      vertex   3.102182e+02 1.435297e+01 4.813660e+01
      vertex   3.102182e+02 1.438147e+01 4.907993e+01
    endloop
  endfacet
  facet normal -7.069454e-01 -7.069454e-01 2.136164e-02
    outer loop
      vertex   3.102182e+02 1.438147e+01 4.907993e+01
      vertex   3.102182e+02 1.435297e+01 4.813660e+01
      vertex   3.103765e+02 1.419462e+01 4.813660e+01
    endloop
  endfacet
  facet normal -7.069454e-01 -7.069454e-01 2.136164e-02
    outer loop
      vertex   3.102182e+02 1.438147e+01 4.907993e+01
      vertex   3.103765e+02 1.419462e+01 4.813660e+01
      vertex   3.103765e+02 1.422342e+01 4.908949e+01
    endloop
  endfacet
  facet normal -5.318580e-01 -8.464472e-01 2.557694e-02
    outer loop
      vertex   3.103765e+02 1.422342e+01 4.908949e+01
      vertex   3.103765e+02 1.419462e+01 4.813660e+01
      vertex   3.105661e+02 1.407549e+01 4.813660e+01
    endloop
  endfacet
  facet normal -5.318580e-01 -8.464472e-01 2.557694e-02
    outer loop
      vertex   3.103765e+02 1.422342e+01 4.908949e+01
      vertex   3.105661e+02 1.407549e+01 4.813660e+01
      vertex   3.105661e+02 1.410450e+01 4.909668e+01
    endloop
  endfacet
  facet normal -3.301448e-01 -9.434997e-01 2.850955e-02
    outer loop
      vertex   3.105661e+02 1.410450e+01 4.909668e+01
      vertex   3.105661e+02 1.407549e+01 4.813660e+01
      vertex   3.107775e+02 1.400153e+01 4.813660e+01
    endloop
  endfacet
  facet normal -3.301448e-01 -9.434997e-01 2.850955e-02
    outer loop
      vertex   3.105661e+02 1.410450e+01 4.909668e+01
      vertex   3.107775e+02 1.400153e+01 4.813660e+01
      vertex   3.107775e+02 1.403067e+01 4.910115e+01
    endloop
  endfacet
  facet normal -1.119140e-01 -9.932645e-01 3.001329e-02
    outer loop
      vertex   3.107775e+02 1.403067e+01 4.910115e+01
      vertex   3.107775e+02 1.400153e+01 4.813660e+01
      vertex   3.110000e+02 1.397646e+01 4.813660e+01
    endloop
  endfacet
  facet normal -1.119140e-01 -9.932645e-01 3.001329e-02
    outer loop
      vertex   3.107775e+02 1.403067e+01 4.910115e+01
      vertex   3.110000e+02 1.397646e+01 4.813660e+01
      vertex   3.110000e+02 1.400565e+01 4.910266e+01
    endloop
  endfacet
  facet normal -9.936472e-01 -1.120783e-01 -1.018475e-02
    outer loop
      vertex   3.100251e+02 1.478171e+01 4.721749e+01
      vertex   3.100000e+02 1.500606e+01 4.719475e+01
      vertex   3.100251e+02 1.486492e+01 4.630173e+01
    endloop
  endfacet
  facet normal -9.938240e-01 -1.104755e-01 -1.044301e-02
    outer loop
      vertex   3.100251e+02 1.486492e+01 4.630173e+01
      vertex   3.100000e+02 1.500606e+01 4.719475e+01
      vertex   3.100000e+02 1.509474e+01 4.625661e+01
    endloop
  endfacet
  facet normal -9.935921e-01 -1.117390e-01 -1.700636e-02
    outer loop
      vertex   3.100251e+02 1.486492e+01 4.630173e+01
      vertex   3.100000e+02 1.509474e+01 4.625661e+01
      vertex   3.100251e+02 1.500328e+01 4.539267e+01
    endloop
  endfacet
  facet normal -9.938745e-01 -1.091537e-01 -1.728824e-02
    outer loop
      vertex   3.100251e+02 1.500328e+01 4.539267e+01
      vertex   3.100000e+02 1.509474e+01 4.625661e+01
      vertex   3.100000e+02 1.524215e+01 4.532588e+01
    endloop
  endfacet
  facet normal -9.935413e-01 -1.109436e-01 -2.381540e-02
    outer loop
      vertex   3.100251e+02 1.500328e+01 4.539267e+01
      vertex   3.100000e+02 1.524215e+01 4.532588e+01
      vertex   3.100251e+02 1.519627e+01 4.449362e+01
    endloop
  endfacet
  facet normal -9.939197e-01 -1.074552e-01 -2.401908e-02
    outer loop
      vertex   3.100251e+02 1.519627e+01 4.449362e+01
      vertex   3.100000e+02 1.524215e+01 4.532588e+01
      vertex   3.100000e+02 1.544771e+01 4.440626e+01
    endloop
  endfacet
  facet normal -9.934951e-01 -1.096921e-01 -3.057895e-02
    outer loop
      vertex   3.100251e+02 1.519627e+01 4.449362e+01
      vertex   3.100000e+02 1.544771e+01 4.440626e+01
      vertex   3.100251e+02 1.544320e+01 4.360786e+01
    endloop
  endfacet
  facet normal -9.939598e-01 -1.053874e-01 -3.061787e-02
    outer loop
      vertex   3.100251e+02 1.544320e+01 4.360786e+01
      vertex   3.100000e+02 1.544771e+01 4.440626e+01
      vertex   3.100000e+02 1.571061e+01 4.350135e+01
    endloop
  endfacet
  facet normal -9.934537e-01 -1.079871e-01 -3.726403e-02
    outer loop
      vertex   3.100251e+02 1.544320e+01 4.360786e+01
      vertex   3.100000e+02 1.571061e+01 4.350135e+01
      vertex   3.100251e+02 1.574315e+01 4.273862e+01
    endloop
  endfacet
  facet normal -9.939948e-01 -1.029583e-01 -3.706726e-02
    outer loop
      vertex   3.100251e+02 1.574315e+01 4.273862e+01
      vertex   3.100000e+02 1.571061e+01 4.350135e+01
      vertex   3.100000e+02 1.602981e+01 4.261474e+01
    endloop
  endfacet
  facet normal -9.934171e-01 -1.058338e-01 -4.383782e-02
    outer loop
      vertex   3.100251e+02 1.574315e+01 4.273862e+01
      vertex   3.100000e+02 1.602981e+01 4.261474e+01
      vertex   3.100251e+02 1.609504e+01 4.188909e+01
    endloop
  endfacet
  facet normal -9.940249e-01 -1.001765e-01 -4.335024e-02
    outer loop
      vertex   3.100251e+02 1.609504e+01 4.188909e+01
      vertex   3.100000e+02 1.602981e+01 4.261474e+01
      vertex   3.100000e+02 1.640405e+01 4.174992e+01
    endloop
  endfacet
  facet normal -9.933854e-01 -1.032402e-01 -5.026784e-02
    outer loop
      vertex   3.100251e+02 1.609504e+01 4.188909e+01
      vertex   3.100000e+02 1.640405e+01 4.174992e+01
      vertex   3.100251e+02 1.649758e+01 4.106235e+01
    endloop
  endfacet
  facet normal -9.940501e-01 -9.705149e-02 -4.945020e-02
    outer loop
      vertex   3.100251e+02 1.649758e+01 4.106235e+01
      vertex   3.100000e+02 1.640405e+01 4.174992e+01
      vertex   3.100000e+02 1.683186e+01 4.091030e+01
    endloop
  endfacet
  facet normal -9.933589e-01 -1.002164e-01 -5.652224e-02
    outer loop
      vertex   3.100251e+02 1.649758e+01 4.106235e+01
      vertex   3.100000e+02 1.683186e+01 4.091030e+01
      vertex   3.100251e+02 1.694931e+01 4.026142e+01
    endloop
  endfacet
  facet normal -9.940707e-01 -9.359328e-02 -5.535091e-02
    outer loop
      vertex   3.100251e+02 1.694931e+01 4.026142e+01
      vertex   3.100000e+02 1.683186e+01 4.091030e+01
      vertex   3.100000e+02 1.731154e+01 4.009920e+01
    endloop
  endfacet
  facet normal -9.933376e-01 -9.677543e-02 -6.256998e-02
    outer loop
      vertex   3.100251e+02 1.694931e+01 4.026142e+01
      vertex   3.100000e+02 1.731154e+01 4.009920e+01
      vertex   3.100251e+02 1.744857e+01 3.948923e+01
    endloop
  endfacet
  facet normal -9.940866e-01 -8.981261e-02 -6.103659e-02
    outer loop
      vertex   3.100251e+02 1.744857e+01 3.948923e+01
      vertex   3.100000e+02 1.731154e+01 4.009920e+01
      vertex   3.100000e+02 1.784120e+01 3.931983e+01
    endloop
  endfacet
  facet normal -9.933215e-01 -9.293250e-02 -6.838103e-02
    outer loop
      vertex   3.100251e+02 1.744857e+01 3.948923e+01
      vertex   3.100000e+02 1.784120e+01 3.931983e+01
      vertex   3.100251e+02 1.799354e+01 3.874859e+01
    endloop
  endfacet
  facet normal -9.940980e-01 -8.572084e-02 -6.649190e-02
    outer loop
      vertex   3.100251e+02 1.799354e+01 3.874859e+01
      vertex   3.100000e+02 1.784120e+01 3.931983e+01
      vertex   3.100000e+02 1.841876e+01 3.857524e+01
    endloop
  endfacet
  facet normal -9.933107e-01 -8.870524e-02 -7.392660e-02
    outer loop
      vertex   3.100251e+02 1.799354e+01 3.874859e+01
      vertex   3.100000e+02 1.841876e+01 3.857524e+01
      vertex   3.100251e+02 1.858224e+01 3.804221e+01
    endloop
  endfacet
  facet normal -9.941048e-01 -8.132998e-02 -7.170202e-02
    outer loop
      vertex   3.100251e+02 1.858224e+01 3.804221e+01
      vertex   3.100000e+02 1.841876e+01 3.857524e+01
      vertex   3.100000e+02 1.904193e+01 3.786840e+01
    endloop
  endfacet
  facet normal -9.933054e-01 -8.411354e-02 -7.917935e-02
    outer loop
      vertex   3.100251e+02 1.858224e+01 3.804221e+01
      vertex   3.100000e+02 1.904193e+01 3.786840e+01
      vertex   3.100251e+02 1.921251e+01 3.737266e+01
    endloop
  endfacet
  facet normal -9.941070e-01 -7.665264e-02 -7.665264e-02
    outer loop
      vertex   3.100251e+02 1.921251e+01 3.737266e+01
      vertex   3.100000e+02 1.904193e+01 3.786840e+01
      vertex   3.100000e+02 1.970825e+01 3.720208e+01
    endloop
  endfacet
  facet normal -9.933054e-01 -7.917935e-02 -8.411354e-02
    outer loop
      vertex   3.100251e+02 1.921251e+01 3.737266e+01
      vertex   3.100000e+02 1.970825e+01 3.720208e+01
      vertex   3.100251e+02 1.988206e+01 3.674238e+01
    endloop
  endfacet
  facet normal -9.941048e-01 -7.170202e-02 -8.132998e-02
    outer loop
      vertex   3.100251e+02 1.988206e+01 3.674238e+01
      vertex   3.100000e+02 1.970825e+01 3.720208e+01
      vertex   3.100000e+02 2.041510e+01 3.657891e+01
    endloop
  endfacet
  facet normal -9.933107e-01 -7.392660e-02 -8.870524e-02
    outer loop
      vertex   3.100251e+02 1.988206e+01 3.674238e+01
      vertex   3.100000e+02 2.041510e+01 3.657891e+01
      vertex   3.100251e+02 2.058844e+01 3.615369e+01
    endloop
  endfacet
  facet normal -9.940980e-01 -6.649190e-02 -8.572084e-02
    outer loop
      vertex   3.100251e+02 2.058844e+01 3.615369e+01
      vertex   3.100000e+02 2.041510e+01 3.657891e+01
      vertex   3.100000e+02 2.115968e+01 3.600135e+01
    endloop
  endfacet
  facet normal -9.933215e-01 -6.838103e-02 -9.293250e-02
    outer loop
      vertex   3.100251e+02 2.058844e+01 3.615369e+01
      vertex   3.100000e+02 2.115968e+01 3.600135e+01
      vertex   3.100251e+02 2.132908e+01 3.560872e+01
    endloop
  endfacet
  facet normal -9.940866e-01 -6.103659e-02 -8.981261e-02
    outer loop
      vertex   3.100251e+02 2.132908e+01 3.560872e+01
      vertex   3.100000e+02 2.115968e+01 3.600135e+01
      vertex   3.100000e+02 2.193905e+01 3.547169e+01
    endloop
  endfacet
  facet normal -9.933376e-01 -6.256998e-02 -9.677543e-02
    outer loop
      vertex   3.100251e+02 2.132908e+01 3.560872e+01
      vertex   3.100000e+02 2.193905e+01 3.547169e+01
      vertex   3.100251e+02 2.210127e+01 3.510946e+01
    endloop
  endfacet
  facet normal -9.940707e-01 -5.535091e-02 -9.359328e-02
    outer loop
      vertex   3.100251e+02 2.210127e+01 3.510946e+01
      vertex   3.100000e+02 2.193905e+01 3.547169e+01
      vertex   3.100000e+02 2.275015e+01 3.499200e+01
    endloop
  endfacet
  facet normal -9.933589e-01 -5.652224e-02 -1.002164e-01
    outer loop
      vertex   3.100251e+02 2.210127e+01 3.510946e+01
      vertex   3.100000e+02 2.275015e+01 3.499200e+01
      vertex   3.100251e+02 2.290220e+01 3.465773e+01
    endloop
  endfacet
  facet normal -9.940501e-01 -4.945020e-02 -9.705149e-02
    outer loop
      vertex   3.100251e+02 2.290220e+01 3.465773e+01
      vertex   3.100000e+02 2.275015e+01 3.499200e+01
      vertex   3.100000e+02 2.358977e+01 3.456420e+01
    endloop
  endfacet
  facet normal -9.933854e-01 -5.026784e-02 -1.032402e-01
    outer loop
      vertex   3.100251e+02 2.290220e+01 3.465773e+01
      vertex   3.100000e+02 2.358977e+01 3.456420e+01
      vertex   3.100251e+02 2.372894e+01 3.425519e+01
    endloop
  endfacet
  facet normal -9.940249e-01 -4.335024e-02 -1.001765e-01
    outer loop
      vertex   3.100251e+02 2.372894e+01 3.425519e+01
      vertex   3.100000e+02 2.358977e+01 3.456420e+01
      vertex   3.100000e+02 2.445459e+01 3.418996e+01
    endloop
  endfacet
  facet normal -9.934171e-01 -4.383782e-02 -1.058338e-01
    outer loop
      vertex   3.100251e+02 2.372894e+01 3.425519e+01
      vertex   3.100000e+02 2.445459e+01 3.418996e+01
      vertex   3.100251e+02 2.457848e+01 3.390330e+01
    endloop
  endfacet
  facet normal -9.939948e-01 -3.706726e-02 -1.029583e-01
    outer loop
      vertex   3.100251e+02 2.457848e+01 3.390330e+01
      vertex   3.100000e+02 2.445459e+01 3.418996e+01
      vertex   3.100000e+02 2.534120e+01 3.387076e+01
    endloop
  endfacet
  facet normal -9.934537e-01 -3.726403e-02 -1.079871e-01
    outer loop
      vertex   3.100251e+02 2.457848e+01 3.390330e+01
      vertex   3.100000e+02 2.534120e+01 3.387076e+01
      vertex   3.100251e+02 2.544771e+01 3.360335e+01
    endloop
  endfacet
  facet normal -9.939598e-01 -3.061787e-02 -1.053874e-01
    outer loop
      vertex   3.100251e+02 2.544771e+01 3.360335e+01
      vertex   3.100000e+02 2.534120e+01 3.387076e+01
      vertex   3.100000e+02 2.624611e+01 3.360786e+01
    endloop
  endfacet
  facet normal -9.934951e-01 -3.057895e-02 -1.096921e-01
    outer loop
      vertex   3.100251e+02 2.544771e+01 3.360335e+01
      vertex   3.100000e+02 2.624611e+01 3.360786e+01
      vertex   3.100251e+02 2.633347e+01 3.335642e+01
    endloop
  endfacet
  facet normal -9.939197e-01 -2.401908e-02 -1.074552e-01
    outer loop
      vertex   3.100251e+02 2.633347e+01 3.335642e+01
      vertex   3.100000e+02 2.624611e+01 3.360786e+01
      vertex   3.100000e+02 2.716574e+01 3.340230e+01
    endloop
  endfacet
  facet normal -9.935413e-01 -2.381540e-02 -1.109436e-01
    outer loop
      vertex   3.100251e+02 2.633347e+01 3.335642e+01
      vertex   3.100000e+02 2.716574e+01 3.340230e+01
      vertex   3.100251e+02 2.723252e+01 3.316343e+01
    endloop
  endfacet
  facet normal -9.938745e-01 -1.728824e-02 -1.091537e-01
    outer loop
      vertex   3.100251e+02 2.723252e+01 3.316343e+01
      vertex   3.100000e+02 2.716574e+01 3.340230e+01
      vertex   3.100000e+02 2.809646e+01 3.325488e+01
    endloop
  endfacet
  facet normal -9.935921e-01 -1.700636e-02 -1.117390e-01
    outer loop
      vertex   3.100251e+02 2.723252e+01 3.316343e+01
      vertex   3.100000e+02 2.809646e+01 3.325488e+01
      vertex   3.100251e+02 2.814158e+01 3.302507e+01
    endloop
  endfacet
  facet normal -9.938240e-01 -1.044301e-02 -1.104755e-01
    outer loop
      vertex   3.100251e+02 2.814158e+01 3.302507e+01
      vertex   3.100000e+02 2.809646e+01 3.325488e+01
      vertex   3.100000e+02 2.903460e+01 3.316620e+01
    endloop
  endfacet
  facet normal -9.936472e-01 -1.018475e-02 -1.120783e-01
    outer loop
      vertex   3.100251e+02 2.814158e+01 3.302507e+01
      vertex   3.100000e+02 2.903460e+01 3.316620e+01
      vertex   3.100251e+02 2.905734e+01 3.294186e+01
    endloop
  endfacet
  facet normal -9.937679e-01 -3.501331e-03 -1.114142e-01
    outer loop
      vertex   3.100251e+02 2.905734e+01 3.294186e+01
      vertex   3.100000e+02 2.903460e+01 3.316620e+01
      vertex   3.100000e+02 2.997646e+01 3.313660e+01
    endloop
  endfacet
  facet normal -9.937065e-01 -3.383190e-03 -1.119638e-01
    outer loop
      vertex   3.100251e+02 2.905734e+01 3.294186e+01
      vertex   3.100000e+02 2.997646e+01 3.313660e+01
      vertex   3.100251e+02 2.997646e+01 3.291408e+01
    endloop
  endfacet
  facet normal -9.937065e-01 3.383190e-03 -1.119638e-01
    outer loop
      vertex   3.100251e+02 2.997646e+01 3.291408e+01
      vertex   3.100000e+02 2.997646e+01 3.313660e+01
      vertex   3.100251e+02 3.089557e+01 3.294186e+01
    endloop
  endfacet
  facet normal -9.438363e-01 9.979484e-03 -3.302626e-01
    outer loop
      vertex   3.100251e+02 2.997646e+01 3.291408e+01
      vertex   3.100251e+02 3.089557e+01 3.294186e+01
      vertex   3.100990e+02 3.090833e+01 3.273088e+01
    endloop
  endfacet
  facet normal -9.438363e-01 2.990204e-02 -3.290575e-01
    outer loop
      vertex   3.100990e+02 3.090833e+01 3.273088e+01
      vertex   3.100251e+02 3.089557e+01 3.294186e+01
      vertex   3.100990e+02 3.183681e+01 3.281525e+01
    endloop
  endfacet
  facet normal -8.466148e-01 4.816406e-02 -5.300223e-01
    outer loop
      vertex   3.100990e+02 3.090833e+01 3.273088e+01
      vertex   3.100990e+02 3.183681e+01 3.281525e+01
      vertex   3.102182e+02 3.185966e+01 3.262703e+01
    endloop
  endfacet
  facet normal -8.466148e-01 8.007813e-02 -5.261472e-01
    outer loop
      vertex   3.102182e+02 3.185966e+01 3.262703e+01
      vertex   3.100990e+02 3.183681e+01 3.281525e+01
      vertex   3.102182e+02 3.279267e+01 3.276903e+01
    endloop
  endfacet
  facet normal -7.069454e-01 1.064187e-01 -6.992161e-01
    outer loop
      vertex   3.102182e+02 3.185966e+01 3.262703e+01
      vertex   3.102182e+02 3.279267e+01 3.276903e+01
      vertex   3.103765e+02 3.282121e+01 3.261328e+01
    endloop
  endfacet
  facet normal -7.069454e-01 1.484422e-01 -6.915151e-01
    outer loop
      vertex   3.103765e+02 3.282121e+01 3.261328e+01
      vertex   3.102182e+02 3.279267e+01 3.276903e+01
      vertex   3.103765e+02 3.375330e+01 3.281336e+01
    endloop
  endfacet
  facet normal -5.318580e-01 1.777344e-01 -8.279719e-01
    outer loop
      vertex   3.103765e+02 3.282121e+01 3.261328e+01
      vertex   3.103765e+02 3.375330e+01 3.281336e+01
      vertex   3.105661e+02 3.378181e+01 3.269769e+01
    endloop
  endfacet
  facet normal -5.318580e-01 2.274018e-01 -8.157300e-01
    outer loop
      vertex   3.105661e+02 3.378181e+01 3.269769e+01
      vertex   3.103765e+02 3.375330e+01 3.281336e+01
      vertex   3.105661e+02 3.470704e+01 3.295562e+01
    endloop
  endfacet
  facet normal -3.301448e-01 2.534754e-01 -9.092605e-01
    outer loop
      vertex   3.105661e+02 3.378181e+01 3.269769e+01
      vertex   3.105661e+02 3.470704e+01 3.295562e+01
      vertex   3.107775e+02 3.472905e+01 3.288501e+01
    endloop
  endfacet
  facet normal -3.301448e-01 3.079127e-01 -8.922971e-01
    outer loop
      vertex   3.107775e+02 3.472905e+01 3.288501e+01
      vertex   3.105661e+02 3.470704e+01 3.295562e+01
      vertex   3.107775e+02 3.564124e+01 3.319979e+01
    endloop
  endfacet
  facet normal -1.119140e-01 3.241535e-01 -9.393613e-01
    outer loop
      vertex   3.107775e+02 3.472905e+01 3.288501e+01
      vertex   3.107775e+02 3.564124e+01 3.319979e+01
      vertex   3.110000e+02 3.565013e+01 3.317634e+01
    endloop
  endfacet
  facet normal -1.119140e-01 3.802794e-01 -9.180756e-01
    outer loop
      vertex   3.110000e+02 3.565013e+01 3.317634e+01
      vertex   3.107775e+02 3.564124e+01 3.319979e+01
      vertex   3.110000e+02 3.654306e+01 3.354621e+01
    endloop
  endfacet
  facet normal -1.119140e-01 3.802794e-01 -9.180756e-01
    outer loop
      vertex   3.110000e+02 3.654306e+01 3.354621e+01
      vertex   3.107775e+02 3.564124e+01 3.319979e+01
      vertex   3.107775e+02 3.653277e+01 3.356907e+01
    endloop
  endfacet
  facet normal -1.119140e-01 4.350176e-01 -8.934399e-01
    outer loop
      vertex   3.110000e+02 3.654306e+01 3.354621e+01
      vertex   3.107775e+02 3.653277e+01 3.356907e+01
      vertex   3.110000e+02 3.741203e+01 3.396931e+01
    endloop
  endfacet
  facet normal -1.119140e-01 4.350176e-01 -8.934399e-01
    outer loop
      vertex   3.110000e+02 3.741203e+01 3.396931e+01
      vertex   3.107775e+02 3.653277e+01 3.356907e+01
      vertex   3.107775e+02 3.740038e+01 3.399151e+01
    endloop
  endfacet
  facet normal -1.119140e-01 4.881685e-01 -8.655442e-01
    outer loop
      vertex   3.110000e+02 3.741203e+01 3.396931e+01
      vertex   3.107775e+02 3.740038e+01 3.399151e+01
      vertex   3.110000e+02 3.825386e+01 3.444410e+01
    endloop
  endfacet
  facet normal -1.119140e-01 4.881685e-01 -8.655442e-01
    outer loop
      vertex   3.110000e+02 3.825386e+01 3.444410e+01
      vertex   3.107775e+02 3.740038e+01 3.399151e+01
      vertex   3.107775e+02 3.824089e+01 3.446556e+01
    endloop
  endfacet
  facet normal -1.119140e-01 5.395381e-01 -8.344902e-01
    outer loop
      vertex   3.110000e+02 3.825386e+01 3.444410e+01
      vertex   3.107775e+02 3.824089e+01 3.446556e+01
      vertex   3.110000e+02 3.906549e+01 3.496886e+01
    endloop
  endfacet
  facet normal -1.119140e-01 5.395381e-01 -8.344902e-01
    outer loop
      vertex   3.110000e+02 3.906549e+01 3.496886e+01
      vertex   3.107775e+02 3.824089e+01 3.446556e+01
      vertex   3.107775e+02 3.905125e+01 3.498950e+01
    endloop
  endfacet
  facet normal -1.119140e-01 5.889390e-01 -8.003912e-01
    outer loop
      vertex   3.110000e+02 3.906549e+01 3.496886e+01
      vertex   3.107775e+02 3.905125e+01 3.498950e+01
      vertex   3.110000e+02 3.984396e+01 3.554167e+01
    endloop
  endfacet
  facet normal -1.119140e-01 5.889390e-01 -8.003912e-01
    outer loop
      vertex   3.110000e+02 3.984396e+01 3.554167e+01
      vertex   3.107775e+02 3.905125e+01 3.498950e+01
      vertex   3.107775e+02 3.982850e+01 3.556141e+01
    endloop
  endfacet
  facet normal -1.119140e-01 6.361910e-01 -7.633717e-01
    outer loop
      vertex   3.110000e+02 3.984396e+01 3.554167e+01
      vertex   3.107775e+02 3.982850e+01 3.556141e+01
      vertex   3.110000e+02 4.058642e+01 3.616043e+01
    endloop
  endfacet
  facet normal -1.119140e-01 6.361910e-01 -7.633717e-01
    outer loop
      vertex   3.110000e+02 4.058642e+01 3.616043e+01
      vertex   3.107775e+02 3.982850e+01 3.556141e+01
      vertex   3.107775e+02 4.056979e+01 3.617920e+01
    endloop
  endfacet
  facet normal -1.119140e-01 6.811215e-01 -7.235667e-01
    outer loop
      vertex   3.110000e+02 4.058642e+01 3.616043e+01
      vertex   3.107775e+02 4.056979e+01 3.617920e+01
      vertex   3.110000e+02 4.129016e+01 3.682290e+01
    endloop
  endfacet
  facet normal -1.119140e-01 6.811215e-01 -7.235667e-01
    outer loop
      vertex   3.110000e+02 4.129016e+01 3.682290e+01
      vertex   3.107775e+02 4.056979e+01 3.617920e+01
      vertex   3.107775e+02 4.127244e+01 3.684062e+01
    endloop
  endfacet
  facet normal -1.119140e-01 7.235667e-01 -6.811215e-01
    outer loop
      vertex   3.110000e+02 4.129016e+01 3.682290e+01
      vertex   3.107775e+02 4.127244e+01 3.684062e+01
      vertex   3.110000e+02 4.195263e+01 3.752664e+01
    endloop
  endfacet
  facet normal -1.119140e-01 7.235667e-01 -6.811215e-01
    outer loop
      vertex   3.110000e+02 4.195263e+01 3.752664e+01
      vertex   3.107775e+02 4.127244e+01 3.684062e+01
      vertex   3.107775e+02 4.193386e+01 3.754327e+01
    endloop
  endfacet
  facet normal -1.119140e-01 7.633717e-01 -6.361910e-01
    outer loop
      vertex   3.110000e+02 4.195263e+01 3.752664e+01
      vertex   3.107775e+02 4.193386e+01 3.754327e+01
      vertex   3.110000e+02 4.257139e+01 3.826910e+01
    endloop
  endfacet
  facet normal -1.119140e-01 7.633717e-01 -6.361910e-01
    outer loop
      vertex   3.110000e+02 4.257139e+01 3.826910e+01
      vertex   3.107775e+02 4.193386e+01 3.754327e+01
      vertex   3.107775e+02 4.255166e+01 3.828457e+01
    endloop
  endfacet
  facet normal -1.119140e-01 8.003912e-01 -5.889390e-01
    outer loop
      vertex   3.110000e+02 4.257139e+01 3.826910e+01
      vertex   3.107775e+02 4.255166e+01 3.828457e+01
      vertex   3.110000e+02 4.314420e+01 3.904757e+01
    endloop
  endfacet
  facet normal -1.119140e-01 8.003912e-01 -5.889390e-01
    outer loop
      vertex   3.110000e+02 4.314420e+01 3.904757e+01
      vertex   3.107775e+02 4.255166e+01 3.828457e+01
      vertex   3.107775e+02 4.312356e+01 3.906181e+01
    endloop
  endfacet
  facet normal -1.119140e-01 8.344902e-01 -5.395381e-01
    outer loop
      vertex   3.110000e+02 4.314420e+01 3.904757e+01
      vertex   3.107775e+02 4.312356e+01 3.906181e+01
      vertex   3.110000e+02 4.366896e+01 3.985920e+01
    endloop
  endfacet
  facet normal -1.119140e-01 8.344902e-01 -5.395381e-01
    outer loop
      vertex   3.110000e+02 4.366896e+01 3.985920e+01
      vertex   3.107775e+02 4.312356e+01 3.906181e+01
      vertex   3.107775e+02 4.364750e+01 3.987217e+01
    endloop
  endfacet
  facet normal -1.119140e-01 8.655442e-01 -4.881685e-01
    outer loop
      vertex   3.110000e+02 4.366896e+01 3.985920e+01
      vertex   3.107775e+02 4.364750e+01 3.987217e+01
      vertex   3.110000e+02 4.414375e+01 4.070103e+01
    endloop
  endfacet
  facet normal -1.119140e-01 8.655442e-01 -4.881685e-01
    outer loop
      vertex   3.110000e+02 4.414375e+01 4.070103e+01
      vertex   3.107775e+02 4.364750e+01 3.987217e+01
      vertex   3.107775e+02 4.412155e+01 4.071269e+01
    endloop
  endfacet
  facet normal -1.119140e-01 8.934399e-01 -4.350176e-01
    outer loop
      vertex   3.110000e+02 4.414375e+01 4.070103e+01
      vertex   3.107775e+02 4.412155e+01 4.071269e+01
      vertex   3.110000e+02 4.456685e+01 4.157000e+01
    endloop
  endfacet
  facet normal -1.119140e-01 8.934399e-01 -4.350176e-01
    outer loop
      vertex   3.110000e+02 4.456685e+01 4.157000e+01
      vertex   3.107775e+02 4.412155e+01 4.071269e+01
      vertex   3.107775e+02 4.454399e+01 4.158029e+01
    endloop
  endfacet
  facet normal -1.119140e-01 9.180756e-01 -3.802794e-01
    outer loop
      vertex   3.110000e+02 4.456685e+01 4.157000e+01
      vertex   3.107775e+02 4.454399e+01 4.158029e+01
      vertex   3.110000e+02 4.493672e+01 4.246293e+01
    endloop
  endfacet
  facet normal -1.119140e-01 9.180756e-01 -3.802794e-01
    outer loop
      vertex   3.110000e+02 4.493672e+01 4.246293e+01
      vertex   3.107775e+02 4.454399e+01 4.158029e+01
      vertex   3.107775e+02 4.491327e+01 4.247182e+01
    endloop
  endfacet
  facet normal -1.119140e-01 9.393613e-01 -3.241535e-01
    outer loop
      vertex   3.110000e+02 4.493672e+01 4.246293e+01
      vertex   3.107775e+02 4.491327e+01 4.247182e+01
      vertex   3.110000e+02 4.525199e+01 4.337656e+01
    endloop
  endfacet
  facet normal -1.119140e-01 9.393613e-01 -3.241535e-01
    outer loop
      vertex   3.110000e+02 4.525199e+01 4.337656e+01
      vertex   3.107775e+02 4.491327e+01 4.247182e+01
      vertex   3.107775e+02 4.522805e+01 4.338401e+01
    endloop
  endfacet
  facet normal -1.119140e-01 9.572194e-01 -2.668449e-01
    outer loop
      vertex   3.110000e+02 4.525199e+01 4.337656e+01
      vertex   3.107775e+02 4.522805e+01 4.338401e+01
      vertex   3.110000e+02 4.551153e+01 4.430755e+01
    endloop
  endfacet
  facet normal -1.119140e-01 9.572194e-01 -2.668449e-01
    outer loop
      vertex   3.110000e+02 4.551153e+01 4.430755e+01
      vertex   3.107775e+02 4.522805e+01 4.338401e+01
      vertex   3.107775e+02 4.548718e+01 4.431355e+01
    endloop
  endfacet
  facet normal -1.119140e-01 9.715847e-01 -2.085626e-01
    outer loop
      vertex   3.110000e+02 4.551153e+01 4.430755e+01
      vertex   3.107775e+02 4.548718e+01 4.431355e+01
      vertex   3.110000e+02 4.571437e+01 4.525252e+01
    endloop
  endfacet
  facet normal -1.119140e-01 9.715847e-01 -2.085626e-01
    outer loop
      vertex   3.110000e+02 4.571437e+01 4.525252e+01
      vertex   3.107775e+02 4.548718e+01 4.431355e+01
      vertex   3.107775e+02 4.568971e+01 4.525704e+01
    endloop
  endfacet
  facet normal -1.119140e-01 9.824048e-01 -1.495193e-01
    outer loop
      vertex   3.110000e+02 4.571437e+01 4.525252e+01
      vertex   3.107775e+02 4.568971e+01 4.525704e+01
      vertex   3.110000e+02 4.585980e+01 4.620802e+01
    endloop
  endfacet
  facet normal -1.119140e-01 9.824048e-01 -1.495193e-01
    outer loop
      vertex   3.110000e+02 4.585980e+01 4.620802e+01
      vertex   3.107775e+02 4.568971e+01 4.525704e+01
      vertex   3.107775e+02 4.583491e+01 4.621104e+01
    endloop
  endfacet
  facet normal -1.119140e-01 9.896402e-01 -8.993035e-02
    outer loop
      vertex   3.110000e+02 4.585980e+01 4.620802e+01
      vertex   3.107775e+02 4.583491e+01 4.621104e+01
      vertex   3.110000e+02 4.594727e+01 4.717055e+01
    endloop
  endfacet
  facet normal -1.119140e-01 9.896402e-01 -8.993035e-02
    outer loop
      vertex   3.110000e+02 4.594727e+01 4.717055e+01
      vertex   3.107775e+02 4.583491e+01 4.621104e+01
      vertex   3.107775e+02 4.592224e+01 4.717206e+01
    endloop
  endfacet
  facet normal -1.119140e-01 9.932645e-01 -3.001329e-02
    outer loop
      vertex   3.110000e+02 4.594727e+01 4.717055e+01
      vertex   3.107775e+02 4.592224e+01 4.717206e+01
      vertex   3.110000e+02 4.597646e+01 4.813660e+01
    endloop
  endfacet
  facet normal -1.119140e-01 9.932645e-01 -3.001329e-02
    outer loop
      vertex   3.110000e+02 4.597646e+01 4.813660e+01
      vertex   3.107775e+02 4.592224e+01 4.717206e+01
      vertex   3.107775e+02 4.595138e+01 4.813660e+01
    endloop
  endfacet
  facet normal -1.119140e-01 9.932645e-01 3.001329e-02
    outer loop
      vertex   3.110000e+02 4.597646e+01 4.813660e+01
      vertex   3.107775e+02 4.595138e+01 4.813660e+01
      vertex   3.110000e+02 4.594727e+01 4.910266e+01
    endloop
  endfacet
  facet normal -1.119140e-01 9.932645e-01 3.001329e-02
    outer loop
      vertex   3.110000e+02 4.594727e+01 4.910266e+01
      vertex   3.107775e+02 4.595138e+01 4.813660e+01
      vertex   3.107775e+02 4.592224e+01 4.910115e+01
    endloop
  endfacet
  facet normal -1.119140e-01 9.896402e-01 8.993035e-02
    outer loop
      vertex   3.110000e+02 4.594727e+01 4.910266e+01
      vertex   3.107775e+02 4.592224e+01 4.910115e+01
      vertex   3.110000e+02 4.585980e+01 5.006519e+01
    endloop
  endfacet
  facet normal -1.119140e-01 9.896402e-01 8.993035e-02
    outer loop
      vertex   3.110000e+02 4.585980e+01 5.006519e+01
      vertex   3.107775e+02 4.592224e+01 4.910115e+01
      vertex   3.107775e+02 4.583491e+01 5.006217e+01
    endloop
  endfacet
  facet normal -1.119140e-01 9.824048e-01 1.495193e-01
    outer loop
      vertex   3.110000e+02 4.585980e+01 5.006519e+01
      vertex   3.107775e+02 4.583491e+01 5.006217e+01
      vertex   3.110000e+02 4.571437e+01 5.102069e+01
    endloop
  endfacet
  facet normal -1.119140e-01 9.824048e-01 1.495193e-01
    outer loop
      vertex   3.110000e+02 4.571437e+01 5.102069e+01
      vertex   3.107775e+02 4.583491e+01 5.006217e+01
      vertex   3.107775e+02 4.568971e+01 5.101617e+01
    endloop
  endfacet
  facet normal -1.119140e-01 9.715847e-01 2.085626e-01
    outer loop
      vertex   3.110000e+02 4.571437e+01 5.102069e+01
      vertex   3.107775e+02 4.568971e+01 5.101617e+01
      vertex   3.110000e+02 4.551153e+01 5.196566e+01
    endloop
  endfacet
  facet normal -1.119140e-01 9.715847e-01 2.085626e-01
    outer loop
      vertex   3.110000e+02 4.551153e+01 5.196566e+01
      vertex   3.107775e+02 4.568971e+01 5.101617e+01
      vertex   3.107775e+02 4.548718e+01 5.195966e+01
    endloop
  endfacet
  facet normal -1.119140e-01 9.572194e-01 2.668449e-01
    outer loop
      vertex   3.110000e+02 4.551153e+01 5.196566e+01
      vertex   3.107775e+02 4.548718e+01 5.195966e+01
      vertex   3.110000e+02 4.525199e+01 5.289665e+01
    endloop
  endfacet
  facet normal -1.119140e-01 9.572194e-01 2.668449e-01
    outer loop
      vertex   3.110000e+02 4.525199e+01 5.289665e+01
      vertex   3.107775e+02 4.548718e+01 5.195966e+01
      vertex   3.107775e+02 4.522805e+01 5.288919e+01
    endloop
  endfacet
  facet normal -1.119140e-01 9.393613e-01 3.241535e-01
    outer loop
      vertex   3.110000e+02 4.525199e+01 5.289665e+01
      vertex   3.107775e+02 4.522805e+01 5.288919e+01
      vertex   3.110000e+02 4.493672e+01 5.381028e+01
    endloop
  endfacet
  facet normal -1.119140e-01 9.393613e-01 3.241535e-01
    outer loop
      vertex   3.110000e+02 4.493672e+01 5.381028e+01
      vertex   3.107775e+02 4.522805e+01 5.288919e+01
      vertex   3.107775e+02 4.491327e+01 5.380139e+01
    endloop
  endfacet
  facet normal -1.119140e-01 9.180756e-01 3.802794e-01
    outer loop
      vertex   3.110000e+02 4.493672e+01 5.381028e+01
      vertex   3.107775e+02 4.491327e+01 5.380139e+01
      vertex   3.110000e+02 4.456685e+01 5.470321e+01
    endloop
  endfacet
  facet normal -1.119140e-01 9.180756e-01 3.802794e-01
    outer loop
      vertex   3.110000e+02 4.456685e+01 5.470321e+01
      vertex   3.107775e+02 4.491327e+01 5.380139e+01
      vertex   3.107775e+02 4.454399e+01 5.469292e+01
    endloop
  endfacet
  facet normal -1.119140e-01 8.934399e-01 4.350176e-01
    outer loop
      vertex   3.110000e+02 4.456685e+01 5.470321e+01
      vertex   3.107775e+02 4.454399e+01 5.469292e+01
      vertex   3.110000e+02 4.414375e+01 5.557218e+01
    endloop
  endfacet
  facet normal -1.119140e-01 8.934399e-01 4.350176e-01
    outer loop
      vertex   3.110000e+02 4.414375e+01 5.557218e+01
      vertex   3.107775e+02 4.454399e+01 5.469292e+01
      vertex   3.107775e+02 4.412155e+01 5.556052e+01
    endloop
  endfacet
  facet normal -1.119140e-01 8.655442e-01 4.881685e-01
    outer loop
      vertex   3.110000e+02 4.414375e+01 5.557218e+01
      vertex   3.107775e+02 4.412155e+01 5.556052e+01
      vertex   3.110000e+02 4.366896e+01 5.641401e+01
    endloop
  endfacet
  facet normal -1.119140e-01 8.655442e-01 4.881685e-01
    outer loop
      vertex   3.110000e+02 4.366896e+01 5.641401e+01
      vertex   3.107775e+02 4.412155e+01 5.556052e+01
      vertex   3.107775e+02 4.364750e+01 5.640104e+01
    endloop
  endfacet
  facet normal -1.119140e-01 8.344902e-01 5.395381e-01
    outer loop
      vertex   3.110000e+02 4.366896e+01 5.641401e+01
      vertex   3.107775e+02 4.364750e+01 5.640104e+01
      vertex   3.110000e+02 4.314420e+01 5.722564e+01
    endloop
  endfacet
  facet normal -1.119140e-01 8.344902e-01 5.395381e-01
    outer loop
      vertex   3.110000e+02 4.314420e+01 5.722564e+01
      vertex   3.107775e+02 4.364750e+01 5.640104e+01
      vertex   3.107775e+02 4.312356e+01 5.721140e+01
    endloop
  endfacet
  facet normal -1.119140e-01 8.003912e-01 5.889390e-01
    outer loop
      vertex   3.110000e+02 4.314420e+01 5.722564e+01
      vertex   3.107775e+02 4.312356e+01 5.721140e+01
      vertex   3.110000e+02 4.257139e+01 5.800411e+01
    endloop
  endfacet
  facet normal -1.119140e-01 8.003912e-01 5.889390e-01
    outer loop
      vertex   3.110000e+02 4.257139e+01 5.800411e+01
      vertex   3.107775e+02 4.312356e+01 5.721140e+01
      vertex   3.107775e+02 4.255166e+01 5.798864e+01
    endloop
  endfacet
  facet normal -1.119140e-01 7.633717e-01 6.361910e-01
    outer loop
      vertex   3.110000e+02 4.257139e+01 5.800411e+01
      vertex   3.107775e+02 4.255166e+01 5.798864e+01
      vertex   3.110000e+02 4.195263e+01 5.874657e+01
    endloop
  endfacet
  facet normal -1.119140e-01 7.633717e-01 6.361910e-01
    outer loop
      vertex   3.110000e+02 4.195263e+01 5.874657e+01
      vertex   3.107775e+02 4.255166e+01 5.798864e+01
      vertex   3.107775e+02 4.193386e+01 5.872994e+01
    endloop
  endfacet
  facet normal -1.119140e-01 7.235667e-01 6.811215e-01
    outer loop
      vertex   3.110000e+02 4.195263e+01 5.874657e+01
      vertex   3.107775e+02 4.193386e+01 5.872994e+01
      vertex   3.110000e+02 4.129016e+01 5.945031e+01
    endloop
  endfacet
  facet normal -1.119140e-01 7.235667e-01 6.811215e-01
    outer loop
      vertex   3.110000e+02 4.129016e+01 5.945031e+01
      vertex   3.107775e+02 4.193386e+01 5.872994e+01
      vertex   3.107775e+02 4.127244e+01 5.943258e+01
    endloop
  endfacet
  facet normal -1.119140e-01 6.811215e-01 7.235667e-01
    outer loop
      vertex   3.110000e+02 4.129016e+01 5.945031e+01
      vertex   3.107775e+02 4.127244e+01 5.943258e+01
      vertex   3.110000e+02 4.058642e+01 6.011278e+01
    endloop
  endfacet
  facet normal -1.119140e-01 6.811215e-01 7.235667e-01
    outer loop
      vertex   3.110000e+02 4.058642e+01 6.011278e+01
      vertex   3.107775e+02 4.127244e+01 5.943258e+01
      vertex   3.107775e+02 4.056979e+01 6.009401e+01
    endloop
  endfacet
  facet normal -1.119140e-01 6.361910e-01 7.633717e-01
    outer loop
      vertex   3.110000e+02 4.058642e+01 6.011278e+01
      vertex   3.107775e+02 4.056979e+01 6.009401e+01
      vertex   3.110000e+02 3.984396e+01 6.073154e+01
    endloop
  endfacet
  facet normal -1.119140e-01 6.361910e-01 7.633717e-01
    outer loop
      vertex   3.110000e+02 3.984396e+01 6.073154e+01
      vertex   3.107775e+02 4.056979e+01 6.009401e+01
      vertex   3.107775e+02 3.982850e+01 6.071180e+01
    endloop
  endfacet
  facet normal -1.119140e-01 5.889390e-01 8.003912e-01
    outer loop
      vertex   3.110000e+02 3.984396e+01 6.073154e+01
      vertex   3.107775e+02 3.982850e+01 6.071180e+01
      vertex   3.110000e+02 3.906549e+01 6.130435e+01
    endloop
  endfacet
  facet normal -1.119140e-01 5.889390e-01 8.003912e-01
    outer loop
      vertex   3.110000e+02 3.906549e+01 6.130435e+01
      vertex   3.107775e+02 3.982850e+01 6.071180e+01
      vertex   3.107775e+02 3.905125e+01 6.128371e+01
    endloop
  endfacet
  facet normal -1.119140e-01 5.395381e-01 8.344902e-01
    outer loop
      vertex   3.110000e+02 3.906549e+01 6.130435e+01
      vertex   3.107775e+02 3.905125e+01 6.128371e+01
      vertex   3.110000e+02 3.825386e+01 6.182911e+01
    endloop
  endfacet
  facet normal -1.119140e-01 5.395381e-01 8.344902e-01
    outer loop
      vertex   3.110000e+02 3.825386e+01 6.182911e+01
      vertex   3.107775e+02 3.905125e+01 6.128371e+01
      vertex   3.107775e+02 3.824089e+01 6.180765e+01
    endloop
  endfacet
  facet normal -1.119140e-01 4.881685e-01 8.655442e-01
    outer loop
      vertex   3.110000e+02 3.825386e+01 6.182911e+01
      vertex   3.107775e+02 3.824089e+01 6.180765e+01
      vertex   3.110000e+02 3.741203e+01 6.230390e+01
    endloop
  endfacet
  facet normal -1.119140e-01 4.881685e-01 8.655442e-01
    outer loop
      vertex   3.110000e+02 3.741203e+01 6.230390e+01
      vertex   3.107775e+02 3.824089e+01 6.180765e+01
      vertex   3.107775e+02 3.740038e+01 6.228170e+01
    endloop
  endfacet
  facet normal -1.119140e-01 4.350176e-01 8.934399e-01
    outer loop
      vertex   3.110000e+02 3.741203e+01 6.230390e+01
      vertex   3.107775e+02 3.740038e+01 6.228170e+01
      vertex   3.110000e+02 3.654306e+01 6.272700e+01
    endloop
  endfacet
  facet normal -1.119140e-01 4.350176e-01 8.934399e-01
    outer loop
      vertex   3.110000e+02 3.654306e+01 6.272700e+01
      vertex   3.107775e+02 3.740038e+01 6.228170e+01
      vertex   3.107775e+02 3.653277e+01 6.270414e+01
    endloop
  endfacet
  facet normal -1.119140e-01 3.802794e-01 9.180756e-01
    outer loop
      vertex   3.110000e+02 3.654306e+01 6.272700e+01
      vertex   3.107775e+02 3.653277e+01 6.270414e+01
      vertex   3.110000e+02 3.565013e+01 6.309686e+01
    endloop
  endfacet
  facet normal -1.119140e-01 3.802794e-01 9.180756e-01
    outer loop
      vertex   3.110000e+02 3.565013e+01 6.309686e+01
      vertex   3.107775e+02 3.653277e+01 6.270414e+01
      vertex   3.107775e+02 3.564124e+01 6.307342e+01
    endloop
  endfacet
  facet normal -1.119140e-01 3.241535e-01 9.393613e-01
    outer loop
      vertex   3.110000e+02 3.565013e+01 6.309686e+01
      vertex   3.107775e+02 3.564124e+01 6.307342e+01
      vertex   3.110000e+02 3.473651e+01 6.341214e+01
    endloop
  endfacet
  facet normal -1.119140e-01 3.241535e-01 9.393613e-01
    outer loop
      vertex   3.110000e+02 3.473651e+01 6.341214e+01
      vertex   3.107775e+02 3.564124e+01 6.307342e+01
      vertex   3.107775e+02 3.472905e+01 6.338820e+01
    endloop
  endfacet
  facet normal -1.119140e-01 2.668449e-01 9.572194e-01
    outer loop
      vertex   3.110000e+02 3.473651e+01 6.341214e+01
      vertex   3.107775e+02 3.472905e+01 6.338820e+01
      vertex   3.110000e+02 3.380551e+01 6.367167e+01
    endloop
  endfacet
  facet normal -1.119140e-01 2.668449e-01 9.572194e-01
    outer loop
      vertex   3.110000e+02 3.380551e+01 6.367167e+01
      vertex   3.107775e+02 3.472905e+01 6.338820e+01
      vertex   3.107775e+02 3.379951e+01 6.364733e+01
    endloop
  endfacet
  facet normal -1.119140e-01 2.085626e-01 9.715847e-01
    outer loop
      vertex   3.110000e+02 3.380551e+01 6.367167e+01
      vertex   3.107775e+02 3.379951e+01 6.364733e+01
      vertex   3.110000e+02 3.286054e+01 6.387452e+01
    endloop
  endfacet
  facet normal -1.119140e-01 2.085626e-01 9.715847e-01
    outer loop
      vertex   3.110000e+02 3.286054e+01 6.387452e+01
      vertex   3.107775e+02 3.379951e+01 6.364733e+01
      vertex   3.107775e+02 3.285602e+01 6.384986e+01
    endloop
  endfacet
  facet normal -1.119140e-01 1.495193e-01 9.824048e-01
    outer loop
      vertex   3.110000e+02 3.286054e+01 6.387452e+01
      vertex   3.107775e+02 3.285602e+01 6.384986e+01
      vertex   3.110000e+02 3.190504e+01 6.401995e+01
    endloop
  endfacet
  facet normal -1.119140e-01 1.495193e-01 9.824048e-01
    outer loop
      vertex   3.110000e+02 3.190504e+01 6.401995e+01
      vertex   3.107775e+02 3.285602e+01 6.384986e+01
      vertex   3.107775e+02 3.190202e+01 6.399506e+01
    endloop
  endfacet
  facet normal -1.119140e-01 8.993035e-02 9.896402e-01
    outer loop
      vertex   3.110000e+02 3.190504e+01 6.401995e+01
      vertex   3.107775e+02 3.190202e+01 6.399506e+01
      vertex   3.110000e+02 3.094251e+01 6.410741e+01
    endloop
  endfacet
  facet normal -1.119140e-01 8.993035e-02 9.896402e-01
    outer loop
      vertex   3.110000e+02 3.094251e+01 6.410741e+01
      vertex   3.107775e+02 3.190202e+01 6.399506e+01
      vertex   3.107775e+02 3.094100e+01 6.408239e+01
    endloop
  endfacet
  facet normal -1.119140e-01 3.001329e-02 9.932645e-01
    outer loop
      vertex   3.110000e+02 3.094251e+01 6.410741e+01
      vertex   3.107775e+02 3.094100e+01 6.408239e+01
      vertex   3.110000e+02 2.997646e+01 6.413660e+01
    endloop
  endfacet
  facet normal -1.119140e-01 3.001329e-02 9.932645e-01
    outer loop
      vertex   3.110000e+02 2.997646e+01 6.413660e+01
      vertex   3.107775e+02 3.094100e+01 6.408239e+01
      vertex   3.107775e+02 2.997646e+01 6.411153e+01
    endloop
  endfacet
  facet normal -1.119140e-01 -3.001329e-02 9.932645e-01
    outer loop
      vertex   3.110000e+02 2.997646e+01 6.413660e+01
      vertex   3.107775e+02 2.997646e+01 6.411153e+01
      vertex   3.110000e+02 2.901040e+01 6.410741e+01
    endloop
  endfacet
  facet normal -1.119140e-01 -3.001329e-02 9.932645e-01
    outer loop
      vertex   3.110000e+02 2.901040e+01 6.410741e+01
      vertex   3.107775e+02 2.997646e+01 6.411153e+01
      vertex   3.107775e+02 2.901191e+01 6.408239e+01
    endloop
  endfacet
  facet normal -1.119140e-01 -8.993035e-02 9.896402e-01
    outer loop
      vertex   3.110000e+02 2.901040e+01 6.410741e+01
      vertex   3.107775e+02 2.901191e+01 6.408239e+01
      vertex   3.110000e+02 2.804787e+01 6.401995e+01
    endloop
  endfacet
  facet normal -1.119140e-01 -8.993035e-02 9.896402e-01
    outer loop
      vertex   3.110000e+02 2.804787e+01 6.401995e+01
      vertex   3.107775e+02 2.901191e+01 6.408239e+01
      vertex   3.107775e+02 2.805089e+01 6.399506e+01
    endloop
  endfacet
  facet normal -1.119140e-01 -1.495193e-01 9.824048e-01
    outer loop
      vertex   3.110000e+02 2.804787e+01 6.401995e+01
      vertex   3.107775e+02 2.805089e+01 6.399506e+01
      vertex   3.110000e+02 2.709238e+01 6.387452e+01
    endloop
  endfacet
  facet normal -1.119140e-01 -1.495193e-01 9.824048e-01
    outer loop
      vertex   3.110000e+02 2.709238e+01 6.387452e+01
      vertex   3.107775e+02 2.805089e+01 6.399506e+01
      vertex   3.107775e+02 2.709690e+01 6.384986e+01
    endloop
  endfacet
  facet normal -1.119140e-01 -2.085626e-01 9.715847e-01
    outer loop
      vertex   3.110000e+02 2.709238e+01 6.387452e+01
      vertex   3.107775e+02 2.709690e+01 6.384986e+01
      vertex   3.110000e+02 2.614741e+01 6.367167e+01
    endloop
  endfacet
  facet normal -1.119140e-01 -2.085626e-01 9.715847e-01
    outer loop
      vertex   3.110000e+02 2.614741e+01 6.367167e+01
      vertex   3.107775e+02 2.709690e+01 6.384986e+01
      vertex   3.107775e+02 2.615341e+01 6.364733e+01
    endloop
  endfacet
  facet normal -1.119140e-01 -2.668449e-01 9.572194e-01
    outer loop
      vertex   3.110000e+02 2.614741e+01 6.367167e+01
      vertex   3.107775e+02 2.615341e+01 6.364733e+01
      vertex   3.110000e+02 2.521641e+01 6.341214e+01
    endloop
  endfacet
  facet normal -1.119140e-01 -2.668449e-01 9.572194e-01
    outer loop
      vertex   3.110000e+02 2.521641e+01 6.341214e+01
      vertex   3.107775e+02 2.615341e+01 6.364733e+01
      vertex   3.107775e+02 2.522387e+01 6.338820e+01
    endloop
  endfacet
  facet normal -1.119140e-01 -3.241535e-01 9.393613e-01
    outer loop
      vertex   3.110000e+02 2.521641e+01 6.341214e+01
      vertex   3.107775e+02 2.522387e+01 6.338820e+01
      vertex   3.110000e+02 2.430278e+01 6.309686e+01
    endloop
  endfacet
  facet normal -1.119140e-01 -3.241535e-01 9.393613e-01
    outer loop
      vertex   3.110000e+02 2.430278e+01 6.309686e+01
      vertex   3.107775e+02 2.522387e+01 6.338820e+01
      vertex   3.107775e+02 2.431167e+01 6.307342e+01
    endloop
  endfacet
  facet normal -1.119140e-01 -3.802794e-01 9.180756e-01
    outer loop
      vertex   3.110000e+02 2.430278e+01 6.309686e+01
      vertex   3.107775e+02 2.431167e+01 6.307342e+01
      vertex   3.110000e+02 2.340985e+01 6.272700e+01
    endloop
  endfacet
  facet normal -1.119140e-01 -3.802794e-01 9.180756e-01
    outer loop
      vertex   3.110000e+02 2.340985e+01 6.272700e+01
      vertex   3.107775e+02 2.431167e+01 6.307342e+01
      vertex   3.107775e+02 2.342014e+01 6.270414e+01
    endloop
  endfacet
  facet normal -1.119140e-01 -4.350176e-01 8.934399e-01
    outer loop
      vertex   3.110000e+02 2.340985e+01 6.272700e+01
      vertex   3.107775e+02 2.342014e+01 6.270414e+01
      vertex   3.110000e+02 2.254089e+01 6.230390e+01
    endloop
  endfacet
  facet normal -1.119140e-01 -4.350176e-01 8.934399e-01
    outer loop
      vertex   3.110000e+02 2.254089e+01 6.230390e+01
      vertex   3.107775e+02 2.342014e+01 6.270414e+01
      vertex   3.107775e+02 2.255254e+01 6.228170e+01
    endloop
  endfacet
  facet normal -1.119140e-01 -4.881685e-01 8.655442e-01
    outer loop
      vertex   3.110000e+02 2.254089e+01 6.230390e+01
      vertex   3.107775e+02 2.255254e+01 6.228170e+01
      vertex   3.110000e+02 2.169905e+01 6.182911e+01
    endloop
  endfacet
  facet normal -1.119140e-01 -4.881685e-01 8.655442e-01
    outer loop
      vertex   3.110000e+02 2.169905e+01 6.182911e+01
      vertex   3.107775e+02 2.255254e+01 6.228170e+01
      vertex   3.107775e+02 2.171202e+01 6.180765e+01
    endloop
  endfacet
  facet normal -1.119140e-01 -5.395381e-01 8.344902e-01
    outer loop
      vertex   3.110000e+02 2.169905e+01 6.182911e+01
      vertex   3.107775e+02 2.171202e+01 6.180765e+01
      vertex   3.110000e+02 2.088742e+01 6.130435e+01
    endloop
  endfacet
  facet normal -1.119140e-01 -5.395381e-01 8.344902e-01
    outer loop
      vertex   3.110000e+02 2.088742e+01 6.130435e+01
      vertex   3.107775e+02 2.171202e+01 6.180765e+01
      vertex   3.107775e+02 2.090166e+01 6.128371e+01
    endloop
  endfacet
  facet normal -1.119140e-01 -5.889390e-01 8.003912e-01
    outer loop
      vertex   3.110000e+02 2.088742e+01 6.130435e+01
      vertex   3.107775e+02 2.090166e+01 6.128371e+01
      vertex   3.110000e+02 2.010895e+01 6.073154e+01
    endloop
  endfacet
  facet normal -1.119140e-01 -5.889390e-01 8.003912e-01
    outer loop
      vertex   3.110000e+02 2.010895e+01 6.073154e+01
      vertex   3.107775e+02 2.090166e+01 6.128371e+01
      vertex   3.107775e+02 2.012442e+01 6.071180e+01
    endloop
  endfacet
  facet normal -1.119140e-01 -6.361910e-01 7.633717e-01
    outer loop
      vertex   3.110000e+02 2.010895e+01 6.073154e+01
      vertex   3.107775e+02 2.012442e+01 6.071180e+01
      vertex   3.110000e+02 1.936649e+01 6.011278e+01
    endloop
  endfacet
  facet normal -1.119140e-01 -6.361910e-01 7.633717e-01
    outer loop
      vertex   3.110000e+02 1.936649e+01 6.011278e+01
      vertex   3.107775e+02 2.012442e+01 6.071180e+01
      vertex   3.107775e+02 1.938312e+01 6.009401e+01
    endloop
  endfacet
  facet normal -1.119140e-01 -6.811215e-01 7.235667e-01
    outer loop
      vertex   3.110000e+02 1.936649e+01 6.011278e+01
      vertex   3.107775e+02 1.938312e+01 6.009401e+01
      vertex   3.110000e+02 1.866275e+01 5.945031e+01
    endloop
  endfacet
  facet normal -1.119140e-01 -6.811215e-01 7.235667e-01
    outer loop
      vertex   3.110000e+02 1.866275e+01 5.945031e+01
      vertex   3.107775e+02 1.938312e+01 6.009401e+01
      vertex   3.107775e+02 1.868048e+01 5.943258e+01
    endloop
  endfacet
  facet normal -1.119140e-01 -7.235667e-01 6.811215e-01
    outer loop
      vertex   3.110000e+02 1.866275e+01 5.945031e+01
      vertex   3.107775e+02 1.868048e+01 5.943258e+01
      vertex   3.110000e+02 1.800028e+01 5.874657e+01
    endloop
  endfacet
  facet normal -1.119140e-01 -7.235667e-01 6.811215e-01
    outer loop
      vertex   3.110000e+02 1.800028e+01 5.874657e+01
      vertex   3.107775e+02 1.868048e+01 5.943258e+01
      vertex   3.107775e+02 1.801905e+01 5.872994e+01
    endloop
  endfacet
  facet normal -1.119140e-01 -7.633717e-01 6.361910e-01
    outer loop
      vertex   3.110000e+02 1.800028e+01 5.874657e+01
      vertex   3.107775e+02 1.801905e+01 5.872994e+01
      vertex   3.110000e+02 1.738152e+01 5.800411e+01
    endloop
  endfacet
  facet normal -1.119140e-01 -7.633717e-01 6.361910e-01
    outer loop
      vertex   3.110000e+02 1.738152e+01 5.800411e+01
      vertex   3.107775e+02 1.801905e+01 5.872994e+01
      vertex   3.107775e+02 1.740126e+01 5.798864e+01
    endloop
  endfacet
  facet normal -1.119140e-01 -8.003912e-01 5.889390e-01
    outer loop
      vertex   3.110000e+02 1.738152e+01 5.800411e+01
      vertex   3.107775e+02 1.740126e+01 5.798864e+01
      vertex   3.110000e+02 1.680871e+01 5.722564e+01
    endloop
  endfacet
  facet normal -1.119140e-01 -8.003912e-01 5.889390e-01
    outer loop
      vertex   3.110000e+02 1.680871e+01 5.722564e+01
      vertex   3.107775e+02 1.740126e+01 5.798864e+01
      vertex   3.107775e+02 1.682935e+01 5.721140e+01
    endloop
  endfacet
  facet normal -1.119140e-01 -8.344902e-01 5.395381e-01
    outer loop
      vertex   3.110000e+02 1.680871e+01 5.722564e+01
      vertex   3.107775e+02 1.682935e+01 5.721140e+01
      vertex   3.110000e+02 1.628396e+01 5.641401e+01
    endloop
  endfacet
  facet normal -1.119140e-01 -8.344902e-01 5.395381e-01
    outer loop
      vertex   3.110000e+02 1.628396e+01 5.641401e+01
      vertex   3.107775e+02 1.682935e+01 5.721140e+01
      vertex   3.107775e+02 1.630541e+01 5.640104e+01
    endloop
  endfacet
  facet normal -1.119140e-01 -8.655442e-01 4.881685e-01
    outer loop
      vertex   3.110000e+02 1.628396e+01 5.641401e+01
      vertex   3.107775e+02 1.630541e+01 5.640104e+01
      vertex   3.110000e+02 1.580916e+01 5.557218e+01
    endloop
  endfacet
  facet normal -1.119140e-01 -8.655442e-01 4.881685e-01
    outer loop
      vertex   3.110000e+02 1.580916e+01 5.557218e+01
      vertex   3.107775e+02 1.630541e+01 5.640104e+01
      vertex   3.107775e+02 1.583136e+01 5.556052e+01
    endloop
  endfacet
  facet normal -1.119140e-01 -8.934399e-01 4.350176e-01
    outer loop
      vertex   3.110000e+02 1.580916e+01 5.557218e+01
      vertex   3.107775e+02 1.583136e+01 5.556052e+01
      vertex   3.110000e+02 1.538606e+01 5.470321e+01
    endloop
  endfacet
  facet normal -1.119140e-01 -8.934399e-01 4.350176e-01
    outer loop
      vertex   3.110000e+02 1.538606e+01 5.470321e+01
      vertex   3.107775e+02 1.583136e+01 5.556052e+01
      vertex   3.107775e+02 1.540892e+01 5.469292e+01
    endloop
  endfacet
  facet normal -1.119140e-01 -9.180756e-01 3.802794e-01
    outer loop
      vertex   3.110000e+02 1.538606e+01 5.470321e+01
      vertex   3.107775e+02 1.540892e+01 5.469292e+01
      vertex   3.110000e+02 1.501620e+01 5.381028e+01
    endloop
  endfacet
  facet normal -1.119140e-01 -9.180756e-01 3.802794e-01
    outer loop
      vertex   3.110000e+02 1.501620e+01 5.381028e+01
      vertex   3.107775e+02 1.540892e+01 5.469292e+01
      vertex   3.107775e+02 1.503964e+01 5.380139e+01
    endloop
  endfacet
  facet normal -1.119140e-01 -9.393613e-01 3.241535e-01
    outer loop
      vertex   3.110000e+02 1.501620e+01 5.381028e+01
      vertex   3.107775e+02 1.503964e+01 5.380139e+01
      vertex   3.110000e+02 1.470092e+01 5.289665e+01
    endloop
  endfacet
  facet normal -1.119140e-01 -9.393613e-01 3.241535e-01
    outer loop
      vertex   3.110000e+02 1.470092e+01 5.289665e+01
      vertex   3.107775e+02 1.503964e+01 5.380139e+01
      vertex   3.107775e+02 1.472486e+01 5.288919e+01
    endloop
  endfacet
  facet normal -1.119140e-01 -9.572194e-01 2.668449e-01
    outer loop
      vertex   3.110000e+02 1.470092e+01 5.289665e+01
      vertex   3.107775e+02 1.472486e+01 5.288919e+01
      vertex   3.110000e+02 1.444139e+01 5.196566e+01
    endloop
  endfacet
  facet normal -1.119140e-01 -9.572194e-01 2.668449e-01
    outer loop
      vertex   3.110000e+02 1.444139e+01 5.196566e+01
      vertex   3.107775e+02 1.472486e+01 5.288919e+01
      vertex   3.107775e+02 1.446573e+01 5.195966e+01
    endloop
  endfacet
  facet normal -1.119140e-01 -9.715847e-01 2.085626e-01
    outer loop
      vertex   3.110000e+02 1.444139e+01 5.196566e+01
      vertex   3.107775e+02 1.446573e+01 5.195966e+01
      vertex   3.110000e+02 1.423854e+01 5.102069e+01
    endloop
  endfacet
  facet normal -1.119140e-01 -9.715847e-01 2.085626e-01
    outer loop
      vertex   3.110000e+02 1.423854e+01 5.102069e+01
      vertex   3.107775e+02 1.446573e+01 5.195966e+01
      vertex   3.107775e+02 1.426320e+01 5.101617e+01
    endloop
  endfacet
  facet normal -1.119140e-01 -9.824048e-01 1.495193e-01
    outer loop
      vertex   3.110000e+02 1.423854e+01 5.102069e+01
      vertex   3.107775e+02 1.426320e+01 5.101617e+01
      vertex   3.110000e+02 1.409311e+01 5.006519e+01
    endloop
  endfacet
  facet normal -1.119140e-01 -9.824048e-01 1.495193e-01
    outer loop
      vertex   3.110000e+02 1.409311e+01 5.006519e+01
      vertex   3.107775e+02 1.426320e+01 5.101617e+01
      vertex   3.107775e+02 1.411800e+01 5.006217e+01
    endloop
  endfacet
  facet normal -1.119140e-01 -9.896402e-01 8.993035e-02
    outer loop
      vertex   3.110000e+02 1.409311e+01 5.006519e+01
      vertex   3.107775e+02 1.411800e+01 5.006217e+01
      vertex   3.110000e+02 1.400565e+01 4.910266e+01
    endloop
  endfacet
  facet normal -1.119140e-01 -9.896402e-01 8.993035e-02
    outer loop
      vertex   3.110000e+02 1.400565e+01 4.910266e+01
      vertex   3.107775e+02 1.411800e+01 5.006217e+01
      vertex   3.107775e+02 1.403067e+01 4.910115e+01
    endloop
  endfacet
  facet normal -9.937679e-01 3.501331e-03 -1.114142e-01
    outer loop
      vertex   3.100000e+02 2.997646e+01 3.313660e+01
      vertex   3.100000e+02 3.091831e+01 3.316620e+01
      vertex   3.100251e+02 3.089557e+01 3.294186e+01
    endloop
  endfacet
  facet normal -9.936472e-01 1.018475e-02 -1.120783e-01
    outer loop
      vertex   3.100251e+02 3.089557e+01 3.294186e+01
      vertex   3.100000e+02 3.091831e+01 3.316620e+01
      vertex   3.100251e+02 3.181133e+01 3.302507e+01
    endloop
  endfacet
  facet normal -9.438363e-01 2.990204e-02 -3.290575e-01
    outer loop
      vertex   3.100251e+02 3.089557e+01 3.294186e+01
      vertex   3.100251e+02 3.181133e+01 3.302507e+01
      vertex   3.100990e+02 3.183681e+01 3.281525e+01
    endloop
  endfacet
  facet normal -9.438363e-01 4.971548e-02 -3.266517e-01
    outer loop
      vertex   3.100990e+02 3.183681e+01 3.281525e+01
      vertex   3.100251e+02 3.181133e+01 3.302507e+01
      vertex   3.100990e+02 3.275849e+01 3.295553e+01
    endloop
  endfacet
  facet normal -8.466148e-01 8.007813e-02 -5.261472e-01
    outer loop
      vertex   3.100990e+02 3.183681e+01 3.281525e+01
      vertex   3.100990e+02 3.275849e+01 3.295553e+01
      vertex   3.102182e+02 3.279267e+01 3.276903e+01
    endloop
  endfacet
  facet normal -8.466148e-01 1.117000e-01 -5.203523e-01
    outer loop
      vertex   3.102182e+02 3.279267e+01 3.276903e+01
      vertex   3.100990e+02 3.275849e+01 3.295553e+01
      vertex   3.102182e+02 3.371540e+01 3.296711e+01
    endloop
  endfacet
  facet normal -7.069454e-01 1.484422e-01 -6.915151e-01
    outer loop
      vertex   3.102182e+02 3.279267e+01 3.276903e+01
      vertex   3.102182e+02 3.371540e+01 3.296711e+01
      vertex   3.103765e+02 3.375330e+01 3.281336e+01
    endloop
  endfacet
  facet normal -7.069454e-01 1.899240e-01 -6.812907e-01
    outer loop
      vertex   3.103765e+02 3.375330e+01 3.281336e+01
      vertex   3.102182e+02 3.371540e+01 3.296711e+01
      vertex   3.103765e+02 3.467160e+01 3.306936e+01
    endloop
  endfacet
  facet normal -5.318580e-01 2.274018e-01 -8.157300e-01
    outer loop
      vertex   3.103765e+02 3.375330e+01 3.281336e+01
      vertex   3.103765e+02 3.467160e+01 3.306936e+01
      vertex   3.105661e+02 3.470704e+01 3.295562e+01
    endloop
  endfacet
  facet normal -5.318580e-01 2.762395e-01 -8.005116e-01
    outer loop
      vertex   3.105661e+02 3.470704e+01 3.295562e+01
      vertex   3.103765e+02 3.467160e+01 3.306936e+01
      vertex   3.105661e+02 3.561502e+01 3.326894e+01
    endloop
  endfacet
  facet normal -3.301448e-01 3.079127e-01 -8.922971e-01
    outer loop
      vertex   3.105661e+02 3.470704e+01 3.295562e+01
      vertex   3.105661e+02 3.561502e+01 3.326894e+01
      vertex   3.107775e+02 3.564124e+01 3.319979e+01
    endloop
  endfacet
  facet normal -3.301448e-01 3.612265e-01 -8.720779e-01
    outer loop
      vertex   3.107775e+02 3.564124e+01 3.319979e+01
      vertex   3.105661e+02 3.561502e+01 3.326894e+01
      vertex   3.107775e+02 3.653277e+01 3.356907e+01
    endloop
  endfacet
  facet normal -9.938240e-01 1.044301e-02 -1.104755e-01
    outer loop
      vertex   3.100000e+02 3.091831e+01 3.316620e+01
      vertex   3.100000e+02 3.185645e+01 3.325488e+01
      vertex   3.100251e+02 3.181133e+01 3.302507e+01
    endloop
  endfacet
  facet normal -9.935921e-01 1.700636e-02 -1.117390e-01
    outer loop
      vertex   3.100251e+02 3.181133e+01 3.302507e+01
      vertex   3.100000e+02 3.185645e+01 3.325488e+01
      vertex   3.100251e+02 3.272039e+01 3.316343e+01
    endloop
  endfacet
  facet normal -9.438363e-01 4.971548e-02 -3.266517e-01
    outer loop
      vertex   3.100251e+02 3.181133e+01 3.302507e+01
      vertex   3.100251e+02 3.272039e+01 3.316343e+01
      vertex   3.100990e+02 3.275849e+01 3.295553e+01
    endloop
  endfacet
  facet normal -9.438363e-01 6.934752e-02 -3.230540e-01
    outer loop
      vertex   3.100990e+02 3.275849e+01 3.295553e+01
      vertex   3.100251e+02 3.272039e+01 3.316343e+01
      vertex   3.100990e+02 3.367003e+01 3.315120e+01
    endloop
  endfacet
  facet normal -8.466148e-01 1.117000e-01 -5.203523e-01
    outer loop
      vertex   3.100990e+02 3.275849e+01 3.295553e+01
      vertex   3.100990e+02 3.367003e+01 3.315120e+01
      vertex   3.102182e+02 3.371540e+01 3.296711e+01
    endloop
  endfacet
  facet normal -8.466148e-01 1.429143e-01 -5.126586e-01
    outer loop
      vertex   3.102182e+02 3.371540e+01 3.296711e+01
      vertex   3.100990e+02 3.367003e+01 3.315120e+01
      vertex   3.102182e+02 3.462449e+01 3.322053e+01
    endloop
  endfacet
  facet normal -7.069454e-01 1.899240e-01 -6.812907e-01
    outer loop
      vertex   3.102182e+02 3.371540e+01 3.296711e+01
      vertex   3.102182e+02 3.462449e+01 3.322053e+01
      vertex   3.103765e+02 3.467160e+01 3.306936e+01
    endloop
  endfacet
  facet normal -7.069454e-01 2.307128e-01 -6.685804e-01
    outer loop
      vertex   3.103765e+02 3.467160e+01 3.306936e+01
      vertex   3.102182e+02 3.462449e+01 3.322053e+01
      vertex   3.103765e+02 3.557277e+01 3.338034e+01
    endloop
  endfacet
  facet normal -5.318580e-01 2.762395e-01 -8.005116e-01
    outer loop
      vertex   3.103765e+02 3.467160e+01 3.306936e+01
      vertex   3.103765e+02 3.557277e+01 3.338034e+01
      vertex   3.105661e+02 3.561502e+01 3.326894e+01
    endloop
  endfacet
  facet normal -5.318580e-01 3.240692e-01 -7.823722e-01
    outer loop
      vertex   3.105661e+02 3.561502e+01 3.326894e+01
      vertex   3.103765e+02 3.557277e+01 3.338034e+01
      vertex   3.105661e+02 3.650242e+01 3.363651e+01
    endloop
  endfacet
  facet normal -3.301448e-01 3.612265e-01 -8.720779e-01
    outer loop
      vertex   3.105661e+02 3.561502e+01 3.326894e+01
      vertex   3.105661e+02 3.650242e+01 3.363651e+01
      vertex   3.107775e+02 3.653277e+01 3.356907e+01
    endloop
  endfacet
  facet normal -3.301448e-01 4.132222e-01 -8.486765e-01
    outer loop
      vertex   3.107775e+02 3.653277e+01 3.356907e+01
      vertex   3.105661e+02 3.650242e+01 3.363651e+01
      vertex   3.107775e+02 3.740038e+01 3.399151e+01
    endloop
  endfacet
  facet normal -9.938745e-01 1.728824e-02 -1.091537e-01
    outer loop
      vertex   3.100000e+02 3.185645e+01 3.325488e+01
      vertex   3.100000e+02 3.278718e+01 3.340230e+01
      vertex   3.100251e+02 3.272039e+01 3.316343e+01
    endloop
  endfacet
  facet normal -9.935413e-01 2.381540e-02 -1.109436e-01
    outer loop
      vertex   3.100251e+02 3.272039e+01 3.316343e+01
      vertex   3.100000e+02 3.278718e+01 3.340230e+01
      vertex   3.100251e+02 3.361944e+01 3.335642e+01
    endloop
  endfacet
  facet normal -9.438363e-01 6.934752e-02 -3.230540e-01
    outer loop
      vertex   3.100251e+02 3.272039e+01 3.316343e+01
      vertex   3.100251e+02 3.361944e+01 3.335642e+01
      vertex   3.100990e+02 3.367003e+01 3.315120e+01
    endloop
  endfacet
  facet normal -9.438363e-01 8.872652e-02 -3.182775e-01
    outer loop
      vertex   3.100990e+02 3.367003e+01 3.315120e+01
      vertex   3.100251e+02 3.361944e+01 3.335642e+01
      vertex   3.100990e+02 3.456808e+01 3.340155e+01
    endloop
  endfacet
  facet normal -8.466148e-01 1.429143e-01 -5.126586e-01
    outer loop
      vertex   3.100990e+02 3.367003e+01 3.315120e+01
      vertex   3.100990e+02 3.456808e+01 3.340155e+01
      vertex   3.102182e+02 3.462449e+01 3.322053e+01
    endloop
  endfacet
  facet normal -8.466148e-01 1.736071e-01 -5.030944e-01
    outer loop
      vertex   3.102182e+02 3.462449e+01 3.322053e+01
      vertex   3.100990e+02 3.456808e+01 3.340155e+01
      vertex   3.102182e+02 3.551662e+01 3.352839e+01
    endloop
  endfacet
  facet normal -7.069454e-01 2.307128e-01 -6.685804e-01
    outer loop
      vertex   3.102182e+02 3.462449e+01 3.322053e+01
      vertex   3.102182e+02 3.551662e+01 3.352839e+01
      vertex   3.103765e+02 3.557277e+01 3.338034e+01
    endloop
  endfacet
  facet normal -7.069454e-01 2.706598e-01 -6.534305e-01
    outer loop
      vertex   3.103765e+02 3.557277e+01 3.338034e+01
      vertex   3.102182e+02 3.551662e+01 3.352839e+01
      vertex   3.103765e+02 3.645352e+01 3.374515e+01
    endloop
  endfacet
  facet normal -5.318580e-01 3.240692e-01 -7.823722e-01
    outer loop
      vertex   3.103765e+02 3.557277e+01 3.338034e+01
      vertex   3.103765e+02 3.645352e+01 3.374515e+01
      vertex   3.105661e+02 3.650242e+01 3.363651e+01
    endloop
  endfacet
  facet normal -5.318580e-01 3.707164e-01 -7.613780e-01
    outer loop
      vertex   3.105661e+02 3.650242e+01 3.363651e+01
      vertex   3.103765e+02 3.645352e+01 3.374515e+01
      vertex   3.105661e+02 3.736600e+01 3.405700e+01
    endloop
  endfacet
  facet normal -3.301448e-01 4.132222e-01 -8.486765e-01
    outer loop
      vertex   3.105661e+02 3.650242e+01 3.363651e+01
      vertex   3.105661e+02 3.736600e+01 3.405700e+01
      vertex   3.107775e+02 3.740038e+01 3.399151e+01
    endloop
  endfacet
  facet normal -3.301448e-01 4.637101e-01 -8.221784e-01
    outer loop
      vertex   3.107775e+02 3.740038e+01 3.399151e+01
      vertex   3.105661e+02 3.736600e+01 3.405700e+01
      vertex   3.107775e+02 3.824089e+01 3.446556e+01
    endloop
  endfacet
  facet normal -9.939197e-01 2.401908e-02 -1.074552e-01
    outer loop
      vertex   3.100000e+02 3.278718e+01 3.340230e+01
      vertex   3.100000e+02 3.370680e+01 3.360786e+01
      vertex   3.100251e+02 3.361944e+01 3.335642e+01
    endloop
  endfacet
  facet normal -9.934951e-01 3.057895e-02 -1.096921e-01
    outer loop
      vertex   3.100251e+02 3.361944e+01 3.335642e+01
      vertex   3.100000e+02 3.370680e+01 3.360786e+01
      vertex   3.100251e+02 3.450520e+01 3.360335e+01
    endloop
  endfacet
  facet normal -9.438363e-01 8.872652e-02 -3.182775e-01
    outer loop
      vertex   3.100251e+02 3.361944e+01 3.335642e+01
      vertex   3.100251e+02 3.450520e+01 3.360335e+01
      vertex   3.100990e+02 3.456808e+01 3.340155e+01
    endloop
  endfacet
  facet normal -9.438363e-01 1.077818e-01 -3.123397e-01
    outer loop
      vertex   3.100990e+02 3.456808e+01 3.340155e+01
      vertex   3.100251e+02 3.450520e+01 3.360335e+01
      vertex   3.100990e+02 3.544939e+01 3.370567e+01
    endloop
  endfacet
  facet normal -8.466148e-01 1.736071e-01 -5.030944e-01
    outer loop
      vertex   3.100990e+02 3.456808e+01 3.340155e+01
      vertex   3.100990e+02 3.544939e+01 3.370567e+01
      vertex   3.102182e+02 3.551662e+01 3.352839e+01
    endloop
  endfacet
  facet normal -8.466148e-01 2.036665e-01 -4.916944e-01
    outer loop
      vertex   3.102182e+02 3.551662e+01 3.352839e+01
      vertex   3.100990e+02 3.544939e+01 3.370567e+01
      vertex   3.102182e+02 3.638854e+01 3.388955e+01
    endloop
  endfacet
  facet normal -7.069454e-01 2.706598e-01 -6.534305e-01
    outer loop
      vertex   3.102182e+02 3.551662e+01 3.352839e+01
      vertex   3.102182e+02 3.638854e+01 3.388955e+01
      vertex   3.103765e+02 3.645352e+01 3.374515e+01
    endloop
  endfacet
  facet normal -7.069454e-01 3.096191e-01 -6.358963e-01
    outer loop
      vertex   3.103765e+02 3.645352e+01 3.374515e+01
      vertex   3.102182e+02 3.638854e+01 3.388955e+01
      vertex   3.103765e+02 3.731064e+01 3.416249e+01
    endloop
  endfacet
  facet normal -5.318580e-01 3.707164e-01 -7.613780e-01
    outer loop
      vertex   3.103765e+02 3.645352e+01 3.374515e+01
      vertex   3.103765e+02 3.731064e+01 3.416249e+01
      vertex   3.105661e+02 3.736600e+01 3.405700e+01
    endloop
  endfacet
  facet normal -5.318580e-01 4.160109e-01 -7.376056e-01
    outer loop
      vertex   3.105661e+02 3.736600e+01 3.405700e+01
      vertex   3.103765e+02 3.731064e+01 3.416249e+01
      vertex   3.105661e+02 3.820263e+01 3.452885e+01
    endloop
  endfacet
  facet normal -3.301448e-01 4.637101e-01 -8.221784e-01
    outer loop
      vertex   3.105661e+02 3.736600e+01 3.405700e+01
      vertex   3.105661e+02 3.820263e+01 3.452885e+01
      vertex   3.107775e+02 3.824089e+01 3.446556e+01
    endloop
  endfacet
  facet normal -3.301448e-01 5.125060e-01 -7.926803e-01
    outer loop
      vertex   3.107775e+02 3.824089e+01 3.446556e+01
      vertex   3.105661e+02 3.820263e+01 3.452885e+01
      vertex   3.107775e+02 3.905125e+01 3.498950e+01
    endloop
  endfacet
  facet normal -9.939598e-01 3.061787e-02 -1.053874e-01
    outer loop
      vertex   3.100000e+02 3.370680e+01 3.360786e+01
      vertex   3.100000e+02 3.461171e+01 3.387076e+01
      vertex   3.100251e+02 3.450520e+01 3.360335e+01
    endloop
  endfacet
  facet normal -9.934537e-01 3.726403e-02 -1.079871e-01
    outer loop
      vertex   3.100251e+02 3.450520e+01 3.360335e+01
      vertex   3.100000e+02 3.461171e+01 3.387076e+01
      vertex   3.100251e+02 3.537444e+01 3.390330e+01
    endloop
  endfacet
  facet normal -9.438363e-01 1.077818e-01 -3.123397e-01
    outer loop
      vertex   3.100251e+02 3.450520e+01 3.360335e+01
      vertex   3.100251e+02 3.537444e+01 3.390330e+01
      vertex   3.100990e+02 3.544939e+01 3.370567e+01
    endloop
  endfacet
  facet normal -9.438363e-01 1.264437e-01 -3.052621e-01
    outer loop
      vertex   3.100990e+02 3.544939e+01 3.370567e+01
      vertex   3.100251e+02 3.537444e+01 3.390330e+01
      vertex   3.100990e+02 3.631072e+01 3.406245e+01
    endloop
  endfacet
  facet normal -8.466148e-01 2.036665e-01 -4.916944e-01
    outer loop
      vertex   3.100990e+02 3.544939e+01 3.370567e+01
      vertex   3.100990e+02 3.631072e+01 3.406245e+01
      vertex   3.102182e+02 3.638854e+01 3.388955e+01
    endloop
  endfacet
  facet normal -8.466148e-01 2.329827e-01 -4.785002e-01
    outer loop
      vertex   3.102182e+02 3.638854e+01 3.388955e+01
      vertex   3.100990e+02 3.631072e+01 3.406245e+01
      vertex   3.102182e+02 3.723705e+01 3.430269e+01
    endloop
  endfacet
  facet normal -7.069454e-01 3.096191e-01 -6.358963e-01
    outer loop
      vertex   3.102182e+02 3.638854e+01 3.388955e+01
      vertex   3.102182e+02 3.723705e+01 3.430269e+01
      vertex   3.103765e+02 3.731064e+01 3.416249e+01
    endloop
  endfacet
  facet normal -7.069454e-01 3.474487e-01 -6.160418e-01
    outer loop
      vertex   3.103765e+02 3.731064e+01 3.416249e+01
      vertex   3.102182e+02 3.723705e+01 3.430269e+01
      vertex   3.103765e+02 3.814099e+01 3.463081e+01
    endloop
  endfacet
  facet normal -5.318580e-01 4.160109e-01 -7.376056e-01
    outer loop
      vertex   3.103765e+02 3.731064e+01 3.416249e+01
      vertex   3.103765e+02 3.814099e+01 3.463081e+01
      vertex   3.105661e+02 3.820263e+01 3.452885e+01
    endloop
  endfacet
  facet normal -5.318580e-01 4.597874e-01 -7.111417e-01
    outer loop
      vertex   3.105661e+02 3.820263e+01 3.452885e+01
      vertex   3.103765e+02 3.814099e+01 3.463081e+01
      vertex   3.105661e+02 3.900924e+01 3.505036e+01
    endloop
  endfacet
  facet normal -3.301448e-01 5.125060e-01 -7.926803e-01
    outer loop
      vertex   3.105661e+02 3.820263e+01 3.452885e+01
      vertex   3.105661e+02 3.900924e+01 3.505036e+01
      vertex   3.107775e+02 3.905125e+01 3.498950e+01
    endloop
  endfacet
  facet normal -3.301448e-01 5.594318e-01 -7.602897e-01
    outer loop
      vertex   3.107775e+02 3.905125e+01 3.498950e+01
      vertex   3.105661e+02 3.900924e+01 3.505036e+01
      vertex   3.107775e+02 3.982850e+01 3.556141e+01
    endloop
  endfacet
  facet normal -9.939948e-01 3.706726e-02 -1.029583e-01
    outer loop
      vertex   3.100000e+02 3.461171e+01 3.387076e+01
      vertex   3.100000e+02 3.549832e+01 3.418996e+01
      vertex   3.100251e+02 3.537444e+01 3.390330e+01
    endloop
  endfacet
  facet normal -9.934171e-01 4.383782e-02 -1.058338e-01
    outer loop
      vertex   3.100251e+02 3.537444e+01 3.390330e+01
      vertex   3.100000e+02 3.549832e+01 3.418996e+01
      vertex   3.100251e+02 3.622397e+01 3.425519e+01
    endloop
  endfacet
  facet normal -9.438363e-01 1.264437e-01 -3.052621e-01
    outer loop
      vertex   3.100251e+02 3.537444e+01 3.390330e+01
      vertex   3.100251e+02 3.622397e+01 3.425519e+01
      vertex   3.100990e+02 3.631072e+01 3.406245e+01
    endloop
  endfacet
  facet normal -9.438363e-01 1.446443e-01 -2.970707e-01
    outer loop
      vertex   3.100990e+02 3.631072e+01 3.406245e+01
      vertex   3.100251e+02 3.622397e+01 3.425519e+01
      vertex   3.100990e+02 3.714894e+01 3.447058e+01
    endloop
  endfacet
  facet normal -8.466148e-01 2.329827e-01 -4.785002e-01
    outer loop
      vertex   3.100990e+02 3.631072e+01 3.406245e+01
      vertex   3.100990e+02 3.714894e+01 3.447058e+01
      vertex   3.102182e+02 3.723705e+01 3.430269e+01
    endloop
  endfacet
  facet normal -8.466148e-01 2.614487e-01 -4.635601e-01
    outer loop
      vertex   3.102182e+02 3.723705e+01 3.430269e+01
      vertex   3.100990e+02 3.714894e+01 3.447058e+01
      vertex   3.102182e+02 3.805908e+01 3.476631e+01
    endloop
  endfacet
  facet normal -7.069454e-01 3.474487e-01 -6.160418e-01
    outer loop
      vertex   3.102182e+02 3.723705e+01 3.430269e+01
      vertex   3.102182e+02 3.805908e+01 3.476631e+01
      vertex   3.103765e+02 3.814099e+01 3.463081e+01
    endloop
  endfacet
  facet normal -7.069454e-01 3.840105e-01 -5.939395e-01
    outer loop
      vertex   3.103765e+02 3.814099e+01 3.463081e+01
      vertex   3.102182e+02 3.805908e+01 3.476631e+01
      vertex   3.103765e+02 3.894156e+01 3.514841e+01
    endloop
  endfacet
  facet normal -5.318580e-01 4.597874e-01 -7.111417e-01
    outer loop
      vertex   3.103765e+02 3.814099e+01 3.463081e+01
      vertex   3.103765e+02 3.894156e+01 3.514841e+01
      vertex   3.105661e+02 3.900924e+01 3.505036e+01
    endloop
  endfacet
  facet normal -5.318580e-01 5.018862e-01 -6.820830e-01
    outer loop
      vertex   3.105661e+02 3.900924e+01 3.505036e+01
      vertex   3.103765e+02 3.894156e+01 3.514841e+01
      vertex   3.105661e+02 3.978288e+01 3.561962e+01
    endloop
  endfacet
  facet normal -3.301448e-01 5.594318e-01 -7.602897e-01
    outer loop
      vertex   3.105661e+02 3.900924e+01 3.505036e+01
      vertex   3.105661e+02 3.978288e+01 3.561962e+01
      vertex   3.107775e+02 3.982850e+01 3.556141e+01
    endloop
  endfacet
  facet normal -3.301448e-01 6.043163e-01 -7.251250e-01
    outer loop
      vertex   3.107775e+02 3.982850e+01 3.556141e+01
      vertex   3.105661e+02 3.978288e+01 3.561962e+01
      vertex   3.107775e+02 4.056979e+01 3.617920e+01
    endloop
  endfacet
  facet normal -9.940249e-01 4.335024e-02 -1.001765e-01
    outer loop
      vertex   3.100000e+02 3.549832e+01 3.418996e+01
      vertex   3.100000e+02 3.636315e+01 3.456420e+01
      vertex   3.100251e+02 3.622397e+01 3.425519e+01
    endloop
  endfacet
  facet normal -9.933854e-01 5.026784e-02 -1.032402e-01
    outer loop
      vertex   3.100251e+02 3.622397e+01 3.425519e+01
      vertex   3.100000e+02 3.636315e+01 3.456420e+01
      vertex   3.100251e+02 3.705071e+01 3.465773e+01
    endloop
  endfacet
  facet normal -9.438363e-01 1.446443e-01 -2.970707e-01
    outer loop
      vertex   3.100251e+02 3.622397e+01 3.425519e+01
      vertex   3.100251e+02 3.705071e+01 3.465773e+01
      vertex   3.100990e+02 3.714894e+01 3.447058e+01
    endloop
  endfacet
  facet normal -9.438363e-01 1.623171e-01 -2.877953e-01
    outer loop
      vertex   3.100990e+02 3.714894e+01 3.447058e+01
      vertex   3.100251e+02 3.705071e+01 3.465773e+01
      vertex   3.100990e+02 3.796099e+01 3.492858e+01
    endloop
  endfacet
  facet normal -8.466148e-01 2.614487e-01 -4.635601e-01
    outer loop
      vertex   3.100990e+02 3.714894e+01 3.447058e+01
      vertex   3.100990e+02 3.796099e+01 3.492858e+01
      vertex   3.102182e+02 3.805908e+01 3.476631e+01
    endloop
  endfacet
  facet normal -8.466148e-01 2.889608e-01 -4.469285e-01
    outer loop
      vertex   3.102182e+02 3.805908e+01 3.476631e+01
      vertex   3.100990e+02 3.796099e+01 3.492858e+01
      vertex   3.102182e+02 3.885161e+01 3.527872e+01
    endloop
  endfacet
  facet normal -7.069454e-01 3.840105e-01 -5.939395e-01
    outer loop
      vertex   3.102182e+02 3.805908e+01 3.476631e+01
      vertex   3.102182e+02 3.885161e+01 3.527872e+01
      vertex   3.103765e+02 3.894156e+01 3.514841e+01
    endloop
  endfacet
  facet normal -7.069454e-01 4.191711e-01 -5.696699e-01
    outer loop
      vertex   3.103765e+02 3.894156e+01 3.514841e+01
      vertex   3.102182e+02 3.885161e+01 3.527872e+01
      vertex   3.103765e+02 3.970941e+01 3.571341e+01
    endloop
  endfacet
  facet normal -5.318580e-01 5.018862e-01 -6.820830e-01
    outer loop
      vertex   3.103765e+02 3.894156e+01 3.514841e+01
      vertex   3.103765e+02 3.970941e+01 3.571341e+01
      vertex   3.105661e+02 3.978288e+01 3.561962e+01
    endloop
  endfacet
  facet normal -5.318580e-01 5.421537e-01 -6.505355e-01
    outer loop
      vertex   3.105661e+02 3.978288e+01 3.561962e+01
      vertex   3.103765e+02 3.970941e+01 3.571341e+01
      vertex   3.105661e+02 4.052075e+01 3.623456e+01
    endloop
  endfacet
  facet normal -3.301448e-01 6.043163e-01 -7.251250e-01
    outer loop
      vertex   3.105661e+02 3.978288e+01 3.561962e+01
      vertex   3.105661e+02 4.052075e+01 3.623456e+01
      vertex   3.107775e+02 4.056979e+01 3.617920e+01
    endloop
  endfacet
  facet normal -3.301448e-01 6.469957e-01 -6.873143e-01
    outer loop
      vertex   3.107775e+02 4.056979e+01 3.617920e+01
      vertex   3.105661e+02 4.052075e+01 3.623456e+01
      vertex   3.107775e+02 4.127244e+01 3.684062e+01
    endloop
  endfacet
  facet normal -9.940501e-01 4.945020e-02 -9.705149e-02
    outer loop
      vertex   3.100000e+02 3.636315e+01 3.456420e+01
      vertex   3.100000e+02 3.720276e+01 3.499200e+01
      vertex   3.100251e+02 3.705071e+01 3.465773e+01
    endloop
  endfacet
  facet normal -9.933589e-01 5.652224e-02 -1.002164e-01
    outer loop
      vertex   3.100251e+02 3.705071e+01 3.465773e+01
      vertex   3.100000e+02 3.720276e+01 3.499200e+01
      vertex   3.100251e+02 3.785164e+01 3.510946e+01
    endloop
  endfacet
  facet normal -9.438363e-01 1.623171e-01 -2.877953e-01
    outer loop
      vertex   3.100251e+02 3.705071e+01 3.465773e+01
      vertex   3.100251e+02 3.785164e+01 3.510946e+01
      vertex   3.100990e+02 3.796099e+01 3.492858e+01
    endloop
  endfacet
  facet normal -9.438363e-01 1.793976e-01 -2.774698e-01
    outer loop
      vertex   3.100990e+02 3.796099e+01 3.492858e+01
      vertex   3.100251e+02 3.785164e+01 3.510946e+01
      vertex   3.100990e+02 3.874390e+01 3.543477e+01
    endloop
  endfacet
  facet normal -8.466148e-01 2.889608e-01 -4.469285e-01
    outer loop
      vertex   3.100990e+02 3.796099e+01 3.492858e+01
      vertex   3.100990e+02 3.874390e+01 3.543477e+01
      vertex   3.102182e+02 3.885161e+01 3.527872e+01
    endloop
  endfacet
  facet normal -8.466148e-01 3.154185e-01 -4.286660e-01
    outer loop
      vertex   3.102182e+02 3.885161e+01 3.527872e+01
      vertex   3.100990e+02 3.874390e+01 3.543477e+01
      vertex   3.102182e+02 3.961176e+01 3.583805e+01
    endloop
  endfacet
  facet normal -7.069454e-01 4.191711e-01 -5.696699e-01
    outer loop
      vertex   3.102182e+02 3.885161e+01 3.527872e+01
      vertex   3.102182e+02 3.961176e+01 3.583805e+01
      vertex   3.103765e+02 3.970941e+01 3.571341e+01
    endloop
  endfacet
  facet normal -7.069454e-01 4.528021e-01 -5.433216e-01
    outer loop
      vertex   3.103765e+02 3.970941e+01 3.571341e+01
      vertex   3.102182e+02 3.961176e+01 3.583805e+01
      vertex   3.103765e+02 4.044175e+01 3.632373e+01
    endloop
  endfacet
  facet normal -5.318580e-01 5.421537e-01 -6.505355e-01
    outer loop
      vertex   3.103765e+02 3.970941e+01 3.571341e+01
      vertex   3.103765e+02 4.044175e+01 3.632373e+01
      vertex   3.105661e+02 4.052075e+01 3.623456e+01
    endloop
  endfacet
  facet normal -5.318580e-01 5.804429e-01 -6.166142e-01
    outer loop
      vertex   3.105661e+02 4.052075e+01 3.623456e+01
      vertex   3.103765e+02 4.044175e+01 3.632373e+01
      vertex   3.105661e+02 4.122014e+01 3.689292e+01
    endloop
  endfacet
  facet normal -3.301448e-01 6.469957e-01 -6.873143e-01
    outer loop
      vertex   3.105661e+02 4.052075e+01 3.623456e+01
      vertex   3.105661e+02 4.122014e+01 3.689292e+01
      vertex   3.107775e+02 4.127244e+01 3.684062e+01
    endloop
  endfacet
  facet normal -3.301448e-01 6.873143e-01 -6.469957e-01
    outer loop
      vertex   3.107775e+02 4.127244e+01 3.684062e+01
      vertex   3.105661e+02 4.122014e+01 3.689292e+01
      vertex   3.107775e+02 4.193386e+01 3.754327e+01
    endloop
  endfacet
  facet normal -9.940707e-01 5.535091e-02 -9.359328e-02
    outer loop
      vertex   3.100000e+02 3.720276e+01 3.499200e+01
      vertex   3.100000e+02 3.801386e+01 3.547169e+01
      vertex   3.100251e+02 3.785164e+01 3.510946e+01
    endloop
  endfacet
  facet normal -9.933376e-01 6.256998e-02 -9.677543e-02
    outer loop
      vertex   3.100251e+02 3.785164e+01 3.510946e+01
      vertex   3.100000e+02 3.801386e+01 3.547169e+01
      vertex   3.100251e+02 3.862383e+01 3.560872e+01
    endloop
  endfacet
  facet normal -9.438363e-01 1.793976e-01 -2.774698e-01
    outer loop
      vertex   3.100251e+02 3.785164e+01 3.510946e+01
      vertex   3.100251e+02 3.862383e+01 3.560872e+01
      vertex   3.100990e+02 3.874390e+01 3.543477e+01
    endloop
  endfacet
  facet normal -9.438363e-01 1.958235e-01 -2.661318e-01
    outer loop
      vertex   3.100990e+02 3.874390e+01 3.543477e+01
      vertex   3.100251e+02 3.862383e+01 3.560872e+01
      vertex   3.100990e+02 3.949482e+01 3.598731e+01
    endloop
  endfacet
  facet normal -8.466148e-01 3.154185e-01 -4.286660e-01
    outer loop
      vertex   3.100990e+02 3.874390e+01 3.543477e+01
      vertex   3.100990e+02 3.949482e+01 3.598731e+01
      vertex   3.102182e+02 3.961176e+01 3.583805e+01
    endloop
  endfacet
  facet normal -8.466148e-01 3.407252e-01 -4.088395e-01
    outer loop
      vertex   3.102182e+02 3.961176e+01 3.583805e+01
      vertex   3.100990e+02 3.949482e+01 3.598731e+01
      vertex   3.102182e+02 4.033675e+01 3.644225e+01
    endloop
  endfacet
  facet normal -7.069454e-01 4.528021e-01 -5.433216e-01
    outer loop
      vertex   3.102182e+02 3.961176e+01 3.583805e+01
      vertex   3.102182e+02 4.033675e+01 3.644225e+01
      vertex   3.103765e+02 4.044175e+01 3.632373e+01
    endloop
  endfacet
  facet normal -7.069454e-01 4.847809e-01 -5.149909e-01
    outer loop
      vertex   3.103765e+02 4.044175e+01 3.632373e+01
      vertex   3.102182e+02 4.033675e+01 3.644225e+01
      vertex   3.103765e+02 4.113590e+01 3.697716e+01
    endloop
  endfacet
  facet normal -5.318580e-01 5.804429e-01 -6.166142e-01
    outer loop
      vertex   3.103765e+02 4.044175e+01 3.632373e+01
      vertex   3.103765e+02 4.113590e+01 3.697716e+01
      vertex   3.105661e+02 4.122014e+01 3.689292e+01
    endloop
  endfacet
  facet normal -5.318580e-01 6.166142e-01 -5.804429e-01
    outer loop
      vertex   3.105661e+02 4.122014e+01 3.689292e+01
      vertex   3.103765e+02 4.113590e+01 3.697716e+01
      vertex   3.105661e+02 4.187850e+01 3.759231e+01
    endloop
  endfacet
  facet normal -3.301448e-01 6.873143e-01 -6.469957e-01
    outer loop
      vertex   3.105661e+02 4.122014e+01 3.689292e+01
      vertex   3.105661e+02 4.187850e+01 3.759231e+01
      vertex   3.107775e+02 4.193386e+01 3.754327e+01
    endloop
  endfacet
  facet normal -3.301448e-01 7.251250e-01 -6.043163e-01
    outer loop
      vertex   3.107775e+02 4.193386e+01 3.754327e+01
      vertex   3.105661e+02 4.187850e+01 3.759231e+01
      vertex   3.107775e+02 4.255166e+01 3.828457e+01
    endloop
  endfacet
  facet normal -9.940866e-01 6.103659e-02 -8.981261e-02
    outer loop
      vertex   3.100000e+02 3.801386e+01 3.547169e+01
      vertex   3.100000e+02 3.879324e+01 3.600135e+01
      vertex   3.100251e+02 3.862383e+01 3.560872e+01
    endloop
  endfacet
  facet normal -9.933215e-01 6.838103e-02 -9.293250e-02
    outer loop
      vertex   3.100251e+02 3.862383e+01 3.560872e+01
      vertex   3.100000e+02 3.879324e+01 3.600135e+01
      vertex   3.100251e+02 3.936447e+01 3.615369e+01
    endloop
  endfacet
  facet normal -9.438363e-01 1.958235e-01 -2.661318e-01
    outer loop
      vertex   3.100251e+02 3.862383e+01 3.560872e+01
      vertex   3.100251e+02 3.936447e+01 3.615369e+01
      vertex   3.100990e+02 3.949482e+01 3.598731e+01
    endloop
  endfacet
  facet normal -9.438363e-01 2.115349e-01 -2.538227e-01
    outer loop
      vertex   3.100990e+02 3.949482e+01 3.598731e+01
      vertex   3.100251e+02 3.936447e+01 3.615369e+01
      vertex   3.100990e+02 4.021101e+01 3.658418e+01
    endloop
  endfacet
  facet normal -8.466148e-01 3.407252e-01 -4.088395e-01
    outer loop
      vertex   3.100990e+02 3.949482e+01 3.598731e+01
      vertex   3.100990e+02 4.021101e+01 3.658418e+01
      vertex   3.102182e+02 4.033675e+01 3.644225e+01
    endloop
  endfacet
  facet normal -8.466148e-01 3.647887e-01 -3.875211e-01
    outer loop
      vertex   3.102182e+02 4.033675e+01 3.644225e+01
      vertex   3.100990e+02 4.021101e+01 3.658418e+01
      vertex   3.102182e+02 4.102393e+01 3.708913e+01
    endloop
  endfacet
  facet normal -7.069454e-01 4.847809e-01 -5.149909e-01
    outer loop
      vertex   3.102182e+02 4.033675e+01 3.644225e+01
      vertex   3.102182e+02 4.102393e+01 3.708913e+01
      vertex   3.103765e+02 4.113590e+01 3.697716e+01
    endloop
  endfacet
  facet normal -7.069454e-01 5.149909e-01 -4.847809e-01
    outer loop
      vertex   3.103765e+02 4.113590e+01 3.697716e+01
      vertex   3.102182e+02 4.102393e+01 3.708913e+01
      vertex   3.103765e+02 4.178933e+01 3.767131e+01
    endloop
  endfacet
  facet normal -5.318580e-01 6.166142e-01 -5.804429e-01
    outer loop
      vertex   3.103765e+02 4.113590e+01 3.697716e+01
      vertex   3.103765e+02 4.178933e+01 3.767131e+01
      vertex   3.105661e+02 4.187850e+01 3.759231e+01
    endloop
  endfacet
  facet normal -5.318580e-01 6.505355e-01 -5.421537e-01
    outer loop
      vertex   3.105661e+02 4.187850e+01 3.759231e+01
      vertex   3.103765e+02 4.178933e+01 3.767131e+01
      vertex   3.105661e+02 4.249344e+01 3.833018e+01
    endloop
  endfacet
  facet normal -3.301448e-01 7.251250e-01 -6.043163e-01
    outer loop
      vertex   3.105661e+02 4.187850e+01 3.759231e+01
      vertex   3.105661e+02 4.249344e+01 3.833018e+01
      vertex   3.107775e+02 4.255166e+01 3.828457e+01
    endloop
  endfacet
  facet normal -3.301448e-01 7.602897e-01 -5.594318e-01
    outer loop
      vertex   3.107775e+02 4.255166e+01 3.828457e+01
      vertex   3.105661e+02 4.249344e+01 3.833018e+01
      vertex   3.107775e+02 4.312356e+01 3.906181e+01
    endloop
  endfacet
  facet normal -9.940980e-01 6.649190e-02 -8.572084e-02
    outer loop
      vertex   3.100000e+02 3.879324e+01 3.600135e+01
      vertex   3.100000e+02 3.953782e+01 3.657891e+01
      vertex   3.100251e+02 3.936447e+01 3.615369e+01
    endloop
  endfacet
  facet normal -9.933107e-01 7.392660e-02 -8.870524e-02
    outer loop
      vertex   3.100251e+02 3.936447e+01 3.615369e+01
      vertex   3.100000e+02 3.953782e+01 3.657891e+01
      vertex   3.100251e+02 4.007085e+01 3.674238e+01
    endloop
  endfacet
  facet normal -9.438363e-01 2.115349e-01 -2.538227e-01
    outer loop
      vertex   3.100251e+02 3.936447e+01 3.615369e+01
      vertex   3.100251e+02 4.007085e+01 3.674238e+01
      vertex   3.100990e+02 4.021101e+01 3.658418e+01
    endloop
  endfacet
  facet normal -9.438363e-01 2.264744e-01 -2.405875e-01
    outer loop
      vertex   3.100990e+02 4.021101e+01 3.658418e+01
      vertex   3.100251e+02 4.007085e+01 3.674238e+01
      vertex   3.100990e+02 4.088986e+01 3.722320e+01
    endloop
  endfacet
  facet normal -8.466148e-01 3.647887e-01 -3.875211e-01
    outer loop
      vertex   3.100990e+02 4.021101e+01 3.658418e+01
      vertex   3.100990e+02 4.088986e+01 3.722320e+01
      vertex   3.102182e+02 4.102393e+01 3.708913e+01
    endloop
  endfacet
  facet normal -8.466148e-01 3.875211e-01 -3.647887e-01
    outer loop
      vertex   3.102182e+02 4.102393e+01 3.708913e+01
      vertex   3.100990e+02 4.088986e+01 3.722320e+01
      vertex   3.102182e+02 4.167081e+01 3.777631e+01
    endloop
  endfacet
  facet normal -7.069454e-01 5.149909e-01 -4.847809e-01
    outer loop
      vertex   3.102182e+02 4.102393e+01 3.708913e+01
      vertex   3.102182e+02 4.167081e+01 3.777631e+01
      vertex   3.103765e+02 4.178933e+01 3.767131e+01
    endloop
  endfacet
  facet normal -7.069454e-01 5.433216e-01 -4.528021e-01
    outer loop
      vertex   3.103765e+02 4.178933e+01 3.767131e+01
      vertex   3.102182e+02 4.167081e+01 3.777631e+01
      vertex   3.103765e+02 4.239965e+01 3.840365e+01
    endloop
  endfacet
  facet normal -5.318580e-01 6.505355e-01 -5.421537e-01
    outer loop
      vertex   3.103765e+02 4.178933e+01 3.767131e+01
      vertex   3.103765e+02 4.239965e+01 3.840365e+01
      vertex   3.105661e+02 4.249344e+01 3.833018e+01
    endloop
  endfacet
  facet normal -5.318580e-01 6.820830e-01 -5.018862e-01
    outer loop
      vertex   3.105661e+02 4.249344e+01 3.833018e+01
      vertex   3.103765e+02 4.239965e+01 3.840365e+01
      vertex   3.105661e+02 4.306270e+01 3.910382e+01
    endloop
  endfacet
  facet normal -3.301448e-01 7.602897e-01 -5.594318e-01
    outer loop
      vertex   3.105661e+02 4.249344e+01 3.833018e+01
      vertex   3.105661e+02 4.306270e+01 3.910382e+01
      vertex   3.107775e+02 4.312356e+01 3.906181e+01
    endloop
  endfacet
  facet normal -3.301448e-01 7.926803e-01 -5.125060e-01
    outer loop
      vertex   3.107775e+02 4.312356e+01 3.906181e+01
      vertex   3.105661e+02 4.306270e+01 3.910382e+01
      vertex   3.107775e+02 4.364750e+01 3.987217e+01
    endloop
  endfacet
  facet normal -9.941048e-01 7.170202e-02 -8.132998e-02
    outer loop
      vertex   3.100000e+02 3.953782e+01 3.657891e+01
      vertex   3.100000e+02 4.024466e+01 3.720208e+01
      vertex   3.100251e+02 4.007085e+01 3.674238e+01
    endloop
  endfacet
  facet normal -9.933054e-01 7.917935e-02 -8.411354e-02
    outer loop
      vertex   3.100251e+02 4.007085e+01 3.674238e+01
      vertex   3.100000e+02 4.024466e+01 3.720208e+01
      vertex   3.100251e+02 4.074040e+01 3.737266e+01
    endloop
  endfacet
  facet normal -9.438363e-01 2.264744e-01 -2.405875e-01
    outer loop
      vertex   3.100251e+02 4.007085e+01 3.674238e+01
      vertex   3.100251e+02 4.074040e+01 3.737266e+01
      vertex   3.100990e+02 4.088986e+01 3.722320e+01
    endloop
  endfacet
  facet normal -9.438363e-01 2.405875e-01 -2.264744e-01
    outer loop
      vertex   3.100990e+02 4.088986e+01 3.722320e+01
      vertex   3.100251e+02 4.074040e+01 3.737266e+01
      vertex   3.100990e+02 4.152888e+01 3.790205e+01
    endloop
  endfacet
  facet normal -8.466148e-01 3.875211e-01 -3.647887e-01
    outer loop
      vertex   3.100990e+02 4.088986e+01 3.722320e+01
      vertex   3.100990e+02 4.152888e+01 3.790205e+01
      vertex   3.102182e+02 4.167081e+01 3.777631e+01
    endloop
  endfacet
  facet normal -8.466148e-01 4.088395e-01 -3.407252e-01
    outer loop
      vertex   3.102182e+02 4.167081e+01 3.777631e+01
      vertex   3.100990e+02 4.152888e+01 3.790205e+01
      vertex   3.102182e+02 4.227501e+01 3.850130e+01
    endloop
  endfacet
  facet normal -7.069454e-01 5.433216e-01 -4.528021e-01
    outer loop
      vertex   3.102182e+02 4.167081e+01 3.777631e+01
      vertex   3.102182e+02 4.227501e+01 3.850130e+01
      vertex   3.103765e+02 4.239965e+01 3.840365e+01
    endloop
  endfacet
  facet normal -7.069454e-01 5.696699e-01 -4.191711e-01
    outer loop
      vertex   3.103765e+02 4.239965e+01 3.840365e+01
      vertex   3.102182e+02 4.227501e+01 3.850130e+01
      vertex   3.103765e+02 4.296465e+01 3.917150e+01
    endloop
  endfacet
  facet normal -5.318580e-01 6.820830e-01 -5.018862e-01
    outer loop
      vertex   3.103765e+02 4.239965e+01 3.840365e+01
      vertex   3.103765e+02 4.296465e+01 3.917150e+01
      vertex   3.105661e+02 4.306270e+01 3.910382e+01
    endloop
  endfacet
  facet normal -5.318580e-01 7.111417e-01 -4.597874e-01
    outer loop
      vertex   3.105661e+02 4.306270e+01 3.910382e+01
      vertex   3.103765e+02 4.296465e+01 3.917150e+01
      vertex   3.105661e+02 4.358421e+01 3.991043e+01
    endloop
  endfacet
  facet normal -3.301448e-01 7.926803e-01 -5.125060e-01
    outer loop
      vertex   3.105661e+02 4.306270e+01 3.910382e+01
      vertex   3.105661e+02 4.358421e+01 3.991043e+01
      vertex   3.107775e+02 4.364750e+01 3.987217e+01
    endloop
  endfacet
  facet normal -3.301448e-01 8.221784e-01 -4.637101e-01
    outer loop
      vertex   3.107775e+02 4.364750e+01 3.987217e+01
      vertex   3.105661e+02 4.358421e+01 3.991043e+01
      vertex   3.107775e+02 4.412155e+01 4.071269e+01
    endloop
  endfacet
  facet normal -9.941070e-01 7.665264e-02 -7.665264e-02
    outer loop
      vertex   3.100000e+02 4.024466e+01 3.720208e+01
      vertex   3.100000e+02 4.091099e+01 3.786840e+01
      vertex   3.100251e+02 4.074040e+01 3.737266e+01
    endloop
  endfacet
  facet normal -9.933054e-01 8.411354e-02 -7.917935e-02
    outer loop
      vertex   3.100251e+02 4.074040e+01 3.737266e+01
      vertex   3.100000e+02 4.091099e+01 3.786840e+01
      vertex   3.100251e+02 4.137068e+01 3.804221e+01
    endloop
  endfacet
  facet normal -9.438363e-01 2.405875e-01 -2.264744e-01
    outer loop
      vertex   3.100251e+02 4.074040e+01 3.737266e+01
      vertex   3.100251e+02 4.137068e+01 3.804221e+01
      vertex   3.100990e+02 4.152888e+01 3.790205e+01
    endloop
  endfacet
  facet normal -9.438363e-01 2.538227e-01 -2.115349e-01
    outer loop
      vertex   3.100990e+02 4.152888e+01 3.790205e+01
      vertex   3.100251e+02 4.137068e+01 3.804221e+01
      vertex   3.100990e+02 4.212575e+01 3.861824e+01
    endloop
  endfacet
  facet normal -8.466148e-01 4.088395e-01 -3.407252e-01
    outer loop
      vertex   3.100990e+02 4.152888e+01 3.790205e+01
      vertex   3.100990e+02 4.212575e+01 3.861824e+01
      vertex   3.102182e+02 4.227501e+01 3.850130e+01
    endloop
  endfacet
  facet normal -8.466148e-01 4.286660e-01 -3.154185e-01
    outer loop
      vertex   3.102182e+02 4.227501e+01 3.850130e+01
      vertex   3.100990e+02 4.212575e+01 3.861824e+01
      vertex   3.102182e+02 4.283434e+01 3.926145e+01
    endloop
  endfacet
  facet normal -7.069454e-01 5.696699e-01 -4.191711e-01
    outer loop
      vertex   3.102182e+02 4.227501e+01 3.850130e+01
      vertex   3.102182e+02 4.283434e+01 3.926145e+01
      vertex   3.103765e+02 4.296465e+01 3.917150e+01
    endloop
  endfacet
  facet normal -7.069454e-01 5.939395e-01 -3.840105e-01
    outer loop
      vertex   3.103765e+02 4.296465e+01 3.917150e+01
      vertex   3.102182e+02 4.283434e+01 3.926145e+01
      vertex   3.103765e+02 4.348225e+01 3.997207e+01
    endloop
  endfacet
  facet normal -5.318580e-01 7.111417e-01 -4.597874e-01
    outer loop
      vertex   3.103765e+02 4.296465e+01 3.917150e+01
      vertex   3.103765e+02 4.348225e+01 3.997207e+01
      vertex   3.105661e+02 4.358421e+01 3.991043e+01
    endloop
  endfacet
  facet normal -5.318580e-01 7.376056e-01 -4.160109e-01
    outer loop
      vertex   3.105661e+02 4.358421e+01 3.991043e+01
      vertex   3.103765e+02 4.348225e+01 3.997207e+01
      vertex   3.105661e+02 4.405606e+01 4.074706e+01
    endloop
  endfacet
  facet normal -3.301448e-01 8.221784e-01 -4.637101e-01
    outer loop
      vertex   3.105661e+02 4.358421e+01 3.991043e+01
      vertex   3.105661e+02 4.405606e+01 4.074706e+01
      vertex   3.107775e+02 4.412155e+01 4.071269e+01
    endloop
  endfacet
  facet normal -3.301448e-01 8.486765e-01 -4.132222e-01
    outer loop
      vertex   3.107775e+02 4.412155e+01 4.071269e+01
      vertex   3.105661e+02 4.405606e+01 4.074706e+01
      vertex   3.107775e+02 4.454399e+01 4.158029e+01
    endloop
  endfacet
  facet normal -9.941048e-01 8.132998e-02 -7.170202e-02
    outer loop
      vertex   3.100000e+02 4.091099e+01 3.786840e+01
      vertex   3.100000e+02 4.153415e+01 3.857524e+01
      vertex   3.100251e+02 4.137068e+01 3.804221e+01
    endloop
  endfacet
  facet normal -9.933107e-01 8.870524e-02 -7.392660e-02
    outer loop
      vertex   3.100251e+02 4.137068e+01 3.804221e+01
      vertex   3.100000e+02 4.153415e+01 3.857524e+01
      vertex   3.100251e+02 4.195937e+01 3.874859e+01
    endloop
  endfacet
  facet normal -9.438363e-01 2.538227e-01 -2.115349e-01
    outer loop
      vertex   3.100251e+02 4.137068e+01 3.804221e+01
      vertex   3.100251e+02 4.195937e+01 3.874859e+01
      vertex   3.100990e+02 4.212575e+01 3.861824e+01
    endloop
  endfacet
  facet normal -9.438363e-01 2.661318e-01 -1.958235e-01
    outer loop
      vertex   3.100990e+02 4.212575e+01 3.861824e+01
      vertex   3.100251e+02 4.195937e+01 3.874859e+01
      vertex   3.100990e+02 4.267829e+01 3.936916e+01
    endloop
  endfacet
  facet normal -8.466148e-01 4.286660e-01 -3.154185e-01
    outer loop
      vertex   3.100990e+02 4.212575e+01 3.861824e+01
      vertex   3.100990e+02 4.267829e+01 3.936916e+01
      vertex   3.102182e+02 4.283434e+01 3.926145e+01
    endloop
  endfacet
  facet normal -8.466148e-01 4.469285e-01 -2.889608e-01
    outer loop
      vertex   3.102182e+02 4.283434e+01 3.926145e+01
      vertex   3.100990e+02 4.267829e+01 3.936916e+01
      vertex   3.102182e+02 4.334675e+01 4.005398e+01
    endloop
  endfacet
  facet normal -7.069454e-01 5.939395e-01 -3.840105e-01
    outer loop
      vertex   3.102182e+02 4.283434e+01 3.926145e+01
      vertex   3.102182e+02 4.334675e+01 4.005398e+01
      vertex   3.103765e+02 4.348225e+01 3.997207e+01
    endloop
  endfacet
  facet normal -7.069454e-01 6.160418e-01 -3.474487e-01
    outer loop
      vertex   3.103765e+02 4.348225e+01 3.997207e+01
      vertex   3.102182e+02 4.334675e+01 4.005398e+01
      vertex   3.103765e+02 4.395057e+01 4.080242e+01
    endloop
  endfacet
  facet normal -5.318580e-01 7.376056e-01 -4.160109e-01
    outer loop
      vertex   3.103765e+02 4.348225e+01 3.997207e+01
      vertex   3.103765e+02 4.395057e+01 4.080242e+01
      vertex   3.105661e+02 4.405606e+01 4.074706e+01
    endloop
  endfacet
  facet normal -5.318580e-01 7.613780e-01 -3.707164e-01
    outer loop
      vertex   3.105661e+02 4.405606e+01 4.074706e+01
      vertex   3.103765e+02 4.395057e+01 4.080242e+01
      vertex   3.105661e+02 4.447655e+01 4.161064e+01
    endloop
  endfacet
  facet normal -3.301448e-01 8.486765e-01 -4.132222e-01
    outer loop
      vertex   3.105661e+02 4.405606e+01 4.074706e+01
      vertex   3.105661e+02 4.447655e+01 4.161064e+01
      vertex   3.107775e+02 4.454399e+01 4.158029e+01
    endloop
  endfacet
  facet normal -3.301448e-01 8.720779e-01 -3.612265e-01
    outer loop
      vertex   3.107775e+02 4.454399e+01 4.158029e+01
      vertex   3.105661e+02 4.447655e+01 4.161064e+01
      vertex   3.107775e+02 4.491327e+01 4.247182e+01
    endloop
  endfacet
  facet normal -9.940980e-01 8.572084e-02 -6.649190e-02
    outer loop
      vertex   3.100000e+02 4.153415e+01 3.857524e+01
      vertex   3.100000e+02 4.211171e+01 3.931983e+01
      vertex   3.100251e+02 4.195937e+01 3.874859e+01
    endloop
  endfacet
  facet normal -9.933215e-01 9.293250e-02 -6.838103e-02
    outer loop
      vertex   3.100251e+02 4.195937e+01 3.874859e+01
      vertex   3.100000e+02 4.211171e+01 3.931983e+01
      vertex   3.100251e+02 4.250435e+01 3.948923e+01
    endloop
  endfacet
  facet normal -9.438363e-01 2.661318e-01 -1.958235e-01
    outer loop
      vertex   3.100251e+02 4.195937e+01 3.874859e+01
      vertex   3.100251e+02 4.250435e+01 3.948923e+01
      vertex   3.100990e+02 4.267829e+01 3.936916e+01
    endloop
  endfacet
  facet normal -9.438363e-01 2.774698e-01 -1.793976e-01
    outer loop
      vertex   3.100990e+02 4.267829e+01 3.936916e+01
      vertex   3.100251e+02 4.250435e+01 3.948923e+01
      vertex   3.100990e+02 4.318448e+01 4.015207e+01
    endloop
  endfacet
  facet normal -8.466148e-01 4.469285e-01 -2.889608e-01
    outer loop
      vertex   3.100990e+02 4.267829e+01 3.936916e+01
      vertex   3.100990e+02 4.318448e+01 4.015207e+01
      vertex   3.102182e+02 4.334675e+01 4.005398e+01
    endloop
  endfacet
  facet normal -8.466148e-01 4.635601e-01 -2.614487e-01
    outer loop
      vertex   3.102182e+02 4.334675e+01 4.005398e+01
      vertex   3.100990e+02 4.318448e+01 4.015207e+01
      vertex   3.102182e+02 4.381037e+01 4.087601e+01
    endloop
  endfacet
  facet normal -7.069454e-01 6.160418e-01 -3.474487e-01
    outer loop
      vertex   3.102182e+02 4.334675e+01 4.005398e+01
      vertex   3.102182e+02 4.381037e+01 4.087601e+01
      vertex   3.103765e+02 4.395057e+01 4.080242e+01
    endloop
  endfacet
  facet normal -7.069454e-01 6.358963e-01 -3.096191e-01
    outer loop
      vertex   3.103765e+02 4.395057e+01 4.080242e+01
      vertex   3.102182e+02 4.381037e+01 4.087601e+01
      vertex   3.103765e+02 4.436791e+01 4.165954e+01
    endloop
  endfacet
  facet normal -5.318580e-01 7.613780e-01 -3.707164e-01
    outer loop
      vertex   3.103765e+02 4.395057e+01 4.080242e+01
      vertex   3.103765e+02 4.436791e+01 4.165954e+01
      vertex   3.105661e+02 4.447655e+01 4.161064e+01
    endloop
  endfacet
  facet normal -5.318580e-01 7.823722e-01 -3.240692e-01
    outer loop
      vertex   3.105661e+02 4.447655e+01 4.161064e+01
      vertex   3.103765e+02 4.436791e+01 4.165954e+01
      vertex   3.105661e+02 4.484412e+01 4.249804e+01
    endloop
  endfacet
  facet normal -3.301448e-01 8.720779e-01 -3.612265e-01
    outer loop
      vertex   3.105661e+02 4.447655e+01 4.161064e+01
      vertex   3.105661e+02 4.484412e+01 4.249804e+01
      vertex   3.107775e+02 4.491327e+01 4.247182e+01
    endloop
  endfacet
  facet normal -3.301448e-01 8.922971e-01 -3.079127e-01
    outer loop
      vertex   3.107775e+02 4.491327e+01 4.247182e+01
      vertex   3.105661e+02 4.484412e+01 4.249804e+01
      vertex   3.107775e+02 4.522805e+01 4.338401e+01
    endloop
  endfacet
  facet normal -9.940866e-01 8.981261e-02 -6.103659e-02
    outer loop
      vertex   3.100000e+02 4.211171e+01 3.931983e+01
      vertex   3.100000e+02 4.264138e+01 4.009920e+01
      vertex   3.100251e+02 4.250435e+01 3.948923e+01
    endloop
  endfacet
  facet normal -9.933376e-01 9.677543e-02 -6.256998e-02
    outer loop
      vertex   3.100251e+02 4.250435e+01 3.948923e+01
      vertex   3.100000e+02 4.264138e+01 4.009920e+01
      vertex   3.100251e+02 4.300360e+01 4.026142e+01
    endloop
  endfacet
  facet normal -9.438363e-01 2.774698e-01 -1.793976e-01
    outer loop
      vertex   3.100251e+02 4.250435e+01 3.948923e+01
      vertex   3.100251e+02 4.300360e+01 4.026142e+01
      vertex   3.100990e+02 4.318448e+01 4.015207e+01
    endloop
  endfacet
  facet normal -9.438363e-01 2.877953e-01 -1.623171e-01
    outer loop
      vertex   3.100990e+02 4.318448e+01 4.015207e+01
      vertex   3.100251e+02 4.300360e+01 4.026142e+01
      vertex   3.100990e+02 4.364248e+01 4.096412e+01
    endloop
  endfacet
  facet normal -8.466148e-01 4.635601e-01 -2.614487e-01
    outer loop
      vertex   3.100990e+02 4.318448e+01 4.015207e+01
      vertex   3.100990e+02 4.364248e+01 4.096412e+01
      vertex   3.102182e+02 4.381037e+01 4.087601e+01
    endloop
  endfacet
  facet normal -8.466148e-01 4.785002e-01 -2.329827e-01
    outer loop
      vertex   3.102182e+02 4.381037e+01 4.087601e+01
      vertex   3.100990e+02 4.364248e+01 4.096412e+01
      vertex   3.102182e+02 4.422351e+01 4.172452e+01
    endloop
  endfacet
  facet normal -7.069454e-01 6.358963e-01 -3.096191e-01
    outer loop
      vertex   3.102182e+02 4.381037e+01 4.087601e+01
      vertex   3.102182e+02 4.422351e+01 4.172452e+01
      vertex   3.103765e+02 4.436791e+01 4.165954e+01
    endloop
  endfacet
  facet normal -7.069454e-01 6.534305e-01 -2.706598e-01
    outer loop
      vertex   3.103765e+02 4.436791e+01 4.165954e+01
      vertex   3.102182e+02 4.422351e+01 4.172452e+01
      vertex   3.103765e+02 4.473273e+01 4.254029e+01
    endloop
  endfacet
  facet normal -5.318580e-01 7.823722e-01 -3.240692e-01
    outer loop
      vertex   3.103765e+02 4.436791e+01 4.165954e+01
      vertex   3.103765e+02 4.473273e+01 4.254029e+01
      vertex   3.105661e+02 4.484412e+01 4.249804e+01
    endloop
  endfacet
  facet normal -5.318580e-01 8.005116e-01 -2.762395e-01
    outer loop
      vertex   3.105661e+02 4.484412e+01 4.249804e+01
      vertex   3.103765e+02 4.473273e+01 4.254029e+01
      vertex   3.105661e+02 4.515744e+01 4.340602e+01
    endloop
  endfacet
  facet normal -3.301448e-01 8.922971e-01 -3.079127e-01
    outer loop
      vertex   3.105661e+02 4.484412e+01 4.249804e+01
      vertex   3.105661e+02 4.515744e+01 4.340602e+01
      vertex   3.107775e+02 4.522805e+01 4.338401e+01
    endloop
  endfacet
  facet normal -3.301448e-01 9.092605e-01 -2.534754e-01
    outer loop
      vertex   3.107775e+02 4.522805e+01 4.338401e+01
      vertex   3.105661e+02 4.515744e+01 4.340602e+01
      vertex   3.107775e+02 4.548718e+01 4.431355e+01
    endloop
  endfacet
  facet normal -9.940707e-01 9.359328e-02 -5.535091e-02
    outer loop
      vertex   3.100000e+02 4.264138e+01 4.009920e+01
      vertex   3.100000e+02 4.312106e+01 4.091030e+01
      vertex   3.100251e+02 4.300360e+01 4.026142e+01
    endloop
  endfacet
  facet normal -9.933589e-01 1.002164e-01 -5.652224e-02
    outer loop
      vertex   3.100251e+02 4.300360e+01 4.026142e+01
      vertex   3.100000e+02 4.312106e+01 4.091030e+01
      vertex   3.100251e+02 4.345533e+01 4.106235e+01
    endloop
  endfacet
  facet normal -9.438363e-01 2.877953e-01 -1.623171e-01
    outer loop
      vertex   3.100251e+02 4.300360e+01 4.026142e+01
      vertex   3.100251e+02 4.345533e+01 4.106235e+01
      vertex   3.100990e+02 4.364248e+01 4.096412e+01
    endloop
  endfacet
  facet normal -9.438363e-01 2.970707e-01 -1.446443e-01
    outer loop
      vertex   3.100990e+02 4.364248e+01 4.096412e+01
      vertex   3.100251e+02 4.345533e+01 4.106235e+01
      vertex   3.100990e+02 4.405061e+01 4.180234e+01
    endloop
  endfacet
  facet normal -8.466148e-01 4.785002e-01 -2.329827e-01
    outer loop
      vertex   3.100990e+02 4.364248e+01 4.096412e+01
      vertex   3.100990e+02 4.405061e+01 4.180234e+01
      vertex   3.102182e+02 4.422351e+01 4.172452e+01
    endloop
  endfacet
  facet normal -8.466148e-01 4.916944e-01 -2.036665e-01
    outer loop
      vertex   3.102182e+02 4.422351e+01 4.172452e+01
      vertex   3.100990e+02 4.405061e+01 4.180234e+01
      vertex   3.102182e+02 4.458467e+01 4.259644e+01
    endloop
  endfacet
  facet normal -7.069454e-01 6.534305e-01 -2.706598e-01
    outer loop
      vertex   3.102182e+02 4.422351e+01 4.172452e+01
      vertex   3.102182e+02 4.458467e+01 4.259644e+01
      vertex   3.103765e+02 4.473273e+01 4.254029e+01
    endloop
  endfacet
  facet normal -7.069454e-01 6.685804e-01 -2.307128e-01
    outer loop
      vertex   3.103765e+02 4.473273e+01 4.254029e+01
      vertex   3.102182e+02 4.458467e+01 4.259644e+01
      vertex   3.103765e+02 4.504370e+01 4.344146e+01
    endloop
  endfacet
  facet normal -5.318580e-01 8.005116e-01 -2.762395e-01
    outer loop
      vertex   3.103765e+02 4.473273e+01 4.254029e+01
      vertex   3.103765e+02 4.504370e+01 4.344146e+01
      vertex   3.105661e+02 4.515744e+01 4.340602e+01
    endloop
  endfacet
  facet normal -5.318580e-01 8.157300e-01 -2.274018e-01
    outer loop
      vertex   3.105661e+02 4.515744e+01 4.340602e+01
      vertex   3.103765e+02 4.504370e+01 4.344146e+01
      vertex   3.105661e+02 4.541537e+01 4.433125e+01
    endloop
  endfacet
  facet normal -3.301448e-01 9.092605e-01 -2.534754e-01
    outer loop
      vertex   3.105661e+02 4.515744e+01 4.340602e+01
      vertex   3.105661e+02 4.541537e+01 4.433125e+01
      vertex   3.107775e+02 4.548718e+01 4.431355e+01
    endloop
  endfacet
  facet normal -3.301448e-01 9.229061e-01 -1.981131e-01
    outer loop
      vertex   3.107775e+02 4.548718e+01 4.431355e+01
      vertex   3.105661e+02 4.541537e+01 4.433125e+01
      vertex   3.107775e+02 4.568971e+01 4.525704e+01
    endloop
  endfacet
  facet normal -9.940501e-01 9.705149e-02 -4.945020e-02
    outer loop
      vertex   3.100000e+02 4.312106e+01 4.091030e+01
      vertex   3.100000e+02 4.354886e+01 4.174992e+01
      vertex   3.100251e+02 4.345533e+01 4.106235e+01
    endloop
  endfacet
  facet normal -9.933854e-01 1.032402e-01 -5.026784e-02
    outer loop
      vertex   3.100251e+02 4.345533e+01 4.106235e+01
      vertex   3.100000e+02 4.354886e+01 4.174992e+01
      vertex   3.100251e+02 4.385787e+01 4.188909e+01
    endloop
  endfacet
  facet normal -9.438363e-01 2.970707e-01 -1.446443e-01
    outer loop
      vertex   3.100251e+02 4.345533e+01 4.106235e+01
      vertex   3.100251e+02 4.385787e+01 4.188909e+01
      vertex   3.100990e+02 4.405061e+01 4.180234e+01
    endloop
  endfacet
  facet normal -9.438363e-01 3.052621e-01 -1.264437e-01
    outer loop
      vertex   3.100990e+02 4.405061e+01 4.180234e+01
      vertex   3.100251e+02 4.385787e+01 4.188909e+01
      vertex   3.100990e+02 4.440739e+01 4.266367e+01
    endloop
  endfacet
  facet normal -8.466148e-01 4.916944e-01 -2.036665e-01
    outer loop
      vertex   3.100990e+02 4.405061e+01 4.180234e+01
      vertex   3.100990e+02 4.440739e+01 4.266367e+01
      vertex   3.102182e+02 4.458467e+01 4.259644e+01
    endloop
  endfacet
  facet normal -8.466148e-01 5.030944e-01 -1.736071e-01
    outer loop
      vertex   3.102182e+02 4.458467e+01 4.259644e+01
      vertex   3.100990e+02 4.440739e+01 4.266367e+01
      vertex   3.102182e+02 4.489253e+01 4.348857e+01
    endloop
  endfacet
  facet normal -7.069454e-01 6.685804e-01 -2.307128e-01
    outer loop
      vertex   3.102182e+02 4.458467e+01 4.259644e+01
      vertex   3.102182e+02 4.489253e+01 4.348857e+01
      vertex   3.103765e+02 4.504370e+01 4.344146e+01
    endloop
  endfacet
  facet normal -7.069454e-01 6.812907e-01 -1.899240e-01
    outer loop
      vertex   3.103765e+02 4.504370e+01 4.344146e+01
      vertex   3.102182e+02 4.489253e+01 4.348857e+01
      vertex   3.103765e+02 4.529970e+01 4.435977e+01
    endloop
  endfacet
  facet normal -5.318580e-01 8.157300e-01 -2.274018e-01
    outer loop
      vertex   3.103765e+02 4.504370e+01 4.344146e+01
      vertex   3.103765e+02 4.529970e+01 4.435977e+01
      vertex   3.105661e+02 4.541537e+01 4.433125e+01
    endloop
  endfacet
  facet normal -5.318580e-01 8.279719e-01 -1.777344e-01
    outer loop
      vertex   3.105661e+02 4.541537e+01 4.433125e+01
      vertex   3.103765e+02 4.529970e+01 4.435977e+01
      vertex   3.105661e+02 4.561697e+01 4.527037e+01
    endloop
  endfacet
  facet normal -3.301448e-01 9.229061e-01 -1.981131e-01
    outer loop
      vertex   3.105661e+02 4.541537e+01 4.433125e+01
      vertex   3.105661e+02 4.561697e+01 4.527037e+01
      vertex   3.107775e+02 4.568971e+01 4.525704e+01
    endloop
  endfacet
  facet normal -3.301448e-01 9.331840e-01 -1.420280e-01
    outer loop
      vertex   3.107775e+02 4.568971e+01 4.525704e+01
      vertex   3.105661e+02 4.561697e+01 4.527037e+01
      vertex   3.107775e+02 4.583491e+01 4.621104e+01
    endloop
  endfacet
  facet normal -9.940249e-01 1.001765e-01 -4.335024e-02
    outer loop
      vertex   3.100000e+02 4.354886e+01 4.174992e+01
      vertex   3.100000e+02 4.392310e+01 4.261474e+01
      vertex   3.100251e+02 4.385787e+01 4.188909e+01
    endloop
  endfacet
  facet normal -9.934171e-01 1.058338e-01 -4.383782e-02
    outer loop
      vertex   3.100251e+02 4.385787e+01 4.188909e+01
      vertex   3.100000e+02 4.392310e+01 4.261474e+01
      vertex   3.100251e+02 4.420976e+01 4.273862e+01
    endloop
  endfacet
  facet normal -9.438363e-01 3.052621e-01 -1.264437e-01
    outer loop
      vertex   3.100251e+02 4.385787e+01 4.188909e+01
      vertex   3.100251e+02 4.420976e+01 4.273862e+01
      vertex   3.100990e+02 4.440739e+01 4.266367e+01
    endloop
  endfacet
  facet normal -9.438363e-01 3.123397e-01 -1.077818e-01
    outer loop
      vertex   3.100990e+02 4.440739e+01 4.266367e+01
      vertex   3.100251e+02 4.420976e+01 4.273862e+01
      vertex   3.100990e+02 4.471151e+01 4.354498e+01
    endloop
  endfacet
  facet normal -8.466148e-01 5.030944e-01 -1.736071e-01
    outer loop
      vertex   3.100990e+02 4.440739e+01 4.266367e+01
      vertex   3.100990e+02 4.471151e+01 4.354498e+01
      vertex   3.102182e+02 4.489253e+01 4.348857e+01
    endloop
  endfacet
  facet normal -8.466148e-01 5.126586e-01 -1.429143e-01
    outer loop
      vertex   3.102182e+02 4.489253e+01 4.348857e+01
      vertex   3.100990e+02 4.471151e+01 4.354498e+01
      vertex   3.102182e+02 4.514596e+01 4.439766e+01
    endloop
  endfacet
  facet normal -7.069454e-01 6.812907e-01 -1.899240e-01
    outer loop
      vertex   3.102182e+02 4.489253e+01 4.348857e+01
      vertex   3.102182e+02 4.514596e+01 4.439766e+01
      vertex   3.103765e+02 4.529970e+01 4.435977e+01
    endloop
  endfacet
  facet normal -7.069454e-01 6.915151e-01 -1.484422e-01
    outer loop
      vertex   3.103765e+02 4.529970e+01 4.435977e+01
      vertex   3.102182e+02 4.514596e+01 4.439766e+01
      vertex   3.103765e+02 4.549978e+01 4.529185e+01
    endloop
  endfacet
  facet normal -5.318580e-01 8.279719e-01 -1.777344e-01
    outer loop
      vertex   3.103765e+02 4.529970e+01 4.435977e+01
      vertex   3.103765e+02 4.549978e+01 4.529185e+01
      vertex   3.105661e+02 4.561697e+01 4.527037e+01
    endloop
  endfacet
  facet normal -5.318580e-01 8.371927e-01 -1.274184e-01
    outer loop
      vertex   3.105661e+02 4.561697e+01 4.527037e+01
      vertex   3.103765e+02 4.549978e+01 4.529185e+01
      vertex   3.105661e+02 4.576149e+01 4.621995e+01
    endloop
  endfacet
  facet normal -3.301448e-01 9.331840e-01 -1.420280e-01
    outer loop
      vertex   3.105661e+02 4.561697e+01 4.527037e+01
      vertex   3.105661e+02 4.576149e+01 4.621995e+01
      vertex   3.107775e+02 4.583491e+01 4.621104e+01
    endloop
  endfacet
  facet normal -3.301448e-01 9.400569e-01 -8.542463e-02
    outer loop
      vertex   3.107775e+02 4.583491e+01 4.621104e+01
      vertex   3.105661e+02 4.576149e+01 4.621995e+01
      vertex   3.107775e+02 4.592224e+01 4.717206e+01
    endloop
  endfacet
  facet normal -9.939948e-01 1.029583e-01 -3.706726e-02
    outer loop
      vertex   3.100000e+02 4.392310e+01 4.261474e+01
      vertex   3.100000e+02 4.424230e+01 4.350135e+01
      vertex   3.100251e+02 4.420976e+01 4.273862e+01
    endloop
  endfacet
  facet normal -9.934537e-01 1.079871e-01 -3.726403e-02
    outer loop
      vertex   3.100251e+02 4.420976e+01 4.273862e+01
      vertex   3.100000e+02 4.424230e+01 4.350135e+01
      vertex   3.100251e+02 4.450971e+01 4.360786e+01
    endloop
  endfacet
  facet normal -9.438363e-01 3.123397e-01 -1.077818e-01
    outer loop
      vertex   3.100251e+02 4.420976e+01 4.273862e+01
      vertex   3.100251e+02 4.450971e+01 4.360786e+01
      vertex   3.100990e+02 4.471151e+01 4.354498e+01
    endloop
  endfacet
  facet normal -9.438363e-01 3.182775e-01 -8.872652e-02
    outer loop
      vertex   3.100990e+02 4.471151e+01 4.354498e+01
      vertex   3.100251e+02 4.450971e+01 4.360786e+01
      vertex   3.100990e+02 4.496186e+01 4.444303e+01
    endloop
  endfacet
  facet normal -8.466148e-01 5.126586e-01 -1.429143e-01
    outer loop
      vertex   3.100990e+02 4.471151e+01 4.354498e+01
      vertex   3.100990e+02 4.496186e+01 4.444303e+01
      vertex   3.102182e+02 4.514596e+01 4.439766e+01
    endloop
  endfacet
  facet normal -8.466148e-01 5.203523e-01 -1.117000e-01
    outer loop
      vertex   3.102182e+02 4.514596e+01 4.439766e+01
      vertex   3.100990e+02 4.496186e+01 4.444303e+01
      vertex   3.102182e+02 4.534403e+01 4.532039e+01
    endloop
  endfacet
  facet normal -7.069454e-01 6.915151e-01 -1.484422e-01
    outer loop
      vertex   3.102182e+02 4.514596e+01 4.439766e+01
      vertex   3.102182e+02 4.534403e+01 4.532039e+01
      vertex   3.103765e+02 4.549978e+01 4.529185e+01
    endloop
  endfacet
  facet normal -7.069454e-01 6.992161e-01 -1.064187e-01
    outer loop
      vertex   3.103765e+02 4.549978e+01 4.529185e+01
      vertex   3.102182e+02 4.534403e+01 4.532039e+01
      vertex   3.103765e+02 4.564322e+01 4.623432e+01
    endloop
  endfacet
  facet normal -5.318580e-01 8.371927e-01 -1.274184e-01
    outer loop
      vertex   3.103765e+02 4.549978e+01 4.529185e+01
      vertex   3.103765e+02 4.564322e+01 4.623432e+01
      vertex   3.105661e+02 4.576149e+01 4.621995e+01
    endloop
  endfacet
  facet normal -5.318580e-01 8.433586e-01 -7.663748e-02
    outer loop
      vertex   3.105661e+02 4.576149e+01 4.621995e+01
      vertex   3.103765e+02 4.564322e+01 4.623432e+01
      vertex   3.105661e+02 4.584841e+01 4.717653e+01
    endloop
  endfacet
  facet normal -3.301448e-01 9.400569e-01 -8.542463e-02
    outer loop
      vertex   3.105661e+02 4.576149e+01 4.621995e+01
      vertex   3.105661e+02 4.584841e+01 4.717653e+01
      vertex   3.107775e+02 4.592224e+01 4.717206e+01
    endloop
  endfacet
  facet normal -3.301448e-01 9.434997e-01 -2.850955e-02
    outer loop
      vertex   3.107775e+02 4.592224e+01 4.717206e+01
      vertex   3.105661e+02 4.584841e+01 4.717653e+01
      vertex   3.107775e+02 4.595138e+01 4.813660e+01
    endloop
  endfacet
  facet normal -9.939598e-01 1.053874e-01 -3.061787e-02
    outer loop
      vertex   3.100000e+02 4.424230e+01 4.350135e+01
      vertex   3.100000e+02 4.450520e+01 4.440626e+01
      vertex   3.100251e+02 4.450971e+01 4.360786e+01
    endloop
  endfacet
  facet normal -9.934951e-01 1.096921e-01 -3.057895e-02
    outer loop
      vertex   3.100251e+02 4.450971e+01 4.360786e+01
      vertex   3.100000e+02 4.450520e+01 4.440626e+01
      vertex   3.100251e+02 4.475664e+01 4.449362e+01
    endloop
  endfacet
  facet normal -9.438363e-01 3.182775e-01 -8.872652e-02
    outer loop
      vertex   3.100251e+02 4.450971e+01 4.360786e+01
      vertex   3.100251e+02 4.475664e+01 4.449362e+01
      vertex   3.100990e+02 4.496186e+01 4.444303e+01
    endloop
  endfacet
  facet normal -9.438363e-01 3.230540e-01 -6.934752e-02
    outer loop
      vertex   3.100990e+02 4.496186e+01 4.444303e+01
      vertex   3.100251e+02 4.475664e+01 4.449362e+01
      vertex   3.100990e+02 4.515753e+01 4.535457e+01
    endloop
  endfacet
  facet normal -8.466148e-01 5.203523e-01 -1.117000e-01
    outer loop
      vertex   3.100990e+02 4.496186e+01 4.444303e+01
      vertex   3.100990e+02 4.515753e+01 4.535457e+01
      vertex   3.102182e+02 4.534403e+01 4.532039e+01
    endloop
  endfacet
  facet normal -8.466148e-01 5.261472e-01 -8.007813e-02
    outer loop
      vertex   3.102182e+02 4.534403e+01 4.532039e+01
      vertex   3.100990e+02 4.515753e+01 4.535457e+01
      vertex   3.102182e+02 4.548603e+01 4.625340e+01
    endloop
  endfacet
  facet normal -7.069454e-01 6.992161e-01 -1.064187e-01
    outer loop
      vertex   3.102182e+02 4.534403e+01 4.532039e+01
      vertex   3.102182e+02 4.548603e+01 4.625340e+01
      vertex   3.103765e+02 4.564322e+01 4.623432e+01
    endloop
  endfacet
  facet normal -7.069454e-01 7.043659e-01 -6.400697e-02
    outer loop
      vertex   3.103765e+02 4.564322e+01 4.623432e+01
      vertex   3.102182e+02 4.548603e+01 4.625340e+01
      vertex   3.103765e+02 4.572949e+01 4.718372e+01
    endloop
  endfacet
  facet normal -5.318580e-01 8.433586e-01 -7.663748e-02
    outer loop
      vertex   3.103765e+02 4.564322e+01 4.623432e+01
      vertex   3.103765e+02 4.572949e+01 4.718372e+01
      vertex   3.105661e+02 4.584841e+01 4.717653e+01
    endloop
  endfacet
  facet normal -5.318580e-01 8.464472e-01 -2.557694e-02
    outer loop
      vertex   3.105661e+02 4.584841e+01 4.717653e+01
      vertex   3.103765e+02 4.572949e+01 4.718372e+01
      vertex   3.105661e+02 4.587743e+01 4.813660e+01
    endloop
  endfacet
  facet normal -3.301448e-01 9.434997e-01 -2.850955e-02
    outer loop
      vertex   3.105661e+02 4.584841e+01 4.717653e+01
      vertex   3.105661e+02 4.587743e+01 4.813660e+01
      vertex   3.107775e+02 4.595138e+01 4.813660e+01
    endloop
  endfacet
  facet normal -3.301448e-01 9.434997e-01 2.850955e-02
    outer loop
      vertex   3.107775e+02 4.595138e+01 4.813660e+01
      vertex   3.105661e+02 4.587743e+01 4.813660e+01
      vertex   3.107775e+02 4.592224e+01 4.910115e+01
    endloop
  endfacet
  facet normal -9.939197e-01 1.074552e-01 -2.401908e-02
    outer loop
      vertex   3.100000e+02 4.450520e+01 4.440626e+01
      vertex   3.100000e+02 4.471077e+01 4.532588e+01
      vertex   3.100251e+02 4.475664e+01 4.449362e+01
    endloop
  endfacet
  facet normal -9.935413e-01 1.109436e-01 -2.381540e-02
    outer loop
      vertex   3.100251e+02 4.475664e+01 4.449362e+01
      vertex   3.100000e+02 4.471077e+01 4.532588e+01
      vertex   3.100251e+02 4.494963e+01 4.539267e+01
    endloop
  endfacet
  facet normal -9.438363e-01 3.230540e-01 -6.934752e-02
    outer loop
      vertex   3.100251e+02 4.475664e+01 4.449362e+01
      vertex   3.100251e+02 4.494963e+01 4.539267e+01
      vertex   3.100990e+02 4.515753e+01 4.535457e+01
    endloop
  endfacet
  facet normal -9.438363e-01 3.266517e-01 -4.971548e-02
    outer loop
      vertex   3.100990e+02 4.515753e+01 4.535457e+01
      vertex   3.100251e+02 4.494963e+01 4.539267e+01
      vertex   3.100990e+02 4.529781e+01 4.627626e+01
    endloop
  endfacet
  facet normal -8.466148e-01 5.261472e-01 -8.007813e-02
    outer loop
      vertex   3.100990e+02 4.515753e+01 4.535457e+01
      vertex   3.100990e+02 4.529781e+01 4.627626e+01
      vertex   3.102182e+02 4.548603e+01 4.625340e+01
    endloop
  endfacet
  facet normal -8.466148e-01 5.300223e-01 -4.816406e-02
    outer loop
      vertex   3.102182e+02 4.548603e+01 4.625340e+01
      vertex   3.100990e+02 4.529781e+01 4.627626e+01
      vertex   3.102182e+02 4.557144e+01 4.719328e+01
    endloop
  endfacet
  facet normal -7.069454e-01 7.043659e-01 -6.400697e-02
    outer loop
      vertex   3.102182e+02 4.548603e+01 4.625340e+01
      vertex   3.102182e+02 4.557144e+01 4.719328e+01
      vertex   3.103765e+02 4.572949e+01 4.718372e+01
    endloop
  endfacet
  facet normal -7.069454e-01 7.069454e-01 -2.136164e-02
    outer loop
      vertex   3.103765e+02 4.572949e+01 4.718372e+01
      vertex   3.102182e+02 4.557144e+01 4.719328e+01
      vertex   3.103765e+02 4.575829e+01 4.813660e+01
    endloop
  endfacet
  facet normal -5.318580e-01 8.464472e-01 -2.557694e-02
    outer loop
      vertex   3.103765e+02 4.572949e+01 4.718372e+01
      vertex   3.103765e+02 4.575829e+01 4.813660e+01
      vertex   3.105661e+02 4.587743e+01 4.813660e+01
    endloop
  endfacet
  facet normal -5.318580e-01 8.464472e-01 2.557694e-02
    outer loop
      vertex   3.105661e+02 4.587743e+01 4.813660e+01
      vertex   3.103765e+02 4.575829e+01 4.813660e+01
      vertex   3.105661e+02 4.584841e+01 4.909668e+01
    endloop
  endfacet
  facet normal -3.301448e-01 9.434997e-01 2.850955e-02
    outer loop
      vertex   3.105661e+02 4.587743e+01 4.813660e+01
      vertex   3.105661e+02 4.584841e+01 4.909668e+01
      vertex   3.107775e+02 4.592224e+01 4.910115e+01
    endloop
  endfacet
  facet normal -3.301448e-01 9.400569e-01 8.542463e-02
    outer loop
      vertex   3.107775e+02 4.592224e+01 4.910115e+01
      vertex   3.105661e+02 4.584841e+01 4.909668e+01
      vertex   3.107775e+02 4.583491e+01 5.006217e+01
    endloop
  endfacet
  facet normal -9.938745e-01 1.091537e-01 -1.728824e-02
    outer loop
      vertex   3.100000e+02 4.471077e+01 4.532588e+01
      vertex   3.100000e+02 4.485818e+01 4.625661e+01
      vertex   3.100251e+02 4.494963e+01 4.539267e+01
    endloop
  endfacet
  facet normal -9.935921e-01 1.117390e-01 -1.700636e-02
    outer loop
      vertex   3.100251e+02 4.494963e+01 4.539267e+01
      vertex   3.100000e+02 4.485818e+01 4.625661e+01
      vertex   3.100251e+02 4.508799e+01 4.630173e+01
    endloop
  endfacet
  facet normal -9.438363e-01 3.266517e-01 -4.971548e-02
    outer loop
      vertex   3.100251e+02 4.494963e+01 4.539267e+01
      vertex   3.100251e+02 4.508799e+01 4.630173e+01
      vertex   3.100990e+02 4.529781e+01 4.627626e+01
    endloop
  endfacet
  facet normal -9.438363e-01 3.290575e-01 -2.990204e-02
    outer loop
      vertex   3.100990e+02 4.529781e+01 4.627626e+01
      vertex   3.100251e+02 4.508799e+01 4.630173e+01
      vertex   3.100990e+02 4.538218e+01 4.720473e+01
    endloop
  endfacet
  facet normal -8.466148e-01 5.300223e-01 -4.816406e-02
    outer loop
      vertex   3.100990e+02 4.529781e+01 4.627626e+01
      vertex   3.100990e+02 4.538218e+01 4.720473e+01
      vertex   3.102182e+02 4.557144e+01 4.719328e+01
    endloop
  endfacet
  facet normal -8.466148e-01 5.319633e-01 -1.607424e-02
    outer loop
      vertex   3.102182e+02 4.557144e+01 4.719328e+01
      vertex   3.100990e+02 4.538218e+01 4.720473e+01
      vertex   3.102182e+02 4.559995e+01 4.813660e+01
    endloop
  endfacet
  facet normal -7.069454e-01 7.069454e-01 -2.136164e-02
    outer loop
      vertex   3.102182e+02 4.557144e+01 4.719328e+01
      vertex   3.102182e+02 4.559995e+01 4.813660e+01
      vertex   3.103765e+02 4.575829e+01 4.813660e+01
    endloop
  endfacet
  facet normal -7.069454e-01 7.069454e-01 2.136164e-02
    outer loop
      vertex   3.103765e+02 4.575829e+01 4.813660e+01
      vertex   3.102182e+02 4.559995e+01 4.813660e+01
      vertex   3.103765e+02 4.572949e+01 4.908949e+01
    endloop
  endfacet
  facet normal -5.318580e-01 8.464472e-01 2.557694e-02
    outer loop
      vertex   3.103765e+02 4.575829e+01 4.813660e+01
      vertex   3.103765e+02 4.572949e+01 4.908949e+01
      vertex   3.105661e+02 4.584841e+01 4.909668e+01
    endloop
  endfacet
  facet normal -5.318580e-01 8.433586e-01 7.663748e-02
    outer loop
      vertex   3.105661e+02 4.584841e+01 4.909668e+01
      vertex   3.103765e+02 4.572949e+01 4.908949e+01
      vertex   3.105661e+02 4.576149e+01 5.005325e+01
    endloop
  endfacet
  facet normal -3.301448e-01 9.400569e-01 8.542463e-02
    outer loop
      vertex   3.105661e+02 4.584841e+01 4.909668e+01
      vertex   3.105661e+02 4.576149e+01 5.005325e+01
      vertex   3.107775e+02 4.583491e+01 5.006217e+01
    endloop
  endfacet
  facet normal -3.301448e-01 9.331840e-01 1.420280e-01
    outer loop
      vertex   3.107775e+02 4.583491e+01 5.006217e+01
      vertex   3.105661e+02 4.576149e+01 5.005325e+01
      vertex   3.107775e+02 4.568971e+01 5.101617e+01
    endloop
  endfacet
  facet normal -9.938240e-01 1.104755e-01 -1.044301e-02
    outer loop
      vertex   3.100000e+02 4.485818e+01 4.625661e+01
      vertex   3.100000e+02 4.494686e+01 4.719475e+01
      vertex   3.100251e+02 4.508799e+01 4.630173e+01
    endloop
  endfacet
  facet normal -9.936472e-01 1.120783e-01 -1.018475e-02
    outer loop
      vertex   3.100251e+02 4.508799e+01 4.630173e+01
      vertex   3.100000e+02 4.494686e+01 4.719475e+01
      vertex   3.100251e+02 4.517120e+01 4.721749e+01
    endloop
  endfacet
  facet normal -9.438363e-01 3.290575e-01 -2.990204e-02
    outer loop
      vertex   3.100251e+02 4.508799e+01 4.630173e+01
      vertex   3.100251e+02 4.517120e+01 4.721749e+01
      vertex   3.100990e+02 4.538218e+01 4.720473e+01
    endloop
  endfacet
  facet normal -9.438363e-01 3.302626e-01 -9.979484e-03
    outer loop
      vertex   3.100990e+02 4.538218e+01 4.720473e+01
      vertex   3.100251e+02 4.517120e+01 4.721749e+01
      vertex   3.100990e+02 4.541034e+01 4.813660e+01
    endloop
  endfacet
  facet normal -8.466148e-01 5.319633e-01 -1.607424e-02
    outer loop
      vertex   3.100990e+02 4.538218e+01 4.720473e+01
      vertex   3.100990e+02 4.541034e+01 4.813660e+01
      vertex   3.102182e+02 4.559995e+01 4.813660e+01
    endloop
  endfacet
  facet normal -8.466148e-01 5.319633e-01 1.607424e-02
    outer loop
      vertex   3.102182e+02 4.559995e+01 4.813660e+01
      vertex   3.100990e+02 4.541034e+01 4.813660e+01
      vertex   3.102182e+02 4.557144e+01 4.907993e+01
    endloop
  endfacet
  facet normal -7.069454e-01 7.069454e-01 2.136164e-02
    outer loop
      vertex   3.102182e+02 4.559995e+01 4.813660e+01
      vertex   3.102182e+02 4.557144e+01 4.907993e+01
      vertex   3.103765e+02 4.572949e+01 4.908949e+01
    endloop
  endfacet
  facet normal -7.069454e-01 7.043659e-01 6.400697e-02
    outer loop
      vertex   3.103765e+02 4.572949e+01 4.908949e+01
      vertex   3.102182e+02 4.557144e+01 4.907993e+01
      vertex   3.103765e+02 4.564322e+01 5.003889e+01
    endloop
  endfacet
  facet normal -5.318580e-01 8.433586e-01 7.663748e-02
    outer loop
      vertex   3.103765e+02 4.572949e+01 4.908949e+01
      vertex   3.103765e+02 4.564322e+01 5.003889e+01
      vertex   3.105661e+02 4.576149e+01 5.005325e+01
    endloop
  endfacet
  facet normal -5.318580e-01 8.371927e-01 1.274184e-01
    outer loop
      vertex   3.105661e+02 4.576149e+01 5.005325e+01
      vertex   3.103765e+02 4.564322e+01 5.003889e+01
      vertex   3.105661e+02 4.561697e+01 5.100283e+01
    endloop
  endfacet
  facet normal -3.301448e-01 9.331840e-01 1.420280e-01
    outer loop
      vertex   3.105661e+02 4.576149e+01 5.005325e+01
      vertex   3.105661e+02 4.561697e+01 5.100283e+01
      vertex   3.107775e+02 4.568971e+01 5.101617e+01
    endloop
  endfacet
  facet normal -3.301448e-01 9.229061e-01 1.981131e-01
    outer loop
      vertex   3.107775e+02 4.568971e+01 5.101617e+01
      vertex   3.105661e+02 4.561697e+01 5.100283e+01
      vertex   3.107775e+02 4.548718e+01 5.195966e+01
    endloop
  endfacet
  facet normal -9.937679e-01 1.114142e-01 -3.501331e-03
    outer loop
      vertex   3.100000e+02 4.494686e+01 4.719475e+01
      vertex   3.100000e+02 4.497646e+01 4.813660e+01
      vertex   3.100251e+02 4.517120e+01 4.721749e+01
    endloop
  endfacet
  facet normal -9.937065e-01 1.119638e-01 -3.383190e-03
    outer loop
      vertex   3.100251e+02 4.517120e+01 4.721749e+01
      vertex   3.100000e+02 4.497646e+01 4.813660e+01
      vertex   3.100251e+02 4.519898e+01 4.813660e+01
    endloop
  endfacet
  facet normal -9.438363e-01 3.302626e-01 -9.979484e-03
    outer loop
      vertex   3.100251e+02 4.517120e+01 4.721749e+01
      vertex   3.100251e+02 4.519898e+01 4.813660e+01
      vertex   3.100990e+02 4.541034e+01 4.813660e+01
    endloop
  endfacet
  facet normal -9.438363e-01 3.302626e-01 9.979484e-03
    outer loop
      vertex   3.100990e+02 4.541034e+01 4.813660e+01
      vertex   3.100251e+02 4.519898e+01 4.813660e+01
      vertex   3.100990e+02 4.538218e+01 4.906848e+01
    endloop
  endfacet
  facet normal -8.466148e-01 5.319633e-01 1.607424e-02
    outer loop
      vertex   3.100990e+02 4.541034e+01 4.813660e+01
      vertex   3.100990e+02 4.538218e+01 4.906848e+01
      vertex   3.102182e+02 4.557144e+01 4.907993e+01
    endloop
  endfacet
  facet normal -8.466148e-01 5.300223e-01 4.816406e-02
    outer loop
      vertex   3.102182e+02 4.557144e+01 4.907993e+01
      vertex   3.100990e+02 4.538218e+01 4.906848e+01
      vertex   3.102182e+02 4.548603e+01 5.001981e+01
    endloop
  endfacet
  facet normal -7.069454e-01 7.043659e-01 6.400697e-02
    outer loop
      vertex   3.102182e+02 4.557144e+01 4.907993e+01
      vertex   3.102182e+02 4.548603e+01 5.001981e+01
      vertex   3.103765e+02 4.564322e+01 5.003889e+01
    endloop
  endfacet
  facet normal -7.069454e-01 6.992161e-01 1.064187e-01
    outer loop
      vertex   3.103765e+02 4.564322e+01 5.003889e+01
      vertex   3.102182e+02 4.548603e+01 5.001981e+01
      vertex   3.103765e+02 4.549978e+01 5.098136e+01
    endloop
  endfacet
  facet normal -5.318580e-01 8.371927e-01 1.274184e-01
    outer loop
      vertex   3.103765e+02 4.564322e+01 5.003889e+01
      vertex   3.103765e+02 4.549978e+01 5.098136e+01
      vertex   3.105661e+02 4.561697e+01 5.100283e+01
    endloop
  endfacet
  facet normal -5.318580e-01 8.279719e-01 1.777344e-01
    outer loop
      vertex   3.105661e+02 4.561697e+01 5.100283e+01
      vertex   3.103765e+02 4.549978e+01 5.098136e+01
      vertex   3.105661e+02 4.541537e+01 5.194196e+01
    endloop
  endfacet
  facet normal -3.301448e-01 9.229061e-01 1.981131e-01
    outer loop
      vertex   3.105661e+02 4.561697e+01 5.100283e+01
      vertex   3.105661e+02 4.541537e+01 5.194196e+01
      vertex   3.107775e+02 4.548718e+01 5.195966e+01
    endloop
  endfacet
  facet normal -3.301448e-01 9.092605e-01 2.534754e-01
    outer loop
      vertex   3.107775e+02 4.548718e+01 5.195966e+01
      vertex   3.105661e+02 4.541537e+01 5.194196e+01
      vertex   3.107775e+02 4.522805e+01 5.288919e+01
    endloop
  endfacet
  facet normal -9.937065e-01 1.119638e-01 3.383190e-03
    outer loop
      vertex   3.100251e+02 4.519898e+01 4.813660e+01
      vertex   3.100000e+02 4.497646e+01 4.813660e+01
      vertex   3.100251e+02 4.517120e+01 4.905572e+01
    endloop
  endfacet
  facet normal -9.937679e-01 1.114142e-01 3.501331e-03
    outer loop
      vertex   3.100251e+02 4.517120e+01 4.905572e+01
      vertex   3.100000e+02 4.497646e+01 4.813660e+01
      vertex   3.100000e+02 4.494686e+01 4.907846e+01
    endloop
  endfacet
  facet normal -9.936472e-01 1.120783e-01 1.018475e-02
    outer loop
      vertex   3.100251e+02 4.517120e+01 4.905572e+01
      vertex   3.100000e+02 4.494686e+01 4.907846e+01
      vertex   3.100251e+02 4.508799e+01 4.997148e+01
    endloop
  endfacet
  facet normal -9.938240e-01 1.104755e-01 1.044301e-02
    outer loop
      vertex   3.100251e+02 4.508799e+01 4.997148e+01
      vertex   3.100000e+02 4.494686e+01 4.907846e+01
      vertex   3.100000e+02 4.485818e+01 5.001660e+01
    endloop
  endfacet
  facet normal -9.935921e-01 1.117390e-01 1.700636e-02
    outer loop
      vertex   3.100251e+02 4.508799e+01 4.997148e+01
      vertex   3.100000e+02 4.485818e+01 5.001660e+01
      vertex   3.100251e+02 4.494963e+01 5.088054e+01
    endloop
  endfacet
  facet normal -9.938745e-01 1.091537e-01 1.728824e-02
    outer loop
      vertex   3.100251e+02 4.494963e+01 5.088054e+01
      vertex   3.100000e+02 4.485818e+01 5.001660e+01
      vertex   3.100000e+02 4.471077e+01 5.094732e+01
    endloop
  endfacet
  facet normal -9.935413e-01 1.109436e-01 2.381540e-02
    outer loop
      vertex   3.100251e+02 4.494963e+01 5.088054e+01
      vertex   3.100000e+02 4.471077e+01 5.094732e+01
      vertex   3.100251e+02 4.475664e+01 5.177959e+01
    endloop
  endfacet
  facet normal -9.939197e-01 1.074552e-01 2.401908e-02
    outer loop
      vertex   3.100251e+02 4.475664e+01 5.177959e+01
      vertex   3.100000e+02 4.471077e+01 5.094732e+01
      vertex   3.100000e+02 4.450520e+01 5.186695e+01
    endloop
  endfacet
  facet normal -9.934951e-01 1.096921e-01 3.057895e-02
    outer loop
      vertex   3.100251e+02 4.475664e+01 5.177959e+01
      vertex   3.100000e+02 4.450520e+01 5.186695e+01
      vertex   3.100251e+02 4.450971e+01 5.266535e+01
    endloop
  endfacet
  facet normal -9.939598e-01 1.053874e-01 3.061787e-02
    outer loop
      vertex   3.100251e+02 4.450971e+01 5.266535e+01
      vertex   3.100000e+02 4.450520e+01 5.186695e+01
      vertex   3.100000e+02 4.424230e+01 5.277186e+01
    endloop
  endfacet
  facet normal -9.934537e-01 1.079871e-01 3.726403e-02
    outer loop
      vertex   3.100251e+02 4.450971e+01 5.266535e+01
      vertex   3.100000e+02 4.424230e+01 5.277186e+01
      vertex   3.100251e+02 4.420976e+01 5.353458e+01
    endloop
  endfacet
  facet normal -9.939948e-01 1.029583e-01 3.706726e-02
    outer loop
      vertex   3.100251e+02 4.420976e+01 5.353458e+01
      vertex   3.100000e+02 4.424230e+01 5.277186e+01
      vertex   3.100000e+02 4.392310e+01 5.365847e+01
    endloop
  endfacet
  facet normal -9.934171e-01 1.058338e-01 4.383782e-02
    outer loop
      vertex   3.100251e+02 4.420976e+01 5.353458e+01
      vertex   3.100000e+02 4.392310e+01 5.365847e+01
      vertex   3.100251e+02 4.385787e+01 5.438412e+01
    endloop
  endfacet
  facet normal -9.940249e-01 1.001765e-01 4.335024e-02
    outer loop
      vertex   3.100251e+02 4.385787e+01 5.438412e+01
      vertex   3.100000e+02 4.392310e+01 5.365847e+01
      vertex   3.100000e+02 4.354886e+01 5.452329e+01
    endloop
  endfacet
  facet normal -9.933854e-01 1.032402e-01 5.026784e-02
    outer loop
      vertex   3.100251e+02 4.385787e+01 5.438412e+01
      vertex   3.100000e+02 4.354886e+01 5.452329e+01
      vertex   3.100251e+02 4.345533e+01 5.521086e+01
    endloop
  endfacet
  facet normal -9.940501e-01 9.705149e-02 4.945020e-02
    outer loop
      vertex   3.100251e+02 4.345533e+01 5.521086e+01
      vertex   3.100000e+02 4.354886e+01 5.452329e+01
      vertex   3.100000e+02 4.312106e+01 5.536291e+01
    endloop
  endfacet
  facet normal -9.933589e-01 1.002164e-01 5.652224e-02
    outer loop
      vertex   3.100251e+02 4.345533e+01 5.521086e+01
      vertex   3.100000e+02 4.312106e+01 5.536291e+01
      vertex   3.100251e+02 4.300360e+01 5.601179e+01
    endloop
  endfacet
  facet normal -9.940707e-01 9.359328e-02 5.535091e-02
    outer loop
      vertex   3.100251e+02 4.300360e+01 5.601179e+01
      vertex   3.100000e+02 4.312106e+01 5.536291e+01
      vertex   3.100000e+02 4.264138e+01 5.617401e+01
    endloop
  endfacet
  facet normal -9.933376e-01 9.677543e-02 6.256998e-02
    outer loop
      vertex   3.100251e+02 4.300360e+01 5.601179e+01
      vertex   3.100000e+02 4.264138e+01 5.617401e+01
      vertex   3.100251e+02 4.250435e+01 5.678398e+01
    endloop
  endfacet
  facet normal -9.940866e-01 8.981261e-02 6.103659e-02
    outer loop
      vertex   3.100251e+02 4.250435e+01 5.678398e+01
      vertex   3.100000e+02 4.264138e+01 5.617401e+01
      vertex   3.100000e+02 4.211171e+01 5.695338e+01
    endloop
  endfacet
  facet normal -9.933215e-01 9.293250e-02 6.838103e-02
    outer loop
      vertex   3.100251e+02 4.250435e+01 5.678398e+01
      vertex   3.100000e+02 4.211171e+01 5.695338e+01
      vertex   3.100251e+02 4.195937e+01 5.752462e+01
    endloop
  endfacet
  facet normal -9.940980e-01 8.572084e-02 6.649190e-02
    outer loop
      vertex   3.100251e+02 4.195937e+01 5.752462e+01
      vertex   3.100000e+02 4.211171e+01 5.695338e+01
      vertex   3.100000e+02 4.153415e+01 5.769796e+01
    endloop
  endfacet
  facet normal -9.933107e-01 8.870524e-02 7.392660e-02
    outer loop
      vertex   3.100251e+02 4.195937e+01 5.752462e+01
      vertex   3.100000e+02 4.153415e+01 5.769796e+01
      vertex   3.100251e+02 4.137068e+01 5.823100e+01
    endloop
  endfacet
  facet normal -9.941048e-01 8.132998e-02 7.170202e-02
    outer loop
      vertex   3.100251e+02 4.137068e+01 5.823100e+01
      vertex   3.100000e+02 4.153415e+01 5.769796e+01
      vertex   3.100000e+02 4.091099e+01 5.840481e+01
    endloop
  endfacet
  facet normal -9.933054e-01 8.411354e-02 7.917935e-02
    outer loop
      vertex   3.100251e+02 4.137068e+01 5.823100e+01
      vertex   3.100000e+02 4.091099e+01 5.840481e+01
      vertex   3.100251e+02 4.074040e+01 5.890055e+01
    endloop
  endfacet
  facet normal -9.941070e-01 7.665264e-02 7.665264e-02
    outer loop
      vertex   3.100251e+02 4.074040e+01 5.890055e+01
      vertex   3.100000e+02 4.091099e+01 5.840481e+01
      vertex   3.100000e+02 4.024466e+01 5.907113e+01
    endloop
  endfacet
  facet normal -9.933054e-01 7.917935e-02 8.411354e-02
    outer loop
      vertex   3.100251e+02 4.074040e+01 5.890055e+01
      vertex   3.100000e+02 4.024466e+01 5.907113e+01
      vertex   3.100251e+02 4.007085e+01 5.953083e+01
    endloop
  endfacet
  facet normal -9.941048e-01 7.170202e-02 8.132998e-02
    outer loop
      vertex   3.100251e+02 4.007085e+01 5.953083e+01
      vertex   3.100000e+02 4.024466e+01 5.907113e+01
      vertex   3.100000e+02 3.953782e+01 5.969430e+01
    endloop
  endfacet
  facet normal -9.933107e-01 7.392660e-02 8.870524e-02
    outer loop
      vertex   3.100251e+02 4.007085e+01 5.953083e+01
      vertex   3.100000e+02 3.953782e+01 5.969430e+01
      vertex   3.100251e+02 3.936447e+01 6.011952e+01
    endloop
  endfacet
  facet normal -9.940980e-01 6.649190e-02 8.572084e-02
    outer loop
      vertex   3.100251e+02 3.936447e+01 6.011952e+01
      vertex   3.100000e+02 3.953782e+01 5.969430e+01
      vertex   3.100000e+02 3.879324e+01 6.027186e+01
    endloop
  endfacet
  facet normal -9.933215e-01 6.838103e-02 9.293250e-02
    outer loop
      vertex   3.100251e+02 3.936447e+01 6.011952e+01
      vertex   3.100000e+02 3.879324e+01 6.027186e+01
      vertex   3.100251e+02 3.862383e+01 6.066449e+01
    endloop
  endfacet
  facet normal -9.940866e-01 6.103659e-02 8.981261e-02
    outer loop
      vertex   3.100251e+02 3.862383e+01 6.066449e+01
      vertex   3.100000e+02 3.879324e+01 6.027186e+01
      vertex   3.100000e+02 3.801386e+01 6.080152e+01
    endloop
  endfacet
  facet normal -9.933376e-01 6.256998e-02 9.677543e-02
    outer loop
      vertex   3.100251e+02 3.862383e+01 6.066449e+01
      vertex   3.100000e+02 3.801386e+01 6.080152e+01
      vertex   3.100251e+02 3.785164e+01 6.116375e+01
    endloop
  endfacet
  facet normal -9.940707e-01 5.535091e-02 9.359328e-02
    outer loop
      vertex   3.100251e+02 3.785164e+01 6.116375e+01
      vertex   3.100000e+02 3.801386e+01 6.080152e+01
      vertex   3.100000e+02 3.720276e+01 6.128120e+01
    endloop
  endfacet
  facet normal -9.933589e-01 5.652224e-02 1.002164e-01
    outer loop
      vertex   3.100251e+02 3.785164e+01 6.116375e+01
      vertex   3.100000e+02 3.720276e+01 6.128120e+01
      vertex   3.100251e+02 3.705071e+01 6.161548e+01
    endloop
  endfacet
  facet normal -9.940501e-01 4.945020e-02 9.705149e-02
    outer loop
      vertex   3.100251e+02 3.705071e+01 6.161548e+01
      vertex   3.100000e+02 3.720276e+01 6.128120e+01
      vertex   3.100000e+02 3.636315e+01 6.170901e+01
    endloop
  endfacet
  facet normal -9.933854e-01 5.026784e-02 1.032402e-01
    outer loop
      vertex   3.100251e+02 3.705071e+01 6.161548e+01
      vertex   3.100000e+02 3.636315e+01 6.170901e+01
      vertex   3.100251e+02 3.622397e+01 6.201802e+01
    endloop
  endfacet
  facet normal -9.940249e-01 4.335024e-02 1.001765e-01
    outer loop
      vertex   3.100251e+02 3.622397e+01 6.201802e+01
      vertex   3.100000e+02 3.636315e+01 6.170901e+01
      vertex   3.100000e+02 3.549832e+01 6.208325e+01
    endloop
  endfacet
  facet normal -9.934171e-01 4.383782e-02 1.058338e-01
    outer loop
      vertex   3.100251e+02 3.622397e+01 6.201802e+01
      vertex   3.100000e+02 3.549832e+01 6.208325e+01
      vertex   3.100251e+02 3.537444e+01 6.236991e+01
    endloop
  endfacet
  facet normal -9.939948e-01 3.706726e-02 1.029583e-01
    outer loop
      vertex   3.100251e+02 3.537444e+01 6.236991e+01
      vertex   3.100000e+02 3.549832e+01 6.208325e+01
      vertex   3.100000e+02 3.461171e+01 6.240245e+01
    endloop
  endfacet
  facet normal -9.934537e-01 3.726403e-02 1.079871e-01
    outer loop
      vertex   3.100251e+02 3.537444e+01 6.236991e+01
      vertex   3.100000e+02 3.461171e+01 6.240245e+01
      vertex   3.100251e+02 3.450520e+01 6.266986e+01
    endloop
  endfacet
  facet normal -9.939598e-01 3.061787e-02 1.053874e-01
    outer loop
      vertex   3.100251e+02 3.450520e+01 6.266986e+01
      vertex   3.100000e+02 3.461171e+01 6.240245e+01
      vertex   3.100000e+02 3.370680e+01 6.266535e+01
    endloop
  endfacet
  facet normal -9.934951e-01 3.057895e-02 1.096921e-01
    outer loop
      vertex   3.100251e+02 3.450520e+01 6.266986e+01
      vertex   3.100000e+02 3.370680e+01 6.266535e+01
      vertex   3.100251e+02 3.361944e+01 6.291679e+01
    endloop
  endfacet
  facet normal -9.939197e-01 2.401908e-02 1.074552e-01
    outer loop
      vertex   3.100251e+02 3.361944e+01 6.291679e+01
      vertex   3.100000e+02 3.370680e+01 6.266535e+01
      vertex   3.100000e+02 3.278718e+01 6.287091e+01
    endloop
  endfacet
  facet normal -9.935413e-01 2.381540e-02 1.109436e-01
    outer loop
      vertex   3.100251e+02 3.361944e+01 6.291679e+01
      vertex   3.100000e+02 3.278718e+01 6.287091e+01
      vertex   3.100251e+02 3.272039e+01 6.310978e+01
    endloop
  endfacet
  facet normal -9.938745e-01 1.728824e-02 1.091537e-01
    outer loop
      vertex   3.100251e+02 3.272039e+01 6.310978e+01
      vertex   3.100000e+02 3.278718e+01 6.287091e+01
      vertex   3.100000e+02 3.185645e+01 6.301833e+01
    endloop
  endfacet
  facet normal -9.935921e-01 1.700636e-02 1.117390e-01
    outer loop
      vertex   3.100251e+02 3.272039e+01 6.310978e+01
      vertex   3.100000e+02 3.185645e+01 6.301833e+01
      vertex   3.100251e+02 3.181133e+01 6.324814e+01
    endloop
  endfacet
  facet normal -9.938240e-01 1.044301e-02 1.104755e-01
    outer loop
      vertex   3.100251e+02 3.181133e+01 6.324814e+01
      vertex   3.100000e+02 3.185645e+01 6.301833e+01
      vertex   3.100000e+02 3.091831e+01 6.310701e+01
    endloop
  endfacet
  facet normal -9.936472e-01 1.018475e-02 1.120783e-01
    outer loop
      vertex   3.100251e+02 3.181133e+01 6.324814e+01
      vertex   3.100000e+02 3.091831e+01 6.310701e+01
      vertex   3.100251e+02 3.089557e+01 6.333135e+01
    endloop
  endfacet
  facet normal -9.937679e-01 3.501331e-03 1.114142e-01
    outer loop
      vertex   3.100251e+02 3.089557e+01 6.333135e+01
      vertex   3.100000e+02 3.091831e+01 6.310701e+01
      vertex   3.100000e+02 2.997646e+01 6.313660e+01
    endloop
  endfacet
  facet normal -9.937065e-01 3.383190e-03 1.119638e-01
    outer loop
      vertex   3.100251e+02 3.089557e+01 6.333135e+01
      vertex   3.100000e+02 2.997646e+01 6.313660e+01
      vertex   3.100251e+02 2.997646e+01 6.335913e+01
    endloop
  endfacet
  facet normal -9.937065e-01 -3.383190e-03 1.119638e-01
    outer loop
      vertex   3.100251e+02 2.997646e+01 6.335913e+01
      vertex   3.100000e+02 2.997646e+01 6.313660e+01
      vertex   3.100251e+02 2.905734e+01 6.333135e+01
    endloop
  endfacet
  facet normal -9.438363e-01 -9.979484e-03 3.302626e-01
    outer loop
      vertex   3.100251e+02 2.997646e+01 6.335913e+01
      vertex   3.100251e+02 2.905734e+01 6.333135e+01
      vertex   3.100990e+02 2.904458e+01 6.354233e+01
    endloop
  endfacet
  facet normal -9.438363e-01 -2.990204e-02 3.290575e-01
    outer loop
      vertex   3.100990e+02 2.904458e+01 6.354233e+01
      vertex   3.100251e+02 2.905734e+01 6.333135e+01
      vertex   3.100990e+02 2.811611e+01 6.345796e+01
    endloop
  endfacet
  facet normal -8.466148e-01 -4.816406e-02 5.300223e-01
    outer loop
      vertex   3.100990e+02 2.904458e+01 6.354233e+01
      vertex   3.100990e+02 2.811611e+01 6.345796e+01
      vertex   3.102182e+02 2.809325e+01 6.364618e+01
    endloop
  endfacet
  facet normal -8.466148e-01 -8.007813e-02 5.261472e-01
    outer loop
      vertex   3.102182e+02 2.809325e+01 6.364618e+01
      vertex   3.100990e+02 2.811611e+01 6.345796e+01
      vertex   3.102182e+02 2.716024e+01 6.350418e+01
    endloop
  endfacet
  facet normal -7.069454e-01 -1.064187e-01 6.992161e-01
    outer loop
      vertex   3.102182e+02 2.809325e+01 6.364618e+01
      vertex   3.102182e+02 2.716024e+01 6.350418e+01
      vertex   3.103765e+02 2.713170e+01 6.365993e+01
    endloop
  endfacet
  facet normal -7.069454e-01 -1.484422e-01 6.915151e-01
    outer loop
      vertex   3.103765e+02 2.713170e+01 6.365993e+01
      vertex   3.102182e+02 2.716024e+01 6.350418e+01
      vertex   3.103765e+02 2.619962e+01 6.345984e+01
    endloop
  endfacet
  facet normal -5.318580e-01 -1.777344e-01 8.279719e-01
    outer loop
      vertex   3.103765e+02 2.713170e+01 6.365993e+01
      vertex   3.103765e+02 2.619962e+01 6.345984e+01
      vertex   3.105661e+02 2.617111e+01 6.357552e+01
    endloop
  endfacet
  facet normal -5.318580e-01 -2.274018e-01 8.157300e-01
    outer loop
      vertex   3.105661e+02 2.617111e+01 6.357552e+01
      vertex   3.103765e+02 2.619962e+01 6.345984e+01
      vertex   3.105661e+02 2.524587e+01 6.331759e+01
    endloop
  endfacet
  facet normal -3.301448e-01 -2.534754e-01 9.092605e-01
    outer loop
      vertex   3.105661e+02 2.617111e+01 6.357552e+01
      vertex   3.105661e+02 2.524587e+01 6.331759e+01
      vertex   3.107775e+02 2.522387e+01 6.338820e+01
    endloop
  endfacet
  facet normal -3.301448e-01 -3.079127e-01 8.922971e-01
    outer loop
      vertex   3.107775e+02 2.522387e+01 6.338820e+01
      vertex   3.105661e+02 2.524587e+01 6.331759e+01
      vertex   3.107775e+02 2.431167e+01 6.307342e+01
    endloop
  endfacet
  facet normal -9.937679e-01 -3.501331e-03 1.114142e-01
    outer loop
      vertex   3.100000e+02 2.997646e+01 6.313660e+01
      vertex   3.100000e+02 2.903460e+01 6.310701e+01
      vertex   3.100251e+02 2.905734e+01 6.333135e+01
    endloop
  endfacet
  facet normal -9.936472e-01 -1.018475e-02 1.120783e-01
    outer loop
      vertex   3.100251e+02 2.905734e+01 6.333135e+01
      vertex   3.100000e+02 2.903460e+01 6.310701e+01
      vertex   3.100251e+02 2.814158e+01 6.324814e+01
    endloop
  endfacet
  facet normal -9.438363e-01 -2.990204e-02 3.290575e-01
    outer loop
      vertex   3.100251e+02 2.905734e+01 6.333135e+01
      vertex   3.100251e+02 2.814158e+01 6.324814e+01
      vertex   3.100990e+02 2.811611e+01 6.345796e+01
    endloop
  endfacet
  facet normal -9.438363e-01 -4.971548e-02 3.266517e-01
    outer loop
      vertex   3.100990e+02 2.811611e+01 6.345796e+01
      vertex   3.100251e+02 2.814158e+01 6.324814e+01
      vertex   3.100990e+02 2.719442e+01 6.331768e+01
    endloop
  endfacet
  facet normal -8.466148e-01 -8.007813e-02 5.261472e-01
    outer loop
      vertex   3.100990e+02 2.811611e+01 6.345796e+01
      vertex   3.100990e+02 2.719442e+01 6.331768e+01
      vertex   3.102182e+02 2.716024e+01 6.350418e+01
    endloop
  endfacet
  facet normal -8.466148e-01 -1.117000e-01 5.203523e-01
    outer loop
      vertex   3.102182e+02 2.716024e+01 6.350418e+01
      vertex   3.100990e+02 2.719442e+01 6.331768e+01
      vertex   3.102182e+02 2.623751e+01 6.330610e+01
    endloop
  endfacet
  facet normal -7.069454e-01 -1.484422e-01 6.915151e-01
    outer loop
      vertex   3.102182e+02 2.716024e+01 6.350418e+01
      vertex   3.102182e+02 2.623751e+01 6.330610e+01
      vertex   3.103765e+02 2.619962e+01 6.345984e+01
    endloop
  endfacet
  facet normal -7.069454e-01 -1.899240e-01 6.812907e-01
    outer loop
      vertex   3.103765e+02 2.619962e+01 6.345984e+01
      vertex   3.102182e+02 2.623751e+01 6.330610e+01
      vertex   3.103765e+02 2.528131e+01 6.320385e+01
    endloop
  endfacet
  facet normal -5.318580e-01 -2.274018e-01 8.157300e-01
    outer loop
      vertex   3.103765e+02 2.619962e+01 6.345984e+01
      vertex   3.103765e+02 2.528131e+01 6.320385e+01
      vertex   3.105661e+02 2.524587e+01 6.331759e+01
    endloop
  endfacet
  facet normal -5.318580e-01 -2.762395e-01 8.005116e-01
    outer loop
      vertex   3.105661e+02 2.524587e+01 6.331759e+01
      vertex   3.103765e+02 2.528131e+01 6.320385e+01
      vertex   3.105661e+02 2.433790e+01 6.300427e+01
    endloop
  endfacet
  facet normal -3.301448e-01 -3.079127e-01 8.922971e-01
    outer loop
      vertex   3.105661e+02 2.524587e+01 6.331759e+01
      vertex   3.105661e+02 2.433790e+01 6.300427e+01
      vertex   3.107775e+02 2.431167e+01 6.307342e+01
    endloop
  endfacet
  facet normal -3.301448e-01 -3.612265e-01 8.720779e-01
    outer loop
      vertex   3.107775e+02 2.431167e+01 6.307342e+01
      vertex   3.105661e+02 2.433790e+01 6.300427e+01
      vertex   3.107775e+02 2.342014e+01 6.270414e+01
    endloop
  endfacet
  facet normal -9.938240e-01 -1.044301e-02 1.104755e-01
    outer loop
      vertex   3.100000e+02 2.903460e+01 6.310701e+01
      vertex   3.100000e+02 2.809646e+01 6.301833e+01
      vertex   3.100251e+02 2.814158e+01 6.324814e+01
    endloop
  endfacet
  facet normal -9.935921e-01 -1.700636e-02 1.117390e-01
    outer loop
      vertex   3.100251e+02 2.814158e+01 6.324814e+01
      vertex   3.100000e+02 2.809646e+01 6.301833e+01
      vertex   3.100251e+02 2.723252e+01 6.310978e+01
    endloop
  endfacet
  facet normal -9.438363e-01 -4.971548e-02 3.266517e-01
    outer loop
      vertex   3.100251e+02 2.814158e+01 6.324814e+01
      vertex   3.100251e+02 2.723252e+01 6.310978e+01
      vertex   3.100990e+02 2.719442e+01 6.331768e+01
    endloop
  endfacet
  facet normal -9.438363e-01 -6.934752e-02 3.230540e-01
    outer loop
      vertex   3.100990e+02 2.719442e+01 6.331768e+01
      vertex   3.100251e+02 2.723252e+01 6.310978e+01
      vertex   3.100990e+02 2.628289e+01 6.312201e+01
    endloop
  endfacet
  facet normal -8.466148e-01 -1.117000e-01 5.203523e-01
    outer loop
      vertex   3.100990e+02 2.719442e+01 6.331768e+01
      vertex   3.100990e+02 2.628289e+01 6.312201e+01
      vertex   3.102182e+02 2.623751e+01 6.330610e+01
    endloop
  endfacet
  facet normal -8.466148e-01 -1.429143e-01 5.126586e-01
    outer loop
      vertex   3.102182e+02 2.623751e+01 6.330610e+01
      vertex   3.100990e+02 2.628289e+01 6.312201e+01
      vertex   3.102182e+02 2.532842e+01 6.305268e+01
    endloop
  endfacet
  facet normal -7.069454e-01 -1.899240e-01 6.812907e-01
    outer loop
      vertex   3.102182e+02 2.623751e+01 6.330610e+01
      vertex   3.102182e+02 2.532842e+01 6.305268e+01
      vertex   3.103765e+02 2.528131e+01 6.320385e+01
    endloop
  endfacet
  facet normal -7.069454e-01 -2.307128e-01 6.685804e-01
    outer loop
      vertex   3.103765e+02 2.528131e+01 6.320385e+01
      vertex   3.102182e+02 2.532842e+01 6.305268e+01
      vertex   3.103765e+02 2.438014e+01 6.289287e+01
    endloop
  endfacet
  facet normal -5.318580e-01 -2.762395e-01 8.005116e-01
    outer loop
      vertex   3.103765e+02 2.528131e+01 6.320385e+01
      vertex   3.103765e+02 2.438014e+01 6.289287e+01
      vertex   3.105661e+02 2.433790e+01 6.300427e+01
    endloop
  endfacet
  facet normal -5.318580e-01 -3.240692e-01 7.823722e-01
    outer loop
      vertex   3.105661e+02 2.433790e+01 6.300427e+01
      vertex   3.103765e+02 2.438014e+01 6.289287e+01
      vertex   3.105661e+02 2.345050e+01 6.263670e+01
    endloop
  endfacet
  facet normal -3.301448e-01 -3.612265e-01 8.720779e-01
    outer loop
      vertex   3.105661e+02 2.433790e+01 6.300427e+01
      vertex   3.105661e+02 2.345050e+01 6.263670e+01
      vertex   3.107775e+02 2.342014e+01 6.270414e+01
    endloop
  endfacet
  facet normal -3.301448e-01 -4.132222e-01 8.486765e-01
    outer loop
      vertex   3.107775e+02 2.342014e+01 6.270414e+01
      vertex   3.105661e+02 2.345050e+01 6.263670e+01
      vertex   3.107775e+02 2.255254e+01 6.228170e+01
    endloop
  endfacet
  facet normal -9.938745e-01 -1.728824e-02 1.091537e-01
    outer loop
      vertex   3.100000e+02 2.809646e+01 6.301833e+01
      vertex   3.100000e+02 2.716574e+01 6.287091e+01
      vertex   3.100251e+02 2.723252e+01 6.310978e+01
    endloop
  endfacet
  facet normal -9.935413e-01 -2.381540e-02 1.109436e-01
    outer loop
      vertex   3.100251e+02 2.723252e+01 6.310978e+01
      vertex   3.100000e+02 2.716574e+01 6.287091e+01
      vertex   3.100251e+02 2.633347e+01 6.291679e+01
    endloop
  endfacet
  facet normal -9.438363e-01 -6.934752e-02 3.230540e-01
    outer loop
      vertex   3.100251e+02 2.723252e+01 6.310978e+01
      vertex   3.100251e+02 2.633347e+01 6.291679e+01
      vertex   3.100990e+02 2.628289e+01 6.312201e+01
    endloop
  endfacet
  facet normal -9.438363e-01 -8.872652e-02 3.182775e-01
    outer loop
      vertex   3.100990e+02 2.628289e+01 6.312201e+01
      vertex   3.100251e+02 2.633347e+01 6.291679e+01
      vertex   3.100990e+02 2.538483e+01 6.287166e+01
    endloop
  endfacet
  facet normal -8.466148e-01 -1.429143e-01 5.126586e-01
    outer loop
      vertex   3.100990e+02 2.628289e+01 6.312201e+01
      vertex   3.100990e+02 2.538483e+01 6.287166e+01
      vertex   3.102182e+02 2.532842e+01 6.305268e+01
    endloop
  endfacet
  facet normal -8.466148e-01 -1.736071e-01 5.030944e-01
    outer loop
      vertex   3.102182e+02 2.532842e+01 6.305268e+01
      vertex   3.100990e+02 2.538483e+01 6.287166e+01
      vertex   3.102182e+02 2.443629e+01 6.274482e+01
    endloop
  endfacet
  facet normal -7.069454e-01 -2.307128e-01 6.685804e-01
    outer loop
      vertex   3.102182e+02 2.532842e+01 6.305268e+01
      vertex   3.102182e+02 2.443629e+01 6.274482e+01
      vertex   3.103765e+02 2.438014e+01 6.289287e+01
    endloop
  endfacet
  facet normal -7.069454e-01 -2.706598e-01 6.534305e-01
    outer loop
      vertex   3.103765e+02 2.438014e+01 6.289287e+01
      vertex   3.102182e+02 2.443629e+01 6.274482e+01
      vertex   3.103765e+02 2.349939e+01 6.252805e+01
    endloop
  endfacet
  facet normal -5.318580e-01 -3.240692e-01 7.823722e-01
    outer loop
      vertex   3.103765e+02 2.438014e+01 6.289287e+01
      vertex   3.103765e+02 2.349939e+01 6.252805e+01
      vertex   3.105661e+02 2.345050e+01 6.263670e+01
    endloop
  endfacet
  facet normal -5.318580e-01 -3.707164e-01 7.613780e-01
    outer loop
      vertex   3.105661e+02 2.345050e+01 6.263670e+01
      vertex   3.103765e+02 2.349939e+01 6.252805e+01
      vertex   3.105661e+02 2.258691e+01 6.221621e+01
    endloop
  endfacet
  facet normal -3.301448e-01 -4.132222e-01 8.486765e-01
    outer loop
      vertex   3.105661e+02 2.345050e+01 6.263670e+01
      vertex   3.105661e+02 2.258691e+01 6.221621e+01
      vertex   3.107775e+02 2.255254e+01 6.228170e+01
    endloop
  endfacet
  facet normal -3.301448e-01 -4.637101e-01 8.221784e-01
    outer loop
      vertex   3.107775e+02 2.255254e+01 6.228170e+01
      vertex   3.105661e+02 2.258691e+01 6.221621e+01
      vertex   3.107775e+02 2.171202e+01 6.180765e+01
    endloop
  endfacet
  facet normal -9.939197e-01 -2.401908e-02 1.074552e-01
    outer loop
      vertex   3.100000e+02 2.716574e+01 6.287091e+01
      vertex   3.100000e+02 2.624611e+01 6.266535e+01
      vertex   3.100251e+02 2.633347e+01 6.291679e+01
    endloop
  endfacet
  facet normal -9.934951e-01 -3.057895e-02 1.096921e-01
    outer loop
      vertex   3.100251e+02 2.633347e+01 6.291679e+01
      vertex   3.100000e+02 2.624611e+01 6.266535e+01
      vertex   3.100251e+02 2.544771e+01 6.266986e+01
    endloop
  endfacet
  facet normal -9.438363e-01 -8.872652e-02 3.182775e-01
    outer loop
      vertex   3.100251e+02 2.633347e+01 6.291679e+01
      vertex   3.100251e+02 2.544771e+01 6.266986e+01
      vertex   3.100990e+02 2.538483e+01 6.287166e+01
    endloop
  endfacet
  facet normal -9.438363e-01 -1.077818e-01 3.123397e-01
    outer loop
      vertex   3.100990e+02 2.538483e+01 6.287166e+01
      vertex   3.100251e+02 2.544771e+01 6.266986e+01
      vertex   3.100990e+02 2.450353e+01 6.256754e+01
    endloop
  endfacet
  facet normal -8.466148e-01 -1.736071e-01 5.030944e-01
    outer loop
      vertex   3.100990e+02 2.538483e+01 6.287166e+01
      vertex   3.100990e+02 2.450353e+01 6.256754e+01
      vertex   3.102182e+02 2.443629e+01 6.274482e+01
    endloop
  endfacet
  facet normal -8.466148e-01 -2.036665e-01 4.916944e-01
    outer loop
      vertex   3.102182e+02 2.443629e+01 6.274482e+01
      vertex   3.100990e+02 2.450353e+01 6.256754e+01
      vertex   3.102182e+02 2.356438e+01 6.238366e+01
    endloop
  endfacet
  facet normal -7.069454e-01 -2.706598e-01 6.534305e-01
    outer loop
      vertex   3.102182e+02 2.443629e+01 6.274482e+01
      vertex   3.102182e+02 2.356438e+01 6.238366e+01
      vertex   3.103765e+02 2.349939e+01 6.252805e+01
    endloop
  endfacet
  facet normal -7.069454e-01 -3.096191e-01 6.358963e-01
    outer loop
      vertex   3.103765e+02 2.349939e+01 6.252805e+01
      vertex   3.102182e+02 2.356438e+01 6.238366e+01
      vertex   3.103765e+02 2.264227e+01 6.211072e+01
    endloop
  endfacet
  facet normal -5.318580e-01 -3.707164e-01 7.613780e-01
    outer loop
      vertex   3.103765e+02 2.349939e+01 6.252805e+01
      vertex   3.103765e+02 2.264227e+01 6.211072e+01
      vertex   3.105661e+02 2.258691e+01 6.221621e+01
    endloop
  endfacet
  facet normal -5.318580e-01 -4.160109e-01 7.376056e-01
    outer loop
      vertex   3.105661e+02 2.258691e+01 6.221621e+01
      vertex   3.103765e+02 2.264227e+01 6.211072e+01
      vertex   3.105661e+02 2.175028e+01 6.174436e+01
    endloop
  endfacet
  facet normal -3.301448e-01 -4.637101e-01 8.221784e-01
    outer loop
      vertex   3.105661e+02 2.258691e+01 6.221621e+01
      vertex   3.105661e+02 2.175028e+01 6.174436e+01
      vertex   3.107775e+02 2.171202e+01 6.180765e+01
    endloop
  endfacet
  facet normal -3.301448e-01 -5.125060e-01 7.926803e-01
    outer loop
      vertex   3.107775e+02 2.171202e+01 6.180765e+01
      vertex   3.105661e+02 2.175028e+01 6.174436e+01
      vertex   3.107775e+02 2.090166e+01 6.128371e+01
    endloop
  endfacet
  facet normal -9.939598e-01 -3.061787e-02 1.053874e-01
    outer loop
      vertex   3.100000e+02 2.624611e+01 6.266535e+01
      vertex   3.100000e+02 2.534120e+01 6.240245e+01
      vertex   3.100251e+02 2.544771e+01 6.266986e+01
    endloop
  endfacet
  facet normal -9.934537e-01 -3.726403e-02 1.079871e-01
    outer loop
      vertex   3.100251e+02 2.544771e+01 6.266986e+01
      vertex   3.100000e+02 2.534120e+01 6.240245e+01
      vertex   3.100251e+02 2.457848e+01 6.236991e+01
    endloop
  endfacet
  facet normal -9.438363e-01 -1.077818e-01 3.123397e-01
    outer loop
      vertex   3.100251e+02 2.544771e+01 6.266986e+01
      vertex   3.100251e+02 2.457848e+01 6.236991e+01
      vertex   3.100990e+02 2.450353e+01 6.256754e+01
    endloop
  endfacet
  facet normal -9.438363e-01 -1.264437e-01 3.052621e-01
    outer loop
      vertex   3.100990e+02 2.450353e+01 6.256754e+01
      vertex   3.100251e+02 2.457848e+01 6.236991e+01
      vertex   3.100990e+02 2.364219e+01 6.221076e+01
    endloop
  endfacet
  facet normal -8.466148e-01 -2.036665e-01 4.916944e-01
    outer loop
      vertex   3.100990e+02 2.450353e+01 6.256754e+01
      vertex   3.100990e+02 2.364219e+01 6.221076e+01
      vertex   3.102182e+02 2.356438e+01 6.238366e+01
    endloop
  endfacet
  facet normal -8.466148e-01 -2.329827e-01 4.785002e-01
    outer loop
      vertex   3.102182e+02 2.356438e+01 6.238366e+01
      vertex   3.100990e+02 2.364219e+01 6.221076e+01
      vertex   3.102182e+02 2.271586e+01 6.197052e+01
    endloop
  endfacet
  facet normal -7.069454e-01 -3.096191e-01 6.358963e-01
    outer loop
      vertex   3.102182e+02 2.356438e+01 6.238366e+01
      vertex   3.102182e+02 2.271586e+01 6.197052e+01
      vertex   3.103765e+02 2.264227e+01 6.211072e+01
    endloop
  endfacet
  facet normal -7.069454e-01 -3.474487e-01 6.160418e-01
    outer loop
      vertex   3.103765e+02 2.264227e+01 6.211072e+01
      vertex   3.102182e+02 2.271586e+01 6.197052e+01
      vertex   3.103765e+02 2.181192e+01 6.164240e+01
    endloop
  endfacet
  facet normal -5.318580e-01 -4.160109e-01 7.376056e-01
    outer loop
      vertex   3.103765e+02 2.264227e+01 6.211072e+01
      vertex   3.103765e+02 2.181192e+01 6.164240e+01
      vertex   3.105661e+02 2.175028e+01 6.174436e+01
    endloop
  endfacet
  facet normal -5.318580e-01 -4.597874e-01 7.111417e-01
    outer loop
      vertex   3.105661e+02 2.175028e+01 6.174436e+01
      vertex   3.103765e+02 2.181192e+01 6.164240e+01
      vertex   3.105661e+02 2.094368e+01 6.122285e+01
    endloop
  endfacet
  facet normal -3.301448e-01 -5.125060e-01 7.926803e-01
    outer loop
      vertex   3.105661e+02 2.175028e+01 6.174436e+01
      vertex   3.105661e+02 2.094368e+01 6.122285e+01
      vertex   3.107775e+02 2.090166e+01 6.128371e+01
    endloop
  endfacet
  facet normal -3.301448e-01 -5.594318e-01 7.602897e-01
    outer loop
      vertex   3.107775e+02 2.090166e+01 6.128371e+01
      vertex   3.105661e+02 2.094368e+01 6.122285e+01
      vertex   3.107775e+02 2.012442e+01 6.071180e+01
    endloop
  endfacet
  facet normal -9.939948e-01 -3.706726e-02 1.029583e-01
    outer loop
      vertex   3.100000e+02 2.534120e+01 6.240245e+01
      vertex   3.100000e+02 2.445459e+01 6.208325e+01
      vertex   3.100251e+02 2.457848e+01 6.236991e+01
    endloop
  endfacet
  facet normal -9.934171e-01 -4.383782e-02 1.058338e-01
    outer loop
      vertex   3.100251e+02 2.457848e+01 6.236991e+01
      vertex   3.100000e+02 2.445459e+01 6.208325e+01
      vertex   3.100251e+02 2.372894e+01 6.201802e+01
    endloop
  endfacet
  facet normal -9.438363e-01 -1.264437e-01 3.052621e-01
    outer loop
      vertex   3.100251e+02 2.457848e+01 6.236991e+01
      vertex   3.100251e+02 2.372894e+01 6.201802e+01
      vertex   3.100990e+02 2.364219e+01 6.221076e+01
    endloop
  endfacet
  facet normal -9.438363e-01 -1.446443e-01 2.970707e-01
    outer loop
      vertex   3.100990e+02 2.364219e+01 6.221076e+01
      vertex   3.100251e+02 2.372894e+01 6.201802e+01
      vertex   3.100990e+02 2.280397e+01 6.180263e+01
    endloop
  endfacet
  facet normal -8.466148e-01 -2.329827e-01 4.785002e-01
    outer loop
      vertex   3.100990e+02 2.364219e+01 6.221076e+01
      vertex   3.100990e+02 2.280397e+01 6.180263e+01
      vertex   3.102182e+02 2.271586e+01 6.197052e+01
    endloop
  endfacet
  facet normal -8.466148e-01 -2.614487e-01 4.635601e-01
    outer loop
      vertex   3.102182e+02 2.271586e+01 6.197052e+01
      vertex   3.100990e+02 2.280397e+01 6.180263e+01
      vertex   3.102182e+02 2.189383e+01 6.150689e+01
    endloop
  endfacet
  facet normal -7.069454e-01 -3.474487e-01 6.160418e-01
    outer loop
      vertex   3.102182e+02 2.271586e+01 6.197052e+01
      vertex   3.102182e+02 2.189383e+01 6.150689e+01
      vertex   3.103765e+02 2.181192e+01 6.164240e+01
    endloop
  endfacet
  facet normal -7.069454e-01 -3.840105e-01 5.939395e-01
    outer loop
      vertex   3.103765e+02 2.181192e+01 6.164240e+01
      vertex   3.102182e+02 2.189383e+01 6.150689e+01
      vertex   3.103765e+02 2.101135e+01 6.112480e+01
    endloop
  endfacet
  facet normal -5.318580e-01 -4.597874e-01 7.111417e-01
    outer loop
      vertex   3.103765e+02 2.181192e+01 6.164240e+01
      vertex   3.103765e+02 2.101135e+01 6.112480e+01
      vertex   3.105661e+02 2.094368e+01 6.122285e+01
    endloop
  endfacet
  facet normal -5.318580e-01 -5.018862e-01 6.820830e-01
    outer loop
      vertex   3.105661e+02 2.094368e+01 6.122285e+01
      vertex   3.103765e+02 2.101135e+01 6.112480e+01
      vertex   3.105661e+02 2.017003e+01 6.065358e+01
    endloop
  endfacet
  facet normal -3.301448e-01 -5.594318e-01 7.602897e-01
    outer loop
      vertex   3.105661e+02 2.094368e+01 6.122285e+01
      vertex   3.105661e+02 2.017003e+01 6.065358e+01
      vertex   3.107775e+02 2.012442e+01 6.071180e+01
    endloop
  endfacet
  facet normal -3.301448e-01 -6.043163e-01 7.251250e-01
    outer loop
      vertex   3.107775e+02 2.012442e+01 6.071180e+01
      vertex   3.105661e+02 2.017003e+01 6.065358e+01
      vertex   3.107775e+02 1.938312e+01 6.009401e+01
    endloop
  endfacet
  facet normal -9.940249e-01 -4.335024e-02 1.001765e-01
    outer loop
      vertex   3.100000e+02 2.445459e+01 6.208325e+01
      vertex   3.100000e+02 2.358977e+01 6.170901e+01
      vertex   3.100251e+02 2.372894e+01 6.201802e+01
    endloop
  endfacet
  facet normal -9.933854e-01 -5.026784e-02 1.032402e-01
    outer loop
      vertex   3.100251e+02 2.372894e+01 6.201802e+01
      vertex   3.100000e+02 2.358977e+01 6.170901e+01
      vertex   3.100251e+02 2.290220e+01 6.161548e+01
    endloop
  endfacet
  facet normal -9.438363e-01 -1.446443e-01 2.970707e-01
    outer loop
      vertex   3.100251e+02 2.372894e+01 6.201802e+01
      vertex   3.100251e+02 2.290220e+01 6.161548e+01
      vertex   3.100990e+02 2.280397e+01 6.180263e+01
    endloop
  endfacet
  facet normal -9.438363e-01 -1.623171e-01 2.877953e-01
    outer loop
      vertex   3.100990e+02 2.280397e+01 6.180263e+01
      vertex   3.100251e+02 2.290220e+01 6.161548e+01
      vertex   3.100990e+02 2.199192e+01 6.134463e+01
    endloop
  endfacet
  facet normal -8.466148e-01 -2.614487e-01 4.635601e-01
    outer loop
      vertex   3.100990e+02 2.280397e+01 6.180263e+01
      vertex   3.100990e+02 2.199192e+01 6.134463e+01
      vertex   3.102182e+02 2.189383e+01 6.150689e+01
    endloop
  endfacet
  facet normal -8.466148e-01 -2.889608e-01 4.469285e-01
    outer loop
      vertex   3.102182e+02 2.189383e+01 6.150689e+01
      vertex   3.100990e+02 2.199192e+01 6.134463e+01
      vertex   3.102182e+02 2.110130e+01 6.099448e+01
    endloop
  endfacet
  facet normal -7.069454e-01 -3.840105e-01 5.939395e-01
    outer loop
      vertex   3.102182e+02 2.189383e+01 6.150689e+01
      vertex   3.102182e+02 2.110130e+01 6.099448e+01
      vertex   3.103765e+02 2.101135e+01 6.112480e+01
    endloop
  endfacet
  facet normal -7.069454e-01 -4.191711e-01 5.696699e-01
    outer loop
      vertex   3.103765e+02 2.101135e+01 6.112480e+01
      vertex   3.102182e+02 2.110130e+01 6.099448e+01
      vertex   3.103765e+02 2.024350e+01 6.055980e+01
    endloop
  endfacet
  facet normal -5.318580e-01 -5.018862e-01 6.820830e-01
    outer loop
      vertex   3.103765e+02 2.101135e+01 6.112480e+01
      vertex   3.103765e+02 2.024350e+01 6.055980e+01
      vertex   3.105661e+02 2.017003e+01 6.065358e+01
    endloop
  endfacet
  facet normal -5.318580e-01 -5.421537e-01 6.505355e-01
    outer loop
      vertex   3.105661e+02 2.017003e+01 6.065358e+01
      vertex   3.103765e+02 2.024350e+01 6.055980e+01
      vertex   3.105661e+02 1.943216e+01 6.003865e+01
    endloop
  endfacet
  facet normal -3.301448e-01 -6.043163e-01 7.251250e-01
    outer loop
      vertex   3.105661e+02 2.017003e+01 6.065358e+01
      vertex   3.105661e+02 1.943216e+01 6.003865e+01
      vertex   3.107775e+02 1.938312e+01 6.009401e+01
    endloop
  endfacet
  facet normal -3.301448e-01 -6.469957e-01 6.873143e-01
    outer loop
      vertex   3.107775e+02 1.938312e+01 6.009401e+01
      vertex   3.105661e+02 1.943216e+01 6.003865e+01
      vertex   3.107775e+02 1.868048e+01 5.943258e+01
    endloop
  endfacet
  facet normal -9.940501e-01 -4.945020e-02 9.705149e-02
    outer loop
      vertex   3.100000e+02 2.358977e+01 6.170901e+01
      vertex   3.100000e+02 2.275015e+01 6.128120e+01
      vertex   3.100251e+02 2.290220e+01 6.161548e+01
    endloop
  endfacet
  facet normal -9.933589e-01 -5.652224e-02 1.002164e-01
    outer loop
      vertex   3.100251e+02 2.290220e+01 6.161548e+01
      vertex   3.100000e+02 2.275015e+01 6.128120e+01
      vertex   3.100251e+02 2.210127e+01 6.116375e+01
    endloop
  endfacet
  facet normal -9.438363e-01 -1.623171e-01 2.877953e-01
    outer loop
      vertex   3.100251e+02 2.290220e+01 6.161548e+01
      vertex   3.100251e+02 2.210127e+01 6.116375e+01
      vertex   3.100990e+02 2.199192e+01 6.134463e+01
    endloop
  endfacet
  facet normal -9.438363e-01 -1.793976e-01 2.774698e-01
    outer loop
      vertex   3.100990e+02 2.199192e+01 6.134463e+01
      vertex   3.100251e+02 2.210127e+01 6.116375e+01
      vertex   3.100990e+02 2.120901e+01 6.083844e+01
    endloop
  endfacet
  facet normal -8.466148e-01 -2.889608e-01 4.469285e-01
    outer loop
      vertex   3.100990e+02 2.199192e+01 6.134463e+01
      vertex   3.100990e+02 2.120901e+01 6.083844e+01
      vertex   3.102182e+02 2.110130e+01 6.099448e+01
    endloop
  endfacet
  facet normal -8.466148e-01 -3.154185e-01 4.286660e-01
    outer loop
      vertex   3.102182e+02 2.110130e+01 6.099448e+01
      vertex   3.100990e+02 2.120901e+01 6.083844e+01
      vertex   3.102182e+02 2.034116e+01 6.043516e+01
    endloop
  endfacet
  facet normal -7.069454e-01 -4.191711e-01 5.696699e-01
    outer loop
      vertex   3.102182e+02 2.110130e+01 6.099448e+01
      vertex   3.102182e+02 2.034116e+01 6.043516e+01
      vertex   3.103765e+02 2.024350e+01 6.055980e+01
    endloop
  endfacet
  facet normal -7.069454e-01 -4.528021e-01 5.433216e-01
    outer loop
      vertex   3.103765e+02 2.024350e+01 6.055980e+01
      vertex   3.102182e+02 2.034116e+01 6.043516e+01
      vertex   3.103765e+02 1.951117e+01 5.994948e+01
    endloop
  endfacet
  facet normal -5.318580e-01 -5.421537e-01 6.505355e-01
    outer loop
      vertex   3.103765e+02 2.024350e+01 6.055980e+01
      vertex   3.103765e+02 1.951117e+01 5.994948e+01
      vertex   3.105661e+02 1.943216e+01 6.003865e+01
    endloop
  endfacet
  facet normal -5.318580e-01 -5.804429e-01 6.166142e-01
    outer loop
      vertex   3.105661e+02 1.943216e+01 6.003865e+01
      vertex   3.103765e+02 1.951117e+01 5.994948e+01
      vertex   3.105661e+02 1.873277e+01 5.938029e+01
    endloop
  endfacet
  facet normal -3.301448e-01 -6.469957e-01 6.873143e-01
    outer loop
      vertex   3.105661e+02 1.943216e+01 6.003865e+01
      vertex   3.105661e+02 1.873277e+01 5.938029e+01
      vertex   3.107775e+02 1.868048e+01 5.943258e+01
    endloop
  endfacet
  facet normal -3.301448e-01 -6.873143e-01 6.469957e-01
    outer loop
      vertex   3.107775e+02 1.868048e+01 5.943258e+01
      vertex   3.105661e+02 1.873277e+01 5.938029e+01
      vertex   3.107775e+02 1.801905e+01 5.872994e+01
    endloop
  endfacet
  facet normal -9.940707e-01 -5.535091e-02 9.359328e-02
    outer loop
      vertex   3.100000e+02 2.275015e+01 6.128120e+01
      vertex   3.100000e+02 2.193905e+01 6.080152e+01
      vertex   3.100251e+02 2.210127e+01 6.116375e+01
    endloop
  endfacet
  facet normal -9.933376e-01 -6.256998e-02 9.677543e-02
    outer loop
      vertex   3.100251e+02 2.210127e+01 6.116375e+01
      vertex   3.100000e+02 2.193905e+01 6.080152e+01
      vertex   3.100251e+02 2.132908e+01 6.066449e+01
    endloop
  endfacet
  facet normal -9.438363e-01 -1.793976e-01 2.774698e-01
    outer loop
      vertex   3.100251e+02 2.210127e+01 6.116375e+01
      vertex   3.100251e+02 2.132908e+01 6.066449e+01
      vertex   3.100990e+02 2.120901e+01 6.083844e+01
    endloop
  endfacet
  facet normal -9.438363e-01 -1.958235e-01 2.661318e-01
    outer loop
      vertex   3.100990e+02 2.120901e+01 6.083844e+01
      vertex   3.100251e+02 2.132908e+01 6.066449e+01
      vertex   3.100990e+02 2.045809e+01 6.028590e+01
    endloop
  endfacet
  facet normal -8.466148e-01 -3.154185e-01 4.286660e-01
    outer loop
      vertex   3.100990e+02 2.120901e+01 6.083844e+01
      vertex   3.100990e+02 2.045809e+01 6.028590e+01
      vertex   3.102182e+02 2.034116e+01 6.043516e+01
    endloop
  endfacet
  facet normal -8.466148e-01 -3.407252e-01 4.088395e-01
    outer loop
      vertex   3.102182e+02 2.034116e+01 6.043516e+01
      vertex   3.100990e+02 2.045809e+01 6.028590e+01
      vertex   3.102182e+02 1.961617e+01 5.983095e+01
    endloop
  endfacet
  facet normal -7.069454e-01 -4.528021e-01 5.433216e-01
    outer loop
      vertex   3.102182e+02 2.034116e+01 6.043516e+01
      vertex   3.102182e+02 1.961617e+01 5.983095e+01
      vertex   3.103765e+02 1.951117e+01 5.994948e+01
    endloop
  endfacet
  facet normal -7.069454e-01 -4.847809e-01 5.149909e-01
    outer loop
      vertex   3.103765e+02 1.951117e+01 5.994948e+01
      vertex   3.102182e+02 1.961617e+01 5.983095e+01
      vertex   3.103765e+02 1.881702e+01 5.929604e+01
    endloop
  endfacet
  facet normal -5.318580e-01 -5.804429e-01 6.166142e-01
    outer loop
      vertex   3.103765e+02 1.951117e+01 5.994948e+01
      vertex   3.103765e+02 1.881702e+01 5.929604e+01
      vertex   3.105661e+02 1.873277e+01 5.938029e+01
    endloop
  endfacet
  facet normal -5.318580e-01 -6.166142e-01 5.804429e-01
    outer loop
      vertex   3.105661e+02 1.873277e+01 5.938029e+01
      vertex   3.103765e+02 1.881702e+01 5.929604e+01
      vertex   3.105661e+02 1.807441e+01 5.868090e+01
    endloop
  endfacet
  facet normal -3.301448e-01 -6.873143e-01 6.469957e-01
    outer loop
      vertex   3.105661e+02 1.873277e+01 5.938029e+01
      vertex   3.105661e+02 1.807441e+01 5.868090e+01
      vertex   3.107775e+02 1.801905e+01 5.872994e+01
    endloop
  endfacet
  facet normal -3.301448e-01 -7.251250e-01 6.043163e-01
    outer loop
      vertex   3.107775e+02 1.801905e+01 5.872994e+01
      vertex   3.105661e+02 1.807441e+01 5.868090e+01
      vertex   3.107775e+02 1.740126e+01 5.798864e+01
    endloop
  endfacet
  facet normal -9.940866e-01 -6.103659e-02 8.981261e-02
    outer loop
      vertex   3.100000e+02 2.193905e+01 6.080152e+01
      vertex   3.100000e+02 2.115968e+01 6.027186e+01
      vertex   3.100251e+02 2.132908e+01 6.066449e+01
    endloop
  endfacet
  facet normal -9.933215e-01 -6.838103e-02 9.293250e-02
    outer loop
      vertex   3.100251e+02 2.132908e+01 6.066449e+01
      vertex   3.100000e+02 2.115968e+01 6.027186e+01
      vertex   3.100251e+02 2.058844e+01 6.011952e+01
    endloop
  endfacet
  facet normal -9.438363e-01 -1.958235e-01 2.661318e-01
    outer loop
      vertex   3.100251e+02 2.132908e+01 6.066449e+01
      vertex   3.100251e+02 2.058844e+01 6.011952e+01
      vertex   3.100990e+02 2.045809e+01 6.028590e+01
    endloop
  endfacet
  facet normal -9.438363e-01 -2.115349e-01 2.538227e-01
    outer loop
      vertex   3.100990e+02 2.045809e+01 6.028590e+01
      vertex   3.100251e+02 2.058844e+01 6.011952e+01
      vertex   3.100990e+02 1.974190e+01 5.968903e+01
    endloop
  endfacet
  facet normal -8.466148e-01 -3.407252e-01 4.088395e-01
    outer loop
      vertex   3.100990e+02 2.045809e+01 6.028590e+01
      vertex   3.100990e+02 1.974190e+01 5.968903e+01
      vertex   3.102182e+02 1.961617e+01 5.983095e+01
    endloop
  endfacet
  facet normal -8.466148e-01 -3.647887e-01 3.875211e-01
    outer loop
      vertex   3.102182e+02 1.961617e+01 5.983095e+01
      vertex   3.100990e+02 1.974190e+01 5.968903e+01
      vertex   3.102182e+02 1.892898e+01 5.918408e+01
    endloop
  endfacet
  facet normal -7.069454e-01 -4.847809e-01 5.149909e-01
    outer loop
      vertex   3.102182e+02 1.961617e+01 5.983095e+01
      vertex   3.102182e+02 1.892898e+01 5.918408e+01
      vertex   3.103765e+02 1.881702e+01 5.929604e+01
    endloop
  endfacet
  facet normal -7.069454e-01 -5.149909e-01 4.847809e-01
    outer loop
      vertex   3.103765e+02 1.881702e+01 5.929604e+01
      vertex   3.102182e+02 1.892898e+01 5.918408e+01
      vertex   3.103765e+02 1.816359e+01 5.860189e+01
    endloop
  endfacet
  facet normal -5.318580e-01 -6.166142e-01 5.804429e-01
    outer loop
      vertex   3.103765e+02 1.881702e+01 5.929604e+01
      vertex   3.103765e+02 1.816359e+01 5.860189e+01
      vertex   3.105661e+02 1.807441e+01 5.868090e+01
    endloop
  endfacet
  facet normal -5.318580e-01 -6.505355e-01 5.421537e-01
    outer loop
      vertex   3.105661e+02 1.807441e+01 5.868090e+01
      vertex   3.103765e+02 1.816359e+01 5.860189e+01
      vertex   3.105661e+02 1.745948e+01 5.794303e+01
    endloop
  endfacet
  facet normal -3.301448e-01 -7.251250e-01 6.043163e-01
    outer loop
      vertex   3.105661e+02 1.807441e+01 5.868090e+01
      vertex   3.105661e+02 1.745948e+01 5.794303e+01
      vertex   3.107775e+02 1.740126e+01 5.798864e+01
    endloop
  endfacet
  facet normal -3.301448e-01 -7.602897e-01 5.594318e-01
    outer loop
      vertex   3.107775e+02 1.740126e+01 5.798864e+01
      vertex   3.105661e+02 1.745948e+01 5.794303e+01
      vertex   3.107775e+02 1.682935e+01 5.721140e+01
    endloop
  endfacet
  facet normal -9.940980e-01 -6.649190e-02 8.572084e-02
    outer loop
      vertex   3.100000e+02 2.115968e+01 6.027186e+01
      vertex   3.100000e+02 2.041510e+01 5.969430e+01
      vertex   3.100251e+02 2.058844e+01 6.011952e+01
    endloop
  endfacet
  facet normal -9.933107e-01 -7.392660e-02 8.870524e-02
    outer loop
      vertex   3.100251e+02 2.058844e+01 6.011952e+01
      vertex   3.100000e+02 2.041510e+01 5.969430e+01
      vertex   3.100251e+02 1.988206e+01 5.953083e+01
    endloop
  endfacet
  facet normal -9.438363e-01 -2.115349e-01 2.538227e-01
    outer loop
      vertex   3.100251e+02 2.058844e+01 6.011952e+01
      vertex   3.100251e+02 1.988206e+01 5.953083e+01
      vertex   3.100990e+02 1.974190e+01 5.968903e+01
    endloop
  endfacet
  facet normal -9.438363e-01 -2.264744e-01 2.405875e-01
    outer loop
      vertex   3.100990e+02 1.974190e+01 5.968903e+01
      vertex   3.100251e+02 1.988206e+01 5.953083e+01
      vertex   3.100990e+02 1.906305e+01 5.905001e+01
    endloop
  endfacet
  facet normal -8.466148e-01 -3.647887e-01 3.875211e-01
    outer loop
      vertex   3.100990e+02 1.974190e+01 5.968903e+01
      vertex   3.100990e+02 1.906305e+01 5.905001e+01
      vertex   3.102182e+02 1.892898e+01 5.918408e+01
    endloop
  endfacet
  facet normal -8.466148e-01 -3.875211e-01 3.647887e-01
    outer loop
      vertex   3.102182e+02 1.892898e+01 5.918408e+01
      vertex   3.100990e+02 1.906305e+01 5.905001e+01
      vertex   3.102182e+02 1.828211e+01 5.849689e+01
    endloop
  endfacet
  facet normal -7.069454e-01 -5.149909e-01 4.847809e-01
    outer loop
      vertex   3.102182e+02 1.892898e+01 5.918408e+01
      vertex   3.102182e+02 1.828211e+01 5.849689e+01
      vertex   3.103765e+02 1.816359e+01 5.860189e+01
    endloop
  endfacet
  facet normal -7.069454e-01 -5.433216e-01 4.528021e-01
    outer loop
      vertex   3.103765e+02 1.816359e+01 5.860189e+01
      vertex   3.102182e+02 1.828211e+01 5.849689e+01
      vertex   3.103765e+02 1.755326e+01 5.786956e+01
    endloop
  endfacet
  facet normal -5.318580e-01 -6.505355e-01 5.421537e-01
    outer loop
      vertex   3.103765e+02 1.816359e+01 5.860189e+01
      vertex   3.103765e+02 1.755326e+01 5.786956e+01
      vertex   3.105661e+02 1.745948e+01 5.794303e+01
    endloop
  endfacet
  facet normal -5.318580e-01 -6.820830e-01 5.018862e-01
    outer loop
      vertex   3.105661e+02 1.745948e+01 5.794303e+01
      vertex   3.103765e+02 1.755326e+01 5.786956e+01
      vertex   3.105661e+02 1.689022e+01 5.716938e+01
    endloop
  endfacet
  facet normal -3.301448e-01 -7.602897e-01 5.594318e-01
    outer loop
      vertex   3.105661e+02 1.745948e+01 5.794303e+01
      vertex   3.105661e+02 1.689022e+01 5.716938e+01
      vertex   3.107775e+02 1.682935e+01 5.721140e+01
    endloop
  endfacet
  facet normal -3.301448e-01 -7.926803e-01 5.125060e-01
    outer loop
      vertex   3.107775e+02 1.682935e+01 5.721140e+01
      vertex   3.105661e+02 1.689022e+01 5.716938e+01
      vertex   3.107775e+02 1.630541e+01 5.640104e+01
    endloop
  endfacet
  facet normal -9.941048e-01 -7.170202e-02 8.132998e-02
    outer loop
      vertex   3.100000e+02 2.041510e+01 5.969430e+01
      vertex   3.100000e+02 1.970825e+01 5.907113e+01
      vertex   3.100251e+02 1.988206e+01 5.953083e+01
    endloop
  endfacet
  facet normal -9.933054e-01 -7.917935e-02 8.411354e-02
    outer loop
      vertex   3.100251e+02 1.988206e+01 5.953083e+01
      vertex   3.100000e+02 1.970825e+01 5.907113e+01
      vertex   3.100251e+02 1.921251e+01 5.890055e+01
    endloop
  endfacet
  facet normal -9.438363e-01 -2.264744e-01 2.405875e-01
    outer loop
      vertex   3.100251e+02 1.988206e+01 5.953083e+01
      vertex   3.100251e+02 1.921251e+01 5.890055e+01
      vertex   3.100990e+02 1.906305e+01 5.905001e+01
    endloop
  endfacet
  facet normal -9.438363e-01 -2.405875e-01 2.264744e-01
    outer loop
      vertex   3.100990e+02 1.906305e+01 5.905001e+01
      vertex   3.100251e+02 1.921251e+01 5.890055e+01
      vertex   3.100990e+02 1.842403e+01 5.837116e+01
    endloop
  endfacet
  facet normal -8.466148e-01 -3.875211e-01 3.647887e-01
    outer loop
      vertex   3.100990e+02 1.906305e+01 5.905001e+01
      vertex   3.100990e+02 1.842403e+01 5.837116e+01
      vertex   3.102182e+02 1.828211e+01 5.849689e+01
    endloop
  endfacet
  facet normal -8.466148e-01 -4.088395e-01 3.407252e-01
    outer loop
      vertex   3.102182e+02 1.828211e+01 5.849689e+01
      vertex   3.100990e+02 1.842403e+01 5.837116e+01
      vertex   3.102182e+02 1.767790e+01 5.777191e+01
    endloop
  endfacet
  facet normal -7.069454e-01 -5.433216e-01 4.528021e-01
    outer loop
      vertex   3.102182e+02 1.828211e+01 5.849689e+01
      vertex   3.102182e+02 1.767790e+01 5.777191e+01
      vertex   3.103765e+02 1.755326e+01 5.786956e+01
    endloop
  endfacet
  facet normal -7.069454e-01 -5.696699e-01 4.191711e-01
    outer loop
      vertex   3.103765e+02 1.755326e+01 5.786956e+01
      vertex   3.102182e+02 1.767790e+01 5.777191e+01
      vertex   3.103765e+02 1.698826e+01 5.710171e+01
    endloop
  endfacet
  facet normal -5.318580e-01 -6.820830e-01 5.018862e-01
    outer loop
      vertex   3.103765e+02 1.755326e+01 5.786956e+01
      vertex   3.103765e+02 1.698826e+01 5.710171e+01
      vertex   3.105661e+02 1.689022e+01 5.716938e+01
    endloop
  endfacet
  facet normal -5.318580e-01 -7.111417e-01 4.597874e-01
    outer loop
      vertex   3.105661e+02 1.689022e+01 5.716938e+01
      vertex   3.103765e+02 1.698826e+01 5.710171e+01
      vertex   3.105661e+02 1.636870e+01 5.636278e+01
    endloop
  endfacet
  facet normal -3.301448e-01 -7.926803e-01 5.125060e-01
    outer loop
      vertex   3.105661e+02 1.689022e+01 5.716938e+01
      vertex   3.105661e+02 1.636870e+01 5.636278e+01
      vertex   3.107775e+02 1.630541e+01 5.640104e+01
    endloop
  endfacet
  facet normal -3.301448e-01 -8.221784e-01 4.637101e-01
    outer loop
      vertex   3.107775e+02 1.630541e+01 5.640104e+01
      vertex   3.105661e+02 1.636870e+01 5.636278e+01
      vertex   3.107775e+02 1.583136e+01 5.556052e+01
    endloop
  endfacet
  facet normal -9.941070e-01 -7.665264e-02 7.665264e-02
    outer loop
      vertex   3.100000e+02 1.970825e+01 5.907113e+01
      vertex   3.100000e+02 1.904193e+01 5.840481e+01
      vertex   3.100251e+02 1.921251e+01 5.890055e+01
    endloop
  endfacet
  facet normal -9.933054e-01 -8.411354e-02 7.917935e-02
    outer loop
      vertex   3.100251e+02 1.921251e+01 5.890055e+01
      vertex   3.100000e+02 1.904193e+01 5.840481e+01
      vertex   3.100251e+02 1.858224e+01 5.823100e+01
    endloop
  endfacet
  facet normal -9.438363e-01 -2.405875e-01 2.264744e-01
    outer loop
      vertex   3.100251e+02 1.921251e+01 5.890055e+01
      vertex   3.100251e+02 1.858224e+01 5.823100e+01
      vertex   3.100990e+02 1.842403e+01 5.837116e+01
    endloop
  endfacet
  facet normal -9.438363e-01 -2.538227e-01 2.115349e-01
    outer loop
      vertex   3.100990e+02 1.842403e+01 5.837116e+01
      vertex   3.100251e+02 1.858224e+01 5.823100e+01
      vertex   3.100990e+02 1.782716e+01 5.765497e+01
    endloop
  endfacet
  facet normal -8.466148e-01 -4.088395e-01 3.407252e-01
    outer loop
      vertex   3.100990e+02 1.842403e+01 5.837116e+01
      vertex   3.100990e+02 1.782716e+01 5.765497e+01
      vertex   3.102182e+02 1.767790e+01 5.777191e+01
    endloop
  endfacet
  facet normal -8.466148e-01 -4.286660e-01 3.154185e-01
    outer loop
      vertex   3.102182e+02 1.767790e+01 5.777191e+01
      vertex   3.100990e+02 1.782716e+01 5.765497e+01
      vertex   3.102182e+02 1.711858e+01 5.701176e+01
    endloop
  endfacet
  facet normal -7.069454e-01 -5.696699e-01 4.191711e-01
    outer loop
      vertex   3.102182e+02 1.767790e+01 5.777191e+01
      vertex   3.102182e+02 1.711858e+01 5.701176e+01
      vertex   3.103765e+02 1.698826e+01 5.710171e+01
    endloop
  endfacet
  facet normal -7.069454e-01 -5.939395e-01 3.840105e-01
    outer loop
      vertex   3.103765e+02 1.698826e+01 5.710171e+01
      vertex   3.102182e+02 1.711858e+01 5.701176e+01
      vertex   3.103765e+02 1.647066e+01 5.630114e+01
    endloop
  endfacet
  facet normal -5.318580e-01 -7.111417e-01 4.597874e-01
    outer loop
      vertex   3.103765e+02 1.698826e+01 5.710171e+01
      vertex   3.103765e+02 1.647066e+01 5.630114e+01
      vertex   3.105661e+02 1.636870e+01 5.636278e+01
    endloop
  endfacet
  facet normal -5.318580e-01 -7.376056e-01 4.160109e-01
    outer loop
      vertex   3.105661e+02 1.636870e+01 5.636278e+01
      vertex   3.103765e+02 1.647066e+01 5.630114e+01
      vertex   3.105661e+02 1.589685e+01 5.552615e+01
    endloop
  endfacet
  facet normal -3.301448e-01 -8.221784e-01 4.637101e-01
    outer loop
      vertex   3.105661e+02 1.636870e+01 5.636278e+01
      vertex   3.105661e+02 1.589685e+01 5.552615e+01
      vertex   3.107775e+02 1.583136e+01 5.556052e+01
    endloop
  endfacet
  facet normal -3.301448e-01 -8.486765e-01 4.132222e-01
    outer loop
      vertex   3.107775e+02 1.583136e+01 5.556052e+01
      vertex   3.105661e+02 1.589685e+01 5.552615e+01
      vertex   3.107775e+02 1.540892e+01 5.469292e+01
    endloop
  endfacet
  facet normal -9.941048e-01 -8.132998e-02 7.170202e-02
    outer loop
      vertex   3.100000e+02 1.904193e+01 5.840481e+01
      vertex   3.100000e+02 1.841876e+01 5.769796e+01
      vertex   3.100251e+02 1.858224e+01 5.823100e+01
    endloop
  endfacet
  facet normal -9.933107e-01 -8.870524e-02 7.392660e-02
    outer loop
      vertex   3.100251e+02 1.858224e+01 5.823100e+01
      vertex   3.100000e+02 1.841876e+01 5.769796e+01
      vertex   3.100251e+02 1.799354e+01 5.752462e+01
    endloop
  endfacet
  facet normal -9.438363e-01 -2.538227e-01 2.115349e-01
    outer loop
      vertex   3.100251e+02 1.858224e+01 5.823100e+01
      vertex   3.100251e+02 1.799354e+01 5.752462e+01
      vertex   3.100990e+02 1.782716e+01 5.765497e+01
    endloop
  endfacet
  facet normal -9.438363e-01 -2.661318e-01 1.958235e-01
    outer loop
      vertex   3.100990e+02 1.782716e+01 5.765497e+01
      vertex   3.100251e+02 1.799354e+01 5.752462e+01
      vertex   3.100990e+02 1.727462e+01 5.690405e+01
    endloop
  endfacet
  facet normal -8.466148e-01 -4.286660e-01 3.154185e-01
    outer loop
      vertex   3.100990e+02 1.782716e+01 5.765497e+01
      vertex   3.100990e+02 1.727462e+01 5.690405e+01
      vertex   3.102182e+02 1.711858e+01 5.701176e+01
    endloop
  endfacet
  facet normal -8.466148e-01 -4.469285e-01 2.889608e-01
    outer loop
      vertex   3.102182e+02 1.711858e+01 5.701176e+01
      vertex   3.100990e+02 1.727462e+01 5.690405e+01
      vertex   3.102182e+02 1.660617e+01 5.621923e+01
    endloop
  endfacet
  facet normal -7.069454e-01 -5.939395e-01 3.840105e-01
    outer loop
      vertex   3.102182e+02 1.711858e+01 5.701176e+01
      vertex   3.102182e+02 1.660617e+01 5.621923e+01
      vertex   3.103765e+02 1.647066e+01 5.630114e+01
    endloop
  endfacet
  facet normal -7.069454e-01 -6.160418e-01 3.474487e-01
    outer loop
      vertex   3.103765e+02 1.647066e+01 5.630114e+01
      vertex   3.102182e+02 1.660617e+01 5.621923e+01
      vertex   3.103765e+02 1.600234e+01 5.547079e+01
    endloop
  endfacet
  facet normal -5.318580e-01 -7.376056e-01 4.160109e-01
    outer loop
      vertex   3.103765e+02 1.647066e+01 5.630114e+01
      vertex   3.103765e+02 1.600234e+01 5.547079e+01
      vertex   3.105661e+02 1.589685e+01 5.552615e+01
    endloop
  endfacet
  facet normal -5.318580e-01 -7.613780e-01 3.707164e-01
    outer loop
      vertex   3.105661e+02 1.589685e+01 5.552615e+01
      vertex   3.103765e+02 1.600234e+01 5.547079e+01
      vertex   3.105661e+02 1.547637e+01 5.466257e+01
    endloop
  endfacet
  facet normal -3.301448e-01 -8.486765e-01 4.132222e-01
    outer loop
      vertex   3.105661e+02 1.589685e+01 5.552615e+01
      vertex   3.105661e+02 1.547637e+01 5.466257e+01
      vertex   3.107775e+02 1.540892e+01 5.469292e+01
    endloop
  endfacet
  facet normal -3.301448e-01 -8.720779e-01 3.612265e-01
    outer loop
      vertex   3.107775e+02 1.540892e+01 5.469292e+01
      vertex   3.105661e+02 1.547637e+01 5.466257e+01
      vertex   3.107775e+02 1.503964e+01 5.380139e+01
    endloop
  endfacet
  facet normal -9.940980e-01 -8.572084e-02 6.649190e-02
    outer loop
      vertex   3.100000e+02 1.841876e+01 5.769796e+01
      vertex   3.100000e+02 1.784120e+01 5.695338e+01
      vertex   3.100251e+02 1.799354e+01 5.752462e+01
    endloop
  endfacet
  facet normal -9.933215e-01 -9.293250e-02 6.838103e-02
    outer loop
      vertex   3.100251e+02 1.799354e+01 5.752462e+01
      vertex   3.100000e+02 1.784120e+01 5.695338e+01
      vertex   3.100251e+02 1.744857e+01 5.678398e+01
    endloop
  endfacet
  facet normal -9.438363e-01 -2.661318e-01 1.958235e-01
    outer loop
      vertex   3.100251e+02 1.799354e+01 5.752462e+01
      vertex   3.100251e+02 1.744857e+01 5.678398e+01
      vertex   3.100990e+02 1.727462e+01 5.690405e+01
    endloop
  endfacet
  facet normal -9.438363e-01 -2.774698e-01 1.793976e-01
    outer loop
      vertex   3.100990e+02 1.727462e+01 5.690405e+01
      vertex   3.100251e+02 1.744857e+01 5.678398e+01
      vertex   3.100990e+02 1.676843e+01 5.612114e+01
    endloop
  endfacet
  facet normal -8.466148e-01 -4.469285e-01 2.889608e-01
    outer loop
      vertex   3.100990e+02 1.727462e+01 5.690405e+01
      vertex   3.100990e+02 1.676843e+01 5.612114e+01
      vertex   3.102182e+02 1.660617e+01 5.621923e+01
    endloop
  endfacet
  facet normal -8.466148e-01 -4.635601e-01 2.614487e-01
    outer loop
      vertex   3.102182e+02 1.660617e+01 5.621923e+01
      vertex   3.100990e+02 1.676843e+01 5.612114e+01
      vertex   3.102182e+02 1.614254e+01 5.539720e+01
    endloop
  endfacet
  facet normal -7.069454e-01 -6.160418e-01 3.474487e-01
    outer loop
      vertex   3.102182e+02 1.660617e+01 5.621923e+01
      vertex   3.102182e+02 1.614254e+01 5.539720e+01
      vertex   3.103765e+02 1.600234e+01 5.547079e+01
    endloop
  endfacet
  facet normal -7.069454e-01 -6.358963e-01 3.096191e-01
    outer loop
      vertex   3.103765e+02 1.600234e+01 5.547079e+01
      vertex   3.102182e+02 1.614254e+01 5.539720e+01
      vertex   3.103765e+02 1.558501e+01 5.461367e+01
    endloop
  endfacet
  facet normal -5.318580e-01 -7.613780e-01 3.707164e-01
    outer loop
      vertex   3.103765e+02 1.600234e+01 5.547079e+01
      vertex   3.103765e+02 1.558501e+01 5.461367e+01
      vertex   3.105661e+02 1.547637e+01 5.466257e+01
    endloop
  endfacet
  facet normal -5.318580e-01 -7.823722e-01 3.240692e-01
    outer loop
      vertex   3.105661e+02 1.547637e+01 5.466257e+01
      vertex   3.103765e+02 1.558501e+01 5.461367e+01
      vertex   3.105661e+02 1.510879e+01 5.377517e+01
    endloop
  endfacet
  facet normal -3.301448e-01 -8.720779e-01 3.612265e-01
    outer loop
      vertex   3.105661e+02 1.547637e+01 5.466257e+01
      vertex   3.105661e+02 1.510879e+01 5.377517e+01
      vertex   3.107775e+02 1.503964e+01 5.380139e+01
    endloop
  endfacet
  facet normal -3.301448e-01 -8.922971e-01 3.079127e-01
    outer loop
      vertex   3.107775e+02 1.503964e+01 5.380139e+01
      vertex   3.105661e+02 1.510879e+01 5.377517e+01
      vertex   3.107775e+02 1.472486e+01 5.288919e+01
    endloop
  endfacet
  facet normal -9.940866e-01 -8.981261e-02 6.103659e-02
    outer loop
      vertex   3.100000e+02 1.784120e+01 5.695338e+01
      vertex   3.100000e+02 1.731154e+01 5.617401e+01
      vertex   3.100251e+02 1.744857e+01 5.678398e+01
    endloop
  endfacet
  facet normal -9.933376e-01 -9.677543e-02 6.256998e-02
    outer loop
      vertex   3.100251e+02 1.744857e+01 5.678398e+01
      vertex   3.100000e+02 1.731154e+01 5.617401e+01
      vertex   3.100251e+02 1.694931e+01 5.601179e+01
    endloop
  endfacet
  facet normal -9.438363e-01 -2.774698e-01 1.793976e-01
    outer loop
      vertex   3.100251e+02 1.744857e+01 5.678398e+01
      vertex   3.100251e+02 1.694931e+01 5.601179e+01
      vertex   3.100990e+02 1.676843e+01 5.612114e+01
    endloop
  endfacet
  facet normal -9.438363e-01 -2.877953e-01 1.623171e-01
    outer loop
      vertex   3.100990e+02 1.676843e+01 5.612114e+01
      vertex   3.100251e+02 1.694931e+01 5.601179e+01
      vertex   3.100990e+02 1.631043e+01 5.530909e+01
    endloop
  endfacet
  facet normal -8.466148e-01 -4.635601e-01 2.614487e-01
    outer loop
      vertex   3.100990e+02 1.676843e+01 5.612114e+01
      vertex   3.100990e+02 1.631043e+01 5.530909e+01
      vertex   3.102182e+02 1.614254e+01 5.539720e+01
    endloop
  endfacet
  facet normal -8.466148e-01 -4.785002e-01 2.329827e-01
    outer loop
      vertex   3.102182e+02 1.614254e+01 5.539720e+01
      vertex   3.100990e+02 1.631043e+01 5.530909e+01
      vertex   3.102182e+02 1.572940e+01 5.454868e+01
    endloop
  endfacet
  facet normal -7.069454e-01 -6.358963e-01 3.096191e-01
    outer loop
      vertex   3.102182e+02 1.614254e+01 5.539720e+01
      vertex   3.102182e+02 1.572940e+01 5.454868e+01
      vertex   3.103765e+02 1.558501e+01 5.461367e+01
    endloop
  endfacet
  facet normal -7.069454e-01 -6.534305e-01 2.706598e-01
    outer loop
      vertex   3.103765e+02 1.558501e+01 5.461367e+01
      vertex   3.102182e+02 1.572940e+01 5.454868e+01
      vertex   3.103765e+02 1.522019e+01 5.373292e+01
    endloop
  endfacet
  facet normal -5.318580e-01 -7.823722e-01 3.240692e-01
    outer loop
      vertex   3.103765e+02 1.558501e+01 5.461367e+01
      vertex   3.103765e+02 1.522019e+01 5.373292e+01
      vertex   3.105661e+02 1.510879e+01 5.377517e+01
    endloop
  endfacet
  facet normal -5.318580e-01 -8.005116e-01 2.762395e-01
    outer loop
      vertex   3.105661e+02 1.510879e+01 5.377517e+01
      vertex   3.103765e+02 1.522019e+01 5.373292e+01
      vertex   3.105661e+02 1.479547e+01 5.286719e+01
    endloop
  endfacet
  facet normal -3.301448e-01 -8.922971e-01 3.079127e-01
    outer loop
      vertex   3.105661e+02 1.510879e+01 5.377517e+01
      vertex   3.105661e+02 1.479547e+01 5.286719e+01
      vertex   3.107775e+02 1.472486e+01 5.288919e+01
    endloop
  endfacet
  facet normal -3.301448e-01 -9.092605e-01 2.534754e-01
    outer loop
      vertex   3.107775e+02 1.472486e+01 5.288919e+01
      vertex   3.105661e+02 1.479547e+01 5.286719e+01
      vertex   3.107775e+02 1.446573e+01 5.195966e+01
    endloop
  endfacet
  facet normal -9.940707e-01 -9.359328e-02 5.535091e-02
    outer loop
      vertex   3.100000e+02 1.731154e+01 5.617401e+01
      vertex   3.100000e+02 1.683186e+01 5.536291e+01
      vertex   3.100251e+02 1.694931e+01 5.601179e+01
    endloop
  endfacet
  facet normal -9.933589e-01 -1.002164e-01 5.652224e-02
    outer loop
      vertex   3.100251e+02 1.694931e+01 5.601179e+01
      vertex   3.100000e+02 1.683186e+01 5.536291e+01
      vertex   3.100251e+02 1.649758e+01 5.521086e+01
    endloop
  endfacet
  facet normal -9.438363e-01 -2.877953e-01 1.623171e-01
    outer loop
      vertex   3.100251e+02 1.694931e+01 5.601179e+01
      vertex   3.100251e+02 1.649758e+01 5.521086e+01
      vertex   3.100990e+02 1.631043e+01 5.530909e+01
    endloop
  endfacet
  facet normal -9.438363e-01 -2.970707e-01 1.446443e-01
    outer loop
      vertex   3.100990e+02 1.631043e+01 5.530909e+01
      vertex   3.100251e+02 1.649758e+01 5.521086e+01
      vertex   3.100990e+02 1.590230e+01 5.447087e+01
    endloop
  endfacet
  facet normal -8.466148e-01 -4.785002e-01 2.329827e-01
    outer loop
      vertex   3.100990e+02 1.631043e+01 5.530909e+01
      vertex   3.100990e+02 1.590230e+01 5.447087e+01
      vertex   3.102182e+02 1.572940e+01 5.454868e+01
    endloop
  endfacet
  facet normal -8.466148e-01 -4.916944e-01 2.036665e-01
    outer loop
      vertex   3.102182e+02 1.572940e+01 5.454868e+01
      vertex   3.100990e+02 1.590230e+01 5.447087e+01
      vertex   3.102182e+02 1.536824e+01 5.367677e+01
    endloop
  endfacet
  facet normal -7.069454e-01 -6.534305e-01 2.706598e-01
    outer loop
      vertex   3.102182e+02 1.572940e+01 5.454868e+01
      vertex   3.102182e+02 1.536824e+01 5.367677e+01
      vertex   3.103765e+02 1.522019e+01 5.373292e+01
    endloop
  endfacet
  facet normal -7.069454e-01 -6.685804e-01 2.307128e-01
    outer loop
      vertex   3.103765e+02 1.522019e+01 5.373292e+01
      vertex   3.102182e+02 1.536824e+01 5.367677e+01
      vertex   3.103765e+02 1.490921e+01 5.283175e+01
    endloop
  endfacet
  facet normal -5.318580e-01 -8.005116e-01 2.762395e-01
    outer loop
      vertex   3.103765e+02 1.522019e+01 5.373292e+01
      vertex   3.103765e+02 1.490921e+01 5.283175e+01
      vertex   3.105661e+02 1.479547e+01 5.286719e+01
    endloop
  endfacet
  facet normal -5.318580e-01 -8.157300e-01 2.274018e-01
    outer loop
      vertex   3.105661e+02 1.479547e+01 5.286719e+01
      vertex   3.103765e+02 1.490921e+01 5.283175e+01
      vertex   3.105661e+02 1.453754e+01 5.194196e+01
    endloop
  endfacet
  facet normal -3.301448e-01 -9.092605e-01 2.534754e-01
    outer loop
      vertex   3.105661e+02 1.479547e+01 5.286719e+01
      vertex   3.105661e+02 1.453754e+01 5.194196e+01
      vertex   3.107775e+02 1.446573e+01 5.195966e+01
    endloop
  endfacet
  facet normal -3.301448e-01 -9.229061e-01 1.981131e-01
    outer loop
      vertex   3.107775e+02 1.446573e+01 5.195966e+01
      vertex   3.105661e+02 1.453754e+01 5.194196e+01
      vertex   3.107775e+02 1.426320e+01 5.101617e+01
    endloop
  endfacet
  facet normal -9.940501e-01 -9.705149e-02 4.945020e-02
    outer loop
      vertex   3.100000e+02 1.683186e+01 5.536291e+01
      vertex   3.100000e+02 1.640405e+01 5.452329e+01
      vertex   3.100251e+02 1.649758e+01 5.521086e+01
    endloop
  endfacet
  facet normal -9.933854e-01 -1.032402e-01 5.026784e-02
    outer loop
      vertex   3.100251e+02 1.649758e+01 5.521086e+01
      vertex   3.100000e+02 1.640405e+01 5.452329e+01
      vertex   3.100251e+02 1.609504e+01 5.438412e+01
    endloop
  endfacet
  facet normal -9.438363e-01 -2.970707e-01 1.446443e-01
    outer loop
      vertex   3.100251e+02 1.649758e+01 5.521086e+01
      vertex   3.100251e+02 1.609504e+01 5.438412e+01
      vertex   3.100990e+02 1.590230e+01 5.447087e+01
    endloop
  endfacet
  facet normal -9.438363e-01 -3.052621e-01 1.264437e-01
    outer loop
      vertex   3.100990e+02 1.590230e+01 5.447087e+01
      vertex   3.100251e+02 1.609504e+01 5.438412e+01
      vertex   3.100990e+02 1.554552e+01 5.360954e+01
    endloop
  endfacet
  facet normal -8.466148e-01 -4.916944e-01 2.036665e-01
    outer loop
      vertex   3.100990e+02 1.590230e+01 5.447087e+01
      vertex   3.100990e+02 1.554552e+01 5.360954e+01
      vertex   3.102182e+02 1.536824e+01 5.367677e+01
    endloop
  endfacet
  facet normal -8.466148e-01 -5.030944e-01 1.736071e-01
    outer loop
      vertex   3.102182e+02 1.536824e+01 5.367677e+01
      vertex   3.100990e+02 1.554552e+01 5.360954e+01
      vertex   3.102182e+02 1.506038e+01 5.278464e+01
    endloop
  endfacet
  facet normal -7.069454e-01 -6.685804e-01 2.307128e-01
    outer loop
      vertex   3.102182e+02 1.536824e+01 5.367677e+01
      vertex   3.102182e+02 1.506038e+01 5.278464e+01
      vertex   3.103765e+02 1.490921e+01 5.283175e+01
    endloop
  endfacet
  facet normal -7.069454e-01 -6.812907e-01 1.899240e-01
    outer loop
      vertex   3.103765e+02 1.490921e+01 5.283175e+01
      vertex   3.102182e+02 1.506038e+01 5.278464e+01
      vertex   3.103765e+02 1.465322e+01 5.191344e+01
    endloop
  endfacet
  facet normal -5.318580e-01 -8.157300e-01 2.274018e-01
    outer loop
      vertex   3.103765e+02 1.490921e+01 5.283175e+01
      vertex   3.103765e+02 1.465322e+01 5.191344e+01
      vertex   3.105661e+02 1.453754e+01 5.194196e+01
    endloop
  endfacet
  facet normal -5.318580e-01 -8.279719e-01 1.777344e-01
    outer loop
      vertex   3.105661e+02 1.453754e+01 5.194196e+01
      vertex   3.103765e+02 1.465322e+01 5.191344e+01
      vertex   3.105661e+02 1.433595e+01 5.100283e+01
    endloop
  endfacet
  facet normal -3.301448e-01 -9.229061e-01 1.981131e-01
    outer loop
      vertex   3.105661e+02 1.453754e+01 5.194196e+01
      vertex   3.105661e+02 1.433595e+01 5.100283e+01
      vertex   3.107775e+02 1.426320e+01 5.101617e+01
    endloop
  endfacet
  facet normal -3.301448e-01 -9.331840e-01 1.420280e-01
    outer loop
      vertex   3.107775e+02 1.426320e+01 5.101617e+01
      vertex   3.105661e+02 1.433595e+01 5.100283e+01
      vertex   3.107775e+02 1.411800e+01 5.006217e+01
    endloop
  endfacet
  facet normal -9.940249e-01 -1.001765e-01 4.335024e-02
    outer loop
      vertex   3.100000e+02 1.640405e+01 5.452329e+01
      vertex   3.100000e+02 1.602981e+01 5.365847e+01
      vertex   3.100251e+02 1.609504e+01 5.438412e+01
    endloop
  endfacet
  facet normal -9.934171e-01 -1.058338e-01 4.383782e-02
    outer loop
      vertex   3.100251e+02 1.609504e+01 5.438412e+01
      vertex   3.100000e+02 1.602981e+01 5.365847e+01
      vertex   3.100251e+02 1.574315e+01 5.353458e+01
    endloop
  endfacet
  facet normal -9.438363e-01 -3.052621e-01 1.264437e-01
    outer loop
      vertex   3.100251e+02 1.609504e+01 5.438412e+01
      vertex   3.100251e+02 1.574315e+01 5.353458e+01
      vertex   3.100990e+02 1.554552e+01 5.360954e+01
    endloop
  endfacet
  facet normal -9.438363e-01 -3.123397e-01 1.077818e-01
    outer loop
      vertex   3.100990e+02 1.554552e+01 5.360954e+01
      vertex   3.100251e+02 1.574315e+01 5.353458e+01
      vertex   3.100990e+02 1.524141e+01 5.272823e+01
    endloop
  endfacet
  facet normal -8.466148e-01 -5.030944e-01 1.736071e-01
    outer loop
      vertex   3.100990e+02 1.554552e+01 5.360954e+01
      vertex   3.100990e+02 1.524141e+01 5.272823e+01
      vertex   3.102182e+02 1.506038e+01 5.278464e+01
    endloop
  endfacet
  facet normal -8.466148e-01 -5.126586e-01 1.429143e-01
    outer loop
      vertex   3.102182e+02 1.506038e+01 5.278464e+01
      vertex   3.100990e+02 1.524141e+01 5.272823e+01
      vertex   3.102182e+02 1.480696e+01 5.187555e+01
    endloop
  endfacet
  facet normal -7.069454e-01 -6.812907e-01 1.899240e-01
    outer loop
      vertex   3.102182e+02 1.506038e+01 5.278464e+01
      vertex   3.102182e+02 1.480696e+01 5.187555e+01
      vertex   3.103765e+02 1.465322e+01 5.191344e+01
    endloop
  endfacet
  facet normal -7.069454e-01 -6.915151e-01 1.484422e-01
    outer loop
      vertex   3.103765e+02 1.465322e+01 5.191344e+01
      vertex   3.102182e+02 1.480696e+01 5.187555e+01
      vertex   3.103765e+02 1.445313e+01 5.098136e+01
    endloop
  endfacet
  facet normal -5.318580e-01 -8.279719e-01 1.777344e-01
    outer loop
      vertex   3.103765e+02 1.465322e+01 5.191344e+01
      vertex   3.103765e+02 1.445313e+01 5.098136e+01
      vertex   3.105661e+02 1.433595e+01 5.100283e+01
    endloop
  endfacet
  facet normal -5.318580e-01 -8.371927e-01 1.274184e-01
    outer loop
      vertex   3.105661e+02 1.433595e+01 5.100283e+01
      vertex   3.103765e+02 1.445313e+01 5.098136e+01
      vertex   3.105661e+02 1.419142e+01 5.005325e+01
    endloop
  endfacet
  facet normal -3.301448e-01 -9.331840e-01 1.420280e-01
    outer loop
      vertex   3.105661e+02 1.433595e+01 5.100283e+01
      vertex   3.105661e+02 1.419142e+01 5.005325e+01
      vertex   3.107775e+02 1.411800e+01 5.006217e+01
    endloop
  endfacet
  facet normal -3.301448e-01 -9.400569e-01 8.542463e-02
    outer loop
      vertex   3.107775e+02 1.411800e+01 5.006217e+01
      vertex   3.105661e+02 1.419142e+01 5.005325e+01
      vertex   3.107775e+02 1.403067e+01 4.910115e+01
    endloop
  endfacet
  facet normal -9.939948e-01 -1.029583e-01 3.706726e-02
    outer loop
      vertex   3.100000e+02 1.602981e+01 5.365847e+01
      vertex   3.100000e+02 1.571061e+01 5.277186e+01
      vertex   3.100251e+02 1.574315e+01 5.353458e+01
    endloop
  endfacet
  facet normal -9.934537e-01 -1.079871e-01 3.726403e-02
    outer loop
      vertex   3.100251e+02 1.574315e+01 5.353458e+01
      vertex   3.100000e+02 1.571061e+01 5.277186e+01
      vertex   3.100251e+02 1.544320e+01 5.266535e+01
    endloop
  endfacet
  facet normal -9.438363e-01 -3.123397e-01 1.077818e-01
    outer loop
      vertex   3.100251e+02 1.574315e+01 5.353458e+01
      vertex   3.100251e+02 1.544320e+01 5.266535e+01
      vertex   3.100990e+02 1.524141e+01 5.272823e+01
    endloop
  endfacet
  facet normal -9.438363e-01 -3.182775e-01 8.872652e-02
    outer loop
      vertex   3.100990e+02 1.524141e+01 5.272823e+01
      vertex   3.100251e+02 1.544320e+01 5.266535e+01
      vertex   3.100990e+02 1.499105e+01 5.183017e+01
    endloop
  endfacet
  facet normal -8.466148e-01 -5.126586e-01 1.429143e-01
    outer loop
      vertex   3.100990e+02 1.524141e+01 5.272823e+01
      vertex   3.100990e+02 1.499105e+01 5.183017e+01
      vertex   3.102182e+02 1.480696e+01 5.187555e+01
    endloop
  endfacet
  facet normal -8.466148e-01 -5.203523e-01 1.117000e-01
    outer loop
      vertex   3.102182e+02 1.480696e+01 5.187555e+01
      vertex   3.100990e+02 1.499105e+01 5.183017e+01
      vertex   3.102182e+02 1.460888e+01 5.095282e+01
    endloop
  endfacet
  facet normal -7.069454e-01 -6.915151e-01 1.484422e-01
    outer loop
      vertex   3.102182e+02 1.480696e+01 5.187555e+01
      vertex   3.102182e+02 1.460888e+01 5.095282e+01
      vertex   3.103765e+02 1.445313e+01 5.098136e+01
    endloop
  endfacet
  facet normal -7.069454e-01 -6.992161e-01 1.064187e-01
    outer loop
      vertex   3.103765e+02 1.445313e+01 5.098136e+01
      vertex   3.102182e+02 1.460888e+01 5.095282e+01
      vertex   3.103765e+02 1.430969e+01 5.003889e+01
    endloop
  endfacet
  facet normal -5.318580e-01 -8.371927e-01 1.274184e-01
    outer loop
      vertex   3.103765e+02 1.445313e+01 5.098136e+01
      vertex   3.103765e+02 1.430969e+01 5.003889e+01
      vertex   3.105661e+02 1.419142e+01 5.005325e+01
    endloop
  endfacet
  facet normal -5.318580e-01 -8.433586e-01 7.663748e-02
    outer loop
      vertex   3.105661e+02 1.419142e+01 5.005325e+01
      vertex   3.103765e+02 1.430969e+01 5.003889e+01
      vertex   3.105661e+02 1.410450e+01 4.909668e+01
    endloop
  endfacet
  facet normal -3.301448e-01 -9.400569e-01 8.542463e-02
    outer loop
      vertex   3.105661e+02 1.419142e+01 5.005325e+01
      vertex   3.105661e+02 1.410450e+01 4.909668e+01
      vertex   3.107775e+02 1.403067e+01 4.910115e+01
    endloop
  endfacet
  facet normal -9.939598e-01 -1.053874e-01 3.061787e-02
    outer loop
      vertex   3.100000e+02 1.571061e+01 5.277186e+01
      vertex   3.100000e+02 1.544771e+01 5.186695e+01
      vertex   3.100251e+02 1.544320e+01 5.266535e+01
    endloop
  endfacet
  facet normal -9.934951e-01 -1.096921e-01 3.057895e-02
    outer loop
      vertex   3.100251e+02 1.544320e+01 5.266535e+01
      vertex   3.100000e+02 1.544771e+01 5.186695e+01
      vertex   3.100251e+02 1.519627e+01 5.177959e+01
    endloop
  endfacet
  facet normal -9.438363e-01 -3.182775e-01 8.872652e-02
    outer loop
      vertex   3.100251e+02 1.544320e+01 5.266535e+01
      vertex   3.100251e+02 1.519627e+01 5.177959e+01
      vertex   3.100990e+02 1.499105e+01 5.183017e+01
    endloop
  endfacet
  facet normal -9.438363e-01 -3.230540e-01 6.934752e-02
    outer loop
      vertex   3.100990e+02 1.499105e+01 5.183017e+01
      vertex   3.100251e+02 1.519627e+01 5.177959e+01
      vertex   3.100990e+02 1.479538e+01 5.091864e+01
    endloop
  endfacet
  facet normal -8.466148e-01 -5.203523e-01 1.117000e-01
    outer loop
      vertex   3.100990e+02 1.499105e+01 5.183017e+01
      vertex   3.100990e+02 1.479538e+01 5.091864e+01
      vertex   3.102182e+02 1.460888e+01 5.095282e+01
    endloop
  endfacet
  facet normal -8.466148e-01 -5.261472e-01 8.007813e-02
    outer loop
      vertex   3.102182e+02 1.460888e+01 5.095282e+01
      vertex   3.100990e+02 1.479538e+01 5.091864e+01
      vertex   3.102182e+02 1.446688e+01 5.001981e+01
    endloop
  endfacet
  facet normal -7.069454e-01 -6.992161e-01 1.064187e-01
    outer loop
      vertex   3.102182e+02 1.460888e+01 5.095282e+01
      vertex   3.102182e+02 1.446688e+01 5.001981e+01
      vertex   3.103765e+02 1.430969e+01 5.003889e+01
    endloop
  endfacet
  facet normal -7.069454e-01 -7.043659e-01 6.400697e-02
    outer loop
      vertex   3.103765e+02 1.430969e+01 5.003889e+01
      vertex   3.102182e+02 1.446688e+01 5.001981e+01
      vertex   3.103765e+02 1.422342e+01 4.908949e+01
    endloop
  endfacet
  facet normal -5.318580e-01 -8.433586e-01 7.663748e-02
    outer loop
      vertex   3.103765e+02 1.430969e+01 5.003889e+01
      vertex   3.103765e+02 1.422342e+01 4.908949e+01
      vertex   3.105661e+02 1.410450e+01 4.909668e+01
    endloop
  endfacet
  facet normal -9.939197e-01 -1.074552e-01 2.401908e-02
    outer loop
      vertex   3.100000e+02 1.544771e+01 5.186695e+01
      vertex   3.100000e+02 1.524215e+01 5.094732e+01
      vertex   3.100251e+02 1.519627e+01 5.177959e+01
    endloop
  endfacet
  facet normal -9.935413e-01 -1.109436e-01 2.381540e-02
    outer loop
      vertex   3.100251e+02 1.519627e+01 5.177959e+01
      vertex   3.100000e+02 1.524215e+01 5.094732e+01
      vertex   3.100251e+02 1.500328e+01 5.088054e+01
    endloop
  endfacet
  facet normal -9.438363e-01 -3.230540e-01 6.934752e-02
    outer loop
      vertex   3.100251e+02 1.519627e+01 5.177959e+01
      vertex   3.100251e+02 1.500328e+01 5.088054e+01
      vertex   3.100990e+02 1.479538e+01 5.091864e+01
    endloop
  endfacet
  facet normal -9.438363e-01 -3.266517e-01 4.971548e-02
    outer loop
      vertex   3.100990e+02 1.479538e+01 5.091864e+01
      vertex   3.100251e+02 1.500328e+01 5.088054e+01
      vertex   3.100990e+02 1.465510e+01 4.999695e+01
    endloop
  endfacet
  facet normal -8.466148e-01 -5.261472e-01 8.007813e-02
    outer loop
      vertex   3.100990e+02 1.479538e+01 5.091864e+01
      vertex   3.100990e+02 1.465510e+01 4.999695e+01
      vertex   3.102182e+02 1.446688e+01 5.001981e+01
    endloop
  endfacet
  facet normal -8.466148e-01 -5.300223e-01 4.816406e-02
    outer loop
      vertex   3.102182e+02 1.446688e+01 5.001981e+01
      vertex   3.100990e+02 1.465510e+01 4.999695e+01
      vertex   3.102182e+02 1.438147e+01 4.907993e+01
    endloop
  endfacet
  facet normal -7.069454e-01 -7.043659e-01 6.400697e-02
    outer loop
      vertex   3.102182e+02 1.446688e+01 5.001981e+01
      vertex   3.102182e+02 1.438147e+01 4.907993e+01
      vertex   3.103765e+02 1.422342e+01 4.908949e+01
    endloop
  endfacet
  facet normal -9.938745e-01 -1.091537e-01 1.728824e-02
    outer loop
      vertex   3.100000e+02 1.524215e+01 5.094732e+01
      vertex   3.100000e+02 1.509474e+01 5.001660e+01
      vertex   3.100251e+02 1.500328e+01 5.088054e+01
    endloop
  endfacet
  facet normal -9.935921e-01 -1.117390e-01 1.700636e-02
    outer loop
      vertex   3.100251e+02 1.500328e+01 5.088054e+01
      vertex   3.100000e+02 1.509474e+01 5.001660e+01
      vertex   3.100251e+02 1.486492e+01 4.997148e+01
    endloop
  endfacet
  facet normal -9.438363e-01 -3.266517e-01 4.971548e-02
    outer loop
      vertex   3.100251e+02 1.500328e+01 5.088054e+01
      vertex   3.100251e+02 1.486492e+01 4.997148e+01
      vertex   3.100990e+02 1.465510e+01 4.999695e+01
    endloop
  endfacet
  facet normal -9.438363e-01 -3.290575e-01 2.990204e-02
    outer loop
      vertex   3.100990e+02 1.465510e+01 4.999695e+01
      vertex   3.100251e+02 1.486492e+01 4.997148e+01
      vertex   3.100990e+02 1.457073e+01 4.906848e+01
    endloop
  endfacet
  facet normal -8.466148e-01 -5.300223e-01 4.816406e-02
    outer loop
      vertex   3.100990e+02 1.465510e+01 4.999695e+01
      vertex   3.100990e+02 1.457073e+01 4.906848e+01
      vertex   3.102182e+02 1.438147e+01 4.907993e+01
    endloop
  endfacet
  facet normal -9.938240e-01 -1.104755e-01 1.044301e-02
    outer loop
      vertex   3.100000e+02 1.509474e+01 5.001660e+01
      vertex   3.100000e+02 1.500606e+01 4.907846e+01
      vertex   3.100251e+02 1.486492e+01 4.997148e+01
    endloop
  endfacet
  facet normal -9.936472e-01 -1.120783e-01 1.018475e-02
    outer loop
      vertex   3.100251e+02 1.486492e+01 4.997148e+01
      vertex   3.100000e+02 1.500606e+01 4.907846e+01
      vertex   3.100251e+02 1.478171e+01 4.905572e+01
    endloop
  endfacet
  facet normal -9.438363e-01 -3.290575e-01 2.990204e-02
    outer loop
      vertex   3.100251e+02 1.486492e+01 4.997148e+01
      vertex   3.100251e+02 1.478171e+01 4.905572e+01
      vertex   3.100990e+02 1.457073e+01 4.906848e+01
    endloop
  endfacet
  facet normal -9.937679e-01 -1.114142e-01 3.501331e-03
    outer loop
      vertex   3.100000e+02 1.500606e+01 4.907846e+01
      vertex   3.100000e+02 1.497646e+01 4.813660e+01
      vertex   3.100251e+02 1.478171e+01 4.905572e+01
    endloop
  endfacet
  facet normal -1.119140e-01 3.241535e-01 -9.393613e-01
    outer loop
      vertex   3.110000e+02 3.565013e+01 3.317634e+01
      vertex   3.110000e+02 3.473651e+01 3.286107e+01
      vertex   3.107775e+02 3.472905e+01 3.288501e+01
    endloop
  endfacet
  facet normal -1.119140e-01 2.668449e-01 -9.572194e-01
    outer loop
      vertex   3.107775e+02 3.472905e+01 3.288501e+01
      vertex   3.110000e+02 3.473651e+01 3.286107e+01
      vertex   3.107775e+02 3.379951e+01 3.262588e+01
    endloop
  endfacet
  facet normal -3.301448e-01 2.534754e-01 -9.092605e-01
    outer loop
      vertex   3.107775e+02 3.472905e+01 3.288501e+01
      vertex   3.107775e+02 3.379951e+01 3.262588e+01
      vertex   3.105661e+02 3.378181e+01 3.269769e+01
    endloop
  endfacet
  facet normal -3.301448e-01 1.981131e-01 -9.229061e-01
    outer loop
      vertex   3.105661e+02 3.378181e+01 3.269769e+01
      vertex   3.107775e+02 3.379951e+01 3.262588e+01
      vertex   3.105661e+02 3.284269e+01 3.249610e+01
    endloop
  endfacet
  facet normal -5.318580e-01 1.777344e-01 -8.279719e-01
    outer loop
      vertex   3.105661e+02 3.378181e+01 3.269769e+01
      vertex   3.105661e+02 3.284269e+01 3.249610e+01
      vertex   3.103765e+02 3.282121e+01 3.261328e+01
    endloop
  endfacet
  facet normal -5.318580e-01 1.274184e-01 -8.371927e-01
    outer loop
      vertex   3.103765e+02 3.282121e+01 3.261328e+01
      vertex   3.105661e+02 3.284269e+01 3.249610e+01
      vertex   3.103765e+02 3.187875e+01 3.246984e+01
    endloop
  endfacet
  facet normal -7.069454e-01 1.064187e-01 -6.992161e-01
    outer loop
      vertex   3.103765e+02 3.282121e+01 3.261328e+01
      vertex   3.103765e+02 3.187875e+01 3.246984e+01
      vertex   3.102182e+02 3.185966e+01 3.262703e+01
    endloop
  endfacet
  facet normal -7.069454e-01 6.400697e-02 -7.043659e-01
    outer loop
      vertex   3.102182e+02 3.185966e+01 3.262703e+01
      vertex   3.103765e+02 3.187875e+01 3.246984e+01
      vertex   3.102182e+02 3.091978e+01 3.254162e+01
    endloop
  endfacet
  facet normal -8.466148e-01 4.816406e-02 -5.300223e-01
    outer loop
      vertex   3.102182e+02 3.185966e+01 3.262703e+01
      vertex   3.102182e+02 3.091978e+01 3.254162e+01
      vertex   3.100990e+02 3.090833e+01 3.273088e+01
    endloop
  endfacet
  facet normal -8.466148e-01 1.607424e-02 -5.319633e-01
    outer loop
      vertex   3.100990e+02 3.090833e+01 3.273088e+01
      vertex   3.102182e+02 3.091978e+01 3.254162e+01
      vertex   3.100990e+02 2.997646e+01 3.270272e+01
    endloop
  endfacet
  facet normal -9.438363e-01 9.979484e-03 -3.302626e-01
    outer loop
      vertex   3.100990e+02 3.090833e+01 3.273088e+01
      vertex   3.100990e+02 2.997646e+01 3.270272e+01
      vertex   3.100251e+02 2.997646e+01 3.291408e+01
    endloop
  endfacet
  facet normal -9.438363e-01 -9.979484e-03 -3.302626e-01
    outer loop
      vertex   3.100251e+02 2.997646e+01 3.291408e+01
      vertex   3.100990e+02 2.997646e+01 3.270272e+01
      vertex   3.100251e+02 2.905734e+01 3.294186e+01
    endloop
  endfacet
  facet normal -1.119140e-01 2.668449e-01 -9.572194e-01
    outer loop
      vertex   3.110000e+02 3.473651e+01 3.286107e+01
      vertex   3.110000e+02 3.380551e+01 3.260154e+01
      vertex   3.107775e+02 3.379951e+01 3.262588e+01
    endloop
  endfacet
  facet normal -1.119140e-01 2.085626e-01 -9.715847e-01
    outer loop
      vertex   3.107775e+02 3.379951e+01 3.262588e+01
      vertex   3.110000e+02 3.380551e+01 3.260154e+01
      vertex   3.107775e+02 3.285602e+01 3.242335e+01
    endloop
  endfacet
  facet normal -3.301448e-01 1.981131e-01 -9.229061e-01
    outer loop
      vertex   3.107775e+02 3.379951e+01 3.262588e+01
      vertex   3.107775e+02 3.285602e+01 3.242335e+01
      vertex   3.105661e+02 3.284269e+01 3.249610e+01
    endloop
  endfacet
  facet normal -3.301448e-01 1.420280e-01 -9.331840e-01
    outer loop
      vertex   3.105661e+02 3.284269e+01 3.249610e+01
      vertex   3.107775e+02 3.285602e+01 3.242335e+01
      vertex   3.105661e+02 3.189311e+01 3.235157e+01
    endloop
  endfacet
  facet normal -5.318580e-01 1.274184e-01 -8.371927e-01
    outer loop
      vertex   3.105661e+02 3.284269e+01 3.249610e+01
      vertex   3.105661e+02 3.189311e+01 3.235157e+01
      vertex   3.103765e+02 3.187875e+01 3.246984e+01
    endloop
  endfacet
  facet normal -5.318580e-01 7.663748e-02 -8.433586e-01
    outer loop
      vertex   3.103765e+02 3.187875e+01 3.246984e+01
      vertex   3.105661e+02 3.189311e+01 3.235157e+01
      vertex   3.103765e+02 3.092934e+01 3.238357e+01
    endloop
  endfacet
  facet normal -7.069454e-01 6.400697e-02 -7.043659e-01
    outer loop
      vertex   3.103765e+02 3.187875e+01 3.246984e+01
      vertex   3.103765e+02 3.092934e+01 3.238357e+01
      vertex   3.102182e+02 3.091978e+01 3.254162e+01
    endloop
  endfacet
  facet normal -7.069454e-01 2.136164e-02 -7.069454e-01
    outer loop
      vertex   3.102182e+02 3.091978e+01 3.254162e+01
      vertex   3.103765e+02 3.092934e+01 3.238357e+01
      vertex   3.102182e+02 2.997646e+01 3.251311e+01
    endloop
  endfacet
  facet normal -8.466148e-01 1.607424e-02 -5.319633e-01
    outer loop
      vertex   3.102182e+02 3.091978e+01 3.254162e+01
      vertex   3.102182e+02 2.997646e+01 3.251311e+01
      vertex   3.100990e+02 2.997646e+01 3.270272e+01
    endloop
  endfacet
  facet normal -8.466148e-01 -1.607424e-02 -5.319633e-01
    outer loop
      vertex   3.100990e+02 2.997646e+01 3.270272e+01
      vertex   3.102182e+02 2.997646e+01 3.251311e+01
      vertex   3.100990e+02 2.904458e+01 3.273088e+01
    endloop
  endfacet
  facet normal -9.438363e-01 -9.979484e-03 -3.302626e-01
    outer loop
      vertex   3.100990e+02 2.997646e+01 3.270272e+01
      vertex   3.100990e+02 2.904458e+01 3.273088e+01
      vertex   3.100251e+02 2.905734e+01 3.294186e+01
    endloop
  endfacet
  facet normal -9.438363e-01 -2.990204e-02 -3.290575e-01
    outer loop
      vertex   3.100251e+02 2.905734e+01 3.294186e+01
      vertex   3.100990e+02 2.904458e+01 3.273088e+01
      vertex   3.100251e+02 2.814158e+01 3.302507e+01
    endloop
  endfacet
  facet normal -1.119140e-01 2.085626e-01 -9.715847e-01
    outer loop
      vertex   3.110000e+02 3.380551e+01 3.260154e+01
      vertex   3.110000e+02 3.286054e+01 3.239869e+01
      vertex   3.107775e+02 3.285602e+01 3.242335e+01
    endloop
  endfacet
  facet normal -1.119140e-01 1.495193e-01 -9.824048e-01
    outer loop
      vertex   3.107775e+02 3.285602e+01 3.242335e+01
      vertex   3.110000e+02 3.286054e+01 3.239869e+01
      vertex   3.107775e+02 3.190202e+01 3.227815e+01
    endloop
  endfacet
  facet normal -3.301448e-01 1.420280e-01 -9.331840e-01
    outer loop
      vertex   3.107775e+02 3.285602e+01 3.242335e+01
      vertex   3.107775e+02 3.190202e+01 3.227815e+01
      vertex   3.105661e+02 3.189311e+01 3.235157e+01
    endloop
  endfacet
  facet normal -3.301448e-01 8.542463e-02 -9.400569e-01
    outer loop
      vertex   3.105661e+02 3.189311e+01 3.235157e+01
      vertex   3.107775e+02 3.190202e+01 3.227815e+01
      vertex   3.105661e+02 3.093653e+01 3.226465e+01
    endloop
  endfacet
  facet normal -5.318580e-01 7.663748e-02 -8.433586e-01
    outer loop
      vertex   3.105661e+02 3.189311e+01 3.235157e+01
      vertex   3.105661e+02 3.093653e+01 3.226465e+01
      vertex   3.103765e+02 3.092934e+01 3.238357e+01
    endloop
  endfacet
  facet normal -5.318580e-01 2.557694e-02 -8.464472e-01
    outer loop
      vertex   3.103765e+02 3.092934e+01 3.238357e+01
      vertex   3.105661e+02 3.093653e+01 3.226465e+01
      vertex   3.103765e+02 2.997646e+01 3.235477e+01
    endloop
  endfacet
  facet normal -7.069454e-01 2.136164e-02 -7.069454e-01
    outer loop
      vertex   3.103765e+02 3.092934e+01 3.238357e+01
      vertex   3.103765e+02 2.997646e+01 3.235477e+01
      vertex   3.102182e+02 2.997646e+01 3.251311e+01
    endloop
  endfacet
  facet normal -7.069454e-01 -2.136164e-02 -7.069454e-01
    outer loop
      vertex   3.102182e+02 2.997646e+01 3.251311e+01
      vertex   3.103765e+02 2.997646e+01 3.235477e+01
      vertex   3.102182e+02 2.903313e+01 3.254162e+01
    endloop
  endfacet
  facet normal -8.466148e-01 -1.607424e-02 -5.319633e-01
    outer loop
      vertex   3.102182e+02 2.997646e+01 3.251311e+01
      vertex   3.102182e+02 2.903313e+01 3.254162e+01
      vertex   3.100990e+02 2.904458e+01 3.273088e+01
    endloop
  endfacet
  facet normal -8.466148e-01 -4.816406e-02 -5.300223e-01
    outer loop
      vertex   3.100990e+02 2.904458e+01 3.273088e+01
      vertex   3.102182e+02 2.903313e+01 3.254162e+01
      vertex   3.100990e+02 2.811611e+01 3.281525e+01
    endloop
  endfacet
  facet normal -9.438363e-01 -2.990204e-02 -3.290575e-01
    outer loop
      vertex   3.100990e+02 2.904458e+01 3.273088e+01
      vertex   3.100990e+02 2.811611e+01 3.281525e+01
      vertex   3.100251e+02 2.814158e+01 3.302507e+01
    endloop
  endfacet
  facet normal -9.438363e-01 -4.971548e-02 -3.266517e-01
    outer loop
      vertex   3.100251e+02 2.814158e+01 3.302507e+01
      vertex   3.100990e+02 2.811611e+01 3.281525e+01
      vertex   3.100251e+02 2.723252e+01 3.316343e+01
    endloop
  endfacet
  facet normal -1.119140e-01 1.495193e-01 -9.824048e-01
    outer loop
      vertex   3.110000e+02 3.286054e+01 3.239869e+01
      vertex   3.110000e+02 3.190504e+01 3.225326e+01
      vertex   3.107775e+02 3.190202e+01 3.227815e+01
    endloop
  endfacet
  facet normal -1.119140e-01 8.993035e-02 -9.896402e-01
    outer loop
      vertex   3.107775e+02 3.190202e+01 3.227815e+01
      vertex   3.110000e+02 3.190504e+01 3.225326e+01
      vertex   3.107775e+02 3.094100e+01 3.219082e+01
    endloop
  endfacet
  facet normal -3.301448e-01 8.542463e-02 -9.400569e-01
    outer loop
      vertex   3.107775e+02 3.190202e+01 3.227815e+01
      vertex   3.107775e+02 3.094100e+01 3.219082e+01
      vertex   3.105661e+02 3.093653e+01 3.226465e+01
    endloop
  endfacet
  facet normal -3.301448e-01 2.850955e-02 -9.434997e-01
    outer loop
      vertex   3.105661e+02 3.093653e+01 3.226465e+01
      vertex   3.107775e+02 3.094100e+01 3.219082e+01
      vertex   3.105661e+02 2.997646e+01 3.223564e+01
    endloop
  endfacet
  facet normal -5.318580e-01 2.557694e-02 -8.464472e-01
    outer loop
      vertex   3.105661e+02 3.093653e+01 3.226465e+01
      vertex   3.105661e+02 2.997646e+01 3.223564e+01
      vertex   3.103765e+02 2.997646e+01 3.235477e+01
    endloop
  endfacet
  facet normal -5.318580e-01 -2.557694e-02 -8.464472e-01
    outer loop
      vertex   3.103765e+02 2.997646e+01 3.235477e+01
      vertex   3.105661e+02 2.997646e+01 3.223564e+01
      vertex   3.103765e+02 2.902357e+01 3.238357e+01
    endloop
  endfacet
  facet normal -7.069454e-01 -2.136164e-02 -7.069454e-01
    outer loop
      vertex   3.103765e+02 2.997646e+01 3.235477e+01
      vertex   3.103765e+02 2.902357e+01 3.238357e+01
      vertex   3.102182e+02 2.903313e+01 3.254162e+01
    endloop
  endfacet
  facet normal -7.069454e-01 -6.400697e-02 -7.043659e-01
    outer loop
      vertex   3.102182e+02 2.903313e+01 3.254162e+01
      vertex   3.103765e+02 2.902357e+01 3.238357e+01
      vertex   3.102182e+02 2.809325e+01 3.262703e+01
    endloop
  endfacet
  facet normal -8.466148e-01 -4.816406e-02 -5.300223e-01
    outer loop
      vertex   3.102182e+02 2.903313e+01 3.254162e+01
      vertex   3.102182e+02 2.809325e+01 3.262703e+01
      vertex   3.100990e+02 2.811611e+01 3.281525e+01
    endloop
  endfacet
  facet normal -8.466148e-01 -8.007813e-02 -5.261472e-01
    outer loop
      vertex   3.100990e+02 2.811611e+01 3.281525e+01
      vertex   3.102182e+02 2.809325e+01 3.262703e+01
      vertex   3.100990e+02 2.719442e+01 3.295553e+01
    endloop
  endfacet
  facet normal -9.438363e-01 -4.971548e-02 -3.266517e-01
    outer loop
      vertex   3.100990e+02 2.811611e+01 3.281525e+01
      vertex   3.100990e+02 2.719442e+01 3.295553e+01
      vertex   3.100251e+02 2.723252e+01 3.316343e+01
    endloop
  endfacet
  facet normal -9.438363e-01 -6.934752e-02 -3.230540e-01
    outer loop
      vertex   3.100251e+02 2.723252e+01 3.316343e+01
      vertex   3.100990e+02 2.719442e+01 3.295553e+01
      vertex   3.100251e+02 2.633347e+01 3.335642e+01
    endloop
  endfacet
  facet normal -1.119140e-01 8.993035e-02 -9.896402e-01
    outer loop
      vertex   3.110000e+02 3.190504e+01 3.225326e+01
      vertex   3.110000e+02 3.094251e+01 3.216580e+01
      vertex   3.107775e+02 3.094100e+01 3.219082e+01
    endloop
  endfacet
  facet normal -1.119140e-01 3.001329e-02 -9.932645e-01
    outer loop
      vertex   3.107775e+02 3.094100e+01 3.219082e+01
      vertex   3.110000e+02 3.094251e+01 3.216580e+01
      vertex   3.107775e+02 2.997646e+01 3.216168e+01
    endloop
  endfacet
  facet normal -3.301448e-01 2.850955e-02 -9.434997e-01
    outer loop
      vertex   3.107775e+02 3.094100e+01 3.219082e+01
      vertex   3.107775e+02 2.997646e+01 3.216168e+01
      vertex   3.105661e+02 2.997646e+01 3.223564e+01
    endloop
  endfacet
  facet normal -3.301448e-01 -2.850955e-02 -9.434997e-01
    outer loop
      vertex   3.105661e+02 2.997646e+01 3.223564e+01
      vertex   3.107775e+02 2.997646e+01 3.216168e+01
      vertex   3.105661e+02 2.901638e+01 3.226465e+01
    endloop
  endfacet
  facet normal -5.318580e-01 -2.557694e-02 -8.464472e-01
    outer loop
      vertex   3.105661e+02 2.997646e+01 3.223564e+01
      vertex   3.105661e+02 2.901638e+01 3.226465e+01
      vertex   3.103765e+02 2.902357e+01 3.238357e+01
    endloop
  endfacet
  facet normal -5.318580e-01 -7.663748e-02 -8.433586e-01
    outer loop
      vertex   3.103765e+02 2.902357e+01 3.238357e+01
      vertex   3.105661e+02 2.901638e+01 3.226465e+01
      vertex   3.103765e+02 2.807417e+01 3.246984e+01
    endloop
  endfacet
  facet normal -7.069454e-01 -6.400697e-02 -7.043659e-01
    outer loop
      vertex   3.103765e+02 2.902357e+01 3.238357e+01
      vertex   3.103765e+02 2.807417e+01 3.246984e+01
      vertex   3.102182e+02 2.809325e+01 3.262703e+01
    endloop
  endfacet
  facet normal -7.069454e-01 -1.064187e-01 -6.992161e-01
    outer loop
      vertex   3.102182e+02 2.809325e+01 3.262703e+01
      vertex   3.103765e+02 2.807417e+01 3.246984e+01
      vertex   3.102182e+02 2.716024e+01 3.276903e+01
    endloop
  endfacet
  facet normal -8.466148e-01 -8.007813e-02 -5.261472e-01
    outer loop
      vertex   3.102182e+02 2.809325e+01 3.262703e+01
      vertex   3.102182e+02 2.716024e+01 3.276903e+01
      vertex   3.100990e+02 2.719442e+01 3.295553e+01
    endloop
  endfacet
  facet normal -8.466148e-01 -1.117000e-01 -5.203523e-01
    outer loop
      vertex   3.100990e+02 2.719442e+01 3.295553e+01
      vertex   3.102182e+02 2.716024e+01 3.276903e+01
      vertex   3.100990e+02 2.628289e+01 3.315120e+01
    endloop
  endfacet
  facet normal -9.438363e-01 -6.934752e-02 -3.230540e-01
    outer loop
      vertex   3.100990e+02 2.719442e+01 3.295553e+01
      vertex   3.100990e+02 2.628289e+01 3.315120e+01
      vertex   3.100251e+02 2.633347e+01 3.335642e+01
    endloop
  endfacet
  facet normal -9.438363e-01 -8.872652e-02 -3.182775e-01
    outer loop
      vertex   3.100251e+02 2.633347e+01 3.335642e+01
      vertex   3.100990e+02 2.628289e+01 3.315120e+01
      vertex   3.100251e+02 2.544771e+01 3.360335e+01
    endloop
  endfacet
  facet normal -1.119140e-01 3.001329e-02 -9.932645e-01
    outer loop
      vertex   3.110000e+02 3.094251e+01 3.216580e+01
      vertex   3.110000e+02 2.997646e+01 3.213660e+01
      vertex   3.107775e+02 2.997646e+01 3.216168e+01
    endloop
  endfacet
  facet normal -1.119140e-01 -3.001329e-02 -9.932645e-01
    outer loop
      vertex   3.107775e+02 2.997646e+01 3.216168e+01
      vertex   3.110000e+02 2.997646e+01 3.213660e+01
      vertex   3.107775e+02 2.901191e+01 3.219082e+01
    endloop
  endfacet
  facet normal -3.301448e-01 -2.850955e-02 -9.434997e-01
    outer loop
      vertex   3.107775e+02 2.997646e+01 3.216168e+01
      vertex   3.107775e+02 2.901191e+01 3.219082e+01
      vertex   3.105661e+02 2.901638e+01 3.226465e+01
    endloop
  endfacet
  facet normal -3.301448e-01 -8.542463e-02 -9.400569e-01
    outer loop
      vertex   3.105661e+02 2.901638e+01 3.226465e+01
      vertex   3.107775e+02 2.901191e+01 3.219082e+01
      vertex   3.105661e+02 2.805981e+01 3.235157e+01
    endloop
  endfacet
  facet normal -5.318580e-01 -7.663748e-02 -8.433586e-01
    outer loop
      vertex   3.105661e+02 2.901638e+01 3.226465e+01
      vertex   3.105661e+02 2.805981e+01 3.235157e+01
      vertex   3.103765e+02 2.807417e+01 3.246984e+01
    endloop
  endfacet
  facet normal -5.318580e-01 -1.274184e-01 -8.371927e-01
    outer loop
      vertex   3.103765e+02 2.807417e+01 3.246984e+01
      vertex   3.105661e+02 2.805981e+01 3.235157e+01
      vertex   3.103765e+02 2.713170e+01 3.261328e+01
    endloop
  endfacet
  facet normal -7.069454e-01 -1.064187e-01 -6.992161e-01
    outer loop
      vertex   3.103765e+02 2.807417e+01 3.246984e+01
      vertex   3.103765e+02 2.713170e+01 3.261328e+01
      vertex   3.102182e+02 2.716024e+01 3.276903e+01
    endloop
  endfacet
  facet normal -7.069454e-01 -1.484422e-01 -6.915151e-01
    outer loop
      vertex   3.102182e+02 2.716024e+01 3.276903e+01
      vertex   3.103765e+02 2.713170e+01 3.261328e+01
      vertex   3.102182e+02 2.623751e+01 3.296711e+01
    endloop
  endfacet
  facet normal -8.466148e-01 -1.117000e-01 -5.203523e-01
    outer loop
      vertex   3.102182e+02 2.716024e+01 3.276903e+01
      vertex   3.102182e+02 2.623751e+01 3.296711e+01
      vertex   3.100990e+02 2.628289e+01 3.315120e+01
    endloop
  endfacet
  facet normal -8.466148e-01 -1.429143e-01 -5.126586e-01
    outer loop
      vertex   3.100990e+02 2.628289e+01 3.315120e+01
      vertex   3.102182e+02 2.623751e+01 3.296711e+01
      vertex   3.100990e+02 2.538483e+01 3.340155e+01
    endloop
  endfacet
  facet normal -9.438363e-01 -8.872652e-02 -3.182775e-01
    outer loop
      vertex   3.100990e+02 2.628289e+01 3.315120e+01
      vertex   3.100990e+02 2.538483e+01 3.340155e+01
      vertex   3.100251e+02 2.544771e+01 3.360335e+01
    endloop
  endfacet
  facet normal -9.438363e-01 -1.077818e-01 -3.123397e-01
    outer loop
      vertex   3.100251e+02 2.544771e+01 3.360335e+01
      vertex   3.100990e+02 2.538483e+01 3.340155e+01
      vertex   3.100251e+02 2.457848e+01 3.390330e+01
    endloop
  endfacet
  facet normal -1.119140e-01 -3.001329e-02 -9.932645e-01
    outer loop
      vertex   3.110000e+02 2.997646e+01 3.213660e+01
      vertex   3.110000e+02 2.901040e+01 3.216580e+01
      vertex   3.107775e+02 2.901191e+01 3.219082e+01
    endloop
  endfacet
  facet normal -1.119140e-01 -8.993035e-02 -9.896402e-01
    outer loop
      vertex   3.107775e+02 2.901191e+01 3.219082e+01
      vertex   3.110000e+02 2.901040e+01 3.216580e+01
      vertex   3.107775e+02 2.805089e+01 3.227815e+01
    endloop
  endfacet
  facet normal -3.301448e-01 -8.542463e-02 -9.400569e-01
    outer loop
      vertex   3.107775e+02 2.901191e+01 3.219082e+01
      vertex   3.107775e+02 2.805089e+01 3.227815e+01
      vertex   3.105661e+02 2.805981e+01 3.235157e+01
    endloop
  endfacet
  facet normal -3.301448e-01 -1.420280e-01 -9.331840e-01
    outer loop
      vertex   3.105661e+02 2.805981e+01 3.235157e+01
      vertex   3.107775e+02 2.805089e+01 3.227815e+01
      vertex   3.105661e+02 2.711023e+01 3.249610e+01
    endloop
  endfacet
  facet normal -5.318580e-01 -1.274184e-01 -8.371927e-01
    outer loop
      vertex   3.105661e+02 2.805981e+01 3.235157e+01
      vertex   3.105661e+02 2.711023e+01 3.249610e+01
      vertex   3.103765e+02 2.713170e+01 3.261328e+01
    endloop
  endfacet
  facet normal -5.318580e-01 -1.777344e-01 -8.279719e-01
    outer loop
      vertex   3.103765e+02 2.713170e+01 3.261328e+01
      vertex   3.105661e+02 2.711023e+01 3.249610e+01
      vertex   3.103765e+02 2.619962e+01 3.281336e+01
    endloop
  endfacet
  facet normal -7.069454e-01 -1.484422e-01 -6.915151e-01
    outer loop
      vertex   3.103765e+02 2.713170e+01 3.261328e+01
      vertex   3.103765e+02 2.619962e+01 3.281336e+01
      vertex   3.102182e+02 2.623751e+01 3.296711e+01
    endloop
  endfacet
  facet normal -7.069454e-01 -1.899240e-01 -6.812907e-01
    outer loop
      vertex   3.102182e+02 2.623751e+01 3.296711e+01
      vertex   3.103765e+02 2.619962e+01 3.281336e+01
      vertex   3.102182e+02 2.532842e+01 3.322053e+01
    endloop
  endfacet
  facet normal -8.466148e-01 -1.429143e-01 -5.126586e-01
    outer loop
      vertex   3.102182e+02 2.623751e+01 3.296711e+01
      vertex   3.102182e+02 2.532842e+01 3.322053e+01
      vertex   3.100990e+02 2.538483e+01 3.340155e+01
    endloop
  endfacet
  facet normal -8.466148e-01 -1.736071e-01 -5.030944e-01
    outer loop
      vertex   3.100990e+02 2.538483e+01 3.340155e+01
      vertex   3.102182e+02 2.532842e+01 3.322053e+01
      vertex   3.100990e+02 2.450353e+01 3.370567e+01
    endloop
  endfacet
  facet normal -9.438363e-01 -1.077818e-01 -3.123397e-01
    outer loop
      vertex   3.100990e+02 2.538483e+01 3.340155e+01
      vertex   3.100990e+02 2.450353e+01 3.370567e+01
      vertex   3.100251e+02 2.457848e+01 3.390330e+01
    endloop
  endfacet
  facet normal -9.438363e-01 -1.264437e-01 -3.052621e-01
    outer loop
      vertex   3.100251e+02 2.457848e+01 3.390330e+01
      vertex   3.100990e+02 2.450353e+01 3.370567e+01
      vertex   3.100251e+02 2.372894e+01 3.425519e+01
    endloop
  endfacet
  facet normal -1.119140e-01 -8.993035e-02 -9.896402e-01
    outer loop
      vertex   3.110000e+02 2.901040e+01 3.216580e+01
      vertex   3.110000e+02 2.804787e+01 3.225326e+01
      vertex   3.107775e+02 2.805089e+01 3.227815e+01
    endloop
  endfacet
  facet normal -1.119140e-01 -1.495193e-01 -9.824048e-01
    outer loop
      vertex   3.107775e+02 2.805089e+01 3.227815e+01
      vertex   3.110000e+02 2.804787e+01 3.225326e+01
      vertex   3.107775e+02 2.709690e+01 3.242335e+01
    endloop
  endfacet
  facet normal -3.301448e-01 -1.420280e-01 -9.331840e-01
    outer loop
      vertex   3.107775e+02 2.805089e+01 3.227815e+01
      vertex   3.107775e+02 2.709690e+01 3.242335e+01
      vertex   3.105661e+02 2.711023e+01 3.249610e+01
    endloop
  endfacet
  facet normal -3.301448e-01 -1.981131e-01 -9.229061e-01
    outer loop
      vertex   3.105661e+02 2.711023e+01 3.249610e+01
      vertex   3.107775e+02 2.709690e+01 3.242335e+01
      vertex   3.105661e+02 2.617111e+01 3.269769e+01
    endloop
  endfacet
  facet normal -5.318580e-01 -1.777344e-01 -8.279719e-01
    outer loop
      vertex   3.105661e+02 2.711023e+01 3.249610e+01
      vertex   3.105661e+02 2.617111e+01 3.269769e+01
      vertex   3.103765e+02 2.619962e+01 3.281336e+01
    endloop
  endfacet
  facet normal -5.318580e-01 -2.274018e-01 -8.157300e-01
    outer loop
      vertex   3.103765e+02 2.619962e+01 3.281336e+01
      vertex   3.105661e+02 2.617111e+01 3.269769e+01
      vertex   3.103765e+02 2.528131e+01 3.306936e+01
    endloop
  endfacet
  facet normal -7.069454e-01 -1.899240e-01 -6.812907e-01
    outer loop
      vertex   3.103765e+02 2.619962e+01 3.281336e+01
      vertex   3.103765e+02 2.528131e+01 3.306936e+01
      vertex   3.102182e+02 2.532842e+01 3.322053e+01
    endloop
  endfacet
  facet normal -7.069454e-01 -2.307128e-01 -6.685804e-01
    outer loop
      vertex   3.102182e+02 2.532842e+01 3.322053e+01
      vertex   3.103765e+02 2.528131e+01 3.306936e+01
      vertex   3.102182e+02 2.443629e+01 3.352839e+01
    endloop
  endfacet
  facet normal -8.466148e-01 -1.736071e-01 -5.030944e-01
    outer loop
      vertex   3.102182e+02 2.532842e+01 3.322053e+01
      vertex   3.102182e+02 2.443629e+01 3.352839e+01
      vertex   3.100990e+02 2.450353e+01 3.370567e+01
    endloop
  endfacet
  facet normal -8.466148e-01 -2.036665e-01 -4.916944e-01
    outer loop
      vertex   3.100990e+02 2.450353e+01 3.370567e+01
      vertex   3.102182e+02 2.443629e+01 3.352839e+01
      vertex   3.100990e+02 2.364219e+01 3.406245e+01
    endloop
  endfacet
  facet normal -9.438363e-01 -1.264437e-01 -3.052621e-01
    outer loop
      vertex   3.100990e+02 2.450353e+01 3.370567e+01
      vertex   3.100990e+02 2.364219e+01 3.406245e+01
      vertex   3.100251e+02 2.372894e+01 3.425519e+01
    endloop
  endfacet
  facet normal -9.438363e-01 -1.446443e-01 -2.970707e-01
    outer loop
      vertex   3.100251e+02 2.372894e+01 3.425519e+01
      vertex   3.100990e+02 2.364219e+01 3.406245e+01
      vertex   3.100251e+02 2.290220e+01 3.465773e+01
    endloop
  endfacet
  facet normal -1.119140e-01 -1.495193e-01 -9.824048e-01
    outer loop
      vertex   3.110000e+02 2.804787e+01 3.225326e+01
      vertex   3.110000e+02 2.709238e+01 3.239869e+01
      vertex   3.107775e+02 2.709690e+01 3.242335e+01
    endloop
  endfacet
  facet normal -1.119140e-01 -2.085626e-01 -9.715847e-01
    outer loop
      vertex   3.107775e+02 2.709690e+01 3.242335e+01
      vertex   3.110000e+02 2.709238e+01 3.239869e+01
      vertex   3.107775e+02 2.615341e+01 3.262588e+01
    endloop
  endfacet
  facet normal -3.301448e-01 -1.981131e-01 -9.229061e-01
    outer loop
      vertex   3.107775e+02 2.709690e+01 3.242335e+01
      vertex   3.107775e+02 2.615341e+01 3.262588e+01
      vertex   3.105661e+02 2.617111e+01 3.269769e+01
    endloop
  endfacet
  facet normal -3.301448e-01 -2.534754e-01 -9.092605e-01
    outer loop
      vertex   3.105661e+02 2.617111e+01 3.269769e+01
      vertex   3.107775e+02 2.615341e+01 3.262588e+01
      vertex   3.105661e+02 2.524587e+01 3.295562e+01
    endloop
  endfacet
  facet normal -5.318580e-01 -2.274018e-01 -8.157300e-01
    outer loop
      vertex   3.105661e+02 2.617111e+01 3.269769e+01
      vertex   3.105661e+02 2.524587e+01 3.295562e+01
      vertex   3.103765e+02 2.528131e+01 3.306936e+01
    endloop
  endfacet
  facet normal -5.318580e-01 -2.762395e-01 -8.005116e-01
    outer loop
      vertex   3.103765e+02 2.528131e+01 3.306936e+01
      vertex   3.105661e+02 2.524587e+01 3.295562e+01
      vertex   3.103765e+02 2.438014e+01 3.338034e+01
    endloop
  endfacet
  facet normal -7.069454e-01 -2.307128e-01 -6.685804e-01
    outer loop
      vertex   3.103765e+02 2.528131e+01 3.306936e+01
      vertex   3.103765e+02 2.438014e+01 3.338034e+01
      vertex   3.102182e+02 2.443629e+01 3.352839e+01
    endloop
  endfacet
  facet normal -7.069454e-01 -2.706598e-01 -6.534305e-01
    outer loop
      vertex   3.102182e+02 2.443629e+01 3.352839e+01
      vertex   3.103765e+02 2.438014e+01 3.338034e+01
      vertex   3.102182e+02 2.356438e+01 3.388955e+01
    endloop
  endfacet
  facet normal -8.466148e-01 -2.036665e-01 -4.916944e-01
    outer loop
      vertex   3.102182e+02 2.443629e+01 3.352839e+01
      vertex   3.102182e+02 2.356438e+01 3.388955e+01
      vertex   3.100990e+02 2.364219e+01 3.406245e+01
    endloop
  endfacet
  facet normal -8.466148e-01 -2.329827e-01 -4.785002e-01
    outer loop
      vertex   3.100990e+02 2.364219e+01 3.406245e+01
      vertex   3.102182e+02 2.356438e+01 3.388955e+01
      vertex   3.100990e+02 2.280397e+01 3.447058e+01
    endloop
  endfacet
  facet normal -9.438363e-01 -1.446443e-01 -2.970707e-01
    outer loop
      vertex   3.100990e+02 2.364219e+01 3.406245e+01
      vertex   3.100990e+02 2.280397e+01 3.447058e+01
      vertex   3.100251e+02 2.290220e+01 3.465773e+01
    endloop
  endfacet
  facet normal -9.438363e-01 -1.623171e-01 -2.877953e-01
    outer loop
      vertex   3.100251e+02 2.290220e+01 3.465773e+01
      vertex   3.100990e+02 2.280397e+01 3.447058e+01
      vertex   3.100251e+02 2.210127e+01 3.510946e+01
    endloop
  endfacet
  facet normal -1.119140e-01 -2.085626e-01 -9.715847e-01
    outer loop
      vertex   3.110000e+02 2.709238e+01 3.239869e+01
      vertex   3.110000e+02 2.614741e+01 3.260154e+01
      vertex   3.107775e+02 2.615341e+01 3.262588e+01
    endloop
  endfacet
  facet normal -1.119140e-01 -2.668449e-01 -9.572194e-01
    outer loop
      vertex   3.107775e+02 2.615341e+01 3.262588e+01
      vertex   3.110000e+02 2.614741e+01 3.260154e+01
      vertex   3.107775e+02 2.522387e+01 3.288501e+01
    endloop
  endfacet
  facet normal -3.301448e-01 -2.534754e-01 -9.092605e-01
    outer loop
      vertex   3.107775e+02 2.615341e+01 3.262588e+01
      vertex   3.107775e+02 2.522387e+01 3.288501e+01
      vertex   3.105661e+02 2.524587e+01 3.295562e+01
    endloop
  endfacet
  facet normal -3.301448e-01 -3.079127e-01 -8.922971e-01
    outer loop
      vertex   3.105661e+02 2.524587e+01 3.295562e+01
      vertex   3.107775e+02 2.522387e+01 3.288501e+01
      vertex   3.105661e+02 2.433790e+01 3.326894e+01
    endloop
  endfacet
  facet normal -5.318580e-01 -2.762395e-01 -8.005116e-01
    outer loop
      vertex   3.105661e+02 2.524587e+01 3.295562e+01
      vertex   3.105661e+02 2.433790e+01 3.326894e+01
      vertex   3.103765e+02 2.438014e+01 3.338034e+01
    endloop
  endfacet
  facet normal -5.318580e-01 -3.240692e-01 -7.823722e-01
    outer loop
      vertex   3.103765e+02 2.438014e+01 3.338034e+01
      vertex   3.105661e+02 2.433790e+01 3.326894e+01
      vertex   3.103765e+02 2.349939e+01 3.374515e+01
    endloop
  endfacet
  facet normal -7.069454e-01 -2.706598e-01 -6.534305e-01
    outer loop
      vertex   3.103765e+02 2.438014e+01 3.338034e+01
      vertex   3.103765e+02 2.349939e+01 3.374515e+01
      vertex   3.102182e+02 2.356438e+01 3.388955e+01
    endloop
  endfacet
  facet normal -7.069454e-01 -3.096191e-01 -6.358963e-01
    outer loop
      vertex   3.102182e+02 2.356438e+01 3.388955e+01
      vertex   3.103765e+02 2.349939e+01 3.374515e+01
      vertex   3.102182e+02 2.271586e+01 3.430269e+01
    endloop
  endfacet
  facet normal -8.466148e-01 -2.329827e-01 -4.785002e-01
    outer loop
      vertex   3.102182e+02 2.356438e+01 3.388955e+01
      vertex   3.102182e+02 2.271586e+01 3.430269e+01
      vertex   3.100990e+02 2.280397e+01 3.447058e+01
    endloop
  endfacet
  facet normal -8.466148e-01 -2.614487e-01 -4.635601e-01
    outer loop
      vertex   3.100990e+02 2.280397e+01 3.447058e+01
      vertex   3.102182e+02 2.271586e+01 3.430269e+01
      vertex   3.100990e+02 2.199192e+01 3.492858e+01
    endloop
  endfacet
  facet normal -9.438363e-01 -1.623171e-01 -2.877953e-01
    outer loop
      vertex   3.100990e+02 2.280397e+01 3.447058e+01
      vertex   3.100990e+02 2.199192e+01 3.492858e+01
      vertex   3.100251e+02 2.210127e+01 3.510946e+01
    endloop
  endfacet
  facet normal -9.438363e-01 -1.793976e-01 -2.774698e-01
    outer loop
      vertex   3.100251e+02 2.210127e+01 3.510946e+01
      vertex   3.100990e+02 2.199192e+01 3.492858e+01
      vertex   3.100251e+02 2.132908e+01 3.560872e+01
    endloop
  endfacet
  facet normal -1.119140e-01 -2.668449e-01 -9.572194e-01
    outer loop
      vertex   3.110000e+02 2.614741e+01 3.260154e+01
      vertex   3.110000e+02 2.521641e+01 3.286107e+01
      vertex   3.107775e+02 2.522387e+01 3.288501e+01
    endloop
  endfacet
  facet normal -1.119140e-01 -3.241535e-01 -9.393613e-01
    outer loop
      vertex   3.107775e+02 2.522387e+01 3.288501e+01
      vertex   3.110000e+02 2.521641e+01 3.286107e+01
      vertex   3.107775e+02 2.431167e+01 3.319979e+01
    endloop
  endfacet
  facet normal -3.301448e-01 -3.079127e-01 -8.922971e-01
    outer loop
      vertex   3.107775e+02 2.522387e+01 3.288501e+01
      vertex   3.107775e+02 2.431167e+01 3.319979e+01
      vertex   3.105661e+02 2.433790e+01 3.326894e+01
    endloop
  endfacet
  facet normal -3.301448e-01 -3.612265e-01 -8.720779e-01
    outer loop
      vertex   3.105661e+02 2.433790e+01 3.326894e+01
      vertex   3.107775e+02 2.431167e+01 3.319979e+01
      vertex   3.105661e+02 2.345050e+01 3.363651e+01
    endloop
  endfacet
  facet normal -5.318580e-01 -3.240692e-01 -7.823722e-01
    outer loop
      vertex   3.105661e+02 2.433790e+01 3.326894e+01
      vertex   3.105661e+02 2.345050e+01 3.363651e+01
      vertex   3.103765e+02 2.349939e+01 3.374515e+01
    endloop
  endfacet
  facet normal -5.318580e-01 -3.707164e-01 -7.613780e-01
    outer loop
      vertex   3.103765e+02 2.349939e+01 3.374515e+01
      vertex   3.105661e+02 2.345050e+01 3.363651e+01
      vertex   3.103765e+02 2.264227e+01 3.416249e+01
    endloop
  endfacet
  facet normal -7.069454e-01 -3.096191e-01 -6.358963e-01
    outer loop
      vertex   3.103765e+02 2.349939e+01 3.374515e+01
      vertex   3.103765e+02 2.264227e+01 3.416249e+01
      vertex   3.102182e+02 2.271586e+01 3.430269e+01
    endloop
  endfacet
  facet normal -7.069454e-01 -3.474487e-01 -6.160418e-01
    outer loop
      vertex   3.102182e+02 2.271586e+01 3.430269e+01
      vertex   3.103765e+02 2.264227e+01 3.416249e+01
      vertex   3.102182e+02 2.189383e+01 3.476631e+01
    endloop
  endfacet
  facet normal -8.466148e-01 -2.614487e-01 -4.635601e-01
    outer loop
      vertex   3.102182e+02 2.271586e+01 3.430269e+01
      vertex   3.102182e+02 2.189383e+01 3.476631e+01
      vertex   3.100990e+02 2.199192e+01 3.492858e+01
    endloop
  endfacet
  facet normal -8.466148e-01 -2.889608e-01 -4.469285e-01
    outer loop
      vertex   3.100990e+02 2.199192e+01 3.492858e+01
      vertex   3.102182e+02 2.189383e+01 3.476631e+01
      vertex   3.100990e+02 2.120901e+01 3.543477e+01
    endloop
  endfacet
  facet normal -9.438363e-01 -1.793976e-01 -2.774698e-01
    outer loop
      vertex   3.100990e+02 2.199192e+01 3.492858e+01
      vertex   3.100990e+02 2.120901e+01 3.543477e+01
      vertex   3.100251e+02 2.132908e+01 3.560872e+01
    endloop
  endfacet
  facet normal -9.438363e-01 -1.958235e-01 -2.661318e-01
    outer loop
      vertex   3.100251e+02 2.132908e+01 3.560872e+01
      vertex   3.100990e+02 2.120901e+01 3.543477e+01
      vertex   3.100251e+02 2.058844e+01 3.615369e+01
    endloop
  endfacet
  facet normal -1.119140e-01 -3.241535e-01 -9.393613e-01
    outer loop
      vertex   3.110000e+02 2.521641e+01 3.286107e+01
      vertex   3.110000e+02 2.430278e+01 3.317634e+01
      vertex   3.107775e+02 2.431167e+01 3.319979e+01
    endloop
  endfacet
  facet normal -1.119140e-01 -3.802794e-01 -9.180756e-01
    outer loop
      vertex   3.107775e+02 2.431167e+01 3.319979e+01
      vertex   3.110000e+02 2.430278e+01 3.317634e+01
      vertex   3.107775e+02 2.342014e+01 3.356907e+01
    endloop
  endfacet
  facet normal -3.301448e-01 -3.612265e-01 -8.720779e-01
    outer loop
      vertex   3.107775e+02 2.431167e+01 3.319979e+01
      vertex   3.107775e+02 2.342014e+01 3.356907e+01
      vertex   3.105661e+02 2.345050e+01 3.363651e+01
    endloop
  endfacet
  facet normal -3.301448e-01 -4.132222e-01 -8.486765e-01
    outer loop
      vertex   3.105661e+02 2.345050e+01 3.363651e+01
      vertex   3.107775e+02 2.342014e+01 3.356907e+01
      vertex   3.105661e+02 2.258691e+01 3.405700e+01
    endloop
  endfacet
  facet normal -5.318580e-01 -3.707164e-01 -7.613780e-01
    outer loop
      vertex   3.105661e+02 2.345050e+01 3.363651e+01
      vertex   3.105661e+02 2.258691e+01 3.405700e+01
      vertex   3.103765e+02 2.264227e+01 3.416249e+01
    endloop
  endfacet
  facet normal -5.318580e-01 -4.160109e-01 -7.376056e-01
    outer loop
      vertex   3.103765e+02 2.264227e+01 3.416249e+01
      vertex   3.105661e+02 2.258691e+01 3.405700e+01
      vertex   3.103765e+02 2.181192e+01 3.463081e+01
    endloop
  endfacet
  facet normal -7.069454e-01 -3.474487e-01 -6.160418e-01
    outer loop
      vertex   3.103765e+02 2.264227e+01 3.416249e+01
      vertex   3.103765e+02 2.181192e+01 3.463081e+01
      vertex   3.102182e+02 2.189383e+01 3.476631e+01
    endloop
  endfacet
  facet normal -7.069454e-01 -3.840105e-01 -5.939395e-01
    outer loop
      vertex   3.102182e+02 2.189383e+01 3.476631e+01
      vertex   3.103765e+02 2.181192e+01 3.463081e+01
      vertex   3.102182e+02 2.110130e+01 3.527872e+01
    endloop
  endfacet
  facet normal -8.466148e-01 -2.889608e-01 -4.469285e-01
    outer loop
      vertex   3.102182e+02 2.189383e+01 3.476631e+01
      vertex   3.102182e+02 2.110130e+01 3.527872e+01
      vertex   3.100990e+02 2.120901e+01 3.543477e+01
    endloop
  endfacet
  facet normal -8.466148e-01 -3.154185e-01 -4.286660e-01
    outer loop
      vertex   3.100990e+02 2.120901e+01 3.543477e+01
      vertex   3.102182e+02 2.110130e+01 3.527872e+01
      vertex   3.100990e+02 2.045809e+01 3.598731e+01
    endloop
  endfacet
  facet normal -9.438363e-01 -1.958235e-01 -2.661318e-01
    outer loop
      vertex   3.100990e+02 2.120901e+01 3.543477e+01
      vertex   3.100990e+02 2.045809e+01 3.598731e+01
      vertex   3.100251e+02 2.058844e+01 3.615369e+01
    endloop
  endfacet
  facet normal -9.438363e-01 -2.115349e-01 -2.538227e-01
    outer loop
      vertex   3.100251e+02 2.058844e+01 3.615369e+01
      vertex   3.100990e+02 2.045809e+01 3.598731e+01
      vertex   3.100251e+02 1.988206e+01 3.674238e+01
    endloop
  endfacet
  facet normal -1.119140e-01 -3.802794e-01 -9.180756e-01
    outer loop
      vertex   3.110000e+02 2.430278e+01 3.317634e+01
      vertex   3.110000e+02 2.340985e+01 3.354621e+01
      vertex   3.107775e+02 2.342014e+01 3.356907e+01
    endloop
  endfacet
  facet normal -1.119140e-01 -4.350176e-01 -8.934399e-01
    outer loop
      vertex   3.107775e+02 2.342014e+01 3.356907e+01
      vertex   3.110000e+02 2.340985e+01 3.354621e+01
      vertex   3.107775e+02 2.255254e+01 3.399151e+01
    endloop
  endfacet
  facet normal -3.301448e-01 -4.132222e-01 -8.486765e-01
    outer loop
      vertex   3.107775e+02 2.342014e+01 3.356907e+01
      vertex   3.107775e+02 2.255254e+01 3.399151e+01
      vertex   3.105661e+02 2.258691e+01 3.405700e+01
    endloop
  endfacet
  facet normal -3.301448e-01 -4.637101e-01 -8.221784e-01
    outer loop
      vertex   3.105661e+02 2.258691e+01 3.405700e+01
      vertex   3.107775e+02 2.255254e+01 3.399151e+01
      vertex   3.105661e+02 2.175028e+01 3.452885e+01
    endloop
  endfacet
  facet normal -5.318580e-01 -4.160109e-01 -7.376056e-01
    outer loop
      vertex   3.105661e+02 2.258691e+01 3.405700e+01
      vertex   3.105661e+02 2.175028e+01 3.452885e+01
      vertex   3.103765e+02 2.181192e+01 3.463081e+01
    endloop
  endfacet
  facet normal -5.318580e-01 -4.597874e-01 -7.111417e-01
    outer loop
      vertex   3.103765e+02 2.181192e+01 3.463081e+01
      vertex   3.105661e+02 2.175028e+01 3.452885e+01
      vertex   3.103765e+02 2.101135e+01 3.514841e+01
    endloop
  endfacet
  facet normal -7.069454e-01 -3.840105e-01 -5.939395e-01
    outer loop
      vertex   3.103765e+02 2.181192e+01 3.463081e+01
      vertex   3.103765e+02 2.101135e+01 3.514841e+01
      vertex   3.102182e+02 2.110130e+01 3.527872e+01
    endloop
  endfacet
  facet normal -7.069454e-01 -4.191711e-01 -5.696699e-01
    outer loop
      vertex   3.102182e+02 2.110130e+01 3.527872e+01
      vertex   3.103765e+02 2.101135e+01 3.514841e+01
      vertex   3.102182e+02 2.034116e+01 3.583805e+01
    endloop
  endfacet
  facet normal -8.466148e-01 -3.154185e-01 -4.286660e-01
    outer loop
      vertex   3.102182e+02 2.110130e+01 3.527872e+01
      vertex   3.102182e+02 2.034116e+01 3.583805e+01
      vertex   3.100990e+02 2.045809e+01 3.598731e+01
    endloop
  endfacet
  facet normal -8.466148e-01 -3.407252e-01 -4.088395e-01
    outer loop
      vertex   3.100990e+02 2.045809e+01 3.598731e+01
      vertex   3.102182e+02 2.034116e+01 3.583805e+01
      vertex   3.100990e+02 1.974190e+01 3.658418e+01
    endloop
  endfacet
  facet normal -9.438363e-01 -2.115349e-01 -2.538227e-01
    outer loop
      vertex   3.100990e+02 2.045809e+01 3.598731e+01
      vertex   3.100990e+02 1.974190e+01 3.658418e+01
      vertex   3.100251e+02 1.988206e+01 3.674238e+01
    endloop
  endfacet
  facet normal -9.438363e-01 -2.264744e-01 -2.405875e-01
    outer loop
      vertex   3.100251e+02 1.988206e+01 3.674238e+01
      vertex   3.100990e+02 1.974190e+01 3.658418e+01
      vertex   3.100251e+02 1.921251e+01 3.737266e+01
    endloop
  endfacet
  facet normal -1.119140e-01 -4.350176e-01 -8.934399e-01
    outer loop
      vertex   3.110000e+02 2.340985e+01 3.354621e+01
      vertex   3.110000e+02 2.254089e+01 3.396931e+01
      vertex   3.107775e+02 2.255254e+01 3.399151e+01
    endloop
  endfacet
  facet normal -1.119140e-01 -4.881685e-01 -8.655442e-01
    outer loop
      vertex   3.107775e+02 2.255254e+01 3.399151e+01
      vertex   3.110000e+02 2.254089e+01 3.396931e+01
      vertex   3.107775e+02 2.171202e+01 3.446556e+01
    endloop
  endfacet
  facet normal -3.301448e-01 -4.637101e-01 -8.221784e-01
    outer loop
      vertex   3.107775e+02 2.255254e+01 3.399151e+01
      vertex   3.107775e+02 2.171202e+01 3.446556e+01
      vertex   3.105661e+02 2.175028e+01 3.452885e+01
    endloop
  endfacet
  facet normal -3.301448e-01 -5.125060e-01 -7.926803e-01
    outer loop
      vertex   3.105661e+02 2.175028e+01 3.452885e+01
      vertex   3.107775e+02 2.171202e+01 3.446556e+01
      vertex   3.105661e+02 2.094368e+01 3.505036e+01
    endloop
  endfacet
  facet normal -5.318580e-01 -4.597874e-01 -7.111417e-01
    outer loop
      vertex   3.105661e+02 2.175028e+01 3.452885e+01
      vertex   3.105661e+02 2.094368e+01 3.505036e+01
      vertex   3.103765e+02 2.101135e+01 3.514841e+01
    endloop
  endfacet
  facet normal -5.318580e-01 -5.018862e-01 -6.820830e-01
    outer loop
      vertex   3.103765e+02 2.101135e+01 3.514841e+01
      vertex   3.105661e+02 2.094368e+01 3.505036e+01
      vertex   3.103765e+02 2.024350e+01 3.571341e+01
    endloop
  endfacet
  facet normal -7.069454e-01 -4.191711e-01 -5.696699e-01
    outer loop
      vertex   3.103765e+02 2.101135e+01 3.514841e+01
      vertex   3.103765e+02 2.024350e+01 3.571341e+01
      vertex   3.102182e+02 2.034116e+01 3.583805e+01
    endloop
  endfacet
  facet normal -7.069454e-01 -4.528021e-01 -5.433216e-01
    outer loop
      vertex   3.102182e+02 2.034116e+01 3.583805e+01
      vertex   3.103765e+02 2.024350e+01 3.571341e+01
      vertex   3.102182e+02 1.961617e+01 3.644225e+01
    endloop
  endfacet
  facet normal -8.466148e-01 -3.407252e-01 -4.088395e-01
    outer loop
      vertex   3.102182e+02 2.034116e+01 3.583805e+01
      vertex   3.102182e+02 1.961617e+01 3.644225e+01
      vertex   3.100990e+02 1.974190e+01 3.658418e+01
    endloop
  endfacet
  facet normal -8.466148e-01 -3.647887e-01 -3.875211e-01
    outer loop
      vertex   3.100990e+02 1.974190e+01 3.658418e+01
      vertex   3.102182e+02 1.961617e+01 3.644225e+01
      vertex   3.100990e+02 1.906305e+01 3.722320e+01
    endloop
  endfacet
  facet normal -9.438363e-01 -2.264744e-01 -2.405875e-01
    outer loop
      vertex   3.100990e+02 1.974190e+01 3.658418e+01
      vertex   3.100990e+02 1.906305e+01 3.722320e+01
      vertex   3.100251e+02 1.921251e+01 3.737266e+01
    endloop
  endfacet
  facet normal -9.438363e-01 -2.405875e-01 -2.264744e-01
    outer loop
      vertex   3.100251e+02 1.921251e+01 3.737266e+01
      vertex   3.100990e+02 1.906305e+01 3.722320e+01
      vertex   3.100251e+02 1.858224e+01 3.804221e+01
    endloop
  endfacet
  facet normal -1.119140e-01 -4.881685e-01 -8.655442e-01
    outer loop
      vertex   3.110000e+02 2.254089e+01 3.396931e+01
      vertex   3.110000e+02 2.169905e+01 3.444410e+01
      vertex   3.107775e+02 2.171202e+01 3.446556e+01
    endloop
  endfacet
  facet normal -1.119140e-01 -5.395381e-01 -8.344902e-01
    outer loop
      vertex   3.107775e+02 2.171202e+01 3.446556e+01
      vertex   3.110000e+02 2.169905e+01 3.444410e+01
      vertex   3.107775e+02 2.090166e+01 3.498950e+01
    endloop
  endfacet
  facet normal -3.301448e-01 -5.125060e-01 -7.926803e-01
    outer loop
      vertex   3.107775e+02 2.171202e+01 3.446556e+01
      vertex   3.107775e+02 2.090166e+01 3.498950e+01
      vertex   3.105661e+02 2.094368e+01 3.505036e+01
    endloop
  endfacet
  facet normal -3.301448e-01 -5.594318e-01 -7.602897e-01
    outer loop
      vertex   3.105661e+02 2.094368e+01 3.505036e+01
      vertex   3.107775e+02 2.090166e+01 3.498950e+01
      vertex   3.105661e+02 2.017003e+01 3.561962e+01
    endloop
  endfacet
  facet normal -5.318580e-01 -5.018862e-01 -6.820830e-01
    outer loop
      vertex   3.105661e+02 2.094368e+01 3.505036e+01
      vertex   3.105661e+02 2.017003e+01 3.561962e+01
      vertex   3.103765e+02 2.024350e+01 3.571341e+01
    endloop
  endfacet
  facet normal -5.318580e-01 -5.421537e-01 -6.505355e-01
    outer loop
      vertex   3.103765e+02 2.024350e+01 3.571341e+01
      vertex   3.105661e+02 2.017003e+01 3.561962e+01
      vertex   3.103765e+02 1.951117e+01 3.632373e+01
    endloop
  endfacet
  facet normal -7.069454e-01 -4.528021e-01 -5.433216e-01
    outer loop
      vertex   3.103765e+02 2.024350e+01 3.571341e+01
      vertex   3.103765e+02 1.951117e+01 3.632373e+01
      vertex   3.102182e+02 1.961617e+01 3.644225e+01
    endloop
  endfacet
  facet normal -7.069454e-01 -4.847809e-01 -5.149909e-01
    outer loop
      vertex   3.102182e+02 1.961617e+01 3.644225e+01
      vertex   3.103765e+02 1.951117e+01 3.632373e+01
      vertex   3.102182e+02 1.892898e+01 3.708913e+01
    endloop
  endfacet
  facet normal -8.466148e-01 -3.647887e-01 -3.875211e-01
    outer loop
      vertex   3.102182e+02 1.961617e+01 3.644225e+01
      vertex   3.102182e+02 1.892898e+01 3.708913e+01
      vertex   3.100990e+02 1.906305e+01 3.722320e+01
    endloop
  endfacet
  facet normal -8.466148e-01 -3.875211e-01 -3.647887e-01
    outer loop
      vertex   3.100990e+02 1.906305e+01 3.722320e+01
      vertex   3.102182e+02 1.892898e+01 3.708913e+01
      vertex   3.100990e+02 1.842403e+01 3.790205e+01
    endloop
  endfacet
  facet normal -9.438363e-01 -2.405875e-01 -2.264744e-01
    outer loop
      vertex   3.100990e+02 1.906305e+01 3.722320e+01
      vertex   3.100990e+02 1.842403e+01 3.790205e+01
      vertex   3.100251e+02 1.858224e+01 3.804221e+01
    endloop
  endfacet
  facet normal -9.438363e-01 -2.538227e-01 -2.115349e-01
    outer loop
      vertex   3.100251e+02 1.858224e+01 3.804221e+01
      vertex   3.100990e+02 1.842403e+01 3.790205e+01
      vertex   3.100251e+02 1.799354e+01 3.874859e+01
    endloop
  endfacet
  facet normal -1.119140e-01 -5.395381e-01 -8.344902e-01
    outer loop
      vertex   3.110000e+02 2.169905e+01 3.444410e+01
      vertex   3.110000e+02 2.088742e+01 3.496886e+01
      vertex   3.107775e+02 2.090166e+01 3.498950e+01
    endloop
  endfacet
  facet normal -1.119140e-01 -5.889390e-01 -8.003912e-01
    outer loop
      vertex   3.107775e+02 2.090166e+01 3.498950e+01
      vertex   3.110000e+02 2.088742e+01 3.496886e+01
      vertex   3.107775e+02 2.012442e+01 3.556141e+01
    endloop
  endfacet
  facet normal -3.301448e-01 -5.594318e-01 -7.602897e-01
    outer loop
      vertex   3.107775e+02 2.090166e+01 3.498950e+01
      vertex   3.107775e+02 2.012442e+01 3.556141e+01
      vertex   3.105661e+02 2.017003e+01 3.561962e+01
    endloop
  endfacet
  facet normal -3.301448e-01 -6.043163e-01 -7.251250e-01
    outer loop
      vertex   3.105661e+02 2.017003e+01 3.561962e+01
      vertex   3.107775e+02 2.012442e+01 3.556141e+01
      vertex   3.105661e+02 1.943216e+01 3.623456e+01
    endloop
  endfacet
  facet normal -5.318580e-01 -5.421537e-01 -6.505355e-01
    outer loop
      vertex   3.105661e+02 2.017003e+01 3.561962e+01
      vertex   3.105661e+02 1.943216e+01 3.623456e+01
      vertex   3.103765e+02 1.951117e+01 3.632373e+01
    endloop
  endfacet
  facet normal -5.318580e-01 -5.804429e-01 -6.166142e-01
    outer loop
      vertex   3.103765e+02 1.951117e+01 3.632373e+01
      vertex   3.105661e+02 1.943216e+01 3.623456e+01
      vertex   3.103765e+02 1.881702e+01 3.697716e+01
    endloop
  endfacet
  facet normal -7.069454e-01 -4.847809e-01 -5.149909e-01
    outer loop
      vertex   3.103765e+02 1.951117e+01 3.632373e+01
      vertex   3.103765e+02 1.881702e+01 3.697716e+01
      vertex   3.102182e+02 1.892898e+01 3.708913e+01
    endloop
  endfacet
  facet normal -7.069454e-01 -5.149909e-01 -4.847809e-01
    outer loop
      vertex   3.102182e+02 1.892898e+01 3.708913e+01
      vertex   3.103765e+02 1.881702e+01 3.697716e+01
      vertex   3.102182e+02 1.828211e+01 3.777631e+01
    endloop
  endfacet
  facet normal -8.466148e-01 -3.875211e-01 -3.647887e-01
    outer loop
      vertex   3.102182e+02 1.892898e+01 3.708913e+01
      vertex   3.102182e+02 1.828211e+01 3.777631e+01
      vertex   3.100990e+02 1.842403e+01 3.790205e+01
    endloop
  endfacet
  facet normal -8.466148e-01 -4.088395e-01 -3.407252e-01
    outer loop
      vertex   3.100990e+02 1.842403e+01 3.790205e+01
      vertex   3.102182e+02 1.828211e+01 3.777631e+01
      vertex   3.100990e+02 1.782716e+01 3.861824e+01
    endloop
  endfacet
  facet normal -9.438363e-01 -2.538227e-01 -2.115349e-01
    outer loop
      vertex   3.100990e+02 1.842403e+01 3.790205e+01
      vertex   3.100990e+02 1.782716e+01 3.861824e+01
      vertex   3.100251e+02 1.799354e+01 3.874859e+01
    endloop
  endfacet
  facet normal -9.438363e-01 -2.661318e-01 -1.958235e-01
    outer loop
      vertex   3.100251e+02 1.799354e+01 3.874859e+01
      vertex   3.100990e+02 1.782716e+01 3.861824e+01
      vertex   3.100251e+02 1.744857e+01 3.948923e+01
    endloop
  endfacet
  facet normal -1.119140e-01 -5.889390e-01 -8.003912e-01
    outer loop
      vertex   3.110000e+02 2.088742e+01 3.496886e+01
      vertex   3.110000e+02 2.010895e+01 3.554167e+01
      vertex   3.107775e+02 2.012442e+01 3.556141e+01
    endloop
  endfacet
  facet normal -1.119140e-01 -6.361910e-01 -7.633717e-01
    outer loop
      vertex   3.107775e+02 2.012442e+01 3.556141e+01
      vertex   3.110000e+02 2.010895e+01 3.554167e+01
      vertex   3.107775e+02 1.938312e+01 3.617920e+01
    endloop
  endfacet
  facet normal -3.301448e-01 -6.043163e-01 -7.251250e-01
    outer loop
      vertex   3.107775e+02 2.012442e+01 3.556141e+01
      vertex   3.107775e+02 1.938312e+01 3.617920e+01
      vertex   3.105661e+02 1.943216e+01 3.623456e+01
    endloop
  endfacet
  facet normal -3.301448e-01 -6.469957e-01 -6.873143e-01
    outer loop
      vertex   3.105661e+02 1.943216e+01 3.623456e+01
      vertex   3.107775e+02 1.938312e+01 3.617920e+01
      vertex   3.105661e+02 1.873277e+01 3.689292e+01
    endloop
  endfacet
  facet normal -5.318580e-01 -5.804429e-01 -6.166142e-01
    outer loop
      vertex   3.105661e+02 1.943216e+01 3.623456e+01
      vertex   3.105661e+02 1.873277e+01 3.689292e+01
      vertex   3.103765e+02 1.881702e+01 3.697716e+01
    endloop
  endfacet
  facet normal -5.318580e-01 -6.166142e-01 -5.804429e-01
    outer loop
      vertex   3.103765e+02 1.881702e+01 3.697716e+01
      vertex   3.105661e+02 1.873277e+01 3.689292e+01
      vertex   3.103765e+02 1.816359e+01 3.767131e+01
    endloop
  endfacet
  facet normal -7.069454e-01 -5.149909e-01 -4.847809e-01
    outer loop
      vertex   3.103765e+02 1.881702e+01 3.697716e+01
      vertex   3.103765e+02 1.816359e+01 3.767131e+01
      vertex   3.102182e+02 1.828211e+01 3.777631e+01
    endloop
  endfacet
  facet normal -7.069454e-01 -5.433216e-01 -4.528021e-01
    outer loop
      vertex   3.102182e+02 1.828211e+01 3.777631e+01
      vertex   3.103765e+02 1.816359e+01 3.767131e+01
      vertex   3.102182e+02 1.767790e+01 3.850130e+01
    endloop
  endfacet
  facet normal -8.466148e-01 -4.088395e-01 -3.407252e-01
    outer loop
      vertex   3.102182e+02 1.828211e+01 3.777631e+01
      vertex   3.102182e+02 1.767790e+01 3.850130e+01
      vertex   3.100990e+02 1.782716e+01 3.861824e+01
    endloop
  endfacet
  facet normal -8.466148e-01 -4.286660e-01 -3.154185e-01
    outer loop
      vertex   3.100990e+02 1.782716e+01 3.861824e+01
      vertex   3.102182e+02 1.767790e+01 3.850130e+01
      vertex   3.100990e+02 1.727462e+01 3.936916e+01
    endloop
  endfacet
  facet normal -9.438363e-01 -2.661318e-01 -1.958235e-01
    outer loop
      vertex   3.100990e+02 1.782716e+01 3.861824e+01
      vertex   3.100990e+02 1.727462e+01 3.936916e+01
      vertex   3.100251e+02 1.744857e+01 3.948923e+01
    endloop
  endfacet
  facet normal -9.438363e-01 -2.774698e-01 -1.793976e-01
    outer loop
      vertex   3.100251e+02 1.744857e+01 3.948923e+01
      vertex   3.100990e+02 1.727462e+01 3.936916e+01
      vertex   3.100251e+02 1.694931e+01 4.026142e+01
    endloop
  endfacet
  facet normal -1.119140e-01 -6.361910e-01 -7.633717e-01
    outer loop
      vertex   3.110000e+02 2.010895e+01 3.554167e+01
      vertex   3.110000e+02 1.936649e+01 3.616043e+01
      vertex   3.107775e+02 1.938312e+01 3.617920e+01
    endloop
  endfacet
  facet normal -1.119140e-01 -6.811215e-01 -7.235667e-01
    outer loop
      vertex   3.107775e+02 1.938312e+01 3.617920e+01
      vertex   3.110000e+02 1.936649e+01 3.616043e+01
      vertex   3.107775e+02 1.868048e+01 3.684062e+01
    endloop
  endfacet
  facet normal -3.301448e-01 -6.469957e-01 -6.873143e-01
    outer loop
      vertex   3.107775e+02 1.938312e+01 3.617920e+01
      vertex   3.107775e+02 1.868048e+01 3.684062e+01
      vertex   3.105661e+02 1.873277e+01 3.689292e+01
    endloop
  endfacet
  facet normal -3.301448e-01 -6.873143e-01 -6.469957e-01
    outer loop
      vertex   3.105661e+02 1.873277e+01 3.689292e+01
      vertex   3.107775e+02 1.868048e+01 3.684062e+01
      vertex   3.105661e+02 1.807441e+01 3.759231e+01
    endloop
  endfacet
  facet normal -5.318580e-01 -6.166142e-01 -5.804429e-01
    outer loop
      vertex   3.105661e+02 1.873277e+01 3.689292e+01
      vertex   3.105661e+02 1.807441e+01 3.759231e+01
      vertex   3.103765e+02 1.816359e+01 3.767131e+01
    endloop
  endfacet
  facet normal -5.318580e-01 -6.505355e-01 -5.421537e-01
    outer loop
      vertex   3.103765e+02 1.816359e+01 3.767131e+01
      vertex   3.105661e+02 1.807441e+01 3.759231e+01
      vertex   3.103765e+02 1.755326e+01 3.840365e+01
    endloop
  endfacet
  facet normal -7.069454e-01 -5.433216e-01 -4.528021e-01
    outer loop
      vertex   3.103765e+02 1.816359e+01 3.767131e+01
      vertex   3.103765e+02 1.755326e+01 3.840365e+01
      vertex   3.102182e+02 1.767790e+01 3.850130e+01
    endloop
  endfacet
  facet normal -7.069454e-01 -5.696699e-01 -4.191711e-01
    outer loop
      vertex   3.102182e+02 1.767790e+01 3.850130e+01
      vertex   3.103765e+02 1.755326e+01 3.840365e+01
      vertex   3.102182e+02 1.711858e+01 3.926145e+01
    endloop
  endfacet
  facet normal -8.466148e-01 -4.286660e-01 -3.154185e-01
    outer loop
      vertex   3.102182e+02 1.767790e+01 3.850130e+01
      vertex   3.102182e+02 1.711858e+01 3.926145e+01
      vertex   3.100990e+02 1.727462e+01 3.936916e+01
    endloop
  endfacet
  facet normal -8.466148e-01 -4.469285e-01 -2.889608e-01
    outer loop
      vertex   3.100990e+02 1.727462e+01 3.936916e+01
      vertex   3.102182e+02 1.711858e+01 3.926145e+01
      vertex   3.100990e+02 1.676843e+01 4.015207e+01
    endloop
  endfacet
  facet normal -9.438363e-01 -2.774698e-01 -1.793976e-01
    outer loop
      vertex   3.100990e+02 1.727462e+01 3.936916e+01
      vertex   3.100990e+02 1.676843e+01 4.015207e+01
      vertex   3.100251e+02 1.694931e+01 4.026142e+01
    endloop
  endfacet
  facet normal -9.438363e-01 -2.877953e-01 -1.623171e-01
    outer loop
      vertex   3.100251e+02 1.694931e+01 4.026142e+01
      vertex   3.100990e+02 1.676843e+01 4.015207e+01
      vertex   3.100251e+02 1.649758e+01 4.106235e+01
    endloop
  endfacet
  facet normal -1.119140e-01 -6.811215e-01 -7.235667e-01
    outer loop
      vertex   3.110000e+02 1.936649e+01 3.616043e+01
      vertex   3.110000e+02 1.866275e+01 3.682290e+01
      vertex   3.107775e+02 1.868048e+01 3.684062e+01
    endloop
  endfacet
  facet normal -1.119140e-01 -7.235667e-01 -6.811215e-01
    outer loop
      vertex   3.107775e+02 1.868048e+01 3.684062e+01
      vertex   3.110000e+02 1.866275e+01 3.682290e+01
      vertex   3.107775e+02 1.801905e+01 3.754327e+01
    endloop
  endfacet
  facet normal -3.301448e-01 -6.873143e-01 -6.469957e-01
    outer loop
      vertex   3.107775e+02 1.868048e+01 3.684062e+01
      vertex   3.107775e+02 1.801905e+01 3.754327e+01
      vertex   3.105661e+02 1.807441e+01 3.759231e+01
    endloop
  endfacet
  facet normal -3.301448e-01 -7.251250e-01 -6.043163e-01
    outer loop
      vertex   3.105661e+02 1.807441e+01 3.759231e+01
      vertex   3.107775e+02 1.801905e+01 3.754327e+01
      vertex   3.105661e+02 1.745948e+01 3.833018e+01
    endloop
  endfacet
  facet normal -5.318580e-01 -6.505355e-01 -5.421537e-01
    outer loop
      vertex   3.105661e+02 1.807441e+01 3.759231e+01
      vertex   3.105661e+02 1.745948e+01 3.833018e+01
      vertex   3.103765e+02 1.755326e+01 3.840365e+01
    endloop
  endfacet
  facet normal -5.318580e-01 -6.820830e-01 -5.018862e-01
    outer loop
      vertex   3.103765e+02 1.755326e+01 3.840365e+01
      vertex   3.105661e+02 1.745948e+01 3.833018e+01
      vertex   3.103765e+02 1.698826e+01 3.917150e+01
    endloop
  endfacet
  facet normal -7.069454e-01 -5.696699e-01 -4.191711e-01
    outer loop
      vertex   3.103765e+02 1.755326e+01 3.840365e+01
      vertex   3.103765e+02 1.698826e+01 3.917150e+01
      vertex   3.102182e+02 1.711858e+01 3.926145e+01
    endloop
  endfacet
  facet normal -7.069454e-01 -5.939395e-01 -3.840105e-01
    outer loop
      vertex   3.102182e+02 1.711858e+01 3.926145e+01
      vertex   3.103765e+02 1.698826e+01 3.917150e+01
      vertex   3.102182e+02 1.660617e+01 4.005398e+01
    endloop
  endfacet
  facet normal -8.466148e-01 -4.469285e-01 -2.889608e-01
    outer loop
      vertex   3.102182e+02 1.711858e+01 3.926145e+01
      vertex   3.102182e+02 1.660617e+01 4.005398e+01
      vertex   3.100990e+02 1.676843e+01 4.015207e+01
    endloop
  endfacet
  facet normal -8.466148e-01 -4.635601e-01 -2.614487e-01
    outer loop
      vertex   3.100990e+02 1.676843e+01 4.015207e+01
      vertex   3.102182e+02 1.660617e+01 4.005398e+01
      vertex   3.100990e+02 1.631043e+01 4.096412e+01
    endloop
  endfacet
  facet normal -9.438363e-01 -2.877953e-01 -1.623171e-01
    outer loop
      vertex   3.100990e+02 1.676843e+01 4.015207e+01
      vertex   3.100990e+02 1.631043e+01 4.096412e+01
      vertex   3.100251e+02 1.649758e+01 4.106235e+01
    endloop
  endfacet
  facet normal -9.438363e-01 -2.970707e-01 -1.446443e-01
    outer loop
      vertex   3.100251e+02 1.649758e+01 4.106235e+01
      vertex   3.100990e+02 1.631043e+01 4.096412e+01
      vertex   3.100251e+02 1.609504e+01 4.188909e+01
    endloop
  endfacet
  facet normal -1.119140e-01 -7.235667e-01 -6.811215e-01
    outer loop
      vertex   3.110000e+02 1.866275e+01 3.682290e+01
      vertex   3.110000e+02 1.800028e+01 3.752664e+01
      vertex   3.107775e+02 1.801905e+01 3.754327e+01
    endloop
  endfacet
  facet normal -1.119140e-01 -7.633717e-01 -6.361910e-01
    outer loop
      vertex   3.107775e+02 1.801905e+01 3.754327e+01
      vertex   3.110000e+02 1.800028e+01 3.752664e+01
      vertex   3.107775e+02 1.740126e+01 3.828457e+01
    endloop
  endfacet
  facet normal -3.301448e-01 -7.251250e-01 -6.043163e-01
    outer loop
      vertex   3.107775e+02 1.801905e+01 3.754327e+01
      vertex   3.107775e+02 1.740126e+01 3.828457e+01
      vertex   3.105661e+02 1.745948e+01 3.833018e+01
    endloop
  endfacet
  facet normal -3.301448e-01 -7.602897e-01 -5.594318e-01
    outer loop
      vertex   3.105661e+02 1.745948e+01 3.833018e+01
      vertex   3.107775e+02 1.740126e+01 3.828457e+01
      vertex   3.105661e+02 1.689022e+01 3.910382e+01
    endloop
  endfacet
  facet normal -5.318580e-01 -6.820830e-01 -5.018862e-01
    outer loop
      vertex   3.105661e+02 1.745948e+01 3.833018e+01
      vertex   3.105661e+02 1.689022e+01 3.910382e+01
      vertex   3.103765e+02 1.698826e+01 3.917150e+01
    endloop
  endfacet
  facet normal -5.318580e-01 -7.111417e-01 -4.597874e-01
    outer loop
      vertex   3.103765e+02 1.698826e+01 3.917150e+01
      vertex   3.105661e+02 1.689022e+01 3.910382e+01
      vertex   3.103765e+02 1.647066e+01 3.997207e+01
    endloop
  endfacet
  facet normal -7.069454e-01 -5.939395e-01 -3.840105e-01
    outer loop
      vertex   3.103765e+02 1.698826e+01 3.917150e+01
      vertex   3.103765e+02 1.647066e+01 3.997207e+01
      vertex   3.102182e+02 1.660617e+01 4.005398e+01
    endloop
  endfacet
  facet normal -7.069454e-01 -6.160418e-01 -3.474487e-01
    outer loop
      vertex   3.102182e+02 1.660617e+01 4.005398e+01
      vertex   3.103765e+02 1.647066e+01 3.997207e+01
      vertex   3.102182e+02 1.614254e+01 4.087601e+01
    endloop
  endfacet
  facet normal -8.466148e-01 -4.635601e-01 -2.614487e-01
    outer loop
      vertex   3.102182e+02 1.660617e+01 4.005398e+01
      vertex   3.102182e+02 1.614254e+01 4.087601e+01
      vertex   3.100990e+02 1.631043e+01 4.096412e+01
    endloop
  endfacet
  facet normal -8.466148e-01 -4.785002e-01 -2.329827e-01
    outer loop
      vertex   3.100990e+02 1.631043e+01 4.096412e+01
      vertex   3.102182e+02 1.614254e+01 4.087601e+01
      vertex   3.100990e+02 1.590230e+01 4.180234e+01
    endloop
  endfacet
  facet normal -9.438363e-01 -2.970707e-01 -1.446443e-01
    outer loop
      vertex   3.100990e+02 1.631043e+01 4.096412e+01
      vertex   3.100990e+02 1.590230e+01 4.180234e+01
      vertex   3.100251e+02 1.609504e+01 4.188909e+01
    endloop
  endfacet
  facet normal -9.438363e-01 -3.052621e-01 -1.264437e-01
    outer loop
      vertex   3.100251e+02 1.609504e+01 4.188909e+01
      vertex   3.100990e+02 1.590230e+01 4.180234e+01
      vertex   3.100251e+02 1.574315e+01 4.273862e+01
    endloop
  endfacet
  facet normal -1.119140e-01 -7.633717e-01 -6.361910e-01
    outer loop
      vertex   3.110000e+02 1.800028e+01 3.752664e+01
      vertex   3.110000e+02 1.738152e+01 3.826910e+01
      vertex   3.107775e+02 1.740126e+01 3.828457e+01
    endloop
  endfacet
  facet normal -1.119140e-01 -8.003912e-01 -5.889390e-01
    outer loop
      vertex   3.107775e+02 1.740126e+01 3.828457e+01
      vertex   3.110000e+02 1.738152e+01 3.826910e+01
      vertex   3.107775e+02 1.682935e+01 3.906181e+01
    endloop
  endfacet
  facet normal -3.301448e-01 -7.602897e-01 -5.594318e-01
    outer loop
      vertex   3.107775e+02 1.740126e+01 3.828457e+01
      vertex   3.107775e+02 1.682935e+01 3.906181e+01
      vertex   3.105661e+02 1.689022e+01 3.910382e+01
    endloop
  endfacet
  facet normal -3.301448e-01 -7.926803e-01 -5.125060e-01
    outer loop
      vertex   3.105661e+02 1.689022e+01 3.910382e+01
      vertex   3.107775e+02 1.682935e+01 3.906181e+01
      vertex   3.105661e+02 1.636870e+01 3.991043e+01
    endloop
  endfacet
  facet normal -5.318580e-01 -7.111417e-01 -4.597874e-01
    outer loop
      vertex   3.105661e+02 1.689022e+01 3.910382e+01
      vertex   3.105661e+02 1.636870e+01 3.991043e+01
      vertex   3.103765e+02 1.647066e+01 3.997207e+01
    endloop
  endfacet
  facet normal -5.318580e-01 -7.376056e-01 -4.160109e-01
    outer loop
      vertex   3.103765e+02 1.647066e+01 3.997207e+01
      vertex   3.105661e+02 1.636870e+01 3.991043e+01
      vertex   3.103765e+02 1.600234e+01 4.080242e+01
    endloop
  endfacet
  facet normal -7.069454e-01 -6.160418e-01 -3.474487e-01
    outer loop
      vertex   3.103765e+02 1.647066e+01 3.997207e+01
      vertex   3.103765e+02 1.600234e+01 4.080242e+01
      vertex   3.102182e+02 1.614254e+01 4.087601e+01
    endloop
  endfacet
  facet normal -7.069454e-01 -6.358963e-01 -3.096191e-01
    outer loop
      vertex   3.102182e+02 1.614254e+01 4.087601e+01
      vertex   3.103765e+02 1.600234e+01 4.080242e+01
      vertex   3.102182e+02 1.572940e+01 4.172452e+01
    endloop
  endfacet
  facet normal -8.466148e-01 -4.785002e-01 -2.329827e-01
    outer loop
      vertex   3.102182e+02 1.614254e+01 4.087601e+01
      vertex   3.102182e+02 1.572940e+01 4.172452e+01
      vertex   3.100990e+02 1.590230e+01 4.180234e+01
    endloop
  endfacet
  facet normal -8.466148e-01 -4.916944e-01 -2.036665e-01
    outer loop
      vertex   3.100990e+02 1.590230e+01 4.180234e+01
      vertex   3.102182e+02 1.572940e+01 4.172452e+01
      vertex   3.100990e+02 1.554552e+01 4.266367e+01
    endloop
  endfacet
  facet normal -9.438363e-01 -3.052621e-01 -1.264437e-01
    outer loop
      vertex   3.100990e+02 1.590230e+01 4.180234e+01
      vertex   3.100990e+02 1.554552e+01 4.266367e+01
      vertex   3.100251e+02 1.574315e+01 4.273862e+01
    endloop
  endfacet
  facet normal -9.438363e-01 -3.123397e-01 -1.077818e-01
    outer loop
      vertex   3.100251e+02 1.574315e+01 4.273862e+01
      vertex   3.100990e+02 1.554552e+01 4.266367e+01
      vertex   3.100251e+02 1.544320e+01 4.360786e+01
    endloop
  endfacet
  facet normal -1.119140e-01 -8.003912e-01 -5.889390e-01
    outer loop
      vertex   3.110000e+02 1.738152e+01 3.826910e+01
      vertex   3.110000e+02 1.680871e+01 3.904757e+01
      vertex   3.107775e+02 1.682935e+01 3.906181e+01
    endloop
  endfacet
  facet normal -1.119140e-01 -8.344902e-01 -5.395381e-01
    outer loop
      vertex   3.107775e+02 1.682935e+01 3.906181e+01
      vertex   3.110000e+02 1.680871e+01 3.904757e+01
      vertex   3.107775e+02 1.630541e+01 3.987217e+01
    endloop
  endfacet
  facet normal -3.301448e-01 -7.926803e-01 -5.125060e-01
    outer loop
      vertex   3.107775e+02 1.682935e+01 3.906181e+01
      vertex   3.107775e+02 1.630541e+01 3.987217e+01
      vertex   3.105661e+02 1.636870e+01 3.991043e+01
    endloop
  endfacet
  facet normal -3.301448e-01 -8.221784e-01 -4.637101e-01
    outer loop
      vertex   3.105661e+02 1.636870e+01 3.991043e+01
      vertex   3.107775e+02 1.630541e+01 3.987217e+01
      vertex   3.105661e+02 1.589685e+01 4.074706e+01
    endloop
  endfacet
  facet normal -5.318580e-01 -7.376056e-01 -4.160109e-01
    outer loop
      vertex   3.105661e+02 1.636870e+01 3.991043e+01
      vertex   3.105661e+02 1.589685e+01 4.074706e+01
      vertex   3.103765e+02 1.600234e+01 4.080242e+01
    endloop
  endfacet
  facet normal -5.318580e-01 -7.613780e-01 -3.707164e-01
    outer loop
      vertex   3.103765e+02 1.600234e+01 4.080242e+01
      vertex   3.105661e+02 1.589685e+01 4.074706e+01
      vertex   3.103765e+02 1.558501e+01 4.165954e+01
    endloop
  endfacet
  facet normal -7.069454e-01 -6.358963e-01 -3.096191e-01
    outer loop
      vertex   3.103765e+02 1.600234e+01 4.080242e+01
      vertex   3.103765e+02 1.558501e+01 4.165954e+01
      vertex   3.102182e+02 1.572940e+01 4.172452e+01
    endloop
  endfacet
  facet normal -7.069454e-01 -6.534305e-01 -2.706598e-01
    outer loop
      vertex   3.102182e+02 1.572940e+01 4.172452e+01
      vertex   3.103765e+02 1.558501e+01 4.165954e+01
      vertex   3.102182e+02 1.536824e+01 4.259644e+01
    endloop
  endfacet
  facet normal -8.466148e-01 -4.916944e-01 -2.036665e-01
    outer loop
      vertex   3.102182e+02 1.572940e+01 4.172452e+01
      vertex   3.102182e+02 1.536824e+01 4.259644e+01
      vertex   3.100990e+02 1.554552e+01 4.266367e+01
    endloop
  endfacet
  facet normal -8.466148e-01 -5.030944e-01 -1.736071e-01
    outer loop
      vertex   3.100990e+02 1.554552e+01 4.266367e+01
      vertex   3.102182e+02 1.536824e+01 4.259644e+01
      vertex   3.100990e+02 1.524141e+01 4.354498e+01
    endloop
  endfacet
  facet normal -9.438363e-01 -3.123397e-01 -1.077818e-01
    outer loop
      vertex   3.100990e+02 1.554552e+01 4.266367e+01
      vertex   3.100990e+02 1.524141e+01 4.354498e+01
      vertex   3.100251e+02 1.544320e+01 4.360786e+01
    endloop
  endfacet
  facet normal -9.438363e-01 -3.182775e-01 -8.872652e-02
    outer loop
      vertex   3.100251e+02 1.544320e+01 4.360786e+01
      vertex   3.100990e+02 1.524141e+01 4.354498e+01
      vertex   3.100251e+02 1.519627e+01 4.449362e+01
    endloop
  endfacet
  facet normal -1.119140e-01 -8.344902e-01 -5.395381e-01
    outer loop
      vertex   3.110000e+02 1.680871e+01 3.904757e+01
      vertex   3.110000e+02 1.628396e+01 3.985920e+01
      vertex   3.107775e+02 1.630541e+01 3.987217e+01
    endloop
  endfacet
  facet normal -1.119140e-01 -8.655442e-01 -4.881685e-01
    outer loop
      vertex   3.107775e+02 1.630541e+01 3.987217e+01
      vertex   3.110000e+02 1.628396e+01 3.985920e+01
      vertex   3.107775e+02 1.583136e+01 4.071269e+01
    endloop
  endfacet
  facet normal -3.301448e-01 -8.221784e-01 -4.637101e-01
    outer loop
      vertex   3.107775e+02 1.630541e+01 3.987217e+01
      vertex   3.107775e+02 1.583136e+01 4.071269e+01
      vertex   3.105661e+02 1.589685e+01 4.074706e+01
    endloop
  endfacet
  facet normal -3.301448e-01 -8.486765e-01 -4.132222e-01
    outer loop
      vertex   3.105661e+02 1.589685e+01 4.074706e+01
      vertex   3.107775e+02 1.583136e+01 4.071269e+01
      vertex   3.105661e+02 1.547637e+01 4.161064e+01
    endloop
  endfacet
  facet normal -5.318580e-01 -7.613780e-01 -3.707164e-01
    outer loop
      vertex   3.105661e+02 1.589685e+01 4.074706e+01
      vertex   3.105661e+02 1.547637e+01 4.161064e+01
      vertex   3.103765e+02 1.558501e+01 4.165954e+01
    endloop
  endfacet
  facet normal -5.318580e-01 -7.823722e-01 -3.240692e-01
    outer loop
      vertex   3.103765e+02 1.558501e+01 4.165954e+01
      vertex   3.105661e+02 1.547637e+01 4.161064e+01
      vertex   3.103765e+02 1.522019e+01 4.254029e+01
    endloop
  endfacet
  facet normal -7.069454e-01 -6.534305e-01 -2.706598e-01
    outer loop
      vertex   3.103765e+02 1.558501e+01 4.165954e+01
      vertex   3.103765e+02 1.522019e+01 4.254029e+01
      vertex   3.102182e+02 1.536824e+01 4.259644e+01
    endloop
  endfacet
  facet normal -7.069454e-01 -6.685804e-01 -2.307128e-01
    outer loop
      vertex   3.102182e+02 1.536824e+01 4.259644e+01
      vertex   3.103765e+02 1.522019e+01 4.254029e+01
      vertex   3.102182e+02 1.506038e+01 4.348857e+01
    endloop
  endfacet
  facet normal -8.466148e-01 -5.030944e-01 -1.736071e-01
    outer loop
      vertex   3.102182e+02 1.536824e+01 4.259644e+01
      vertex   3.102182e+02 1.506038e+01 4.348857e+01
      vertex   3.100990e+02 1.524141e+01 4.354498e+01
    endloop
  endfacet
  facet normal -8.466148e-01 -5.126586e-01 -1.429143e-01
    outer loop
      vertex   3.100990e+02 1.524141e+01 4.354498e+01
      vertex   3.102182e+02 1.506038e+01 4.348857e+01
      vertex   3.100990e+02 1.499105e+01 4.444303e+01
    endloop
  endfacet
  facet normal -9.438363e-01 -3.182775e-01 -8.872652e-02
    outer loop
      vertex   3.100990e+02 1.524141e+01 4.354498e+01
      vertex   3.100990e+02 1.499105e+01 4.444303e+01
      vertex   3.100251e+02 1.519627e+01 4.449362e+01
    endloop
  endfacet
  facet normal -9.438363e-01 -3.230540e-01 -6.934752e-02
    outer loop
      vertex   3.100251e+02 1.519627e+01 4.449362e+01
      vertex   3.100990e+02 1.499105e+01 4.444303e+01
      vertex   3.100251e+02 1.500328e+01 4.539267e+01
    endloop
  endfacet
  facet normal -1.119140e-01 -8.655442e-01 -4.881685e-01
    outer loop
      vertex   3.110000e+02 1.628396e+01 3.985920e+01
      vertex   3.110000e+02 1.580916e+01 4.070103e+01
      vertex   3.107775e+02 1.583136e+01 4.071269e+01
    endloop
  endfacet
  facet normal -1.119140e-01 -8.934399e-01 -4.350176e-01
    outer loop
      vertex   3.107775e+02 1.583136e+01 4.071269e+01
      vertex   3.110000e+02 1.580916e+01 4.070103e+01
      vertex   3.107775e+02 1.540892e+01 4.158029e+01
    endloop
  endfacet
  facet normal -3.301448e-01 -8.486765e-01 -4.132222e-01
    outer loop
      vertex   3.107775e+02 1.583136e+01 4.071269e+01
      vertex   3.107775e+02 1.540892e+01 4.158029e+01
      vertex   3.105661e+02 1.547637e+01 4.161064e+01
    endloop
  endfacet
  facet normal -3.301448e-01 -8.720779e-01 -3.612265e-01
    outer loop
      vertex   3.105661e+02 1.547637e+01 4.161064e+01
      vertex   3.107775e+02 1.540892e+01 4.158029e+01
      vertex   3.105661e+02 1.510879e+01 4.249804e+01
    endloop
  endfacet
  facet normal -5.318580e-01 -7.823722e-01 -3.240692e-01
    outer loop
      vertex   3.105661e+02 1.547637e+01 4.161064e+01
      vertex   3.105661e+02 1.510879e+01 4.249804e+01
      vertex   3.103765e+02 1.522019e+01 4.254029e+01
    endloop
  endfacet
  facet normal -5.318580e-01 -8.005116e-01 -2.762395e-01
    outer loop
      vertex   3.103765e+02 1.522019e+01 4.254029e+01
      vertex   3.105661e+02 1.510879e+01 4.249804e+01
      vertex   3.103765e+02 1.490921e+01 4.344146e+01
    endloop
  endfacet
  facet normal -7.069454e-01 -6.685804e-01 -2.307128e-01
    outer loop
      vertex   3.103765e+02 1.522019e+01 4.254029e+01
      vertex   3.103765e+02 1.490921e+01 4.344146e+01
      vertex   3.102182e+02 1.506038e+01 4.348857e+01
    endloop
  endfacet
  facet normal -7.069454e-01 -6.812907e-01 -1.899240e-01
    outer loop
      vertex   3.102182e+02 1.506038e+01 4.348857e+01
      vertex   3.103765e+02 1.490921e+01 4.344146e+01
      vertex   3.102182e+02 1.480696e+01 4.439766e+01
    endloop
  endfacet
  facet normal -8.466148e-01 -5.126586e-01 -1.429143e-01
    outer loop
      vertex   3.102182e+02 1.506038e+01 4.348857e+01
      vertex   3.102182e+02 1.480696e+01 4.439766e+01
      vertex   3.100990e+02 1.499105e+01 4.444303e+01
    endloop
  endfacet
  facet normal -8.466148e-01 -5.203523e-01 -1.117000e-01
    outer loop
      vertex   3.100990e+02 1.499105e+01 4.444303e+01
      vertex   3.102182e+02 1.480696e+01 4.439766e+01
      vertex   3.100990e+02 1.479538e+01 4.535457e+01
    endloop
  endfacet
  facet normal -9.438363e-01 -3.230540e-01 -6.934752e-02
    outer loop
      vertex   3.100990e+02 1.499105e+01 4.444303e+01
      vertex   3.100990e+02 1.479538e+01 4.535457e+01
      vertex   3.100251e+02 1.500328e+01 4.539267e+01
    endloop
  endfacet
  facet normal -9.438363e-01 -3.266517e-01 -4.971548e-02
    outer loop
      vertex   3.100251e+02 1.500328e+01 4.539267e+01
      vertex   3.100990e+02 1.479538e+01 4.535457e+01
      vertex   3.100251e+02 1.486492e+01 4.630173e+01
    endloop
  endfacet
  facet normal -1.119140e-01 -8.934399e-01 -4.350176e-01
    outer loop
      vertex   3.110000e+02 1.580916e+01 4.070103e+01
      vertex   3.110000e+02 1.538606e+01 4.157000e+01
      vertex   3.107775e+02 1.540892e+01 4.158029e+01
    endloop
  endfacet
  facet normal -1.119140e-01 -9.180756e-01 -3.802794e-01
    outer loop
      vertex   3.107775e+02 1.540892e+01 4.158029e+01
      vertex   3.110000e+02 1.538606e+01 4.157000e+01
      vertex   3.107775e+02 1.503964e+01 4.247182e+01
    endloop
  endfacet
  facet normal -3.301448e-01 -8.720779e-01 -3.612265e-01
    outer loop
      vertex   3.107775e+02 1.540892e+01 4.158029e+01
      vertex   3.107775e+02 1.503964e+01 4.247182e+01
      vertex   3.105661e+02 1.510879e+01 4.249804e+01
    endloop
  endfacet
  facet normal -3.301448e-01 -8.922971e-01 -3.079127e-01
    outer loop
      vertex   3.105661e+02 1.510879e+01 4.249804e+01
      vertex   3.107775e+02 1.503964e+01 4.247182e+01
      vertex   3.105661e+02 1.479547e+01 4.340602e+01
    endloop
  endfacet
  facet normal -5.318580e-01 -8.005116e-01 -2.762395e-01
    outer loop
      vertex   3.105661e+02 1.510879e+01 4.249804e+01
      vertex   3.105661e+02 1.479547e+01 4.340602e+01
      vertex   3.103765e+02 1.490921e+01 4.344146e+01
    endloop
  endfacet
  facet normal -5.318580e-01 -8.157300e-01 -2.274018e-01
    outer loop
      vertex   3.103765e+02 1.490921e+01 4.344146e+01
      vertex   3.105661e+02 1.479547e+01 4.340602e+01
      vertex   3.103765e+02 1.465322e+01 4.435977e+01
    endloop
  endfacet
  facet normal -7.069454e-01 -6.812907e-01 -1.899240e-01
    outer loop
      vertex   3.103765e+02 1.490921e+01 4.344146e+01
      vertex   3.103765e+02 1.465322e+01 4.435977e+01
      vertex   3.102182e+02 1.480696e+01 4.439766e+01
    endloop
  endfacet
  facet normal -7.069454e-01 -6.915151e-01 -1.484422e-01
    outer loop
      vertex   3.102182e+02 1.480696e+01 4.439766e+01
      vertex   3.103765e+02 1.465322e+01 4.435977e+01
      vertex   3.102182e+02 1.460888e+01 4.532039e+01
    endloop
  endfacet
  facet normal -8.466148e-01 -5.203523e-01 -1.117000e-01
    outer loop
      vertex   3.102182e+02 1.480696e+01 4.439766e+01
      vertex   3.102182e+02 1.460888e+01 4.532039e+01
      vertex   3.100990e+02 1.479538e+01 4.535457e+01
    endloop
  endfacet
  facet normal -8.466148e-01 -5.261472e-01 -8.007813e-02
    outer loop
      vertex   3.100990e+02 1.479538e+01 4.535457e+01
      vertex   3.102182e+02 1.460888e+01 4.532039e+01
      vertex   3.100990e+02 1.465510e+01 4.627626e+01
    endloop
  endfacet
  facet normal -9.438363e-01 -3.266517e-01 -4.971548e-02
    outer loop
      vertex   3.100990e+02 1.479538e+01 4.535457e+01
      vertex   3.100990e+02 1.465510e+01 4.627626e+01
      vertex   3.100251e+02 1.486492e+01 4.630173e+01
    endloop
  endfacet
  facet normal -9.438363e-01 -3.290575e-01 -2.990204e-02
    outer loop
      vertex   3.100251e+02 1.486492e+01 4.630173e+01
      vertex   3.100990e+02 1.465510e+01 4.627626e+01
      vertex   3.100251e+02 1.478171e+01 4.721749e+01
    endloop
  endfacet
  facet normal -1.119140e-01 -9.180756e-01 -3.802794e-01
    outer loop
      vertex   3.110000e+02 1.538606e+01 4.157000e+01
      vertex   3.110000e+02 1.501620e+01 4.246293e+01
      vertex   3.107775e+02 1.503964e+01 4.247182e+01
    endloop
  endfacet
  facet normal -1.119140e-01 -9.393613e-01 -3.241535e-01
    outer loop
      vertex   3.107775e+02 1.503964e+01 4.247182e+01
      vertex   3.110000e+02 1.501620e+01 4.246293e+01
      vertex   3.107775e+02 1.472486e+01 4.338401e+01
    endloop
  endfacet
  facet normal -3.301448e-01 -8.922971e-01 -3.079127e-01
    outer loop
      vertex   3.107775e+02 1.503964e+01 4.247182e+01
      vertex   3.107775e+02 1.472486e+01 4.338401e+01
      vertex   3.105661e+02 1.479547e+01 4.340602e+01
    endloop
  endfacet
  facet normal -3.301448e-01 -9.092605e-01 -2.534754e-01
    outer loop
      vertex   3.105661e+02 1.479547e+01 4.340602e+01
      vertex   3.107775e+02 1.472486e+01 4.338401e+01
      vertex   3.105661e+02 1.453754e+01 4.433125e+01
    endloop
  endfacet
  facet normal -5.318580e-01 -8.157300e-01 -2.274018e-01
    outer loop
      vertex   3.105661e+02 1.479547e+01 4.340602e+01
      vertex   3.105661e+02 1.453754e+01 4.433125e+01
      vertex   3.103765e+02 1.465322e+01 4.435977e+01
    endloop
  endfacet
  facet normal -5.318580e-01 -8.279719e-01 -1.777344e-01
    outer loop
      vertex   3.103765e+02 1.465322e+01 4.435977e+01
      vertex   3.105661e+02 1.453754e+01 4.433125e+01
      vertex   3.103765e+02 1.445313e+01 4.529185e+01
    endloop
  endfacet
  facet normal -7.069454e-01 -6.915151e-01 -1.484422e-01
    outer loop
      vertex   3.103765e+02 1.465322e+01 4.435977e+01
      vertex   3.103765e+02 1.445313e+01 4.529185e+01
      vertex   3.102182e+02 1.460888e+01 4.532039e+01
    endloop
  endfacet
  facet normal -7.069454e-01 -6.992161e-01 -1.064187e-01
    outer loop
      vertex   3.102182e+02 1.460888e+01 4.532039e+01
      vertex   3.103765e+02 1.445313e+01 4.529185e+01
      vertex   3.102182e+02 1.446688e+01 4.625340e+01
    endloop
  endfacet
  facet normal -8.466148e-01 -5.261472e-01 -8.007813e-02
    outer loop
      vertex   3.102182e+02 1.460888e+01 4.532039e+01
      vertex   3.102182e+02 1.446688e+01 4.625340e+01
      vertex   3.100990e+02 1.465510e+01 4.627626e+01
    endloop
  endfacet
  facet normal -8.466148e-01 -5.300223e-01 -4.816406e-02
    outer loop
      vertex   3.100990e+02 1.465510e+01 4.627626e+01
      vertex   3.102182e+02 1.446688e+01 4.625340e+01
      vertex   3.100990e+02 1.457073e+01 4.720473e+01
    endloop
  endfacet
  facet normal -9.438363e-01 -3.290575e-01 -2.990204e-02
    outer loop
      vertex   3.100990e+02 1.465510e+01 4.627626e+01
      vertex   3.100990e+02 1.457073e+01 4.720473e+01
      vertex   3.100251e+02 1.478171e+01 4.721749e+01
    endloop
  endfacet
  facet normal -9.438363e-01 -3.302626e-01 -9.979484e-03
    outer loop
      vertex   3.100251e+02 1.478171e+01 4.721749e+01
      vertex   3.100990e+02 1.457073e+01 4.720473e+01
      vertex   3.100251e+02 1.475394e+01 4.813660e+01
    endloop
  endfacet
  facet normal -1.119140e-01 -9.393613e-01 -3.241535e-01
    outer loop
      vertex   3.110000e+02 1.501620e+01 4.246293e+01
      vertex   3.110000e+02 1.470092e+01 4.337656e+01
      vertex   3.107775e+02 1.472486e+01 4.338401e+01
    endloop
  endfacet
  facet normal -1.119140e-01 -9.572194e-01 -2.668449e-01
    outer loop
      vertex   3.107775e+02 1.472486e+01 4.338401e+01
      vertex   3.110000e+02 1.470092e+01 4.337656e+01
      vertex   3.107775e+02 1.446573e+01 4.431355e+01
    endloop
  endfacet
  facet normal -3.301448e-01 -9.092605e-01 -2.534754e-01
    outer loop
      vertex   3.107775e+02 1.472486e+01 4.338401e+01
      vertex   3.107775e+02 1.446573e+01 4.431355e+01
      vertex   3.105661e+02 1.453754e+01 4.433125e+01
    endloop
  endfacet
  facet normal -3.301448e-01 -9.229061e-01 -1.981131e-01
    outer loop
      vertex   3.105661e+02 1.453754e+01 4.433125e+01
      vertex   3.107775e+02 1.446573e+01 4.431355e+01
      vertex   3.105661e+02 1.433595e+01 4.527037e+01
    endloop
  endfacet
  facet normal -5.318580e-01 -8.279719e-01 -1.777344e-01
    outer loop
      vertex   3.105661e+02 1.453754e+01 4.433125e+01
      vertex   3.105661e+02 1.433595e+01 4.527037e+01
      vertex   3.103765e+02 1.445313e+01 4.529185e+01
    endloop
  endfacet
  facet normal -5.318580e-01 -8.371927e-01 -1.274184e-01
    outer loop
      vertex   3.103765e+02 1.445313e+01 4.529185e+01
      vertex   3.105661e+02 1.433595e+01 4.527037e+01
      vertex   3.103765e+02 1.430969e+01 4.623432e+01
    endloop
  endfacet
  facet normal -7.069454e-01 -6.992161e-01 -1.064187e-01
    outer loop
      vertex   3.103765e+02 1.445313e+01 4.529185e+01
      vertex   3.103765e+02 1.430969e+01 4.623432e+01
      vertex   3.102182e+02 1.446688e+01 4.625340e+01
    endloop
  endfacet
  facet normal -7.069454e-01 -7.043659e-01 -6.400697e-02
    outer loop
      vertex   3.102182e+02 1.446688e+01 4.625340e+01
      vertex   3.103765e+02 1.430969e+01 4.623432e+01
      vertex   3.102182e+02 1.438147e+01 4.719328e+01
    endloop
  endfacet
  facet normal -8.466148e-01 -5.300223e-01 -4.816406e-02
    outer loop
      vertex   3.102182e+02 1.446688e+01 4.625340e+01
      vertex   3.102182e+02 1.438147e+01 4.719328e+01
      vertex   3.100990e+02 1.457073e+01 4.720473e+01
    endloop
  endfacet
  facet normal -8.466148e-01 -5.319633e-01 -1.607424e-02
    outer loop
      vertex   3.100990e+02 1.457073e+01 4.720473e+01
      vertex   3.102182e+02 1.438147e+01 4.719328e+01
      vertex   3.100990e+02 1.454257e+01 4.813660e+01
    endloop
  endfacet
  facet normal -9.438363e-01 -3.302626e-01 -9.979484e-03
    outer loop
      vertex   3.100990e+02 1.457073e+01 4.720473e+01
      vertex   3.100990e+02 1.454257e+01 4.813660e+01
      vertex   3.100251e+02 1.475394e+01 4.813660e+01
    endloop
  endfacet
  facet normal -1.119140e-01 -9.572194e-01 -2.668449e-01
    outer loop
      vertex   3.110000e+02 1.470092e+01 4.337656e+01
      vertex   3.110000e+02 1.444139e+01 4.430755e+01
      vertex   3.107775e+02 1.446573e+01 4.431355e+01
    endloop
  endfacet
  facet normal -1.119140e-01 -9.715847e-01 -2.085626e-01
    outer loop
      vertex   3.107775e+02 1.446573e+01 4.431355e+01
      vertex   3.110000e+02 1.444139e+01 4.430755e+01
      vertex   3.107775e+02 1.426320e+01 4.525704e+01
    endloop
  endfacet
  facet normal -3.301448e-01 -9.229061e-01 -1.981131e-01
    outer loop
      vertex   3.107775e+02 1.446573e+01 4.431355e+01
      vertex   3.107775e+02 1.426320e+01 4.525704e+01
      vertex   3.105661e+02 1.433595e+01 4.527037e+01
    endloop
  endfacet
  facet normal -3.301448e-01 -9.331840e-01 -1.420280e-01
    outer loop
      vertex   3.105661e+02 1.433595e+01 4.527037e+01
      vertex   3.107775e+02 1.426320e+01 4.525704e+01
      vertex   3.105661e+02 1.419142e+01 4.621995e+01
    endloop
  endfacet
  facet normal -5.318580e-01 -8.371927e-01 -1.274184e-01
    outer loop
      vertex   3.105661e+02 1.433595e+01 4.527037e+01
      vertex   3.105661e+02 1.419142e+01 4.621995e+01
      vertex   3.103765e+02 1.430969e+01 4.623432e+01
    endloop
  endfacet
  facet normal -5.318580e-01 -8.433586e-01 -7.663748e-02
    outer loop
      vertex   3.103765e+02 1.430969e+01 4.623432e+01
      vertex   3.105661e+02 1.419142e+01 4.621995e+01
      vertex   3.103765e+02 1.422342e+01 4.718372e+01
    endloop
  endfacet
  facet normal -7.069454e-01 -7.043659e-01 -6.400697e-02
    outer loop
      vertex   3.103765e+02 1.430969e+01 4.623432e+01
      vertex   3.103765e+02 1.422342e+01 4.718372e+01
      vertex   3.102182e+02 1.438147e+01 4.719328e+01
    endloop
  endfacet
  facet normal -7.069454e-01 -7.069454e-01 -2.136164e-02
    outer loop
      vertex   3.102182e+02 1.438147e+01 4.719328e+01
      vertex   3.103765e+02 1.422342e+01 4.718372e+01
      vertex   3.102182e+02 1.435297e+01 4.813660e+01
    endloop
  endfacet
  facet normal -8.466148e-01 -5.319633e-01 -1.607424e-02
    outer loop
      vertex   3.102182e+02 1.438147e+01 4.719328e+01
      vertex   3.102182e+02 1.435297e+01 4.813660e+01
      vertex   3.100990e+02 1.454257e+01 4.813660e+01
    endloop
  endfacet
  facet normal -1.119140e-01 -9.715847e-01 -2.085626e-01
    outer loop
      vertex   3.110000e+02 1.444139e+01 4.430755e+01
      vertex   3.110000e+02 1.423854e+01 4.525252e+01
      vertex   3.107775e+02 1.426320e+01 4.525704e+01
    endloop
  endfacet
  facet normal -1.119140e-01 -9.824048e-01 -1.495193e-01
    outer loop
      vertex   3.107775e+02 1.426320e+01 4.525704e+01
      vertex   3.110000e+02 1.423854e+01 4.525252e+01
      vertex   3.107775e+02 1.411800e+01 4.621104e+01
    endloop
  endfacet
  facet normal -3.301448e-01 -9.331840e-01 -1.420280e-01
    outer loop
      vertex   3.107775e+02 1.426320e+01 4.525704e+01
      vertex   3.107775e+02 1.411800e+01 4.621104e+01
      vertex   3.105661e+02 1.419142e+01 4.621995e+01
    endloop
  endfacet
  facet normal -3.301448e-01 -9.400569e-01 -8.542463e-02
    outer loop
      vertex   3.105661e+02 1.419142e+01 4.621995e+01
      vertex   3.107775e+02 1.411800e+01 4.621104e+01
      vertex   3.105661e+02 1.410450e+01 4.717653e+01
    endloop
  endfacet
  facet normal -5.318580e-01 -8.433586e-01 -7.663748e-02
    outer loop
      vertex   3.105661e+02 1.419142e+01 4.621995e+01
      vertex   3.105661e+02 1.410450e+01 4.717653e+01
      vertex   3.103765e+02 1.422342e+01 4.718372e+01
    endloop
  endfacet
  facet normal -5.318580e-01 -8.464472e-01 -2.557694e-02
    outer loop
      vertex   3.103765e+02 1.422342e+01 4.718372e+01
      vertex   3.105661e+02 1.410450e+01 4.717653e+01
      vertex   3.103765e+02 1.419462e+01 4.813660e+01
    endloop
  endfacet
  facet normal -7.069454e-01 -7.069454e-01 -2.136164e-02
    outer loop
      vertex   3.103765e+02 1.422342e+01 4.718372e+01
      vertex   3.103765e+02 1.419462e+01 4.813660e+01
      vertex   3.102182e+02 1.435297e+01 4.813660e+01
    endloop
  endfacet
  facet normal -1.119140e-01 -9.824048e-01 -1.495193e-01
    outer loop
      vertex   3.110000e+02 1.423854e+01 4.525252e+01
      vertex   3.110000e+02 1.409311e+01 4.620802e+01
      vertex   3.107775e+02 1.411800e+01 4.621104e+01
    endloop
  endfacet
  facet normal -1.119140e-01 -9.896402e-01 -8.993035e-02
    outer loop
      vertex   3.107775e+02 1.411800e+01 4.621104e+01
      vertex   3.110000e+02 1.409311e+01 4.620802e+01
      vertex   3.107775e+02 1.403067e+01 4.717206e+01
    endloop
  endfacet
  facet normal -3.301448e-01 -9.400569e-01 -8.542463e-02
    outer loop
      vertex   3.107775e+02 1.411800e+01 4.621104e+01
      vertex   3.107775e+02 1.403067e+01 4.717206e+01
      vertex   3.105661e+02 1.410450e+01 4.717653e+01
    endloop
  endfacet
  facet normal -3.301448e-01 -9.434997e-01 -2.850955e-02
    outer loop
      vertex   3.105661e+02 1.410450e+01 4.717653e+01
      vertex   3.107775e+02 1.403067e+01 4.717206e+01
      vertex   3.105661e+02 1.407549e+01 4.813660e+01
    endloop
  endfacet
  facet normal -5.318580e-01 -8.464472e-01 -2.557694e-02
    outer loop
      vertex   3.105661e+02 1.410450e+01 4.717653e+01
      vertex   3.105661e+02 1.407549e+01 4.813660e+01
      vertex   3.103765e+02 1.419462e+01 4.813660e+01
    endloop
  endfacet
  facet normal -1.119140e-01 -9.896402e-01 -8.993035e-02
    outer loop
      vertex   3.110000e+02 1.409311e+01 4.620802e+01
      vertex   3.110000e+02 1.400565e+01 4.717055e+01
      vertex   3.107775e+02 1.403067e+01 4.717206e+01
    endloop
  endfacet
  facet normal -1.119140e-01 -9.932645e-01 -3.001329e-02
    outer loop
      vertex   3.107775e+02 1.403067e+01 4.717206e+01
      vertex   3.110000e+02 1.400565e+01 4.717055e+01
      vertex   3.107775e+02 1.400153e+01 4.813660e+01
    endloop
  endfacet
  facet normal -3.301448e-01 -9.434997e-01 -2.850955e-02
    outer loop
      vertex   3.107775e+02 1.403067e+01 4.717206e+01
      vertex   3.107775e+02 1.400153e+01 4.813660e+01
      vertex   3.105661e+02 1.407549e+01 4.813660e+01
    endloop
  endfacet
  facet normal -1.119140e-01 -9.932645e-01 -3.001329e-02
    outer loop
      vertex   3.110000e+02 1.400565e+01 4.717055e+01
      vertex   3.110000e+02 1.397646e+01 4.813660e+01
      vertex   3.107775e+02 1.400153e+01 4.813660e+01
    endloop
  endfacet
  facet normal -9.438363e-01 9.979484e-03 3.302626e-01
    outer loop
      vertex   3.100251e+02 2.997646e+01 6.335913e+01
      vertex   3.100990e+02 2.997646e+01 6.357049e+01
      vertex   3.100251e+02 3.089557e+01 6.333135e+01
    endloop
  endfacet
  facet normal -9.438363e-01 9.979484e-03 3.302626e-01
    outer loop
      vertex   3.100251e+02 3.089557e+01 6.333135e+01
      vertex   3.100990e+02 2.997646e+01 6.357049e+01
      vertex   3.100990e+02 3.090833e+01 6.354233e+01
    endloop
  endfacet
  facet normal -9.438363e-01 2.990204e-02 3.290575e-01
    outer loop
      vertex   3.100251e+02 3.089557e+01 6.333135e+01
      vertex   3.100990e+02 3.090833e+01 6.354233e+01
      vertex   3.100251e+02 3.181133e+01 6.324814e+01
    endloop
  endfacet
  facet normal -9.438363e-01 2.990204e-02 3.290575e-01
    outer loop
      vertex   3.100251e+02 3.181133e+01 6.324814e+01
      vertex   3.100990e+02 3.090833e+01 6.354233e+01
      vertex   3.100990e+02 3.183681e+01 6.345796e+01
    endloop
  endfacet
  facet normal -9.438363e-01 4.971548e-02 3.266517e-01
    outer loop
      vertex   3.100251e+02 3.181133e+01 6.324814e+01
      vertex   3.100990e+02 3.183681e+01 6.345796e+01
      vertex   3.100251e+02 3.272039e+01 6.310978e+01
    endloop
  endfacet
  facet normal -9.438363e-01 4.971548e-02 3.266517e-01
    outer loop
      vertex   3.100251e+02 3.272039e+01 6.310978e+01
      vertex   3.100990e+02 3.183681e+01 6.345796e+01
      vertex   3.100990e+02 3.275849e+01 6.331768e+01
    endloop
  endfacet
  facet normal -9.438363e-01 6.934752e-02 3.230540e-01
    outer loop
      vertex   3.100251e+02 3.272039e+01 6.310978e+01
      vertex   3.100990e+02 3.275849e+01 6.331768e+01
      vertex   3.100251e+02 3.361944e+01 6.291679e+01
    endloop
  endfacet
  facet normal -9.438363e-01 6.934752e-02 3.230540e-01
    outer loop
      vertex   3.100251e+02 3.361944e+01 6.291679e+01
      vertex   3.100990e+02 3.275849e+01 6.331768e+01
      vertex   3.100990e+02 3.367003e+01 6.312201e+01
    endloop
  endfacet
  facet normal -9.438363e-01 8.872652e-02 3.182775e-01
    outer loop
      vertex   3.100251e+02 3.361944e+01 6.291679e+01
      vertex   3.100990e+02 3.367003e+01 6.312201e+01
      vertex   3.100251e+02 3.450520e+01 6.266986e+01
    endloop
  endfacet
  facet normal -9.438363e-01 8.872652e-02 3.182775e-01
    outer loop
      vertex   3.100251e+02 3.450520e+01 6.266986e+01
      vertex   3.100990e+02 3.367003e+01 6.312201e+01
      vertex   3.100990e+02 3.456808e+01 6.287166e+01
    endloop
  endfacet
  facet normal -9.438363e-01 1.077818e-01 3.123397e-01
    outer loop
      vertex   3.100251e+02 3.450520e+01 6.266986e+01
      vertex   3.100990e+02 3.456808e+01 6.287166e+01
      vertex   3.100251e+02 3.537444e+01 6.236991e+01
    endloop
  endfacet
  facet normal -9.438363e-01 1.077818e-01 3.123397e-01
    outer loop
      vertex   3.100251e+02 3.537444e+01 6.236991e+01
      vertex   3.100990e+02 3.456808e+01 6.287166e+01
      vertex   3.100990e+02 3.544939e+01 6.256754e+01
    endloop
  endfacet
  facet normal -9.438363e-01 1.264437e-01 3.052621e-01
    outer loop
      vertex   3.100251e+02 3.537444e+01 6.236991e+01
      vertex   3.100990e+02 3.544939e+01 6.256754e+01
      vertex   3.100251e+02 3.622397e+01 6.201802e+01
    endloop
  endfacet
  facet normal -9.438363e-01 1.264437e-01 3.052621e-01
    outer loop
      vertex   3.100251e+02 3.622397e+01 6.201802e+01
      vertex   3.100990e+02 3.544939e+01 6.256754e+01
      vertex   3.100990e+02 3.631072e+01 6.221076e+01
    endloop
  endfacet
  facet normal -9.438363e-01 1.446443e-01 2.970707e-01
    outer loop
      vertex   3.100251e+02 3.622397e+01 6.201802e+01
      vertex   3.100990e+02 3.631072e+01 6.221076e+01
      vertex   3.100251e+02 3.705071e+01 6.161548e+01
    endloop
  endfacet
  facet normal -9.438363e-01 1.446443e-01 2.970707e-01
    outer loop
      vertex   3.100251e+02 3.705071e+01 6.161548e+01
      vertex   3.100990e+02 3.631072e+01 6.221076e+01
      vertex   3.100990e+02 3.714894e+01 6.180263e+01
    endloop
  endfacet
  facet normal -9.438363e-01 1.623171e-01 2.877953e-01
    outer loop
      vertex   3.100251e+02 3.705071e+01 6.161548e+01
      vertex   3.100990e+02 3.714894e+01 6.180263e+01
      vertex   3.100251e+02 3.785164e+01 6.116375e+01
    endloop
  endfacet
  facet normal -9.438363e-01 1.623171e-01 2.877953e-01
    outer loop
      vertex   3.100251e+02 3.785164e+01 6.116375e+01
      vertex   3.100990e+02 3.714894e+01 6.180263e+01
      vertex   3.100990e+02 3.796099e+01 6.134463e+01
    endloop
  endfacet
  facet normal -9.438363e-01 1.793976e-01 2.774698e-01
    outer loop
      vertex   3.100251e+02 3.785164e+01 6.116375e+01
      vertex   3.100990e+02 3.796099e+01 6.134463e+01
      vertex   3.100251e+02 3.862383e+01 6.066449e+01
    endloop
  endfacet
  facet normal -9.438363e-01 1.793976e-01 2.774698e-01
    outer loop
      vertex   3.100251e+02 3.862383e+01 6.066449e+01
      vertex   3.100990e+02 3.796099e+01 6.134463e+01
      vertex   3.100990e+02 3.874390e+01 6.083844e+01
    endloop
  endfacet
  facet normal -9.438363e-01 1.958235e-01 2.661318e-01
    outer loop
      vertex   3.100251e+02 3.862383e+01 6.066449e+01
      vertex   3.100990e+02 3.874390e+01 6.083844e+01
      vertex   3.100251e+02 3.936447e+01 6.011952e+01
    endloop
  endfacet
  facet normal -9.438363e-01 1.958235e-01 2.661318e-01
    outer loop
      vertex   3.100251e+02 3.936447e+01 6.011952e+01
      vertex   3.100990e+02 3.874390e+01 6.083844e+01
      vertex   3.100990e+02 3.949482e+01 6.028590e+01
    endloop
  endfacet
  facet normal -9.438363e-01 2.115349e-01 2.538227e-01
    outer loop
      vertex   3.100251e+02 3.936447e+01 6.011952e+01
      vertex   3.100990e+02 3.949482e+01 6.028590e+01
      vertex   3.100251e+02 4.007085e+01 5.953083e+01
    endloop
  endfacet
  facet normal -9.438363e-01 2.115349e-01 2.538227e-01
    outer loop
      vertex   3.100251e+02 4.007085e+01 5.953083e+01
      vertex   3.100990e+02 3.949482e+01 6.028590e+01
      vertex   3.100990e+02 4.021101e+01 5.968903e+01
    endloop
  endfacet
  facet normal -9.438363e-01 2.264744e-01 2.405875e-01
    outer loop
      vertex   3.100251e+02 4.007085e+01 5.953083e+01
      vertex   3.100990e+02 4.021101e+01 5.968903e+01
      vertex   3.100251e+02 4.074040e+01 5.890055e+01
    endloop
  endfacet
  facet normal -9.438363e-01 2.264744e-01 2.405875e-01
    outer loop
      vertex   3.100251e+02 4.074040e+01 5.890055e+01
      vertex   3.100990e+02 4.021101e+01 5.968903e+01
      vertex   3.100990e+02 4.088986e+01 5.905001e+01
    endloop
  endfacet
  facet normal -9.438363e-01 2.405875e-01 2.264744e-01
    outer loop
      vertex   3.100251e+02 4.074040e+01 5.890055e+01
      vertex   3.100990e+02 4.088986e+01 5.905001e+01
      vertex   3.100251e+02 4.137068e+01 5.823100e+01
    endloop
  endfacet
  facet normal -9.438363e-01 2.405875e-01 2.264744e-01
    outer loop
      vertex   3.100251e+02 4.137068e+01 5.823100e+01
      vertex   3.100990e+02 4.088986e+01 5.905001e+01
      vertex   3.100990e+02 4.152888e+01 5.837116e+01
    endloop
  endfacet
  facet normal -9.438363e-01 2.538227e-01 2.115349e-01
    outer loop
      vertex   3.100251e+02 4.137068e+01 5.823100e+01
      vertex   3.100990e+02 4.152888e+01 5.837116e+01
      vertex   3.100251e+02 4.195937e+01 5.752462e+01
    endloop
  endfacet
  facet normal -9.438363e-01 2.538227e-01 2.115349e-01
    outer loop
      vertex   3.100251e+02 4.195937e+01 5.752462e+01
      vertex   3.100990e+02 4.152888e+01 5.837116e+01
      vertex   3.100990e+02 4.212575e+01 5.765497e+01
    endloop
  endfacet
  facet normal -9.438363e-01 2.661318e-01 1.958235e-01
    outer loop
      vertex   3.100251e+02 4.195937e+01 5.752462e+01
      vertex   3.100990e+02 4.212575e+01 5.765497e+01
      vertex   3.100251e+02 4.250435e+01 5.678398e+01
    endloop
  endfacet
  facet normal -9.438363e-01 2.661318e-01 1.958235e-01
    outer loop
      vertex   3.100251e+02 4.250435e+01 5.678398e+01
      vertex   3.100990e+02 4.212575e+01 5.765497e+01
      vertex   3.100990e+02 4.267829e+01 5.690405e+01
    endloop
  endfacet
  facet normal -9.438363e-01 2.774698e-01 1.793976e-01
    outer loop
      vertex   3.100251e+02 4.250435e+01 5.678398e+01
      vertex   3.100990e+02 4.267829e+01 5.690405e+01
      vertex   3.100251e+02 4.300360e+01 5.601179e+01
    endloop
  endfacet
  facet normal -9.438363e-01 2.774698e-01 1.793976e-01
    outer loop
      vertex   3.100251e+02 4.300360e+01 5.601179e+01
      vertex   3.100990e+02 4.267829e+01 5.690405e+01
      vertex   3.100990e+02 4.318448e+01 5.612114e+01
    endloop
  endfacet
  facet normal -9.438363e-01 2.877953e-01 1.623171e-01
    outer loop
      vertex   3.100251e+02 4.300360e+01 5.601179e+01
      vertex   3.100990e+02 4.318448e+01 5.612114e+01
      vertex   3.100251e+02 4.345533e+01 5.521086e+01
    endloop
  endfacet
  facet normal -9.438363e-01 2.877953e-01 1.623171e-01
    outer loop
      vertex   3.100251e+02 4.345533e+01 5.521086e+01
      vertex   3.100990e+02 4.318448e+01 5.612114e+01
      vertex   3.100990e+02 4.364248e+01 5.530909e+01
    endloop
  endfacet
  facet normal -9.438363e-01 2.970707e-01 1.446443e-01
    outer loop
      vertex   3.100251e+02 4.345533e+01 5.521086e+01
      vertex   3.100990e+02 4.364248e+01 5.530909e+01
      vertex   3.100251e+02 4.385787e+01 5.438412e+01
    endloop
  endfacet
  facet normal -9.438363e-01 2.970707e-01 1.446443e-01
    outer loop
      vertex   3.100251e+02 4.385787e+01 5.438412e+01
      vertex   3.100990e+02 4.364248e+01 5.530909e+01
      vertex   3.100990e+02 4.405061e+01 5.447087e+01
    endloop
  endfacet
  facet normal -9.438363e-01 3.052621e-01 1.264437e-01
    outer loop
      vertex   3.100251e+02 4.385787e+01 5.438412e+01
      vertex   3.100990e+02 4.405061e+01 5.447087e+01
      vertex   3.100251e+02 4.420976e+01 5.353458e+01
    endloop
  endfacet
  facet normal -9.438363e-01 3.052621e-01 1.264437e-01
    outer loop
      vertex   3.100251e+02 4.420976e+01 5.353458e+01
      vertex   3.100990e+02 4.405061e+01 5.447087e+01
      vertex   3.100990e+02 4.440739e+01 5.360954e+01
    endloop
  endfacet
  facet normal -9.438363e-01 3.123397e-01 1.077818e-01
    outer loop
      vertex   3.100251e+02 4.420976e+01 5.353458e+01
      vertex   3.100990e+02 4.440739e+01 5.360954e+01
      vertex   3.100251e+02 4.450971e+01 5.266535e+01
    endloop
  endfacet
  facet normal -9.438363e-01 3.123397e-01 1.077818e-01
    outer loop
      vertex   3.100251e+02 4.450971e+01 5.266535e+01
      vertex   3.100990e+02 4.440739e+01 5.360954e+01
      vertex   3.100990e+02 4.471151e+01 5.272823e+01
    endloop
  endfacet
  facet normal -9.438363e-01 3.182775e-01 8.872652e-02
    outer loop
      vertex   3.100251e+02 4.450971e+01 5.266535e+01
      vertex   3.100990e+02 4.471151e+01 5.272823e+01
      vertex   3.100251e+02 4.475664e+01 5.177959e+01
    endloop
  endfacet
  facet normal -9.438363e-01 3.182775e-01 8.872652e-02
    outer loop
      vertex   3.100251e+02 4.475664e+01 5.177959e+01
      vertex   3.100990e+02 4.471151e+01 5.272823e+01
      vertex   3.100990e+02 4.496186e+01 5.183017e+01
    endloop
  endfacet
  facet normal -9.438363e-01 3.230540e-01 6.934752e-02
    outer loop
      vertex   3.100251e+02 4.475664e+01 5.177959e+01
      vertex   3.100990e+02 4.496186e+01 5.183017e+01
      vertex   3.100251e+02 4.494963e+01 5.088054e+01
    endloop
  endfacet
  facet normal -9.438363e-01 3.230540e-01 6.934752e-02
    outer loop
      vertex   3.100251e+02 4.494963e+01 5.088054e+01
      vertex   3.100990e+02 4.496186e+01 5.183017e+01
      vertex   3.100990e+02 4.515753e+01 5.091864e+01
    endloop
  endfacet
  facet normal -9.438363e-01 3.266517e-01 4.971548e-02
    outer loop
      vertex   3.100251e+02 4.494963e+01 5.088054e+01
      vertex   3.100990e+02 4.515753e+01 5.091864e+01
      vertex   3.100251e+02 4.508799e+01 4.997148e+01
    endloop
  endfacet
  facet normal -9.438363e-01 3.266517e-01 4.971548e-02
    outer loop
      vertex   3.100251e+02 4.508799e+01 4.997148e+01
      vertex   3.100990e+02 4.515753e+01 5.091864e+01
      vertex   3.100990e+02 4.529781e+01 4.999695e+01
    endloop
  endfacet
  facet normal -9.438363e-01 3.290575e-01 2.990204e-02
    outer loop
      vertex   3.100251e+02 4.508799e+01 4.997148e+01
      vertex   3.100990e+02 4.529781e+01 4.999695e+01
      vertex   3.100251e+02 4.517120e+01 4.905572e+01
    endloop
  endfacet
  facet normal -9.438363e-01 3.290575e-01 2.990204e-02
    outer loop
      vertex   3.100251e+02 4.517120e+01 4.905572e+01
      vertex   3.100990e+02 4.529781e+01 4.999695e+01
      vertex   3.100990e+02 4.538218e+01 4.906848e+01
    endloop
  endfacet
  facet normal -9.438363e-01 3.302626e-01 9.979484e-03
    outer loop
      vertex   3.100251e+02 4.517120e+01 4.905572e+01
      vertex   3.100990e+02 4.538218e+01 4.906848e+01
      vertex   3.100251e+02 4.519898e+01 4.813660e+01
    endloop
  endfacet
  facet normal -8.466148e-01 1.607424e-02 5.319633e-01
    outer loop
      vertex   3.100990e+02 2.997646e+01 6.357049e+01
      vertex   3.102182e+02 2.997646e+01 6.376009e+01
      vertex   3.100990e+02 3.090833e+01 6.354233e+01
    endloop
  endfacet
  facet normal -8.466148e-01 1.607424e-02 5.319633e-01
    outer loop
      vertex   3.100990e+02 3.090833e+01 6.354233e+01
      vertex   3.102182e+02 2.997646e+01 6.376009e+01
      vertex   3.102182e+02 3.091978e+01 6.373159e+01
    endloop
  endfacet
  facet normal -8.466148e-01 4.816406e-02 5.300223e-01
    outer loop
      vertex   3.100990e+02 3.090833e+01 6.354233e+01
      vertex   3.102182e+02 3.091978e+01 6.373159e+01
      vertex   3.100990e+02 3.183681e+01 6.345796e+01
    endloop
  endfacet
  facet normal -8.466148e-01 4.816406e-02 5.300223e-01
    outer loop
      vertex   3.100990e+02 3.183681e+01 6.345796e+01
      vertex   3.102182e+02 3.091978e+01 6.373159e+01
      vertex   3.102182e+02 3.185966e+01 6.364618e+01
    endloop
  endfacet
  facet normal -8.466148e-01 8.007813e-02 5.261472e-01
    outer loop
      vertex   3.100990e+02 3.183681e+01 6.345796e+01
      vertex   3.102182e+02 3.185966e+01 6.364618e+01
      vertex   3.100990e+02 3.275849e+01 6.331768e+01
    endloop
  endfacet
  facet normal -8.466148e-01 8.007813e-02 5.261472e-01
    outer loop
      vertex   3.100990e+02 3.275849e+01 6.331768e+01
      vertex   3.102182e+02 3.185966e+01 6.364618e+01
      vertex   3.102182e+02 3.279267e+01 6.350418e+01
    endloop
  endfacet
  facet normal -8.466148e-01 1.117000e-01 5.203523e-01
    outer loop
      vertex   3.100990e+02 3.275849e+01 6.331768e+01
      vertex   3.102182e+02 3.279267e+01 6.350418e+01
      vertex   3.100990e+02 3.367003e+01 6.312201e+01
    endloop
  endfacet
  facet normal -8.466148e-01 1.117000e-01 5.203523e-01
    outer loop
      vertex   3.100990e+02 3.367003e+01 6.312201e+01
      vertex   3.102182e+02 3.279267e+01 6.350418e+01
      vertex   3.102182e+02 3.371540e+01 6.330610e+01
    endloop
  endfacet
  facet normal -8.466148e-01 1.429143e-01 5.126586e-01
    outer loop
      vertex   3.100990e+02 3.367003e+01 6.312201e+01
      vertex   3.102182e+02 3.371540e+01 6.330610e+01
      vertex   3.100990e+02 3.456808e+01 6.287166e+01
    endloop
  endfacet
  facet normal -8.466148e-01 1.429143e-01 5.126586e-01
    outer loop
      vertex   3.100990e+02 3.456808e+01 6.287166e+01
      vertex   3.102182e+02 3.371540e+01 6.330610e+01
      vertex   3.102182e+02 3.462449e+01 6.305268e+01
    endloop
  endfacet
  facet normal -8.466148e-01 1.736071e-01 5.030944e-01
    outer loop
      vertex   3.100990e+02 3.456808e+01 6.287166e+01
      vertex   3.102182e+02 3.462449e+01 6.305268e+01
      vertex   3.100990e+02 3.544939e+01 6.256754e+01
    endloop
  endfacet
  facet normal -8.466148e-01 1.736071e-01 5.030944e-01
    outer loop
      vertex   3.100990e+02 3.544939e+01 6.256754e+01
      vertex   3.102182e+02 3.462449e+01 6.305268e+01
      vertex   3.102182e+02 3.551662e+01 6.274482e+01
    endloop
  endfacet
  facet normal -8.466148e-01 2.036665e-01 4.916944e-01
    outer loop
      vertex   3.100990e+02 3.544939e+01 6.256754e+01
      vertex   3.102182e+02 3.551662e+01 6.274482e+01
      vertex   3.100990e+02 3.631072e+01 6.221076e+01
    endloop
  endfacet
  facet normal -8.466148e-01 2.036665e-01 4.916944e-01
    outer loop
      vertex   3.100990e+02 3.631072e+01 6.221076e+01
      vertex   3.102182e+02 3.551662e+01 6.274482e+01
      vertex   3.102182e+02 3.638854e+01 6.238366e+01
    endloop
  endfacet
  facet normal -8.466148e-01 2.329827e-01 4.785002e-01
    outer loop
      vertex   3.100990e+02 3.631072e+01 6.221076e+01
      vertex   3.102182e+02 3.638854e+01 6.238366e+01
      vertex   3.100990e+02 3.714894e+01 6.180263e+01
    endloop
  endfacet
  facet normal -8.466148e-01 2.329827e-01 4.785002e-01
    outer loop
      vertex   3.100990e+02 3.714894e+01 6.180263e+01
      vertex   3.102182e+02 3.638854e+01 6.238366e+01
      vertex   3.102182e+02 3.723705e+01 6.197052e+01
    endloop
  endfacet
  facet normal -8.466148e-01 2.614487e-01 4.635601e-01
    outer loop
      vertex   3.100990e+02 3.714894e+01 6.180263e+01
      vertex   3.102182e+02 3.723705e+01 6.197052e+01
      vertex   3.100990e+02 3.796099e+01 6.134463e+01
    endloop
  endfacet
  facet normal -8.466148e-01 2.614487e-01 4.635601e-01
    outer loop
      vertex   3.100990e+02 3.796099e+01 6.134463e+01
      vertex   3.102182e+02 3.723705e+01 6.197052e+01
      vertex   3.102182e+02 3.805908e+01 6.150689e+01
    endloop
  endfacet
  facet normal -8.466148e-01 2.889608e-01 4.469285e-01
    outer loop
      vertex   3.100990e+02 3.796099e+01 6.134463e+01
      vertex   3.102182e+02 3.805908e+01 6.150689e+01
      vertex   3.100990e+02 3.874390e+01 6.083844e+01
    endloop
  endfacet
  facet normal -8.466148e-01 2.889608e-01 4.469285e-01
    outer loop
      vertex   3.100990e+02 3.874390e+01 6.083844e+01
      vertex   3.102182e+02 3.805908e+01 6.150689e+01
      vertex   3.102182e+02 3.885161e+01 6.099448e+01
    endloop
  endfacet
  facet normal -8.466148e-01 3.154185e-01 4.286660e-01
    outer loop
      vertex   3.100990e+02 3.874390e+01 6.083844e+01
      vertex   3.102182e+02 3.885161e+01 6.099448e+01
      vertex   3.100990e+02 3.949482e+01 6.028590e+01
    endloop
  endfacet
  facet normal -8.466148e-01 3.154185e-01 4.286660e-01
    outer loop
      vertex   3.100990e+02 3.949482e+01 6.028590e+01
      vertex   3.102182e+02 3.885161e+01 6.099448e+01
      vertex   3.102182e+02 3.961176e+01 6.043516e+01
    endloop
  endfacet
  facet normal -8.466148e-01 3.407252e-01 4.088395e-01
    outer loop
      vertex   3.100990e+02 3.949482e+01 6.028590e+01
      vertex   3.102182e+02 3.961176e+01 6.043516e+01
      vertex   3.100990e+02 4.021101e+01 5.968903e+01
    endloop
  endfacet
  facet normal -8.466148e-01 3.407252e-01 4.088395e-01
    outer loop
      vertex   3.100990e+02 4.021101e+01 5.968903e+01
      vertex   3.102182e+02 3.961176e+01 6.043516e+01
      vertex   3.102182e+02 4.033675e+01 5.983095e+01
    endloop
  endfacet
  facet normal -8.466148e-01 3.647887e-01 3.875211e-01
    outer loop
      vertex   3.100990e+02 4.021101e+01 5.968903e+01
      vertex   3.102182e+02 4.033675e+01 5.983095e+01
      vertex   3.100990e+02 4.088986e+01 5.905001e+01
    endloop
  endfacet
  facet normal -8.466148e-01 3.647887e-01 3.875211e-01
    outer loop
      vertex   3.100990e+02 4.088986e+01 5.905001e+01
      vertex   3.102182e+02 4.033675e+01 5.983095e+01
      vertex   3.102182e+02 4.102393e+01 5.918408e+01
    endloop
  endfacet
  facet normal -8.466148e-01 3.875211e-01 3.647887e-01
    outer loop
      vertex   3.100990e+02 4.088986e+01 5.905001e+01
      vertex   3.102182e+02 4.102393e+01 5.918408e+01
      vertex   3.100990e+02 4.152888e+01 5.837116e+01
    endloop
  endfacet
  facet normal -8.466148e-01 3.875211e-01 3.647887e-01
    outer loop
      vertex   3.100990e+02 4.152888e+01 5.837116e+01
      vertex   3.102182e+02 4.102393e+01 5.918408e+01
      vertex   3.102182e+02 4.167081e+01 5.849689e+01
    endloop
  endfacet
  facet normal -8.466148e-01 4.088395e-01 3.407252e-01
    outer loop
      vertex   3.100990e+02 4.152888e+01 5.837116e+01
      vertex   3.102182e+02 4.167081e+01 5.849689e+01
      vertex   3.100990e+02 4.212575e+01 5.765497e+01
    endloop
  endfacet
  facet normal -8.466148e-01 4.088395e-01 3.407252e-01
    outer loop
      vertex   3.100990e+02 4.212575e+01 5.765497e+01
      vertex   3.102182e+02 4.167081e+01 5.849689e+01
      vertex   3.102182e+02 4.227501e+01 5.777191e+01
    endloop
  endfacet
  facet normal -8.466148e-01 4.286660e-01 3.154185e-01
    outer loop
      vertex   3.100990e+02 4.212575e+01 5.765497e+01
      vertex   3.102182e+02 4.227501e+01 5.777191e+01
      vertex   3.100990e+02 4.267829e+01 5.690405e+01
    endloop
  endfacet
  facet normal -8.466148e-01 4.286660e-01 3.154185e-01
    outer loop
      vertex   3.100990e+02 4.267829e+01 5.690405e+01
      vertex   3.102182e+02 4.227501e+01 5.777191e+01
      vertex   3.102182e+02 4.283434e+01 5.701176e+01
    endloop
  endfacet
  facet normal -8.466148e-01 4.469285e-01 2.889608e-01
    outer loop
      vertex   3.100990e+02 4.267829e+01 5.690405e+01
      vertex   3.102182e+02 4.283434e+01 5.701176e+01
      vertex   3.100990e+02 4.318448e+01 5.612114e+01
    endloop
  endfacet
  facet normal -8.466148e-01 4.469285e-01 2.889608e-01
    outer loop
      vertex   3.100990e+02 4.318448e+01 5.612114e+01
      vertex   3.102182e+02 4.283434e+01 5.701176e+01
      vertex   3.102182e+02 4.334675e+01 5.621923e+01
    endloop
  endfacet
  facet normal -8.466148e-01 4.635601e-01 2.614487e-01
    outer loop
      vertex   3.100990e+02 4.318448e+01 5.612114e+01
      vertex   3.102182e+02 4.334675e+01 5.621923e+01
      vertex   3.100990e+02 4.364248e+01 5.530909e+01
    endloop
  endfacet
  facet normal -8.466148e-01 4.635601e-01 2.614487e-01
    outer loop
      vertex   3.100990e+02 4.364248e+01 5.530909e+01
      vertex   3.102182e+02 4.334675e+01 5.621923e+01
      vertex   3.102182e+02 4.381037e+01 5.539720e+01
    endloop
  endfacet
  facet normal -8.466148e-01 4.785002e-01 2.329827e-01
    outer loop
      vertex   3.100990e+02 4.364248e+01 5.530909e+01
      vertex   3.102182e+02 4.381037e+01 5.539720e+01
      vertex   3.100990e+02 4.405061e+01 5.447087e+01
    endloop
  endfacet
  facet normal -8.466148e-01 4.785002e-01 2.329827e-01
    outer loop
      vertex   3.100990e+02 4.405061e+01 5.447087e+01
      vertex   3.102182e+02 4.381037e+01 5.539720e+01
      vertex   3.102182e+02 4.422351e+01 5.454868e+01
    endloop
  endfacet
  facet normal -8.466148e-01 4.916944e-01 2.036665e-01
    outer loop
      vertex   3.100990e+02 4.405061e+01 5.447087e+01
      vertex   3.102182e+02 4.422351e+01 5.454868e+01
      vertex   3.100990e+02 4.440739e+01 5.360954e+01
    endloop
  endfacet
  facet normal -8.466148e-01 4.916944e-01 2.036665e-01
    outer loop
      vertex   3.100990e+02 4.440739e+01 5.360954e+01
      vertex   3.102182e+02 4.422351e+01 5.454868e+01
      vertex   3.102182e+02 4.458467e+01 5.367677e+01
    endloop
  endfacet
  facet normal -8.466148e-01 5.030944e-01 1.736071e-01
    outer loop
      vertex   3.100990e+02 4.440739e+01 5.360954e+01
      vertex   3.102182e+02 4.458467e+01 5.367677e+01
      vertex   3.100990e+02 4.471151e+01 5.272823e+01
    endloop
  endfacet
  facet normal -8.466148e-01 5.030944e-01 1.736071e-01
    outer loop
      vertex   3.100990e+02 4.471151e+01 5.272823e+01
      vertex   3.102182e+02 4.458467e+01 5.367677e+01
      vertex   3.102182e+02 4.489253e+01 5.278464e+01
    endloop
  endfacet
  facet normal -8.466148e-01 5.126586e-01 1.429143e-01
    outer loop
      vertex   3.100990e+02 4.471151e+01 5.272823e+01
      vertex   3.102182e+02 4.489253e+01 5.278464e+01
      vertex   3.100990e+02 4.496186e+01 5.183017e+01
    endloop
  endfacet
  facet normal -8.466148e-01 5.126586e-01 1.429143e-01
    outer loop
      vertex   3.100990e+02 4.496186e+01 5.183017e+01
      vertex   3.102182e+02 4.489253e+01 5.278464e+01
      vertex   3.102182e+02 4.514596e+01 5.187555e+01
    endloop
  endfacet
  facet normal -8.466148e-01 5.203523e-01 1.117000e-01
    outer loop
      vertex   3.100990e+02 4.496186e+01 5.183017e+01
      vertex   3.102182e+02 4.514596e+01 5.187555e+01
      vertex   3.100990e+02 4.515753e+01 5.091864e+01
    endloop
  endfacet
  facet normal -8.466148e-01 5.203523e-01 1.117000e-01
    outer loop
      vertex   3.100990e+02 4.515753e+01 5.091864e+01
      vertex   3.102182e+02 4.514596e+01 5.187555e+01
      vertex   3.102182e+02 4.534403e+01 5.095282e+01
    endloop
  endfacet
  facet normal -8.466148e-01 5.261472e-01 8.007813e-02
    outer loop
      vertex   3.100990e+02 4.515753e+01 5.091864e+01
      vertex   3.102182e+02 4.534403e+01 5.095282e+01
      vertex   3.100990e+02 4.529781e+01 4.999695e+01
    endloop
  endfacet
  facet normal -8.466148e-01 5.261472e-01 8.007813e-02
    outer loop
      vertex   3.100990e+02 4.529781e+01 4.999695e+01
      vertex   3.102182e+02 4.534403e+01 5.095282e+01
      vertex   3.102182e+02 4.548603e+01 5.001981e+01
    endloop
  endfacet
  facet normal -8.466148e-01 5.300223e-01 4.816406e-02
    outer loop
      vertex   3.100990e+02 4.529781e+01 4.999695e+01
      vertex   3.102182e+02 4.548603e+01 5.001981e+01
      vertex   3.100990e+02 4.538218e+01 4.906848e+01
    endloop
  endfacet
  facet normal -9.438363e-01 -9.979484e-03 3.302626e-01
    outer loop
      vertex   3.100251e+02 2.997646e+01 6.335913e+01
      vertex   3.100990e+02 2.904458e+01 6.354233e+01
      vertex   3.100990e+02 2.997646e+01 6.357049e+01
    endloop
  endfacet
  facet normal -8.466148e-01 -1.607424e-02 5.319633e-01
    outer loop
      vertex   3.100990e+02 2.997646e+01 6.357049e+01
      vertex   3.100990e+02 2.904458e+01 6.354233e+01
      vertex   3.102182e+02 2.903313e+01 6.373159e+01
    endloop
  endfacet
  facet normal -8.466148e-01 -1.607424e-02 5.319633e-01
    outer loop
      vertex   3.100990e+02 2.997646e+01 6.357049e+01
      vertex   3.102182e+02 2.903313e+01 6.373159e+01
      vertex   3.102182e+02 2.997646e+01 6.376009e+01
    endloop
  endfacet
  facet normal -7.069454e-01 -2.136164e-02 7.069454e-01
    outer loop
      vertex   3.102182e+02 2.997646e+01 6.376009e+01
      vertex   3.102182e+02 2.903313e+01 6.373159e+01
      vertex   3.103765e+02 2.902357e+01 6.388964e+01
    endloop
  endfacet
  facet normal -7.069454e-01 -2.136164e-02 7.069454e-01
    outer loop
      vertex   3.102182e+02 2.997646e+01 6.376009e+01
      vertex   3.103765e+02 2.902357e+01 6.388964e+01
      vertex   3.103765e+02 2.997646e+01 6.391844e+01
    endloop
  endfacet
  facet normal -5.318580e-01 -2.557694e-02 8.464472e-01
    outer loop
      vertex   3.103765e+02 2.997646e+01 6.391844e+01
      vertex   3.103765e+02 2.902357e+01 6.388964e+01
      vertex   3.105661e+02 2.901638e+01 6.400856e+01
    endloop
  endfacet
  facet normal -5.318580e-01 -2.557694e-02 8.464472e-01
    outer loop
      vertex   3.103765e+02 2.997646e+01 6.391844e+01
      vertex   3.105661e+02 2.901638e+01 6.400856e+01
      vertex   3.105661e+02 2.997646e+01 6.403757e+01
    endloop
  endfacet
  facet normal -3.301448e-01 -2.850955e-02 9.434997e-01
    outer loop
      vertex   3.105661e+02 2.997646e+01 6.403757e+01
      vertex   3.105661e+02 2.901638e+01 6.400856e+01
      vertex   3.107775e+02 2.901191e+01 6.408239e+01
    endloop
  endfacet
  facet normal -3.301448e-01 -2.850955e-02 9.434997e-01
    outer loop
      vertex   3.105661e+02 2.997646e+01 6.403757e+01
      vertex   3.107775e+02 2.901191e+01 6.408239e+01
      vertex   3.107775e+02 2.997646e+01 6.411153e+01
    endloop
  endfacet
  facet normal -7.069454e-01 2.136164e-02 7.069454e-01
    outer loop
      vertex   3.102182e+02 2.997646e+01 6.376009e+01
      vertex   3.103765e+02 2.997646e+01 6.391844e+01
      vertex   3.102182e+02 3.091978e+01 6.373159e+01
    endloop
  endfacet
  facet normal -7.069454e-01 2.136164e-02 7.069454e-01
    outer loop
      vertex   3.102182e+02 3.091978e+01 6.373159e+01
      vertex   3.103765e+02 2.997646e+01 6.391844e+01
      vertex   3.103765e+02 3.092934e+01 6.388964e+01
    endloop
  endfacet
  facet normal -7.069454e-01 6.400697e-02 7.043659e-01
    outer loop
      vertex   3.102182e+02 3.091978e+01 6.373159e+01
      vertex   3.103765e+02 3.092934e+01 6.388964e+01
      vertex   3.102182e+02 3.185966e+01 6.364618e+01
    endloop
  endfacet
  facet normal -7.069454e-01 6.400697e-02 7.043659e-01
    outer loop
      vertex   3.102182e+02 3.185966e+01 6.364618e+01
      vertex   3.103765e+02 3.092934e+01 6.388964e+01
      vertex   3.103765e+02 3.187875e+01 6.380337e+01
    endloop
  endfacet
  facet normal -7.069454e-01 1.064187e-01 6.992161e-01
    outer loop
      vertex   3.102182e+02 3.185966e+01 6.364618e+01
      vertex   3.103765e+02 3.187875e+01 6.380337e+01
      vertex   3.102182e+02 3.279267e+01 6.350418e+01
    endloop
  endfacet
  facet normal -7.069454e-01 1.064187e-01 6.992161e-01
    outer loop
      vertex   3.102182e+02 3.279267e+01 6.350418e+01
      vertex   3.103765e+02 3.187875e+01 6.380337e+01
      vertex   3.103765e+02 3.282121e+01 6.365993e+01
    endloop
  endfacet
  facet normal -7.069454e-01 1.484422e-01 6.915151e-01
    outer loop
      vertex   3.102182e+02 3.279267e+01 6.350418e+01
      vertex   3.103765e+02 3.282121e+01 6.365993e+01
      vertex   3.102182e+02 3.371540e+01 6.330610e+01
    endloop
  endfacet
  facet normal -7.069454e-01 1.484422e-01 6.915151e-01
    outer loop
      vertex   3.102182e+02 3.371540e+01 6.330610e+01
      vertex   3.103765e+02 3.282121e+01 6.365993e+01
      vertex   3.103765e+02 3.375330e+01 6.345984e+01
    endloop
  endfacet
  facet normal -7.069454e-01 1.899240e-01 6.812907e-01
    outer loop
      vertex   3.102182e+02 3.371540e+01 6.330610e+01
      vertex   3.103765e+02 3.375330e+01 6.345984e+01
      vertex   3.102182e+02 3.462449e+01 6.305268e+01
    endloop
  endfacet
  facet normal -7.069454e-01 1.899240e-01 6.812907e-01
    outer loop
      vertex   3.102182e+02 3.462449e+01 6.305268e+01
      vertex   3.103765e+02 3.375330e+01 6.345984e+01
      vertex   3.103765e+02 3.467160e+01 6.320385e+01
    endloop
  endfacet
  facet normal -7.069454e-01 2.307128e-01 6.685804e-01
    outer loop
      vertex   3.102182e+02 3.462449e+01 6.305268e+01
      vertex   3.103765e+02 3.467160e+01 6.320385e+01
      vertex   3.102182e+02 3.551662e+01 6.274482e+01
    endloop
  endfacet
  facet normal -7.069454e-01 2.307128e-01 6.685804e-01
    outer loop
      vertex   3.102182e+02 3.551662e+01 6.274482e+01
      vertex   3.103765e+02 3.467160e+01 6.320385e+01
      vertex   3.103765e+02 3.557277e+01 6.289287e+01
    endloop
  endfacet
  facet normal -7.069454e-01 2.706598e-01 6.534305e-01
    outer loop
      vertex   3.102182e+02 3.551662e+01 6.274482e+01
      vertex   3.103765e+02 3.557277e+01 6.289287e+01
      vertex   3.102182e+02 3.638854e+01 6.238366e+01
    endloop
  endfacet
  facet normal -7.069454e-01 2.706598e-01 6.534305e-01
    outer loop
      vertex   3.102182e+02 3.638854e+01 6.238366e+01
      vertex   3.103765e+02 3.557277e+01 6.289287e+01
      vertex   3.103765e+02 3.645352e+01 6.252805e+01
    endloop
  endfacet
  facet normal -7.069454e-01 3.096191e-01 6.358963e-01
    outer loop
      vertex   3.102182e+02 3.638854e+01 6.238366e+01
      vertex   3.103765e+02 3.645352e+01 6.252805e+01
      vertex   3.102182e+02 3.723705e+01 6.197052e+01
    endloop
  endfacet
  facet normal -7.069454e-01 3.096191e-01 6.358963e-01
    outer loop
      vertex   3.102182e+02 3.723705e+01 6.197052e+01
      vertex   3.103765e+02 3.645352e+01 6.252805e+01
      vertex   3.103765e+02 3.731064e+01 6.211072e+01
    endloop
  endfacet
  facet normal -7.069454e-01 3.474487e-01 6.160418e-01
    outer loop
      vertex   3.102182e+02 3.723705e+01 6.197052e+01
      vertex   3.103765e+02 3.731064e+01 6.211072e+01
      vertex   3.102182e+02 3.805908e+01 6.150689e+01
    endloop
  endfacet
  facet normal -7.069454e-01 3.474487e-01 6.160418e-01
    outer loop
      vertex   3.102182e+02 3.805908e+01 6.150689e+01
      vertex   3.103765e+02 3.731064e+01 6.211072e+01
      vertex   3.103765e+02 3.814099e+01 6.164240e+01
    endloop
  endfacet
  facet normal -7.069454e-01 3.840105e-01 5.939395e-01
    outer loop
      vertex   3.102182e+02 3.805908e+01 6.150689e+01
      vertex   3.103765e+02 3.814099e+01 6.164240e+01
      vertex   3.102182e+02 3.885161e+01 6.099448e+01
    endloop
  endfacet
  facet normal -7.069454e-01 3.840105e-01 5.939395e-01
    outer loop
      vertex   3.102182e+02 3.885161e+01 6.099448e+01
      vertex   3.103765e+02 3.814099e+01 6.164240e+01
      vertex   3.103765e+02 3.894156e+01 6.112480e+01
    endloop
  endfacet
  facet normal -7.069454e-01 4.191711e-01 5.696699e-01
    outer loop
      vertex   3.102182e+02 3.885161e+01 6.099448e+01
      vertex   3.103765e+02 3.894156e+01 6.112480e+01
      vertex   3.102182e+02 3.961176e+01 6.043516e+01
    endloop
  endfacet
  facet normal -7.069454e-01 4.191711e-01 5.696699e-01
    outer loop
      vertex   3.102182e+02 3.961176e+01 6.043516e+01
      vertex   3.103765e+02 3.894156e+01 6.112480e+01
      vertex   3.103765e+02 3.970941e+01 6.055980e+01
    endloop
  endfacet
  facet normal -7.069454e-01 4.528021e-01 5.433216e-01
    outer loop
      vertex   3.102182e+02 3.961176e+01 6.043516e+01
      vertex   3.103765e+02 3.970941e+01 6.055980e+01
      vertex   3.102182e+02 4.033675e+01 5.983095e+01
    endloop
  endfacet
  facet normal -7.069454e-01 4.528021e-01 5.433216e-01
    outer loop
      vertex   3.102182e+02 4.033675e+01 5.983095e+01
      vertex   3.103765e+02 3.970941e+01 6.055980e+01
      vertex   3.103765e+02 4.044175e+01 5.994948e+01
    endloop
  endfacet
  facet normal -7.069454e-01 4.847809e-01 5.149909e-01
    outer loop
      vertex   3.102182e+02 4.033675e+01 5.983095e+01
      vertex   3.103765e+02 4.044175e+01 5.994948e+01
      vertex   3.102182e+02 4.102393e+01 5.918408e+01
    endloop
  endfacet
  facet normal -7.069454e-01 4.847809e-01 5.149909e-01
    outer loop
      vertex   3.102182e+02 4.102393e+01 5.918408e+01
      vertex   3.103765e+02 4.044175e+01 5.994948e+01
      vertex   3.103765e+02 4.113590e+01 5.929604e+01
    endloop
  endfacet
  facet normal -7.069454e-01 5.149909e-01 4.847809e-01
    outer loop
      vertex   3.102182e+02 4.102393e+01 5.918408e+01
      vertex   3.103765e+02 4.113590e+01 5.929604e+01
      vertex   3.102182e+02 4.167081e+01 5.849689e+01
    endloop
  endfacet
  facet normal -7.069454e-01 5.149909e-01 4.847809e-01
    outer loop
      vertex   3.102182e+02 4.167081e+01 5.849689e+01
      vertex   3.103765e+02 4.113590e+01 5.929604e+01
      vertex   3.103765e+02 4.178933e+01 5.860189e+01
    endloop
  endfacet
  facet normal -7.069454e-01 5.433216e-01 4.528021e-01
    outer loop
      vertex   3.102182e+02 4.167081e+01 5.849689e+01
      vertex   3.103765e+02 4.178933e+01 5.860189e+01
      vertex   3.102182e+02 4.227501e+01 5.777191e+01
    endloop
  endfacet
  facet normal -7.069454e-01 5.433216e-01 4.528021e-01
    outer loop
      vertex   3.102182e+02 4.227501e+01 5.777191e+01
      vertex   3.103765e+02 4.178933e+01 5.860189e+01
      vertex   3.103765e+02 4.239965e+01 5.786956e+01
    endloop
  endfacet
  facet normal -7.069454e-01 5.696699e-01 4.191711e-01
    outer loop
      vertex   3.102182e+02 4.227501e+01 5.777191e+01
      vertex   3.103765e+02 4.239965e+01 5.786956e+01
      vertex   3.102182e+02 4.283434e+01 5.701176e+01
    endloop
  endfacet
  facet normal -7.069454e-01 5.696699e-01 4.191711e-01
    outer loop
      vertex   3.102182e+02 4.283434e+01 5.701176e+01
      vertex   3.103765e+02 4.239965e+01 5.786956e+01
      vertex   3.103765e+02 4.296465e+01 5.710171e+01
    endloop
  endfacet
  facet normal -7.069454e-01 5.939395e-01 3.840105e-01
    outer loop
      vertex   3.102182e+02 4.283434e+01 5.701176e+01
      vertex   3.103765e+02 4.296465e+01 5.710171e+01
      vertex   3.102182e+02 4.334675e+01 5.621923e+01
    endloop
  endfacet
  facet normal -7.069454e-01 5.939395e-01 3.840105e-01
    outer loop
      vertex   3.102182e+02 4.334675e+01 5.621923e+01
      vertex   3.103765e+02 4.296465e+01 5.710171e+01
      vertex   3.103765e+02 4.348225e+01 5.630114e+01
    endloop
  endfacet
  facet normal -7.069454e-01 6.160418e-01 3.474487e-01
    outer loop
      vertex   3.102182e+02 4.334675e+01 5.621923e+01
      vertex   3.103765e+02 4.348225e+01 5.630114e+01
      vertex   3.102182e+02 4.381037e+01 5.539720e+01
    endloop
  endfacet
  facet normal -7.069454e-01 6.160418e-01 3.474487e-01
    outer loop
      vertex   3.102182e+02 4.381037e+01 5.539720e+01
      vertex   3.103765e+02 4.348225e+01 5.630114e+01
      vertex   3.103765e+02 4.395057e+01 5.547079e+01
    endloop
  endfacet
  facet normal -7.069454e-01 6.358963e-01 3.096191e-01
    outer loop
      vertex   3.102182e+02 4.381037e+01 5.539720e+01
      vertex   3.103765e+02 4.395057e+01 5.547079e+01
      vertex   3.102182e+02 4.422351e+01 5.454868e+01
    endloop
  endfacet
  facet normal -7.069454e-01 6.358963e-01 3.096191e-01
    outer loop
      vertex   3.102182e+02 4.422351e+01 5.454868e+01
      vertex   3.103765e+02 4.395057e+01 5.547079e+01
      vertex   3.103765e+02 4.436791e+01 5.461367e+01
    endloop
  endfacet
  facet normal -7.069454e-01 6.534305e-01 2.706598e-01
    outer loop
      vertex   3.102182e+02 4.422351e+01 5.454868e+01
      vertex   3.103765e+02 4.436791e+01 5.461367e+01
      vertex   3.102182e+02 4.458467e+01 5.367677e+01
    endloop
  endfacet
  facet normal -7.069454e-01 6.534305e-01 2.706598e-01
    outer loop
      vertex   3.102182e+02 4.458467e+01 5.367677e+01
      vertex   3.103765e+02 4.436791e+01 5.461367e+01
      vertex   3.103765e+02 4.473273e+01 5.373292e+01
    endloop
  endfacet
  facet normal -7.069454e-01 6.685804e-01 2.307128e-01
    outer loop
      vertex   3.102182e+02 4.458467e+01 5.367677e+01
      vertex   3.103765e+02 4.473273e+01 5.373292e+01
      vertex   3.102182e+02 4.489253e+01 5.278464e+01
    endloop
  endfacet
  facet normal -7.069454e-01 6.685804e-01 2.307128e-01
    outer loop
      vertex   3.102182e+02 4.489253e+01 5.278464e+01
      vertex   3.103765e+02 4.473273e+01 5.373292e+01
      vertex   3.103765e+02 4.504370e+01 5.283175e+01
    endloop
  endfacet
  facet normal -7.069454e-01 6.812907e-01 1.899240e-01
    outer loop
      vertex   3.102182e+02 4.489253e+01 5.278464e+01
      vertex   3.103765e+02 4.504370e+01 5.283175e+01
      vertex   3.102182e+02 4.514596e+01 5.187555e+01
    endloop
  endfacet
  facet normal -7.069454e-01 6.812907e-01 1.899240e-01
    outer loop
      vertex   3.102182e+02 4.514596e+01 5.187555e+01
      vertex   3.103765e+02 4.504370e+01 5.283175e+01
      vertex   3.103765e+02 4.529970e+01 5.191344e+01
    endloop
  endfacet
  facet normal -7.069454e-01 6.915151e-01 1.484422e-01
    outer loop
      vertex   3.102182e+02 4.514596e+01 5.187555e+01
      vertex   3.103765e+02 4.529970e+01 5.191344e+01
      vertex   3.102182e+02 4.534403e+01 5.095282e+01
    endloop
  endfacet
  facet normal -7.069454e-01 6.915151e-01 1.484422e-01
    outer loop
      vertex   3.102182e+02 4.534403e+01 5.095282e+01
      vertex   3.103765e+02 4.529970e+01 5.191344e+01
      vertex   3.103765e+02 4.549978e+01 5.098136e+01
    endloop
  endfacet
  facet normal -7.069454e-01 6.992161e-01 1.064187e-01
    outer loop
      vertex   3.102182e+02 4.534403e+01 5.095282e+01
      vertex   3.103765e+02 4.549978e+01 5.098136e+01
      vertex   3.102182e+02 4.548603e+01 5.001981e+01
    endloop
  endfacet
  facet normal -5.318580e-01 2.557694e-02 8.464472e-01
    outer loop
      vertex   3.103765e+02 2.997646e+01 6.391844e+01
      vertex   3.105661e+02 2.997646e+01 6.403757e+01
      vertex   3.103765e+02 3.092934e+01 6.388964e+01
    endloop
  endfacet
  facet normal -5.318580e-01 2.557694e-02 8.464472e-01
    outer loop
      vertex   3.103765e+02 3.092934e+01 6.388964e+01
      vertex   3.105661e+02 2.997646e+01 6.403757e+01
      vertex   3.105661e+02 3.093653e+01 6.400856e+01
    endloop
  endfacet
  facet normal -5.318580e-01 7.663748e-02 8.433586e-01
    outer loop
      vertex   3.103765e+02 3.092934e+01 6.388964e+01
      vertex   3.105661e+02 3.093653e+01 6.400856e+01
      vertex   3.103765e+02 3.187875e+01 6.380337e+01
    endloop
  endfacet
  facet normal -5.318580e-01 7.663748e-02 8.433586e-01
    outer loop
      vertex   3.103765e+02 3.187875e+01 6.380337e+01
      vertex   3.105661e+02 3.093653e+01 6.400856e+01
      vertex   3.105661e+02 3.189311e+01 6.392164e+01
    endloop
  endfacet
  facet normal -5.318580e-01 1.274184e-01 8.371927e-01
    outer loop
      vertex   3.103765e+02 3.187875e+01 6.380337e+01
      vertex   3.105661e+02 3.189311e+01 6.392164e+01
      vertex   3.103765e+02 3.282121e+01 6.365993e+01
    endloop
  endfacet
  facet normal -5.318580e-01 1.274184e-01 8.371927e-01
    outer loop
      vertex   3.103765e+02 3.282121e+01 6.365993e+01
      vertex   3.105661e+02 3.189311e+01 6.392164e+01
      vertex   3.105661e+02 3.284269e+01 6.377711e+01
    endloop
  endfacet
  facet normal -5.318580e-01 1.777344e-01 8.279719e-01
    outer loop
      vertex   3.103765e+02 3.282121e+01 6.365993e+01
      vertex   3.105661e+02 3.284269e+01 6.377711e+01
      vertex   3.103765e+02 3.375330e+01 6.345984e+01
    endloop
  endfacet
  facet normal -5.318580e-01 1.777344e-01 8.279719e-01
    outer loop
      vertex   3.103765e+02 3.375330e+01 6.345984e+01
      vertex   3.105661e+02 3.284269e+01 6.377711e+01
      vertex   3.105661e+02 3.378181e+01 6.357552e+01
    endloop
  endfacet
  facet normal -5.318580e-01 2.274018e-01 8.157300e-01
    outer loop
      vertex   3.103765e+02 3.375330e+01 6.345984e+01
      vertex   3.105661e+02 3.378181e+01 6.357552e+01
      vertex   3.103765e+02 3.467160e+01 6.320385e+01
    endloop
  endfacet
  facet normal -5.318580e-01 2.274018e-01 8.157300e-01
    outer loop
      vertex   3.103765e+02 3.467160e+01 6.320385e+01
      vertex   3.105661e+02 3.378181e+01 6.357552e+01
      vertex   3.105661e+02 3.470704e+01 6.331759e+01
    endloop
  endfacet
  facet normal -5.318580e-01 2.762395e-01 8.005116e-01
    outer loop
      vertex   3.103765e+02 3.467160e+01 6.320385e+01
      vertex   3.105661e+02 3.470704e+01 6.331759e+01
      vertex   3.103765e+02 3.557277e+01 6.289287e+01
    endloop
  endfacet
  facet normal -5.318580e-01 2.762395e-01 8.005116e-01
    outer loop
      vertex   3.103765e+02 3.557277e+01 6.289287e+01
      vertex   3.105661e+02 3.470704e+01 6.331759e+01
      vertex   3.105661e+02 3.561502e+01 6.300427e+01
    endloop
  endfacet
  facet normal -5.318580e-01 3.240692e-01 7.823722e-01
    outer loop
      vertex   3.103765e+02 3.557277e+01 6.289287e+01
      vertex   3.105661e+02 3.561502e+01 6.300427e+01
      vertex   3.103765e+02 3.645352e+01 6.252805e+01
    endloop
  endfacet
  facet normal -5.318580e-01 3.240692e-01 7.823722e-01
    outer loop
      vertex   3.103765e+02 3.645352e+01 6.252805e+01
      vertex   3.105661e+02 3.561502e+01 6.300427e+01
      vertex   3.105661e+02 3.650242e+01 6.263670e+01
    endloop
  endfacet
  facet normal -5.318580e-01 3.707164e-01 7.613780e-01
    outer loop
      vertex   3.103765e+02 3.645352e+01 6.252805e+01
      vertex   3.105661e+02 3.650242e+01 6.263670e+01
      vertex   3.103765e+02 3.731064e+01 6.211072e+01
    endloop
  endfacet
  facet normal -5.318580e-01 3.707164e-01 7.613780e-01
    outer loop
      vertex   3.103765e+02 3.731064e+01 6.211072e+01
      vertex   3.105661e+02 3.650242e+01 6.263670e+01
      vertex   3.105661e+02 3.736600e+01 6.221621e+01
    endloop
  endfacet
  facet normal -5.318580e-01 4.160109e-01 7.376056e-01
    outer loop
      vertex   3.103765e+02 3.731064e+01 6.211072e+01
      vertex   3.105661e+02 3.736600e+01 6.221621e+01
      vertex   3.103765e+02 3.814099e+01 6.164240e+01
    endloop
  endfacet
  facet normal -5.318580e-01 4.160109e-01 7.376056e-01
    outer loop
      vertex   3.103765e+02 3.814099e+01 6.164240e+01
      vertex   3.105661e+02 3.736600e+01 6.221621e+01
      vertex   3.105661e+02 3.820263e+01 6.174436e+01
    endloop
  endfacet
  facet normal -5.318580e-01 4.597874e-01 7.111417e-01
    outer loop
      vertex   3.103765e+02 3.814099e+01 6.164240e+01
      vertex   3.105661e+02 3.820263e+01 6.174436e+01
      vertex   3.103765e+02 3.894156e+01 6.112480e+01
    endloop
  endfacet
  facet normal -5.318580e-01 4.597874e-01 7.111417e-01
    outer loop
      vertex   3.103765e+02 3.894156e+01 6.112480e+01
      vertex   3.105661e+02 3.820263e+01 6.174436e+01
      vertex   3.105661e+02 3.900924e+01 6.122285e+01
    endloop
  endfacet
  facet normal -5.318580e-01 5.018862e-01 6.820830e-01
    outer loop
      vertex   3.103765e+02 3.894156e+01 6.112480e+01
      vertex   3.105661e+02 3.900924e+01 6.122285e+01
      vertex   3.103765e+02 3.970941e+01 6.055980e+01
    endloop
  endfacet
  facet normal -5.318580e-01 5.018862e-01 6.820830e-01
    outer loop
      vertex   3.103765e+02 3.970941e+01 6.055980e+01
      vertex   3.105661e+02 3.900924e+01 6.122285e+01
      vertex   3.105661e+02 3.978288e+01 6.065358e+01
    endloop
  endfacet
  facet normal -5.318580e-01 5.421537e-01 6.505355e-01
    outer loop
      vertex   3.103765e+02 3.970941e+01 6.055980e+01
      vertex   3.105661e+02 3.978288e+01 6.065358e+01
      vertex   3.103765e+02 4.044175e+01 5.994948e+01
    endloop
  endfacet
  facet normal -5.318580e-01 5.421537e-01 6.505355e-01
    outer loop
      vertex   3.103765e+02 4.044175e+01 5.994948e+01
      vertex   3.105661e+02 3.978288e+01 6.065358e+01
      vertex   3.105661e+02 4.052075e+01 6.003865e+01
    endloop
  endfacet
  facet normal -5.318580e-01 5.804429e-01 6.166142e-01
    outer loop
      vertex   3.103765e+02 4.044175e+01 5.994948e+01
      vertex   3.105661e+02 4.052075e+01 6.003865e+01
      vertex   3.103765e+02 4.113590e+01 5.929604e+01
    endloop
  endfacet
  facet normal -5.318580e-01 5.804429e-01 6.166142e-01
    outer loop
      vertex   3.103765e+02 4.113590e+01 5.929604e+01
      vertex   3.105661e+02 4.052075e+01 6.003865e+01
      vertex   3.105661e+02 4.122014e+01 5.938029e+01
    endloop
  endfacet
  facet normal -5.318580e-01 6.166142e-01 5.804429e-01
    outer loop
      vertex   3.103765e+02 4.113590e+01 5.929604e+01
      vertex   3.105661e+02 4.122014e+01 5.938029e+01
      vertex   3.103765e+02 4.178933e+01 5.860189e+01
    endloop
  endfacet
  facet normal -5.318580e-01 6.166142e-01 5.804429e-01
    outer loop
      vertex   3.103765e+02 4.178933e+01 5.860189e+01
      vertex   3.105661e+02 4.122014e+01 5.938029e+01
      vertex   3.105661e+02 4.187850e+01 5.868090e+01
    endloop
  endfacet
  facet normal -5.318580e-01 6.505355e-01 5.421537e-01
    outer loop
      vertex   3.103765e+02 4.178933e+01 5.860189e+01
      vertex   3.105661e+02 4.187850e+01 5.868090e+01
      vertex   3.103765e+02 4.239965e+01 5.786956e+01
    endloop
  endfacet
  facet normal -5.318580e-01 6.505355e-01 5.421537e-01
    outer loop
      vertex   3.103765e+02 4.239965e+01 5.786956e+01
      vertex   3.105661e+02 4.187850e+01 5.868090e+01
      vertex   3.105661e+02 4.249344e+01 5.794303e+01
    endloop
  endfacet
  facet normal -5.318580e-01 6.820830e-01 5.018862e-01
    outer loop
      vertex   3.103765e+02 4.239965e+01 5.786956e+01
      vertex   3.105661e+02 4.249344e+01 5.794303e+01
      vertex   3.103765e+02 4.296465e+01 5.710171e+01
    endloop
  endfacet
  facet normal -5.318580e-01 6.820830e-01 5.018862e-01
    outer loop
      vertex   3.103765e+02 4.296465e+01 5.710171e+01
      vertex   3.105661e+02 4.249344e+01 5.794303e+01
      vertex   3.105661e+02 4.306270e+01 5.716938e+01
    endloop
  endfacet
  facet normal -5.318580e-01 7.111417e-01 4.597874e-01
    outer loop
      vertex   3.103765e+02 4.296465e+01 5.710171e+01
      vertex   3.105661e+02 4.306270e+01 5.716938e+01
      vertex   3.103765e+02 4.348225e+01 5.630114e+01
    endloop
  endfacet
  facet normal -5.318580e-01 7.111417e-01 4.597874e-01
    outer loop
      vertex   3.103765e+02 4.348225e+01 5.630114e+01
      vertex   3.105661e+02 4.306270e+01 5.716938e+01
      vertex   3.105661e+02 4.358421e+01 5.636278e+01
    endloop
  endfacet
  facet normal -5.318580e-01 7.376056e-01 4.160109e-01
    outer loop
      vertex   3.103765e+02 4.348225e+01 5.630114e+01
      vertex   3.105661e+02 4.358421e+01 5.636278e+01
      vertex   3.103765e+02 4.395057e+01 5.547079e+01
    endloop
  endfacet
  facet normal -5.318580e-01 7.376056e-01 4.160109e-01
    outer loop
      vertex   3.103765e+02 4.395057e+01 5.547079e+01
      vertex   3.105661e+02 4.358421e+01 5.636278e+01
      vertex   3.105661e+02 4.405606e+01 5.552615e+01
    endloop
  endfacet
  facet normal -5.318580e-01 7.613780e-01 3.707164e-01
    outer loop
      vertex   3.103765e+02 4.395057e+01 5.547079e+01
      vertex   3.105661e+02 4.405606e+01 5.552615e+01
      vertex   3.103765e+02 4.436791e+01 5.461367e+01
    endloop
  endfacet
  facet normal -5.318580e-01 7.613780e-01 3.707164e-01
    outer loop
      vertex   3.103765e+02 4.436791e+01 5.461367e+01
      vertex   3.105661e+02 4.405606e+01 5.552615e+01
      vertex   3.105661e+02 4.447655e+01 5.466257e+01
    endloop
  endfacet
  facet normal -5.318580e-01 7.823722e-01 3.240692e-01
    outer loop
      vertex   3.103765e+02 4.436791e+01 5.461367e+01
      vertex   3.105661e+02 4.447655e+01 5.466257e+01
      vertex   3.103765e+02 4.473273e+01 5.373292e+01
    endloop
  endfacet
  facet normal -5.318580e-01 7.823722e-01 3.240692e-01
    outer loop
      vertex   3.103765e+02 4.473273e+01 5.373292e+01
      vertex   3.105661e+02 4.447655e+01 5.466257e+01
      vertex   3.105661e+02 4.484412e+01 5.377517e+01
    endloop
  endfacet
  facet normal -5.318580e-01 8.005116e-01 2.762395e-01
    outer loop
      vertex   3.103765e+02 4.473273e+01 5.373292e+01
      vertex   3.105661e+02 4.484412e+01 5.377517e+01
      vertex   3.103765e+02 4.504370e+01 5.283175e+01
    endloop
  endfacet
  facet normal -5.318580e-01 8.005116e-01 2.762395e-01
    outer loop
      vertex   3.103765e+02 4.504370e+01 5.283175e+01
      vertex   3.105661e+02 4.484412e+01 5.377517e+01
      vertex   3.105661e+02 4.515744e+01 5.286719e+01
    endloop
  endfacet
  facet normal -5.318580e-01 8.157300e-01 2.274018e-01
    outer loop
      vertex   3.103765e+02 4.504370e+01 5.283175e+01
      vertex   3.105661e+02 4.515744e+01 5.286719e+01
      vertex   3.103765e+02 4.529970e+01 5.191344e+01
    endloop
  endfacet
  facet normal -5.318580e-01 8.157300e-01 2.274018e-01
    outer loop
      vertex   3.103765e+02 4.529970e+01 5.191344e+01
      vertex   3.105661e+02 4.515744e+01 5.286719e+01
      vertex   3.105661e+02 4.541537e+01 5.194196e+01
    endloop
  endfacet
  facet normal -5.318580e-01 8.279719e-01 1.777344e-01
    outer loop
      vertex   3.103765e+02 4.529970e+01 5.191344e+01
      vertex   3.105661e+02 4.541537e+01 5.194196e+01
      vertex   3.103765e+02 4.549978e+01 5.098136e+01
    endloop
  endfacet
  facet normal -3.301448e-01 2.850955e-02 9.434997e-01
    outer loop
      vertex   3.105661e+02 2.997646e+01 6.403757e+01
      vertex   3.107775e+02 2.997646e+01 6.411153e+01
      vertex   3.105661e+02 3.093653e+01 6.400856e+01
    endloop
  endfacet
  facet normal -3.301448e-01 2.850955e-02 9.434997e-01
    outer loop
      vertex   3.105661e+02 3.093653e+01 6.400856e+01
      vertex   3.107775e+02 2.997646e+01 6.411153e+01
      vertex   3.107775e+02 3.094100e+01 6.408239e+01
    endloop
  endfacet
  facet normal -3.301448e-01 8.542463e-02 9.400569e-01
    outer loop
      vertex   3.105661e+02 3.093653e+01 6.400856e+01
      vertex   3.107775e+02 3.094100e+01 6.408239e+01
      vertex   3.105661e+02 3.189311e+01 6.392164e+01
    endloop
  endfacet
  facet normal -3.301448e-01 8.542463e-02 9.400569e-01
    outer loop
      vertex   3.105661e+02 3.189311e+01 6.392164e+01
      vertex   3.107775e+02 3.094100e+01 6.408239e+01
      vertex   3.107775e+02 3.190202e+01 6.399506e+01
    endloop
  endfacet
  facet normal -3.301448e-01 1.420280e-01 9.331840e-01
    outer loop
      vertex   3.105661e+02 3.189311e+01 6.392164e+01
      vertex   3.107775e+02 3.190202e+01 6.399506e+01
      vertex   3.105661e+02 3.284269e+01 6.377711e+01
    endloop
  endfacet
  facet normal -3.301448e-01 1.420280e-01 9.331840e-01
    outer loop
      vertex   3.105661e+02 3.284269e+01 6.377711e+01
      vertex   3.107775e+02 3.190202e+01 6.399506e+01
      vertex   3.107775e+02 3.285602e+01 6.384986e+01
    endloop
  endfacet
  facet normal -3.301448e-01 1.981131e-01 9.229061e-01
    outer loop
      vertex   3.105661e+02 3.284269e+01 6.377711e+01
      vertex   3.107775e+02 3.285602e+01 6.384986e+01
      vertex   3.105661e+02 3.378181e+01 6.357552e+01
    endloop
  endfacet
  facet normal -3.301448e-01 1.981131e-01 9.229061e-01
    outer loop
      vertex   3.105661e+02 3.378181e+01 6.357552e+01
      vertex   3.107775e+02 3.285602e+01 6.384986e+01
      vertex   3.107775e+02 3.379951e+01 6.364733e+01
    endloop
  endfacet
  facet normal -3.301448e-01 2.534754e-01 9.092605e-01
    outer loop
      vertex   3.105661e+02 3.378181e+01 6.357552e+01
      vertex   3.107775e+02 3.379951e+01 6.364733e+01
      vertex   3.105661e+02 3.470704e+01 6.331759e+01
    endloop
  endfacet
  facet normal -3.301448e-01 2.534754e-01 9.092605e-01
    outer loop
      vertex   3.105661e+02 3.470704e+01 6.331759e+01
      vertex   3.107775e+02 3.379951e+01 6.364733e+01
      vertex   3.107775e+02 3.472905e+01 6.338820e+01
    endloop
  endfacet
  facet normal -3.301448e-01 3.079127e-01 8.922971e-01
    outer loop
      vertex   3.105661e+02 3.470704e+01 6.331759e+01
      vertex   3.107775e+02 3.472905e+01 6.338820e+01
      vertex   3.105661e+02 3.561502e+01 6.300427e+01
    endloop
  endfacet
  facet normal -3.301448e-01 3.079127e-01 8.922971e-01
    outer loop
      vertex   3.105661e+02 3.561502e+01 6.300427e+01
      vertex   3.107775e+02 3.472905e+01 6.338820e+01
      vertex   3.107775e+02 3.564124e+01 6.307342e+01
    endloop
  endfacet
  facet normal -3.301448e-01 3.612265e-01 8.720779e-01
    outer loop
      vertex   3.105661e+02 3.561502e+01 6.300427e+01
      vertex   3.107775e+02 3.564124e+01 6.307342e+01
      vertex   3.105661e+02 3.650242e+01 6.263670e+01
    endloop
  endfacet
  facet normal -3.301448e-01 3.612265e-01 8.720779e-01
    outer loop
      vertex   3.105661e+02 3.650242e+01 6.263670e+01
      vertex   3.107775e+02 3.564124e+01 6.307342e+01
      vertex   3.107775e+02 3.653277e+01 6.270414e+01
    endloop
  endfacet
  facet normal -3.301448e-01 4.132222e-01 8.486765e-01
    outer loop
      vertex   3.105661e+02 3.650242e+01 6.263670e+01
      vertex   3.107775e+02 3.653277e+01 6.270414e+01
      vertex   3.105661e+02 3.736600e+01 6.221621e+01
    endloop
  endfacet
  facet normal -3.301448e-01 4.132222e-01 8.486765e-01
    outer loop
      vertex   3.105661e+02 3.736600e+01 6.221621e+01
      vertex   3.107775e+02 3.653277e+01 6.270414e+01
      vertex   3.107775e+02 3.740038e+01 6.228170e+01
    endloop
  endfacet
  facet normal -3.301448e-01 4.637101e-01 8.221784e-01
    outer loop
      vertex   3.105661e+02 3.736600e+01 6.221621e+01
      vertex   3.107775e+02 3.740038e+01 6.228170e+01
      vertex   3.105661e+02 3.820263e+01 6.174436e+01
    endloop
  endfacet
  facet normal -3.301448e-01 4.637101e-01 8.221784e-01
    outer loop
      vertex   3.105661e+02 3.820263e+01 6.174436e+01
      vertex   3.107775e+02 3.740038e+01 6.228170e+01
      vertex   3.107775e+02 3.824089e+01 6.180765e+01
    endloop
  endfacet
  facet normal -3.301448e-01 5.125060e-01 7.926803e-01
    outer loop
      vertex   3.105661e+02 3.820263e+01 6.174436e+01
      vertex   3.107775e+02 3.824089e+01 6.180765e+01
      vertex   3.105661e+02 3.900924e+01 6.122285e+01
    endloop
  endfacet
  facet normal -3.301448e-01 5.125060e-01 7.926803e-01
    outer loop
      vertex   3.105661e+02 3.900924e+01 6.122285e+01
      vertex   3.107775e+02 3.824089e+01 6.180765e+01
      vertex   3.107775e+02 3.905125e+01 6.128371e+01
    endloop
  endfacet
  facet normal -3.301448e-01 5.594318e-01 7.602897e-01
    outer loop
      vertex   3.105661e+02 3.900924e+01 6.122285e+01
      vertex   3.107775e+02 3.905125e+01 6.128371e+01
      vertex   3.105661e+02 3.978288e+01 6.065358e+01
    endloop
  endfacet
  facet normal -3.301448e-01 5.594318e-01 7.602897e-01
    outer loop
      vertex   3.105661e+02 3.978288e+01 6.065358e+01
      vertex   3.107775e+02 3.905125e+01 6.128371e+01
      vertex   3.107775e+02 3.982850e+01 6.071180e+01
    endloop
  endfacet
  facet normal -3.301448e-01 6.043163e-01 7.251250e-01
    outer loop
      vertex   3.105661e+02 3.978288e+01 6.065358e+01
      vertex   3.107775e+02 3.982850e+01 6.071180e+01
      vertex   3.105661e+02 4.052075e+01 6.003865e+01
    endloop
  endfacet
  facet normal -3.301448e-01 6.043163e-01 7.251250e-01
    outer loop
      vertex   3.105661e+02 4.052075e+01 6.003865e+01
      vertex   3.107775e+02 3.982850e+01 6.071180e+01
      vertex   3.107775e+02 4.056979e+01 6.009401e+01
    endloop
  endfacet
  facet normal -3.301448e-01 6.469957e-01 6.873143e-01
    outer loop
      vertex   3.105661e+02 4.052075e+01 6.003865e+01
      vertex   3.107775e+02 4.056979e+01 6.009401e+01
      vertex   3.105661e+02 4.122014e+01 5.938029e+01
    endloop
  endfacet
  facet normal -3.301448e-01 6.469957e-01 6.873143e-01
    outer loop
      vertex   3.105661e+02 4.122014e+01 5.938029e+01
      vertex   3.107775e+02 4.056979e+01 6.009401e+01
      vertex   3.107775e+02 4.127244e+01 5.943258e+01
    endloop
  endfacet
  facet normal -3.301448e-01 6.873143e-01 6.469957e-01
    outer loop
      vertex   3.105661e+02 4.122014e+01 5.938029e+01
      vertex   3.107775e+02 4.127244e+01 5.943258e+01
      vertex   3.105661e+02 4.187850e+01 5.868090e+01
    endloop
  endfacet
  facet normal -3.301448e-01 6.873143e-01 6.469957e-01
    outer loop
      vertex   3.105661e+02 4.187850e+01 5.868090e+01
      vertex   3.107775e+02 4.127244e+01 5.943258e+01
      vertex   3.107775e+02 4.193386e+01 5.872994e+01
    endloop
  endfacet
  facet normal -3.301448e-01 7.251250e-01 6.043163e-01
    outer loop
      vertex   3.105661e+02 4.187850e+01 5.868090e+01
      vertex   3.107775e+02 4.193386e+01 5.872994e+01
      vertex   3.105661e+02 4.249344e+01 5.794303e+01
    endloop
  endfacet
  facet normal -3.301448e-01 7.251250e-01 6.043163e-01
    outer loop
      vertex   3.105661e+02 4.249344e+01 5.794303e+01
      vertex   3.107775e+02 4.193386e+01 5.872994e+01
      vertex   3.107775e+02 4.255166e+01 5.798864e+01
    endloop
  endfacet
  facet normal -3.301448e-01 7.602897e-01 5.594318e-01
    outer loop
      vertex   3.105661e+02 4.249344e+01 5.794303e+01
      vertex   3.107775e+02 4.255166e+01 5.798864e+01
      vertex   3.105661e+02 4.306270e+01 5.716938e+01
    endloop
  endfacet
  facet normal -3.301448e-01 7.602897e-01 5.594318e-01
    outer loop
      vertex   3.105661e+02 4.306270e+01 5.716938e+01
      vertex   3.107775e+02 4.255166e+01 5.798864e+01
      vertex   3.107775e+02 4.312356e+01 5.721140e+01
    endloop
  endfacet
  facet normal -3.301448e-01 7.926803e-01 5.125060e-01
    outer loop
      vertex   3.105661e+02 4.306270e+01 5.716938e+01
      vertex   3.107775e+02 4.312356e+01 5.721140e+01
      vertex   3.105661e+02 4.358421e+01 5.636278e+01
    endloop
  endfacet
  facet normal -3.301448e-01 7.926803e-01 5.125060e-01
    outer loop
      vertex   3.105661e+02 4.358421e+01 5.636278e+01
      vertex   3.107775e+02 4.312356e+01 5.721140e+01
      vertex   3.107775e+02 4.364750e+01 5.640104e+01
    endloop
  endfacet
  facet normal -3.301448e-01 8.221784e-01 4.637101e-01
    outer loop
      vertex   3.105661e+02 4.358421e+01 5.636278e+01
      vertex   3.107775e+02 4.364750e+01 5.640104e+01
      vertex   3.105661e+02 4.405606e+01 5.552615e+01
    endloop
  endfacet
  facet normal -3.301448e-01 8.221784e-01 4.637101e-01
    outer loop
      vertex   3.105661e+02 4.405606e+01 5.552615e+01
      vertex   3.107775e+02 4.364750e+01 5.640104e+01
      vertex   3.107775e+02 4.412155e+01 5.556052e+01
    endloop
  endfacet
  facet normal -3.301448e-01 8.486765e-01 4.132222e-01
    outer loop
      vertex   3.105661e+02 4.405606e+01 5.552615e+01
      vertex   3.107775e+02 4.412155e+01 5.556052e+01
      vertex   3.105661e+02 4.447655e+01 5.466257e+01
    endloop
  endfacet
  facet normal -3.301448e-01 8.486765e-01 4.132222e-01
    outer loop
      vertex   3.105661e+02 4.447655e+01 5.466257e+01
      vertex   3.107775e+02 4.412155e+01 5.556052e+01
      vertex   3.107775e+02 4.454399e+01 5.469292e+01
    endloop
  endfacet
  facet normal -3.301448e-01 8.720779e-01 3.612265e-01
    outer loop
      vertex   3.105661e+02 4.447655e+01 5.466257e+01
      vertex   3.107775e+02 4.454399e+01 5.469292e+01
      vertex   3.105661e+02 4.484412e+01 5.377517e+01
    endloop
  endfacet
  facet normal -3.301448e-01 8.720779e-01 3.612265e-01
    outer loop
      vertex   3.105661e+02 4.484412e+01 5.377517e+01
      vertex   3.107775e+02 4.454399e+01 5.469292e+01
      vertex   3.107775e+02 4.491327e+01 5.380139e+01
    endloop
  endfacet
  facet normal -3.301448e-01 8.922971e-01 3.079127e-01
    outer loop
      vertex   3.105661e+02 4.484412e+01 5.377517e+01
      vertex   3.107775e+02 4.491327e+01 5.380139e+01
      vertex   3.105661e+02 4.515744e+01 5.286719e+01
    endloop
  endfacet
  facet normal -3.301448e-01 8.922971e-01 3.079127e-01
    outer loop
      vertex   3.105661e+02 4.515744e+01 5.286719e+01
      vertex   3.107775e+02 4.491327e+01 5.380139e+01
      vertex   3.107775e+02 4.522805e+01 5.288919e+01
    endloop
  endfacet
  facet normal -3.301448e-01 9.092605e-01 2.534754e-01
    outer loop
      vertex   3.105661e+02 4.515744e+01 5.286719e+01
      vertex   3.107775e+02 4.522805e+01 5.288919e+01
      vertex   3.105661e+02 4.541537e+01 5.194196e+01
    endloop
  endfacet
  facet normal -8.466148e-01 -4.816406e-02 5.300223e-01
    outer loop
      vertex   3.100990e+02 2.904458e+01 6.354233e+01
      vertex   3.102182e+02 2.809325e+01 6.364618e+01
      vertex   3.102182e+02 2.903313e+01 6.373159e+01
    endloop
  endfacet
  facet normal -7.069454e-01 -6.400697e-02 7.043659e-01
    outer loop
      vertex   3.102182e+02 2.903313e+01 6.373159e+01
      vertex   3.102182e+02 2.809325e+01 6.364618e+01
      vertex   3.103765e+02 2.807417e+01 6.380337e+01
    endloop
  endfacet
  facet normal -7.069454e-01 -6.400697e-02 7.043659e-01
    outer loop
      vertex   3.102182e+02 2.903313e+01 6.373159e+01
      vertex   3.103765e+02 2.807417e+01 6.380337e+01
      vertex   3.103765e+02 2.902357e+01 6.388964e+01
    endloop
  endfacet
  facet normal -5.318580e-01 -7.663748e-02 8.433586e-01
    outer loop
      vertex   3.103765e+02 2.902357e+01 6.388964e+01
      vertex   3.103765e+02 2.807417e+01 6.380337e+01
      vertex   3.105661e+02 2.805981e+01 6.392164e+01
    endloop
  endfacet
  facet normal -5.318580e-01 -7.663748e-02 8.433586e-01
    outer loop
      vertex   3.103765e+02 2.902357e+01 6.388964e+01
      vertex   3.105661e+02 2.805981e+01 6.392164e+01
      vertex   3.105661e+02 2.901638e+01 6.400856e+01
    endloop
  endfacet
  facet normal -3.301448e-01 -8.542463e-02 9.400569e-01
    outer loop
      vertex   3.105661e+02 2.901638e+01 6.400856e+01
      vertex   3.105661e+02 2.805981e+01 6.392164e+01
      vertex   3.107775e+02 2.805089e+01 6.399506e+01
    endloop
  endfacet
  facet normal -3.301448e-01 -8.542463e-02 9.400569e-01
    outer loop
      vertex   3.105661e+02 2.901638e+01 6.400856e+01
      vertex   3.107775e+02 2.805089e+01 6.399506e+01
      vertex   3.107775e+02 2.901191e+01 6.408239e+01
    endloop
  endfacet
  facet normal -7.069454e-01 -1.064187e-01 6.992161e-01
    outer loop
      vertex   3.102182e+02 2.809325e+01 6.364618e+01
      vertex   3.103765e+02 2.713170e+01 6.365993e+01
      vertex   3.103765e+02 2.807417e+01 6.380337e+01
    endloop
  endfacet
  facet normal -5.318580e-01 -1.274184e-01 8.371927e-01
    outer loop
      vertex   3.103765e+02 2.807417e+01 6.380337e+01
      vertex   3.103765e+02 2.713170e+01 6.365993e+01
      vertex   3.105661e+02 2.711023e+01 6.377711e+01
    endloop
  endfacet
  facet normal -5.318580e-01 -1.274184e-01 8.371927e-01
    outer loop
      vertex   3.103765e+02 2.807417e+01 6.380337e+01
      vertex   3.105661e+02 2.711023e+01 6.377711e+01
      vertex   3.105661e+02 2.805981e+01 6.392164e+01
    endloop
  endfacet
  facet normal -3.301448e-01 -1.420280e-01 9.331840e-01
    outer loop
      vertex   3.105661e+02 2.805981e+01 6.392164e+01
      vertex   3.105661e+02 2.711023e+01 6.377711e+01
      vertex   3.107775e+02 2.709690e+01 6.384986e+01
    endloop
  endfacet
  facet normal -3.301448e-01 -1.420280e-01 9.331840e-01
    outer loop
      vertex   3.105661e+02 2.805981e+01 6.392164e+01
      vertex   3.107775e+02 2.709690e+01 6.384986e+01
      vertex   3.107775e+02 2.805089e+01 6.399506e+01
    endloop
  endfacet
  facet normal -3.301448e-01 -1.981131e-01 9.229061e-01
    outer loop
      vertex   3.107775e+02 2.615341e+01 6.364733e+01
      vertex   3.107775e+02 2.709690e+01 6.384986e+01
      vertex   3.105661e+02 2.711023e+01 6.377711e+01
    endloop
  endfacet
  facet normal -3.301448e-01 -1.981131e-01 9.229061e-01
    outer loop
      vertex   3.107775e+02 2.615341e+01 6.364733e+01
      vertex   3.105661e+02 2.711023e+01 6.377711e+01
      vertex   3.105661e+02 2.617111e+01 6.357552e+01
    endloop
  endfacet
  facet normal -5.318580e-01 -1.777344e-01 8.279719e-01
    outer loop
      vertex   3.105661e+02 2.617111e+01 6.357552e+01
      vertex   3.105661e+02 2.711023e+01 6.377711e+01
      vertex   3.103765e+02 2.713170e+01 6.365993e+01
    endloop
  endfacet
  facet normal -3.301448e-01 -2.534754e-01 9.092605e-01
    outer loop
      vertex   3.107775e+02 2.522387e+01 6.338820e+01
      vertex   3.107775e+02 2.615341e+01 6.364733e+01
      vertex   3.105661e+02 2.617111e+01 6.357552e+01
    endloop
  endfacet
  facet normal 1.560941e-16 -9.995438e-01 3.020303e-02
    outer loop
      vertex   3.210000e+02 1.400565e+01 4.910266e+01
      vertex   3.110000e+02 1.400565e+01 4.910266e+01
      vertex   3.210000e+02 1.397646e+01 4.813660e+01
    endloop
  endfacet
  facet normal 0.000000e+00 -9.995438e-01 3.020303e-02
    outer loop
      vertex   3.210000e+02 1.397646e+01 4.813660e+01
      vertex   3.110000e+02 1.400565e+01 4.910266e+01
      vertex   3.110000e+02 1.397646e+01 4.813660e+01
    endloop
  endfacet
  facet normal -0.000000e+00 -9.995438e-01 -3.020303e-02
    outer loop
      vertex   3.210000e+02 1.397646e+01 4.813660e+01
      vertex   3.110000e+02 1.397646e+01 4.813660e+01
      vertex   3.210000e+02 1.400565e+01 4.717055e+01
    endloop
  endfacet
  facet normal -1.346336e-16 -9.995438e-01 -3.020303e-02
    outer loop
      vertex   3.210000e+02 1.400565e+01 4.717055e+01
      vertex   3.110000e+02 1.397646e+01 4.813660e+01
      vertex   3.110000e+02 1.400565e+01 4.717055e+01
    endloop
  endfacet
  facet normal -4.830013e-17 -9.958966e-01 -9.049888e-02
    outer loop
      vertex   3.210000e+02 1.400565e+01 4.717055e+01
      vertex   3.110000e+02 1.400565e+01 4.717055e+01
      vertex   3.210000e+02 1.409311e+01 4.620802e+01
    endloop
  endfacet
  facet normal 6.430332e-17 -9.958966e-01 -9.049888e-02
    outer loop
      vertex   3.210000e+02 1.409311e+01 4.620802e+01
      vertex   3.110000e+02 1.400565e+01 4.717055e+01
      vertex   3.110000e+02 1.409311e+01 4.620802e+01
    endloop
  endfacet
  facet normal 1.069115e-16 -9.886154e-01 -1.504645e-01
    outer loop
      vertex   3.210000e+02 1.409311e+01 4.620802e+01
      vertex   3.110000e+02 1.409311e+01 4.620802e+01
      vertex   3.210000e+02 1.423854e+01 4.525252e+01
    endloop
  endfacet
  facet normal -0.000000e+00 -9.886154e-01 -1.504645e-01
    outer loop
      vertex   3.210000e+02 1.423854e+01 4.525252e+01
      vertex   3.110000e+02 1.409311e+01 4.620802e+01
      vertex   3.110000e+02 1.423854e+01 4.525252e+01
    endloop
  endfacet
  facet normal -0.000000e+00 -9.777269e-01 -2.098811e-01
    outer loop
      vertex   3.210000e+02 1.423854e+01 4.525252e+01
      vertex   3.110000e+02 1.423854e+01 4.525252e+01
      vertex   3.210000e+02 1.444139e+01 4.430755e+01
    endloop
  endfacet
  facet normal 2.737093e-16 -9.777269e-01 -2.098811e-01
    outer loop
      vertex   3.210000e+02 1.444139e+01 4.430755e+01
      vertex   3.110000e+02 1.423854e+01 4.525252e+01
      vertex   3.110000e+02 1.444139e+01 4.430755e+01
    endloop
  endfacet
  facet normal 4.012988e-16 -9.632708e-01 -2.685319e-01
    outer loop
      vertex   3.210000e+02 1.444139e+01 4.430755e+01
      vertex   3.110000e+02 1.444139e+01 4.430755e+01
      vertex   3.210000e+02 1.470092e+01 4.337656e+01
    endloop
  endfacet
  facet normal 1.969210e-17 -9.632708e-01 -2.685319e-01
    outer loop
      vertex   3.210000e+02 1.470092e+01 4.337656e+01
      vertex   3.110000e+02 1.444139e+01 4.430755e+01
      vertex   3.110000e+02 1.470092e+01 4.337656e+01
    endloop
  endfacet
  facet normal 6.386204e-17 -9.452998e-01 -3.262028e-01
    outer loop
      vertex   3.210000e+02 1.470092e+01 4.337656e+01
      vertex   3.110000e+02 1.470092e+01 4.337656e+01
      vertex   3.210000e+02 1.501620e+01 4.246293e+01
    endloop
  endfacet
  facet normal -0.000000e+00 -9.452998e-01 -3.262028e-01
    outer loop
      vertex   3.210000e+02 1.501620e+01 4.246293e+01
      vertex   3.110000e+02 1.470092e+01 4.337656e+01
      vertex   3.110000e+02 1.501620e+01 4.246293e+01
    endloop
  endfacet
  facet normal -0.000000e+00 -9.238795e-01 -3.826834e-01
    outer loop
      vertex   3.210000e+02 1.501620e+01 4.246293e+01
      vertex   3.110000e+02 1.501620e+01 4.246293e+01
      vertex   3.210000e+02 1.538606e+01 4.157000e+01
    endloop
  endfacet
  facet normal -0.000000e+00 -9.238795e-01 -3.826834e-01
    outer loop
      vertex   3.210000e+02 1.538606e+01 4.157000e+01
      vertex   3.110000e+02 1.501620e+01 4.246293e+01
      vertex   3.110000e+02 1.538606e+01 4.157000e+01
    endloop
  endfacet
  facet normal -0.000000e+00 -8.990881e-01 -4.377677e-01
    outer loop
      vertex   3.210000e+02 1.538606e+01 4.157000e+01
      vertex   3.110000e+02 1.538606e+01 4.157000e+01
      vertex   3.210000e+02 1.580916e+01 4.070103e+01
    endloop
  endfacet
  facet normal -8.367601e-18 -8.990881e-01 -4.377677e-01
    outer loop
      vertex   3.210000e+02 1.580916e+01 4.070103e+01
      vertex   3.110000e+02 1.538606e+01 4.157000e+01
      vertex   3.110000e+02 1.580916e+01 4.070103e+01
    endloop
  endfacet
  facet normal 3.961034e-17 -8.710160e-01 -4.912546e-01
    outer loop
      vertex   3.210000e+02 1.580916e+01 4.070103e+01
      vertex   3.110000e+02 1.580916e+01 4.070103e+01
      vertex   3.210000e+02 1.628396e+01 3.985920e+01
    endloop
  endfacet
  facet normal -0.000000e+00 -8.710160e-01 -4.912546e-01
    outer loop
      vertex   3.210000e+02 1.628396e+01 3.985920e+01
      vertex   3.110000e+02 1.580916e+01 4.070103e+01
      vertex   3.110000e+02 1.628396e+01 3.985920e+01
    endloop
  endfacet
  facet normal -0.000000e+00 -8.397657e-01 -5.429490e-01
    outer loop
      vertex   3.210000e+02 1.628396e+01 3.985920e+01
      vertex   3.110000e+02 1.628396e+01 3.985920e+01
      vertex   3.210000e+02 1.680871e+01 3.904757e+01
    endloop
  endfacet
  facet normal -0.000000e+00 -8.397657e-01 -5.429490e-01
    outer loop
      vertex   3.210000e+02 1.680871e+01 3.904757e+01
      vertex   3.110000e+02 1.628396e+01 3.985920e+01
      vertex   3.110000e+02 1.680871e+01 3.904757e+01
    endloop
  endfacet
  facet normal -0.000000e+00 -8.054511e-01 -5.926622e-01
    outer loop
      vertex   3.210000e+02 1.680871e+01 3.904757e+01
      vertex   3.110000e+02 1.680871e+01 3.904757e+01
      vertex   3.210000e+02 1.738152e+01 3.826910e+01
    endloop
  endfacet
  facet normal -1.511956e-16 -8.054511e-01 -5.926622e-01
    outer loop
      vertex   3.210000e+02 1.738152e+01 3.826910e+01
      vertex   3.110000e+02 1.680871e+01 3.904757e+01
      vertex   3.110000e+02 1.738152e+01 3.826910e+01
    endloop
  endfacet
  facet normal -9.093863e-17 -7.681976e-01 -6.402128e-01
    outer loop
      vertex   3.210000e+02 1.738152e+01 3.826910e+01
      vertex   3.110000e+02 1.738152e+01 3.826910e+01
      vertex   3.210000e+02 1.800028e+01 3.752664e+01
    endloop
  endfacet
  facet normal 1.819800e-16 -7.681976e-01 -6.402128e-01
    outer loop
      vertex   3.210000e+02 1.800028e+01 3.752664e+01
      vertex   3.110000e+02 1.738152e+01 3.826910e+01
      vertex   3.110000e+02 1.800028e+01 3.752664e+01
    endloop
  endfacet
  facet normal 2.283378e-16 -7.281410e-01 -6.854274e-01
    outer loop
      vertex   3.210000e+02 1.800028e+01 3.752664e+01
      vertex   3.110000e+02 1.800028e+01 3.752664e+01
      vertex   3.210000e+02 1.866275e+01 3.682290e+01
    endloop
  endfacet
  facet normal -0.000000e+00 -7.281410e-01 -6.854274e-01
    outer loop
      vertex   3.210000e+02 1.866275e+01 3.682290e+01
      vertex   3.110000e+02 1.800028e+01 3.752664e+01
      vertex   3.110000e+02 1.866275e+01 3.682290e+01
    endloop
  endfacet
  facet normal -0.000000e+00 -6.854274e-01 -7.281410e-01
    outer loop
      vertex   3.210000e+02 1.866275e+01 3.682290e+01
      vertex   3.110000e+02 1.866275e+01 3.682290e+01
      vertex   3.210000e+02 1.936649e+01 3.616043e+01
    endloop
  endfacet
  facet normal 3.042123e-16 -6.854274e-01 -7.281410e-01
    outer loop
      vertex   3.210000e+02 1.936649e+01 3.616043e+01
      vertex   3.110000e+02 1.866275e+01 3.682290e+01
      vertex   3.110000e+02 1.936649e+01 3.616043e+01
    endloop
  endfacet
  facet normal 4.093265e-16 -6.402128e-01 -7.681976e-01
    outer loop
      vertex   3.210000e+02 1.936649e+01 3.616043e+01
      vertex   3.110000e+02 1.936649e+01 3.616043e+01
      vertex   3.210000e+02 2.010895e+01 3.554167e+01
    endloop
  endfacet
  facet normal -1.365107e-16 -6.402128e-01 -7.681976e-01
    outer loop
      vertex   3.210000e+02 2.010895e+01 3.554167e+01
      vertex   3.110000e+02 1.936649e+01 3.616043e+01
      vertex   3.110000e+02 2.010895e+01 3.554167e+01
    endloop
  endfacet
  facet normal -5.936027e-17 -5.926622e-01 -8.054511e-01
    outer loop
      vertex   3.210000e+02 2.010895e+01 3.554167e+01
      vertex   3.110000e+02 2.010895e+01 3.554167e+01
      vertex   3.210000e+02 2.088742e+01 3.496886e+01
    endloop
  endfacet
  facet normal -0.000000e+00 -5.926622e-01 -8.054511e-01
    outer loop
      vertex   3.210000e+02 2.088742e+01 3.496886e+01
      vertex   3.110000e+02 2.010895e+01 3.554167e+01
      vertex   3.110000e+02 2.088742e+01 3.496886e+01
    endloop
  endfacet
  facet normal -0.000000e+00 -5.429490e-01 -8.397657e-01
    outer loop
      vertex   3.210000e+02 2.088742e+01 3.496886e+01
      vertex   3.110000e+02 2.088742e+01 3.496886e+01
      vertex   3.210000e+02 2.169905e+01 3.444410e+01
    endloop
  endfacet
  facet normal -0.000000e+00 -5.429490e-01 -8.397657e-01
    outer loop
      vertex   3.210000e+02 2.169905e+01 3.444410e+01
      vertex   3.110000e+02 2.088742e+01 3.496886e+01
      vertex   3.110000e+02 2.169905e+01 3.444410e+01
    endloop
  endfacet
  facet normal -0.000000e+00 -4.912546e-01 -8.710160e-01
    outer loop
      vertex   3.210000e+02 2.169905e+01 3.444410e+01
      vertex   3.110000e+02 2.169905e+01 3.444410e+01
      vertex   3.210000e+02 2.254089e+01 3.396931e+01
    endloop
  endfacet
  facet normal -1.745287e-16 -4.912546e-01 -8.710160e-01
    outer loop
      vertex   3.210000e+02 2.254089e+01 3.396931e+01
      vertex   3.110000e+02 2.169905e+01 3.444410e+01
      vertex   3.110000e+02 2.254089e+01 3.396931e+01
    endloop
  endfacet
  facet normal -1.555263e-16 -4.377677e-01 -8.990881e-01
    outer loop
      vertex   3.210000e+02 2.254089e+01 3.396931e+01
      vertex   3.110000e+02 2.254089e+01 3.396931e+01
      vertex   3.210000e+02 2.340985e+01 3.354621e+01
    endloop
  endfacet
  facet normal -0.000000e+00 -4.377677e-01 -8.990881e-01
    outer loop
      vertex   3.210000e+02 2.340985e+01 3.354621e+01
      vertex   3.110000e+02 2.254089e+01 3.396931e+01
      vertex   3.110000e+02 2.340985e+01 3.354621e+01
    endloop
  endfacet
  facet normal -0.000000e+00 -3.826834e-01 -9.238795e-01
    outer loop
      vertex   3.210000e+02 2.340985e+01 3.354621e+01
      vertex   3.110000e+02 2.340985e+01 3.354621e+01
      vertex   3.210000e+02 2.430278e+01 3.317634e+01
    endloop
  endfacet
  facet normal -0.000000e+00 -3.826834e-01 -9.238795e-01
    outer loop
      vertex   3.210000e+02 2.430278e+01 3.317634e+01
      vertex   3.110000e+02 2.340985e+01 3.354621e+01
      vertex   3.110000e+02 2.430278e+01 3.317634e+01
    endloop
  endfacet
  facet normal -0.000000e+00 -3.262028e-01 -9.452998e-01
    outer loop
      vertex   3.210000e+02 2.430278e+01 3.317634e+01
      vertex   3.110000e+02 2.430278e+01 3.317634e+01
      vertex   3.210000e+02 2.521641e+01 3.286107e+01
    endloop
  endfacet
  facet normal -2.317810e-16 -3.262028e-01 -9.452998e-01
    outer loop
      vertex   3.210000e+02 2.521641e+01 3.286107e+01
      vertex   3.110000e+02 2.430278e+01 3.317634e+01
      vertex   3.110000e+02 2.521641e+01 3.286107e+01
    endloop
  endfacet
  facet normal -1.908034e-16 -2.685319e-01 -9.632708e-01
    outer loop
      vertex   3.210000e+02 2.521641e+01 3.286107e+01
      vertex   3.110000e+02 2.521641e+01 3.286107e+01
      vertex   3.210000e+02 2.614741e+01 3.260154e+01
    endloop
  endfacet
  facet normal -9.540168e-17 -2.685319e-01 -9.632708e-01
    outer loop
      vertex   3.210000e+02 2.614741e+01 3.260154e+01
      vertex   3.110000e+02 2.521641e+01 3.286107e+01
      vertex   3.110000e+02 2.614741e+01 3.260154e+01
    endloop
  endfacet
  facet normal -7.456475e-17 -2.098811e-01 -9.777269e-01
    outer loop
      vertex   3.210000e+02 2.614741e+01 3.260154e+01
      vertex   3.110000e+02 2.614741e+01 3.260154e+01
      vertex   3.210000e+02 2.709238e+01 3.239869e+01
    endloop
  endfacet
  facet normal -0.000000e+00 -2.098811e-01 -9.777269e-01
    outer loop
      vertex   3.210000e+02 2.709238e+01 3.239869e+01
      vertex   3.110000e+02 2.614741e+01 3.260154e+01
      vertex   3.110000e+02 2.709238e+01 3.239869e+01
    endloop
  endfacet
  facet normal -0.000000e+00 -1.504645e-01 -9.886154e-01
    outer loop
      vertex   3.210000e+02 2.709238e+01 3.239869e+01
      vertex   3.110000e+02 2.709238e+01 3.239869e+01
      vertex   3.210000e+02 2.804787e+01 3.225326e+01
    endloop
  endfacet
  facet normal -1.603672e-16 -1.504645e-01 -9.886154e-01
    outer loop
      vertex   3.210000e+02 2.804787e+01 3.225326e+01
      vertex   3.110000e+02 2.709238e+01 3.239869e+01
      vertex   3.110000e+02 2.804787e+01 3.225326e+01
    endloop
  endfacet
  facet normal -9.645498e-17 -9.049888e-02 -9.958966e-01
    outer loop
      vertex   3.210000e+02 2.804787e+01 3.225326e+01
      vertex   3.110000e+02 2.804787e+01 3.225326e+01
      vertex   3.210000e+02 2.901040e+01 3.216580e+01
    endloop
  endfacet
  facet normal -6.430332e-17 -9.049888e-02 -9.958966e-01
    outer loop
      vertex   3.210000e+02 2.901040e+01 3.216580e+01
      vertex   3.110000e+02 2.804787e+01 3.225326e+01
      vertex   3.110000e+02 2.901040e+01 3.216580e+01
    endloop
  endfacet
  facet normal -2.146054e-17 -3.020303e-02 -9.995438e-01
    outer loop
      vertex   3.210000e+02 2.901040e+01 3.216580e+01
      vertex   3.110000e+02 2.901040e+01 3.216580e+01
      vertex   3.210000e+02 2.997646e+01 3.213660e+01
    endloop
  endfacet
  facet normal -0.000000e+00 -3.020303e-02 -9.995438e-01
    outer loop
      vertex   3.210000e+02 2.997646e+01 3.213660e+01
      vertex   3.110000e+02 2.901040e+01 3.216580e+01
      vertex   3.110000e+02 2.997646e+01 3.213660e+01
    endloop
  endfacet
  facet normal 0.000000e+00 3.020303e-02 -9.995438e-01
    outer loop
      vertex   3.210000e+02 2.997646e+01 3.213660e+01
      vertex   3.110000e+02 2.997646e+01 3.213660e+01
      vertex   3.210000e+02 3.094251e+01 3.216580e+01
    endloop
  endfacet
  facet normal 3.219081e-17 3.020303e-02 -9.995438e-01
    outer loop
      vertex   3.210000e+02 3.094251e+01 3.216580e+01
      vertex   3.110000e+02 2.997646e+01 3.213660e+01
      vertex   3.110000e+02 3.094251e+01 3.216580e+01
    endloop
  endfacet
  facet normal 9.645498e-17 9.049888e-02 -9.958966e-01
    outer loop
      vertex   3.210000e+02 3.094251e+01 3.216580e+01
      vertex   3.110000e+02 3.094251e+01 3.216580e+01
      vertex   3.210000e+02 3.190504e+01 3.225326e+01
    endloop
  endfacet
  facet normal 6.430332e-17 9.049888e-02 -9.958966e-01
    outer loop
      vertex   3.210000e+02 3.190504e+01 3.225326e+01
      vertex   3.110000e+02 3.094251e+01 3.216580e+01
      vertex   3.110000e+02 3.190504e+01 3.225326e+01
    endloop
  endfacet
  facet normal 1.069115e-16 1.504645e-01 -9.886154e-01
    outer loop
      vertex   3.210000e+02 3.190504e+01 3.225326e+01
      vertex   3.110000e+02 3.190504e+01 3.225326e+01
      vertex   3.210000e+02 3.286054e+01 3.239869e+01
    endloop
  endfacet
  facet normal 0.000000e+00 1.504645e-01 -9.886154e-01
    outer loop
      vertex   3.210000e+02 3.286054e+01 3.239869e+01
      vertex   3.110000e+02 3.190504e+01 3.225326e+01
      vertex   3.110000e+02 3.286054e+01 3.239869e+01
    endloop
  endfacet
  facet normal 0.000000e+00 2.098811e-01 -9.777269e-01
    outer loop
      vertex   3.210000e+02 3.286054e+01 3.239869e+01
      vertex   3.110000e+02 3.286054e+01 3.239869e+01
      vertex   3.210000e+02 3.380551e+01 3.260154e+01
    endloop
  endfacet
  facet normal 0.000000e+00 2.098811e-01 -9.777269e-01
    outer loop
      vertex   3.210000e+02 3.380551e+01 3.260154e+01
      vertex   3.110000e+02 3.286054e+01 3.239869e+01
      vertex   3.110000e+02 3.380551e+01 3.260154e+01
    endloop
  endfacet
  facet normal 0.000000e+00 2.685319e-01 -9.632708e-01
    outer loop
      vertex   3.210000e+02 3.380551e+01 3.260154e+01
      vertex   3.110000e+02 3.380551e+01 3.260154e+01
      vertex   3.210000e+02 3.473651e+01 3.286107e+01
    endloop
  endfacet
  facet normal 1.908034e-16 2.685319e-01 -9.632708e-01
    outer loop
      vertex   3.210000e+02 3.473651e+01 3.286107e+01
      vertex   3.110000e+02 3.380551e+01 3.260154e+01
      vertex   3.110000e+02 3.473651e+01 3.286107e+01
    endloop
  endfacet
  facet normal 2.317810e-16 3.262028e-01 -9.452998e-01
    outer loop
      vertex   3.210000e+02 3.473651e+01 3.286107e+01
      vertex   3.110000e+02 3.473651e+01 3.286107e+01
      vertex   3.210000e+02 3.565013e+01 3.317634e+01
    endloop
  endfacet
  facet normal 0.000000e+00 3.262028e-01 -9.452998e-01
    outer loop
      vertex   3.210000e+02 3.565013e+01 3.317634e+01
      vertex   3.110000e+02 3.473651e+01 3.286107e+01
      vertex   3.110000e+02 3.565013e+01 3.317634e+01
    endloop
  endfacet
  facet normal 0.000000e+00 3.826834e-01 -9.238795e-01
    outer loop
      vertex   3.210000e+02 3.565013e+01 3.317634e+01
      vertex   3.110000e+02 3.565013e+01 3.317634e+01
      vertex   3.210000e+02 3.654306e+01 3.354621e+01
    endloop
  endfacet
  facet normal 0.000000e+00 3.826834e-01 -9.238795e-01
    outer loop
      vertex   3.210000e+02 3.654306e+01 3.354621e+01
      vertex   3.110000e+02 3.565013e+01 3.317634e+01
      vertex   3.110000e+02 3.654306e+01 3.354621e+01
    endloop
  endfacet
  facet normal 0.000000e+00 4.377677e-01 -8.990881e-01
    outer loop
      vertex   3.210000e+02 3.654306e+01 3.354621e+01
      vertex   3.110000e+02 3.654306e+01 3.354621e+01
      vertex   3.210000e+02 3.741203e+01 3.396931e+01
    endloop
  endfacet
  facet normal -3.277879e-16 4.377677e-01 -8.990881e-01
    outer loop
      vertex   3.210000e+02 3.741203e+01 3.396931e+01
      vertex   3.110000e+02 3.654306e+01 3.354621e+01
      vertex   3.110000e+02 3.741203e+01 3.396931e+01
    endloop
  endfacet
  facet normal -2.698367e-16 4.912546e-01 -8.710160e-01
    outer loop
      vertex   3.210000e+02 3.741203e+01 3.396931e+01
      vertex   3.110000e+02 3.741203e+01 3.396931e+01
      vertex   3.210000e+02 3.825386e+01 3.444410e+01
    endloop
  endfacet
  facet normal 3.490574e-16 4.912546e-01 -8.710160e-01
    outer loop
      vertex   3.210000e+02 3.825386e+01 3.444410e+01
      vertex   3.110000e+02 3.741203e+01 3.396931e+01
      vertex   3.110000e+02 3.825386e+01 3.444410e+01
    endloop
  endfacet
  facet normal 3.857885e-16 5.429490e-01 -8.397657e-01
    outer loop
      vertex   3.210000e+02 3.825386e+01 3.444410e+01
      vertex   3.110000e+02 3.825386e+01 3.444410e+01
      vertex   3.210000e+02 3.906549e+01 3.496886e+01
    endloop
  endfacet
  facet normal 0.000000e+00 5.429490e-01 -8.397657e-01
    outer loop
      vertex   3.210000e+02 3.906549e+01 3.496886e+01
      vertex   3.110000e+02 3.825386e+01 3.444410e+01
      vertex   3.110000e+02 3.906549e+01 3.496886e+01
    endloop
  endfacet
  facet normal 0.000000e+00 5.926622e-01 -8.054511e-01
    outer loop
      vertex   3.210000e+02 3.906549e+01 3.496886e+01
      vertex   3.110000e+02 3.906549e+01 3.496886e+01
      vertex   3.210000e+02 3.984396e+01 3.554167e+01
    endloop
  endfacet
  facet normal 0.000000e+00 5.926622e-01 -8.054511e-01
    outer loop
      vertex   3.210000e+02 3.984396e+01 3.554167e+01
      vertex   3.110000e+02 3.906549e+01 3.496886e+01
      vertex   3.110000e+02 3.984396e+01 3.554167e+01
    endloop
  endfacet
  facet normal 0.000000e+00 6.402128e-01 -7.681976e-01
    outer loop
      vertex   3.210000e+02 3.984396e+01 3.554167e+01
      vertex   3.110000e+02 3.984396e+01 3.554167e+01
      vertex   3.210000e+02 4.058642e+01 3.616043e+01
    endloop
  endfacet
  facet normal -9.093863e-17 6.402128e-01 -7.681976e-01
    outer loop
      vertex   3.210000e+02 4.058642e+01 3.616043e+01
      vertex   3.110000e+02 3.984396e+01 3.554167e+01
      vertex   3.110000e+02 4.058642e+01 3.616043e+01
    endloop
  endfacet
  facet normal -3.034979e-17 6.854274e-01 -7.281410e-01
    outer loop
      vertex   3.210000e+02 4.058642e+01 3.616043e+01
      vertex   3.110000e+02 4.058642e+01 3.616043e+01
      vertex   3.210000e+02 4.129016e+01 3.682290e+01
    endloop
  endfacet
  facet normal 0.000000e+00 6.854274e-01 -7.281410e-01
    outer loop
      vertex   3.210000e+02 4.129016e+01 3.682290e+01
      vertex   3.110000e+02 4.058642e+01 3.616043e+01
      vertex   3.110000e+02 4.129016e+01 3.682290e+01
    endloop
  endfacet
  facet normal 0.000000e+00 7.281410e-01 -6.854274e-01
    outer loop
      vertex   3.210000e+02 4.129016e+01 3.682290e+01
      vertex   3.110000e+02 4.129016e+01 3.682290e+01
      vertex   3.210000e+02 4.195263e+01 3.752664e+01
    endloop
  endfacet
  facet normal 0.000000e+00 7.281410e-01 -6.854274e-01
    outer loop
      vertex   3.210000e+02 4.195263e+01 3.752664e+01
      vertex   3.110000e+02 4.129016e+01 3.682290e+01
      vertex   3.110000e+02 4.195263e+01 3.752664e+01
    endloop
  endfacet
  facet normal 0.000000e+00 7.681976e-01 -6.402128e-01
    outer loop
      vertex   3.210000e+02 4.195263e+01 3.752664e+01
      vertex   3.110000e+02 4.195263e+01 3.752664e+01
      vertex   3.210000e+02 4.257139e+01 3.826910e+01
    endloop
  endfacet
  facet normal 0.000000e+00 7.681976e-01 -6.402128e-01
    outer loop
      vertex   3.210000e+02 4.257139e+01 3.826910e+01
      vertex   3.110000e+02 4.195263e+01 3.752664e+01
      vertex   3.110000e+02 4.257139e+01 3.826910e+01
    endloop
  endfacet
  facet normal 0.000000e+00 8.054511e-01 -5.926622e-01
    outer loop
      vertex   3.210000e+02 4.257139e+01 3.826910e+01
      vertex   3.110000e+02 4.257139e+01 3.826910e+01
      vertex   3.210000e+02 4.314420e+01 3.904757e+01
    endloop
  endfacet
  facet normal 0.000000e+00 8.054511e-01 -5.926622e-01
    outer loop
      vertex   3.210000e+02 4.314420e+01 3.904757e+01
      vertex   3.110000e+02 4.257139e+01 3.826910e+01
      vertex   3.110000e+02 4.314420e+01 3.904757e+01
    endloop
  endfacet
  facet normal 0.000000e+00 8.397657e-01 -5.429490e-01
    outer loop
      vertex   3.210000e+02 4.314420e+01 3.904757e+01
      vertex   3.110000e+02 4.314420e+01 3.904757e+01
      vertex   3.210000e+02 4.366896e+01 3.985920e+01
    endloop
  endfacet
  facet normal 1.193379e-15 8.397657e-01 -5.429490e-01
    outer loop
      vertex   3.210000e+02 4.366896e+01 3.985920e+01
      vertex   3.110000e+02 4.314420e+01 3.904757e+01
      vertex   3.110000e+02 4.366896e+01 3.985920e+01
    endloop
  endfacet
  facet normal 1.237788e-15 8.710160e-01 -4.912546e-01
    outer loop
      vertex   3.210000e+02 4.366896e+01 3.985920e+01
      vertex   3.110000e+02 4.366896e+01 3.985920e+01
      vertex   3.210000e+02 4.414375e+01 4.070103e+01
    endloop
  endfacet
  facet normal 0.000000e+00 8.710160e-01 -4.912546e-01
    outer loop
      vertex   3.210000e+02 4.414375e+01 4.070103e+01
      vertex   3.110000e+02 4.366896e+01 3.985920e+01
      vertex   3.110000e+02 4.414375e+01 4.070103e+01
    endloop
  endfacet
  facet normal 0.000000e+00 8.990881e-01 -4.377677e-01
    outer loop
      vertex   3.210000e+02 4.414375e+01 4.070103e+01
      vertex   3.110000e+02 4.414375e+01 4.070103e+01
      vertex   3.210000e+02 4.456685e+01 4.157000e+01
    endloop
  endfacet
  facet normal 3.277879e-16 8.990881e-01 -4.377677e-01
    outer loop
      vertex   3.210000e+02 4.456685e+01 4.157000e+01
      vertex   3.110000e+02 4.414375e+01 4.070103e+01
      vertex   3.110000e+02 4.456685e+01 4.157000e+01
    endloop
  endfacet
  facet normal 3.845430e-16 9.238795e-01 -3.826834e-01
    outer loop
      vertex   3.210000e+02 4.456685e+01 4.157000e+01
      vertex   3.110000e+02 4.456685e+01 4.157000e+01
      vertex   3.210000e+02 4.493672e+01 4.246293e+01
    endloop
  endfacet
  facet normal -5.438259e-16 9.238795e-01 -3.826834e-01
    outer loop
      vertex   3.210000e+02 4.493672e+01 4.246293e+01
      vertex   3.110000e+02 4.456685e+01 4.157000e+01
      vertex   3.110000e+02 4.493672e+01 4.246293e+01
    endloop
  endfacet
  facet normal -4.635620e-16 9.452998e-01 -3.262028e-01
    outer loop
      vertex   3.210000e+02 4.493672e+01 4.246293e+01
      vertex   3.110000e+02 4.493672e+01 4.246293e+01
      vertex   3.210000e+02 4.525199e+01 4.337656e+01
    endloop
  endfacet
  facet normal 0.000000e+00 9.452998e-01 -3.262028e-01
    outer loop
      vertex   3.210000e+02 4.525199e+01 4.337656e+01
      vertex   3.110000e+02 4.493672e+01 4.246293e+01
      vertex   3.110000e+02 4.525199e+01 4.337656e+01
    endloop
  endfacet
  facet normal 0.000000e+00 9.632708e-01 -2.685319e-01
    outer loop
      vertex   3.210000e+02 4.525199e+01 4.337656e+01
      vertex   3.110000e+02 4.525199e+01 4.337656e+01
      vertex   3.210000e+02 4.551153e+01 4.430755e+01
    endloop
  endfacet
  facet normal -3.816067e-16 9.632708e-01 -2.685319e-01
    outer loop
      vertex   3.210000e+02 4.551153e+01 4.430755e+01
      vertex   3.110000e+02 4.525199e+01 4.337656e+01
      vertex   3.110000e+02 4.551153e+01 4.430755e+01
    endloop
  endfacet
  facet normal -2.982590e-16 9.777269e-01 -2.098811e-01
    outer loop
      vertex   3.210000e+02 4.551153e+01 4.430755e+01
      vertex   3.110000e+02 4.551153e+01 4.430755e+01
      vertex   3.210000e+02 4.571437e+01 4.525252e+01
    endloop
  endfacet
  facet normal 0.000000e+00 9.777269e-01 -2.098811e-01
    outer loop
      vertex   3.210000e+02 4.571437e+01 4.525252e+01
      vertex   3.110000e+02 4.551153e+01 4.430755e+01
      vertex   3.110000e+02 4.571437e+01 4.525252e+01
    endloop
  endfacet
  facet normal 0.000000e+00 9.886154e-01 -1.504645e-01
    outer loop
      vertex   3.210000e+02 4.571437e+01 4.525252e+01
      vertex   3.110000e+02 4.571437e+01 4.525252e+01
      vertex   3.210000e+02 4.585980e+01 4.620802e+01
    endloop
  endfacet
  facet normal -1.069115e-16 9.886154e-01 -1.504645e-01
    outer loop
      vertex   3.210000e+02 4.585980e+01 4.620802e+01
      vertex   3.110000e+02 4.571437e+01 4.525252e+01
      vertex   3.110000e+02 4.585980e+01 4.620802e+01
    endloop
  endfacet
  facet normal -6.430332e-17 9.958966e-01 -9.049888e-02
    outer loop
      vertex   3.210000e+02 4.585980e+01 4.620802e+01
      vertex   3.110000e+02 4.585980e+01 4.620802e+01
      vertex   3.210000e+02 4.594727e+01 4.717055e+01
    endloop
  endfacet
  facet normal -6.430332e-17 9.958966e-01 -9.049888e-02
    outer loop
      vertex   3.210000e+02 4.594727e+01 4.717055e+01
      vertex   3.110000e+02 4.585980e+01 4.620802e+01
      vertex   3.110000e+02 4.594727e+01 4.717055e+01
    endloop
  endfacet
  facet normal -2.146054e-17 9.995438e-01 -3.020303e-02
    outer loop
      vertex   3.210000e+02 4.594727e+01 4.717055e+01
      vertex   3.110000e+02 4.594727e+01 4.717055e+01
      vertex   3.210000e+02 4.597646e+01 4.813660e+01
    endloop
  endfacet
  facet normal 0.000000e+00 9.995438e-01 -3.020303e-02
    outer loop
      vertex   3.210000e+02 4.597646e+01 4.813660e+01
      vertex   3.110000e+02 4.594727e+01 4.717055e+01
      vertex   3.110000e+02 4.597646e+01 4.813660e+01
    endloop
  endfacet
  facet normal 0.000000e+00 9.995438e-01 3.020303e-02
    outer loop
      vertex   3.210000e+02 4.597646e+01 4.813660e+01
      vertex   3.110000e+02 4.597646e+01 4.813660e+01
      vertex   3.210000e+02 4.594727e+01 4.910266e+01
    endloop
  endfacet
  facet normal 4.292108e-17 9.995438e-01 3.020303e-02
    outer loop
      vertex   3.210000e+02 4.594727e+01 4.910266e+01
      vertex   3.110000e+02 4.597646e+01 4.813660e+01
      vertex   3.110000e+02 4.594727e+01 4.910266e+01
    endloop
  endfacet
  facet normal 1.286066e-16 9.958966e-01 9.049888e-02
    outer loop
      vertex   3.210000e+02 4.594727e+01 4.910266e+01
      vertex   3.110000e+02 4.594727e+01 4.910266e+01
      vertex   3.210000e+02 4.585980e+01 5.006519e+01
    endloop
  endfacet
  facet normal 1.286066e-16 9.958966e-01 9.049888e-02
    outer loop
      vertex   3.210000e+02 4.585980e+01 5.006519e+01
      vertex   3.110000e+02 4.594727e+01 4.910266e+01
      vertex   3.110000e+02 4.585980e+01 5.006519e+01
    endloop
  endfacet
  facet normal 2.138229e-16 9.886154e-01 1.504645e-01
    outer loop
      vertex   3.210000e+02 4.585980e+01 5.006519e+01
      vertex   3.110000e+02 4.585980e+01 5.006519e+01
      vertex   3.210000e+02 4.571437e+01 5.102069e+01
    endloop
  endfacet
  facet normal 0.000000e+00 9.886154e-01 1.504645e-01
    outer loop
      vertex   3.210000e+02 4.571437e+01 5.102069e+01
      vertex   3.110000e+02 4.585980e+01 5.006519e+01
      vertex   3.110000e+02 4.571437e+01 5.102069e+01
    endloop
  endfacet
  facet normal 0.000000e+00 9.777269e-01 2.098811e-01
    outer loop
      vertex   3.210000e+02 4.571437e+01 5.102069e+01
      vertex   3.110000e+02 4.571437e+01 5.102069e+01
      vertex   3.210000e+02 4.551153e+01 5.196566e+01
    endloop
  endfacet
  facet normal 1.491295e-16 9.777269e-01 2.098811e-01
    outer loop
      vertex   3.210000e+02 4.551153e+01 5.196566e+01
      vertex   3.110000e+02 4.571437e+01 5.102069e+01
      vertex   3.110000e+02 4.551153e+01 5.196566e+01
    endloop
  endfacet
  facet normal 1.908034e-16 9.632708e-01 2.685319e-01
    outer loop
      vertex   3.210000e+02 4.551153e+01 5.196566e+01
      vertex   3.110000e+02 4.551153e+01 5.196566e+01
      vertex   3.210000e+02 4.525199e+01 5.289665e+01
    endloop
  endfacet
  facet normal 0.000000e+00 9.632708e-01 2.685319e-01
    outer loop
      vertex   3.210000e+02 4.525199e+01 5.289665e+01
      vertex   3.110000e+02 4.551153e+01 5.196566e+01
      vertex   3.110000e+02 4.525199e+01 5.289665e+01
    endloop
  endfacet
  facet normal 0.000000e+00 9.452998e-01 3.262028e-01
    outer loop
      vertex   3.210000e+02 4.525199e+01 5.289665e+01
      vertex   3.110000e+02 4.525199e+01 5.289665e+01
      vertex   3.210000e+02 4.493672e+01 5.381028e+01
    endloop
  endfacet
  facet normal 2.317810e-16 9.452998e-01 3.262028e-01
    outer loop
      vertex   3.210000e+02 4.493672e+01 5.381028e+01
      vertex   3.110000e+02 4.525199e+01 5.289665e+01
      vertex   3.110000e+02 4.493672e+01 5.381028e+01
    endloop
  endfacet
  facet normal 2.719129e-16 9.238795e-01 3.826834e-01
    outer loop
      vertex   3.210000e+02 4.493672e+01 5.381028e+01
      vertex   3.110000e+02 4.493672e+01 5.381028e+01
      vertex   3.210000e+02 4.456685e+01 5.470321e+01
    endloop
  endfacet
  facet normal -3.845430e-16 9.238795e-01 3.826834e-01
    outer loop
      vertex   3.210000e+02 4.456685e+01 5.470321e+01
      vertex   3.110000e+02 4.493672e+01 5.381028e+01
      vertex   3.110000e+02 4.456685e+01 5.470321e+01
    endloop
  endfacet
  facet normal -3.277879e-16 8.990881e-01 4.377677e-01
    outer loop
      vertex   3.210000e+02 4.456685e+01 5.470321e+01
      vertex   3.110000e+02 4.456685e+01 5.470321e+01
      vertex   3.210000e+02 4.414375e+01 5.557218e+01
    endloop
  endfacet
  facet normal 0.000000e+00 8.990881e-01 4.377677e-01
    outer loop
      vertex   3.210000e+02 4.414375e+01 5.557218e+01
      vertex   3.110000e+02 4.456685e+01 5.470321e+01
      vertex   3.110000e+02 4.414375e+01 5.557218e+01
    endloop
  endfacet
  facet normal 0.000000e+00 8.710160e-01 4.912546e-01
    outer loop
      vertex   3.210000e+02 4.414375e+01 5.557218e+01
      vertex   3.110000e+02 4.414375e+01 5.557218e+01
      vertex   3.210000e+02 4.366896e+01 5.641401e+01
    endloop
  endfacet
  facet normal -8.887308e-16 8.710160e-01 4.912546e-01
    outer loop
      vertex   3.210000e+02 4.366896e+01 5.641401e+01
      vertex   3.110000e+02 4.414375e+01 5.557218e+01
      vertex   3.110000e+02 4.366896e+01 5.641401e+01
    endloop
  endfacet
  facet normal -8.075904e-16 8.397657e-01 5.429490e-01
    outer loop
      vertex   3.210000e+02 4.366896e+01 5.641401e+01
      vertex   3.110000e+02 4.366896e+01 5.641401e+01
      vertex   3.210000e+02 4.314420e+01 5.722564e+01
    endloop
  endfacet
  facet normal 0.000000e+00 8.397657e-01 5.429490e-01
    outer loop
      vertex   3.210000e+02 4.314420e+01 5.722564e+01
      vertex   3.110000e+02 4.366896e+01 5.641401e+01
      vertex   3.110000e+02 4.314420e+01 5.722564e+01
    endloop
  endfacet
  facet normal 0.000000e+00 8.054511e-01 5.926622e-01
    outer loop
      vertex   3.210000e+02 4.314420e+01 5.722564e+01
      vertex   3.110000e+02 4.314420e+01 5.722564e+01
      vertex   3.210000e+02 4.257139e+01 5.800411e+01
    endloop
  endfacet
  facet normal 0.000000e+00 8.054511e-01 5.926622e-01
    outer loop
      vertex   3.210000e+02 4.257139e+01 5.800411e+01
      vertex   3.110000e+02 4.314420e+01 5.722564e+01
      vertex   3.110000e+02 4.257139e+01 5.800411e+01
    endloop
  endfacet
  facet normal 0.000000e+00 7.681976e-01 6.402128e-01
    outer loop
      vertex   3.210000e+02 4.257139e+01 5.800411e+01
      vertex   3.110000e+02 4.257139e+01 5.800411e+01
      vertex   3.210000e+02 4.195263e+01 5.874657e+01
    endloop
  endfacet
  facet normal 0.000000e+00 7.681976e-01 6.402128e-01
    outer loop
      vertex   3.210000e+02 4.195263e+01 5.874657e+01
      vertex   3.110000e+02 4.257139e+01 5.800411e+01
      vertex   3.110000e+02 4.195263e+01 5.874657e+01
    endloop
  endfacet
  facet normal 0.000000e+00 7.281410e-01 6.854274e-01
    outer loop
      vertex   3.210000e+02 4.195263e+01 5.874657e+01
      vertex   3.110000e+02 4.195263e+01 5.874657e+01
      vertex   3.210000e+02 4.129016e+01 5.945031e+01
    endloop
  endfacet
  facet normal 0.000000e+00 7.281410e-01 6.854274e-01
    outer loop
      vertex   3.210000e+02 4.129016e+01 5.945031e+01
      vertex   3.110000e+02 4.195263e+01 5.874657e+01
      vertex   3.110000e+02 4.129016e+01 5.945031e+01
    endloop
  endfacet
  facet normal 0.000000e+00 6.854274e-01 7.281410e-01
    outer loop
      vertex   3.210000e+02 4.129016e+01 5.945031e+01
      vertex   3.110000e+02 4.129016e+01 5.945031e+01
      vertex   3.210000e+02 4.058642e+01 6.011278e+01
    endloop
  endfacet
  facet normal 3.034979e-17 6.854274e-01 7.281410e-01
    outer loop
      vertex   3.210000e+02 4.058642e+01 6.011278e+01
      vertex   3.110000e+02 4.129016e+01 5.945031e+01
      vertex   3.110000e+02 4.058642e+01 6.011278e+01
    endloop
  endfacet
  facet normal 9.093863e-17 6.402128e-01 7.681976e-01
    outer loop
      vertex   3.210000e+02 4.058642e+01 6.011278e+01
      vertex   3.110000e+02 4.058642e+01 6.011278e+01
      vertex   3.210000e+02 3.984396e+01 6.073154e+01
    endloop
  endfacet
  facet normal 0.000000e+00 6.402128e-01 7.681976e-01
    outer loop
      vertex   3.210000e+02 3.984396e+01 6.073154e+01
      vertex   3.110000e+02 4.058642e+01 6.011278e+01
      vertex   3.110000e+02 3.984396e+01 6.073154e+01
    endloop
  endfacet
  facet normal 0.000000e+00 5.926622e-01 8.054511e-01
    outer loop
      vertex   3.210000e+02 3.984396e+01 6.073154e+01
      vertex   3.110000e+02 3.984396e+01 6.073154e+01
      vertex   3.210000e+02 3.906549e+01 6.130435e+01
    endloop
  endfacet
  facet normal 0.000000e+00 5.926622e-01 8.054511e-01
    outer loop
      vertex   3.210000e+02 3.906549e+01 6.130435e+01
      vertex   3.110000e+02 3.984396e+01 6.073154e+01
      vertex   3.110000e+02 3.906549e+01 6.130435e+01
    endloop
  endfacet
  facet normal 0.000000e+00 5.429490e-01 8.397657e-01
    outer loop
      vertex   3.210000e+02 3.906549e+01 6.130435e+01
      vertex   3.110000e+02 3.906549e+01 6.130435e+01
      vertex   3.210000e+02 3.825386e+01 6.182911e+01
    endloop
  endfacet
  facet normal -3.857885e-16 5.429490e-01 8.397657e-01
    outer loop
      vertex   3.210000e+02 3.825386e+01 6.182911e+01
      vertex   3.110000e+02 3.906549e+01 6.130435e+01
      vertex   3.110000e+02 3.825386e+01 6.182911e+01
    endloop
  endfacet
  facet normal -3.490574e-16 4.912546e-01 8.710160e-01
    outer loop
      vertex   3.210000e+02 3.825386e+01 6.182911e+01
      vertex   3.110000e+02 3.825386e+01 6.182911e+01
      vertex   3.210000e+02 3.741203e+01 6.230390e+01
    endloop
  endfacet
  facet normal 8.887308e-16 4.912546e-01 8.710160e-01
    outer loop
      vertex   3.210000e+02 3.741203e+01 6.230390e+01
      vertex   3.110000e+02 3.825386e+01 6.182911e+01
      vertex   3.110000e+02 3.741203e+01 6.230390e+01
    endloop
  endfacet
  facet normal 9.666284e-16 4.377677e-01 8.990881e-01
    outer loop
      vertex   3.210000e+02 3.741203e+01 6.230390e+01
      vertex   3.110000e+02 3.741203e+01 6.230390e+01
      vertex   3.210000e+02 3.654306e+01 6.272700e+01
    endloop
  endfacet
  facet normal 0.000000e+00 4.377677e-01 8.990881e-01
    outer loop
      vertex   3.210000e+02 3.654306e+01 6.272700e+01
      vertex   3.110000e+02 3.741203e+01 6.230390e+01
      vertex   3.110000e+02 3.654306e+01 6.272700e+01
    endloop
  endfacet
  facet normal 0.000000e+00 3.826834e-01 9.238795e-01
    outer loop
      vertex   3.210000e+02 3.654306e+01 6.272700e+01
      vertex   3.110000e+02 3.654306e+01 6.272700e+01
      vertex   3.210000e+02 3.565013e+01 6.309686e+01
    endloop
  endfacet
  facet normal 0.000000e+00 3.826834e-01 9.238795e-01
    outer loop
      vertex   3.210000e+02 3.565013e+01 6.309686e+01
      vertex   3.110000e+02 3.654306e+01 6.272700e+01
      vertex   3.110000e+02 3.565013e+01 6.309686e+01
    endloop
  endfacet
  facet normal 0.000000e+00 3.262028e-01 9.452998e-01
    outer loop
      vertex   3.210000e+02 3.565013e+01 6.309686e+01
      vertex   3.110000e+02 3.565013e+01 6.309686e+01
      vertex   3.210000e+02 3.473651e+01 6.341214e+01
    endloop
  endfacet
  facet normal -2.317810e-16 3.262028e-01 9.452998e-01
    outer loop
      vertex   3.210000e+02 3.473651e+01 6.341214e+01
      vertex   3.110000e+02 3.565013e+01 6.309686e+01
      vertex   3.110000e+02 3.473651e+01 6.341214e+01
    endloop
  endfacet
  facet normal -1.908034e-16 2.685319e-01 9.632708e-01
    outer loop
      vertex   3.210000e+02 3.473651e+01 6.341214e+01
      vertex   3.110000e+02 3.473651e+01 6.341214e+01
      vertex   3.210000e+02 3.380551e+01 6.367167e+01
    endloop
  endfacet
  facet normal 0.000000e+00 2.685319e-01 9.632708e-01
    outer loop
      vertex   3.210000e+02 3.380551e+01 6.367167e+01
      vertex   3.110000e+02 3.473651e+01 6.341214e+01
      vertex   3.110000e+02 3.380551e+01 6.367167e+01
    endloop
  endfacet
  facet normal 0.000000e+00 2.098811e-01 9.777269e-01
    outer loop
      vertex   3.210000e+02 3.380551e+01 6.367167e+01
      vertex   3.110000e+02 3.380551e+01 6.367167e+01
      vertex   3.210000e+02 3.286054e+01 6.387452e+01
    endloop
  endfacet
  facet normal 0.000000e+00 2.098811e-01 9.777269e-01
    outer loop
      vertex   3.210000e+02 3.286054e+01 6.387452e+01
      vertex   3.110000e+02 3.380551e+01 6.367167e+01
      vertex   3.110000e+02 3.286054e+01 6.387452e+01
    endloop
  endfacet
  facet normal 0.000000e+00 1.504645e-01 9.886154e-01
    outer loop
      vertex   3.210000e+02 3.286054e+01 6.387452e+01
      vertex   3.110000e+02 3.286054e+01 6.387452e+01
      vertex   3.210000e+02 3.190504e+01 6.401995e+01
    endloop
  endfacet
  facet normal -1.069115e-16 1.504645e-01 9.886154e-01
    outer loop
      vertex   3.210000e+02 3.190504e+01 6.401995e+01
      vertex   3.110000e+02 3.286054e+01 6.387452e+01
      vertex   3.110000e+02 3.190504e+01 6.401995e+01
    endloop
  endfacet
  facet normal -6.430332e-17 9.049888e-02 9.958966e-01
    outer loop
      vertex   3.210000e+02 3.190504e+01 6.401995e+01
      vertex   3.110000e+02 3.190504e+01 6.401995e+01
      vertex   3.210000e+02 3.094251e+01 6.410741e+01
    endloop
  endfacet
  facet normal -9.645498e-17 9.049888e-02 9.958966e-01
    outer loop
      vertex   3.210000e+02 3.094251e+01 6.410741e+01
      vertex   3.110000e+02 3.190504e+01 6.401995e+01
      vertex   3.110000e+02 3.094251e+01 6.410741e+01
    endloop
  endfacet
  facet normal -3.219081e-17 3.020303e-02 9.995438e-01
    outer loop
      vertex   3.210000e+02 3.094251e+01 6.410741e+01
      vertex   3.110000e+02 3.094251e+01 6.410741e+01
      vertex   3.210000e+02 2.997646e+01 6.413660e+01
    endloop
  endfacet
  facet normal 0.000000e+00 3.020303e-02 9.995438e-01
    outer loop
      vertex   3.210000e+02 2.997646e+01 6.413660e+01
      vertex   3.110000e+02 3.094251e+01 6.410741e+01
      vertex   3.110000e+02 2.997646e+01 6.413660e+01
    endloop
  endfacet
  facet normal 0.000000e+00 -3.020303e-02 9.995438e-01
    outer loop
      vertex   3.210000e+02 2.997646e+01 6.413660e+01
      vertex   3.110000e+02 2.997646e+01 6.413660e+01
      vertex   3.210000e+02 2.901040e+01 6.410741e+01
    endloop
  endfacet
  facet normal 2.146054e-17 -3.020303e-02 9.995438e-01
    outer loop
      vertex   3.210000e+02 2.901040e+01 6.410741e+01
      vertex   3.110000e+02 2.997646e+01 6.413660e+01
      vertex   3.110000e+02 2.901040e+01 6.410741e+01
    endloop
  endfacet
  facet normal 6.430332e-17 -9.049888e-02 9.958966e-01
    outer loop
      vertex   3.210000e+02 2.901040e+01 6.410741e+01
      vertex   3.110000e+02 2.901040e+01 6.410741e+01
      vertex   3.210000e+02 2.804787e+01 6.401995e+01
    endloop
  endfacet
  facet normal -1.318799e-15 -9.049888e-02 9.958966e-01
    outer loop
      vertex   3.210000e+02 2.804787e+01 6.401995e+01
      vertex   3.110000e+02 2.901040e+01 6.410741e+01
      vertex   3.110000e+02 2.804787e+01 6.401995e+01
    endloop
  endfacet
  facet normal -1.244540e-15 -1.504645e-01 9.886154e-01
    outer loop
      vertex   3.210000e+02 2.804787e+01 6.401995e+01
      vertex   3.110000e+02 2.804787e+01 6.401995e+01
      vertex   3.210000e+02 2.709238e+01 6.387452e+01
    endloop
  endfacet
  facet normal 0.000000e+00 -1.504645e-01 9.886154e-01
    outer loop
      vertex   3.210000e+02 2.709238e+01 6.387452e+01
      vertex   3.110000e+02 2.804787e+01 6.401995e+01
      vertex   3.110000e+02 2.709238e+01 6.387452e+01
    endloop
  endfacet
  facet normal 0.000000e+00 -2.098811e-01 9.777269e-01
    outer loop
      vertex   3.210000e+02 2.709238e+01 6.387452e+01
      vertex   3.110000e+02 2.709238e+01 6.387452e+01
      vertex   3.210000e+02 2.614741e+01 6.367167e+01
    endloop
  endfacet
  facet normal 7.456475e-17 -2.098811e-01 9.777269e-01
    outer loop
      vertex   3.210000e+02 2.614741e+01 6.367167e+01
      vertex   3.110000e+02 2.709238e+01 6.387452e+01
      vertex   3.110000e+02 2.614741e+01 6.367167e+01
    endloop
  endfacet
  facet normal 9.540168e-17 -2.685319e-01 9.632708e-01
    outer loop
      vertex   3.210000e+02 2.614741e+01 6.367167e+01
      vertex   3.110000e+02 2.614741e+01 6.367167e+01
      vertex   3.210000e+02 2.521641e+01 6.341214e+01
    endloop
  endfacet
  facet normal -4.936417e-16 -2.685319e-01 9.632708e-01
    outer loop
      vertex   3.210000e+02 2.521641e+01 6.341214e+01
      vertex   3.110000e+02 2.614741e+01 6.367167e+01
      vertex   3.110000e+02 2.521641e+01 6.341214e+01
    endloop
  endfacet
  facet normal -4.398949e-16 -3.262028e-01 9.452998e-01
    outer loop
      vertex   3.210000e+02 2.521641e+01 6.341214e+01
      vertex   3.110000e+02 2.521641e+01 6.341214e+01
      vertex   3.210000e+02 2.430278e+01 6.309686e+01
    endloop
  endfacet
  facet normal 0.000000e+00 -3.262028e-01 9.452998e-01
    outer loop
      vertex   3.210000e+02 2.430278e+01 6.309686e+01
      vertex   3.110000e+02 2.521641e+01 6.341214e+01
      vertex   3.110000e+02 2.430278e+01 6.309686e+01
    endloop
  endfacet
  facet normal 0.000000e+00 -3.826834e-01 9.238795e-01
    outer loop
      vertex   3.210000e+02 2.430278e+01 6.309686e+01
      vertex   3.110000e+02 2.430278e+01 6.309686e+01
      vertex   3.210000e+02 2.340985e+01 6.272700e+01
    endloop
  endfacet
  facet normal 0.000000e+00 -3.826834e-01 9.238795e-01
    outer loop
      vertex   3.210000e+02 2.340985e+01 6.272700e+01
      vertex   3.110000e+02 2.430278e+01 6.309686e+01
      vertex   3.110000e+02 2.340985e+01 6.272700e+01
    endloop
  endfacet
  facet normal 0.000000e+00 -4.377677e-01 8.990881e-01
    outer loop
      vertex   3.210000e+02 2.340985e+01 6.272700e+01
      vertex   3.110000e+02 2.340985e+01 6.272700e+01
      vertex   3.210000e+02 2.254089e+01 6.230390e+01
    endloop
  endfacet
  facet normal 1.555263e-16 -4.377677e-01 8.990881e-01
    outer loop
      vertex   3.210000e+02 2.254089e+01 6.230390e+01
      vertex   3.110000e+02 2.340985e+01 6.272700e+01
      vertex   3.110000e+02 2.254089e+01 6.230390e+01
    endloop
  endfacet
  facet normal 1.745287e-16 -4.912546e-01 8.710160e-01
    outer loop
      vertex   3.210000e+02 2.254089e+01 6.230390e+01
      vertex   3.110000e+02 2.254089e+01 6.230390e+01
      vertex   3.210000e+02 2.169905e+01 6.182911e+01
    endloop
  endfacet
  facet normal 0.000000e+00 -4.912546e-01 8.710160e-01
    outer loop
      vertex   3.210000e+02 2.169905e+01 6.182911e+01
      vertex   3.110000e+02 2.254089e+01 6.230390e+01
      vertex   3.110000e+02 2.169905e+01 6.182911e+01
    endloop
  endfacet
  facet normal 0.000000e+00 -5.429490e-01 8.397657e-01
    outer loop
      vertex   3.210000e+02 2.169905e+01 6.182911e+01
      vertex   3.110000e+02 2.169905e+01 6.182911e+01
      vertex   3.210000e+02 2.088742e+01 6.130435e+01
    endloop
  endfacet
  facet normal 0.000000e+00 -5.429490e-01 8.397657e-01
    outer loop
      vertex   3.210000e+02 2.088742e+01 6.130435e+01
      vertex   3.110000e+02 2.169905e+01 6.182911e+01
      vertex   3.110000e+02 2.088742e+01 6.130435e+01
    endloop
  endfacet
  facet normal 0.000000e+00 -5.926622e-01 8.054511e-01
    outer loop
      vertex   3.210000e+02 2.088742e+01 6.130435e+01
      vertex   3.110000e+02 2.088742e+01 6.130435e+01
      vertex   3.210000e+02 2.010895e+01 6.073154e+01
    endloop
  endfacet
  facet normal -5.129472e-16 -5.926622e-01 8.054511e-01
    outer loop
      vertex   3.210000e+02 2.010895e+01 6.073154e+01
      vertex   3.110000e+02 2.088742e+01 6.130435e+01
      vertex   3.110000e+02 2.010895e+01 6.073154e+01
    endloop
  endfacet
  facet normal -4.093265e-16 -6.402128e-01 7.681976e-01
    outer loop
      vertex   3.210000e+02 2.010895e+01 6.073154e+01
      vertex   3.110000e+02 2.010895e+01 6.073154e+01
      vertex   3.210000e+02 1.936649e+01 6.011278e+01
    endloop
  endfacet
  facet normal 6.823479e-16 -6.402128e-01 7.681976e-01
    outer loop
      vertex   3.210000e+02 1.936649e+01 6.011278e+01
      vertex   3.110000e+02 2.010895e+01 6.073154e+01
      vertex   3.110000e+02 1.936649e+01 6.011278e+01
    endloop
  endfacet
  facet normal 7.305382e-16 -6.854274e-01 7.281410e-01
    outer loop
      vertex   3.210000e+02 1.936649e+01 6.011278e+01
      vertex   3.110000e+02 1.936649e+01 6.011278e+01
      vertex   3.210000e+02 1.866275e+01 5.945031e+01
    endloop
  endfacet
  facet normal 0.000000e+00 -6.854274e-01 7.281410e-01
    outer loop
      vertex   3.210000e+02 1.866275e+01 5.945031e+01
      vertex   3.110000e+02 1.936649e+01 6.011278e+01
      vertex   3.110000e+02 1.866275e+01 5.945031e+01
    endloop
  endfacet
  facet normal 0.000000e+00 -7.281410e-01 6.854274e-01
    outer loop
      vertex   3.210000e+02 1.866275e+01 5.945031e+01
      vertex   3.110000e+02 1.866275e+01 5.945031e+01
      vertex   3.210000e+02 1.800028e+01 5.874657e+01
    endloop
  endfacet
  facet normal 2.586876e-16 -7.281410e-01 6.854274e-01
    outer loop
      vertex   3.210000e+02 1.800028e+01 5.874657e+01
      vertex   3.110000e+02 1.866275e+01 5.945031e+01
      vertex   3.110000e+02 1.800028e+01 5.874657e+01
    endloop
  endfacet
  facet normal 2.729186e-16 -7.681976e-01 6.402128e-01
    outer loop
      vertex   3.210000e+02 1.800028e+01 5.874657e+01
      vertex   3.110000e+02 1.800028e+01 5.874657e+01
      vertex   3.210000e+02 1.738152e+01 5.800411e+01
    endloop
  endfacet
  facet normal 9.093863e-17 -7.681976e-01 6.402128e-01
    outer loop
      vertex   3.210000e+02 1.738152e+01 5.800411e+01
      vertex   3.110000e+02 1.800028e+01 5.874657e+01
      vertex   3.110000e+02 1.738152e+01 5.800411e+01
    endloop
  endfacet
  facet normal 1.511956e-16 -8.054511e-01 5.926622e-01
    outer loop
      vertex   3.210000e+02 1.738152e+01 5.800411e+01
      vertex   3.110000e+02 1.738152e+01 5.800411e+01
      vertex   3.210000e+02 1.680871e+01 5.722564e+01
    endloop
  endfacet
  facet normal 0.000000e+00 -8.054511e-01 5.926622e-01
    outer loop
      vertex   3.210000e+02 1.680871e+01 5.722564e+01
      vertex   3.110000e+02 1.738152e+01 5.800411e+01
      vertex   3.110000e+02 1.680871e+01 5.722564e+01
    endloop
  endfacet
  facet normal 0.000000e+00 -8.397657e-01 5.429490e-01
    outer loop
      vertex   3.210000e+02 1.680871e+01 5.722564e+01
      vertex   3.110000e+02 1.680871e+01 5.722564e+01
      vertex   3.210000e+02 1.628396e+01 5.641401e+01
    endloop
  endfacet
  facet normal 0.000000e+00 -8.397657e-01 5.429490e-01
    outer loop
      vertex   3.210000e+02 1.628396e+01 5.641401e+01
      vertex   3.110000e+02 1.680871e+01 5.722564e+01
      vertex   3.110000e+02 1.628396e+01 5.641401e+01
    endloop
  endfacet
  facet normal 0.000000e+00 -8.710160e-01 4.912546e-01
    outer loop
      vertex   3.210000e+02 1.628396e+01 5.641401e+01
      vertex   3.110000e+02 1.628396e+01 5.641401e+01
      vertex   3.210000e+02 1.580916e+01 5.557218e+01
    endloop
  endfacet
  facet normal -3.961034e-17 -8.710160e-01 4.912546e-01
    outer loop
      vertex   3.210000e+02 1.580916e+01 5.557218e+01
      vertex   3.110000e+02 1.628396e+01 5.641401e+01
      vertex   3.110000e+02 1.580916e+01 5.557218e+01
    endloop
  endfacet
  facet normal 8.367601e-18 -8.990881e-01 4.377677e-01
    outer loop
      vertex   3.210000e+02 1.580916e+01 5.557218e+01
      vertex   3.110000e+02 1.580916e+01 5.557218e+01
      vertex   3.210000e+02 1.538606e+01 5.470321e+01
    endloop
  endfacet
  facet normal 0.000000e+00 -8.990881e-01 4.377677e-01
    outer loop
      vertex   3.210000e+02 1.538606e+01 5.470321e+01
      vertex   3.110000e+02 1.580916e+01 5.557218e+01
      vertex   3.110000e+02 1.538606e+01 5.470321e+01
    endloop
  endfacet
  facet normal 0.000000e+00 -9.238795e-01 3.826834e-01
    outer loop
      vertex   3.210000e+02 1.538606e+01 5.470321e+01
      vertex   3.110000e+02 1.538606e+01 5.470321e+01
      vertex   3.210000e+02 1.501620e+01 5.381028e+01
    endloop
  endfacet
  facet normal 0.000000e+00 -9.238795e-01 3.826834e-01
    outer loop
      vertex   3.210000e+02 1.501620e+01 5.381028e+01
      vertex   3.110000e+02 1.538606e+01 5.470321e+01
      vertex   3.110000e+02 1.501620e+01 5.381028e+01
    endloop
  endfacet
  facet normal 0.000000e+00 -9.452998e-01 3.262028e-01
    outer loop
      vertex   3.210000e+02 1.501620e+01 5.381028e+01
      vertex   3.110000e+02 1.501620e+01 5.381028e+01
      vertex   3.210000e+02 1.470092e+01 5.289665e+01
    endloop
  endfacet
  facet normal -2.956431e-16 -9.452998e-01 3.262028e-01
    outer loop
      vertex   3.210000e+02 1.470092e+01 5.289665e+01
      vertex   3.110000e+02 1.501620e+01 5.381028e+01
      vertex   3.110000e+02 1.470092e+01 5.289665e+01
    endloop
  endfacet
  facet normal -2.104955e-16 -9.632708e-01 2.685319e-01
    outer loop
      vertex   3.210000e+02 1.470092e+01 5.289665e+01
      vertex   3.110000e+02 1.470092e+01 5.289665e+01
      vertex   3.210000e+02 1.444139e+01 5.196566e+01
    endloop
  endfacet
  facet normal -4.012988e-16 -9.632708e-01 2.685319e-01
    outer loop
      vertex   3.210000e+02 1.444139e+01 5.196566e+01
      vertex   3.110000e+02 1.470092e+01 5.289665e+01
      vertex   3.110000e+02 1.444139e+01 5.196566e+01
    endloop
  endfacet
  facet normal -2.737093e-16 -9.777269e-01 2.098811e-01
    outer loop
      vertex   3.210000e+02 1.444139e+01 5.196566e+01
      vertex   3.110000e+02 1.444139e+01 5.196566e+01
      vertex   3.210000e+02 1.423854e+01 5.102069e+01
    endloop
  endfacet
  facet normal 0.000000e+00 -9.777269e-01 2.098811e-01
    outer loop
      vertex   3.210000e+02 1.423854e+01 5.102069e+01
      vertex   3.110000e+02 1.444139e+01 5.196566e+01
      vertex   3.110000e+02 1.423854e+01 5.102069e+01
    endloop
  endfacet
  facet normal 0.000000e+00 -9.886154e-01 1.504645e-01
    outer loop
      vertex   3.210000e+02 1.423854e+01 5.102069e+01
      vertex   3.110000e+02 1.423854e+01 5.102069e+01
      vertex   3.210000e+02 1.409311e+01 5.006519e+01
    endloop
  endfacet
  facet normal -2.138229e-16 -9.886154e-01 1.504645e-01
    outer loop
      vertex   3.210000e+02 1.409311e+01 5.006519e+01
      vertex   3.110000e+02 1.423854e+01 5.102069e+01
      vertex   3.110000e+02 1.409311e+01 5.006519e+01
    endloop
  endfacet
  facet normal -1.286066e-16 -9.958966e-01 9.049888e-02
    outer loop
      vertex   3.210000e+02 1.409311e+01 5.006519e+01
      vertex   3.110000e+02 1.409311e+01 5.006519e+01
      vertex   3.210000e+02 1.400565e+01 4.910266e+01
    endloop
  endfacet
  facet normal 1.126034e-16 -9.958966e-01 9.049888e-02
    outer loop
      vertex   3.210000e+02 1.400565e+01 4.910266e+01
      vertex   3.110000e+02 1.409311e+01 5.006519e+01
      vertex   3.110000e+02 1.400565e+01 4.910266e+01
    endloop
  endfacet
  facet normal -1.000000e+00 -0.000000e+00 0.000000e+00
    outer loop
      vertex   3.100000e+02 3.135569e+01 4.761597e+01
      vertex   3.100000e+02 1.509474e+01 4.625661e+01
      vertex   3.100000e+02 3.132646e+01 4.813660e+01
    endloop
  endfacet
  facet normal -1.000000e+00 0.000000e+00 0.000000e+00
    outer loop
      vertex   3.100000e+02 3.132646e+01 4.813660e+01
      vertex   3.100000e+02 1.509474e+01 4.625661e+01
      vertex   3.100000e+02 1.500606e+01 4.719475e+01
    endloop
  endfacet
  facet normal -1.000000e+00 -0.000000e+00 0.000000e+00
    outer loop
      vertex   3.100000e+02 3.132646e+01 4.813660e+01
      vertex   3.100000e+02 1.500606e+01 4.719475e+01
      vertex   3.100000e+02 1.497646e+01 4.813660e+01
    endloop
  endfacet
  facet normal -1.000000e+00 -0.000000e+00 0.000000e+00
    outer loop
      vertex   3.100000e+02 3.144304e+01 4.710188e+01
      vertex   3.100000e+02 1.571061e+01 4.350135e+01
      vertex   3.100000e+02 3.135569e+01 4.761597e+01
    endloop
  endfacet
  facet normal -1.000000e+00 0.000000e+00 0.000000e+00
    outer loop
      vertex   3.100000e+02 3.135569e+01 4.761597e+01
      vertex   3.100000e+02 1.571061e+01 4.350135e+01
      vertex   3.100000e+02 1.544771e+01 4.440626e+01
    endloop
  endfacet
  facet normal -1.000000e+00 0.000000e+00 0.000000e+00
    outer loop
      vertex   3.100000e+02 3.135569e+01 4.761597e+01
      vertex   3.100000e+02 1.544771e+01 4.440626e+01
      vertex   3.100000e+02 1.524215e+01 4.532588e+01
    endloop
  endfacet
  facet normal -1.000000e+00 -0.000000e+00 0.000000e+00
    outer loop
      vertex   3.100000e+02 3.158740e+01 4.660081e+01
      vertex   3.100000e+02 1.683186e+01 4.091030e+01
      vertex   3.100000e+02 3.144304e+01 4.710188e+01
    endloop
  endfacet
  facet normal -1.000000e+00 0.000000e+00 0.000000e+00
    outer loop
      vertex   3.100000e+02 3.144304e+01 4.710188e+01
      vertex   3.100000e+02 1.683186e+01 4.091030e+01
      vertex   3.100000e+02 1.640405e+01 4.174992e+01
    endloop
  endfacet
  facet normal -1.000000e+00 0.000000e+00 0.000000e+00
    outer loop
      vertex   3.100000e+02 3.144304e+01 4.710188e+01
      vertex   3.100000e+02 1.640405e+01 4.174992e+01
      vertex   3.100000e+02 1.602981e+01 4.261474e+01
    endloop
  endfacet
  facet normal -1.000000e+00 -0.000000e+00 0.000000e+00
    outer loop
      vertex   3.100000e+02 3.178695e+01 4.611905e+01
      vertex   3.100000e+02 1.841876e+01 3.857524e+01
      vertex   3.100000e+02 3.158740e+01 4.660081e+01
    endloop
  endfacet
  facet normal -1.000000e+00 0.000000e+00 0.000000e+00
    outer loop
      vertex   3.100000e+02 3.158740e+01 4.660081e+01
      vertex   3.100000e+02 1.841876e+01 3.857524e+01
      vertex   3.100000e+02 1.784120e+01 3.931983e+01
    endloop
  endfacet
  facet normal -1.000000e+00 0.000000e+00 0.000000e+00
    outer loop
      vertex   3.100000e+02 3.158740e+01 4.660081e+01
      vertex   3.100000e+02 1.784120e+01 3.931983e+01
      vertex   3.100000e+02 1.731154e+01 4.009920e+01
    endloop
  endfacet
  facet normal -1.000000e+00 -0.000000e+00 0.000000e+00
    outer loop
      vertex   3.100000e+02 3.203919e+01 4.566266e+01
      vertex   3.100000e+02 2.041510e+01 3.657891e+01
      vertex   3.100000e+02 3.178695e+01 4.611905e+01
    endloop
  endfacet
  facet normal -1.000000e+00 0.000000e+00 0.000000e+00
    outer loop
      vertex   3.100000e+02 3.178695e+01 4.611905e+01
      vertex   3.100000e+02 2.041510e+01 3.657891e+01
      vertex   3.100000e+02 1.970825e+01 3.720208e+01
    endloop
  endfacet
  facet normal -1.000000e+00 0.000000e+00 0.000000e+00
    outer loop
      vertex   3.100000e+02 3.178695e+01 4.611905e+01
      vertex   3.100000e+02 1.970825e+01 3.720208e+01
      vertex   3.100000e+02 1.904193e+01 3.786840e+01
    endloop
  endfacet
  facet normal -1.000000e+00 -0.000000e+00 0.000000e+00
    outer loop
      vertex   3.100000e+02 3.234094e+01 4.523738e+01
      vertex   3.100000e+02 2.275015e+01 3.499200e+01
      vertex   3.100000e+02 3.203919e+01 4.566266e+01
    endloop
  endfacet
  facet normal -1.000000e+00 0.000000e+00 0.000000e+00
    outer loop
      vertex   3.100000e+02 3.203919e+01 4.566266e+01
      vertex   3.100000e+02 2.275015e+01 3.499200e+01
      vertex   3.100000e+02 2.193905e+01 3.547169e+01
    endloop
  endfacet
  facet normal -1.000000e+00 0.000000e+00 0.000000e+00
    outer loop
      vertex   3.100000e+02 3.203919e+01 4.566266e+01
      vertex   3.100000e+02 2.193905e+01 3.547169e+01
      vertex   3.100000e+02 2.115968e+01 3.600135e+01
    endloop
  endfacet
  facet normal -1.000000e+00 -0.000000e+00 0.000000e+00
    outer loop
      vertex   3.100000e+02 3.268841e+01 4.484856e+01
      vertex   3.100000e+02 2.534120e+01 3.387076e+01
      vertex   3.100000e+02 3.234094e+01 4.523738e+01
    endloop
  endfacet
  facet normal -1.000000e+00 0.000000e+00 0.000000e+00
    outer loop
      vertex   3.100000e+02 3.234094e+01 4.523738e+01
      vertex   3.100000e+02 2.534120e+01 3.387076e+01
      vertex   3.100000e+02 2.445459e+01 3.418996e+01
    endloop
  endfacet
  facet normal -1.000000e+00 0.000000e+00 0.000000e+00
    outer loop
      vertex   3.100000e+02 3.234094e+01 4.523738e+01
      vertex   3.100000e+02 2.445459e+01 3.418996e+01
      vertex   3.100000e+02 2.358977e+01 3.456420e+01
    endloop
  endfacet
  facet normal -1.000000e+00 -0.000000e+00 0.000000e+00
    outer loop
      vertex   3.100000e+02 3.307723e+01 4.450109e+01
      vertex   3.100000e+02 2.716574e+01 3.340230e+01
      vertex   3.100000e+02 3.268841e+01 4.484856e+01
    endloop
  endfacet
  facet normal -1.000000e+00 0.000000e+00 0.000000e+00
    outer loop
      vertex   3.100000e+02 3.268841e+01 4.484856e+01
      vertex   3.100000e+02 2.716574e+01 3.340230e+01
      vertex   3.100000e+02 2.624611e+01 3.360786e+01
    endloop
  endfacet
  facet normal -1.000000e+00 0.000000e+00 0.000000e+00
    outer loop
      vertex   3.100000e+02 3.268841e+01 4.484856e+01
      vertex   3.100000e+02 2.624611e+01 3.360786e+01
      vertex   3.100000e+02 2.534120e+01 3.387076e+01
    endloop
  endfacet
  facet normal -1.000000e+00 0.000000e+00 -0.000000e+00
    outer loop
      vertex   3.100000e+02 3.307723e+01 4.450109e+01
      vertex   3.100000e+02 3.350251e+01 4.419934e+01
      vertex   3.100000e+02 2.716574e+01 3.340230e+01
    endloop
  endfacet
  facet normal -1.000000e+00 0.000000e+00 0.000000e+00
    outer loop
      vertex   3.100000e+02 2.716574e+01 3.340230e+01
      vertex   3.100000e+02 3.350251e+01 4.419934e+01
      vertex   3.100000e+02 3.278718e+01 3.340230e+01
    endloop
  endfacet
  facet normal -1.000000e+00 0.000000e+00 0.000000e+00
    outer loop
      vertex   3.100000e+02 2.716574e+01 3.340230e+01
      vertex   3.100000e+02 3.278718e+01 3.340230e+01
      vertex   3.100000e+02 2.809646e+01 3.325488e+01
    endloop
  endfacet
  facet normal -1.000000e+00 0.000000e+00 0.000000e+00
    outer loop
      vertex   3.100000e+02 2.809646e+01 3.325488e+01
      vertex   3.100000e+02 3.278718e+01 3.340230e+01
      vertex   3.100000e+02 3.185645e+01 3.325488e+01
    endloop
  endfacet
  facet normal -1.000000e+00 0.000000e+00 0.000000e+00
    outer loop
      vertex   3.100000e+02 2.809646e+01 3.325488e+01
      vertex   3.100000e+02 3.185645e+01 3.325488e+01
      vertex   3.100000e+02 2.903460e+01 3.316620e+01
    endloop
  endfacet
  facet normal -1.000000e+00 0.000000e+00 0.000000e+00
    outer loop
      vertex   3.100000e+02 2.903460e+01 3.316620e+01
      vertex   3.100000e+02 3.185645e+01 3.325488e+01
      vertex   3.100000e+02 3.091831e+01 3.316620e+01
    endloop
  endfacet
  facet normal -1.000000e+00 0.000000e+00 0.000000e+00
    outer loop
      vertex   3.100000e+02 2.903460e+01 3.316620e+01
      vertex   3.100000e+02 3.091831e+01 3.316620e+01
      vertex   3.100000e+02 2.997646e+01 3.313660e+01
    endloop
  endfacet
  facet normal -1.000000e+00 0.000000e+00 -0.000000e+00
    outer loop
      vertex   3.100000e+02 3.350251e+01 4.419934e+01
      vertex   3.100000e+02 3.395890e+01 4.394710e+01
      vertex   3.100000e+02 3.278718e+01 3.340230e+01
    endloop
  endfacet
  facet normal -1.000000e+00 0.000000e+00 0.000000e+00
    outer loop
      vertex   3.100000e+02 3.278718e+01 3.340230e+01
      vertex   3.100000e+02 3.395890e+01 4.394710e+01
      vertex   3.100000e+02 3.370680e+01 3.360786e+01
    endloop
  endfacet
  facet normal -1.000000e+00 0.000000e+00 0.000000e+00
    outer loop
      vertex   3.100000e+02 3.370680e+01 3.360786e+01
      vertex   3.100000e+02 3.395890e+01 4.394710e+01
      vertex   3.100000e+02 3.444066e+01 4.374755e+01
    endloop
  endfacet
  facet normal -1.000000e+00 0.000000e+00 0.000000e+00
    outer loop
      vertex   3.100000e+02 3.370680e+01 3.360786e+01
      vertex   3.100000e+02 3.444066e+01 4.374755e+01
      vertex   3.100000e+02 3.461171e+01 3.387076e+01
    endloop
  endfacet
  facet normal -1.000000e+00 0.000000e+00 0.000000e+00
    outer loop
      vertex   3.100000e+02 3.461171e+01 3.387076e+01
      vertex   3.100000e+02 3.444066e+01 4.374755e+01
      vertex   3.100000e+02 3.494173e+01 4.360319e+01
    endloop
  endfacet
  facet normal -1.000000e+00 0.000000e+00 0.000000e+00
    outer loop
      vertex   3.100000e+02 3.461171e+01 3.387076e+01
      vertex   3.100000e+02 3.494173e+01 4.360319e+01
      vertex   3.100000e+02 3.549832e+01 3.418996e+01
    endloop
  endfacet
  facet normal -1.000000e+00 0.000000e+00 0.000000e+00
    outer loop
      vertex   3.100000e+02 3.549832e+01 3.418996e+01
      vertex   3.100000e+02 3.494173e+01 4.360319e+01
      vertex   3.100000e+02 3.636315e+01 3.456420e+01
    endloop
  endfacet
  facet normal -1.000000e+00 0.000000e+00 0.000000e+00
    outer loop
      vertex   3.100000e+02 3.636315e+01 3.456420e+01
      vertex   3.100000e+02 3.494173e+01 4.360319e+01
      vertex   3.100000e+02 3.545582e+01 4.351584e+01
    endloop
  endfacet
  facet normal -1.000000e+00 0.000000e+00 0.000000e+00
    outer loop
      vertex   3.100000e+02 3.636315e+01 3.456420e+01
      vertex   3.100000e+02 3.545582e+01 4.351584e+01
      vertex   3.100000e+02 3.720276e+01 3.499200e+01
    endloop
  endfacet
  facet normal -1.000000e+00 0.000000e+00 0.000000e+00
    outer loop
      vertex   3.100000e+02 3.720276e+01 3.499200e+01
      vertex   3.100000e+02 3.545582e+01 4.351584e+01
      vertex   3.100000e+02 3.801386e+01 3.547169e+01
    endloop
  endfacet
  facet normal -1.000000e+00 0.000000e+00 0.000000e+00
    outer loop
      vertex   3.100000e+02 3.801386e+01 3.547169e+01
      vertex   3.100000e+02 3.545582e+01 4.351584e+01
      vertex   3.100000e+02 3.597646e+01 4.348660e+01
    endloop
  endfacet
  facet normal -1.000000e+00 0.000000e+00 0.000000e+00
    outer loop
      vertex   3.100000e+02 3.801386e+01 3.547169e+01
      vertex   3.100000e+02 3.597646e+01 4.348660e+01
      vertex   3.100000e+02 3.879324e+01 3.600135e+01
    endloop
  endfacet
  facet normal -1.000000e+00 0.000000e+00 0.000000e+00
    outer loop
      vertex   3.100000e+02 3.879324e+01 3.600135e+01
      vertex   3.100000e+02 3.597646e+01 4.348660e+01
      vertex   3.100000e+02 3.953782e+01 3.657891e+01
    endloop
  endfacet
  facet normal -1.000000e+00 0.000000e+00 0.000000e+00
    outer loop
      vertex   3.100000e+02 3.953782e+01 3.657891e+01
      vertex   3.100000e+02 3.597646e+01 4.348660e+01
      vertex   3.100000e+02 4.024466e+01 3.720208e+01
    endloop
  endfacet
  facet normal -1.000000e+00 0.000000e+00 0.000000e+00
    outer loop
      vertex   3.100000e+02 4.024466e+01 3.720208e+01
      vertex   3.100000e+02 3.597646e+01 4.348660e+01
      vertex   3.100000e+02 4.091099e+01 3.786840e+01
    endloop
  endfacet
  facet normal -1.000000e+00 0.000000e+00 0.000000e+00
    outer loop
      vertex   3.100000e+02 4.091099e+01 3.786840e+01
      vertex   3.100000e+02 3.597646e+01 4.348660e+01
      vertex   3.100000e+02 4.153415e+01 3.857524e+01
    endloop
  endfacet
  facet normal -1.000000e+00 0.000000e+00 0.000000e+00
    outer loop
      vertex   3.100000e+02 4.153415e+01 3.857524e+01
      vertex   3.100000e+02 3.597646e+01 4.348660e+01
      vertex   3.100000e+02 4.211171e+01 3.931983e+01
    endloop
  endfacet
  facet normal -1.000000e+00 0.000000e+00 0.000000e+00
    outer loop
      vertex   3.100000e+02 4.211171e+01 3.931983e+01
      vertex   3.100000e+02 3.597646e+01 4.348660e+01
      vertex   3.100000e+02 4.264138e+01 4.009920e+01
    endloop
  endfacet
  facet normal -1.000000e+00 0.000000e+00 0.000000e+00
    outer loop
      vertex   3.100000e+02 4.264138e+01 4.009920e+01
      vertex   3.100000e+02 3.597646e+01 4.348660e+01
      vertex   3.100000e+02 4.312106e+01 4.091030e+01
    endloop
  endfacet
  facet normal -1.000000e+00 0.000000e+00 0.000000e+00
    outer loop
      vertex   3.100000e+02 4.312106e+01 4.091030e+01
      vertex   3.100000e+02 3.597646e+01 4.348660e+01
      vertex   3.100000e+02 4.354886e+01 4.174992e+01
    endloop
  endfacet
  facet normal -1.000000e+00 0.000000e+00 0.000000e+00
    outer loop
      vertex   3.100000e+02 4.354886e+01 4.174992e+01
      vertex   3.100000e+02 3.597646e+01 4.348660e+01
      vertex   3.100000e+02 4.392310e+01 4.261474e+01
    endloop
  endfacet
  facet normal -1.000000e+00 0.000000e+00 0.000000e+00
    outer loop
      vertex   3.100000e+02 4.392310e+01 4.261474e+01
      vertex   3.100000e+02 3.597646e+01 4.348660e+01
      vertex   3.100000e+02 3.649709e+01 4.351584e+01
    endloop
  endfacet
  facet normal -1.000000e+00 0.000000e+00 0.000000e+00
    outer loop
      vertex   3.100000e+02 4.392310e+01 4.261474e+01
      vertex   3.100000e+02 3.649709e+01 4.351584e+01
      vertex   3.100000e+02 3.701118e+01 4.360319e+01
    endloop
  endfacet
  facet normal -1.000000e+00 0.000000e+00 0.000000e+00
    outer loop
      vertex   3.100000e+02 3.701118e+01 4.360319e+01
      vertex   3.100000e+02 3.751225e+01 4.374755e+01
      vertex   3.100000e+02 4.392310e+01 4.261474e+01
    endloop
  endfacet
  facet normal -1.000000e+00 0.000000e+00 0.000000e+00
    outer loop
      vertex   3.100000e+02 4.392310e+01 4.261474e+01
      vertex   3.100000e+02 3.751225e+01 4.374755e+01
      vertex   3.100000e+02 3.799402e+01 4.394710e+01
    endloop
  endfacet
  facet normal -1.000000e+00 0.000000e+00 0.000000e+00
    outer loop
      vertex   3.100000e+02 4.392310e+01 4.261474e+01
      vertex   3.100000e+02 3.799402e+01 4.394710e+01
      vertex   3.100000e+02 3.845041e+01 4.419934e+01
    endloop
  endfacet
  facet normal -1.000000e+00 0.000000e+00 0.000000e+00
    outer loop
      vertex   3.100000e+02 3.845041e+01 4.419934e+01
      vertex   3.100000e+02 3.887568e+01 4.450109e+01
      vertex   3.100000e+02 4.392310e+01 4.261474e+01
    endloop
  endfacet
  facet normal -1.000000e+00 0.000000e+00 0.000000e+00
    outer loop
      vertex   3.100000e+02 4.392310e+01 4.261474e+01
      vertex   3.100000e+02 3.887568e+01 4.450109e+01
      vertex   3.100000e+02 3.926450e+01 4.484856e+01
    endloop
  endfacet
  facet normal -1.000000e+00 0.000000e+00 0.000000e+00
    outer loop
      vertex   3.100000e+02 4.392310e+01 4.261474e+01
      vertex   3.100000e+02 3.926450e+01 4.484856e+01
      vertex   3.100000e+02 3.961197e+01 4.523738e+01
    endloop
  endfacet
  facet normal -1.000000e+00 0.000000e+00 0.000000e+00
    outer loop
      vertex   3.100000e+02 4.392310e+01 4.261474e+01
      vertex   3.100000e+02 3.961197e+01 4.523738e+01
      vertex   3.100000e+02 4.424230e+01 4.350135e+01
    endloop
  endfacet
  facet normal -1.000000e+00 0.000000e+00 0.000000e+00
    outer loop
      vertex   3.100000e+02 4.424230e+01 4.350135e+01
      vertex   3.100000e+02 3.961197e+01 4.523738e+01
      vertex   3.100000e+02 3.991372e+01 4.566266e+01
    endloop
  endfacet
  facet normal -1.000000e+00 0.000000e+00 0.000000e+00
    outer loop
      vertex   3.100000e+02 4.424230e+01 4.350135e+01
      vertex   3.100000e+02 3.991372e+01 4.566266e+01
      vertex   3.100000e+02 4.450520e+01 4.440626e+01
    endloop
  endfacet
  facet normal -1.000000e+00 0.000000e+00 0.000000e+00
    outer loop
      vertex   3.100000e+02 4.450520e+01 4.440626e+01
      vertex   3.100000e+02 3.991372e+01 4.566266e+01
      vertex   3.100000e+02 4.016596e+01 4.611905e+01
    endloop
  endfacet
  facet normal -1.000000e+00 0.000000e+00 0.000000e+00
    outer loop
      vertex   3.100000e+02 4.450520e+01 4.440626e+01
      vertex   3.100000e+02 4.016596e+01 4.611905e+01
      vertex   3.100000e+02 4.471077e+01 4.532588e+01
    endloop
  endfacet
  facet normal -1.000000e+00 0.000000e+00 0.000000e+00
    outer loop
      vertex   3.100000e+02 4.471077e+01 4.532588e+01
      vertex   3.100000e+02 4.016596e+01 4.611905e+01
      vertex   3.100000e+02 4.036551e+01 4.660081e+01
    endloop
  endfacet
  facet normal -1.000000e+00 0.000000e+00 0.000000e+00
    outer loop
      vertex   3.100000e+02 4.471077e+01 4.532588e+01
      vertex   3.100000e+02 4.036551e+01 4.660081e+01
      vertex   3.100000e+02 4.485818e+01 4.625661e+01
    endloop
  endfacet
  facet normal -1.000000e+00 0.000000e+00 0.000000e+00
    outer loop
      vertex   3.100000e+02 4.485818e+01 4.625661e+01
      vertex   3.100000e+02 4.036551e+01 4.660081e+01
      vertex   3.100000e+02 4.050987e+01 4.710188e+01
    endloop
  endfacet
  facet normal -1.000000e+00 0.000000e+00 0.000000e+00
    outer loop
      vertex   3.100000e+02 4.485818e+01 4.625661e+01
      vertex   3.100000e+02 4.050987e+01 4.710188e+01
      vertex   3.100000e+02 4.494686e+01 4.719475e+01
    endloop
  endfacet
  facet normal -1.000000e+00 -0.000000e+00 0.000000e+00
    outer loop
      vertex   3.100000e+02 4.494686e+01 4.719475e+01
      vertex   3.100000e+02 4.050987e+01 4.710188e+01
      vertex   3.100000e+02 4.059722e+01 4.761597e+01
    endloop
  endfacet
  facet normal -1.000000e+00 0.000000e+00 0.000000e+00
    outer loop
      vertex   3.100000e+02 4.494686e+01 4.719475e+01
      vertex   3.100000e+02 4.059722e+01 4.761597e+01
      vertex   3.100000e+02 4.497646e+01 4.813660e+01
    endloop
  endfacet
  facet normal -1.000000e+00 0.000000e+00 0.000000e+00
    outer loop
      vertex   3.100000e+02 4.497646e+01 4.813660e+01
      vertex   3.100000e+02 4.059722e+01 4.761597e+01
      vertex   3.100000e+02 4.062646e+01 4.813660e+01
    endloop
  endfacet
  facet normal -1.000000e+00 -0.000000e+00 0.000000e+00
    outer loop
      vertex   3.100000e+02 4.497646e+01 4.813660e+01
      vertex   3.100000e+02 4.062646e+01 4.813660e+01
      vertex   3.100000e+02 4.059722e+01 4.865724e+01
    endloop
  endfacet
  facet normal -1.000000e+00 0.000000e+00 0.000000e+00
    outer loop
      vertex   3.100000e+02 4.497646e+01 4.813660e+01
      vertex   3.100000e+02 4.059722e+01 4.865724e+01
      vertex   3.100000e+02 4.494686e+01 4.907846e+01
    endloop
  endfacet
  facet normal -1.000000e+00 -0.000000e+00 0.000000e+00
    outer loop
      vertex   3.100000e+02 4.494686e+01 4.907846e+01
      vertex   3.100000e+02 4.059722e+01 4.865724e+01
      vertex   3.100000e+02 4.050987e+01 4.917133e+01
    endloop
  endfacet
  facet normal -1.000000e+00 0.000000e+00 0.000000e+00
    outer loop
      vertex   3.100000e+02 4.494686e+01 4.907846e+01
      vertex   3.100000e+02 4.050987e+01 4.917133e+01
      vertex   3.100000e+02 4.485818e+01 5.001660e+01
    endloop
  endfacet
  facet normal -1.000000e+00 0.000000e+00 0.000000e+00
    outer loop
      vertex   3.100000e+02 4.485818e+01 5.001660e+01
      vertex   3.100000e+02 4.050987e+01 4.917133e+01
      vertex   3.100000e+02 4.036551e+01 4.967240e+01
    endloop
  endfacet
  facet normal -1.000000e+00 -0.000000e+00 0.000000e+00
    outer loop
      vertex   3.100000e+02 4.485818e+01 5.001660e+01
      vertex   3.100000e+02 4.036551e+01 4.967240e+01
      vertex   3.100000e+02 4.471077e+01 5.094732e+01
    endloop
  endfacet
  facet normal -1.000000e+00 0.000000e+00 0.000000e+00
    outer loop
      vertex   3.100000e+02 4.471077e+01 5.094732e+01
      vertex   3.100000e+02 4.036551e+01 4.967240e+01
      vertex   3.100000e+02 4.016596e+01 5.015416e+01
    endloop
  endfacet
  facet normal -1.000000e+00 -0.000000e+00 0.000000e+00
    outer loop
      vertex   3.100000e+02 4.471077e+01 5.094732e+01
      vertex   3.100000e+02 4.016596e+01 5.015416e+01
      vertex   3.100000e+02 4.450520e+01 5.186695e+01
    endloop
  endfacet
  facet normal -1.000000e+00 0.000000e+00 0.000000e+00
    outer loop
      vertex   3.100000e+02 4.450520e+01 5.186695e+01
      vertex   3.100000e+02 4.016596e+01 5.015416e+01
      vertex   3.100000e+02 3.991372e+01 5.061055e+01
    endloop
  endfacet
  facet normal -1.000000e+00 -0.000000e+00 0.000000e+00
    outer loop
      vertex   3.100000e+02 4.450520e+01 5.186695e+01
      vertex   3.100000e+02 3.991372e+01 5.061055e+01
      vertex   3.100000e+02 4.424230e+01 5.277186e+01
    endloop
  endfacet
  facet normal -1.000000e+00 0.000000e+00 0.000000e+00
    outer loop
      vertex   3.100000e+02 4.424230e+01 5.277186e+01
      vertex   3.100000e+02 3.991372e+01 5.061055e+01
      vertex   3.100000e+02 3.961197e+01 5.103583e+01
    endloop
  endfacet
  facet normal -1.000000e+00 -0.000000e+00 0.000000e+00
    outer loop
      vertex   3.100000e+02 4.424230e+01 5.277186e+01
      vertex   3.100000e+02 3.961197e+01 5.103583e+01
      vertex   3.100000e+02 4.392310e+01 5.365847e+01
    endloop
  endfacet
  facet normal -1.000000e+00 0.000000e+00 0.000000e+00
    outer loop
      vertex   3.100000e+02 4.392310e+01 5.365847e+01
      vertex   3.100000e+02 3.961197e+01 5.103583e+01
      vertex   3.100000e+02 3.926450e+01 5.142465e+01
    endloop
  endfacet
  facet normal -1.000000e+00 0.000000e+00 0.000000e+00
    outer loop
      vertex   3.100000e+02 4.392310e+01 5.365847e+01
      vertex   3.100000e+02 3.926450e+01 5.142465e+01
      vertex   3.100000e+02 3.887568e+01 5.177212e+01
    endloop
  endfacet
  facet normal -1.000000e+00 0.000000e+00 0.000000e+00
    outer loop
      vertex   3.100000e+02 3.887568e+01 5.177212e+01
      vertex   3.100000e+02 3.845041e+01 5.207387e+01
      vertex   3.100000e+02 4.392310e+01 5.365847e+01
    endloop
  endfacet
  facet normal -1.000000e+00 0.000000e+00 0.000000e+00
    outer loop
      vertex   3.100000e+02 4.392310e+01 5.365847e+01
      vertex   3.100000e+02 3.845041e+01 5.207387e+01
      vertex   3.100000e+02 3.799402e+01 5.232611e+01
    endloop
  endfacet
  facet normal -1.000000e+00 0.000000e+00 0.000000e+00
    outer loop
      vertex   3.100000e+02 4.392310e+01 5.365847e+01
      vertex   3.100000e+02 3.799402e+01 5.232611e+01
      vertex   3.100000e+02 3.751225e+01 5.252566e+01
    endloop
  endfacet
  facet normal -1.000000e+00 0.000000e+00 0.000000e+00
    outer loop
      vertex   3.100000e+02 3.751225e+01 5.252566e+01
      vertex   3.100000e+02 3.701118e+01 5.267002e+01
      vertex   3.100000e+02 4.392310e+01 5.365847e+01
    endloop
  endfacet
  facet normal -1.000000e+00 0.000000e+00 0.000000e+00
    outer loop
      vertex   3.100000e+02 4.392310e+01 5.365847e+01
      vertex   3.100000e+02 3.701118e+01 5.267002e+01
      vertex   3.100000e+02 3.649709e+01 5.275737e+01
    endloop
  endfacet
  facet normal -1.000000e+00 0.000000e+00 0.000000e+00
    outer loop
      vertex   3.100000e+02 4.392310e+01 5.365847e+01
      vertex   3.100000e+02 3.649709e+01 5.275737e+01
      vertex   3.100000e+02 3.597646e+01 5.278660e+01
    endloop
  endfacet
  facet normal -1.000000e+00 0.000000e+00 0.000000e+00
    outer loop
      vertex   3.100000e+02 3.545582e+01 5.275737e+01
      vertex   3.100000e+02 3.801386e+01 6.080152e+01
      vertex   3.100000e+02 3.597646e+01 5.278660e+01
    endloop
  endfacet
  facet normal -1.000000e+00 0.000000e+00 0.000000e+00
    outer loop
      vertex   3.100000e+02 3.597646e+01 5.278660e+01
      vertex   3.100000e+02 3.801386e+01 6.080152e+01
      vertex   3.100000e+02 3.879324e+01 6.027186e+01
    endloop
  endfacet
  facet normal -1.000000e+00 0.000000e+00 0.000000e+00
    outer loop
      vertex   3.100000e+02 3.597646e+01 5.278660e+01
      vertex   3.100000e+02 3.879324e+01 6.027186e+01
      vertex   3.100000e+02 3.953782e+01 5.969430e+01
    endloop
  endfacet
  facet normal -1.000000e+00 0.000000e+00 0.000000e+00
    outer loop
      vertex   3.100000e+02 3.494173e+01 5.267002e+01
      vertex   3.100000e+02 3.636315e+01 6.170901e+01
      vertex   3.100000e+02 3.545582e+01 5.275737e+01
    endloop
  endfacet
  facet normal -1.000000e+00 0.000000e+00 0.000000e+00
    outer loop
      vertex   3.100000e+02 3.545582e+01 5.275737e+01
      vertex   3.100000e+02 3.636315e+01 6.170901e+01
      vertex   3.100000e+02 3.720276e+01 6.128120e+01
    endloop
  endfacet
  facet normal -1.000000e+00 0.000000e+00 0.000000e+00
    outer loop
      vertex   3.100000e+02 3.545582e+01 5.275737e+01
      vertex   3.100000e+02 3.720276e+01 6.128120e+01
      vertex   3.100000e+02 3.801386e+01 6.080152e+01
    endloop
  endfacet
  facet normal -1.000000e+00 0.000000e+00 0.000000e+00
    outer loop
      vertex   3.100000e+02 3.444066e+01 5.252566e+01
      vertex   3.100000e+02 3.461171e+01 6.240245e+01
      vertex   3.100000e+02 3.494173e+01 5.267002e+01
    endloop
  endfacet
  facet normal -1.000000e+00 0.000000e+00 0.000000e+00
    outer loop
      vertex   3.100000e+02 3.494173e+01 5.267002e+01
      vertex   3.100000e+02 3.461171e+01 6.240245e+01
      vertex   3.100000e+02 3.549832e+01 6.208325e+01
    endloop
  endfacet
  facet normal -1.000000e+00 0.000000e+00 0.000000e+00
    outer loop
      vertex   3.100000e+02 3.494173e+01 5.267002e+01
      vertex   3.100000e+02 3.549832e+01 6.208325e+01
      vertex   3.100000e+02 3.636315e+01 6.170901e+01
    endloop
  endfacet
  facet normal -1.000000e+00 -0.000000e+00 0.000000e+00
    outer loop
      vertex   3.100000e+02 3.461171e+01 6.240245e+01
      vertex   3.100000e+02 3.444066e+01 5.252566e+01
      vertex   3.100000e+02 3.370680e+01 6.266535e+01
    endloop
  endfacet
  facet normal -1.000000e+00 0.000000e+00 0.000000e+00
    outer loop
      vertex   3.100000e+02 3.370680e+01 6.266535e+01
      vertex   3.100000e+02 3.444066e+01 5.252566e+01
      vertex   3.100000e+02 3.395890e+01 5.232611e+01
    endloop
  endfacet
  facet normal -1.000000e+00 -0.000000e+00 -0.000000e+00
    outer loop
      vertex   3.100000e+02 3.370680e+01 6.266535e+01
      vertex   3.100000e+02 3.395890e+01 5.232611e+01
      vertex   3.100000e+02 3.278718e+01 6.287091e+01
    endloop
  endfacet
  facet normal -1.000000e+00 -0.000000e+00 -0.000000e+00
    outer loop
      vertex   3.100000e+02 3.278718e+01 6.287091e+01
      vertex   3.100000e+02 3.395890e+01 5.232611e+01
      vertex   3.100000e+02 3.185645e+01 6.301833e+01
    endloop
  endfacet
  facet normal -1.000000e+00 0.000000e+00 0.000000e+00
    outer loop
      vertex   3.100000e+02 3.185645e+01 6.301833e+01
      vertex   3.100000e+02 3.395890e+01 5.232611e+01
      vertex   3.100000e+02 3.350251e+01 5.207387e+01
    endloop
  endfacet
  facet normal -1.000000e+00 -0.000000e+00 -0.000000e+00
    outer loop
      vertex   3.100000e+02 3.185645e+01 6.301833e+01
      vertex   3.100000e+02 3.350251e+01 5.207387e+01
      vertex   3.100000e+02 3.091831e+01 6.310701e+01
    endloop
  endfacet
  facet normal -1.000000e+00 -0.000000e+00 -0.000000e+00
    outer loop
      vertex   3.100000e+02 3.091831e+01 6.310701e+01
      vertex   3.100000e+02 3.350251e+01 5.207387e+01
      vertex   3.100000e+02 2.997646e+01 6.313660e+01
    endloop
  endfacet
  facet normal -1.000000e+00 0.000000e+00 0.000000e+00
    outer loop
      vertex   3.100000e+02 2.997646e+01 6.313660e+01
      vertex   3.100000e+02 3.350251e+01 5.207387e+01
      vertex   3.100000e+02 3.307723e+01 5.177212e+01
    endloop
  endfacet
  facet normal -1.000000e+00 0.000000e+00 -0.000000e+00
    outer loop
      vertex   3.100000e+02 2.997646e+01 6.313660e+01
      vertex   3.100000e+02 3.307723e+01 5.177212e+01
      vertex   3.100000e+02 2.903460e+01 6.310701e+01
    endloop
  endfacet
  facet normal -1.000000e+00 0.000000e+00 -0.000000e+00
    outer loop
      vertex   3.100000e+02 2.903460e+01 6.310701e+01
      vertex   3.100000e+02 3.307723e+01 5.177212e+01
      vertex   3.100000e+02 2.809646e+01 6.301833e+01
    endloop
  endfacet
  facet normal -1.000000e+00 0.000000e+00 -0.000000e+00
    outer loop
      vertex   3.100000e+02 2.809646e+01 6.301833e+01
      vertex   3.100000e+02 3.307723e+01 5.177212e+01
      vertex   3.100000e+02 2.716574e+01 6.287091e+01
    endloop
  endfacet
  facet normal -1.000000e+00 0.000000e+00 0.000000e+00
    outer loop
      vertex   3.100000e+02 2.716574e+01 6.287091e+01
      vertex   3.100000e+02 3.307723e+01 5.177212e+01
      vertex   3.100000e+02 3.268841e+01 5.142465e+01
    endloop
  endfacet
  facet normal -1.000000e+00 0.000000e+00 -0.000000e+00
    outer loop
      vertex   3.100000e+02 2.716574e+01 6.287091e+01
      vertex   3.100000e+02 3.268841e+01 5.142465e+01
      vertex   3.100000e+02 2.624611e+01 6.266535e+01
    endloop
  endfacet
  facet normal -1.000000e+00 0.000000e+00 -0.000000e+00
    outer loop
      vertex   3.100000e+02 2.624611e+01 6.266535e+01
      vertex   3.100000e+02 3.268841e+01 5.142465e+01
      vertex   3.100000e+02 2.534120e+01 6.240245e+01
    endloop
  endfacet
  facet normal -1.000000e+00 0.000000e+00 0.000000e+00
    outer loop
      vertex   3.100000e+02 2.534120e+01 6.240245e+01
      vertex   3.100000e+02 3.268841e+01 5.142465e+01
      vertex   3.100000e+02 3.234094e+01 5.103583e+01
    endloop
  endfacet
  facet normal -1.000000e+00 0.000000e+00 -0.000000e+00
    outer loop
      vertex   3.100000e+02 2.534120e+01 6.240245e+01
      vertex   3.100000e+02 3.234094e+01 5.103583e+01
      vertex   3.100000e+02 2.445459e+01 6.208325e+01
    endloop
  endfacet
  facet normal -1.000000e+00 0.000000e+00 -0.000000e+00
    outer loop
      vertex   3.100000e+02 2.445459e+01 6.208325e+01
      vertex   3.100000e+02 3.234094e+01 5.103583e+01
      vertex   3.100000e+02 2.358977e+01 6.170901e+01
    endloop
  endfacet
  facet normal -1.000000e+00 0.000000e+00 -0.000000e+00
    outer loop
      vertex   3.100000e+02 2.358977e+01 6.170901e+01
      vertex   3.100000e+02 3.234094e+01 5.103583e+01
      vertex   3.100000e+02 2.275015e+01 6.128120e+01
    endloop
  endfacet
  facet normal -1.000000e+00 0.000000e+00 0.000000e+00
    outer loop
      vertex   3.100000e+02 2.275015e+01 6.128120e+01
      vertex   3.100000e+02 3.234094e+01 5.103583e+01
      vertex   3.100000e+02 3.203919e+01 5.061055e+01
    endloop
  endfacet
  facet normal -1.000000e+00 0.000000e+00 -0.000000e+00
    outer loop
      vertex   3.100000e+02 2.275015e+01 6.128120e+01
      vertex   3.100000e+02 3.203919e+01 5.061055e+01
      vertex   3.100000e+02 2.193905e+01 6.080152e+01
    endloop
  endfacet
  facet normal -1.000000e+00 0.000000e+00 -0.000000e+00
    outer loop
      vertex   3.100000e+02 2.193905e+01 6.080152e+01
      vertex   3.100000e+02 3.203919e+01 5.061055e+01
      vertex   3.100000e+02 2.115968e+01 6.027186e+01
    endloop
  endfacet
  facet normal -1.000000e+00 0.000000e+00 -0.000000e+00
    outer loop
      vertex   3.100000e+02 2.115968e+01 6.027186e+01
      vertex   3.100000e+02 3.203919e+01 5.061055e+01
      vertex   3.100000e+02 2.041510e+01 5.969430e+01
    endloop
  endfacet
  facet normal -1.000000e+00 0.000000e+00 0.000000e+00
    outer loop
      vertex   3.100000e+02 2.041510e+01 5.969430e+01
      vertex   3.100000e+02 3.203919e+01 5.061055e+01
      vertex   3.100000e+02 3.178695e+01 5.015416e+01
    endloop
  endfacet
  facet normal -1.000000e+00 0.000000e+00 -0.000000e+00
    outer loop
      vertex   3.100000e+02 2.041510e+01 5.969430e+01
      vertex   3.100000e+02 3.178695e+01 5.015416e+01
      vertex   3.100000e+02 1.970825e+01 5.907113e+01
    endloop
  endfacet
  facet normal -1.000000e+00 0.000000e+00 -0.000000e+00
    outer loop
      vertex   3.100000e+02 1.970825e+01 5.907113e+01
      vertex   3.100000e+02 3.178695e+01 5.015416e+01
      vertex   3.100000e+02 1.904193e+01 5.840481e+01
    endloop
  endfacet
  facet normal -1.000000e+00 0.000000e+00 -0.000000e+00
    outer loop
      vertex   3.100000e+02 1.904193e+01 5.840481e+01
      vertex   3.100000e+02 3.178695e+01 5.015416e+01
      vertex   3.100000e+02 1.841876e+01 5.769796e+01
    endloop
  endfacet
  facet normal -1.000000e+00 0.000000e+00 0.000000e+00
    outer loop
      vertex   3.100000e+02 1.841876e+01 5.769796e+01
      vertex   3.100000e+02 3.178695e+01 5.015416e+01
      vertex   3.100000e+02 3.158740e+01 4.967240e+01
    endloop
  endfacet
  facet normal -1.000000e+00 0.000000e+00 -0.000000e+00
    outer loop
      vertex   3.100000e+02 1.841876e+01 5.769796e+01
      vertex   3.100000e+02 3.158740e+01 4.967240e+01
      vertex   3.100000e+02 1.784120e+01 5.695338e+01
    endloop
  endfacet
  facet normal -1.000000e+00 0.000000e+00 -0.000000e+00
    outer loop
      vertex   3.100000e+02 1.784120e+01 5.695338e+01
      vertex   3.100000e+02 3.158740e+01 4.967240e+01
      vertex   3.100000e+02 1.731154e+01 5.617401e+01
    endloop
  endfacet
  facet normal -1.000000e+00 0.000000e+00 -0.000000e+00
    outer loop
      vertex   3.100000e+02 1.731154e+01 5.617401e+01
      vertex   3.100000e+02 3.158740e+01 4.967240e+01
      vertex   3.100000e+02 1.683186e+01 5.536291e+01
    endloop
  endfacet
  facet normal -1.000000e+00 0.000000e+00 0.000000e+00
    outer loop
      vertex   3.100000e+02 1.683186e+01 5.536291e+01
      vertex   3.100000e+02 3.158740e+01 4.967240e+01
      vertex   3.100000e+02 3.144304e+01 4.917133e+01
    endloop
  endfacet
  facet normal -1.000000e+00 0.000000e+00 -0.000000e+00
    outer loop
      vertex   3.100000e+02 1.683186e+01 5.536291e+01
      vertex   3.100000e+02 3.144304e+01 4.917133e+01
      vertex   3.100000e+02 1.640405e+01 5.452329e+01
    endloop
  endfacet
  facet normal -1.000000e+00 0.000000e+00 -0.000000e+00
    outer loop
      vertex   3.100000e+02 1.640405e+01 5.452329e+01
      vertex   3.100000e+02 3.144304e+01 4.917133e+01
      vertex   3.100000e+02 1.602981e+01 5.365847e+01
    endloop
  endfacet
  facet normal -1.000000e+00 0.000000e+00 -0.000000e+00
    outer loop
      vertex   3.100000e+02 1.602981e+01 5.365847e+01
      vertex   3.100000e+02 3.144304e+01 4.917133e+01
      vertex   3.100000e+02 1.571061e+01 5.277186e+01
    endloop
  endfacet
  facet normal -1.000000e+00 0.000000e+00 0.000000e+00
    outer loop
      vertex   3.100000e+02 1.571061e+01 5.277186e+01
      vertex   3.100000e+02 3.144304e+01 4.917133e+01
      vertex   3.100000e+02 3.135569e+01 4.865724e+01
    endloop
  endfacet
  facet normal -1.000000e+00 0.000000e+00 -0.000000e+00
    outer loop
      vertex   3.100000e+02 1.571061e+01 5.277186e+01
      vertex   3.100000e+02 3.135569e+01 4.865724e+01
      vertex   3.100000e+02 1.544771e+01 5.186695e+01
    endloop
  endfacet
  facet normal -1.000000e+00 0.000000e+00 -0.000000e+00
    outer loop
      vertex   3.100000e+02 1.544771e+01 5.186695e+01
      vertex   3.100000e+02 3.135569e+01 4.865724e+01
      vertex   3.100000e+02 1.524215e+01 5.094732e+01
    endloop
  endfacet
  facet normal -1.000000e+00 0.000000e+00 -0.000000e+00
    outer loop
      vertex   3.100000e+02 1.524215e+01 5.094732e+01
      vertex   3.100000e+02 3.135569e+01 4.865724e+01
      vertex   3.100000e+02 1.509474e+01 5.001660e+01
    endloop
  endfacet
  facet normal -1.000000e+00 0.000000e+00 0.000000e+00
    outer loop
      vertex   3.100000e+02 1.509474e+01 5.001660e+01
      vertex   3.100000e+02 3.135569e+01 4.865724e+01
      vertex   3.100000e+02 3.132646e+01 4.813660e+01
    endloop
  endfacet
  facet normal -1.000000e+00 0.000000e+00 -0.000000e+00
    outer loop
      vertex   3.100000e+02 1.509474e+01 5.001660e+01
      vertex   3.100000e+02 3.132646e+01 4.813660e+01
      vertex   3.100000e+02 1.500606e+01 4.907846e+01
    endloop
  endfacet
  facet normal -1.000000e+00 0.000000e+00 -0.000000e+00
    outer loop
      vertex   3.100000e+02 1.500606e+01 4.907846e+01
      vertex   3.100000e+02 3.132646e+01 4.813660e+01
      vertex   3.100000e+02 1.497646e+01 4.813660e+01
    endloop
  endfacet
  facet normal -1.000000e+00 0.000000e+00 -0.000000e+00
    outer loop
      vertex   3.100000e+02 3.953782e+01 5.969430e+01
      vertex   3.100000e+02 4.024466e+01 5.907113e+01
      vertex   3.100000e+02 3.597646e+01 5.278660e+01
    endloop
  endfacet
  facet normal -1.000000e+00 0.000000e+00 0.000000e+00
    outer loop
      vertex   3.100000e+02 3.597646e+01 5.278660e+01
      vertex   3.100000e+02 4.024466e+01 5.907113e+01
      vertex   3.100000e+02 4.091099e+01 5.840481e+01
    endloop
  endfacet
  facet normal -1.000000e+00 0.000000e+00 0.000000e+00
    outer loop
      vertex   3.100000e+02 3.597646e+01 5.278660e+01
      vertex   3.100000e+02 4.091099e+01 5.840481e+01
      vertex   3.100000e+02 4.153415e+01 5.769796e+01
    endloop
  endfacet
  facet normal -1.000000e+00 0.000000e+00 -0.000000e+00
    outer loop
      vertex   3.100000e+02 4.153415e+01 5.769796e+01
      vertex   3.100000e+02 4.211171e+01 5.695338e+01
      vertex   3.100000e+02 3.597646e+01 5.278660e+01
    endloop
  endfacet
  facet normal -1.000000e+00 0.000000e+00 0.000000e+00
    outer loop
      vertex   3.100000e+02 3.597646e+01 5.278660e+01
      vertex   3.100000e+02 4.211171e+01 5.695338e+01
      vertex   3.100000e+02 4.264138e+01 5.617401e+01
    endloop
  endfacet
  facet normal -1.000000e+00 0.000000e+00 0.000000e+00
    outer loop
      vertex   3.100000e+02 3.597646e+01 5.278660e+01
      vertex   3.100000e+02 4.264138e+01 5.617401e+01
      vertex   3.100000e+02 4.312106e+01 5.536291e+01
    endloop
  endfacet
  facet normal -1.000000e+00 0.000000e+00 -0.000000e+00
    outer loop
      vertex   3.100000e+02 4.312106e+01 5.536291e+01
      vertex   3.100000e+02 4.354886e+01 5.452329e+01
      vertex   3.100000e+02 3.597646e+01 5.278660e+01
    endloop
  endfacet
  facet normal -1.000000e+00 0.000000e+00 0.000000e+00
    outer loop
      vertex   3.100000e+02 3.597646e+01 5.278660e+01
      vertex   3.100000e+02 4.354886e+01 5.452329e+01
      vertex   3.100000e+02 4.392310e+01 5.365847e+01
    endloop
  endfacet
  facet normal -1.000000e+00 0.000000e+00 0.000000e+00
    outer loop
      vertex   3.100000e+02 2.358977e+01 3.456420e+01
      vertex   3.100000e+02 2.275015e+01 3.499200e+01
      vertex   3.100000e+02 3.234094e+01 4.523738e+01
    endloop
  endfacet
  facet normal -1.000000e+00 0.000000e+00 0.000000e+00
    outer loop
      vertex   3.100000e+02 2.115968e+01 3.600135e+01
      vertex   3.100000e+02 2.041510e+01 3.657891e+01
      vertex   3.100000e+02 3.203919e+01 4.566266e+01
    endloop
  endfacet
  facet normal -1.000000e+00 0.000000e+00 0.000000e+00
    outer loop
      vertex   3.100000e+02 1.904193e+01 3.786840e+01
      vertex   3.100000e+02 1.841876e+01 3.857524e+01
      vertex   3.100000e+02 3.178695e+01 4.611905e+01
    endloop
  endfacet
  facet normal -1.000000e+00 0.000000e+00 0.000000e+00
    outer loop
      vertex   3.100000e+02 1.731154e+01 4.009920e+01
      vertex   3.100000e+02 1.683186e+01 4.091030e+01
      vertex   3.100000e+02 3.158740e+01 4.660081e+01
    endloop
  endfacet
  facet normal -1.000000e+00 0.000000e+00 0.000000e+00
    outer loop
      vertex   3.100000e+02 1.602981e+01 4.261474e+01
      vertex   3.100000e+02 1.571061e+01 4.350135e+01
      vertex   3.100000e+02 3.144304e+01 4.710188e+01
    endloop
  endfacet
  facet normal -1.000000e+00 0.000000e+00 0.000000e+00
    outer loop
      vertex   3.100000e+02 1.524215e+01 4.532588e+01
      vertex   3.100000e+02 1.509474e+01 4.625661e+01
      vertex   3.100000e+02 3.135569e+01 4.761597e+01
    endloop
  endfacet
  facet normal 1.119140e-01 -9.932645e-01 -3.001329e-02
    outer loop
      vertex   3.210000e+02 1.400565e+01 4.717055e+01
      vertex   3.212225e+02 1.403067e+01 4.717206e+01
      vertex   3.210000e+02 1.397646e+01 4.813660e+01
    endloop
  endfacet
  facet normal 1.119140e-01 -9.932645e-01 -3.001329e-02
    outer loop
      vertex   3.210000e+02 1.397646e+01 4.813660e+01
      vertex   3.212225e+02 1.403067e+01 4.717206e+01
      vertex   3.212225e+02 1.400153e+01 4.813660e+01
    endloop
  endfacet
  facet normal 1.119140e-01 -9.932645e-01 3.001329e-02
    outer loop
      vertex   3.210000e+02 1.397646e+01 4.813660e+01
      vertex   3.212225e+02 1.400153e+01 4.813660e+01
      vertex   3.210000e+02 1.400565e+01 4.910266e+01
    endloop
  endfacet
  facet normal 1.119140e-01 -9.932645e-01 3.001329e-02
    outer loop
      vertex   3.210000e+02 1.400565e+01 4.910266e+01
      vertex   3.212225e+02 1.400153e+01 4.813660e+01
      vertex   3.212225e+02 1.403067e+01 4.910115e+01
    endloop
  endfacet
  facet normal 1.119140e-01 -9.896402e-01 8.993035e-02
    outer loop
      vertex   3.210000e+02 1.400565e+01 4.910266e+01
      vertex   3.212225e+02 1.403067e+01 4.910115e+01
      vertex   3.210000e+02 1.409311e+01 5.006519e+01
    endloop
  endfacet
  facet normal 1.119140e-01 -9.896402e-01 8.993035e-02
    outer loop
      vertex   3.210000e+02 1.409311e+01 5.006519e+01
      vertex   3.212225e+02 1.403067e+01 4.910115e+01
      vertex   3.212225e+02 1.411800e+01 5.006217e+01
    endloop
  endfacet
  facet normal 1.119140e-01 -9.824048e-01 1.495193e-01
    outer loop
      vertex   3.210000e+02 1.409311e+01 5.006519e+01
      vertex   3.212225e+02 1.411800e+01 5.006217e+01
      vertex   3.210000e+02 1.423854e+01 5.102069e+01
    endloop
  endfacet
  facet normal 1.119140e-01 -9.824048e-01 1.495193e-01
    outer loop
      vertex   3.210000e+02 1.423854e+01 5.102069e+01
      vertex   3.212225e+02 1.411800e+01 5.006217e+01
      vertex   3.212225e+02 1.426320e+01 5.101617e+01
    endloop
  endfacet
  facet normal 1.119140e-01 -9.715847e-01 2.085626e-01
    outer loop
      vertex   3.210000e+02 1.423854e+01 5.102069e+01
      vertex   3.212225e+02 1.426320e+01 5.101617e+01
      vertex   3.210000e+02 1.444139e+01 5.196566e+01
    endloop
  endfacet
  facet normal 1.119140e-01 -9.715847e-01 2.085626e-01
    outer loop
      vertex   3.210000e+02 1.444139e+01 5.196566e+01
      vertex   3.212225e+02 1.426320e+01 5.101617e+01
      vertex   3.212225e+02 1.446573e+01 5.195966e+01
    endloop
  endfacet
  facet normal 1.119140e-01 -9.572194e-01 2.668449e-01
    outer loop
      vertex   3.210000e+02 1.444139e+01 5.196566e+01
      vertex   3.212225e+02 1.446573e+01 5.195966e+01
      vertex   3.210000e+02 1.470092e+01 5.289665e+01
    endloop
  endfacet
  facet normal 1.119140e-01 -9.572194e-01 2.668449e-01
    outer loop
      vertex   3.210000e+02 1.470092e+01 5.289665e+01
      vertex   3.212225e+02 1.446573e+01 5.195966e+01
      vertex   3.212225e+02 1.472486e+01 5.288919e+01
    endloop
  endfacet
  facet normal 1.119140e-01 -9.393613e-01 3.241535e-01
    outer loop
      vertex   3.210000e+02 1.470092e+01 5.289665e+01
      vertex   3.212225e+02 1.472486e+01 5.288919e+01
      vertex   3.210000e+02 1.501620e+01 5.381028e+01
    endloop
  endfacet
  facet normal 1.119140e-01 -9.393613e-01 3.241535e-01
    outer loop
      vertex   3.210000e+02 1.501620e+01 5.381028e+01
      vertex   3.212225e+02 1.472486e+01 5.288919e+01
      vertex   3.212225e+02 1.503964e+01 5.380139e+01
    endloop
  endfacet
  facet normal 1.119140e-01 -9.180756e-01 3.802794e-01
    outer loop
      vertex   3.210000e+02 1.501620e+01 5.381028e+01
      vertex   3.212225e+02 1.503964e+01 5.380139e+01
      vertex   3.210000e+02 1.538606e+01 5.470321e+01
    endloop
  endfacet
  facet normal 1.119140e-01 -9.180756e-01 3.802794e-01
    outer loop
      vertex   3.210000e+02 1.538606e+01 5.470321e+01
      vertex   3.212225e+02 1.503964e+01 5.380139e+01
      vertex   3.212225e+02 1.540892e+01 5.469292e+01
    endloop
  endfacet
  facet normal 1.119140e-01 -8.934399e-01 4.350176e-01
    outer loop
      vertex   3.210000e+02 1.538606e+01 5.470321e+01
      vertex   3.212225e+02 1.540892e+01 5.469292e+01
      vertex   3.210000e+02 1.580916e+01 5.557218e+01
    endloop
  endfacet
  facet normal 1.119140e-01 -8.934399e-01 4.350176e-01
    outer loop
      vertex   3.210000e+02 1.580916e+01 5.557218e+01
      vertex   3.212225e+02 1.540892e+01 5.469292e+01
      vertex   3.212225e+02 1.583136e+01 5.556052e+01
    endloop
  endfacet
  facet normal 1.119140e-01 -8.655442e-01 4.881685e-01
    outer loop
      vertex   3.210000e+02 1.580916e+01 5.557218e+01
      vertex   3.212225e+02 1.583136e+01 5.556052e+01
      vertex   3.210000e+02 1.628396e+01 5.641401e+01
    endloop
  endfacet
  facet normal 1.119140e-01 -8.655442e-01 4.881685e-01
    outer loop
      vertex   3.210000e+02 1.628396e+01 5.641401e+01
      vertex   3.212225e+02 1.583136e+01 5.556052e+01
      vertex   3.212225e+02 1.630541e+01 5.640104e+01
    endloop
  endfacet
  facet normal 1.119140e-01 -8.344902e-01 5.395381e-01
    outer loop
      vertex   3.210000e+02 1.628396e+01 5.641401e+01
      vertex   3.212225e+02 1.630541e+01 5.640104e+01
      vertex   3.210000e+02 1.680871e+01 5.722564e+01
    endloop
  endfacet
  facet normal 1.119140e-01 -8.344902e-01 5.395381e-01
    outer loop
      vertex   3.210000e+02 1.680871e+01 5.722564e+01
      vertex   3.212225e+02 1.630541e+01 5.640104e+01
      vertex   3.212225e+02 1.682935e+01 5.721140e+01
    endloop
  endfacet
  facet normal 1.119140e-01 -8.003912e-01 5.889390e-01
    outer loop
      vertex   3.210000e+02 1.680871e+01 5.722564e+01
      vertex   3.212225e+02 1.682935e+01 5.721140e+01
      vertex   3.210000e+02 1.738152e+01 5.800411e+01
    endloop
  endfacet
  facet normal 1.119140e-01 -8.003912e-01 5.889390e-01
    outer loop
      vertex   3.210000e+02 1.738152e+01 5.800411e+01
      vertex   3.212225e+02 1.682935e+01 5.721140e+01
      vertex   3.212225e+02 1.740126e+01 5.798864e+01
    endloop
  endfacet
  facet normal 1.119140e-01 -7.633717e-01 6.361910e-01
    outer loop
      vertex   3.210000e+02 1.738152e+01 5.800411e+01
      vertex   3.212225e+02 1.740126e+01 5.798864e+01
      vertex   3.210000e+02 1.800028e+01 5.874657e+01
    endloop
  endfacet
  facet normal 1.119140e-01 -7.633717e-01 6.361910e-01
    outer loop
      vertex   3.210000e+02 1.800028e+01 5.874657e+01
      vertex   3.212225e+02 1.740126e+01 5.798864e+01
      vertex   3.212225e+02 1.801905e+01 5.872994e+01
    endloop
  endfacet
  facet normal 1.119140e-01 -7.235667e-01 6.811215e-01
    outer loop
      vertex   3.210000e+02 1.800028e+01 5.874657e+01
      vertex   3.212225e+02 1.801905e+01 5.872994e+01
      vertex   3.210000e+02 1.866275e+01 5.945031e+01
    endloop
  endfacet
  facet normal 1.119140e-01 -7.235667e-01 6.811215e-01
    outer loop
      vertex   3.210000e+02 1.866275e+01 5.945031e+01
      vertex   3.212225e+02 1.801905e+01 5.872994e+01
      vertex   3.212225e+02 1.868048e+01 5.943258e+01
    endloop
  endfacet
  facet normal 1.119140e-01 -6.811215e-01 7.235667e-01
    outer loop
      vertex   3.210000e+02 1.866275e+01 5.945031e+01
      vertex   3.212225e+02 1.868048e+01 5.943258e+01
      vertex   3.210000e+02 1.936649e+01 6.011278e+01
    endloop
  endfacet
  facet normal 1.119140e-01 -6.811215e-01 7.235667e-01
    outer loop
      vertex   3.210000e+02 1.936649e+01 6.011278e+01
      vertex   3.212225e+02 1.868048e+01 5.943258e+01
      vertex   3.212225e+02 1.938312e+01 6.009401e+01
    endloop
  endfacet
  facet normal 1.119140e-01 -6.361910e-01 7.633717e-01
    outer loop
      vertex   3.210000e+02 1.936649e+01 6.011278e+01
      vertex   3.212225e+02 1.938312e+01 6.009401e+01
      vertex   3.210000e+02 2.010895e+01 6.073154e+01
    endloop
  endfacet
  facet normal 1.119140e-01 -6.361910e-01 7.633717e-01
    outer loop
      vertex   3.210000e+02 2.010895e+01 6.073154e+01
      vertex   3.212225e+02 1.938312e+01 6.009401e+01
      vertex   3.212225e+02 2.012442e+01 6.071180e+01
    endloop
  endfacet
  facet normal 1.119140e-01 -5.889390e-01 8.003912e-01
    outer loop
      vertex   3.210000e+02 2.010895e+01 6.073154e+01
      vertex   3.212225e+02 2.012442e+01 6.071180e+01
      vertex   3.210000e+02 2.088742e+01 6.130435e+01
    endloop
  endfacet
  facet normal 1.119140e-01 -5.889390e-01 8.003912e-01
    outer loop
      vertex   3.210000e+02 2.088742e+01 6.130435e+01
      vertex   3.212225e+02 2.012442e+01 6.071180e+01
      vertex   3.212225e+02 2.090166e+01 6.128371e+01
    endloop
  endfacet
  facet normal 1.119140e-01 -5.395381e-01 8.344902e-01
    outer loop
      vertex   3.210000e+02 2.088742e+01 6.130435e+01
      vertex   3.212225e+02 2.090166e+01 6.128371e+01
      vertex   3.210000e+02 2.169905e+01 6.182911e+01
    endloop
  endfacet
  facet normal 1.119140e-01 -5.395381e-01 8.344902e-01
    outer loop
      vertex   3.210000e+02 2.169905e+01 6.182911e+01
      vertex   3.212225e+02 2.090166e+01 6.128371e+01
      vertex   3.212225e+02 2.171202e+01 6.180765e+01
    endloop
  endfacet
  facet normal 1.119140e-01 -4.881685e-01 8.655442e-01
    outer loop
      vertex   3.210000e+02 2.169905e+01 6.182911e+01
      vertex   3.212225e+02 2.171202e+01 6.180765e+01
      vertex   3.210000e+02 2.254089e+01 6.230390e+01
    endloop
  endfacet
  facet normal 1.119140e-01 -4.881685e-01 8.655442e-01
    outer loop
      vertex   3.210000e+02 2.254089e+01 6.230390e+01
      vertex   3.212225e+02 2.171202e+01 6.180765e+01
      vertex   3.212225e+02 2.255254e+01 6.228170e+01
    endloop
  endfacet
  facet normal 1.119140e-01 -4.350176e-01 8.934399e-01
    outer loop
      vertex   3.210000e+02 2.254089e+01 6.230390e+01
      vertex   3.212225e+02 2.255254e+01 6.228170e+01
      vertex   3.210000e+02 2.340985e+01 6.272700e+01
    endloop
  endfacet
  facet normal 1.119140e-01 -4.350176e-01 8.934399e-01
    outer loop
      vertex   3.210000e+02 2.340985e+01 6.272700e+01
      vertex   3.212225e+02 2.255254e+01 6.228170e+01
      vertex   3.212225e+02 2.342014e+01 6.270414e+01
    endloop
  endfacet
  facet normal 1.119140e-01 -3.802794e-01 9.180756e-01
    outer loop
      vertex   3.210000e+02 2.340985e+01 6.272700e+01
      vertex   3.212225e+02 2.342014e+01 6.270414e+01
      vertex   3.210000e+02 2.430278e+01 6.309686e+01
    endloop
  endfacet
  facet normal 1.119140e-01 -3.802794e-01 9.180756e-01
    outer loop
      vertex   3.210000e+02 2.430278e+01 6.309686e+01
      vertex   3.212225e+02 2.342014e+01 6.270414e+01
      vertex   3.212225e+02 2.431167e+01 6.307342e+01
    endloop
  endfacet
  facet normal 1.119140e-01 -3.241535e-01 9.393613e-01
    outer loop
      vertex   3.210000e+02 2.430278e+01 6.309686e+01
      vertex   3.212225e+02 2.431167e+01 6.307342e+01
      vertex   3.210000e+02 2.521641e+01 6.341214e+01
    endloop
  endfacet
  facet normal 1.119140e-01 -3.241535e-01 9.393613e-01
    outer loop
      vertex   3.210000e+02 2.521641e+01 6.341214e+01
      vertex   3.212225e+02 2.431167e+01 6.307342e+01
      vertex   3.212225e+02 2.522387e+01 6.338820e+01
    endloop
  endfacet
  facet normal 1.119140e-01 -2.668449e-01 9.572194e-01
    outer loop
      vertex   3.210000e+02 2.521641e+01 6.341214e+01
      vertex   3.212225e+02 2.522387e+01 6.338820e+01
      vertex   3.210000e+02 2.614741e+01 6.367167e+01
    endloop
  endfacet
  facet normal 1.119140e-01 -2.668449e-01 9.572194e-01
    outer loop
      vertex   3.210000e+02 2.614741e+01 6.367167e+01
      vertex   3.212225e+02 2.522387e+01 6.338820e+01
      vertex   3.212225e+02 2.615341e+01 6.364733e+01
    endloop
  endfacet
  facet normal 1.119140e-01 -2.085626e-01 9.715847e-01
    outer loop
      vertex   3.210000e+02 2.614741e+01 6.367167e+01
      vertex   3.212225e+02 2.615341e+01 6.364733e+01
      vertex   3.210000e+02 2.709238e+01 6.387452e+01
    endloop
  endfacet
  facet normal 1.119140e-01 -2.085626e-01 9.715847e-01
    outer loop
      vertex   3.210000e+02 2.709238e+01 6.387452e+01
      vertex   3.212225e+02 2.615341e+01 6.364733e+01
      vertex   3.212225e+02 2.709690e+01 6.384986e+01
    endloop
  endfacet
  facet normal 1.119140e-01 -1.495193e-01 9.824048e-01
    outer loop
      vertex   3.210000e+02 2.709238e+01 6.387452e+01
      vertex   3.212225e+02 2.709690e+01 6.384986e+01
      vertex   3.210000e+02 2.804787e+01 6.401995e+01
    endloop
  endfacet
  facet normal 1.119140e-01 -1.495193e-01 9.824048e-01
    outer loop
      vertex   3.210000e+02 2.804787e+01 6.401995e+01
      vertex   3.212225e+02 2.709690e+01 6.384986e+01
      vertex   3.212225e+02 2.805089e+01 6.399506e+01
    endloop
  endfacet
  facet normal 1.119140e-01 -8.993035e-02 9.896402e-01
    outer loop
      vertex   3.210000e+02 2.804787e+01 6.401995e+01
      vertex   3.212225e+02 2.805089e+01 6.399506e+01
      vertex   3.210000e+02 2.901040e+01 6.410741e+01
    endloop
  endfacet
  facet normal 1.119140e-01 -8.993035e-02 9.896402e-01
    outer loop
      vertex   3.210000e+02 2.901040e+01 6.410741e+01
      vertex   3.212225e+02 2.805089e+01 6.399506e+01
      vertex   3.212225e+02 2.901191e+01 6.408239e+01
    endloop
  endfacet
  facet normal 1.119140e-01 -3.001329e-02 9.932645e-01
    outer loop
      vertex   3.210000e+02 2.901040e+01 6.410741e+01
      vertex   3.212225e+02 2.901191e+01 6.408239e+01
      vertex   3.210000e+02 2.997646e+01 6.413660e+01
    endloop
  endfacet
  facet normal 1.119140e-01 -3.001329e-02 9.932645e-01
    outer loop
      vertex   3.210000e+02 2.997646e+01 6.413660e+01
      vertex   3.212225e+02 2.901191e+01 6.408239e+01
      vertex   3.212225e+02 2.997646e+01 6.411153e+01
    endloop
  endfacet
  facet normal 1.119140e-01 3.001329e-02 9.932645e-01
    outer loop
      vertex   3.210000e+02 2.997646e+01 6.413660e+01
      vertex   3.212225e+02 2.997646e+01 6.411153e+01
      vertex   3.210000e+02 3.094251e+01 6.410741e+01
    endloop
  endfacet
  facet normal 1.119140e-01 3.001329e-02 9.932645e-01
    outer loop
      vertex   3.210000e+02 3.094251e+01 6.410741e+01
      vertex   3.212225e+02 2.997646e+01 6.411153e+01
      vertex   3.212225e+02 3.094100e+01 6.408239e+01
    endloop
  endfacet
  facet normal 1.119140e-01 8.993035e-02 9.896402e-01
    outer loop
      vertex   3.210000e+02 3.094251e+01 6.410741e+01
      vertex   3.212225e+02 3.094100e+01 6.408239e+01
      vertex   3.210000e+02 3.190504e+01 6.401995e+01
    endloop
  endfacet
  facet normal 1.119140e-01 8.993035e-02 9.896402e-01
    outer loop
      vertex   3.210000e+02 3.190504e+01 6.401995e+01
      vertex   3.212225e+02 3.094100e+01 6.408239e+01
      vertex   3.212225e+02 3.190202e+01 6.399506e+01
    endloop
  endfacet
  facet normal 1.119140e-01 1.495193e-01 9.824048e-01
    outer loop
      vertex   3.210000e+02 3.190504e+01 6.401995e+01
      vertex   3.212225e+02 3.190202e+01 6.399506e+01
      vertex   3.210000e+02 3.286054e+01 6.387452e+01
    endloop
  endfacet
  facet normal 1.119140e-01 1.495193e-01 9.824048e-01
    outer loop
      vertex   3.210000e+02 3.286054e+01 6.387452e+01
      vertex   3.212225e+02 3.190202e+01 6.399506e+01
      vertex   3.212225e+02 3.285602e+01 6.384986e+01
    endloop
  endfacet
  facet normal 1.119140e-01 2.085626e-01 9.715847e-01
    outer loop
      vertex   3.210000e+02 3.286054e+01 6.387452e+01
      vertex   3.212225e+02 3.285602e+01 6.384986e+01
      vertex   3.210000e+02 3.380551e+01 6.367167e+01
    endloop
  endfacet
  facet normal 1.119140e-01 2.085626e-01 9.715847e-01
    outer loop
      vertex   3.210000e+02 3.380551e+01 6.367167e+01
      vertex   3.212225e+02 3.285602e+01 6.384986e+01
      vertex   3.212225e+02 3.379951e+01 6.364733e+01
    endloop
  endfacet
  facet normal 1.119140e-01 2.668449e-01 9.572194e-01
    outer loop
      vertex   3.210000e+02 3.380551e+01 6.367167e+01
      vertex   3.212225e+02 3.379951e+01 6.364733e+01
      vertex   3.210000e+02 3.473651e+01 6.341214e+01
    endloop
  endfacet
  facet normal 1.119140e-01 2.668449e-01 9.572194e-01
    outer loop
      vertex   3.210000e+02 3.473651e+01 6.341214e+01
      vertex   3.212225e+02 3.379951e+01 6.364733e+01
      vertex   3.212225e+02 3.472905e+01 6.338820e+01
    endloop
  endfacet
  facet normal 1.119140e-01 3.241535e-01 9.393613e-01
    outer loop
      vertex   3.210000e+02 3.473651e+01 6.341214e+01
      vertex   3.212225e+02 3.472905e+01 6.338820e+01
      vertex   3.210000e+02 3.565013e+01 6.309686e+01
    endloop
  endfacet
  facet normal 1.119140e-01 3.241535e-01 9.393613e-01
    outer loop
      vertex   3.210000e+02 3.565013e+01 6.309686e+01
      vertex   3.212225e+02 3.472905e+01 6.338820e+01
      vertex   3.212225e+02 3.564124e+01 6.307342e+01
    endloop
  endfacet
  facet normal 1.119140e-01 3.802794e-01 9.180756e-01
    outer loop
      vertex   3.210000e+02 3.565013e+01 6.309686e+01
      vertex   3.212225e+02 3.564124e+01 6.307342e+01
      vertex   3.210000e+02 3.654306e+01 6.272700e+01
    endloop
  endfacet
  facet normal 1.119140e-01 3.802794e-01 9.180756e-01
    outer loop
      vertex   3.210000e+02 3.654306e+01 6.272700e+01
      vertex   3.212225e+02 3.564124e+01 6.307342e+01
      vertex   3.212225e+02 3.653277e+01 6.270414e+01
    endloop
  endfacet
  facet normal 1.119140e-01 4.350176e-01 8.934399e-01
    outer loop
      vertex   3.210000e+02 3.654306e+01 6.272700e+01
      vertex   3.212225e+02 3.653277e+01 6.270414e+01
      vertex   3.210000e+02 3.741203e+01 6.230390e+01
    endloop
  endfacet
  facet normal 1.119140e-01 4.350176e-01 8.934399e-01
    outer loop
      vertex   3.210000e+02 3.741203e+01 6.230390e+01
      vertex   3.212225e+02 3.653277e+01 6.270414e+01
      vertex   3.212225e+02 3.740038e+01 6.228170e+01
    endloop
  endfacet
  facet normal 1.119140e-01 4.881685e-01 8.655442e-01
    outer loop
      vertex   3.210000e+02 3.741203e+01 6.230390e+01
      vertex   3.212225e+02 3.740038e+01 6.228170e+01
      vertex   3.210000e+02 3.825386e+01 6.182911e+01
    endloop
  endfacet
  facet normal 1.119140e-01 4.881685e-01 8.655442e-01
    outer loop
      vertex   3.210000e+02 3.825386e+01 6.182911e+01
      vertex   3.212225e+02 3.740038e+01 6.228170e+01
      vertex   3.212225e+02 3.824089e+01 6.180765e+01
    endloop
  endfacet
  facet normal 1.119140e-01 5.395381e-01 8.344902e-01
    outer loop
      vertex   3.210000e+02 3.825386e+01 6.182911e+01
      vertex   3.212225e+02 3.824089e+01 6.180765e+01
      vertex   3.210000e+02 3.906549e+01 6.130435e+01
    endloop
  endfacet
  facet normal 1.119140e-01 5.395381e-01 8.344902e-01
    outer loop
      vertex   3.210000e+02 3.906549e+01 6.130435e+01
      vertex   3.212225e+02 3.824089e+01 6.180765e+01
      vertex   3.212225e+02 3.905125e+01 6.128371e+01
    endloop
  endfacet
  facet normal 1.119140e-01 5.889390e-01 8.003912e-01
    outer loop
      vertex   3.210000e+02 3.906549e+01 6.130435e+01
      vertex   3.212225e+02 3.905125e+01 6.128371e+01
      vertex   3.210000e+02 3.984396e+01 6.073154e+01
    endloop
  endfacet
  facet normal 1.119140e-01 5.889390e-01 8.003912e-01
    outer loop
      vertex   3.210000e+02 3.984396e+01 6.073154e+01
      vertex   3.212225e+02 3.905125e+01 6.128371e+01
      vertex   3.212225e+02 3.982850e+01 6.071180e+01
    endloop
  endfacet
  facet normal 1.119140e-01 6.361910e-01 7.633717e-01
    outer loop
      vertex   3.210000e+02 3.984396e+01 6.073154e+01
      vertex   3.212225e+02 3.982850e+01 6.071180e+01
      vertex   3.210000e+02 4.058642e+01 6.011278e+01
    endloop
  endfacet
  facet normal 1.119140e-01 6.361910e-01 7.633717e-01
    outer loop
      vertex   3.210000e+02 4.058642e+01 6.011278e+01
      vertex   3.212225e+02 3.982850e+01 6.071180e+01
      vertex   3.212225e+02 4.056979e+01 6.009401e+01
    endloop
  endfacet
  facet normal 1.119140e-01 6.811215e-01 7.235667e-01
    outer loop
      vertex   3.210000e+02 4.058642e+01 6.011278e+01
      vertex   3.212225e+02 4.056979e+01 6.009401e+01
      vertex   3.210000e+02 4.129016e+01 5.945031e+01
    endloop
  endfacet
  facet normal 1.119140e-01 6.811215e-01 7.235667e-01
    outer loop
      vertex   3.210000e+02 4.129016e+01 5.945031e+01
      vertex   3.212225e+02 4.056979e+01 6.009401e+01
      vertex   3.212225e+02 4.127244e+01 5.943258e+01
    endloop
  endfacet
  facet normal 1.119140e-01 7.235667e-01 6.811215e-01
    outer loop
      vertex   3.210000e+02 4.129016e+01 5.945031e+01
      vertex   3.212225e+02 4.127244e+01 5.943258e+01
      vertex   3.210000e+02 4.195263e+01 5.874657e+01
    endloop
  endfacet
  facet normal 1.119140e-01 7.235667e-01 6.811215e-01
    outer loop
      vertex   3.210000e+02 4.195263e+01 5.874657e+01
      vertex   3.212225e+02 4.127244e+01 5.943258e+01
      vertex   3.212225e+02 4.193386e+01 5.872994e+01
    endloop
  endfacet
  facet normal 1.119140e-01 7.633717e-01 6.361910e-01
    outer loop
      vertex   3.210000e+02 4.195263e+01 5.874657e+01
      vertex   3.212225e+02 4.193386e+01 5.872994e+01
      vertex   3.210000e+02 4.257139e+01 5.800411e+01
    endloop
  endfacet
  facet normal 1.119140e-01 7.633717e-01 6.361910e-01
    outer loop
      vertex   3.210000e+02 4.257139e+01 5.800411e+01
      vertex   3.212225e+02 4.193386e+01 5.872994e+01
      vertex   3.212225e+02 4.255166e+01 5.798864e+01
    endloop
  endfacet
  facet normal 1.119140e-01 8.003912e-01 5.889390e-01
    outer loop
      vertex   3.210000e+02 4.257139e+01 5.800411e+01
      vertex   3.212225e+02 4.255166e+01 5.798864e+01
      vertex   3.210000e+02 4.314420e+01 5.722564e+01
    endloop
  endfacet
  facet normal 1.119140e-01 8.003912e-01 5.889390e-01
    outer loop
      vertex   3.210000e+02 4.314420e+01 5.722564e+01
      vertex   3.212225e+02 4.255166e+01 5.798864e+01
      vertex   3.212225e+02 4.312356e+01 5.721140e+01
    endloop
  endfacet
  facet normal 1.119140e-01 8.344902e-01 5.395381e-01
    outer loop
      vertex   3.210000e+02 4.314420e+01 5.722564e+01
      vertex   3.212225e+02 4.312356e+01 5.721140e+01
      vertex   3.210000e+02 4.366896e+01 5.641401e+01
    endloop
  endfacet
  facet normal 1.119140e-01 8.344902e-01 5.395381e-01
    outer loop
      vertex   3.210000e+02 4.366896e+01 5.641401e+01
      vertex   3.212225e+02 4.312356e+01 5.721140e+01
      vertex   3.212225e+02 4.364750e+01 5.640104e+01
    endloop
  endfacet
  facet normal 1.119140e-01 8.655442e-01 4.881685e-01
    outer loop
      vertex   3.210000e+02 4.366896e+01 5.641401e+01
      vertex   3.212225e+02 4.364750e+01 5.640104e+01
      vertex   3.210000e+02 4.414375e+01 5.557218e+01
    endloop
  endfacet
  facet normal 1.119140e-01 8.655442e-01 4.881685e-01
    outer loop
      vertex   3.210000e+02 4.414375e+01 5.557218e+01
      vertex   3.212225e+02 4.364750e+01 5.640104e+01
      vertex   3.212225e+02 4.412155e+01 5.556052e+01
    endloop
  endfacet
  facet normal 1.119140e-01 8.934399e-01 4.350176e-01
    outer loop
      vertex   3.210000e+02 4.414375e+01 5.557218e+01
      vertex   3.212225e+02 4.412155e+01 5.556052e+01
      vertex   3.210000e+02 4.456685e+01 5.470321e+01
    endloop
  endfacet
  facet normal 1.119140e-01 8.934399e-01 4.350176e-01
    outer loop
      vertex   3.210000e+02 4.456685e+01 5.470321e+01
      vertex   3.212225e+02 4.412155e+01 5.556052e+01
      vertex   3.212225e+02 4.454399e+01 5.469292e+01
    endloop
  endfacet
  facet normal 1.119140e-01 9.180756e-01 3.802794e-01
    outer loop
      vertex   3.210000e+02 4.456685e+01 5.470321e+01
      vertex   3.212225e+02 4.454399e+01 5.469292e+01
      vertex   3.210000e+02 4.493672e+01 5.381028e+01
    endloop
  endfacet
  facet normal 1.119140e-01 9.180756e-01 3.802794e-01
    outer loop
      vertex   3.210000e+02 4.493672e+01 5.381028e+01
      vertex   3.212225e+02 4.454399e+01 5.469292e+01
      vertex   3.212225e+02 4.491327e+01 5.380139e+01
    endloop
  endfacet
  facet normal 1.119140e-01 9.393613e-01 3.241535e-01
    outer loop
      vertex   3.210000e+02 4.493672e+01 5.381028e+01
      vertex   3.212225e+02 4.491327e+01 5.380139e+01
      vertex   3.210000e+02 4.525199e+01 5.289665e+01
    endloop
  endfacet
  facet normal 1.119140e-01 9.393613e-01 3.241535e-01
    outer loop
      vertex   3.210000e+02 4.525199e+01 5.289665e+01
      vertex   3.212225e+02 4.491327e+01 5.380139e+01
      vertex   3.212225e+02 4.522805e+01 5.288919e+01
    endloop
  endfacet
  facet normal 1.119140e-01 9.572194e-01 2.668449e-01
    outer loop
      vertex   3.210000e+02 4.525199e+01 5.289665e+01
      vertex   3.212225e+02 4.522805e+01 5.288919e+01
      vertex   3.210000e+02 4.551153e+01 5.196566e+01
    endloop
  endfacet
  facet normal 1.119140e-01 9.572194e-01 2.668449e-01
    outer loop
      vertex   3.210000e+02 4.551153e+01 5.196566e+01
      vertex   3.212225e+02 4.522805e+01 5.288919e+01
      vertex   3.212225e+02 4.548718e+01 5.195966e+01
    endloop
  endfacet
  facet normal 1.119140e-01 9.715847e-01 2.085626e-01
    outer loop
      vertex   3.210000e+02 4.551153e+01 5.196566e+01
      vertex   3.212225e+02 4.548718e+01 5.195966e+01
      vertex   3.210000e+02 4.571437e+01 5.102069e+01
    endloop
  endfacet
  facet normal 1.119140e-01 9.715847e-01 2.085626e-01
    outer loop
      vertex   3.210000e+02 4.571437e+01 5.102069e+01
      vertex   3.212225e+02 4.548718e+01 5.195966e+01
      vertex   3.212225e+02 4.568971e+01 5.101617e+01
    endloop
  endfacet
  facet normal 1.119140e-01 9.824048e-01 1.495193e-01
    outer loop
      vertex   3.210000e+02 4.571437e+01 5.102069e+01
      vertex   3.212225e+02 4.568971e+01 5.101617e+01
      vertex   3.210000e+02 4.585980e+01 5.006519e+01
    endloop
  endfacet
  facet normal 1.119140e-01 9.824048e-01 1.495193e-01
    outer loop
      vertex   3.210000e+02 4.585980e+01 5.006519e+01
      vertex   3.212225e+02 4.568971e+01 5.101617e+01
      vertex   3.212225e+02 4.583491e+01 5.006217e+01
    endloop
  endfacet
  facet normal 1.119140e-01 9.896402e-01 8.993035e-02
    outer loop
      vertex   3.210000e+02 4.585980e+01 5.006519e+01
      vertex   3.212225e+02 4.583491e+01 5.006217e+01
      vertex   3.210000e+02 4.594727e+01 4.910266e+01
    endloop
  endfacet
  facet normal 1.119140e-01 9.896402e-01 8.993035e-02
    outer loop
      vertex   3.210000e+02 4.594727e+01 4.910266e+01
      vertex   3.212225e+02 4.583491e+01 5.006217e+01
      vertex   3.212225e+02 4.592224e+01 4.910115e+01
    endloop
  endfacet
  facet normal 1.119140e-01 9.932645e-01 3.001329e-02
    outer loop
      vertex   3.210000e+02 4.594727e+01 4.910266e+01
      vertex   3.212225e+02 4.592224e+01 4.910115e+01
      vertex   3.210000e+02 4.597646e+01 4.813660e+01
    endloop
  endfacet
  facet normal 1.119140e-01 9.932645e-01 3.001329e-02
    outer loop
      vertex   3.210000e+02 4.597646e+01 4.813660e+01
      vertex   3.212225e+02 4.592224e+01 4.910115e+01
      vertex   3.212225e+02 4.595138e+01 4.813660e+01
    endloop
  endfacet
  facet normal 1.119140e-01 9.932645e-01 -3.001329e-02
    outer loop
      vertex   3.210000e+02 4.597646e+01 4.813660e+01
      vertex   3.212225e+02 4.595138e+01 4.813660e+01
      vertex   3.210000e+02 4.594727e+01 4.717055e+01
    endloop
  endfacet
  facet normal 1.119140e-01 9.932645e-01 -3.001329e-02
    outer loop
      vertex   3.210000e+02 4.594727e+01 4.717055e+01
      vertex   3.212225e+02 4.595138e+01 4.813660e+01
      vertex   3.212225e+02 4.592224e+01 4.717206e+01
    endloop
  endfacet
  facet normal 1.119140e-01 9.896402e-01 -8.993035e-02
    outer loop
      vertex   3.210000e+02 4.594727e+01 4.717055e+01
      vertex   3.212225e+02 4.592224e+01 4.717206e+01
      vertex   3.210000e+02 4.585980e+01 4.620802e+01
    endloop
  endfacet
  facet normal 1.119140e-01 9.896402e-01 -8.993035e-02
    outer loop
      vertex   3.210000e+02 4.585980e+01 4.620802e+01
      vertex   3.212225e+02 4.592224e+01 4.717206e+01
      vertex   3.212225e+02 4.583491e+01 4.621104e+01
    endloop
  endfacet
  facet normal 1.119140e-01 9.824048e-01 -1.495193e-01
    outer loop
      vertex   3.210000e+02 4.585980e+01 4.620802e+01
      vertex   3.212225e+02 4.583491e+01 4.621104e+01
      vertex   3.210000e+02 4.571437e+01 4.525252e+01
    endloop
  endfacet
  facet normal 1.119140e-01 9.824048e-01 -1.495193e-01
    outer loop
      vertex   3.210000e+02 4.571437e+01 4.525252e+01
      vertex   3.212225e+02 4.583491e+01 4.621104e+01
      vertex   3.212225e+02 4.568971e+01 4.525704e+01
    endloop
  endfacet
  facet normal 1.119140e-01 9.715847e-01 -2.085626e-01
    outer loop
      vertex   3.210000e+02 4.571437e+01 4.525252e+01
      vertex   3.212225e+02 4.568971e+01 4.525704e+01
      vertex   3.210000e+02 4.551153e+01 4.430755e+01
    endloop
  endfacet
  facet normal 1.119140e-01 9.715847e-01 -2.085626e-01
    outer loop
      vertex   3.210000e+02 4.551153e+01 4.430755e+01
      vertex   3.212225e+02 4.568971e+01 4.525704e+01
      vertex   3.212225e+02 4.548718e+01 4.431355e+01
    endloop
  endfacet
  facet normal 1.119140e-01 9.572194e-01 -2.668449e-01
    outer loop
      vertex   3.210000e+02 4.551153e+01 4.430755e+01
      vertex   3.212225e+02 4.548718e+01 4.431355e+01
      vertex   3.210000e+02 4.525199e+01 4.337656e+01
    endloop
  endfacet
  facet normal 1.119140e-01 9.572194e-01 -2.668449e-01
    outer loop
      vertex   3.210000e+02 4.525199e+01 4.337656e+01
      vertex   3.212225e+02 4.548718e+01 4.431355e+01
      vertex   3.212225e+02 4.522805e+01 4.338401e+01
    endloop
  endfacet
  facet normal 1.119140e-01 9.393613e-01 -3.241535e-01
    outer loop
      vertex   3.210000e+02 4.525199e+01 4.337656e+01
      vertex   3.212225e+02 4.522805e+01 4.338401e+01
      vertex   3.210000e+02 4.493672e+01 4.246293e+01
    endloop
  endfacet
  facet normal 1.119140e-01 9.393613e-01 -3.241535e-01
    outer loop
      vertex   3.210000e+02 4.493672e+01 4.246293e+01
      vertex   3.212225e+02 4.522805e+01 4.338401e+01
      vertex   3.212225e+02 4.491327e+01 4.247182e+01
    endloop
  endfacet
  facet normal 1.119140e-01 9.180756e-01 -3.802794e-01
    outer loop
      vertex   3.210000e+02 4.493672e+01 4.246293e+01
      vertex   3.212225e+02 4.491327e+01 4.247182e+01
      vertex   3.210000e+02 4.456685e+01 4.157000e+01
    endloop
  endfacet
  facet normal 1.119140e-01 9.180756e-01 -3.802794e-01
    outer loop
      vertex   3.210000e+02 4.456685e+01 4.157000e+01
      vertex   3.212225e+02 4.491327e+01 4.247182e+01
      vertex   3.212225e+02 4.454399e+01 4.158029e+01
    endloop
  endfacet
  facet normal 1.119140e-01 8.934399e-01 -4.350176e-01
    outer loop
      vertex   3.210000e+02 4.456685e+01 4.157000e+01
      vertex   3.212225e+02 4.454399e+01 4.158029e+01
      vertex   3.210000e+02 4.414375e+01 4.070103e+01
    endloop
  endfacet
  facet normal 1.119140e-01 8.934399e-01 -4.350176e-01
    outer loop
      vertex   3.210000e+02 4.414375e+01 4.070103e+01
      vertex   3.212225e+02 4.454399e+01 4.158029e+01
      vertex   3.212225e+02 4.412155e+01 4.071269e+01
    endloop
  endfacet
  facet normal 1.119140e-01 8.655442e-01 -4.881685e-01
    outer loop
      vertex   3.210000e+02 4.414375e+01 4.070103e+01
      vertex   3.212225e+02 4.412155e+01 4.071269e+01
      vertex   3.210000e+02 4.366896e+01 3.985920e+01
    endloop
  endfacet
  facet normal 1.119140e-01 8.655442e-01 -4.881685e-01
    outer loop
      vertex   3.210000e+02 4.366896e+01 3.985920e+01
      vertex   3.212225e+02 4.412155e+01 4.071269e+01
      vertex   3.212225e+02 4.364750e+01 3.987217e+01
    endloop
  endfacet
  facet normal 1.119140e-01 8.344902e-01 -5.395381e-01
    outer loop
      vertex   3.210000e+02 4.366896e+01 3.985920e+01
      vertex   3.212225e+02 4.364750e+01 3.987217e+01
      vertex   3.210000e+02 4.314420e+01 3.904757e+01
    endloop
  endfacet
  facet normal 1.119140e-01 8.344902e-01 -5.395381e-01
    outer loop
      vertex   3.210000e+02 4.314420e+01 3.904757e+01
      vertex   3.212225e+02 4.364750e+01 3.987217e+01
      vertex   3.212225e+02 4.312356e+01 3.906181e+01
    endloop
  endfacet
  facet normal 1.119140e-01 8.003912e-01 -5.889390e-01
    outer loop
      vertex   3.210000e+02 4.314420e+01 3.904757e+01
      vertex   3.212225e+02 4.312356e+01 3.906181e+01
      vertex   3.210000e+02 4.257139e+01 3.826910e+01
    endloop
  endfacet
  facet normal 1.119140e-01 8.003912e-01 -5.889390e-01
    outer loop
      vertex   3.210000e+02 4.257139e+01 3.826910e+01
      vertex   3.212225e+02 4.312356e+01 3.906181e+01
      vertex   3.212225e+02 4.255166e+01 3.828457e+01
    endloop
  endfacet
  facet normal 1.119140e-01 7.633717e-01 -6.361910e-01
    outer loop
      vertex   3.210000e+02 4.257139e+01 3.826910e+01
      vertex   3.212225e+02 4.255166e+01 3.828457e+01
      vertex   3.210000e+02 4.195263e+01 3.752664e+01
    endloop
  endfacet
  facet normal 1.119140e-01 7.633717e-01 -6.361910e-01
    outer loop
      vertex   3.210000e+02 4.195263e+01 3.752664e+01
      vertex   3.212225e+02 4.255166e+01 3.828457e+01
      vertex   3.212225e+02 4.193386e+01 3.754327e+01
    endloop
  endfacet
  facet normal 1.119140e-01 7.235667e-01 -6.811215e-01
    outer loop
      vertex   3.210000e+02 4.195263e+01 3.752664e+01
      vertex   3.212225e+02 4.193386e+01 3.754327e+01
      vertex   3.210000e+02 4.129016e+01 3.682290e+01
    endloop
  endfacet
  facet normal 1.119140e-01 7.235667e-01 -6.811215e-01
    outer loop
      vertex   3.210000e+02 4.129016e+01 3.682290e+01
      vertex   3.212225e+02 4.193386e+01 3.754327e+01
      vertex   3.212225e+02 4.127244e+01 3.684062e+01
    endloop
  endfacet
  facet normal 1.119140e-01 6.811215e-01 -7.235667e-01
    outer loop
      vertex   3.210000e+02 4.129016e+01 3.682290e+01
      vertex   3.212225e+02 4.127244e+01 3.684062e+01
      vertex   3.210000e+02 4.058642e+01 3.616043e+01
    endloop
  endfacet
  facet normal 1.119140e-01 6.811215e-01 -7.235667e-01
    outer loop
      vertex   3.210000e+02 4.058642e+01 3.616043e+01
      vertex   3.212225e+02 4.127244e+01 3.684062e+01
      vertex   3.212225e+02 4.056979e+01 3.617920e+01
    endloop
  endfacet
  facet normal 1.119140e-01 6.361910e-01 -7.633717e-01
    outer loop
      vertex   3.210000e+02 4.058642e+01 3.616043e+01
      vertex   3.212225e+02 4.056979e+01 3.617920e+01
      vertex   3.210000e+02 3.984396e+01 3.554167e+01
    endloop
  endfacet
  facet normal 1.119140e-01 6.361910e-01 -7.633717e-01
    outer loop
      vertex   3.210000e+02 3.984396e+01 3.554167e+01
      vertex   3.212225e+02 4.056979e+01 3.617920e+01
      vertex   3.212225e+02 3.982850e+01 3.556141e+01
    endloop
  endfacet
  facet normal 1.119140e-01 5.889390e-01 -8.003912e-01
    outer loop
      vertex   3.210000e+02 3.984396e+01 3.554167e+01
      vertex   3.212225e+02 3.982850e+01 3.556141e+01
      vertex   3.210000e+02 3.906549e+01 3.496886e+01
    endloop
  endfacet
  facet normal 1.119140e-01 5.889390e-01 -8.003912e-01
    outer loop
      vertex   3.210000e+02 3.906549e+01 3.496886e+01
      vertex   3.212225e+02 3.982850e+01 3.556141e+01
      vertex   3.212225e+02 3.905125e+01 3.498950e+01
    endloop
  endfacet
  facet normal 1.119140e-01 5.395381e-01 -8.344902e-01
    outer loop
      vertex   3.210000e+02 3.906549e+01 3.496886e+01
      vertex   3.212225e+02 3.905125e+01 3.498950e+01
      vertex   3.210000e+02 3.825386e+01 3.444410e+01
    endloop
  endfacet
  facet normal 1.119140e-01 5.395381e-01 -8.344902e-01
    outer loop
      vertex   3.210000e+02 3.825386e+01 3.444410e+01
      vertex   3.212225e+02 3.905125e+01 3.498950e+01
      vertex   3.212225e+02 3.824089e+01 3.446556e+01
    endloop
  endfacet
  facet normal 1.119140e-01 4.881685e-01 -8.655442e-01
    outer loop
      vertex   3.210000e+02 3.825386e+01 3.444410e+01
      vertex   3.212225e+02 3.824089e+01 3.446556e+01
      vertex   3.210000e+02 3.741203e+01 3.396931e+01
    endloop
  endfacet
  facet normal 1.119140e-01 4.881685e-01 -8.655442e-01
    outer loop
      vertex   3.210000e+02 3.741203e+01 3.396931e+01
      vertex   3.212225e+02 3.824089e+01 3.446556e+01
      vertex   3.212225e+02 3.740038e+01 3.399151e+01
    endloop
  endfacet
  facet normal 1.119140e-01 4.350176e-01 -8.934399e-01
    outer loop
      vertex   3.210000e+02 3.741203e+01 3.396931e+01
      vertex   3.212225e+02 3.740038e+01 3.399151e+01
      vertex   3.210000e+02 3.654306e+01 3.354621e+01
    endloop
  endfacet
  facet normal 1.119140e-01 4.350176e-01 -8.934399e-01
    outer loop
      vertex   3.210000e+02 3.654306e+01 3.354621e+01
      vertex   3.212225e+02 3.740038e+01 3.399151e+01
      vertex   3.212225e+02 3.653277e+01 3.356907e+01
    endloop
  endfacet
  facet normal 1.119140e-01 3.802794e-01 -9.180756e-01
    outer loop
      vertex   3.210000e+02 3.654306e+01 3.354621e+01
      vertex   3.212225e+02 3.653277e+01 3.356907e+01
      vertex   3.210000e+02 3.565013e+01 3.317634e+01
    endloop
  endfacet
  facet normal 1.119140e-01 3.802794e-01 -9.180756e-01
    outer loop
      vertex   3.210000e+02 3.565013e+01 3.317634e+01
      vertex   3.212225e+02 3.653277e+01 3.356907e+01
      vertex   3.212225e+02 3.564124e+01 3.319979e+01
    endloop
  endfacet
  facet normal 1.119140e-01 3.241535e-01 -9.393613e-01
    outer loop
      vertex   3.210000e+02 3.565013e+01 3.317634e+01
      vertex   3.212225e+02 3.564124e+01 3.319979e+01
      vertex   3.210000e+02 3.473651e+01 3.286107e+01
    endloop
  endfacet
  facet normal 1.119140e-01 3.241535e-01 -9.393613e-01
    outer loop
      vertex   3.210000e+02 3.473651e+01 3.286107e+01
      vertex   3.212225e+02 3.564124e+01 3.319979e+01
      vertex   3.212225e+02 3.472905e+01 3.288501e+01
    endloop
  endfacet
  facet normal 1.119140e-01 2.668449e-01 -9.572194e-01
    outer loop
      vertex   3.210000e+02 3.473651e+01 3.286107e+01
      vertex   3.212225e+02 3.472905e+01 3.288501e+01
      vertex   3.210000e+02 3.380551e+01 3.260154e+01
    endloop
  endfacet
  facet normal 1.119140e-01 2.668449e-01 -9.572194e-01
    outer loop
      vertex   3.210000e+02 3.380551e+01 3.260154e+01
      vertex   3.212225e+02 3.472905e+01 3.288501e+01
      vertex   3.212225e+02 3.379951e+01 3.262588e+01
    endloop
  endfacet
  facet normal 1.119140e-01 2.085626e-01 -9.715847e-01
    outer loop
      vertex   3.210000e+02 3.380551e+01 3.260154e+01
      vertex   3.212225e+02 3.379951e+01 3.262588e+01
      vertex   3.210000e+02 3.286054e+01 3.239869e+01
    endloop
  endfacet
  facet normal 1.119140e-01 2.085626e-01 -9.715847e-01
    outer loop
      vertex   3.210000e+02 3.286054e+01 3.239869e+01
      vertex   3.212225e+02 3.379951e+01 3.262588e+01
      vertex   3.212225e+02 3.285602e+01 3.242335e+01
    endloop
  endfacet
  facet normal 1.119140e-01 1.495193e-01 -9.824048e-01
    outer loop
      vertex   3.210000e+02 3.286054e+01 3.239869e+01
      vertex   3.212225e+02 3.285602e+01 3.242335e+01
      vertex   3.210000e+02 3.190504e+01 3.225326e+01
    endloop
  endfacet
  facet normal 1.119140e-01 1.495193e-01 -9.824048e-01
    outer loop
      vertex   3.210000e+02 3.190504e+01 3.225326e+01
      vertex   3.212225e+02 3.285602e+01 3.242335e+01
      vertex   3.212225e+02 3.190202e+01 3.227815e+01
    endloop
  endfacet
  facet normal 1.119140e-01 8.993035e-02 -9.896402e-01
    outer loop
      vertex   3.210000e+02 3.190504e+01 3.225326e+01
      vertex   3.212225e+02 3.190202e+01 3.227815e+01
      vertex   3.210000e+02 3.094251e+01 3.216580e+01
    endloop
  endfacet
  facet normal 1.119140e-01 8.993035e-02 -9.896402e-01
    outer loop
      vertex   3.210000e+02 3.094251e+01 3.216580e+01
      vertex   3.212225e+02 3.190202e+01 3.227815e+01
      vertex   3.212225e+02 3.094100e+01 3.219082e+01
    endloop
  endfacet
  facet normal 1.119140e-01 3.001329e-02 -9.932645e-01
    outer loop
      vertex   3.210000e+02 3.094251e+01 3.216580e+01
      vertex   3.212225e+02 3.094100e+01 3.219082e+01
      vertex   3.210000e+02 2.997646e+01 3.213660e+01
    endloop
  endfacet
  facet normal 1.119140e-01 3.001329e-02 -9.932645e-01
    outer loop
      vertex   3.210000e+02 2.997646e+01 3.213660e+01
      vertex   3.212225e+02 3.094100e+01 3.219082e+01
      vertex   3.212225e+02 2.997646e+01 3.216168e+01
    endloop
  endfacet
  facet normal 1.119140e-01 -3.001329e-02 -9.932645e-01
    outer loop
      vertex   3.210000e+02 2.997646e+01 3.213660e+01
      vertex   3.212225e+02 2.997646e+01 3.216168e+01
      vertex   3.210000e+02 2.901040e+01 3.216580e+01
    endloop
  endfacet
  facet normal 1.119140e-01 -3.001329e-02 -9.932645e-01
    outer loop
      vertex   3.210000e+02 2.901040e+01 3.216580e+01
      vertex   3.212225e+02 2.997646e+01 3.216168e+01
      vertex   3.212225e+02 2.901191e+01 3.219082e+01
    endloop
  endfacet
  facet normal 1.119140e-01 -8.993035e-02 -9.896402e-01
    outer loop
      vertex   3.210000e+02 2.901040e+01 3.216580e+01
      vertex   3.212225e+02 2.901191e+01 3.219082e+01
      vertex   3.210000e+02 2.804787e+01 3.225326e+01
    endloop
  endfacet
  facet normal 1.119140e-01 -8.993035e-02 -9.896402e-01
    outer loop
      vertex   3.210000e+02 2.804787e+01 3.225326e+01
      vertex   3.212225e+02 2.901191e+01 3.219082e+01
      vertex   3.212225e+02 2.805089e+01 3.227815e+01
    endloop
  endfacet
  facet normal 1.119140e-01 -1.495193e-01 -9.824048e-01
    outer loop
      vertex   3.210000e+02 2.804787e+01 3.225326e+01
      vertex   3.212225e+02 2.805089e+01 3.227815e+01
      vertex   3.210000e+02 2.709238e+01 3.239869e+01
    endloop
  endfacet
  facet normal 1.119140e-01 -1.495193e-01 -9.824048e-01
    outer loop
      vertex   3.210000e+02 2.709238e+01 3.239869e+01
      vertex   3.212225e+02 2.805089e+01 3.227815e+01
      vertex   3.212225e+02 2.709690e+01 3.242335e+01
    endloop
  endfacet
  facet normal 1.119140e-01 -2.085626e-01 -9.715847e-01
    outer loop
      vertex   3.210000e+02 2.709238e+01 3.239869e+01
      vertex   3.212225e+02 2.709690e+01 3.242335e+01
      vertex   3.210000e+02 2.614741e+01 3.260154e+01
    endloop
  endfacet
  facet normal 1.119140e-01 -2.085626e-01 -9.715847e-01
    outer loop
      vertex   3.210000e+02 2.614741e+01 3.260154e+01
      vertex   3.212225e+02 2.709690e+01 3.242335e+01
      vertex   3.212225e+02 2.615341e+01 3.262588e+01
    endloop
  endfacet
  facet normal 1.119140e-01 -2.668449e-01 -9.572194e-01
    outer loop
      vertex   3.210000e+02 2.614741e+01 3.260154e+01
      vertex   3.212225e+02 2.615341e+01 3.262588e+01
      vertex   3.210000e+02 2.521641e+01 3.286107e+01
    endloop
  endfacet
  facet normal 1.119140e-01 -2.668449e-01 -9.572194e-01
    outer loop
      vertex   3.210000e+02 2.521641e+01 3.286107e+01
      vertex   3.212225e+02 2.615341e+01 3.262588e+01
      vertex   3.212225e+02 2.522387e+01 3.288501e+01
    endloop
  endfacet
  facet normal 1.119140e-01 -3.241535e-01 -9.393613e-01
    outer loop
      vertex   3.210000e+02 2.521641e+01 3.286107e+01
      vertex   3.212225e+02 2.522387e+01 3.288501e+01
      vertex   3.210000e+02 2.430278e+01 3.317634e+01
    endloop
  endfacet
  facet normal 1.119140e-01 -3.241535e-01 -9.393613e-01
    outer loop
      vertex   3.210000e+02 2.430278e+01 3.317634e+01
      vertex   3.212225e+02 2.522387e+01 3.288501e+01
      vertex   3.212225e+02 2.431167e+01 3.319979e+01
    endloop
  endfacet
  facet normal 1.119140e-01 -3.802794e-01 -9.180756e-01
    outer loop
      vertex   3.210000e+02 2.430278e+01 3.317634e+01
      vertex   3.212225e+02 2.431167e+01 3.319979e+01
      vertex   3.210000e+02 2.340985e+01 3.354621e+01
    endloop
  endfacet
  facet normal 1.119140e-01 -3.802794e-01 -9.180756e-01
    outer loop
      vertex   3.210000e+02 2.340985e+01 3.354621e+01
      vertex   3.212225e+02 2.431167e+01 3.319979e+01
      vertex   3.212225e+02 2.342014e+01 3.356907e+01
    endloop
  endfacet
  facet normal 1.119140e-01 -4.350176e-01 -8.934399e-01
    outer loop
      vertex   3.210000e+02 2.340985e+01 3.354621e+01
      vertex   3.212225e+02 2.342014e+01 3.356907e+01
      vertex   3.210000e+02 2.254089e+01 3.396931e+01
    endloop
  endfacet
  facet normal 1.119140e-01 -4.350176e-01 -8.934399e-01
    outer loop
      vertex   3.210000e+02 2.254089e+01 3.396931e+01
      vertex   3.212225e+02 2.342014e+01 3.356907e+01
      vertex   3.212225e+02 2.255254e+01 3.399151e+01
    endloop
  endfacet
  facet normal 1.119140e-01 -4.881685e-01 -8.655442e-01
    outer loop
      vertex   3.210000e+02 2.254089e+01 3.396931e+01
      vertex   3.212225e+02 2.255254e+01 3.399151e+01
      vertex   3.210000e+02 2.169905e+01 3.444410e+01
    endloop
  endfacet
  facet normal 1.119140e-01 -4.881685e-01 -8.655442e-01
    outer loop
      vertex   3.210000e+02 2.169905e+01 3.444410e+01
      vertex   3.212225e+02 2.255254e+01 3.399151e+01
      vertex   3.212225e+02 2.171202e+01 3.446556e+01
    endloop
  endfacet
  facet normal 1.119140e-01 -5.395381e-01 -8.344902e-01
    outer loop
      vertex   3.210000e+02 2.169905e+01 3.444410e+01
      vertex   3.212225e+02 2.171202e+01 3.446556e+01
      vertex   3.210000e+02 2.088742e+01 3.496886e+01
    endloop
  endfacet
  facet normal 1.119140e-01 -5.395381e-01 -8.344902e-01
    outer loop
      vertex   3.210000e+02 2.088742e+01 3.496886e+01
      vertex   3.212225e+02 2.171202e+01 3.446556e+01
      vertex   3.212225e+02 2.090166e+01 3.498950e+01
    endloop
  endfacet
  facet normal 1.119140e-01 -5.889390e-01 -8.003912e-01
    outer loop
      vertex   3.210000e+02 2.088742e+01 3.496886e+01
      vertex   3.212225e+02 2.090166e+01 3.498950e+01
      vertex   3.210000e+02 2.010895e+01 3.554167e+01
    endloop
  endfacet
  facet normal 1.119140e-01 -5.889390e-01 -8.003912e-01
    outer loop
      vertex   3.210000e+02 2.010895e+01 3.554167e+01
      vertex   3.212225e+02 2.090166e+01 3.498950e+01
      vertex   3.212225e+02 2.012442e+01 3.556141e+01
    endloop
  endfacet
  facet normal 1.119140e-01 -6.361910e-01 -7.633717e-01
    outer loop
      vertex   3.210000e+02 2.010895e+01 3.554167e+01
      vertex   3.212225e+02 2.012442e+01 3.556141e+01
      vertex   3.210000e+02 1.936649e+01 3.616043e+01
    endloop
  endfacet
  facet normal 1.119140e-01 -6.361910e-01 -7.633717e-01
    outer loop
      vertex   3.210000e+02 1.936649e+01 3.616043e+01
      vertex   3.212225e+02 2.012442e+01 3.556141e+01
      vertex   3.212225e+02 1.938312e+01 3.617920e+01
    endloop
  endfacet
  facet normal 1.119140e-01 -6.811215e-01 -7.235667e-01
    outer loop
      vertex   3.210000e+02 1.936649e+01 3.616043e+01
      vertex   3.212225e+02 1.938312e+01 3.617920e+01
      vertex   3.210000e+02 1.866275e+01 3.682290e+01
    endloop
  endfacet
  facet normal 1.119140e-01 -6.811215e-01 -7.235667e-01
    outer loop
      vertex   3.210000e+02 1.866275e+01 3.682290e+01
      vertex   3.212225e+02 1.938312e+01 3.617920e+01
      vertex   3.212225e+02 1.868048e+01 3.684062e+01
    endloop
  endfacet
  facet normal 1.119140e-01 -7.235667e-01 -6.811215e-01
    outer loop
      vertex   3.210000e+02 1.866275e+01 3.682290e+01
      vertex   3.212225e+02 1.868048e+01 3.684062e+01
      vertex   3.210000e+02 1.800028e+01 3.752664e+01
    endloop
  endfacet
  facet normal 1.119140e-01 -7.235667e-01 -6.811215e-01
    outer loop
      vertex   3.210000e+02 1.800028e+01 3.752664e+01
      vertex   3.212225e+02 1.868048e+01 3.684062e+01
      vertex   3.212225e+02 1.801905e+01 3.754327e+01
    endloop
  endfacet
  facet normal 1.119140e-01 -7.633717e-01 -6.361910e-01
    outer loop
      vertex   3.210000e+02 1.800028e+01 3.752664e+01
      vertex   3.212225e+02 1.801905e+01 3.754327e+01
      vertex   3.210000e+02 1.738152e+01 3.826910e+01
    endloop
  endfacet
  facet normal 1.119140e-01 -7.633717e-01 -6.361910e-01
    outer loop
      vertex   3.210000e+02 1.738152e+01 3.826910e+01
      vertex   3.212225e+02 1.801905e+01 3.754327e+01
      vertex   3.212225e+02 1.740126e+01 3.828457e+01
    endloop
  endfacet
  facet normal 1.119140e-01 -8.003912e-01 -5.889390e-01
    outer loop
      vertex   3.210000e+02 1.738152e+01 3.826910e+01
      vertex   3.212225e+02 1.740126e+01 3.828457e+01
      vertex   3.210000e+02 1.680871e+01 3.904757e+01
    endloop
  endfacet
  facet normal 1.119140e-01 -8.003912e-01 -5.889390e-01
    outer loop
      vertex   3.210000e+02 1.680871e+01 3.904757e+01
      vertex   3.212225e+02 1.740126e+01 3.828457e+01
      vertex   3.212225e+02 1.682935e+01 3.906181e+01
    endloop
  endfacet
  facet normal 1.119140e-01 -8.344902e-01 -5.395381e-01
    outer loop
      vertex   3.210000e+02 1.680871e+01 3.904757e+01
      vertex   3.212225e+02 1.682935e+01 3.906181e+01
      vertex   3.210000e+02 1.628396e+01 3.985920e+01
    endloop
  endfacet
  facet normal 1.119140e-01 -8.344902e-01 -5.395381e-01
    outer loop
      vertex   3.210000e+02 1.628396e+01 3.985920e+01
      vertex   3.212225e+02 1.682935e+01 3.906181e+01
      vertex   3.212225e+02 1.630541e+01 3.987217e+01
    endloop
  endfacet
  facet normal 1.119140e-01 -8.655442e-01 -4.881685e-01
    outer loop
      vertex   3.210000e+02 1.628396e+01 3.985920e+01
      vertex   3.212225e+02 1.630541e+01 3.987217e+01
      vertex   3.210000e+02 1.580916e+01 4.070103e+01
    endloop
  endfacet
  facet normal 1.119140e-01 -8.655442e-01 -4.881685e-01
    outer loop
      vertex   3.210000e+02 1.580916e+01 4.070103e+01
      vertex   3.212225e+02 1.630541e+01 3.987217e+01
      vertex   3.212225e+02 1.583136e+01 4.071269e+01
    endloop
  endfacet
  facet normal 1.119140e-01 -8.934399e-01 -4.350176e-01
    outer loop
      vertex   3.210000e+02 1.580916e+01 4.070103e+01
      vertex   3.212225e+02 1.583136e+01 4.071269e+01
      vertex   3.210000e+02 1.538606e+01 4.157000e+01
    endloop
  endfacet
  facet normal 1.119140e-01 -8.934399e-01 -4.350176e-01
    outer loop
      vertex   3.210000e+02 1.538606e+01 4.157000e+01
      vertex   3.212225e+02 1.583136e+01 4.071269e+01
      vertex   3.212225e+02 1.540892e+01 4.158029e+01
    endloop
  endfacet
  facet normal 1.119140e-01 -9.180756e-01 -3.802794e-01
    outer loop
      vertex   3.210000e+02 1.538606e+01 4.157000e+01
      vertex   3.212225e+02 1.540892e+01 4.158029e+01
      vertex   3.210000e+02 1.501620e+01 4.246293e+01
    endloop
  endfacet
  facet normal 1.119140e-01 -9.180756e-01 -3.802794e-01
    outer loop
      vertex   3.210000e+02 1.501620e+01 4.246293e+01
      vertex   3.212225e+02 1.540892e+01 4.158029e+01
      vertex   3.212225e+02 1.503964e+01 4.247182e+01
    endloop
  endfacet
  facet normal 1.119140e-01 -9.393613e-01 -3.241535e-01
    outer loop
      vertex   3.210000e+02 1.501620e+01 4.246293e+01
      vertex   3.212225e+02 1.503964e+01 4.247182e+01
      vertex   3.210000e+02 1.470092e+01 4.337656e+01
    endloop
  endfacet
  facet normal 1.119140e-01 -9.393613e-01 -3.241535e-01
    outer loop
      vertex   3.210000e+02 1.470092e+01 4.337656e+01
      vertex   3.212225e+02 1.503964e+01 4.247182e+01
      vertex   3.212225e+02 1.472486e+01 4.338401e+01
    endloop
  endfacet
  facet normal 1.119140e-01 -9.572194e-01 -2.668449e-01
    outer loop
      vertex   3.210000e+02 1.470092e+01 4.337656e+01
      vertex   3.212225e+02 1.472486e+01 4.338401e+01
      vertex   3.210000e+02 1.444139e+01 4.430755e+01
    endloop
  endfacet
  facet normal 1.119140e-01 -9.572194e-01 -2.668449e-01
    outer loop
      vertex   3.210000e+02 1.444139e+01 4.430755e+01
      vertex   3.212225e+02 1.472486e+01 4.338401e+01
      vertex   3.212225e+02 1.446573e+01 4.431355e+01
    endloop
  endfacet
  facet normal 1.119140e-01 -9.715847e-01 -2.085626e-01
    outer loop
      vertex   3.210000e+02 1.444139e+01 4.430755e+01
      vertex   3.212225e+02 1.446573e+01 4.431355e+01
      vertex   3.210000e+02 1.423854e+01 4.525252e+01
    endloop
  endfacet
  facet normal 1.119140e-01 -9.715847e-01 -2.085626e-01
    outer loop
      vertex   3.210000e+02 1.423854e+01 4.525252e+01
      vertex   3.212225e+02 1.446573e+01 4.431355e+01
      vertex   3.212225e+02 1.426320e+01 4.525704e+01
    endloop
  endfacet
  facet normal 1.119140e-01 -9.824048e-01 -1.495193e-01
    outer loop
      vertex   3.210000e+02 1.423854e+01 4.525252e+01
      vertex   3.212225e+02 1.426320e+01 4.525704e+01
      vertex   3.210000e+02 1.409311e+01 4.620802e+01
    endloop
  endfacet
  facet normal 1.119140e-01 -9.824048e-01 -1.495193e-01
    outer loop
      vertex   3.210000e+02 1.409311e+01 4.620802e+01
      vertex   3.212225e+02 1.426320e+01 4.525704e+01
      vertex   3.212225e+02 1.411800e+01 4.621104e+01
    endloop
  endfacet
  facet normal 1.119140e-01 -9.896402e-01 -8.993035e-02
    outer loop
      vertex   3.210000e+02 1.409311e+01 4.620802e+01
      vertex   3.212225e+02 1.411800e+01 4.621104e+01
      vertex   3.210000e+02 1.400565e+01 4.717055e+01
    endloop
  endfacet
  facet normal 1.119140e-01 -9.896402e-01 -8.993035e-02
    outer loop
      vertex   3.210000e+02 1.400565e+01 4.717055e+01
      vertex   3.212225e+02 1.411800e+01 4.621104e+01
      vertex   3.212225e+02 1.403067e+01 4.717206e+01
    endloop
  endfacet
  facet normal 9.937679e-01 -1.114142e-01 3.501331e-03
    outer loop
      vertex   3.220000e+02 1.500606e+01 4.907846e+01
      vertex   3.219749e+02 1.478171e+01 4.905572e+01
      vertex   3.220000e+02 1.497646e+01 4.813660e+01
    endloop
  endfacet
  facet normal 9.937065e-01 -1.119638e-01 3.383190e-03
    outer loop
      vertex   3.220000e+02 1.497646e+01 4.813660e+01
      vertex   3.219749e+02 1.478171e+01 4.905572e+01
      vertex   3.219749e+02 1.475394e+01 4.813660e+01
    endloop
  endfacet
  facet normal 9.937065e-01 -1.119638e-01 -3.383190e-03
    outer loop
      vertex   3.220000e+02 1.497646e+01 4.813660e+01
      vertex   3.219749e+02 1.475394e+01 4.813660e+01
      vertex   3.219749e+02 1.478171e+01 4.721749e+01
    endloop
  endfacet
  facet normal 9.438363e-01 -3.302626e-01 -9.979484e-03
    outer loop
      vertex   3.219749e+02 1.478171e+01 4.721749e+01
      vertex   3.219749e+02 1.475394e+01 4.813660e+01
      vertex   3.219010e+02 1.454257e+01 4.813660e+01
    endloop
  endfacet
  facet normal 9.438363e-01 -3.302626e-01 -9.979484e-03
    outer loop
      vertex   3.219749e+02 1.478171e+01 4.721749e+01
      vertex   3.219010e+02 1.454257e+01 4.813660e+01
      vertex   3.219010e+02 1.457073e+01 4.720473e+01
    endloop
  endfacet
  facet normal 8.466148e-01 -5.319633e-01 -1.607424e-02
    outer loop
      vertex   3.219010e+02 1.457073e+01 4.720473e+01
      vertex   3.219010e+02 1.454257e+01 4.813660e+01
      vertex   3.217818e+02 1.435297e+01 4.813660e+01
    endloop
  endfacet
  facet normal 8.466148e-01 -5.319633e-01 -1.607424e-02
    outer loop
      vertex   3.219010e+02 1.457073e+01 4.720473e+01
      vertex   3.217818e+02 1.435297e+01 4.813660e+01
      vertex   3.217818e+02 1.438147e+01 4.719328e+01
    endloop
  endfacet
  facet normal 7.069454e-01 -7.069454e-01 -2.136164e-02
    outer loop
      vertex   3.217818e+02 1.438147e+01 4.719328e+01
      vertex   3.217818e+02 1.435297e+01 4.813660e+01
      vertex   3.216235e+02 1.419462e+01 4.813660e+01
    endloop
  endfacet
  facet normal 7.069454e-01 -7.069454e-01 -2.136164e-02
    outer loop
      vertex   3.217818e+02 1.438147e+01 4.719328e+01
      vertex   3.216235e+02 1.419462e+01 4.813660e+01
      vertex   3.216235e+02 1.422342e+01 4.718372e+01
    endloop
  endfacet
  facet normal 5.318580e-01 -8.464472e-01 -2.557694e-02
    outer loop
      vertex   3.216235e+02 1.422342e+01 4.718372e+01
      vertex   3.216235e+02 1.419462e+01 4.813660e+01
      vertex   3.214339e+02 1.407549e+01 4.813660e+01
    endloop
  endfacet
  facet normal 5.318580e-01 -8.464472e-01 -2.557694e-02
    outer loop
      vertex   3.216235e+02 1.422342e+01 4.718372e+01
      vertex   3.214339e+02 1.407549e+01 4.813660e+01
      vertex   3.214339e+02 1.410450e+01 4.717653e+01
    endloop
  endfacet
  facet normal 3.301448e-01 -9.434997e-01 -2.850955e-02
    outer loop
      vertex   3.214339e+02 1.410450e+01 4.717653e+01
      vertex   3.214339e+02 1.407549e+01 4.813660e+01
      vertex   3.212225e+02 1.400153e+01 4.813660e+01
    endloop
  endfacet
  facet normal 3.301448e-01 -9.434997e-01 -2.850955e-02
    outer loop
      vertex   3.214339e+02 1.410450e+01 4.717653e+01
      vertex   3.212225e+02 1.400153e+01 4.813660e+01
      vertex   3.212225e+02 1.403067e+01 4.717206e+01
    endloop
  endfacet
  facet normal 9.936472e-01 -1.120783e-01 1.018475e-02
    outer loop
      vertex   3.219749e+02 1.478171e+01 4.905572e+01
      vertex   3.220000e+02 1.500606e+01 4.907846e+01
      vertex   3.219749e+02 1.486492e+01 4.997148e+01
    endloop
  endfacet
  facet normal 9.938240e-01 -1.104755e-01 1.044301e-02
    outer loop
      vertex   3.219749e+02 1.486492e+01 4.997148e+01
      vertex   3.220000e+02 1.500606e+01 4.907846e+01
      vertex   3.220000e+02 1.509474e+01 5.001660e+01
    endloop
  endfacet
  facet normal 9.935921e-01 -1.117390e-01 1.700636e-02
    outer loop
      vertex   3.219749e+02 1.486492e+01 4.997148e+01
      vertex   3.220000e+02 1.509474e+01 5.001660e+01
      vertex   3.219749e+02 1.500328e+01 5.088054e+01
    endloop
  endfacet
  facet normal 9.938745e-01 -1.091537e-01 1.728824e-02
    outer loop
      vertex   3.219749e+02 1.500328e+01 5.088054e+01
      vertex   3.220000e+02 1.509474e+01 5.001660e+01
      vertex   3.220000e+02 1.524215e+01 5.094732e+01
    endloop
  endfacet
  facet normal 9.935413e-01 -1.109436e-01 2.381540e-02
    outer loop
      vertex   3.219749e+02 1.500328e+01 5.088054e+01
      vertex   3.220000e+02 1.524215e+01 5.094732e+01
      vertex   3.219749e+02 1.519627e+01 5.177959e+01
    endloop
  endfacet
  facet normal 9.939197e-01 -1.074552e-01 2.401908e-02
    outer loop
      vertex   3.219749e+02 1.519627e+01 5.177959e+01
      vertex   3.220000e+02 1.524215e+01 5.094732e+01
      vertex   3.220000e+02 1.544771e+01 5.186695e+01
    endloop
  endfacet
  facet normal 9.934951e-01 -1.096921e-01 3.057895e-02
    outer loop
      vertex   3.219749e+02 1.519627e+01 5.177959e+01
      vertex   3.220000e+02 1.544771e+01 5.186695e+01
      vertex   3.219749e+02 1.544320e+01 5.266535e+01
    endloop
  endfacet
  facet normal 9.939598e-01 -1.053874e-01 3.061787e-02
    outer loop
      vertex   3.219749e+02 1.544320e+01 5.266535e+01
      vertex   3.220000e+02 1.544771e+01 5.186695e+01
      vertex   3.220000e+02 1.571061e+01 5.277186e+01
    endloop
  endfacet
  facet normal 9.934537e-01 -1.079871e-01 3.726403e-02
    outer loop
      vertex   3.219749e+02 1.544320e+01 5.266535e+01
      vertex   3.220000e+02 1.571061e+01 5.277186e+01
      vertex   3.219749e+02 1.574315e+01 5.353458e+01
    endloop
  endfacet
  facet normal 9.939948e-01 -1.029583e-01 3.706726e-02
    outer loop
      vertex   3.219749e+02 1.574315e+01 5.353458e+01
      vertex   3.220000e+02 1.571061e+01 5.277186e+01
      vertex   3.220000e+02 1.602981e+01 5.365847e+01
    endloop
  endfacet
  facet normal 9.934171e-01 -1.058338e-01 4.383782e-02
    outer loop
      vertex   3.219749e+02 1.574315e+01 5.353458e+01
      vertex   3.220000e+02 1.602981e+01 5.365847e+01
      vertex   3.219749e+02 1.609504e+01 5.438412e+01
    endloop
  endfacet
  facet normal 9.940249e-01 -1.001765e-01 4.335024e-02
    outer loop
      vertex   3.219749e+02 1.609504e+01 5.438412e+01
      vertex   3.220000e+02 1.602981e+01 5.365847e+01
      vertex   3.220000e+02 1.640405e+01 5.452329e+01
    endloop
  endfacet
  facet normal 9.933854e-01 -1.032402e-01 5.026784e-02
    outer loop
      vertex   3.219749e+02 1.609504e+01 5.438412e+01
      vertex   3.220000e+02 1.640405e+01 5.452329e+01
      vertex   3.219749e+02 1.649758e+01 5.521086e+01
    endloop
  endfacet
  facet normal 9.940501e-01 -9.705149e-02 4.945020e-02
    outer loop
      vertex   3.219749e+02 1.649758e+01 5.521086e+01
      vertex   3.220000e+02 1.640405e+01 5.452329e+01
      vertex   3.220000e+02 1.683186e+01 5.536291e+01
    endloop
  endfacet
  facet normal 9.933589e-01 -1.002164e-01 5.652224e-02
    outer loop
      vertex   3.219749e+02 1.649758e+01 5.521086e+01
      vertex   3.220000e+02 1.683186e+01 5.536291e+01
      vertex   3.219749e+02 1.694931e+01 5.601179e+01
    endloop
  endfacet
  facet normal 9.940707e-01 -9.359328e-02 5.535091e-02
    outer loop
      vertex   3.219749e+02 1.694931e+01 5.601179e+01
      vertex   3.220000e+02 1.683186e+01 5.536291e+01
      vertex   3.220000e+02 1.731154e+01 5.617401e+01
    endloop
  endfacet
  facet normal 9.933376e-01 -9.677543e-02 6.256998e-02
    outer loop
      vertex   3.219749e+02 1.694931e+01 5.601179e+01
      vertex   3.220000e+02 1.731154e+01 5.617401e+01
      vertex   3.219749e+02 1.744857e+01 5.678398e+01
    endloop
  endfacet
  facet normal 9.940866e-01 -8.981261e-02 6.103659e-02
    outer loop
      vertex   3.219749e+02 1.744857e+01 5.678398e+01
      vertex   3.220000e+02 1.731154e+01 5.617401e+01
      vertex   3.220000e+02 1.784120e+01 5.695338e+01
    endloop
  endfacet
  facet normal 9.933215e-01 -9.293250e-02 6.838103e-02
    outer loop
      vertex   3.219749e+02 1.744857e+01 5.678398e+01
      vertex   3.220000e+02 1.784120e+01 5.695338e+01
      vertex   3.219749e+02 1.799354e+01 5.752462e+01
    endloop
  endfacet
  facet normal 9.940980e-01 -8.572084e-02 6.649190e-02
    outer loop
      vertex   3.219749e+02 1.799354e+01 5.752462e+01
      vertex   3.220000e+02 1.784120e+01 5.695338e+01
      vertex   3.220000e+02 1.841876e+01 5.769796e+01
    endloop
  endfacet
  facet normal 9.933107e-01 -8.870524e-02 7.392660e-02
    outer loop
      vertex   3.219749e+02 1.799354e+01 5.752462e+01
      vertex   3.220000e+02 1.841876e+01 5.769796e+01
      vertex   3.219749e+02 1.858224e+01 5.823100e+01
    endloop
  endfacet
  facet normal 9.941048e-01 -8.132998e-02 7.170202e-02
    outer loop
      vertex   3.219749e+02 1.858224e+01 5.823100e+01
      vertex   3.220000e+02 1.841876e+01 5.769796e+01
      vertex   3.220000e+02 1.904193e+01 5.840481e+01
    endloop
  endfacet
  facet normal 9.933054e-01 -8.411354e-02 7.917935e-02
    outer loop
      vertex   3.219749e+02 1.858224e+01 5.823100e+01
      vertex   3.220000e+02 1.904193e+01 5.840481e+01
      vertex   3.219749e+02 1.921251e+01 5.890055e+01
    endloop
  endfacet
  facet normal 9.941070e-01 -7.665264e-02 7.665264e-02
    outer loop
      vertex   3.219749e+02 1.921251e+01 5.890055e+01
      vertex   3.220000e+02 1.904193e+01 5.840481e+01
      vertex   3.220000e+02 1.970825e+01 5.907113e+01
    endloop
  endfacet
  facet normal 9.933054e-01 -7.917935e-02 8.411354e-02
    outer loop
      vertex   3.219749e+02 1.921251e+01 5.890055e+01
      vertex   3.220000e+02 1.970825e+01 5.907113e+01
      vertex   3.219749e+02 1.988206e+01 5.953083e+01
    endloop
  endfacet
  facet normal 9.941048e-01 -7.170202e-02 8.132998e-02
    outer loop
      vertex   3.219749e+02 1.988206e+01 5.953083e+01
      vertex   3.220000e+02 1.970825e+01 5.907113e+01
      vertex   3.220000e+02 2.041510e+01 5.969430e+01
    endloop
  endfacet
  facet normal 9.933107e-01 -7.392660e-02 8.870524e-02
    outer loop
      vertex   3.219749e+02 1.988206e+01 5.953083e+01
      vertex   3.220000e+02 2.041510e+01 5.969430e+01
      vertex   3.219749e+02 2.058844e+01 6.011952e+01
    endloop
  endfacet
  facet normal 9.940980e-01 -6.649190e-02 8.572084e-02
    outer loop
      vertex   3.219749e+02 2.058844e+01 6.011952e+01
      vertex   3.220000e+02 2.041510e+01 5.969430e+01
      vertex   3.220000e+02 2.115968e+01 6.027186e+01
    endloop
  endfacet
  facet normal 9.933215e-01 -6.838103e-02 9.293250e-02
    outer loop
      vertex   3.219749e+02 2.058844e+01 6.011952e+01
      vertex   3.220000e+02 2.115968e+01 6.027186e+01
      vertex   3.219749e+02 2.132908e+01 6.066449e+01
    endloop
  endfacet
  facet normal 9.940866e-01 -6.103659e-02 8.981261e-02
    outer loop
      vertex   3.219749e+02 2.132908e+01 6.066449e+01
      vertex   3.220000e+02 2.115968e+01 6.027186e+01
      vertex   3.220000e+02 2.193905e+01 6.080152e+01
    endloop
  endfacet
  facet normal 9.933376e-01 -6.256998e-02 9.677543e-02
    outer loop
      vertex   3.219749e+02 2.132908e+01 6.066449e+01
      vertex   3.220000e+02 2.193905e+01 6.080152e+01
      vertex   3.219749e+02 2.210127e+01 6.116375e+01
    endloop
  endfacet
  facet normal 9.940707e-01 -5.535091e-02 9.359328e-02
    outer loop
      vertex   3.219749e+02 2.210127e+01 6.116375e+01
      vertex   3.220000e+02 2.193905e+01 6.080152e+01
      vertex   3.220000e+02 2.275015e+01 6.128120e+01
    endloop
  endfacet
  facet normal 9.933589e-01 -5.652224e-02 1.002164e-01
    outer loop
      vertex   3.219749e+02 2.210127e+01 6.116375e+01
      vertex   3.220000e+02 2.275015e+01 6.128120e+01
      vertex   3.219749e+02 2.290220e+01 6.161548e+01
    endloop
  endfacet
  facet normal 9.940501e-01 -4.945020e-02 9.705149e-02
    outer loop
      vertex   3.219749e+02 2.290220e+01 6.161548e+01
      vertex   3.220000e+02 2.275015e+01 6.128120e+01
      vertex   3.220000e+02 2.358977e+01 6.170901e+01
    endloop
  endfacet
  facet normal 9.933854e-01 -5.026784e-02 1.032402e-01
    outer loop
      vertex   3.219749e+02 2.290220e+01 6.161548e+01
      vertex   3.220000e+02 2.358977e+01 6.170901e+01
      vertex   3.219749e+02 2.372894e+01 6.201802e+01
    endloop
  endfacet
  facet normal 9.940249e-01 -4.335024e-02 1.001765e-01
    outer loop
      vertex   3.219749e+02 2.372894e+01 6.201802e+01
      vertex   3.220000e+02 2.358977e+01 6.170901e+01
      vertex   3.220000e+02 2.445459e+01 6.208325e+01
    endloop
  endfacet
  facet normal 9.934171e-01 -4.383782e-02 1.058338e-01
    outer loop
      vertex   3.219749e+02 2.372894e+01 6.201802e+01
      vertex   3.220000e+02 2.445459e+01 6.208325e+01
      vertex   3.219749e+02 2.457848e+01 6.236991e+01
    endloop
  endfacet
  facet normal 9.939948e-01 -3.706726e-02 1.029583e-01
    outer loop
      vertex   3.219749e+02 2.457848e+01 6.236991e+01
      vertex   3.220000e+02 2.445459e+01 6.208325e+01
      vertex   3.220000e+02 2.534120e+01 6.240245e+01
    endloop
  endfacet
  facet normal 9.934537e-01 -3.726403e-02 1.079871e-01
    outer loop
      vertex   3.219749e+02 2.457848e+01 6.236991e+01
      vertex   3.220000e+02 2.534120e+01 6.240245e+01
      vertex   3.219749e+02 2.544771e+01 6.266986e+01
    endloop
  endfacet
  facet normal 9.939598e-01 -3.061787e-02 1.053874e-01
    outer loop
      vertex   3.219749e+02 2.544771e+01 6.266986e+01
      vertex   3.220000e+02 2.534120e+01 6.240245e+01
      vertex   3.220000e+02 2.624611e+01 6.266535e+01
    endloop
  endfacet
  facet normal 9.934951e-01 -3.057895e-02 1.096921e-01
    outer loop
      vertex   3.219749e+02 2.544771e+01 6.266986e+01
      vertex   3.220000e+02 2.624611e+01 6.266535e+01
      vertex   3.219749e+02 2.633347e+01 6.291679e+01
    endloop
  endfacet
  facet normal 9.939197e-01 -2.401908e-02 1.074552e-01
    outer loop
      vertex   3.219749e+02 2.633347e+01 6.291679e+01
      vertex   3.220000e+02 2.624611e+01 6.266535e+01
      vertex   3.220000e+02 2.716574e+01 6.287091e+01
    endloop
  endfacet
  facet normal 9.935413e-01 -2.381540e-02 1.109436e-01
    outer loop
      vertex   3.219749e+02 2.633347e+01 6.291679e+01
      vertex   3.220000e+02 2.716574e+01 6.287091e+01
      vertex   3.219749e+02 2.723252e+01 6.310978e+01
    endloop
  endfacet
  facet normal 9.938745e-01 -1.728824e-02 1.091537e-01
    outer loop
      vertex   3.219749e+02 2.723252e+01 6.310978e+01
      vertex   3.220000e+02 2.716574e+01 6.287091e+01
      vertex   3.220000e+02 2.809646e+01 6.301833e+01
    endloop
  endfacet
  facet normal 9.935921e-01 -1.700636e-02 1.117390e-01
    outer loop
      vertex   3.219749e+02 2.723252e+01 6.310978e+01
      vertex   3.220000e+02 2.809646e+01 6.301833e+01
      vertex   3.219749e+02 2.814158e+01 6.324814e+01
    endloop
  endfacet
  facet normal 9.938240e-01 -1.044301e-02 1.104755e-01
    outer loop
      vertex   3.219749e+02 2.814158e+01 6.324814e+01
      vertex   3.220000e+02 2.809646e+01 6.301833e+01
      vertex   3.220000e+02 2.903460e+01 6.310701e+01
    endloop
  endfacet
  facet normal 9.936472e-01 -1.018475e-02 1.120783e-01
    outer loop
      vertex   3.219749e+02 2.814158e+01 6.324814e+01
      vertex   3.220000e+02 2.903460e+01 6.310701e+01
      vertex   3.219749e+02 2.905734e+01 6.333135e+01
    endloop
  endfacet
  facet normal 9.937679e-01 -3.501331e-03 1.114142e-01
    outer loop
      vertex   3.219749e+02 2.905734e+01 6.333135e+01
      vertex   3.220000e+02 2.903460e+01 6.310701e+01
      vertex   3.220000e+02 2.997646e+01 6.313660e+01
    endloop
  endfacet
  facet normal 9.937065e-01 -3.383190e-03 1.119638e-01
    outer loop
      vertex   3.219749e+02 2.905734e+01 6.333135e+01
      vertex   3.220000e+02 2.997646e+01 6.313660e+01
      vertex   3.219749e+02 2.997646e+01 6.335913e+01
    endloop
  endfacet
  facet normal 9.937065e-01 3.383190e-03 1.119638e-01
    outer loop
      vertex   3.219749e+02 2.997646e+01 6.335913e+01
      vertex   3.220000e+02 2.997646e+01 6.313660e+01
      vertex   3.219749e+02 3.089557e+01 6.333135e+01
    endloop
  endfacet
  facet normal 9.438363e-01 9.979484e-03 3.302626e-01
    outer loop
      vertex   3.219749e+02 2.997646e+01 6.335913e+01
      vertex   3.219749e+02 3.089557e+01 6.333135e+01
      vertex   3.219010e+02 3.090833e+01 6.354233e+01
    endloop
  endfacet
  facet normal 9.438363e-01 2.990204e-02 3.290575e-01
    outer loop
      vertex   3.219010e+02 3.090833e+01 6.354233e+01
      vertex   3.219749e+02 3.089557e+01 6.333135e+01
      vertex   3.219010e+02 3.183681e+01 6.345796e+01
    endloop
  endfacet
  facet normal 8.466148e-01 4.816406e-02 5.300223e-01
    outer loop
      vertex   3.219010e+02 3.090833e+01 6.354233e+01
      vertex   3.219010e+02 3.183681e+01 6.345796e+01
      vertex   3.217818e+02 3.185966e+01 6.364618e+01
    endloop
  endfacet
  facet normal 8.466148e-01 8.007813e-02 5.261472e-01
    outer loop
      vertex   3.217818e+02 3.185966e+01 6.364618e+01
      vertex   3.219010e+02 3.183681e+01 6.345796e+01
      vertex   3.217818e+02 3.279267e+01 6.350418e+01
    endloop
  endfacet
  facet normal 7.069454e-01 1.064187e-01 6.992161e-01
    outer loop
      vertex   3.217818e+02 3.185966e+01 6.364618e+01
      vertex   3.217818e+02 3.279267e+01 6.350418e+01
      vertex   3.216235e+02 3.282121e+01 6.365993e+01
    endloop
  endfacet
  facet normal 7.069454e-01 1.484422e-01 6.915151e-01
    outer loop
      vertex   3.216235e+02 3.282121e+01 6.365993e+01
      vertex   3.217818e+02 3.279267e+01 6.350418e+01
      vertex   3.216235e+02 3.375330e+01 6.345984e+01
    endloop
  endfacet
  facet normal 5.318580e-01 1.777344e-01 8.279719e-01
    outer loop
      vertex   3.216235e+02 3.282121e+01 6.365993e+01
      vertex   3.216235e+02 3.375330e+01 6.345984e+01
      vertex   3.214339e+02 3.378181e+01 6.357552e+01
    endloop
  endfacet
  facet normal 5.318580e-01 2.274018e-01 8.157300e-01
    outer loop
      vertex   3.214339e+02 3.378181e+01 6.357552e+01
      vertex   3.216235e+02 3.375330e+01 6.345984e+01
      vertex   3.214339e+02 3.470704e+01 6.331759e+01
    endloop
  endfacet
  facet normal 3.301448e-01 2.534754e-01 9.092605e-01
    outer loop
      vertex   3.214339e+02 3.378181e+01 6.357552e+01
      vertex   3.214339e+02 3.470704e+01 6.331759e+01
      vertex   3.212225e+02 3.472905e+01 6.338820e+01
    endloop
  endfacet
  facet normal 3.301448e-01 3.079127e-01 8.922971e-01
    outer loop
      vertex   3.212225e+02 3.472905e+01 6.338820e+01
      vertex   3.214339e+02 3.470704e+01 6.331759e+01
      vertex   3.212225e+02 3.564124e+01 6.307342e+01
    endloop
  endfacet
  facet normal 9.937679e-01 3.501331e-03 1.114142e-01
    outer loop
      vertex   3.220000e+02 2.997646e+01 6.313660e+01
      vertex   3.220000e+02 3.091831e+01 6.310701e+01
      vertex   3.219749e+02 3.089557e+01 6.333135e+01
    endloop
  endfacet
  facet normal 9.936472e-01 1.018475e-02 1.120783e-01
    outer loop
      vertex   3.219749e+02 3.089557e+01 6.333135e+01
      vertex   3.220000e+02 3.091831e+01 6.310701e+01
      vertex   3.219749e+02 3.181133e+01 6.324814e+01
    endloop
  endfacet
  facet normal 9.438363e-01 2.990204e-02 3.290575e-01
    outer loop
      vertex   3.219749e+02 3.089557e+01 6.333135e+01
      vertex   3.219749e+02 3.181133e+01 6.324814e+01
      vertex   3.219010e+02 3.183681e+01 6.345796e+01
    endloop
  endfacet
  facet normal 9.438363e-01 4.971548e-02 3.266517e-01
    outer loop
      vertex   3.219010e+02 3.183681e+01 6.345796e+01
      vertex   3.219749e+02 3.181133e+01 6.324814e+01
      vertex   3.219010e+02 3.275849e+01 6.331768e+01
    endloop
  endfacet
  facet normal 8.466148e-01 8.007813e-02 5.261472e-01
    outer loop
      vertex   3.219010e+02 3.183681e+01 6.345796e+01
      vertex   3.219010e+02 3.275849e+01 6.331768e+01
      vertex   3.217818e+02 3.279267e+01 6.350418e+01
    endloop
  endfacet
  facet normal 8.466148e-01 1.117000e-01 5.203523e-01
    outer loop
      vertex   3.217818e+02 3.279267e+01 6.350418e+01
      vertex   3.219010e+02 3.275849e+01 6.331768e+01
      vertex   3.217818e+02 3.371540e+01 6.330610e+01
    endloop
  endfacet
  facet normal 7.069454e-01 1.484422e-01 6.915151e-01
    outer loop
      vertex   3.217818e+02 3.279267e+01 6.350418e+01
      vertex   3.217818e+02 3.371540e+01 6.330610e+01
      vertex   3.216235e+02 3.375330e+01 6.345984e+01
    endloop
  endfacet
  facet normal 7.069454e-01 1.899240e-01 6.812907e-01
    outer loop
      vertex   3.216235e+02 3.375330e+01 6.345984e+01
      vertex   3.217818e+02 3.371540e+01 6.330610e+01
      vertex   3.216235e+02 3.467160e+01 6.320385e+01
    endloop
  endfacet
  facet normal 5.318580e-01 2.274018e-01 8.157300e-01
    outer loop
      vertex   3.216235e+02 3.375330e+01 6.345984e+01
      vertex   3.216235e+02 3.467160e+01 6.320385e+01
      vertex   3.214339e+02 3.470704e+01 6.331759e+01
    endloop
  endfacet
  facet normal 5.318580e-01 2.762395e-01 8.005116e-01
    outer loop
      vertex   3.214339e+02 3.470704e+01 6.331759e+01
      vertex   3.216235e+02 3.467160e+01 6.320385e+01
      vertex   3.214339e+02 3.561502e+01 6.300427e+01
    endloop
  endfacet
  facet normal 3.301448e-01 3.079127e-01 8.922971e-01
    outer loop
      vertex   3.214339e+02 3.470704e+01 6.331759e+01
      vertex   3.214339e+02 3.561502e+01 6.300427e+01
      vertex   3.212225e+02 3.564124e+01 6.307342e+01
    endloop
  endfacet
  facet normal 3.301448e-01 3.612265e-01 8.720779e-01
    outer loop
      vertex   3.212225e+02 3.564124e+01 6.307342e+01
      vertex   3.214339e+02 3.561502e+01 6.300427e+01
      vertex   3.212225e+02 3.653277e+01 6.270414e+01
    endloop
  endfacet
  facet normal 9.938240e-01 1.044301e-02 1.104755e-01
    outer loop
      vertex   3.220000e+02 3.091831e+01 6.310701e+01
      vertex   3.220000e+02 3.185645e+01 6.301833e+01
      vertex   3.219749e+02 3.181133e+01 6.324814e+01
    endloop
  endfacet
  facet normal 9.935921e-01 1.700636e-02 1.117390e-01
    outer loop
      vertex   3.219749e+02 3.181133e+01 6.324814e+01
      vertex   3.220000e+02 3.185645e+01 6.301833e+01
      vertex   3.219749e+02 3.272039e+01 6.310978e+01
    endloop
  endfacet
  facet normal 9.438363e-01 4.971548e-02 3.266517e-01
    outer loop
      vertex   3.219749e+02 3.181133e+01 6.324814e+01
      vertex   3.219749e+02 3.272039e+01 6.310978e+01
      vertex   3.219010e+02 3.275849e+01 6.331768e+01
    endloop
  endfacet
  facet normal 9.438363e-01 6.934752e-02 3.230540e-01
    outer loop
      vertex   3.219010e+02 3.275849e+01 6.331768e+01
      vertex   3.219749e+02 3.272039e+01 6.310978e+01
      vertex   3.219010e+02 3.367003e+01 6.312201e+01
    endloop
  endfacet
  facet normal 8.466148e-01 1.117000e-01 5.203523e-01
    outer loop
      vertex   3.219010e+02 3.275849e+01 6.331768e+01
      vertex   3.219010e+02 3.367003e+01 6.312201e+01
      vertex   3.217818e+02 3.371540e+01 6.330610e+01
    endloop
  endfacet
  facet normal 8.466148e-01 1.429143e-01 5.126586e-01
    outer loop
      vertex   3.217818e+02 3.371540e+01 6.330610e+01
      vertex   3.219010e+02 3.367003e+01 6.312201e+01
      vertex   3.217818e+02 3.462449e+01 6.305268e+01
    endloop
  endfacet
  facet normal 7.069454e-01 1.899240e-01 6.812907e-01
    outer loop
      vertex   3.217818e+02 3.371540e+01 6.330610e+01
      vertex   3.217818e+02 3.462449e+01 6.305268e+01
      vertex   3.216235e+02 3.467160e+01 6.320385e+01
    endloop
  endfacet
  facet normal 7.069454e-01 2.307128e-01 6.685804e-01
    outer loop
      vertex   3.216235e+02 3.467160e+01 6.320385e+01
      vertex   3.217818e+02 3.462449e+01 6.305268e+01
      vertex   3.216235e+02 3.557277e+01 6.289287e+01
    endloop
  endfacet
  facet normal 5.318580e-01 2.762395e-01 8.005116e-01
    outer loop
      vertex   3.216235e+02 3.467160e+01 6.320385e+01
      vertex   3.216235e+02 3.557277e+01 6.289287e+01
      vertex   3.214339e+02 3.561502e+01 6.300427e+01
    endloop
  endfacet
  facet normal 5.318580e-01 3.240692e-01 7.823722e-01
    outer loop
      vertex   3.214339e+02 3.561502e+01 6.300427e+01
      vertex   3.216235e+02 3.557277e+01 6.289287e+01
      vertex   3.214339e+02 3.650242e+01 6.263670e+01
    endloop
  endfacet
  facet normal 3.301448e-01 3.612265e-01 8.720779e-01
    outer loop
      vertex   3.214339e+02 3.561502e+01 6.300427e+01
      vertex   3.214339e+02 3.650242e+01 6.263670e+01
      vertex   3.212225e+02 3.653277e+01 6.270414e+01
    endloop
  endfacet
  facet normal 3.301448e-01 4.132222e-01 8.486765e-01
    outer loop
      vertex   3.212225e+02 3.653277e+01 6.270414e+01
      vertex   3.214339e+02 3.650242e+01 6.263670e+01
      vertex   3.212225e+02 3.740038e+01 6.228170e+01
    endloop
  endfacet
  facet normal 9.938745e-01 1.728824e-02 1.091537e-01
    outer loop
      vertex   3.220000e+02 3.185645e+01 6.301833e+01
      vertex   3.220000e+02 3.278718e+01 6.287091e+01
      vertex   3.219749e+02 3.272039e+01 6.310978e+01
    endloop
  endfacet
  facet normal 9.935413e-01 2.381540e-02 1.109436e-01
    outer loop
      vertex   3.219749e+02 3.272039e+01 6.310978e+01
      vertex   3.220000e+02 3.278718e+01 6.287091e+01
      vertex   3.219749e+02 3.361944e+01 6.291679e+01
    endloop
  endfacet
  facet normal 9.438363e-01 6.934752e-02 3.230540e-01
    outer loop
      vertex   3.219749e+02 3.272039e+01 6.310978e+01
      vertex   3.219749e+02 3.361944e+01 6.291679e+01
      vertex   3.219010e+02 3.367003e+01 6.312201e+01
    endloop
  endfacet
  facet normal 9.438363e-01 8.872652e-02 3.182775e-01
    outer loop
      vertex   3.219010e+02 3.367003e+01 6.312201e+01
      vertex   3.219749e+02 3.361944e+01 6.291679e+01
      vertex   3.219010e+02 3.456808e+01 6.287166e+01
    endloop
  endfacet
  facet normal 8.466148e-01 1.429143e-01 5.126586e-01
    outer loop
      vertex   3.219010e+02 3.367003e+01 6.312201e+01
      vertex   3.219010e+02 3.456808e+01 6.287166e+01
      vertex   3.217818e+02 3.462449e+01 6.305268e+01
    endloop
  endfacet
  facet normal 8.466148e-01 1.736071e-01 5.030944e-01
    outer loop
      vertex   3.217818e+02 3.462449e+01 6.305268e+01
      vertex   3.219010e+02 3.456808e+01 6.287166e+01
      vertex   3.217818e+02 3.551662e+01 6.274482e+01
    endloop
  endfacet
  facet normal 7.069454e-01 2.307128e-01 6.685804e-01
    outer loop
      vertex   3.217818e+02 3.462449e+01 6.305268e+01
      vertex   3.217818e+02 3.551662e+01 6.274482e+01
      vertex   3.216235e+02 3.557277e+01 6.289287e+01
    endloop
  endfacet
  facet normal 7.069454e-01 2.706598e-01 6.534305e-01
    outer loop
      vertex   3.216235e+02 3.557277e+01 6.289287e+01
      vertex   3.217818e+02 3.551662e+01 6.274482e+01
      vertex   3.216235e+02 3.645352e+01 6.252805e+01
    endloop
  endfacet
  facet normal 5.318580e-01 3.240692e-01 7.823722e-01
    outer loop
      vertex   3.216235e+02 3.557277e+01 6.289287e+01
      vertex   3.216235e+02 3.645352e+01 6.252805e+01
      vertex   3.214339e+02 3.650242e+01 6.263670e+01
    endloop
  endfacet
  facet normal 5.318580e-01 3.707164e-01 7.613780e-01
    outer loop
      vertex   3.214339e+02 3.650242e+01 6.263670e+01
      vertex   3.216235e+02 3.645352e+01 6.252805e+01
      vertex   3.214339e+02 3.736600e+01 6.221621e+01
    endloop
  endfacet
  facet normal 3.301448e-01 4.132222e-01 8.486765e-01
    outer loop
      vertex   3.214339e+02 3.650242e+01 6.263670e+01
      vertex   3.214339e+02 3.736600e+01 6.221621e+01
      vertex   3.212225e+02 3.740038e+01 6.228170e+01
    endloop
  endfacet
  facet normal 3.301448e-01 4.637101e-01 8.221784e-01
    outer loop
      vertex   3.212225e+02 3.740038e+01 6.228170e+01
      vertex   3.214339e+02 3.736600e+01 6.221621e+01
      vertex   3.212225e+02 3.824089e+01 6.180765e+01
    endloop
  endfacet
  facet normal 9.939197e-01 2.401908e-02 1.074552e-01
    outer loop
      vertex   3.220000e+02 3.278718e+01 6.287091e+01
      vertex   3.220000e+02 3.370680e+01 6.266535e+01
      vertex   3.219749e+02 3.361944e+01 6.291679e+01
    endloop
  endfacet
  facet normal 9.934951e-01 3.057895e-02 1.096921e-01
    outer loop
      vertex   3.219749e+02 3.361944e+01 6.291679e+01
      vertex   3.220000e+02 3.370680e+01 6.266535e+01
      vertex   3.219749e+02 3.450520e+01 6.266986e+01
    endloop
  endfacet
  facet normal 9.438363e-01 8.872652e-02 3.182775e-01
    outer loop
      vertex   3.219749e+02 3.361944e+01 6.291679e+01
      vertex   3.219749e+02 3.450520e+01 6.266986e+01
      vertex   3.219010e+02 3.456808e+01 6.287166e+01
    endloop
  endfacet
  facet normal 9.438363e-01 1.077818e-01 3.123397e-01
    outer loop
      vertex   3.219010e+02 3.456808e+01 6.287166e+01
      vertex   3.219749e+02 3.450520e+01 6.266986e+01
      vertex   3.219010e+02 3.544939e+01 6.256754e+01
    endloop
  endfacet
  facet normal 8.466148e-01 1.736071e-01 5.030944e-01
    outer loop
      vertex   3.219010e+02 3.456808e+01 6.287166e+01
      vertex   3.219010e+02 3.544939e+01 6.256754e+01
      vertex   3.217818e+02 3.551662e+01 6.274482e+01
    endloop
  endfacet
  facet normal 8.466148e-01 2.036665e-01 4.916944e-01
    outer loop
      vertex   3.217818e+02 3.551662e+01 6.274482e+01
      vertex   3.219010e+02 3.544939e+01 6.256754e+01
      vertex   3.217818e+02 3.638854e+01 6.238366e+01
    endloop
  endfacet
  facet normal 7.069454e-01 2.706598e-01 6.534305e-01
    outer loop
      vertex   3.217818e+02 3.551662e+01 6.274482e+01
      vertex   3.217818e+02 3.638854e+01 6.238366e+01
      vertex   3.216235e+02 3.645352e+01 6.252805e+01
    endloop
  endfacet
  facet normal 7.069454e-01 3.096191e-01 6.358963e-01
    outer loop
      vertex   3.216235e+02 3.645352e+01 6.252805e+01
      vertex   3.217818e+02 3.638854e+01 6.238366e+01
      vertex   3.216235e+02 3.731064e+01 6.211072e+01
    endloop
  endfacet
  facet normal 5.318580e-01 3.707164e-01 7.613780e-01
    outer loop
      vertex   3.216235e+02 3.645352e+01 6.252805e+01
      vertex   3.216235e+02 3.731064e+01 6.211072e+01
      vertex   3.214339e+02 3.736600e+01 6.221621e+01
    endloop
  endfacet
  facet normal 5.318580e-01 4.160109e-01 7.376056e-01
    outer loop
      vertex   3.214339e+02 3.736600e+01 6.221621e+01
      vertex   3.216235e+02 3.731064e+01 6.211072e+01
      vertex   3.214339e+02 3.820263e+01 6.174436e+01
    endloop
  endfacet
  facet normal 3.301448e-01 4.637101e-01 8.221784e-01
    outer loop
      vertex   3.214339e+02 3.736600e+01 6.221621e+01
      vertex   3.214339e+02 3.820263e+01 6.174436e+01
      vertex   3.212225e+02 3.824089e+01 6.180765e+01
    endloop
  endfacet
  facet normal 3.301448e-01 5.125060e-01 7.926803e-01
    outer loop
      vertex   3.212225e+02 3.824089e+01 6.180765e+01
      vertex   3.214339e+02 3.820263e+01 6.174436e+01
      vertex   3.212225e+02 3.905125e+01 6.128371e+01
    endloop
  endfacet
  facet normal 9.939598e-01 3.061787e-02 1.053874e-01
    outer loop
      vertex   3.220000e+02 3.370680e+01 6.266535e+01
      vertex   3.220000e+02 3.461171e+01 6.240245e+01
      vertex   3.219749e+02 3.450520e+01 6.266986e+01
    endloop
  endfacet
  facet normal 9.934537e-01 3.726403e-02 1.079871e-01
    outer loop
      vertex   3.219749e+02 3.450520e+01 6.266986e+01
      vertex   3.220000e+02 3.461171e+01 6.240245e+01
      vertex   3.219749e+02 3.537444e+01 6.236991e+01
    endloop
  endfacet
  facet normal 9.438363e-01 1.077818e-01 3.123397e-01
    outer loop
      vertex   3.219749e+02 3.450520e+01 6.266986e+01
      vertex   3.219749e+02 3.537444e+01 6.236991e+01
      vertex   3.219010e+02 3.544939e+01 6.256754e+01
    endloop
  endfacet
  facet normal 9.438363e-01 1.264437e-01 3.052621e-01
    outer loop
      vertex   3.219010e+02 3.544939e+01 6.256754e+01
      vertex   3.219749e+02 3.537444e+01 6.236991e+01
      vertex   3.219010e+02 3.631072e+01 6.221076e+01
    endloop
  endfacet
  facet normal 8.466148e-01 2.036665e-01 4.916944e-01
    outer loop
      vertex   3.219010e+02 3.544939e+01 6.256754e+01
      vertex   3.219010e+02 3.631072e+01 6.221076e+01
      vertex   3.217818e+02 3.638854e+01 6.238366e+01
    endloop
  endfacet
  facet normal 8.466148e-01 2.329827e-01 4.785002e-01
    outer loop
      vertex   3.217818e+02 3.638854e+01 6.238366e+01
      vertex   3.219010e+02 3.631072e+01 6.221076e+01
      vertex   3.217818e+02 3.723705e+01 6.197052e+01
    endloop
  endfacet
  facet normal 7.069454e-01 3.096191e-01 6.358963e-01
    outer loop
      vertex   3.217818e+02 3.638854e+01 6.238366e+01
      vertex   3.217818e+02 3.723705e+01 6.197052e+01
      vertex   3.216235e+02 3.731064e+01 6.211072e+01
    endloop
  endfacet
  facet normal 7.069454e-01 3.474487e-01 6.160418e-01
    outer loop
      vertex   3.216235e+02 3.731064e+01 6.211072e+01
      vertex   3.217818e+02 3.723705e+01 6.197052e+01
      vertex   3.216235e+02 3.814099e+01 6.164240e+01
    endloop
  endfacet
  facet normal 5.318580e-01 4.160109e-01 7.376056e-01
    outer loop
      vertex   3.216235e+02 3.731064e+01 6.211072e+01
      vertex   3.216235e+02 3.814099e+01 6.164240e+01
      vertex   3.214339e+02 3.820263e+01 6.174436e+01
    endloop
  endfacet
  facet normal 5.318580e-01 4.597874e-01 7.111417e-01
    outer loop
      vertex   3.214339e+02 3.820263e+01 6.174436e+01
      vertex   3.216235e+02 3.814099e+01 6.164240e+01
      vertex   3.214339e+02 3.900924e+01 6.122285e+01
    endloop
  endfacet
  facet normal 3.301448e-01 5.125060e-01 7.926803e-01
    outer loop
      vertex   3.214339e+02 3.820263e+01 6.174436e+01
      vertex   3.214339e+02 3.900924e+01 6.122285e+01
      vertex   3.212225e+02 3.905125e+01 6.128371e+01
    endloop
  endfacet
  facet normal 3.301448e-01 5.594318e-01 7.602897e-01
    outer loop
      vertex   3.212225e+02 3.905125e+01 6.128371e+01
      vertex   3.214339e+02 3.900924e+01 6.122285e+01
      vertex   3.212225e+02 3.982850e+01 6.071180e+01
    endloop
  endfacet
  facet normal 9.939948e-01 3.706726e-02 1.029583e-01
    outer loop
      vertex   3.220000e+02 3.461171e+01 6.240245e+01
      vertex   3.220000e+02 3.549832e+01 6.208325e+01
      vertex   3.219749e+02 3.537444e+01 6.236991e+01
    endloop
  endfacet
  facet normal 9.934171e-01 4.383782e-02 1.058338e-01
    outer loop
      vertex   3.219749e+02 3.537444e+01 6.236991e+01
      vertex   3.220000e+02 3.549832e+01 6.208325e+01
      vertex   3.219749e+02 3.622397e+01 6.201802e+01
    endloop
  endfacet
  facet normal 9.438363e-01 1.264437e-01 3.052621e-01
    outer loop
      vertex   3.219749e+02 3.537444e+01 6.236991e+01
      vertex   3.219749e+02 3.622397e+01 6.201802e+01
      vertex   3.219010e+02 3.631072e+01 6.221076e+01
    endloop
  endfacet
  facet normal 9.438363e-01 1.446443e-01 2.970707e-01
    outer loop
      vertex   3.219010e+02 3.631072e+01 6.221076e+01
      vertex   3.219749e+02 3.622397e+01 6.201802e+01
      vertex   3.219010e+02 3.714894e+01 6.180263e+01
    endloop
  endfacet
  facet normal 8.466148e-01 2.329827e-01 4.785002e-01
    outer loop
      vertex   3.219010e+02 3.631072e+01 6.221076e+01
      vertex   3.219010e+02 3.714894e+01 6.180263e+01
      vertex   3.217818e+02 3.723705e+01 6.197052e+01
    endloop
  endfacet
  facet normal 8.466148e-01 2.614487e-01 4.635601e-01
    outer loop
      vertex   3.217818e+02 3.723705e+01 6.197052e+01
      vertex   3.219010e+02 3.714894e+01 6.180263e+01
      vertex   3.217818e+02 3.805908e+01 6.150689e+01
    endloop
  endfacet
  facet normal 7.069454e-01 3.474487e-01 6.160418e-01
    outer loop
      vertex   3.217818e+02 3.723705e+01 6.197052e+01
      vertex   3.217818e+02 3.805908e+01 6.150689e+01
      vertex   3.216235e+02 3.814099e+01 6.164240e+01
    endloop
  endfacet
  facet normal 7.069454e-01 3.840105e-01 5.939395e-01
    outer loop
      vertex   3.216235e+02 3.814099e+01 6.164240e+01
      vertex   3.217818e+02 3.805908e+01 6.150689e+01
      vertex   3.216235e+02 3.894156e+01 6.112480e+01
    endloop
  endfacet
  facet normal 5.318580e-01 4.597874e-01 7.111417e-01
    outer loop
      vertex   3.216235e+02 3.814099e+01 6.164240e+01
      vertex   3.216235e+02 3.894156e+01 6.112480e+01
      vertex   3.214339e+02 3.900924e+01 6.122285e+01
    endloop
  endfacet
  facet normal 5.318580e-01 5.018862e-01 6.820830e-01
    outer loop
      vertex   3.214339e+02 3.900924e+01 6.122285e+01
      vertex   3.216235e+02 3.894156e+01 6.112480e+01
      vertex   3.214339e+02 3.978288e+01 6.065358e+01
    endloop
  endfacet
  facet normal 3.301448e-01 5.594318e-01 7.602897e-01
    outer loop
      vertex   3.214339e+02 3.900924e+01 6.122285e+01
      vertex   3.214339e+02 3.978288e+01 6.065358e+01
      vertex   3.212225e+02 3.982850e+01 6.071180e+01
    endloop
  endfacet
  facet normal 3.301448e-01 6.043163e-01 7.251250e-01
    outer loop
      vertex   3.212225e+02 3.982850e+01 6.071180e+01
      vertex   3.214339e+02 3.978288e+01 6.065358e+01
      vertex   3.212225e+02 4.056979e+01 6.009401e+01
    endloop
  endfacet
  facet normal 9.940249e-01 4.335024e-02 1.001765e-01
    outer loop
      vertex   3.220000e+02 3.549832e+01 6.208325e+01
      vertex   3.220000e+02 3.636315e+01 6.170901e+01
      vertex   3.219749e+02 3.622397e+01 6.201802e+01
    endloop
  endfacet
  facet normal 9.933854e-01 5.026784e-02 1.032402e-01
    outer loop
      vertex   3.219749e+02 3.622397e+01 6.201802e+01
      vertex   3.220000e+02 3.636315e+01 6.170901e+01
      vertex   3.219749e+02 3.705071e+01 6.161548e+01
    endloop
  endfacet
  facet normal 9.438363e-01 1.446443e-01 2.970707e-01
    outer loop
      vertex   3.219749e+02 3.622397e+01 6.201802e+01
      vertex   3.219749e+02 3.705071e+01 6.161548e+01
      vertex   3.219010e+02 3.714894e+01 6.180263e+01
    endloop
  endfacet
  facet normal 9.438363e-01 1.623171e-01 2.877953e-01
    outer loop
      vertex   3.219010e+02 3.714894e+01 6.180263e+01
      vertex   3.219749e+02 3.705071e+01 6.161548e+01
      vertex   3.219010e+02 3.796099e+01 6.134463e+01
    endloop
  endfacet
  facet normal 8.466148e-01 2.614487e-01 4.635601e-01
    outer loop
      vertex   3.219010e+02 3.714894e+01 6.180263e+01
      vertex   3.219010e+02 3.796099e+01 6.134463e+01
      vertex   3.217818e+02 3.805908e+01 6.150689e+01
    endloop
  endfacet
  facet normal 8.466148e-01 2.889608e-01 4.469285e-01
    outer loop
      vertex   3.217818e+02 3.805908e+01 6.150689e+01
      vertex   3.219010e+02 3.796099e+01 6.134463e+01
      vertex   3.217818e+02 3.885161e+01 6.099448e+01
    endloop
  endfacet
  facet normal 7.069454e-01 3.840105e-01 5.939395e-01
    outer loop
      vertex   3.217818e+02 3.805908e+01 6.150689e+01
      vertex   3.217818e+02 3.885161e+01 6.099448e+01
      vertex   3.216235e+02 3.894156e+01 6.112480e+01
    endloop
  endfacet
  facet normal 7.069454e-01 4.191711e-01 5.696699e-01
    outer loop
      vertex   3.216235e+02 3.894156e+01 6.112480e+01
      vertex   3.217818e+02 3.885161e+01 6.099448e+01
      vertex   3.216235e+02 3.970941e+01 6.055980e+01
    endloop
  endfacet
  facet normal 5.318580e-01 5.018862e-01 6.820830e-01
    outer loop
      vertex   3.216235e+02 3.894156e+01 6.112480e+01
      vertex   3.216235e+02 3.970941e+01 6.055980e+01
      vertex   3.214339e+02 3.978288e+01 6.065358e+01
    endloop
  endfacet
  facet normal 5.318580e-01 5.421537e-01 6.505355e-01
    outer loop
      vertex   3.214339e+02 3.978288e+01 6.065358e+01
      vertex   3.216235e+02 3.970941e+01 6.055980e+01
      vertex   3.214339e+02 4.052075e+01 6.003865e+01
    endloop
  endfacet
  facet normal 3.301448e-01 6.043163e-01 7.251250e-01
    outer loop
      vertex   3.214339e+02 3.978288e+01 6.065358e+01
      vertex   3.214339e+02 4.052075e+01 6.003865e+01
      vertex   3.212225e+02 4.056979e+01 6.009401e+01
    endloop
  endfacet
  facet normal 3.301448e-01 6.469957e-01 6.873143e-01
    outer loop
      vertex   3.212225e+02 4.056979e+01 6.009401e+01
      vertex   3.214339e+02 4.052075e+01 6.003865e+01
      vertex   3.212225e+02 4.127244e+01 5.943258e+01
    endloop
  endfacet
  facet normal 9.940501e-01 4.945020e-02 9.705149e-02
    outer loop
      vertex   3.220000e+02 3.636315e+01 6.170901e+01
      vertex   3.220000e+02 3.720276e+01 6.128120e+01
      vertex   3.219749e+02 3.705071e+01 6.161548e+01
    endloop
  endfacet
  facet normal 9.933589e-01 5.652224e-02 1.002164e-01
    outer loop
      vertex   3.219749e+02 3.705071e+01 6.161548e+01
      vertex   3.220000e+02 3.720276e+01 6.128120e+01
      vertex   3.219749e+02 3.785164e+01 6.116375e+01
    endloop
  endfacet
  facet normal 9.438363e-01 1.623171e-01 2.877953e-01
    outer loop
      vertex   3.219749e+02 3.705071e+01 6.161548e+01
      vertex   3.219749e+02 3.785164e+01 6.116375e+01
      vertex   3.219010e+02 3.796099e+01 6.134463e+01
    endloop
  endfacet
  facet normal 9.438363e-01 1.793976e-01 2.774698e-01
    outer loop
      vertex   3.219010e+02 3.796099e+01 6.134463e+01
      vertex   3.219749e+02 3.785164e+01 6.116375e+01
      vertex   3.219010e+02 3.874390e+01 6.083844e+01
    endloop
  endfacet
  facet normal 8.466148e-01 2.889608e-01 4.469285e-01
    outer loop
      vertex   3.219010e+02 3.796099e+01 6.134463e+01
      vertex   3.219010e+02 3.874390e+01 6.083844e+01
      vertex   3.217818e+02 3.885161e+01 6.099448e+01
    endloop
  endfacet
  facet normal 8.466148e-01 3.154185e-01 4.286660e-01
    outer loop
      vertex   3.217818e+02 3.885161e+01 6.099448e+01
      vertex   3.219010e+02 3.874390e+01 6.083844e+01
      vertex   3.217818e+02 3.961176e+01 6.043516e+01
    endloop
  endfacet
  facet normal 7.069454e-01 4.191711e-01 5.696699e-01
    outer loop
      vertex   3.217818e+02 3.885161e+01 6.099448e+01
      vertex   3.217818e+02 3.961176e+01 6.043516e+01
      vertex   3.216235e+02 3.970941e+01 6.055980e+01
    endloop
  endfacet
  facet normal 7.069454e-01 4.528021e-01 5.433216e-01
    outer loop
      vertex   3.216235e+02 3.970941e+01 6.055980e+01
      vertex   3.217818e+02 3.961176e+01 6.043516e+01
      vertex   3.216235e+02 4.044175e+01 5.994948e+01
    endloop
  endfacet
  facet normal 5.318580e-01 5.421537e-01 6.505355e-01
    outer loop
      vertex   3.216235e+02 3.970941e+01 6.055980e+01
      vertex   3.216235e+02 4.044175e+01 5.994948e+01
      vertex   3.214339e+02 4.052075e+01 6.003865e+01
    endloop
  endfacet
  facet normal 5.318580e-01 5.804429e-01 6.166142e-01
    outer loop
      vertex   3.214339e+02 4.052075e+01 6.003865e+01
      vertex   3.216235e+02 4.044175e+01 5.994948e+01
      vertex   3.214339e+02 4.122014e+01 5.938029e+01
    endloop
  endfacet
  facet normal 3.301448e-01 6.469957e-01 6.873143e-01
    outer loop
      vertex   3.214339e+02 4.052075e+01 6.003865e+01
      vertex   3.214339e+02 4.122014e+01 5.938029e+01
      vertex   3.212225e+02 4.127244e+01 5.943258e+01
    endloop
  endfacet
  facet normal 3.301448e-01 6.873143e-01 6.469957e-01
    outer loop
      vertex   3.212225e+02 4.127244e+01 5.943258e+01
      vertex   3.214339e+02 4.122014e+01 5.938029e+01
      vertex   3.212225e+02 4.193386e+01 5.872994e+01
    endloop
  endfacet
  facet normal 9.940707e-01 5.535091e-02 9.359328e-02
    outer loop
      vertex   3.220000e+02 3.720276e+01 6.128120e+01
      vertex   3.220000e+02 3.801386e+01 6.080152e+01
      vertex   3.219749e+02 3.785164e+01 6.116375e+01
    endloop
  endfacet
  facet normal 9.933376e-01 6.256998e-02 9.677543e-02
    outer loop
      vertex   3.219749e+02 3.785164e+01 6.116375e+01
      vertex   3.220000e+02 3.801386e+01 6.080152e+01
      vertex   3.219749e+02 3.862383e+01 6.066449e+01
    endloop
  endfacet
  facet normal 9.438363e-01 1.793976e-01 2.774698e-01
    outer loop
      vertex   3.219749e+02 3.785164e+01 6.116375e+01
      vertex   3.219749e+02 3.862383e+01 6.066449e+01
      vertex   3.219010e+02 3.874390e+01 6.083844e+01
    endloop
  endfacet
  facet normal 9.438363e-01 1.958235e-01 2.661318e-01
    outer loop
      vertex   3.219010e+02 3.874390e+01 6.083844e+01
      vertex   3.219749e+02 3.862383e+01 6.066449e+01
      vertex   3.219010e+02 3.949482e+01 6.028590e+01
    endloop
  endfacet
  facet normal 8.466148e-01 3.154185e-01 4.286660e-01
    outer loop
      vertex   3.219010e+02 3.874390e+01 6.083844e+01
      vertex   3.219010e+02 3.949482e+01 6.028590e+01
      vertex   3.217818e+02 3.961176e+01 6.043516e+01
    endloop
  endfacet
  facet normal 8.466148e-01 3.407252e-01 4.088395e-01
    outer loop
      vertex   3.217818e+02 3.961176e+01 6.043516e+01
      vertex   3.219010e+02 3.949482e+01 6.028590e+01
      vertex   3.217818e+02 4.033675e+01 5.983095e+01
    endloop
  endfacet
  facet normal 7.069454e-01 4.528021e-01 5.433216e-01
    outer loop
      vertex   3.217818e+02 3.961176e+01 6.043516e+01
      vertex   3.217818e+02 4.033675e+01 5.983095e+01
      vertex   3.216235e+02 4.044175e+01 5.994948e+01
    endloop
  endfacet
  facet normal 7.069454e-01 4.847809e-01 5.149909e-01
    outer loop
      vertex   3.216235e+02 4.044175e+01 5.994948e+01
      vertex   3.217818e+02 4.033675e+01 5.983095e+01
      vertex   3.216235e+02 4.113590e+01 5.929604e+01
    endloop
  endfacet
  facet normal 5.318580e-01 5.804429e-01 6.166142e-01
    outer loop
      vertex   3.216235e+02 4.044175e+01 5.994948e+01
      vertex   3.216235e+02 4.113590e+01 5.929604e+01
      vertex   3.214339e+02 4.122014e+01 5.938029e+01
    endloop
  endfacet
  facet normal 5.318580e-01 6.166142e-01 5.804429e-01
    outer loop
      vertex   3.214339e+02 4.122014e+01 5.938029e+01
      vertex   3.216235e+02 4.113590e+01 5.929604e+01
      vertex   3.214339e+02 4.187850e+01 5.868090e+01
    endloop
  endfacet
  facet normal 3.301448e-01 6.873143e-01 6.469957e-01
    outer loop
      vertex   3.214339e+02 4.122014e+01 5.938029e+01
      vertex   3.214339e+02 4.187850e+01 5.868090e+01
      vertex   3.212225e+02 4.193386e+01 5.872994e+01
    endloop
  endfacet
  facet normal 3.301448e-01 7.251250e-01 6.043163e-01
    outer loop
      vertex   3.212225e+02 4.193386e+01 5.872994e+01
      vertex   3.214339e+02 4.187850e+01 5.868090e+01
      vertex   3.212225e+02 4.255166e+01 5.798864e+01
    endloop
  endfacet
  facet normal 9.940866e-01 6.103659e-02 8.981261e-02
    outer loop
      vertex   3.220000e+02 3.801386e+01 6.080152e+01
      vertex   3.220000e+02 3.879324e+01 6.027186e+01
      vertex   3.219749e+02 3.862383e+01 6.066449e+01
    endloop
  endfacet
  facet normal 9.933215e-01 6.838103e-02 9.293250e-02
    outer loop
      vertex   3.219749e+02 3.862383e+01 6.066449e+01
      vertex   3.220000e+02 3.879324e+01 6.027186e+01
      vertex   3.219749e+02 3.936447e+01 6.011952e+01
    endloop
  endfacet
  facet normal 9.438363e-01 1.958235e-01 2.661318e-01
    outer loop
      vertex   3.219749e+02 3.862383e+01 6.066449e+01
      vertex   3.219749e+02 3.936447e+01 6.011952e+01
      vertex   3.219010e+02 3.949482e+01 6.028590e+01
    endloop
  endfacet
  facet normal 9.438363e-01 2.115349e-01 2.538227e-01
    outer loop
      vertex   3.219010e+02 3.949482e+01 6.028590e+01
      vertex   3.219749e+02 3.936447e+01 6.011952e+01
      vertex   3.219010e+02 4.021101e+01 5.968903e+01
    endloop
  endfacet
  facet normal 8.466148e-01 3.407252e-01 4.088395e-01
    outer loop
      vertex   3.219010e+02 3.949482e+01 6.028590e+01
      vertex   3.219010e+02 4.021101e+01 5.968903e+01
      vertex   3.217818e+02 4.033675e+01 5.983095e+01
    endloop
  endfacet
  facet normal 8.466148e-01 3.647887e-01 3.875211e-01
    outer loop
      vertex   3.217818e+02 4.033675e+01 5.983095e+01
      vertex   3.219010e+02 4.021101e+01 5.968903e+01
      vertex   3.217818e+02 4.102393e+01 5.918408e+01
    endloop
  endfacet
  facet normal 7.069454e-01 4.847809e-01 5.149909e-01
    outer loop
      vertex   3.217818e+02 4.033675e+01 5.983095e+01
      vertex   3.217818e+02 4.102393e+01 5.918408e+01
      vertex   3.216235e+02 4.113590e+01 5.929604e+01
    endloop
  endfacet
  facet normal 7.069454e-01 5.149909e-01 4.847809e-01
    outer loop
      vertex   3.216235e+02 4.113590e+01 5.929604e+01
      vertex   3.217818e+02 4.102393e+01 5.918408e+01
      vertex   3.216235e+02 4.178933e+01 5.860189e+01
    endloop
  endfacet
  facet normal 5.318580e-01 6.166142e-01 5.804429e-01
    outer loop
      vertex   3.216235e+02 4.113590e+01 5.929604e+01
      vertex   3.216235e+02 4.178933e+01 5.860189e+01
      vertex   3.214339e+02 4.187850e+01 5.868090e+01
    endloop
  endfacet
  facet normal 5.318580e-01 6.505355e-01 5.421537e-01
    outer loop
      vertex   3.214339e+02 4.187850e+01 5.868090e+01
      vertex   3.216235e+02 4.178933e+01 5.860189e+01
      vertex   3.214339e+02 4.249344e+01 5.794303e+01
    endloop
  endfacet
  facet normal 3.301448e-01 7.251250e-01 6.043163e-01
    outer loop
      vertex   3.214339e+02 4.187850e+01 5.868090e+01
      vertex   3.214339e+02 4.249344e+01 5.794303e+01
      vertex   3.212225e+02 4.255166e+01 5.798864e+01
    endloop
  endfacet
  facet normal 3.301448e-01 7.602897e-01 5.594318e-01
    outer loop
      vertex   3.212225e+02 4.255166e+01 5.798864e+01
      vertex   3.214339e+02 4.249344e+01 5.794303e+01
      vertex   3.212225e+02 4.312356e+01 5.721140e+01
    endloop
  endfacet
  facet normal 9.940980e-01 6.649190e-02 8.572084e-02
    outer loop
      vertex   3.220000e+02 3.879324e+01 6.027186e+01
      vertex   3.220000e+02 3.953782e+01 5.969430e+01
      vertex   3.219749e+02 3.936447e+01 6.011952e+01
    endloop
  endfacet
  facet normal 9.933107e-01 7.392660e-02 8.870524e-02
    outer loop
      vertex   3.219749e+02 3.936447e+01 6.011952e+01
      vertex   3.220000e+02 3.953782e+01 5.969430e+01
      vertex   3.219749e+02 4.007085e+01 5.953083e+01
    endloop
  endfacet
  facet normal 9.438363e-01 2.115349e-01 2.538227e-01
    outer loop
      vertex   3.219749e+02 3.936447e+01 6.011952e+01
      vertex   3.219749e+02 4.007085e+01 5.953083e+01
      vertex   3.219010e+02 4.021101e+01 5.968903e+01
    endloop
  endfacet
  facet normal 9.438363e-01 2.264744e-01 2.405875e-01
    outer loop
      vertex   3.219010e+02 4.021101e+01 5.968903e+01
      vertex   3.219749e+02 4.007085e+01 5.953083e+01
      vertex   3.219010e+02 4.088986e+01 5.905001e+01
    endloop
  endfacet
  facet normal 8.466148e-01 3.647887e-01 3.875211e-01
    outer loop
      vertex   3.219010e+02 4.021101e+01 5.968903e+01
      vertex   3.219010e+02 4.088986e+01 5.905001e+01
      vertex   3.217818e+02 4.102393e+01 5.918408e+01
    endloop
  endfacet
  facet normal 8.466148e-01 3.875211e-01 3.647887e-01
    outer loop
      vertex   3.217818e+02 4.102393e+01 5.918408e+01
      vertex   3.219010e+02 4.088986e+01 5.905001e+01
      vertex   3.217818e+02 4.167081e+01 5.849689e+01
    endloop
  endfacet
  facet normal 7.069454e-01 5.149909e-01 4.847809e-01
    outer loop
      vertex   3.217818e+02 4.102393e+01 5.918408e+01
      vertex   3.217818e+02 4.167081e+01 5.849689e+01
      vertex   3.216235e+02 4.178933e+01 5.860189e+01
    endloop
  endfacet
  facet normal 7.069454e-01 5.433216e-01 4.528021e-01
    outer loop
      vertex   3.216235e+02 4.178933e+01 5.860189e+01
      vertex   3.217818e+02 4.167081e+01 5.849689e+01
      vertex   3.216235e+02 4.239965e+01 5.786956e+01
    endloop
  endfacet
  facet normal 5.318580e-01 6.505355e-01 5.421537e-01
    outer loop
      vertex   3.216235e+02 4.178933e+01 5.860189e+01
      vertex   3.216235e+02 4.239965e+01 5.786956e+01
      vertex   3.214339e+02 4.249344e+01 5.794303e+01
    endloop
  endfacet
  facet normal 5.318580e-01 6.820830e-01 5.018862e-01
    outer loop
      vertex   3.214339e+02 4.249344e+01 5.794303e+01
      vertex   3.216235e+02 4.239965e+01 5.786956e+01
      vertex   3.214339e+02 4.306270e+01 5.716938e+01
    endloop
  endfacet
  facet normal 3.301448e-01 7.602897e-01 5.594318e-01
    outer loop
      vertex   3.214339e+02 4.249344e+01 5.794303e+01
      vertex   3.214339e+02 4.306270e+01 5.716938e+01
      vertex   3.212225e+02 4.312356e+01 5.721140e+01
    endloop
  endfacet
  facet normal 3.301448e-01 7.926803e-01 5.125060e-01
    outer loop
      vertex   3.212225e+02 4.312356e+01 5.721140e+01
      vertex   3.214339e+02 4.306270e+01 5.716938e+01
      vertex   3.212225e+02 4.364750e+01 5.640104e+01
    endloop
  endfacet
  facet normal 9.941048e-01 7.170202e-02 8.132998e-02
    outer loop
      vertex   3.220000e+02 3.953782e+01 5.969430e+01
      vertex   3.220000e+02 4.024466e+01 5.907113e+01
      vertex   3.219749e+02 4.007085e+01 5.953083e+01
    endloop
  endfacet
  facet normal 9.933054e-01 7.917935e-02 8.411354e-02
    outer loop
      vertex   3.219749e+02 4.007085e+01 5.953083e+01
      vertex   3.220000e+02 4.024466e+01 5.907113e+01
      vertex   3.219749e+02 4.074040e+01 5.890055e+01
    endloop
  endfacet
  facet normal 9.438363e-01 2.264744e-01 2.405875e-01
    outer loop
      vertex   3.219749e+02 4.007085e+01 5.953083e+01
      vertex   3.219749e+02 4.074040e+01 5.890055e+01
      vertex   3.219010e+02 4.088986e+01 5.905001e+01
    endloop
  endfacet
  facet normal 9.438363e-01 2.405875e-01 2.264744e-01
    outer loop
      vertex   3.219010e+02 4.088986e+01 5.905001e+01
      vertex   3.219749e+02 4.074040e+01 5.890055e+01
      vertex   3.219010e+02 4.152888e+01 5.837116e+01
    endloop
  endfacet
  facet normal 8.466148e-01 3.875211e-01 3.647887e-01
    outer loop
      vertex   3.219010e+02 4.088986e+01 5.905001e+01
      vertex   3.219010e+02 4.152888e+01 5.837116e+01
      vertex   3.217818e+02 4.167081e+01 5.849689e+01
    endloop
  endfacet
  facet normal 8.466148e-01 4.088395e-01 3.407252e-01
    outer loop
      vertex   3.217818e+02 4.167081e+01 5.849689e+01
      vertex   3.219010e+02 4.152888e+01 5.837116e+01
      vertex   3.217818e+02 4.227501e+01 5.777191e+01
    endloop
  endfacet
  facet normal 7.069454e-01 5.433216e-01 4.528021e-01
    outer loop
      vertex   3.217818e+02 4.167081e+01 5.849689e+01
      vertex   3.217818e+02 4.227501e+01 5.777191e+01
      vertex   3.216235e+02 4.239965e+01 5.786956e+01
    endloop
  endfacet
  facet normal 7.069454e-01 5.696699e-01 4.191711e-01
    outer loop
      vertex   3.216235e+02 4.239965e+01 5.786956e+01
      vertex   3.217818e+02 4.227501e+01 5.777191e+01
      vertex   3.216235e+02 4.296465e+01 5.710171e+01
    endloop
  endfacet
  facet normal 5.318580e-01 6.820830e-01 5.018862e-01
    outer loop
      vertex   3.216235e+02 4.239965e+01 5.786956e+01
      vertex   3.216235e+02 4.296465e+01 5.710171e+01
      vertex   3.214339e+02 4.306270e+01 5.716938e+01
    endloop
  endfacet
  facet normal 5.318580e-01 7.111417e-01 4.597874e-01
    outer loop
      vertex   3.214339e+02 4.306270e+01 5.716938e+01
      vertex   3.216235e+02 4.296465e+01 5.710171e+01
      vertex   3.214339e+02 4.358421e+01 5.636278e+01
    endloop
  endfacet
  facet normal 3.301448e-01 7.926803e-01 5.125060e-01
    outer loop
      vertex   3.214339e+02 4.306270e+01 5.716938e+01
      vertex   3.214339e+02 4.358421e+01 5.636278e+01
      vertex   3.212225e+02 4.364750e+01 5.640104e+01
    endloop
  endfacet
  facet normal 3.301448e-01 8.221784e-01 4.637101e-01
    outer loop
      vertex   3.212225e+02 4.364750e+01 5.640104e+01
      vertex   3.214339e+02 4.358421e+01 5.636278e+01
      vertex   3.212225e+02 4.412155e+01 5.556052e+01
    endloop
  endfacet
  facet normal 9.941070e-01 7.665264e-02 7.665264e-02
    outer loop
      vertex   3.220000e+02 4.024466e+01 5.907113e+01
      vertex   3.220000e+02 4.091099e+01 5.840481e+01
      vertex   3.219749e+02 4.074040e+01 5.890055e+01
    endloop
  endfacet
  facet normal 9.933054e-01 8.411354e-02 7.917935e-02
    outer loop
      vertex   3.219749e+02 4.074040e+01 5.890055e+01
      vertex   3.220000e+02 4.091099e+01 5.840481e+01
      vertex   3.219749e+02 4.137068e+01 5.823100e+01
    endloop
  endfacet
  facet normal 9.438363e-01 2.405875e-01 2.264744e-01
    outer loop
      vertex   3.219749e+02 4.074040e+01 5.890055e+01
      vertex   3.219749e+02 4.137068e+01 5.823100e+01
      vertex   3.219010e+02 4.152888e+01 5.837116e+01
    endloop
  endfacet
  facet normal 9.438363e-01 2.538227e-01 2.115349e-01
    outer loop
      vertex   3.219010e+02 4.152888e+01 5.837116e+01
      vertex   3.219749e+02 4.137068e+01 5.823100e+01
      vertex   3.219010e+02 4.212575e+01 5.765497e+01
    endloop
  endfacet
  facet normal 8.466148e-01 4.088395e-01 3.407252e-01
    outer loop
      vertex   3.219010e+02 4.152888e+01 5.837116e+01
      vertex   3.219010e+02 4.212575e+01 5.765497e+01
      vertex   3.217818e+02 4.227501e+01 5.777191e+01
    endloop
  endfacet
  facet normal 8.466148e-01 4.286660e-01 3.154185e-01
    outer loop
      vertex   3.217818e+02 4.227501e+01 5.777191e+01
      vertex   3.219010e+02 4.212575e+01 5.765497e+01
      vertex   3.217818e+02 4.283434e+01 5.701176e+01
    endloop
  endfacet
  facet normal 7.069454e-01 5.696699e-01 4.191711e-01
    outer loop
      vertex   3.217818e+02 4.227501e+01 5.777191e+01
      vertex   3.217818e+02 4.283434e+01 5.701176e+01
      vertex   3.216235e+02 4.296465e+01 5.710171e+01
    endloop
  endfacet
  facet normal 7.069454e-01 5.939395e-01 3.840105e-01
    outer loop
      vertex   3.216235e+02 4.296465e+01 5.710171e+01
      vertex   3.217818e+02 4.283434e+01 5.701176e+01
      vertex   3.216235e+02 4.348225e+01 5.630114e+01
    endloop
  endfacet
  facet normal 5.318580e-01 7.111417e-01 4.597874e-01
    outer loop
      vertex   3.216235e+02 4.296465e+01 5.710171e+01
      vertex   3.216235e+02 4.348225e+01 5.630114e+01
      vertex   3.214339e+02 4.358421e+01 5.636278e+01
    endloop
  endfacet
  facet normal 5.318580e-01 7.376056e-01 4.160109e-01
    outer loop
      vertex   3.214339e+02 4.358421e+01 5.636278e+01
      vertex   3.216235e+02 4.348225e+01 5.630114e+01
      vertex   3.214339e+02 4.405606e+01 5.552615e+01
    endloop
  endfacet
  facet normal 3.301448e-01 8.221784e-01 4.637101e-01
    outer loop
      vertex   3.214339e+02 4.358421e+01 5.636278e+01
      vertex   3.214339e+02 4.405606e+01 5.552615e+01
      vertex   3.212225e+02 4.412155e+01 5.556052e+01
    endloop
  endfacet
  facet normal 3.301448e-01 8.486765e-01 4.132222e-01
    outer loop
      vertex   3.212225e+02 4.412155e+01 5.556052e+01
      vertex   3.214339e+02 4.405606e+01 5.552615e+01
      vertex   3.212225e+02 4.454399e+01 5.469292e+01
    endloop
  endfacet
  facet normal 9.941048e-01 8.132998e-02 7.170202e-02
    outer loop
      vertex   3.220000e+02 4.091099e+01 5.840481e+01
      vertex   3.220000e+02 4.153415e+01 5.769796e+01
      vertex   3.219749e+02 4.137068e+01 5.823100e+01
    endloop
  endfacet
  facet normal 9.933107e-01 8.870524e-02 7.392660e-02
    outer loop
      vertex   3.219749e+02 4.137068e+01 5.823100e+01
      vertex   3.220000e+02 4.153415e+01 5.769796e+01
      vertex   3.219749e+02 4.195937e+01 5.752462e+01
    endloop
  endfacet
  facet normal 9.438363e-01 2.538227e-01 2.115349e-01
    outer loop
      vertex   3.219749e+02 4.137068e+01 5.823100e+01
      vertex   3.219749e+02 4.195937e+01 5.752462e+01
      vertex   3.219010e+02 4.212575e+01 5.765497e+01
    endloop
  endfacet
  facet normal 9.438363e-01 2.661318e-01 1.958235e-01
    outer loop
      vertex   3.219010e+02 4.212575e+01 5.765497e+01
      vertex   3.219749e+02 4.195937e+01 5.752462e+01
      vertex   3.219010e+02 4.267829e+01 5.690405e+01
    endloop
  endfacet
  facet normal 8.466148e-01 4.286660e-01 3.154185e-01
    outer loop
      vertex   3.219010e+02 4.212575e+01 5.765497e+01
      vertex   3.219010e+02 4.267829e+01 5.690405e+01
      vertex   3.217818e+02 4.283434e+01 5.701176e+01
    endloop
  endfacet
  facet normal 8.466148e-01 4.469285e-01 2.889608e-01
    outer loop
      vertex   3.217818e+02 4.283434e+01 5.701176e+01
      vertex   3.219010e+02 4.267829e+01 5.690405e+01
      vertex   3.217818e+02 4.334675e+01 5.621923e+01
    endloop
  endfacet
  facet normal 7.069454e-01 5.939395e-01 3.840105e-01
    outer loop
      vertex   3.217818e+02 4.283434e+01 5.701176e+01
      vertex   3.217818e+02 4.334675e+01 5.621923e+01
      vertex   3.216235e+02 4.348225e+01 5.630114e+01
    endloop
  endfacet
  facet normal 7.069454e-01 6.160418e-01 3.474487e-01
    outer loop
      vertex   3.216235e+02 4.348225e+01 5.630114e+01
      vertex   3.217818e+02 4.334675e+01 5.621923e+01
      vertex   3.216235e+02 4.395057e+01 5.547079e+01
    endloop
  endfacet
  facet normal 5.318580e-01 7.376056e-01 4.160109e-01
    outer loop
      vertex   3.216235e+02 4.348225e+01 5.630114e+01
      vertex   3.216235e+02 4.395057e+01 5.547079e+01
      vertex   3.214339e+02 4.405606e+01 5.552615e+01
    endloop
  endfacet
  facet normal 5.318580e-01 7.613780e-01 3.707164e-01
    outer loop
      vertex   3.214339e+02 4.405606e+01 5.552615e+01
      vertex   3.216235e+02 4.395057e+01 5.547079e+01
      vertex   3.214339e+02 4.447655e+01 5.466257e+01
    endloop
  endfacet
  facet normal 3.301448e-01 8.486765e-01 4.132222e-01
    outer loop
      vertex   3.214339e+02 4.405606e+01 5.552615e+01
      vertex   3.214339e+02 4.447655e+01 5.466257e+01
      vertex   3.212225e+02 4.454399e+01 5.469292e+01
    endloop
  endfacet
  facet normal 3.301448e-01 8.720779e-01 3.612265e-01
    outer loop
      vertex   3.212225e+02 4.454399e+01 5.469292e+01
      vertex   3.214339e+02 4.447655e+01 5.466257e+01
      vertex   3.212225e+02 4.491327e+01 5.380139e+01
    endloop
  endfacet
  facet normal 9.940980e-01 8.572084e-02 6.649190e-02
    outer loop
      vertex   3.220000e+02 4.153415e+01 5.769796e+01
      vertex   3.220000e+02 4.211171e+01 5.695338e+01
      vertex   3.219749e+02 4.195937e+01 5.752462e+01
    endloop
  endfacet
  facet normal 9.933215e-01 9.293250e-02 6.838103e-02
    outer loop
      vertex   3.219749e+02 4.195937e+01 5.752462e+01
      vertex   3.220000e+02 4.211171e+01 5.695338e+01
      vertex   3.219749e+02 4.250435e+01 5.678398e+01
    endloop
  endfacet
  facet normal 9.438363e-01 2.661318e-01 1.958235e-01
    outer loop
      vertex   3.219749e+02 4.195937e+01 5.752462e+01
      vertex   3.219749e+02 4.250435e+01 5.678398e+01
      vertex   3.219010e+02 4.267829e+01 5.690405e+01
    endloop
  endfacet
  facet normal 9.438363e-01 2.774698e-01 1.793976e-01
    outer loop
      vertex   3.219010e+02 4.267829e+01 5.690405e+01
      vertex   3.219749e+02 4.250435e+01 5.678398e+01
      vertex   3.219010e+02 4.318448e+01 5.612114e+01
    endloop
  endfacet
  facet normal 8.466148e-01 4.469285e-01 2.889608e-01
    outer loop
      vertex   3.219010e+02 4.267829e+01 5.690405e+01
      vertex   3.219010e+02 4.318448e+01 5.612114e+01
      vertex   3.217818e+02 4.334675e+01 5.621923e+01
    endloop
  endfacet
  facet normal 8.466148e-01 4.635601e-01 2.614487e-01
    outer loop
      vertex   3.217818e+02 4.334675e+01 5.621923e+01
      vertex   3.219010e+02 4.318448e+01 5.612114e+01
      vertex   3.217818e+02 4.381037e+01 5.539720e+01
    endloop
  endfacet
  facet normal 7.069454e-01 6.160418e-01 3.474487e-01
    outer loop
      vertex   3.217818e+02 4.334675e+01 5.621923e+01
      vertex   3.217818e+02 4.381037e+01 5.539720e+01
      vertex   3.216235e+02 4.395057e+01 5.547079e+01
    endloop
  endfacet
  facet normal 7.069454e-01 6.358963e-01 3.096191e-01
    outer loop
      vertex   3.216235e+02 4.395057e+01 5.547079e+01
      vertex   3.217818e+02 4.381037e+01 5.539720e+01
      vertex   3.216235e+02 4.436791e+01 5.461367e+01
    endloop
  endfacet
  facet normal 5.318580e-01 7.613780e-01 3.707164e-01
    outer loop
      vertex   3.216235e+02 4.395057e+01 5.547079e+01
      vertex   3.216235e+02 4.436791e+01 5.461367e+01
      vertex   3.214339e+02 4.447655e+01 5.466257e+01
    endloop
  endfacet
  facet normal 5.318580e-01 7.823722e-01 3.240692e-01
    outer loop
      vertex   3.214339e+02 4.447655e+01 5.466257e+01
      vertex   3.216235e+02 4.436791e+01 5.461367e+01
      vertex   3.214339e+02 4.484412e+01 5.377517e+01
    endloop
  endfacet
  facet normal 3.301448e-01 8.720779e-01 3.612265e-01
    outer loop
      vertex   3.214339e+02 4.447655e+01 5.466257e+01
      vertex   3.214339e+02 4.484412e+01 5.377517e+01
      vertex   3.212225e+02 4.491327e+01 5.380139e+01
    endloop
  endfacet
  facet normal 3.301448e-01 8.922971e-01 3.079127e-01
    outer loop
      vertex   3.212225e+02 4.491327e+01 5.380139e+01
      vertex   3.214339e+02 4.484412e+01 5.377517e+01
      vertex   3.212225e+02 4.522805e+01 5.288919e+01
    endloop
  endfacet
  facet normal 9.940866e-01 8.981261e-02 6.103659e-02
    outer loop
      vertex   3.220000e+02 4.211171e+01 5.695338e+01
      vertex   3.220000e+02 4.264138e+01 5.617401e+01
      vertex   3.219749e+02 4.250435e+01 5.678398e+01
    endloop
  endfacet
  facet normal 9.933376e-01 9.677543e-02 6.256998e-02
    outer loop
      vertex   3.219749e+02 4.250435e+01 5.678398e+01
      vertex   3.220000e+02 4.264138e+01 5.617401e+01
      vertex   3.219749e+02 4.300360e+01 5.601179e+01
    endloop
  endfacet
  facet normal 9.438363e-01 2.774698e-01 1.793976e-01
    outer loop
      vertex   3.219749e+02 4.250435e+01 5.678398e+01
      vertex   3.219749e+02 4.300360e+01 5.601179e+01
      vertex   3.219010e+02 4.318448e+01 5.612114e+01
    endloop
  endfacet
  facet normal 9.438363e-01 2.877953e-01 1.623171e-01
    outer loop
      vertex   3.219010e+02 4.318448e+01 5.612114e+01
      vertex   3.219749e+02 4.300360e+01 5.601179e+01
      vertex   3.219010e+02 4.364248e+01 5.530909e+01
    endloop
  endfacet
  facet normal 8.466148e-01 4.635601e-01 2.614487e-01
    outer loop
      vertex   3.219010e+02 4.318448e+01 5.612114e+01
      vertex   3.219010e+02 4.364248e+01 5.530909e+01
      vertex   3.217818e+02 4.381037e+01 5.539720e+01
    endloop
  endfacet
  facet normal 8.466148e-01 4.785002e-01 2.329827e-01
    outer loop
      vertex   3.217818e+02 4.381037e+01 5.539720e+01
      vertex   3.219010e+02 4.364248e+01 5.530909e+01
      vertex   3.217818e+02 4.422351e+01 5.454868e+01
    endloop
  endfacet
  facet normal 7.069454e-01 6.358963e-01 3.096191e-01
    outer loop
      vertex   3.217818e+02 4.381037e+01 5.539720e+01
      vertex   3.217818e+02 4.422351e+01 5.454868e+01
      vertex   3.216235e+02 4.436791e+01 5.461367e+01
    endloop
  endfacet
  facet normal 7.069454e-01 6.534305e-01 2.706598e-01
    outer loop
      vertex   3.216235e+02 4.436791e+01 5.461367e+01
      vertex   3.217818e+02 4.422351e+01 5.454868e+01
      vertex   3.216235e+02 4.473273e+01 5.373292e+01
    endloop
  endfacet
  facet normal 5.318580e-01 7.823722e-01 3.240692e-01
    outer loop
      vertex   3.216235e+02 4.436791e+01 5.461367e+01
      vertex   3.216235e+02 4.473273e+01 5.373292e+01
      vertex   3.214339e+02 4.484412e+01 5.377517e+01
    endloop
  endfacet
  facet normal 5.318580e-01 8.005116e-01 2.762395e-01
    outer loop
      vertex   3.214339e+02 4.484412e+01 5.377517e+01
      vertex   3.216235e+02 4.473273e+01 5.373292e+01
      vertex   3.214339e+02 4.515744e+01 5.286719e+01
    endloop
  endfacet
  facet normal 3.301448e-01 8.922971e-01 3.079127e-01
    outer loop
      vertex   3.214339e+02 4.484412e+01 5.377517e+01
      vertex   3.214339e+02 4.515744e+01 5.286719e+01
      vertex   3.212225e+02 4.522805e+01 5.288919e+01
    endloop
  endfacet
  facet normal 3.301448e-01 9.092605e-01 2.534754e-01
    outer loop
      vertex   3.212225e+02 4.522805e+01 5.288919e+01
      vertex   3.214339e+02 4.515744e+01 5.286719e+01
      vertex   3.212225e+02 4.548718e+01 5.195966e+01
    endloop
  endfacet
  facet normal 9.940707e-01 9.359328e-02 5.535091e-02
    outer loop
      vertex   3.220000e+02 4.264138e+01 5.617401e+01
      vertex   3.220000e+02 4.312106e+01 5.536291e+01
      vertex   3.219749e+02 4.300360e+01 5.601179e+01
    endloop
  endfacet
  facet normal 9.933589e-01 1.002164e-01 5.652224e-02
    outer loop
      vertex   3.219749e+02 4.300360e+01 5.601179e+01
      vertex   3.220000e+02 4.312106e+01 5.536291e+01
      vertex   3.219749e+02 4.345533e+01 5.521086e+01
    endloop
  endfacet
  facet normal 9.438363e-01 2.877953e-01 1.623171e-01
    outer loop
      vertex   3.219749e+02 4.300360e+01 5.601179e+01
      vertex   3.219749e+02 4.345533e+01 5.521086e+01
      vertex   3.219010e+02 4.364248e+01 5.530909e+01
    endloop
  endfacet
  facet normal 9.438363e-01 2.970707e-01 1.446443e-01
    outer loop
      vertex   3.219010e+02 4.364248e+01 5.530909e+01
      vertex   3.219749e+02 4.345533e+01 5.521086e+01
      vertex   3.219010e+02 4.405061e+01 5.447087e+01
    endloop
  endfacet
  facet normal 8.466148e-01 4.785002e-01 2.329827e-01
    outer loop
      vertex   3.219010e+02 4.364248e+01 5.530909e+01
      vertex   3.219010e+02 4.405061e+01 5.447087e+01
      vertex   3.217818e+02 4.422351e+01 5.454868e+01
    endloop
  endfacet
  facet normal 8.466148e-01 4.916944e-01 2.036665e-01
    outer loop
      vertex   3.217818e+02 4.422351e+01 5.454868e+01
      vertex   3.219010e+02 4.405061e+01 5.447087e+01
      vertex   3.217818e+02 4.458467e+01 5.367677e+01
    endloop
  endfacet
  facet normal 7.069454e-01 6.534305e-01 2.706598e-01
    outer loop
      vertex   3.217818e+02 4.422351e+01 5.454868e+01
      vertex   3.217818e+02 4.458467e+01 5.367677e+01
      vertex   3.216235e+02 4.473273e+01 5.373292e+01
    endloop
  endfacet
  facet normal 7.069454e-01 6.685804e-01 2.307128e-01
    outer loop
      vertex   3.216235e+02 4.473273e+01 5.373292e+01
      vertex   3.217818e+02 4.458467e+01 5.367677e+01
      vertex   3.216235e+02 4.504370e+01 5.283175e+01
    endloop
  endfacet
  facet normal 5.318580e-01 8.005116e-01 2.762395e-01
    outer loop
      vertex   3.216235e+02 4.473273e+01 5.373292e+01
      vertex   3.216235e+02 4.504370e+01 5.283175e+01
      vertex   3.214339e+02 4.515744e+01 5.286719e+01
    endloop
  endfacet
  facet normal 5.318580e-01 8.157300e-01 2.274018e-01
    outer loop
      vertex   3.214339e+02 4.515744e+01 5.286719e+01
      vertex   3.216235e+02 4.504370e+01 5.283175e+01
      vertex   3.214339e+02 4.541537e+01 5.194196e+01
    endloop
  endfacet
  facet normal 3.301448e-01 9.092605e-01 2.534754e-01
    outer loop
      vertex   3.214339e+02 4.515744e+01 5.286719e+01
      vertex   3.214339e+02 4.541537e+01 5.194196e+01
      vertex   3.212225e+02 4.548718e+01 5.195966e+01
    endloop
  endfacet
  facet normal 3.301448e-01 9.229061e-01 1.981131e-01
    outer loop
      vertex   3.212225e+02 4.548718e+01 5.195966e+01
      vertex   3.214339e+02 4.541537e+01 5.194196e+01
      vertex   3.212225e+02 4.568971e+01 5.101617e+01
    endloop
  endfacet
  facet normal 9.940501e-01 9.705149e-02 4.945020e-02
    outer loop
      vertex   3.220000e+02 4.312106e+01 5.536291e+01
      vertex   3.220000e+02 4.354886e+01 5.452329e+01
      vertex   3.219749e+02 4.345533e+01 5.521086e+01
    endloop
  endfacet
  facet normal 9.933854e-01 1.032402e-01 5.026784e-02
    outer loop
      vertex   3.219749e+02 4.345533e+01 5.521086e+01
      vertex   3.220000e+02 4.354886e+01 5.452329e+01
      vertex   3.219749e+02 4.385787e+01 5.438412e+01
    endloop
  endfacet
  facet normal 9.438363e-01 2.970707e-01 1.446443e-01
    outer loop
      vertex   3.219749e+02 4.345533e+01 5.521086e+01
      vertex   3.219749e+02 4.385787e+01 5.438412e+01
      vertex   3.219010e+02 4.405061e+01 5.447087e+01
    endloop
  endfacet
  facet normal 9.438363e-01 3.052621e-01 1.264437e-01
    outer loop
      vertex   3.219010e+02 4.405061e+01 5.447087e+01
      vertex   3.219749e+02 4.385787e+01 5.438412e+01
      vertex   3.219010e+02 4.440739e+01 5.360954e+01
    endloop
  endfacet
  facet normal 8.466148e-01 4.916944e-01 2.036665e-01
    outer loop
      vertex   3.219010e+02 4.405061e+01 5.447087e+01
      vertex   3.219010e+02 4.440739e+01 5.360954e+01
      vertex   3.217818e+02 4.458467e+01 5.367677e+01
    endloop
  endfacet
  facet normal 8.466148e-01 5.030944e-01 1.736071e-01
    outer loop
      vertex   3.217818e+02 4.458467e+01 5.367677e+01
      vertex   3.219010e+02 4.440739e+01 5.360954e+01
      vertex   3.217818e+02 4.489253e+01 5.278464e+01
    endloop
  endfacet
  facet normal 7.069454e-01 6.685804e-01 2.307128e-01
    outer loop
      vertex   3.217818e+02 4.458467e+01 5.367677e+01
      vertex   3.217818e+02 4.489253e+01 5.278464e+01
      vertex   3.216235e+02 4.504370e+01 5.283175e+01
    endloop
  endfacet
  facet normal 7.069454e-01 6.812907e-01 1.899240e-01
    outer loop
      vertex   3.216235e+02 4.504370e+01 5.283175e+01
      vertex   3.217818e+02 4.489253e+01 5.278464e+01
      vertex   3.216235e+02 4.529970e+01 5.191344e+01
    endloop
  endfacet
  facet normal 5.318580e-01 8.157300e-01 2.274018e-01
    outer loop
      vertex   3.216235e+02 4.504370e+01 5.283175e+01
      vertex   3.216235e+02 4.529970e+01 5.191344e+01
      vertex   3.214339e+02 4.541537e+01 5.194196e+01
    endloop
  endfacet
  facet normal 5.318580e-01 8.279719e-01 1.777344e-01
    outer loop
      vertex   3.214339e+02 4.541537e+01 5.194196e+01
      vertex   3.216235e+02 4.529970e+01 5.191344e+01
      vertex   3.214339e+02 4.561697e+01 5.100283e+01
    endloop
  endfacet
  facet normal 3.301448e-01 9.229061e-01 1.981131e-01
    outer loop
      vertex   3.214339e+02 4.541537e+01 5.194196e+01
      vertex   3.214339e+02 4.561697e+01 5.100283e+01
      vertex   3.212225e+02 4.568971e+01 5.101617e+01
    endloop
  endfacet
  facet normal 3.301448e-01 9.331840e-01 1.420280e-01
    outer loop
      vertex   3.212225e+02 4.568971e+01 5.101617e+01
      vertex   3.214339e+02 4.561697e+01 5.100283e+01
      vertex   3.212225e+02 4.583491e+01 5.006217e+01
    endloop
  endfacet
  facet normal 9.940249e-01 1.001765e-01 4.335024e-02
    outer loop
      vertex   3.220000e+02 4.354886e+01 5.452329e+01
      vertex   3.220000e+02 4.392310e+01 5.365847e+01
      vertex   3.219749e+02 4.385787e+01 5.438412e+01
    endloop
  endfacet
  facet normal 9.934171e-01 1.058338e-01 4.383782e-02
    outer loop
      vertex   3.219749e+02 4.385787e+01 5.438412e+01
      vertex   3.220000e+02 4.392310e+01 5.365847e+01
      vertex   3.219749e+02 4.420976e+01 5.353458e+01
    endloop
  endfacet
  facet normal 9.438363e-01 3.052621e-01 1.264437e-01
    outer loop
      vertex   3.219749e+02 4.385787e+01 5.438412e+01
      vertex   3.219749e+02 4.420976e+01 5.353458e+01
      vertex   3.219010e+02 4.440739e+01 5.360954e+01
    endloop
  endfacet
  facet normal 9.438363e-01 3.123397e-01 1.077818e-01
    outer loop
      vertex   3.219010e+02 4.440739e+01 5.360954e+01
      vertex   3.219749e+02 4.420976e+01 5.353458e+01
      vertex   3.219010e+02 4.471151e+01 5.272823e+01
    endloop
  endfacet
  facet normal 8.466148e-01 5.030944e-01 1.736071e-01
    outer loop
      vertex   3.219010e+02 4.440739e+01 5.360954e+01
      vertex   3.219010e+02 4.471151e+01 5.272823e+01
      vertex   3.217818e+02 4.489253e+01 5.278464e+01
    endloop
  endfacet
  facet normal 8.466148e-01 5.126586e-01 1.429143e-01
    outer loop
      vertex   3.217818e+02 4.489253e+01 5.278464e+01
      vertex   3.219010e+02 4.471151e+01 5.272823e+01
      vertex   3.217818e+02 4.514596e+01 5.187555e+01
    endloop
  endfacet
  facet normal 7.069454e-01 6.812907e-01 1.899240e-01
    outer loop
      vertex   3.217818e+02 4.489253e+01 5.278464e+01
      vertex   3.217818e+02 4.514596e+01 5.187555e+01
      vertex   3.216235e+02 4.529970e+01 5.191344e+01
    endloop
  endfacet
  facet normal 7.069454e-01 6.915151e-01 1.484422e-01
    outer loop
      vertex   3.216235e+02 4.529970e+01 5.191344e+01
      vertex   3.217818e+02 4.514596e+01 5.187555e+01
      vertex   3.216235e+02 4.549978e+01 5.098136e+01
    endloop
  endfacet
  facet normal 5.318580e-01 8.279719e-01 1.777344e-01
    outer loop
      vertex   3.216235e+02 4.529970e+01 5.191344e+01
      vertex   3.216235e+02 4.549978e+01 5.098136e+01
      vertex   3.214339e+02 4.561697e+01 5.100283e+01
    endloop
  endfacet
  facet normal 5.318580e-01 8.371927e-01 1.274184e-01
    outer loop
      vertex   3.214339e+02 4.561697e+01 5.100283e+01
      vertex   3.216235e+02 4.549978e+01 5.098136e+01
      vertex   3.214339e+02 4.576149e+01 5.005325e+01
    endloop
  endfacet
  facet normal 3.301448e-01 9.331840e-01 1.420280e-01
    outer loop
      vertex   3.214339e+02 4.561697e+01 5.100283e+01
      vertex   3.214339e+02 4.576149e+01 5.005325e+01
      vertex   3.212225e+02 4.583491e+01 5.006217e+01
    endloop
  endfacet
  facet normal 3.301448e-01 9.400569e-01 8.542463e-02
    outer loop
      vertex   3.212225e+02 4.583491e+01 5.006217e+01
      vertex   3.214339e+02 4.576149e+01 5.005325e+01
      vertex   3.212225e+02 4.592224e+01 4.910115e+01
    endloop
  endfacet
  facet normal 9.939948e-01 1.029583e-01 3.706726e-02
    outer loop
      vertex   3.220000e+02 4.392310e+01 5.365847e+01
      vertex   3.220000e+02 4.424230e+01 5.277186e+01
      vertex   3.219749e+02 4.420976e+01 5.353458e+01
    endloop
  endfacet
  facet normal 9.934537e-01 1.079871e-01 3.726403e-02
    outer loop
      vertex   3.219749e+02 4.420976e+01 5.353458e+01
      vertex   3.220000e+02 4.424230e+01 5.277186e+01
      vertex   3.219749e+02 4.450971e+01 5.266535e+01
    endloop
  endfacet
  facet normal 9.438363e-01 3.123397e-01 1.077818e-01
    outer loop
      vertex   3.219749e+02 4.420976e+01 5.353458e+01
      vertex   3.219749e+02 4.450971e+01 5.266535e+01
      vertex   3.219010e+02 4.471151e+01 5.272823e+01
    endloop
  endfacet
  facet normal 9.438363e-01 3.182775e-01 8.872652e-02
    outer loop
      vertex   3.219010e+02 4.471151e+01 5.272823e+01
      vertex   3.219749e+02 4.450971e+01 5.266535e+01
      vertex   3.219010e+02 4.496186e+01 5.183017e+01
    endloop
  endfacet
  facet normal 8.466148e-01 5.126586e-01 1.429143e-01
    outer loop
      vertex   3.219010e+02 4.471151e+01 5.272823e+01
      vertex   3.219010e+02 4.496186e+01 5.183017e+01
      vertex   3.217818e+02 4.514596e+01 5.187555e+01
    endloop
  endfacet
  facet normal 8.466148e-01 5.203523e-01 1.117000e-01
    outer loop
      vertex   3.217818e+02 4.514596e+01 5.187555e+01
      vertex   3.219010e+02 4.496186e+01 5.183017e+01
      vertex   3.217818e+02 4.534403e+01 5.095282e+01
    endloop
  endfacet
  facet normal 7.069454e-01 6.915151e-01 1.484422e-01
    outer loop
      vertex   3.217818e+02 4.514596e+01 5.187555e+01
      vertex   3.217818e+02 4.534403e+01 5.095282e+01
      vertex   3.216235e+02 4.549978e+01 5.098136e+01
    endloop
  endfacet
  facet normal 7.069454e-01 6.992161e-01 1.064187e-01
    outer loop
      vertex   3.216235e+02 4.549978e+01 5.098136e+01
      vertex   3.217818e+02 4.534403e+01 5.095282e+01
      vertex   3.216235e+02 4.564322e+01 5.003889e+01
    endloop
  endfacet
  facet normal 5.318580e-01 8.371927e-01 1.274184e-01
    outer loop
      vertex   3.216235e+02 4.549978e+01 5.098136e+01
      vertex   3.216235e+02 4.564322e+01 5.003889e+01
      vertex   3.214339e+02 4.576149e+01 5.005325e+01
    endloop
  endfacet
  facet normal 5.318580e-01 8.433586e-01 7.663748e-02
    outer loop
      vertex   3.214339e+02 4.576149e+01 5.005325e+01
      vertex   3.216235e+02 4.564322e+01 5.003889e+01
      vertex   3.214339e+02 4.584841e+01 4.909668e+01
    endloop
  endfacet
  facet normal 3.301448e-01 9.400569e-01 8.542463e-02
    outer loop
      vertex   3.214339e+02 4.576149e+01 5.005325e+01
      vertex   3.214339e+02 4.584841e+01 4.909668e+01
      vertex   3.212225e+02 4.592224e+01 4.910115e+01
    endloop
  endfacet
  facet normal 3.301448e-01 9.434997e-01 2.850955e-02
    outer loop
      vertex   3.212225e+02 4.592224e+01 4.910115e+01
      vertex   3.214339e+02 4.584841e+01 4.909668e+01
      vertex   3.212225e+02 4.595138e+01 4.813660e+01
    endloop
  endfacet
  facet normal 9.939598e-01 1.053874e-01 3.061787e-02
    outer loop
      vertex   3.220000e+02 4.424230e+01 5.277186e+01
      vertex   3.220000e+02 4.450520e+01 5.186695e+01
      vertex   3.219749e+02 4.450971e+01 5.266535e+01
    endloop
  endfacet
  facet normal 9.934951e-01 1.096921e-01 3.057895e-02
    outer loop
      vertex   3.219749e+02 4.450971e+01 5.266535e+01
      vertex   3.220000e+02 4.450520e+01 5.186695e+01
      vertex   3.219749e+02 4.475664e+01 5.177959e+01
    endloop
  endfacet
  facet normal 9.438363e-01 3.182775e-01 8.872652e-02
    outer loop
      vertex   3.219749e+02 4.450971e+01 5.266535e+01
      vertex   3.219749e+02 4.475664e+01 5.177959e+01
      vertex   3.219010e+02 4.496186e+01 5.183017e+01
    endloop
  endfacet
  facet normal 9.438363e-01 3.230540e-01 6.934752e-02
    outer loop
      vertex   3.219010e+02 4.496186e+01 5.183017e+01
      vertex   3.219749e+02 4.475664e+01 5.177959e+01
      vertex   3.219010e+02 4.515753e+01 5.091864e+01
    endloop
  endfacet
  facet normal 8.466148e-01 5.203523e-01 1.117000e-01
    outer loop
      vertex   3.219010e+02 4.496186e+01 5.183017e+01
      vertex   3.219010e+02 4.515753e+01 5.091864e+01
      vertex   3.217818e+02 4.534403e+01 5.095282e+01
    endloop
  endfacet
  facet normal 8.466148e-01 5.261472e-01 8.007813e-02
    outer loop
      vertex   3.217818e+02 4.534403e+01 5.095282e+01
      vertex   3.219010e+02 4.515753e+01 5.091864e+01
      vertex   3.217818e+02 4.548603e+01 5.001981e+01
    endloop
  endfacet
  facet normal 7.069454e-01 6.992161e-01 1.064187e-01
    outer loop
      vertex   3.217818e+02 4.534403e+01 5.095282e+01
      vertex   3.217818e+02 4.548603e+01 5.001981e+01
      vertex   3.216235e+02 4.564322e+01 5.003889e+01
    endloop
  endfacet
  facet normal 7.069454e-01 7.043659e-01 6.400697e-02
    outer loop
      vertex   3.216235e+02 4.564322e+01 5.003889e+01
      vertex   3.217818e+02 4.548603e+01 5.001981e+01
      vertex   3.216235e+02 4.572949e+01 4.908949e+01
    endloop
  endfacet
  facet normal 5.318580e-01 8.433586e-01 7.663748e-02
    outer loop
      vertex   3.216235e+02 4.564322e+01 5.003889e+01
      vertex   3.216235e+02 4.572949e+01 4.908949e+01
      vertex   3.214339e+02 4.584841e+01 4.909668e+01
    endloop
  endfacet
  facet normal 5.318580e-01 8.464472e-01 2.557694e-02
    outer loop
      vertex   3.214339e+02 4.584841e+01 4.909668e+01
      vertex   3.216235e+02 4.572949e+01 4.908949e+01
      vertex   3.214339e+02 4.587743e+01 4.813660e+01
    endloop
  endfacet
  facet normal 3.301448e-01 9.434997e-01 2.850955e-02
    outer loop
      vertex   3.214339e+02 4.584841e+01 4.909668e+01
      vertex   3.214339e+02 4.587743e+01 4.813660e+01
      vertex   3.212225e+02 4.595138e+01 4.813660e+01
    endloop
  endfacet
  facet normal 3.301448e-01 9.434997e-01 -2.850955e-02
    outer loop
      vertex   3.212225e+02 4.595138e+01 4.813660e+01
      vertex   3.214339e+02 4.587743e+01 4.813660e+01
      vertex   3.212225e+02 4.592224e+01 4.717206e+01
    endloop
  endfacet
  facet normal 9.939197e-01 1.074552e-01 2.401908e-02
    outer loop
      vertex   3.220000e+02 4.450520e+01 5.186695e+01
      vertex   3.220000e+02 4.471077e+01 5.094732e+01
      vertex   3.219749e+02 4.475664e+01 5.177959e+01
    endloop
  endfacet
  facet normal 9.935413e-01 1.109436e-01 2.381540e-02
    outer loop
      vertex   3.219749e+02 4.475664e+01 5.177959e+01
      vertex   3.220000e+02 4.471077e+01 5.094732e+01
      vertex   3.219749e+02 4.494963e+01 5.088054e+01
    endloop
  endfacet
  facet normal 9.438363e-01 3.230540e-01 6.934752e-02
    outer loop
      vertex   3.219749e+02 4.475664e+01 5.177959e+01
      vertex   3.219749e+02 4.494963e+01 5.088054e+01
      vertex   3.219010e+02 4.515753e+01 5.091864e+01
    endloop
  endfacet
  facet normal 9.438363e-01 3.266517e-01 4.971548e-02
    outer loop
      vertex   3.219010e+02 4.515753e+01 5.091864e+01
      vertex   3.219749e+02 4.494963e+01 5.088054e+01
      vertex   3.219010e+02 4.529781e+01 4.999695e+01
    endloop
  endfacet
  facet normal 8.466148e-01 5.261472e-01 8.007813e-02
    outer loop
      vertex   3.219010e+02 4.515753e+01 5.091864e+01
      vertex   3.219010e+02 4.529781e+01 4.999695e+01
      vertex   3.217818e+02 4.548603e+01 5.001981e+01
    endloop
  endfacet
  facet normal 8.466148e-01 5.300223e-01 4.816406e-02
    outer loop
      vertex   3.217818e+02 4.548603e+01 5.001981e+01
      vertex   3.219010e+02 4.529781e+01 4.999695e+01
      vertex   3.217818e+02 4.557144e+01 4.907993e+01
    endloop
  endfacet
  facet normal 7.069454e-01 7.043659e-01 6.400697e-02
    outer loop
      vertex   3.217818e+02 4.548603e+01 5.001981e+01
      vertex   3.217818e+02 4.557144e+01 4.907993e+01
      vertex   3.216235e+02 4.572949e+01 4.908949e+01
    endloop
  endfacet
  facet normal 7.069454e-01 7.069454e-01 2.136164e-02
    outer loop
      vertex   3.216235e+02 4.572949e+01 4.908949e+01
      vertex   3.217818e+02 4.557144e+01 4.907993e+01
      vertex   3.216235e+02 4.575829e+01 4.813660e+01
    endloop
  endfacet
  facet normal 5.318580e-01 8.464472e-01 2.557694e-02
    outer loop
      vertex   3.216235e+02 4.572949e+01 4.908949e+01
      vertex   3.216235e+02 4.575829e+01 4.813660e+01
      vertex   3.214339e+02 4.587743e+01 4.813660e+01
    endloop
  endfacet
  facet normal 5.318580e-01 8.464472e-01 -2.557694e-02
    outer loop
      vertex   3.214339e+02 4.587743e+01 4.813660e+01
      vertex   3.216235e+02 4.575829e+01 4.813660e+01
      vertex   3.214339e+02 4.584841e+01 4.717653e+01
    endloop
  endfacet
  facet normal 3.301448e-01 9.434997e-01 -2.850955e-02
    outer loop
      vertex   3.214339e+02 4.587743e+01 4.813660e+01
      vertex   3.214339e+02 4.584841e+01 4.717653e+01
      vertex   3.212225e+02 4.592224e+01 4.717206e+01
    endloop
  endfacet
  facet normal 3.301448e-01 9.400569e-01 -8.542463e-02
    outer loop
      vertex   3.212225e+02 4.592224e+01 4.717206e+01
      vertex   3.214339e+02 4.584841e+01 4.717653e+01
      vertex   3.212225e+02 4.583491e+01 4.621104e+01
    endloop
  endfacet
  facet normal 9.938745e-01 1.091537e-01 1.728824e-02
    outer loop
      vertex   3.220000e+02 4.471077e+01 5.094732e+01
      vertex   3.220000e+02 4.485818e+01 5.001660e+01
      vertex   3.219749e+02 4.494963e+01 5.088054e+01
    endloop
  endfacet
  facet normal 9.935921e-01 1.117390e-01 1.700636e-02
    outer loop
      vertex   3.219749e+02 4.494963e+01 5.088054e+01
      vertex   3.220000e+02 4.485818e+01 5.001660e+01
      vertex   3.219749e+02 4.508799e+01 4.997148e+01
    endloop
  endfacet
  facet normal 9.438363e-01 3.266517e-01 4.971548e-02
    outer loop
      vertex   3.219749e+02 4.494963e+01 5.088054e+01
      vertex   3.219749e+02 4.508799e+01 4.997148e+01
      vertex   3.219010e+02 4.529781e+01 4.999695e+01
    endloop
  endfacet
  facet normal 9.438363e-01 3.290575e-01 2.990204e-02
    outer loop
      vertex   3.219010e+02 4.529781e+01 4.999695e+01
      vertex   3.219749e+02 4.508799e+01 4.997148e+01
      vertex   3.219010e+02 4.538218e+01 4.906848e+01
    endloop
  endfacet
  facet normal 8.466148e-01 5.300223e-01 4.816406e-02
    outer loop
      vertex   3.219010e+02 4.529781e+01 4.999695e+01
      vertex   3.219010e+02 4.538218e+01 4.906848e+01
      vertex   3.217818e+02 4.557144e+01 4.907993e+01
    endloop
  endfacet
  facet normal 8.466148e-01 5.319633e-01 1.607424e-02
    outer loop
      vertex   3.217818e+02 4.557144e+01 4.907993e+01
      vertex   3.219010e+02 4.538218e+01 4.906848e+01
      vertex   3.217818e+02 4.559995e+01 4.813660e+01
    endloop
  endfacet
  facet normal 7.069454e-01 7.069454e-01 2.136164e-02
    outer loop
      vertex   3.217818e+02 4.557144e+01 4.907993e+01
      vertex   3.217818e+02 4.559995e+01 4.813660e+01
      vertex   3.216235e+02 4.575829e+01 4.813660e+01
    endloop
  endfacet
  facet normal 7.069454e-01 7.069454e-01 -2.136164e-02
    outer loop
      vertex   3.216235e+02 4.575829e+01 4.813660e+01
      vertex   3.217818e+02 4.559995e+01 4.813660e+01
      vertex   3.216235e+02 4.572949e+01 4.718372e+01
    endloop
  endfacet
  facet normal 5.318580e-01 8.464472e-01 -2.557694e-02
    outer loop
      vertex   3.216235e+02 4.575829e+01 4.813660e+01
      vertex   3.216235e+02 4.572949e+01 4.718372e+01
      vertex   3.214339e+02 4.584841e+01 4.717653e+01
    endloop
  endfacet
  facet normal 5.318580e-01 8.433586e-01 -7.663748e-02
    outer loop
      vertex   3.214339e+02 4.584841e+01 4.717653e+01
      vertex   3.216235e+02 4.572949e+01 4.718372e+01
      vertex   3.214339e+02 4.576149e+01 4.621995e+01
    endloop
  endfacet
  facet normal 3.301448e-01 9.400569e-01 -8.542463e-02
    outer loop
      vertex   3.214339e+02 4.584841e+01 4.717653e+01
      vertex   3.214339e+02 4.576149e+01 4.621995e+01
      vertex   3.212225e+02 4.583491e+01 4.621104e+01
    endloop
  endfacet
  facet normal 3.301448e-01 9.331840e-01 -1.420280e-01
    outer loop
      vertex   3.212225e+02 4.583491e+01 4.621104e+01
      vertex   3.214339e+02 4.576149e+01 4.621995e+01
      vertex   3.212225e+02 4.568971e+01 4.525704e+01
    endloop
  endfacet
  facet normal 9.938240e-01 1.104755e-01 1.044301e-02
    outer loop
      vertex   3.220000e+02 4.485818e+01 5.001660e+01
      vertex   3.220000e+02 4.494686e+01 4.907846e+01
      vertex   3.219749e+02 4.508799e+01 4.997148e+01
    endloop
  endfacet
  facet normal 9.936472e-01 1.120783e-01 1.018475e-02
    outer loop
      vertex   3.219749e+02 4.508799e+01 4.997148e+01
      vertex   3.220000e+02 4.494686e+01 4.907846e+01
      vertex   3.219749e+02 4.517120e+01 4.905572e+01
    endloop
  endfacet
  facet normal 9.438363e-01 3.290575e-01 2.990204e-02
    outer loop
      vertex   3.219749e+02 4.508799e+01 4.997148e+01
      vertex   3.219749e+02 4.517120e+01 4.905572e+01
      vertex   3.219010e+02 4.538218e+01 4.906848e+01
    endloop
  endfacet
  facet normal 9.438363e-01 3.302626e-01 9.979484e-03
    outer loop
      vertex   3.219010e+02 4.538218e+01 4.906848e+01
      vertex   3.219749e+02 4.517120e+01 4.905572e+01
      vertex   3.219010e+02 4.541034e+01 4.813660e+01
    endloop
  endfacet
  facet normal 8.466148e-01 5.319633e-01 1.607424e-02
    outer loop
      vertex   3.219010e+02 4.538218e+01 4.906848e+01
      vertex   3.219010e+02 4.541034e+01 4.813660e+01
      vertex   3.217818e+02 4.559995e+01 4.813660e+01
    endloop
  endfacet
  facet normal 8.466148e-01 5.319633e-01 -1.607424e-02
    outer loop
      vertex   3.217818e+02 4.559995e+01 4.813660e+01
      vertex   3.219010e+02 4.541034e+01 4.813660e+01
      vertex   3.217818e+02 4.557144e+01 4.719328e+01
    endloop
  endfacet
  facet normal 7.069454e-01 7.069454e-01 -2.136164e-02
    outer loop
      vertex   3.217818e+02 4.559995e+01 4.813660e+01
      vertex   3.217818e+02 4.557144e+01 4.719328e+01
      vertex   3.216235e+02 4.572949e+01 4.718372e+01
    endloop
  endfacet
  facet normal 7.069454e-01 7.043659e-01 -6.400697e-02
    outer loop
      vertex   3.216235e+02 4.572949e+01 4.718372e+01
      vertex   3.217818e+02 4.557144e+01 4.719328e+01
      vertex   3.216235e+02 4.564322e+01 4.623432e+01
    endloop
  endfacet
  facet normal 5.318580e-01 8.433586e-01 -7.663748e-02
    outer loop
      vertex   3.216235e+02 4.572949e+01 4.718372e+01
      vertex   3.216235e+02 4.564322e+01 4.623432e+01
      vertex   3.214339e+02 4.576149e+01 4.621995e+01
    endloop
  endfacet
  facet normal 5.318580e-01 8.371927e-01 -1.274184e-01
    outer loop
      vertex   3.214339e+02 4.576149e+01 4.621995e+01
      vertex   3.216235e+02 4.564322e+01 4.623432e+01
      vertex   3.214339e+02 4.561697e+01 4.527037e+01
    endloop
  endfacet
  facet normal 3.301448e-01 9.331840e-01 -1.420280e-01
    outer loop
      vertex   3.214339e+02 4.576149e+01 4.621995e+01
      vertex   3.214339e+02 4.561697e+01 4.527037e+01
      vertex   3.212225e+02 4.568971e+01 4.525704e+01
    endloop
  endfacet
  facet normal 3.301448e-01 9.229061e-01 -1.981131e-01
    outer loop
      vertex   3.212225e+02 4.568971e+01 4.525704e+01
      vertex   3.214339e+02 4.561697e+01 4.527037e+01
      vertex   3.212225e+02 4.548718e+01 4.431355e+01
    endloop
  endfacet
  facet normal 9.937679e-01 1.114142e-01 3.501331e-03
    outer loop
      vertex   3.220000e+02 4.494686e+01 4.907846e+01
      vertex   3.220000e+02 4.497646e+01 4.813660e+01
      vertex   3.219749e+02 4.517120e+01 4.905572e+01
    endloop
  endfacet
  facet normal 9.937065e-01 1.119638e-01 3.383190e-03
    outer loop
      vertex   3.219749e+02 4.517120e+01 4.905572e+01
      vertex   3.220000e+02 4.497646e+01 4.813660e+01
      vertex   3.219749e+02 4.519898e+01 4.813660e+01
    endloop
  endfacet
  facet normal 9.438363e-01 3.302626e-01 9.979484e-03
    outer loop
      vertex   3.219749e+02 4.517120e+01 4.905572e+01
      vertex   3.219749e+02 4.519898e+01 4.813660e+01
      vertex   3.219010e+02 4.541034e+01 4.813660e+01
    endloop
  endfacet
  facet normal 9.438363e-01 3.302626e-01 -9.979484e-03
    outer loop
      vertex   3.219010e+02 4.541034e+01 4.813660e+01
      vertex   3.219749e+02 4.519898e+01 4.813660e+01
      vertex   3.219010e+02 4.538218e+01 4.720473e+01
    endloop
  endfacet
  facet normal 8.466148e-01 5.319633e-01 -1.607424e-02
    outer loop
      vertex   3.219010e+02 4.541034e+01 4.813660e+01
      vertex   3.219010e+02 4.538218e+01 4.720473e+01
      vertex   3.217818e+02 4.557144e+01 4.719328e+01
    endloop
  endfacet
  facet normal 8.466148e-01 5.300223e-01 -4.816406e-02
    outer loop
      vertex   3.217818e+02 4.557144e+01 4.719328e+01
      vertex   3.219010e+02 4.538218e+01 4.720473e+01
      vertex   3.217818e+02 4.548603e+01 4.625340e+01
    endloop
  endfacet
  facet normal 7.069454e-01 7.043659e-01 -6.400697e-02
    outer loop
      vertex   3.217818e+02 4.557144e+01 4.719328e+01
      vertex   3.217818e+02 4.548603e+01 4.625340e+01
      vertex   3.216235e+02 4.564322e+01 4.623432e+01
    endloop
  endfacet
  facet normal 7.069454e-01 6.992161e-01 -1.064187e-01
    outer loop
      vertex   3.216235e+02 4.564322e+01 4.623432e+01
      vertex   3.217818e+02 4.548603e+01 4.625340e+01
      vertex   3.216235e+02 4.549978e+01 4.529185e+01
    endloop
  endfacet
  facet normal 5.318580e-01 8.371927e-01 -1.274184e-01
    outer loop
      vertex   3.216235e+02 4.564322e+01 4.623432e+01
      vertex   3.216235e+02 4.549978e+01 4.529185e+01
      vertex   3.214339e+02 4.561697e+01 4.527037e+01
    endloop
  endfacet
  facet normal 5.318580e-01 8.279719e-01 -1.777344e-01
    outer loop
      vertex   3.214339e+02 4.561697e+01 4.527037e+01
      vertex   3.216235e+02 4.549978e+01 4.529185e+01
      vertex   3.214339e+02 4.541537e+01 4.433125e+01
    endloop
  endfacet
  facet normal 3.301448e-01 9.229061e-01 -1.981131e-01
    outer loop
      vertex   3.214339e+02 4.561697e+01 4.527037e+01
      vertex   3.214339e+02 4.541537e+01 4.433125e+01
      vertex   3.212225e+02 4.548718e+01 4.431355e+01
    endloop
  endfacet
  facet normal 3.301448e-01 9.092605e-01 -2.534754e-01
    outer loop
      vertex   3.212225e+02 4.548718e+01 4.431355e+01
      vertex   3.214339e+02 4.541537e+01 4.433125e+01
      vertex   3.212225e+02 4.522805e+01 4.338401e+01
    endloop
  endfacet
  facet normal 9.937065e-01 1.119638e-01 -3.383190e-03
    outer loop
      vertex   3.219749e+02 4.519898e+01 4.813660e+01
      vertex   3.220000e+02 4.497646e+01 4.813660e+01
      vertex   3.219749e+02 4.517120e+01 4.721749e+01
    endloop
  endfacet
  facet normal 9.937679e-01 1.114142e-01 -3.501331e-03
    outer loop
      vertex   3.219749e+02 4.517120e+01 4.721749e+01
      vertex   3.220000e+02 4.497646e+01 4.813660e+01
      vertex   3.220000e+02 4.494686e+01 4.719475e+01
    endloop
  endfacet
  facet normal 9.936472e-01 1.120783e-01 -1.018475e-02
    outer loop
      vertex   3.219749e+02 4.517120e+01 4.721749e+01
      vertex   3.220000e+02 4.494686e+01 4.719475e+01
      vertex   3.219749e+02 4.508799e+01 4.630173e+01
    endloop
  endfacet
  facet normal 9.938240e-01 1.104755e-01 -1.044301e-02
    outer loop
      vertex   3.219749e+02 4.508799e+01 4.630173e+01
      vertex   3.220000e+02 4.494686e+01 4.719475e+01
      vertex   3.220000e+02 4.485818e+01 4.625661e+01
    endloop
  endfacet
  facet normal 9.935921e-01 1.117390e-01 -1.700636e-02
    outer loop
      vertex   3.219749e+02 4.508799e+01 4.630173e+01
      vertex   3.220000e+02 4.485818e+01 4.625661e+01
      vertex   3.219749e+02 4.494963e+01 4.539267e+01
    endloop
  endfacet
  facet normal 9.938745e-01 1.091537e-01 -1.728824e-02
    outer loop
      vertex   3.219749e+02 4.494963e+01 4.539267e+01
      vertex   3.220000e+02 4.485818e+01 4.625661e+01
      vertex   3.220000e+02 4.471077e+01 4.532588e+01
    endloop
  endfacet
  facet normal 9.935413e-01 1.109436e-01 -2.381540e-02
    outer loop
      vertex   3.219749e+02 4.494963e+01 4.539267e+01
      vertex   3.220000e+02 4.471077e+01 4.532588e+01
      vertex   3.219749e+02 4.475664e+01 4.449362e+01
    endloop
  endfacet
  facet normal 9.939197e-01 1.074552e-01 -2.401908e-02
    outer loop
      vertex   3.219749e+02 4.475664e+01 4.449362e+01
      vertex   3.220000e+02 4.471077e+01 4.532588e+01
      vertex   3.220000e+02 4.450520e+01 4.440626e+01
    endloop
  endfacet
  facet normal 9.934951e-01 1.096921e-01 -3.057895e-02
    outer loop
      vertex   3.219749e+02 4.475664e+01 4.449362e+01
      vertex   3.220000e+02 4.450520e+01 4.440626e+01
      vertex   3.219749e+02 4.450971e+01 4.360786e+01
    endloop
  endfacet
  facet normal 9.939598e-01 1.053874e-01 -3.061787e-02
    outer loop
      vertex   3.219749e+02 4.450971e+01 4.360786e+01
      vertex   3.220000e+02 4.450520e+01 4.440626e+01
      vertex   3.220000e+02 4.424230e+01 4.350135e+01
    endloop
  endfacet
  facet normal 9.934537e-01 1.079871e-01 -3.726403e-02
    outer loop
      vertex   3.219749e+02 4.450971e+01 4.360786e+01
      vertex   3.220000e+02 4.424230e+01 4.350135e+01
      vertex   3.219749e+02 4.420976e+01 4.273862e+01
    endloop
  endfacet
  facet normal 9.939948e-01 1.029583e-01 -3.706726e-02
    outer loop
      vertex   3.219749e+02 4.420976e+01 4.273862e+01
      vertex   3.220000e+02 4.424230e+01 4.350135e+01
      vertex   3.220000e+02 4.392310e+01 4.261474e+01
    endloop
  endfacet
  facet normal 9.934171e-01 1.058338e-01 -4.383782e-02
    outer loop
      vertex   3.219749e+02 4.420976e+01 4.273862e+01
      vertex   3.220000e+02 4.392310e+01 4.261474e+01
      vertex   3.219749e+02 4.385787e+01 4.188909e+01
    endloop
  endfacet
  facet normal 9.940249e-01 1.001765e-01 -4.335024e-02
    outer loop
      vertex   3.219749e+02 4.385787e+01 4.188909e+01
      vertex   3.220000e+02 4.392310e+01 4.261474e+01
      vertex   3.220000e+02 4.354886e+01 4.174992e+01
    endloop
  endfacet
  facet normal 9.933854e-01 1.032402e-01 -5.026784e-02
    outer loop
      vertex   3.219749e+02 4.385787e+01 4.188909e+01
      vertex   3.220000e+02 4.354886e+01 4.174992e+01
      vertex   3.219749e+02 4.345533e+01 4.106235e+01
    endloop
  endfacet
  facet normal 9.940501e-01 9.705149e-02 -4.945020e-02
    outer loop
      vertex   3.219749e+02 4.345533e+01 4.106235e+01
      vertex   3.220000e+02 4.354886e+01 4.174992e+01
      vertex   3.220000e+02 4.312106e+01 4.091030e+01
    endloop
  endfacet
  facet normal 9.933589e-01 1.002164e-01 -5.652224e-02
    outer loop
      vertex   3.219749e+02 4.345533e+01 4.106235e+01
      vertex   3.220000e+02 4.312106e+01 4.091030e+01
      vertex   3.219749e+02 4.300360e+01 4.026142e+01
    endloop
  endfacet
  facet normal 9.940707e-01 9.359328e-02 -5.535091e-02
    outer loop
      vertex   3.219749e+02 4.300360e+01 4.026142e+01
      vertex   3.220000e+02 4.312106e+01 4.091030e+01
      vertex   3.220000e+02 4.264138e+01 4.009920e+01
    endloop
  endfacet
  facet normal 9.933376e-01 9.677543e-02 -6.256998e-02
    outer loop
      vertex   3.219749e+02 4.300360e+01 4.026142e+01
      vertex   3.220000e+02 4.264138e+01 4.009920e+01
      vertex   3.219749e+02 4.250435e+01 3.948923e+01
    endloop
  endfacet
  facet normal 9.940866e-01 8.981261e-02 -6.103659e-02
    outer loop
      vertex   3.219749e+02 4.250435e+01 3.948923e+01
      vertex   3.220000e+02 4.264138e+01 4.009920e+01
      vertex   3.220000e+02 4.211171e+01 3.931983e+01
    endloop
  endfacet
  facet normal 9.933215e-01 9.293250e-02 -6.838103e-02
    outer loop
      vertex   3.219749e+02 4.250435e+01 3.948923e+01
      vertex   3.220000e+02 4.211171e+01 3.931983e+01
      vertex   3.219749e+02 4.195937e+01 3.874859e+01
    endloop
  endfacet
  facet normal 9.940980e-01 8.572084e-02 -6.649190e-02
    outer loop
      vertex   3.219749e+02 4.195937e+01 3.874859e+01
      vertex   3.220000e+02 4.211171e+01 3.931983e+01
      vertex   3.220000e+02 4.153415e+01 3.857524e+01
    endloop
  endfacet
  facet normal 9.933107e-01 8.870524e-02 -7.392660e-02
    outer loop
      vertex   3.219749e+02 4.195937e+01 3.874859e+01
      vertex   3.220000e+02 4.153415e+01 3.857524e+01
      vertex   3.219749e+02 4.137068e+01 3.804221e+01
    endloop
  endfacet
  facet normal 9.941048e-01 8.132998e-02 -7.170202e-02
    outer loop
      vertex   3.219749e+02 4.137068e+01 3.804221e+01
      vertex   3.220000e+02 4.153415e+01 3.857524e+01
      vertex   3.220000e+02 4.091099e+01 3.786840e+01
    endloop
  endfacet
  facet normal 9.933054e-01 8.411354e-02 -7.917935e-02
    outer loop
      vertex   3.219749e+02 4.137068e+01 3.804221e+01
      vertex   3.220000e+02 4.091099e+01 3.786840e+01
      vertex   3.219749e+02 4.074040e+01 3.737266e+01
    endloop
  endfacet
  facet normal 9.941070e-01 7.665264e-02 -7.665264e-02
    outer loop
      vertex   3.219749e+02 4.074040e+01 3.737266e+01
      vertex   3.220000e+02 4.091099e+01 3.786840e+01
      vertex   3.220000e+02 4.024466e+01 3.720208e+01
    endloop
  endfacet
  facet normal 9.933054e-01 7.917935e-02 -8.411354e-02
    outer loop
      vertex   3.219749e+02 4.074040e+01 3.737266e+01
      vertex   3.220000e+02 4.024466e+01 3.720208e+01
      vertex   3.219749e+02 4.007085e+01 3.674238e+01
    endloop
  endfacet
  facet normal 9.941048e-01 7.170202e-02 -8.132998e-02
    outer loop
      vertex   3.219749e+02 4.007085e+01 3.674238e+01
      vertex   3.220000e+02 4.024466e+01 3.720208e+01
      vertex   3.220000e+02 3.953782e+01 3.657891e+01
    endloop
  endfacet
  facet normal 9.933107e-01 7.392660e-02 -8.870524e-02
    outer loop
      vertex   3.219749e+02 4.007085e+01 3.674238e+01
      vertex   3.220000e+02 3.953782e+01 3.657891e+01
      vertex   3.219749e+02 3.936447e+01 3.615369e+01
    endloop
  endfacet
  facet normal 9.940980e-01 6.649190e-02 -8.572084e-02
    outer loop
      vertex   3.219749e+02 3.936447e+01 3.615369e+01
      vertex   3.220000e+02 3.953782e+01 3.657891e+01
      vertex   3.220000e+02 3.879324e+01 3.600135e+01
    endloop
  endfacet
  facet normal 9.933215e-01 6.838103e-02 -9.293250e-02
    outer loop
      vertex   3.219749e+02 3.936447e+01 3.615369e+01
      vertex   3.220000e+02 3.879324e+01 3.600135e+01
      vertex   3.219749e+02 3.862383e+01 3.560872e+01
    endloop
  endfacet
  facet normal 9.940866e-01 6.103659e-02 -8.981261e-02
    outer loop
      vertex   3.219749e+02 3.862383e+01 3.560872e+01
      vertex   3.220000e+02 3.879324e+01 3.600135e+01
      vertex   3.220000e+02 3.801386e+01 3.547169e+01
    endloop
  endfacet
  facet normal 9.933376e-01 6.256998e-02 -9.677543e-02
    outer loop
      vertex   3.219749e+02 3.862383e+01 3.560872e+01
      vertex   3.220000e+02 3.801386e+01 3.547169e+01
      vertex   3.219749e+02 3.785164e+01 3.510946e+01
    endloop
  endfacet
  facet normal 9.940707e-01 5.535091e-02 -9.359328e-02
    outer loop
      vertex   3.219749e+02 3.785164e+01 3.510946e+01
      vertex   3.220000e+02 3.801386e+01 3.547169e+01
      vertex   3.220000e+02 3.720276e+01 3.499200e+01
    endloop
  endfacet
  facet normal 9.933589e-01 5.652224e-02 -1.002164e-01
    outer loop
      vertex   3.219749e+02 3.785164e+01 3.510946e+01
      vertex   3.220000e+02 3.720276e+01 3.499200e+01
      vertex   3.219749e+02 3.705071e+01 3.465773e+01
    endloop
  endfacet
  facet normal 9.940501e-01 4.945020e-02 -9.705149e-02
    outer loop
      vertex   3.219749e+02 3.705071e+01 3.465773e+01
      vertex   3.220000e+02 3.720276e+01 3.499200e+01
      vertex   3.220000e+02 3.636315e+01 3.456420e+01
    endloop
  endfacet
  facet normal 9.933854e-01 5.026784e-02 -1.032402e-01
    outer loop
      vertex   3.219749e+02 3.705071e+01 3.465773e+01
      vertex   3.220000e+02 3.636315e+01 3.456420e+01
      vertex   3.219749e+02 3.622397e+01 3.425519e+01
    endloop
  endfacet
  facet normal 9.940249e-01 4.335024e-02 -1.001765e-01
    outer loop
      vertex   3.219749e+02 3.622397e+01 3.425519e+01
      vertex   3.220000e+02 3.636315e+01 3.456420e+01
      vertex   3.220000e+02 3.549832e+01 3.418996e+01
    endloop
  endfacet
  facet normal 9.934171e-01 4.383782e-02 -1.058338e-01
    outer loop
      vertex   3.219749e+02 3.622397e+01 3.425519e+01
      vertex   3.220000e+02 3.549832e+01 3.418996e+01
      vertex   3.219749e+02 3.537444e+01 3.390330e+01
    endloop
  endfacet
  facet normal 9.939948e-01 3.706726e-02 -1.029583e-01
    outer loop
      vertex   3.219749e+02 3.537444e+01 3.390330e+01
      vertex   3.220000e+02 3.549832e+01 3.418996e+01
      vertex   3.220000e+02 3.461171e+01 3.387076e+01
    endloop
  endfacet
  facet normal 9.934537e-01 3.726403e-02 -1.079871e-01
    outer loop
      vertex   3.219749e+02 3.537444e+01 3.390330e+01
      vertex   3.220000e+02 3.461171e+01 3.387076e+01
      vertex   3.219749e+02 3.450520e+01 3.360335e+01
    endloop
  endfacet
  facet normal 9.939598e-01 3.061787e-02 -1.053874e-01
    outer loop
      vertex   3.219749e+02 3.450520e+01 3.360335e+01
      vertex   3.220000e+02 3.461171e+01 3.387076e+01
      vertex   3.220000e+02 3.370680e+01 3.360786e+01
    endloop
  endfacet
  facet normal 9.934951e-01 3.057895e-02 -1.096921e-01
    outer loop
      vertex   3.219749e+02 3.450520e+01 3.360335e+01
      vertex   3.220000e+02 3.370680e+01 3.360786e+01
      vertex   3.219749e+02 3.361944e+01 3.335642e+01
    endloop
  endfacet
  facet normal 9.939197e-01 2.401908e-02 -1.074552e-01
    outer loop
      vertex   3.219749e+02 3.361944e+01 3.335642e+01
      vertex   3.220000e+02 3.370680e+01 3.360786e+01
      vertex   3.220000e+02 3.278718e+01 3.340230e+01
    endloop
  endfacet
  facet normal 9.935413e-01 2.381540e-02 -1.109436e-01
    outer loop
      vertex   3.219749e+02 3.361944e+01 3.335642e+01
      vertex   3.220000e+02 3.278718e+01 3.340230e+01
      vertex   3.219749e+02 3.272039e+01 3.316343e+01
    endloop
  endfacet
  facet normal 9.938745e-01 1.728824e-02 -1.091537e-01
    outer loop
      vertex   3.219749e+02 3.272039e+01 3.316343e+01
      vertex   3.220000e+02 3.278718e+01 3.340230e+01
      vertex   3.220000e+02 3.185645e+01 3.325488e+01
    endloop
  endfacet
  facet normal 9.935921e-01 1.700636e-02 -1.117390e-01
    outer loop
      vertex   3.219749e+02 3.272039e+01 3.316343e+01
      vertex   3.220000e+02 3.185645e+01 3.325488e+01
      vertex   3.219749e+02 3.181133e+01 3.302507e+01
    endloop
  endfacet
  facet normal 9.938240e-01 1.044301e-02 -1.104755e-01
    outer loop
      vertex   3.219749e+02 3.181133e+01 3.302507e+01
      vertex   3.220000e+02 3.185645e+01 3.325488e+01
      vertex   3.220000e+02 3.091831e+01 3.316620e+01
    endloop
  endfacet
  facet normal 9.936472e-01 1.018475e-02 -1.120783e-01
    outer loop
      vertex   3.219749e+02 3.181133e+01 3.302507e+01
      vertex   3.220000e+02 3.091831e+01 3.316620e+01
      vertex   3.219749e+02 3.089557e+01 3.294186e+01
    endloop
  endfacet
  facet normal 9.937679e-01 3.501331e-03 -1.114142e-01
    outer loop
      vertex   3.219749e+02 3.089557e+01 3.294186e+01
      vertex   3.220000e+02 3.091831e+01 3.316620e+01
      vertex   3.220000e+02 2.997646e+01 3.313660e+01
    endloop
  endfacet
  facet normal 9.937065e-01 3.383190e-03 -1.119638e-01
    outer loop
      vertex   3.219749e+02 3.089557e+01 3.294186e+01
      vertex   3.220000e+02 2.997646e+01 3.313660e+01
      vertex   3.219749e+02 2.997646e+01 3.291408e+01
    endloop
  endfacet
  facet normal 9.937065e-01 -3.383190e-03 -1.119638e-01
    outer loop
      vertex   3.219749e+02 2.997646e+01 3.291408e+01
      vertex   3.220000e+02 2.997646e+01 3.313660e+01
      vertex   3.219749e+02 2.905734e+01 3.294186e+01
    endloop
  endfacet
  facet normal 9.438363e-01 -9.979484e-03 -3.302626e-01
    outer loop
      vertex   3.219749e+02 2.997646e+01 3.291408e+01
      vertex   3.219749e+02 2.905734e+01 3.294186e+01
      vertex   3.219010e+02 2.904458e+01 3.273088e+01
    endloop
  endfacet
  facet normal 9.438363e-01 -2.990204e-02 -3.290575e-01
    outer loop
      vertex   3.219010e+02 2.904458e+01 3.273088e+01
      vertex   3.219749e+02 2.905734e+01 3.294186e+01
      vertex   3.219010e+02 2.811611e+01 3.281525e+01
    endloop
  endfacet
  facet normal 8.466148e-01 -4.816406e-02 -5.300223e-01
    outer loop
      vertex   3.219010e+02 2.904458e+01 3.273088e+01
      vertex   3.219010e+02 2.811611e+01 3.281525e+01
      vertex   3.217818e+02 2.809325e+01 3.262703e+01
    endloop
  endfacet
  facet normal 8.466148e-01 -8.007813e-02 -5.261472e-01
    outer loop
      vertex   3.217818e+02 2.809325e+01 3.262703e+01
      vertex   3.219010e+02 2.811611e+01 3.281525e+01
      vertex   3.217818e+02 2.716024e+01 3.276903e+01
    endloop
  endfacet
  facet normal 7.069454e-01 -1.064187e-01 -6.992161e-01
    outer loop
      vertex   3.217818e+02 2.809325e+01 3.262703e+01
      vertex   3.217818e+02 2.716024e+01 3.276903e+01
      vertex   3.216235e+02 2.713170e+01 3.261328e+01
    endloop
  endfacet
  facet normal 7.069454e-01 -1.484422e-01 -6.915151e-01
    outer loop
      vertex   3.216235e+02 2.713170e+01 3.261328e+01
      vertex   3.217818e+02 2.716024e+01 3.276903e+01
      vertex   3.216235e+02 2.619962e+01 3.281336e+01
    endloop
  endfacet
  facet normal 5.318580e-01 -1.777344e-01 -8.279719e-01
    outer loop
      vertex   3.216235e+02 2.713170e+01 3.261328e+01
      vertex   3.216235e+02 2.619962e+01 3.281336e+01
      vertex   3.214339e+02 2.617111e+01 3.269769e+01
    endloop
  endfacet
  facet normal 5.318580e-01 -2.274018e-01 -8.157300e-01
    outer loop
      vertex   3.214339e+02 2.617111e+01 3.269769e+01
      vertex   3.216235e+02 2.619962e+01 3.281336e+01
      vertex   3.214339e+02 2.524587e+01 3.295562e+01
    endloop
  endfacet
  facet normal 3.301448e-01 -2.534754e-01 -9.092605e-01
    outer loop
      vertex   3.214339e+02 2.617111e+01 3.269769e+01
      vertex   3.214339e+02 2.524587e+01 3.295562e+01
      vertex   3.212225e+02 2.522387e+01 3.288501e+01
    endloop
  endfacet
  facet normal 3.301448e-01 -3.079127e-01 -8.922971e-01
    outer loop
      vertex   3.212225e+02 2.522387e+01 3.288501e+01
      vertex   3.214339e+02 2.524587e+01 3.295562e+01
      vertex   3.212225e+02 2.431167e+01 3.319979e+01
    endloop
  endfacet
  facet normal 9.937679e-01 -3.501331e-03 -1.114142e-01
    outer loop
      vertex   3.220000e+02 2.997646e+01 3.313660e+01
      vertex   3.220000e+02 2.903460e+01 3.316620e+01
      vertex   3.219749e+02 2.905734e+01 3.294186e+01
    endloop
  endfacet
  facet normal 9.936472e-01 -1.018475e-02 -1.120783e-01
    outer loop
      vertex   3.219749e+02 2.905734e+01 3.294186e+01
      vertex   3.220000e+02 2.903460e+01 3.316620e+01
      vertex   3.219749e+02 2.814158e+01 3.302507e+01
    endloop
  endfacet
  facet normal 9.438363e-01 -2.990204e-02 -3.290575e-01
    outer loop
      vertex   3.219749e+02 2.905734e+01 3.294186e+01
      vertex   3.219749e+02 2.814158e+01 3.302507e+01
      vertex   3.219010e+02 2.811611e+01 3.281525e+01
    endloop
  endfacet
  facet normal 9.438363e-01 -4.971548e-02 -3.266517e-01
    outer loop
      vertex   3.219010e+02 2.811611e+01 3.281525e+01
      vertex   3.219749e+02 2.814158e+01 3.302507e+01
      vertex   3.219010e+02 2.719442e+01 3.295553e+01
    endloop
  endfacet
  facet normal 8.466148e-01 -8.007813e-02 -5.261472e-01
    outer loop
      vertex   3.219010e+02 2.811611e+01 3.281525e+01
      vertex   3.219010e+02 2.719442e+01 3.295553e+01
      vertex   3.217818e+02 2.716024e+01 3.276903e+01
    endloop
  endfacet
  facet normal 8.466148e-01 -1.117000e-01 -5.203523e-01
    outer loop
      vertex   3.217818e+02 2.716024e+01 3.276903e+01
      vertex   3.219010e+02 2.719442e+01 3.295553e+01
      vertex   3.217818e+02 2.623751e+01 3.296711e+01
    endloop
  endfacet
  facet normal 7.069454e-01 -1.484422e-01 -6.915151e-01
    outer loop
      vertex   3.217818e+02 2.716024e+01 3.276903e+01
      vertex   3.217818e+02 2.623751e+01 3.296711e+01
      vertex   3.216235e+02 2.619962e+01 3.281336e+01
    endloop
  endfacet
  facet normal 7.069454e-01 -1.899240e-01 -6.812907e-01
    outer loop
      vertex   3.216235e+02 2.619962e+01 3.281336e+01
      vertex   3.217818e+02 2.623751e+01 3.296711e+01
      vertex   3.216235e+02 2.528131e+01 3.306936e+01
    endloop
  endfacet
  facet normal 5.318580e-01 -2.274018e-01 -8.157300e-01
    outer loop
      vertex   3.216235e+02 2.619962e+01 3.281336e+01
      vertex   3.216235e+02 2.528131e+01 3.306936e+01
      vertex   3.214339e+02 2.524587e+01 3.295562e+01
    endloop
  endfacet
  facet normal 5.318580e-01 -2.762395e-01 -8.005116e-01
    outer loop
      vertex   3.214339e+02 2.524587e+01 3.295562e+01
      vertex   3.216235e+02 2.528131e+01 3.306936e+01
      vertex   3.214339e+02 2.433790e+01 3.326894e+01
    endloop
  endfacet
  facet normal 3.301448e-01 -3.079127e-01 -8.922971e-01
    outer loop
      vertex   3.214339e+02 2.524587e+01 3.295562e+01
      vertex   3.214339e+02 2.433790e+01 3.326894e+01
      vertex   3.212225e+02 2.431167e+01 3.319979e+01
    endloop
  endfacet
  facet normal 3.301448e-01 -3.612265e-01 -8.720779e-01
    outer loop
      vertex   3.212225e+02 2.431167e+01 3.319979e+01
      vertex   3.214339e+02 2.433790e+01 3.326894e+01
      vertex   3.212225e+02 2.342014e+01 3.356907e+01
    endloop
  endfacet
  facet normal 9.938240e-01 -1.044301e-02 -1.104755e-01
    outer loop
      vertex   3.220000e+02 2.903460e+01 3.316620e+01
      vertex   3.220000e+02 2.809646e+01 3.325488e+01
      vertex   3.219749e+02 2.814158e+01 3.302507e+01
    endloop
  endfacet
  facet normal 9.935921e-01 -1.700636e-02 -1.117390e-01
    outer loop
      vertex   3.219749e+02 2.814158e+01 3.302507e+01
      vertex   3.220000e+02 2.809646e+01 3.325488e+01
      vertex   3.219749e+02 2.723252e+01 3.316343e+01
    endloop
  endfacet
  facet normal 9.438363e-01 -4.971548e-02 -3.266517e-01
    outer loop
      vertex   3.219749e+02 2.814158e+01 3.302507e+01
      vertex   3.219749e+02 2.723252e+01 3.316343e+01
      vertex   3.219010e+02 2.719442e+01 3.295553e+01
    endloop
  endfacet
  facet normal 9.438363e-01 -6.934752e-02 -3.230540e-01
    outer loop
      vertex   3.219010e+02 2.719442e+01 3.295553e+01
      vertex   3.219749e+02 2.723252e+01 3.316343e+01
      vertex   3.219010e+02 2.628289e+01 3.315120e+01
    endloop
  endfacet
  facet normal 8.466148e-01 -1.117000e-01 -5.203523e-01
    outer loop
      vertex   3.219010e+02 2.719442e+01 3.295553e+01
      vertex   3.219010e+02 2.628289e+01 3.315120e+01
      vertex   3.217818e+02 2.623751e+01 3.296711e+01
    endloop
  endfacet
  facet normal 8.466148e-01 -1.429143e-01 -5.126586e-01
    outer loop
      vertex   3.217818e+02 2.623751e+01 3.296711e+01
      vertex   3.219010e+02 2.628289e+01 3.315120e+01
      vertex   3.217818e+02 2.532842e+01 3.322053e+01
    endloop
  endfacet
  facet normal 7.069454e-01 -1.899240e-01 -6.812907e-01
    outer loop
      vertex   3.217818e+02 2.623751e+01 3.296711e+01
      vertex   3.217818e+02 2.532842e+01 3.322053e+01
      vertex   3.216235e+02 2.528131e+01 3.306936e+01
    endloop
  endfacet
  facet normal 7.069454e-01 -2.307128e-01 -6.685804e-01
    outer loop
      vertex   3.216235e+02 2.528131e+01 3.306936e+01
      vertex   3.217818e+02 2.532842e+01 3.322053e+01
      vertex   3.216235e+02 2.438014e+01 3.338034e+01
    endloop
  endfacet
  facet normal 5.318580e-01 -2.762395e-01 -8.005116e-01
    outer loop
      vertex   3.216235e+02 2.528131e+01 3.306936e+01
      vertex   3.216235e+02 2.438014e+01 3.338034e+01
      vertex   3.214339e+02 2.433790e+01 3.326894e+01
    endloop
  endfacet
  facet normal 5.318580e-01 -3.240692e-01 -7.823722e-01
    outer loop
      vertex   3.214339e+02 2.433790e+01 3.326894e+01
      vertex   3.216235e+02 2.438014e+01 3.338034e+01
      vertex   3.214339e+02 2.345050e+01 3.363651e+01
    endloop
  endfacet
  facet normal 3.301448e-01 -3.612265e-01 -8.720779e-01
    outer loop
      vertex   3.214339e+02 2.433790e+01 3.326894e+01
      vertex   3.214339e+02 2.345050e+01 3.363651e+01
      vertex   3.212225e+02 2.342014e+01 3.356907e+01
    endloop
  endfacet
  facet normal 3.301448e-01 -4.132222e-01 -8.486765e-01
    outer loop
      vertex   3.212225e+02 2.342014e+01 3.356907e+01
      vertex   3.214339e+02 2.345050e+01 3.363651e+01
      vertex   3.212225e+02 2.255254e+01 3.399151e+01
    endloop
  endfacet
  facet normal 9.938745e-01 -1.728824e-02 -1.091537e-01
    outer loop
      vertex   3.220000e+02 2.809646e+01 3.325488e+01
      vertex   3.220000e+02 2.716574e+01 3.340230e+01
      vertex   3.219749e+02 2.723252e+01 3.316343e+01
    endloop
  endfacet
  facet normal 9.935413e-01 -2.381540e-02 -1.109436e-01
    outer loop
      vertex   3.219749e+02 2.723252e+01 3.316343e+01
      vertex   3.220000e+02 2.716574e+01 3.340230e+01
      vertex   3.219749e+02 2.633347e+01 3.335642e+01
    endloop
  endfacet
  facet normal 9.438363e-01 -6.934752e-02 -3.230540e-01
    outer loop
      vertex   3.219749e+02 2.723252e+01 3.316343e+01
      vertex   3.219749e+02 2.633347e+01 3.335642e+01
      vertex   3.219010e+02 2.628289e+01 3.315120e+01
    endloop
  endfacet
  facet normal 9.438363e-01 -8.872652e-02 -3.182775e-01
    outer loop
      vertex   3.219010e+02 2.628289e+01 3.315120e+01
      vertex   3.219749e+02 2.633347e+01 3.335642e+01
      vertex   3.219010e+02 2.538483e+01 3.340155e+01
    endloop
  endfacet
  facet normal 8.466148e-01 -1.429143e-01 -5.126586e-01
    outer loop
      vertex   3.219010e+02 2.628289e+01 3.315120e+01
      vertex   3.219010e+02 2.538483e+01 3.340155e+01
      vertex   3.217818e+02 2.532842e+01 3.322053e+01
    endloop
  endfacet
  facet normal 8.466148e-01 -1.736071e-01 -5.030944e-01
    outer loop
      vertex   3.217818e+02 2.532842e+01 3.322053e+01
      vertex   3.219010e+02 2.538483e+01 3.340155e+01
      vertex   3.217818e+02 2.443629e+01 3.352839e+01
    endloop
  endfacet
  facet normal 7.069454e-01 -2.307128e-01 -6.685804e-01
    outer loop
      vertex   3.217818e+02 2.532842e+01 3.322053e+01
      vertex   3.217818e+02 2.443629e+01 3.352839e+01
      vertex   3.216235e+02 2.438014e+01 3.338034e+01
    endloop
  endfacet
  facet normal 7.069454e-01 -2.706598e-01 -6.534305e-01
    outer loop
      vertex   3.216235e+02 2.438014e+01 3.338034e+01
      vertex   3.217818e+02 2.443629e+01 3.352839e+01
      vertex   3.216235e+02 2.349939e+01 3.374515e+01
    endloop
  endfacet
  facet normal 5.318580e-01 -3.240692e-01 -7.823722e-01
    outer loop
      vertex   3.216235e+02 2.438014e+01 3.338034e+01
      vertex   3.216235e+02 2.349939e+01 3.374515e+01
      vertex   3.214339e+02 2.345050e+01 3.363651e+01
    endloop
  endfacet
  facet normal 5.318580e-01 -3.707164e-01 -7.613780e-01
    outer loop
      vertex   3.214339e+02 2.345050e+01 3.363651e+01
      vertex   3.216235e+02 2.349939e+01 3.374515e+01
      vertex   3.214339e+02 2.258691e+01 3.405700e+01
    endloop
  endfacet
  facet normal 3.301448e-01 -4.132222e-01 -8.486765e-01
    outer loop
      vertex   3.214339e+02 2.345050e+01 3.363651e+01
      vertex   3.214339e+02 2.258691e+01 3.405700e+01
      vertex   3.212225e+02 2.255254e+01 3.399151e+01
    endloop
  endfacet
  facet normal 3.301448e-01 -4.637101e-01 -8.221784e-01
    outer loop
      vertex   3.212225e+02 2.255254e+01 3.399151e+01
      vertex   3.214339e+02 2.258691e+01 3.405700e+01
      vertex   3.212225e+02 2.171202e+01 3.446556e+01
    endloop
  endfacet
  facet normal 9.939197e-01 -2.401908e-02 -1.074552e-01
    outer loop
      vertex   3.220000e+02 2.716574e+01 3.340230e+01
      vertex   3.220000e+02 2.624611e+01 3.360786e+01
      vertex   3.219749e+02 2.633347e+01 3.335642e+01
    endloop
  endfacet
  facet normal 9.934951e-01 -3.057895e-02 -1.096921e-01
    outer loop
      vertex   3.219749e+02 2.633347e+01 3.335642e+01
      vertex   3.220000e+02 2.624611e+01 3.360786e+01
      vertex   3.219749e+02 2.544771e+01 3.360335e+01
    endloop
  endfacet
  facet normal 9.438363e-01 -8.872652e-02 -3.182775e-01
    outer loop
      vertex   3.219749e+02 2.633347e+01 3.335642e+01
      vertex   3.219749e+02 2.544771e+01 3.360335e+01
      vertex   3.219010e+02 2.538483e+01 3.340155e+01
    endloop
  endfacet
  facet normal 9.438363e-01 -1.077818e-01 -3.123397e-01
    outer loop
      vertex   3.219010e+02 2.538483e+01 3.340155e+01
      vertex   3.219749e+02 2.544771e+01 3.360335e+01
      vertex   3.219010e+02 2.450353e+01 3.370567e+01
    endloop
  endfacet
  facet normal 8.466148e-01 -1.736071e-01 -5.030944e-01
    outer loop
      vertex   3.219010e+02 2.538483e+01 3.340155e+01
      vertex   3.219010e+02 2.450353e+01 3.370567e+01
      vertex   3.217818e+02 2.443629e+01 3.352839e+01
    endloop
  endfacet
  facet normal 8.466148e-01 -2.036665e-01 -4.916944e-01
    outer loop
      vertex   3.217818e+02 2.443629e+01 3.352839e+01
      vertex   3.219010e+02 2.450353e+01 3.370567e+01
      vertex   3.217818e+02 2.356438e+01 3.388955e+01
    endloop
  endfacet
  facet normal 7.069454e-01 -2.706598e-01 -6.534305e-01
    outer loop
      vertex   3.217818e+02 2.443629e+01 3.352839e+01
      vertex   3.217818e+02 2.356438e+01 3.388955e+01
      vertex   3.216235e+02 2.349939e+01 3.374515e+01
    endloop
  endfacet
  facet normal 7.069454e-01 -3.096191e-01 -6.358963e-01
    outer loop
      vertex   3.216235e+02 2.349939e+01 3.374515e+01
      vertex   3.217818e+02 2.356438e+01 3.388955e+01
      vertex   3.216235e+02 2.264227e+01 3.416249e+01
    endloop
  endfacet
  facet normal 5.318580e-01 -3.707164e-01 -7.613780e-01
    outer loop
      vertex   3.216235e+02 2.349939e+01 3.374515e+01
      vertex   3.216235e+02 2.264227e+01 3.416249e+01
      vertex   3.214339e+02 2.258691e+01 3.405700e+01
    endloop
  endfacet
  facet normal 5.318580e-01 -4.160109e-01 -7.376056e-01
    outer loop
      vertex   3.214339e+02 2.258691e+01 3.405700e+01
      vertex   3.216235e+02 2.264227e+01 3.416249e+01
      vertex   3.214339e+02 2.175028e+01 3.452885e+01
    endloop
  endfacet
  facet normal 3.301448e-01 -4.637101e-01 -8.221784e-01
    outer loop
      vertex   3.214339e+02 2.258691e+01 3.405700e+01
      vertex   3.214339e+02 2.175028e+01 3.452885e+01
      vertex   3.212225e+02 2.171202e+01 3.446556e+01
    endloop
  endfacet
  facet normal 3.301448e-01 -5.125060e-01 -7.926803e-01
    outer loop
      vertex   3.212225e+02 2.171202e+01 3.446556e+01
      vertex   3.214339e+02 2.175028e+01 3.452885e+01
      vertex   3.212225e+02 2.090166e+01 3.498950e+01
    endloop
  endfacet
  facet normal 9.939598e-01 -3.061787e-02 -1.053874e-01
    outer loop
      vertex   3.220000e+02 2.624611e+01 3.360786e+01
      vertex   3.220000e+02 2.534120e+01 3.387076e+01
      vertex   3.219749e+02 2.544771e+01 3.360335e+01
    endloop
  endfacet
  facet normal 9.934537e-01 -3.726403e-02 -1.079871e-01
    outer loop
      vertex   3.219749e+02 2.544771e+01 3.360335e+01
      vertex   3.220000e+02 2.534120e+01 3.387076e+01
      vertex   3.219749e+02 2.457848e+01 3.390330e+01
    endloop
  endfacet
  facet normal 9.438363e-01 -1.077818e-01 -3.123397e-01
    outer loop
      vertex   3.219749e+02 2.544771e+01 3.360335e+01
      vertex   3.219749e+02 2.457848e+01 3.390330e+01
      vertex   3.219010e+02 2.450353e+01 3.370567e+01
    endloop
  endfacet
  facet normal 9.438363e-01 -1.264437e-01 -3.052621e-01
    outer loop
      vertex   3.219010e+02 2.450353e+01 3.370567e+01
      vertex   3.219749e+02 2.457848e+01 3.390330e+01
      vertex   3.219010e+02 2.364219e+01 3.406245e+01
    endloop
  endfacet
  facet normal 8.466148e-01 -2.036665e-01 -4.916944e-01
    outer loop
      vertex   3.219010e+02 2.450353e+01 3.370567e+01
      vertex   3.219010e+02 2.364219e+01 3.406245e+01
      vertex   3.217818e+02 2.356438e+01 3.388955e+01
    endloop
  endfacet
  facet normal 8.466148e-01 -2.329827e-01 -4.785002e-01
    outer loop
      vertex   3.217818e+02 2.356438e+01 3.388955e+01
      vertex   3.219010e+02 2.364219e+01 3.406245e+01
      vertex   3.217818e+02 2.271586e+01 3.430269e+01
    endloop
  endfacet
  facet normal 7.069454e-01 -3.096191e-01 -6.358963e-01
    outer loop
      vertex   3.217818e+02 2.356438e+01 3.388955e+01
      vertex   3.217818e+02 2.271586e+01 3.430269e+01
      vertex   3.216235e+02 2.264227e+01 3.416249e+01
    endloop
  endfacet
  facet normal 7.069454e-01 -3.474487e-01 -6.160418e-01
    outer loop
      vertex   3.216235e+02 2.264227e+01 3.416249e+01
      vertex   3.217818e+02 2.271586e+01 3.430269e+01
      vertex   3.216235e+02 2.181192e+01 3.463081e+01
    endloop
  endfacet
  facet normal 5.318580e-01 -4.160109e-01 -7.376056e-01
    outer loop
      vertex   3.216235e+02 2.264227e+01 3.416249e+01
      vertex   3.216235e+02 2.181192e+01 3.463081e+01
      vertex   3.214339e+02 2.175028e+01 3.452885e+01
    endloop
  endfacet
  facet normal 5.318580e-01 -4.597874e-01 -7.111417e-01
    outer loop
      vertex   3.214339e+02 2.175028e+01 3.452885e+01
      vertex   3.216235e+02 2.181192e+01 3.463081e+01
      vertex   3.214339e+02 2.094368e+01 3.505036e+01
    endloop
  endfacet
  facet normal 3.301448e-01 -5.125060e-01 -7.926803e-01
    outer loop
      vertex   3.214339e+02 2.175028e+01 3.452885e+01
      vertex   3.214339e+02 2.094368e+01 3.505036e+01
      vertex   3.212225e+02 2.090166e+01 3.498950e+01
    endloop
  endfacet
  facet normal 3.301448e-01 -5.594318e-01 -7.602897e-01
    outer loop
      vertex   3.212225e+02 2.090166e+01 3.498950e+01
      vertex   3.214339e+02 2.094368e+01 3.505036e+01
      vertex   3.212225e+02 2.012442e+01 3.556141e+01
    endloop
  endfacet
  facet normal 9.939948e-01 -3.706726e-02 -1.029583e-01
    outer loop
      vertex   3.220000e+02 2.534120e+01 3.387076e+01
      vertex   3.220000e+02 2.445459e+01 3.418996e+01
      vertex   3.219749e+02 2.457848e+01 3.390330e+01
    endloop
  endfacet
  facet normal 9.934171e-01 -4.383782e-02 -1.058338e-01
    outer loop
      vertex   3.219749e+02 2.457848e+01 3.390330e+01
      vertex   3.220000e+02 2.445459e+01 3.418996e+01
      vertex   3.219749e+02 2.372894e+01 3.425519e+01
    endloop
  endfacet
  facet normal 9.438363e-01 -1.264437e-01 -3.052621e-01
    outer loop
      vertex   3.219749e+02 2.457848e+01 3.390330e+01
      vertex   3.219749e+02 2.372894e+01 3.425519e+01
      vertex   3.219010e+02 2.364219e+01 3.406245e+01
    endloop
  endfacet
  facet normal 9.438363e-01 -1.446443e-01 -2.970707e-01
    outer loop
      vertex   3.219010e+02 2.364219e+01 3.406245e+01
      vertex   3.219749e+02 2.372894e+01 3.425519e+01
      vertex   3.219010e+02 2.280397e+01 3.447058e+01
    endloop
  endfacet
  facet normal 8.466148e-01 -2.329827e-01 -4.785002e-01
    outer loop
      vertex   3.219010e+02 2.364219e+01 3.406245e+01
      vertex   3.219010e+02 2.280397e+01 3.447058e+01
      vertex   3.217818e+02 2.271586e+01 3.430269e+01
    endloop
  endfacet
  facet normal 8.466148e-01 -2.614487e-01 -4.635601e-01
    outer loop
      vertex   3.217818e+02 2.271586e+01 3.430269e+01
      vertex   3.219010e+02 2.280397e+01 3.447058e+01
      vertex   3.217818e+02 2.189383e+01 3.476631e+01
    endloop
  endfacet
  facet normal 7.069454e-01 -3.474487e-01 -6.160418e-01
    outer loop
      vertex   3.217818e+02 2.271586e+01 3.430269e+01
      vertex   3.217818e+02 2.189383e+01 3.476631e+01
      vertex   3.216235e+02 2.181192e+01 3.463081e+01
    endloop
  endfacet
  facet normal 7.069454e-01 -3.840105e-01 -5.939395e-01
    outer loop
      vertex   3.216235e+02 2.181192e+01 3.463081e+01
      vertex   3.217818e+02 2.189383e+01 3.476631e+01
      vertex   3.216235e+02 2.101135e+01 3.514841e+01
    endloop
  endfacet
  facet normal 5.318580e-01 -4.597874e-01 -7.111417e-01
    outer loop
      vertex   3.216235e+02 2.181192e+01 3.463081e+01
      vertex   3.216235e+02 2.101135e+01 3.514841e+01
      vertex   3.214339e+02 2.094368e+01 3.505036e+01
    endloop
  endfacet
  facet normal 5.318580e-01 -5.018862e-01 -6.820830e-01
    outer loop
      vertex   3.214339e+02 2.094368e+01 3.505036e+01
      vertex   3.216235e+02 2.101135e+01 3.514841e+01
      vertex   3.214339e+02 2.017003e+01 3.561962e+01
    endloop
  endfacet
  facet normal 3.301448e-01 -5.594318e-01 -7.602897e-01
    outer loop
      vertex   3.214339e+02 2.094368e+01 3.505036e+01
      vertex   3.214339e+02 2.017003e+01 3.561962e+01
      vertex   3.212225e+02 2.012442e+01 3.556141e+01
    endloop
  endfacet
  facet normal 3.301448e-01 -6.043163e-01 -7.251250e-01
    outer loop
      vertex   3.212225e+02 2.012442e+01 3.556141e+01
      vertex   3.214339e+02 2.017003e+01 3.561962e+01
      vertex   3.212225e+02 1.938312e+01 3.617920e+01
    endloop
  endfacet
  facet normal 9.940249e-01 -4.335024e-02 -1.001765e-01
    outer loop
      vertex   3.220000e+02 2.445459e+01 3.418996e+01
      vertex   3.220000e+02 2.358977e+01 3.456420e+01
      vertex   3.219749e+02 2.372894e+01 3.425519e+01
    endloop
  endfacet
  facet normal 9.933854e-01 -5.026784e-02 -1.032402e-01
    outer loop
      vertex   3.219749e+02 2.372894e+01 3.425519e+01
      vertex   3.220000e+02 2.358977e+01 3.456420e+01
      vertex   3.219749e+02 2.290220e+01 3.465773e+01
    endloop
  endfacet
  facet normal 9.438363e-01 -1.446443e-01 -2.970707e-01
    outer loop
      vertex   3.219749e+02 2.372894e+01 3.425519e+01
      vertex   3.219749e+02 2.290220e+01 3.465773e+01
      vertex   3.219010e+02 2.280397e+01 3.447058e+01
    endloop
  endfacet
  facet normal 9.438363e-01 -1.623171e-01 -2.877953e-01
    outer loop
      vertex   3.219010e+02 2.280397e+01 3.447058e+01
      vertex   3.219749e+02 2.290220e+01 3.465773e+01
      vertex   3.219010e+02 2.199192e+01 3.492858e+01
    endloop
  endfacet
  facet normal 8.466148e-01 -2.614487e-01 -4.635601e-01
    outer loop
      vertex   3.219010e+02 2.280397e+01 3.447058e+01
      vertex   3.219010e+02 2.199192e+01 3.492858e+01
      vertex   3.217818e+02 2.189383e+01 3.476631e+01
    endloop
  endfacet
  facet normal 8.466148e-01 -2.889608e-01 -4.469285e-01
    outer loop
      vertex   3.217818e+02 2.189383e+01 3.476631e+01
      vertex   3.219010e+02 2.199192e+01 3.492858e+01
      vertex   3.217818e+02 2.110130e+01 3.527872e+01
    endloop
  endfacet
  facet normal 7.069454e-01 -3.840105e-01 -5.939395e-01
    outer loop
      vertex   3.217818e+02 2.189383e+01 3.476631e+01
      vertex   3.217818e+02 2.110130e+01 3.527872e+01
      vertex   3.216235e+02 2.101135e+01 3.514841e+01
    endloop
  endfacet
  facet normal 7.069454e-01 -4.191711e-01 -5.696699e-01
    outer loop
      vertex   3.216235e+02 2.101135e+01 3.514841e+01
      vertex   3.217818e+02 2.110130e+01 3.527872e+01
      vertex   3.216235e+02 2.024350e+01 3.571341e+01
    endloop
  endfacet
  facet normal 5.318580e-01 -5.018862e-01 -6.820830e-01
    outer loop
      vertex   3.216235e+02 2.101135e+01 3.514841e+01
      vertex   3.216235e+02 2.024350e+01 3.571341e+01
      vertex   3.214339e+02 2.017003e+01 3.561962e+01
    endloop
  endfacet
  facet normal 5.318580e-01 -5.421537e-01 -6.505355e-01
    outer loop
      vertex   3.214339e+02 2.017003e+01 3.561962e+01
      vertex   3.216235e+02 2.024350e+01 3.571341e+01
      vertex   3.214339e+02 1.943216e+01 3.623456e+01
    endloop
  endfacet
  facet normal 3.301448e-01 -6.043163e-01 -7.251250e-01
    outer loop
      vertex   3.214339e+02 2.017003e+01 3.561962e+01
      vertex   3.214339e+02 1.943216e+01 3.623456e+01
      vertex   3.212225e+02 1.938312e+01 3.617920e+01
    endloop
  endfacet
  facet normal 3.301448e-01 -6.469957e-01 -6.873143e-01
    outer loop
      vertex   3.212225e+02 1.938312e+01 3.617920e+01
      vertex   3.214339e+02 1.943216e+01 3.623456e+01
      vertex   3.212225e+02 1.868048e+01 3.684062e+01
    endloop
  endfacet
  facet normal 9.940501e-01 -4.945020e-02 -9.705149e-02
    outer loop
      vertex   3.220000e+02 2.358977e+01 3.456420e+01
      vertex   3.220000e+02 2.275015e+01 3.499200e+01
      vertex   3.219749e+02 2.290220e+01 3.465773e+01
    endloop
  endfacet
  facet normal 9.933589e-01 -5.652224e-02 -1.002164e-01
    outer loop
      vertex   3.219749e+02 2.290220e+01 3.465773e+01
      vertex   3.220000e+02 2.275015e+01 3.499200e+01
      vertex   3.219749e+02 2.210127e+01 3.510946e+01
    endloop
  endfacet
  facet normal 9.438363e-01 -1.623171e-01 -2.877953e-01
    outer loop
      vertex   3.219749e+02 2.290220e+01 3.465773e+01
      vertex   3.219749e+02 2.210127e+01 3.510946e+01
      vertex   3.219010e+02 2.199192e+01 3.492858e+01
    endloop
  endfacet
  facet normal 9.438363e-01 -1.793976e-01 -2.774698e-01
    outer loop
      vertex   3.219010e+02 2.199192e+01 3.492858e+01
      vertex   3.219749e+02 2.210127e+01 3.510946e+01
      vertex   3.219010e+02 2.120901e+01 3.543477e+01
    endloop
  endfacet
  facet normal 8.466148e-01 -2.889608e-01 -4.469285e-01
    outer loop
      vertex   3.219010e+02 2.199192e+01 3.492858e+01
      vertex   3.219010e+02 2.120901e+01 3.543477e+01
      vertex   3.217818e+02 2.110130e+01 3.527872e+01
    endloop
  endfacet
  facet normal 8.466148e-01 -3.154185e-01 -4.286660e-01
    outer loop
      vertex   3.217818e+02 2.110130e+01 3.527872e+01
      vertex   3.219010e+02 2.120901e+01 3.543477e+01
      vertex   3.217818e+02 2.034116e+01 3.583805e+01
    endloop
  endfacet
  facet normal 7.069454e-01 -4.191711e-01 -5.696699e-01
    outer loop
      vertex   3.217818e+02 2.110130e+01 3.527872e+01
      vertex   3.217818e+02 2.034116e+01 3.583805e+01
      vertex   3.216235e+02 2.024350e+01 3.571341e+01
    endloop
  endfacet
  facet normal 7.069454e-01 -4.528021e-01 -5.433216e-01
    outer loop
      vertex   3.216235e+02 2.024350e+01 3.571341e+01
      vertex   3.217818e+02 2.034116e+01 3.583805e+01
      vertex   3.216235e+02 1.951117e+01 3.632373e+01
    endloop
  endfacet
  facet normal 5.318580e-01 -5.421537e-01 -6.505355e-01
    outer loop
      vertex   3.216235e+02 2.024350e+01 3.571341e+01
      vertex   3.216235e+02 1.951117e+01 3.632373e+01
      vertex   3.214339e+02 1.943216e+01 3.623456e+01
    endloop
  endfacet
  facet normal 5.318580e-01 -5.804429e-01 -6.166142e-01
    outer loop
      vertex   3.214339e+02 1.943216e+01 3.623456e+01
      vertex   3.216235e+02 1.951117e+01 3.632373e+01
      vertex   3.214339e+02 1.873277e+01 3.689292e+01
    endloop
  endfacet
  facet normal 3.301448e-01 -6.469957e-01 -6.873143e-01
    outer loop
      vertex   3.214339e+02 1.943216e+01 3.623456e+01
      vertex   3.214339e+02 1.873277e+01 3.689292e+01
      vertex   3.212225e+02 1.868048e+01 3.684062e+01
    endloop
  endfacet
  facet normal 3.301448e-01 -6.873143e-01 -6.469957e-01
    outer loop
      vertex   3.212225e+02 1.868048e+01 3.684062e+01
      vertex   3.214339e+02 1.873277e+01 3.689292e+01
      vertex   3.212225e+02 1.801905e+01 3.754327e+01
    endloop
  endfacet
  facet normal 9.940707e-01 -5.535091e-02 -9.359328e-02
    outer loop
      vertex   3.220000e+02 2.275015e+01 3.499200e+01
      vertex   3.220000e+02 2.193905e+01 3.547169e+01
      vertex   3.219749e+02 2.210127e+01 3.510946e+01
    endloop
  endfacet
  facet normal 9.933376e-01 -6.256998e-02 -9.677543e-02
    outer loop
      vertex   3.219749e+02 2.210127e+01 3.510946e+01
      vertex   3.220000e+02 2.193905e+01 3.547169e+01
      vertex   3.219749e+02 2.132908e+01 3.560872e+01
    endloop
  endfacet
  facet normal 9.438363e-01 -1.793976e-01 -2.774698e-01
    outer loop
      vertex   3.219749e+02 2.210127e+01 3.510946e+01
      vertex   3.219749e+02 2.132908e+01 3.560872e+01
      vertex   3.219010e+02 2.120901e+01 3.543477e+01
    endloop
  endfacet
  facet normal 9.438363e-01 -1.958235e-01 -2.661318e-01
    outer loop
      vertex   3.219010e+02 2.120901e+01 3.543477e+01
      vertex   3.219749e+02 2.132908e+01 3.560872e+01
      vertex   3.219010e+02 2.045809e+01 3.598731e+01
    endloop
  endfacet
  facet normal 8.466148e-01 -3.154185e-01 -4.286660e-01
    outer loop
      vertex   3.219010e+02 2.120901e+01 3.543477e+01
      vertex   3.219010e+02 2.045809e+01 3.598731e+01
      vertex   3.217818e+02 2.034116e+01 3.583805e+01
    endloop
  endfacet
  facet normal 8.466148e-01 -3.407252e-01 -4.088395e-01
    outer loop
      vertex   3.217818e+02 2.034116e+01 3.583805e+01
      vertex   3.219010e+02 2.045809e+01 3.598731e+01
      vertex   3.217818e+02 1.961617e+01 3.644225e+01
    endloop
  endfacet
  facet normal 7.069454e-01 -4.528021e-01 -5.433216e-01
    outer loop
      vertex   3.217818e+02 2.034116e+01 3.583805e+01
      vertex   3.217818e+02 1.961617e+01 3.644225e+01
      vertex   3.216235e+02 1.951117e+01 3.632373e+01
    endloop
  endfacet
  facet normal 7.069454e-01 -4.847809e-01 -5.149909e-01
    outer loop
      vertex   3.216235e+02 1.951117e+01 3.632373e+01
      vertex   3.217818e+02 1.961617e+01 3.644225e+01
      vertex   3.216235e+02 1.881702e+01 3.697716e+01
    endloop
  endfacet
  facet normal 5.318580e-01 -5.804429e-01 -6.166142e-01
    outer loop
      vertex   3.216235e+02 1.951117e+01 3.632373e+01
      vertex   3.216235e+02 1.881702e+01 3.697716e+01
      vertex   3.214339e+02 1.873277e+01 3.689292e+01
    endloop
  endfacet
  facet normal 5.318580e-01 -6.166142e-01 -5.804429e-01
    outer loop
      vertex   3.214339e+02 1.873277e+01 3.689292e+01
      vertex   3.216235e+02 1.881702e+01 3.697716e+01
      vertex   3.214339e+02 1.807441e+01 3.759231e+01
    endloop
  endfacet
  facet normal 3.301448e-01 -6.873143e-01 -6.469957e-01
    outer loop
      vertex   3.214339e+02 1.873277e+01 3.689292e+01
      vertex   3.214339e+02 1.807441e+01 3.759231e+01
      vertex   3.212225e+02 1.801905e+01 3.754327e+01
    endloop
  endfacet
  facet normal 3.301448e-01 -7.251250e-01 -6.043163e-01
    outer loop
      vertex   3.212225e+02 1.801905e+01 3.754327e+01
      vertex   3.214339e+02 1.807441e+01 3.759231e+01
      vertex   3.212225e+02 1.740126e+01 3.828457e+01
    endloop
  endfacet
  facet normal 9.940866e-01 -6.103659e-02 -8.981261e-02
    outer loop
      vertex   3.220000e+02 2.193905e+01 3.547169e+01
      vertex   3.220000e+02 2.115968e+01 3.600135e+01
      vertex   3.219749e+02 2.132908e+01 3.560872e+01
    endloop
  endfacet
  facet normal 9.933215e-01 -6.838103e-02 -9.293250e-02
    outer loop
      vertex   3.219749e+02 2.132908e+01 3.560872e+01
      vertex   3.220000e+02 2.115968e+01 3.600135e+01
      vertex   3.219749e+02 2.058844e+01 3.615369e+01
    endloop
  endfacet
  facet normal 9.438363e-01 -1.958235e-01 -2.661318e-01
    outer loop
      vertex   3.219749e+02 2.132908e+01 3.560872e+01
      vertex   3.219749e+02 2.058844e+01 3.615369e+01
      vertex   3.219010e+02 2.045809e+01 3.598731e+01
    endloop
  endfacet
  facet normal 9.438363e-01 -2.115349e-01 -2.538227e-01
    outer loop
      vertex   3.219010e+02 2.045809e+01 3.598731e+01
      vertex   3.219749e+02 2.058844e+01 3.615369e+01
      vertex   3.219010e+02 1.974190e+01 3.658418e+01
    endloop
  endfacet
  facet normal 8.466148e-01 -3.407252e-01 -4.088395e-01
    outer loop
      vertex   3.219010e+02 2.045809e+01 3.598731e+01
      vertex   3.219010e+02 1.974190e+01 3.658418e+01
      vertex   3.217818e+02 1.961617e+01 3.644225e+01
    endloop
  endfacet
  facet normal 8.466148e-01 -3.647887e-01 -3.875211e-01
    outer loop
      vertex   3.217818e+02 1.961617e+01 3.644225e+01
      vertex   3.219010e+02 1.974190e+01 3.658418e+01
      vertex   3.217818e+02 1.892898e+01 3.708913e+01
    endloop
  endfacet
  facet normal 7.069454e-01 -4.847809e-01 -5.149909e-01
    outer loop
      vertex   3.217818e+02 1.961617e+01 3.644225e+01
      vertex   3.217818e+02 1.892898e+01 3.708913e+01
      vertex   3.216235e+02 1.881702e+01 3.697716e+01
    endloop
  endfacet
  facet normal 7.069454e-01 -5.149909e-01 -4.847809e-01
    outer loop
      vertex   3.216235e+02 1.881702e+01 3.697716e+01
      vertex   3.217818e+02 1.892898e+01 3.708913e+01
      vertex   3.216235e+02 1.816359e+01 3.767131e+01
    endloop
  endfacet
  facet normal 5.318580e-01 -6.166142e-01 -5.804429e-01
    outer loop
      vertex   3.216235e+02 1.881702e+01 3.697716e+01
      vertex   3.216235e+02 1.816359e+01 3.767131e+01
      vertex   3.214339e+02 1.807441e+01 3.759231e+01
    endloop
  endfacet
  facet normal 5.318580e-01 -6.505355e-01 -5.421537e-01
    outer loop
      vertex   3.214339e+02 1.807441e+01 3.759231e+01
      vertex   3.216235e+02 1.816359e+01 3.767131e+01
      vertex   3.214339e+02 1.745948e+01 3.833018e+01
    endloop
  endfacet
  facet normal 3.301448e-01 -7.251250e-01 -6.043163e-01
    outer loop
      vertex   3.214339e+02 1.807441e+01 3.759231e+01
      vertex   3.214339e+02 1.745948e+01 3.833018e+01
      vertex   3.212225e+02 1.740126e+01 3.828457e+01
    endloop
  endfacet
  facet normal 3.301448e-01 -7.602897e-01 -5.594318e-01
    outer loop
      vertex   3.212225e+02 1.740126e+01 3.828457e+01
      vertex   3.214339e+02 1.745948e+01 3.833018e+01
      vertex   3.212225e+02 1.682935e+01 3.906181e+01
    endloop
  endfacet
  facet normal 9.940980e-01 -6.649190e-02 -8.572084e-02
    outer loop
      vertex   3.220000e+02 2.115968e+01 3.600135e+01
      vertex   3.220000e+02 2.041510e+01 3.657891e+01
      vertex   3.219749e+02 2.058844e+01 3.615369e+01
    endloop
  endfacet
  facet normal 9.933107e-01 -7.392660e-02 -8.870524e-02
    outer loop
      vertex   3.219749e+02 2.058844e+01 3.615369e+01
      vertex   3.220000e+02 2.041510e+01 3.657891e+01
      vertex   3.219749e+02 1.988206e+01 3.674238e+01
    endloop
  endfacet
  facet normal 9.438363e-01 -2.115349e-01 -2.538227e-01
    outer loop
      vertex   3.219749e+02 2.058844e+01 3.615369e+01
      vertex   3.219749e+02 1.988206e+01 3.674238e+01
      vertex   3.219010e+02 1.974190e+01 3.658418e+01
    endloop
  endfacet
  facet normal 9.438363e-01 -2.264744e-01 -2.405875e-01
    outer loop
      vertex   3.219010e+02 1.974190e+01 3.658418e+01
      vertex   3.219749e+02 1.988206e+01 3.674238e+01
      vertex   3.219010e+02 1.906305e+01 3.722320e+01
    endloop
  endfacet
  facet normal 8.466148e-01 -3.647887e-01 -3.875211e-01
    outer loop
      vertex   3.219010e+02 1.974190e+01 3.658418e+01
      vertex   3.219010e+02 1.906305e+01 3.722320e+01
      vertex   3.217818e+02 1.892898e+01 3.708913e+01
    endloop
  endfacet
  facet normal 8.466148e-01 -3.875211e-01 -3.647887e-01
    outer loop
      vertex   3.217818e+02 1.892898e+01 3.708913e+01
      vertex   3.219010e+02 1.906305e+01 3.722320e+01
      vertex   3.217818e+02 1.828211e+01 3.777631e+01
    endloop
  endfacet
  facet normal 7.069454e-01 -5.149909e-01 -4.847809e-01
    outer loop
      vertex   3.217818e+02 1.892898e+01 3.708913e+01
      vertex   3.217818e+02 1.828211e+01 3.777631e+01
      vertex   3.216235e+02 1.816359e+01 3.767131e+01
    endloop
  endfacet
  facet normal 7.069454e-01 -5.433216e-01 -4.528021e-01
    outer loop
      vertex   3.216235e+02 1.816359e+01 3.767131e+01
      vertex   3.217818e+02 1.828211e+01 3.777631e+01
      vertex   3.216235e+02 1.755326e+01 3.840365e+01
    endloop
  endfacet
  facet normal 5.318580e-01 -6.505355e-01 -5.421537e-01
    outer loop
      vertex   3.216235e+02 1.816359e+01 3.767131e+01
      vertex   3.216235e+02 1.755326e+01 3.840365e+01
      vertex   3.214339e+02 1.745948e+01 3.833018e+01
    endloop
  endfacet
  facet normal 5.318580e-01 -6.820830e-01 -5.018862e-01
    outer loop
      vertex   3.214339e+02 1.745948e+01 3.833018e+01
      vertex   3.216235e+02 1.755326e+01 3.840365e+01
      vertex   3.214339e+02 1.689022e+01 3.910382e+01
    endloop
  endfacet
  facet normal 3.301448e-01 -7.602897e-01 -5.594318e-01
    outer loop
      vertex   3.214339e+02 1.745948e+01 3.833018e+01
      vertex   3.214339e+02 1.689022e+01 3.910382e+01
      vertex   3.212225e+02 1.682935e+01 3.906181e+01
    endloop
  endfacet
  facet normal 3.301448e-01 -7.926803e-01 -5.125060e-01
    outer loop
      vertex   3.212225e+02 1.682935e+01 3.906181e+01
      vertex   3.214339e+02 1.689022e+01 3.910382e+01
      vertex   3.212225e+02 1.630541e+01 3.987217e+01
    endloop
  endfacet
  facet normal 9.941048e-01 -7.170202e-02 -8.132998e-02
    outer loop
      vertex   3.220000e+02 2.041510e+01 3.657891e+01
      vertex   3.220000e+02 1.970825e+01 3.720208e+01
      vertex   3.219749e+02 1.988206e+01 3.674238e+01
    endloop
  endfacet
  facet normal 9.933054e-01 -7.917935e-02 -8.411354e-02
    outer loop
      vertex   3.219749e+02 1.988206e+01 3.674238e+01
      vertex   3.220000e+02 1.970825e+01 3.720208e+01
      vertex   3.219749e+02 1.921251e+01 3.737266e+01
    endloop
  endfacet
  facet normal 9.438363e-01 -2.264744e-01 -2.405875e-01
    outer loop
      vertex   3.219749e+02 1.988206e+01 3.674238e+01
      vertex   3.219749e+02 1.921251e+01 3.737266e+01
      vertex   3.219010e+02 1.906305e+01 3.722320e+01
    endloop
  endfacet
  facet normal 9.438363e-01 -2.405875e-01 -2.264744e-01
    outer loop
      vertex   3.219010e+02 1.906305e+01 3.722320e+01
      vertex   3.219749e+02 1.921251e+01 3.737266e+01
      vertex   3.219010e+02 1.842403e+01 3.790205e+01
    endloop
  endfacet
  facet normal 8.466148e-01 -3.875211e-01 -3.647887e-01
    outer loop
      vertex   3.219010e+02 1.906305e+01 3.722320e+01
      vertex   3.219010e+02 1.842403e+01 3.790205e+01
      vertex   3.217818e+02 1.828211e+01 3.777631e+01
    endloop
  endfacet
  facet normal 8.466148e-01 -4.088395e-01 -3.407252e-01
    outer loop
      vertex   3.217818e+02 1.828211e+01 3.777631e+01
      vertex   3.219010e+02 1.842403e+01 3.790205e+01
      vertex   3.217818e+02 1.767790e+01 3.850130e+01
    endloop
  endfacet
  facet normal 7.069454e-01 -5.433216e-01 -4.528021e-01
    outer loop
      vertex   3.217818e+02 1.828211e+01 3.777631e+01
      vertex   3.217818e+02 1.767790e+01 3.850130e+01
      vertex   3.216235e+02 1.755326e+01 3.840365e+01
    endloop
  endfacet
  facet normal 7.069454e-01 -5.696699e-01 -4.191711e-01
    outer loop
      vertex   3.216235e+02 1.755326e+01 3.840365e+01
      vertex   3.217818e+02 1.767790e+01 3.850130e+01
      vertex   3.216235e+02 1.698826e+01 3.917150e+01
    endloop
  endfacet
  facet normal 5.318580e-01 -6.820830e-01 -5.018862e-01
    outer loop
      vertex   3.216235e+02 1.755326e+01 3.840365e+01
      vertex   3.216235e+02 1.698826e+01 3.917150e+01
      vertex   3.214339e+02 1.689022e+01 3.910382e+01
    endloop
  endfacet
  facet normal 5.318580e-01 -7.111417e-01 -4.597874e-01
    outer loop
      vertex   3.214339e+02 1.689022e+01 3.910382e+01
      vertex   3.216235e+02 1.698826e+01 3.917150e+01
      vertex   3.214339e+02 1.636870e+01 3.991043e+01
    endloop
  endfacet
  facet normal 3.301448e-01 -7.926803e-01 -5.125060e-01
    outer loop
      vertex   3.214339e+02 1.689022e+01 3.910382e+01
      vertex   3.214339e+02 1.636870e+01 3.991043e+01
      vertex   3.212225e+02 1.630541e+01 3.987217e+01
    endloop
  endfacet
  facet normal 3.301448e-01 -8.221784e-01 -4.637101e-01
    outer loop
      vertex   3.212225e+02 1.630541e+01 3.987217e+01
      vertex   3.214339e+02 1.636870e+01 3.991043e+01
      vertex   3.212225e+02 1.583136e+01 4.071269e+01
    endloop
  endfacet
  facet normal 9.941070e-01 -7.665264e-02 -7.665264e-02
    outer loop
      vertex   3.220000e+02 1.970825e+01 3.720208e+01
      vertex   3.220000e+02 1.904193e+01 3.786840e+01
      vertex   3.219749e+02 1.921251e+01 3.737266e+01
    endloop
  endfacet
  facet normal 9.933054e-01 -8.411354e-02 -7.917935e-02
    outer loop
      vertex   3.219749e+02 1.921251e+01 3.737266e+01
      vertex   3.220000e+02 1.904193e+01 3.786840e+01
      vertex   3.219749e+02 1.858224e+01 3.804221e+01
    endloop
  endfacet
  facet normal 9.438363e-01 -2.405875e-01 -2.264744e-01
    outer loop
      vertex   3.219749e+02 1.921251e+01 3.737266e+01
      vertex   3.219749e+02 1.858224e+01 3.804221e+01
      vertex   3.219010e+02 1.842403e+01 3.790205e+01
    endloop
  endfacet
  facet normal 9.438363e-01 -2.538227e-01 -2.115349e-01
    outer loop
      vertex   3.219010e+02 1.842403e+01 3.790205e+01
      vertex   3.219749e+02 1.858224e+01 3.804221e+01
      vertex   3.219010e+02 1.782716e+01 3.861824e+01
    endloop
  endfacet
  facet normal 8.466148e-01 -4.088395e-01 -3.407252e-01
    outer loop
      vertex   3.219010e+02 1.842403e+01 3.790205e+01
      vertex   3.219010e+02 1.782716e+01 3.861824e+01
      vertex   3.217818e+02 1.767790e+01 3.850130e+01
    endloop
  endfacet
  facet normal 8.466148e-01 -4.286660e-01 -3.154185e-01
    outer loop
      vertex   3.217818e+02 1.767790e+01 3.850130e+01
      vertex   3.219010e+02 1.782716e+01 3.861824e+01
      vertex   3.217818e+02 1.711858e+01 3.926145e+01
    endloop
  endfacet
  facet normal 7.069454e-01 -5.696699e-01 -4.191711e-01
    outer loop
      vertex   3.217818e+02 1.767790e+01 3.850130e+01
      vertex   3.217818e+02 1.711858e+01 3.926145e+01
      vertex   3.216235e+02 1.698826e+01 3.917150e+01
    endloop
  endfacet
  facet normal 7.069454e-01 -5.939395e-01 -3.840105e-01
    outer loop
      vertex   3.216235e+02 1.698826e+01 3.917150e+01
      vertex   3.217818e+02 1.711858e+01 3.926145e+01
      vertex   3.216235e+02 1.647066e+01 3.997207e+01
    endloop
  endfacet
  facet normal 5.318580e-01 -7.111417e-01 -4.597874e-01
    outer loop
      vertex   3.216235e+02 1.698826e+01 3.917150e+01
      vertex   3.216235e+02 1.647066e+01 3.997207e+01
      vertex   3.214339e+02 1.636870e+01 3.991043e+01
    endloop
  endfacet
  facet normal 5.318580e-01 -7.376056e-01 -4.160109e-01
    outer loop
      vertex   3.214339e+02 1.636870e+01 3.991043e+01
      vertex   3.216235e+02 1.647066e+01 3.997207e+01
      vertex   3.214339e+02 1.589685e+01 4.074706e+01
    endloop
  endfacet
  facet normal 3.301448e-01 -8.221784e-01 -4.637101e-01
    outer loop
      vertex   3.214339e+02 1.636870e+01 3.991043e+01
      vertex   3.214339e+02 1.589685e+01 4.074706e+01
      vertex   3.212225e+02 1.583136e+01 4.071269e+01
    endloop
  endfacet
  facet normal 3.301448e-01 -8.486765e-01 -4.132222e-01
    outer loop
      vertex   3.212225e+02 1.583136e+01 4.071269e+01
      vertex   3.214339e+02 1.589685e+01 4.074706e+01
      vertex   3.212225e+02 1.540892e+01 4.158029e+01
    endloop
  endfacet
  facet normal 9.941048e-01 -8.132998e-02 -7.170202e-02
    outer loop
      vertex   3.220000e+02 1.904193e+01 3.786840e+01
      vertex   3.220000e+02 1.841876e+01 3.857524e+01
      vertex   3.219749e+02 1.858224e+01 3.804221e+01
    endloop
  endfacet
  facet normal 9.933107e-01 -8.870524e-02 -7.392660e-02
    outer loop
      vertex   3.219749e+02 1.858224e+01 3.804221e+01
      vertex   3.220000e+02 1.841876e+01 3.857524e+01
      vertex   3.219749e+02 1.799354e+01 3.874859e+01
    endloop
  endfacet
  facet normal 9.438363e-01 -2.538227e-01 -2.115349e-01
    outer loop
      vertex   3.219749e+02 1.858224e+01 3.804221e+01
      vertex   3.219749e+02 1.799354e+01 3.874859e+01
      vertex   3.219010e+02 1.782716e+01 3.861824e+01
    endloop
  endfacet
  facet normal 9.438363e-01 -2.661318e-01 -1.958235e-01
    outer loop
      vertex   3.219010e+02 1.782716e+01 3.861824e+01
      vertex   3.219749e+02 1.799354e+01 3.874859e+01
      vertex   3.219010e+02 1.727462e+01 3.936916e+01
    endloop
  endfacet
  facet normal 8.466148e-01 -4.286660e-01 -3.154185e-01
    outer loop
      vertex   3.219010e+02 1.782716e+01 3.861824e+01
      vertex   3.219010e+02 1.727462e+01 3.936916e+01
      vertex   3.217818e+02 1.711858e+01 3.926145e+01
    endloop
  endfacet
  facet normal 8.466148e-01 -4.469285e-01 -2.889608e-01
    outer loop
      vertex   3.217818e+02 1.711858e+01 3.926145e+01
      vertex   3.219010e+02 1.727462e+01 3.936916e+01
      vertex   3.217818e+02 1.660617e+01 4.005398e+01
    endloop
  endfacet
  facet normal 7.069454e-01 -5.939395e-01 -3.840105e-01
    outer loop
      vertex   3.217818e+02 1.711858e+01 3.926145e+01
      vertex   3.217818e+02 1.660617e+01 4.005398e+01
      vertex   3.216235e+02 1.647066e+01 3.997207e+01
    endloop
  endfacet
  facet normal 7.069454e-01 -6.160418e-01 -3.474487e-01
    outer loop
      vertex   3.216235e+02 1.647066e+01 3.997207e+01
      vertex   3.217818e+02 1.660617e+01 4.005398e+01
      vertex   3.216235e+02 1.600234e+01 4.080242e+01
    endloop
  endfacet
  facet normal 5.318580e-01 -7.376056e-01 -4.160109e-01
    outer loop
      vertex   3.216235e+02 1.647066e+01 3.997207e+01
      vertex   3.216235e+02 1.600234e+01 4.080242e+01
      vertex   3.214339e+02 1.589685e+01 4.074706e+01
    endloop
  endfacet
  facet normal 5.318580e-01 -7.613780e-01 -3.707164e-01
    outer loop
      vertex   3.214339e+02 1.589685e+01 4.074706e+01
      vertex   3.216235e+02 1.600234e+01 4.080242e+01
      vertex   3.214339e+02 1.547637e+01 4.161064e+01
    endloop
  endfacet
  facet normal 3.301448e-01 -8.486765e-01 -4.132222e-01
    outer loop
      vertex   3.214339e+02 1.589685e+01 4.074706e+01
      vertex   3.214339e+02 1.547637e+01 4.161064e+01
      vertex   3.212225e+02 1.540892e+01 4.158029e+01
    endloop
  endfacet
  facet normal 3.301448e-01 -8.720779e-01 -3.612265e-01
    outer loop
      vertex   3.212225e+02 1.540892e+01 4.158029e+01
      vertex   3.214339e+02 1.547637e+01 4.161064e+01
      vertex   3.212225e+02 1.503964e+01 4.247182e+01
    endloop
  endfacet
  facet normal 9.940980e-01 -8.572084e-02 -6.649190e-02
    outer loop
      vertex   3.220000e+02 1.841876e+01 3.857524e+01
      vertex   3.220000e+02 1.784120e+01 3.931983e+01
      vertex   3.219749e+02 1.799354e+01 3.874859e+01
    endloop
  endfacet
  facet normal 9.933215e-01 -9.293250e-02 -6.838103e-02
    outer loop
      vertex   3.219749e+02 1.799354e+01 3.874859e+01
      vertex   3.220000e+02 1.784120e+01 3.931983e+01
      vertex   3.219749e+02 1.744857e+01 3.948923e+01
    endloop
  endfacet
  facet normal 9.438363e-01 -2.661318e-01 -1.958235e-01
    outer loop
      vertex   3.219749e+02 1.799354e+01 3.874859e+01
      vertex   3.219749e+02 1.744857e+01 3.948923e+01
      vertex   3.219010e+02 1.727462e+01 3.936916e+01
    endloop
  endfacet
  facet normal 9.438363e-01 -2.774698e-01 -1.793976e-01
    outer loop
      vertex   3.219010e+02 1.727462e+01 3.936916e+01
      vertex   3.219749e+02 1.744857e+01 3.948923e+01
      vertex   3.219010e+02 1.676843e+01 4.015207e+01
    endloop
  endfacet
  facet normal 8.466148e-01 -4.469285e-01 -2.889608e-01
    outer loop
      vertex   3.219010e+02 1.727462e+01 3.936916e+01
      vertex   3.219010e+02 1.676843e+01 4.015207e+01
      vertex   3.217818e+02 1.660617e+01 4.005398e+01
    endloop
  endfacet
  facet normal 8.466148e-01 -4.635601e-01 -2.614487e-01
    outer loop
      vertex   3.217818e+02 1.660617e+01 4.005398e+01
      vertex   3.219010e+02 1.676843e+01 4.015207e+01
      vertex   3.217818e+02 1.614254e+01 4.087601e+01
    endloop
  endfacet
  facet normal 7.069454e-01 -6.160418e-01 -3.474487e-01
    outer loop
      vertex   3.217818e+02 1.660617e+01 4.005398e+01
      vertex   3.217818e+02 1.614254e+01 4.087601e+01
      vertex   3.216235e+02 1.600234e+01 4.080242e+01
    endloop
  endfacet
  facet normal 7.069454e-01 -6.358963e-01 -3.096191e-01
    outer loop
      vertex   3.216235e+02 1.600234e+01 4.080242e+01
      vertex   3.217818e+02 1.614254e+01 4.087601e+01
      vertex   3.216235e+02 1.558501e+01 4.165954e+01
    endloop
  endfacet
  facet normal 5.318580e-01 -7.613780e-01 -3.707164e-01
    outer loop
      vertex   3.216235e+02 1.600234e+01 4.080242e+01
      vertex   3.216235e+02 1.558501e+01 4.165954e+01
      vertex   3.214339e+02 1.547637e+01 4.161064e+01
    endloop
  endfacet
  facet normal 5.318580e-01 -7.823722e-01 -3.240692e-01
    outer loop
      vertex   3.214339e+02 1.547637e+01 4.161064e+01
      vertex   3.216235e+02 1.558501e+01 4.165954e+01
      vertex   3.214339e+02 1.510879e+01 4.249804e+01
    endloop
  endfacet
  facet normal 3.301448e-01 -8.720779e-01 -3.612265e-01
    outer loop
      vertex   3.214339e+02 1.547637e+01 4.161064e+01
      vertex   3.214339e+02 1.510879e+01 4.249804e+01
      vertex   3.212225e+02 1.503964e+01 4.247182e+01
    endloop
  endfacet
  facet normal 3.301448e-01 -8.922971e-01 -3.079127e-01
    outer loop
      vertex   3.212225e+02 1.503964e+01 4.247182e+01
      vertex   3.214339e+02 1.510879e+01 4.249804e+01
      vertex   3.212225e+02 1.472486e+01 4.338401e+01
    endloop
  endfacet
  facet normal 9.940866e-01 -8.981261e-02 -6.103659e-02
    outer loop
      vertex   3.220000e+02 1.784120e+01 3.931983e+01
      vertex   3.220000e+02 1.731154e+01 4.009920e+01
      vertex   3.219749e+02 1.744857e+01 3.948923e+01
    endloop
  endfacet
  facet normal 9.933376e-01 -9.677543e-02 -6.256998e-02
    outer loop
      vertex   3.219749e+02 1.744857e+01 3.948923e+01
      vertex   3.220000e+02 1.731154e+01 4.009920e+01
      vertex   3.219749e+02 1.694931e+01 4.026142e+01
    endloop
  endfacet
  facet normal 9.438363e-01 -2.774698e-01 -1.793976e-01
    outer loop
      vertex   3.219749e+02 1.744857e+01 3.948923e+01
      vertex   3.219749e+02 1.694931e+01 4.026142e+01
      vertex   3.219010e+02 1.676843e+01 4.015207e+01
    endloop
  endfacet
  facet normal 9.438363e-01 -2.877953e-01 -1.623171e-01
    outer loop
      vertex   3.219010e+02 1.676843e+01 4.015207e+01
      vertex   3.219749e+02 1.694931e+01 4.026142e+01
      vertex   3.219010e+02 1.631043e+01 4.096412e+01
    endloop
  endfacet
  facet normal 8.466148e-01 -4.635601e-01 -2.614487e-01
    outer loop
      vertex   3.219010e+02 1.676843e+01 4.015207e+01
      vertex   3.219010e+02 1.631043e+01 4.096412e+01
      vertex   3.217818e+02 1.614254e+01 4.087601e+01
    endloop
  endfacet
  facet normal 8.466148e-01 -4.785002e-01 -2.329827e-01
    outer loop
      vertex   3.217818e+02 1.614254e+01 4.087601e+01
      vertex   3.219010e+02 1.631043e+01 4.096412e+01
      vertex   3.217818e+02 1.572940e+01 4.172452e+01
    endloop
  endfacet
  facet normal 7.069454e-01 -6.358963e-01 -3.096191e-01
    outer loop
      vertex   3.217818e+02 1.614254e+01 4.087601e+01
      vertex   3.217818e+02 1.572940e+01 4.172452e+01
      vertex   3.216235e+02 1.558501e+01 4.165954e+01
    endloop
  endfacet
  facet normal 7.069454e-01 -6.534305e-01 -2.706598e-01
    outer loop
      vertex   3.216235e+02 1.558501e+01 4.165954e+01
      vertex   3.217818e+02 1.572940e+01 4.172452e+01
      vertex   3.216235e+02 1.522019e+01 4.254029e+01
    endloop
  endfacet
  facet normal 5.318580e-01 -7.823722e-01 -3.240692e-01
    outer loop
      vertex   3.216235e+02 1.558501e+01 4.165954e+01
      vertex   3.216235e+02 1.522019e+01 4.254029e+01
      vertex   3.214339e+02 1.510879e+01 4.249804e+01
    endloop
  endfacet
  facet normal 5.318580e-01 -8.005116e-01 -2.762395e-01
    outer loop
      vertex   3.214339e+02 1.510879e+01 4.249804e+01
      vertex   3.216235e+02 1.522019e+01 4.254029e+01
      vertex   3.214339e+02 1.479547e+01 4.340602e+01
    endloop
  endfacet
  facet normal 3.301448e-01 -8.922971e-01 -3.079127e-01
    outer loop
      vertex   3.214339e+02 1.510879e+01 4.249804e+01
      vertex   3.214339e+02 1.479547e+01 4.340602e+01
      vertex   3.212225e+02 1.472486e+01 4.338401e+01
    endloop
  endfacet
  facet normal 3.301448e-01 -9.092605e-01 -2.534754e-01
    outer loop
      vertex   3.212225e+02 1.472486e+01 4.338401e+01
      vertex   3.214339e+02 1.479547e+01 4.340602e+01
      vertex   3.212225e+02 1.446573e+01 4.431355e+01
    endloop
  endfacet
  facet normal 9.940707e-01 -9.359328e-02 -5.535091e-02
    outer loop
      vertex   3.220000e+02 1.731154e+01 4.009920e+01
      vertex   3.220000e+02 1.683186e+01 4.091030e+01
      vertex   3.219749e+02 1.694931e+01 4.026142e+01
    endloop
  endfacet
  facet normal 9.933589e-01 -1.002164e-01 -5.652224e-02
    outer loop
      vertex   3.219749e+02 1.694931e+01 4.026142e+01
      vertex   3.220000e+02 1.683186e+01 4.091030e+01
      vertex   3.219749e+02 1.649758e+01 4.106235e+01
    endloop
  endfacet
  facet normal 9.438363e-01 -2.877953e-01 -1.623171e-01
    outer loop
      vertex   3.219749e+02 1.694931e+01 4.026142e+01
      vertex   3.219749e+02 1.649758e+01 4.106235e+01
      vertex   3.219010e+02 1.631043e+01 4.096412e+01
    endloop
  endfacet
  facet normal 9.438363e-01 -2.970707e-01 -1.446443e-01
    outer loop
      vertex   3.219010e+02 1.631043e+01 4.096412e+01
      vertex   3.219749e+02 1.649758e+01 4.106235e+01
      vertex   3.219010e+02 1.590230e+01 4.180234e+01
    endloop
  endfacet
  facet normal 8.466148e-01 -4.785002e-01 -2.329827e-01
    outer loop
      vertex   3.219010e+02 1.631043e+01 4.096412e+01
      vertex   3.219010e+02 1.590230e+01 4.180234e+01
      vertex   3.217818e+02 1.572940e+01 4.172452e+01
    endloop
  endfacet
  facet normal 8.466148e-01 -4.916944e-01 -2.036665e-01
    outer loop
      vertex   3.217818e+02 1.572940e+01 4.172452e+01
      vertex   3.219010e+02 1.590230e+01 4.180234e+01
      vertex   3.217818e+02 1.536824e+01 4.259644e+01
    endloop
  endfacet
  facet normal 7.069454e-01 -6.534305e-01 -2.706598e-01
    outer loop
      vertex   3.217818e+02 1.572940e+01 4.172452e+01
      vertex   3.217818e+02 1.536824e+01 4.259644e+01
      vertex   3.216235e+02 1.522019e+01 4.254029e+01
    endloop
  endfacet
  facet normal 7.069454e-01 -6.685804e-01 -2.307128e-01
    outer loop
      vertex   3.216235e+02 1.522019e+01 4.254029e+01
      vertex   3.217818e+02 1.536824e+01 4.259644e+01
      vertex   3.216235e+02 1.490921e+01 4.344146e+01
    endloop
  endfacet
  facet normal 5.318580e-01 -8.005116e-01 -2.762395e-01
    outer loop
      vertex   3.216235e+02 1.522019e+01 4.254029e+01
      vertex   3.216235e+02 1.490921e+01 4.344146e+01
      vertex   3.214339e+02 1.479547e+01 4.340602e+01
    endloop
  endfacet
  facet normal 5.318580e-01 -8.157300e-01 -2.274018e-01
    outer loop
      vertex   3.214339e+02 1.479547e+01 4.340602e+01
      vertex   3.216235e+02 1.490921e+01 4.344146e+01
      vertex   3.214339e+02 1.453754e+01 4.433125e+01
    endloop
  endfacet
  facet normal 3.301448e-01 -9.092605e-01 -2.534754e-01
    outer loop
      vertex   3.214339e+02 1.479547e+01 4.340602e+01
      vertex   3.214339e+02 1.453754e+01 4.433125e+01
      vertex   3.212225e+02 1.446573e+01 4.431355e+01
    endloop
  endfacet
  facet normal 3.301448e-01 -9.229061e-01 -1.981131e-01
    outer loop
      vertex   3.212225e+02 1.446573e+01 4.431355e+01
      vertex   3.214339e+02 1.453754e+01 4.433125e+01
      vertex   3.212225e+02 1.426320e+01 4.525704e+01
    endloop
  endfacet
  facet normal 9.940501e-01 -9.705149e-02 -4.945020e-02
    outer loop
      vertex   3.220000e+02 1.683186e+01 4.091030e+01
      vertex   3.220000e+02 1.640405e+01 4.174992e+01
      vertex   3.219749e+02 1.649758e+01 4.106235e+01
    endloop
  endfacet
  facet normal 9.933854e-01 -1.032402e-01 -5.026784e-02
    outer loop
      vertex   3.219749e+02 1.649758e+01 4.106235e+01
      vertex   3.220000e+02 1.640405e+01 4.174992e+01
      vertex   3.219749e+02 1.609504e+01 4.188909e+01
    endloop
  endfacet
  facet normal 9.438363e-01 -2.970707e-01 -1.446443e-01
    outer loop
      vertex   3.219749e+02 1.649758e+01 4.106235e+01
      vertex   3.219749e+02 1.609504e+01 4.188909e+01
      vertex   3.219010e+02 1.590230e+01 4.180234e+01
    endloop
  endfacet
  facet normal 9.438363e-01 -3.052621e-01 -1.264437e-01
    outer loop
      vertex   3.219010e+02 1.590230e+01 4.180234e+01
      vertex   3.219749e+02 1.609504e+01 4.188909e+01
      vertex   3.219010e+02 1.554552e+01 4.266367e+01
    endloop
  endfacet
  facet normal 8.466148e-01 -4.916944e-01 -2.036665e-01
    outer loop
      vertex   3.219010e+02 1.590230e+01 4.180234e+01
      vertex   3.219010e+02 1.554552e+01 4.266367e+01
      vertex   3.217818e+02 1.536824e+01 4.259644e+01
    endloop
  endfacet
  facet normal 8.466148e-01 -5.030944e-01 -1.736071e-01
    outer loop
      vertex   3.217818e+02 1.536824e+01 4.259644e+01
      vertex   3.219010e+02 1.554552e+01 4.266367e+01
      vertex   3.217818e+02 1.506038e+01 4.348857e+01
    endloop
  endfacet
  facet normal 7.069454e-01 -6.685804e-01 -2.307128e-01
    outer loop
      vertex   3.217818e+02 1.536824e+01 4.259644e+01
      vertex   3.217818e+02 1.506038e+01 4.348857e+01
      vertex   3.216235e+02 1.490921e+01 4.344146e+01
    endloop
  endfacet
  facet normal 7.069454e-01 -6.812907e-01 -1.899240e-01
    outer loop
      vertex   3.216235e+02 1.490921e+01 4.344146e+01
      vertex   3.217818e+02 1.506038e+01 4.348857e+01
      vertex   3.216235e+02 1.465322e+01 4.435977e+01
    endloop
  endfacet
  facet normal 5.318580e-01 -8.157300e-01 -2.274018e-01
    outer loop
      vertex   3.216235e+02 1.490921e+01 4.344146e+01
      vertex   3.216235e+02 1.465322e+01 4.435977e+01
      vertex   3.214339e+02 1.453754e+01 4.433125e+01
    endloop
  endfacet
  facet normal 5.318580e-01 -8.279719e-01 -1.777344e-01
    outer loop
      vertex   3.214339e+02 1.453754e+01 4.433125e+01
      vertex   3.216235e+02 1.465322e+01 4.435977e+01
      vertex   3.214339e+02 1.433595e+01 4.527037e+01
    endloop
  endfacet
  facet normal 3.301448e-01 -9.229061e-01 -1.981131e-01
    outer loop
      vertex   3.214339e+02 1.453754e+01 4.433125e+01
      vertex   3.214339e+02 1.433595e+01 4.527037e+01
      vertex   3.212225e+02 1.426320e+01 4.525704e+01
    endloop
  endfacet
  facet normal 3.301448e-01 -9.331840e-01 -1.420280e-01
    outer loop
      vertex   3.212225e+02 1.426320e+01 4.525704e+01
      vertex   3.214339e+02 1.433595e+01 4.527037e+01
      vertex   3.212225e+02 1.411800e+01 4.621104e+01
    endloop
  endfacet
  facet normal 9.940249e-01 -1.001765e-01 -4.335024e-02
    outer loop
      vertex   3.220000e+02 1.640405e+01 4.174992e+01
      vertex   3.220000e+02 1.602981e+01 4.261474e+01
      vertex   3.219749e+02 1.609504e+01 4.188909e+01
    endloop
  endfacet
  facet normal 9.934171e-01 -1.058338e-01 -4.383782e-02
    outer loop
      vertex   3.219749e+02 1.609504e+01 4.188909e+01
      vertex   3.220000e+02 1.602981e+01 4.261474e+01
      vertex   3.219749e+02 1.574315e+01 4.273862e+01
    endloop
  endfacet
  facet normal 9.438363e-01 -3.052621e-01 -1.264437e-01
    outer loop
      vertex   3.219749e+02 1.609504e+01 4.188909e+01
      vertex   3.219749e+02 1.574315e+01 4.273862e+01
      vertex   3.219010e+02 1.554552e+01 4.266367e+01
    endloop
  endfacet
  facet normal 9.438363e-01 -3.123397e-01 -1.077818e-01
    outer loop
      vertex   3.219010e+02 1.554552e+01 4.266367e+01
      vertex   3.219749e+02 1.574315e+01 4.273862e+01
      vertex   3.219010e+02 1.524141e+01 4.354498e+01
    endloop
  endfacet
  facet normal 8.466148e-01 -5.030944e-01 -1.736071e-01
    outer loop
      vertex   3.219010e+02 1.554552e+01 4.266367e+01
      vertex   3.219010e+02 1.524141e+01 4.354498e+01
      vertex   3.217818e+02 1.506038e+01 4.348857e+01
    endloop
  endfacet
  facet normal 8.466148e-01 -5.126586e-01 -1.429143e-01
    outer loop
      vertex   3.217818e+02 1.506038e+01 4.348857e+01
      vertex   3.219010e+02 1.524141e+01 4.354498e+01
      vertex   3.217818e+02 1.480696e+01 4.439766e+01
    endloop
  endfacet
  facet normal 7.069454e-01 -6.812907e-01 -1.899240e-01
    outer loop
      vertex   3.217818e+02 1.506038e+01 4.348857e+01
      vertex   3.217818e+02 1.480696e+01 4.439766e+01
      vertex   3.216235e+02 1.465322e+01 4.435977e+01
    endloop
  endfacet
  facet normal 7.069454e-01 -6.915151e-01 -1.484422e-01
    outer loop
      vertex   3.216235e+02 1.465322e+01 4.435977e+01
      vertex   3.217818e+02 1.480696e+01 4.439766e+01
      vertex   3.216235e+02 1.445313e+01 4.529185e+01
    endloop
  endfacet
  facet normal 5.318580e-01 -8.279719e-01 -1.777344e-01
    outer loop
      vertex   3.216235e+02 1.465322e+01 4.435977e+01
      vertex   3.216235e+02 1.445313e+01 4.529185e+01
      vertex   3.214339e+02 1.433595e+01 4.527037e+01
    endloop
  endfacet
  facet normal 5.318580e-01 -8.371927e-01 -1.274184e-01
    outer loop
      vertex   3.214339e+02 1.433595e+01 4.527037e+01
      vertex   3.216235e+02 1.445313e+01 4.529185e+01
      vertex   3.214339e+02 1.419142e+01 4.621995e+01
    endloop
  endfacet
  facet normal 3.301448e-01 -9.331840e-01 -1.420280e-01
    outer loop
      vertex   3.214339e+02 1.433595e+01 4.527037e+01
      vertex   3.214339e+02 1.419142e+01 4.621995e+01
      vertex   3.212225e+02 1.411800e+01 4.621104e+01
    endloop
  endfacet
  facet normal 3.301448e-01 -9.400569e-01 -8.542463e-02
    outer loop
      vertex   3.212225e+02 1.411800e+01 4.621104e+01
      vertex   3.214339e+02 1.419142e+01 4.621995e+01
      vertex   3.212225e+02 1.403067e+01 4.717206e+01
    endloop
  endfacet
  facet normal 9.939948e-01 -1.029583e-01 -3.706726e-02
    outer loop
      vertex   3.220000e+02 1.602981e+01 4.261474e+01
      vertex   3.220000e+02 1.571061e+01 4.350135e+01
      vertex   3.219749e+02 1.574315e+01 4.273862e+01
    endloop
  endfacet
  facet normal 9.934537e-01 -1.079871e-01 -3.726403e-02
    outer loop
      vertex   3.219749e+02 1.574315e+01 4.273862e+01
      vertex   3.220000e+02 1.571061e+01 4.350135e+01
      vertex   3.219749e+02 1.544320e+01 4.360786e+01
    endloop
  endfacet
  facet normal 9.438363e-01 -3.123397e-01 -1.077818e-01
    outer loop
      vertex   3.219749e+02 1.574315e+01 4.273862e+01
      vertex   3.219749e+02 1.544320e+01 4.360786e+01
      vertex   3.219010e+02 1.524141e+01 4.354498e+01
    endloop
  endfacet
  facet normal 9.438363e-01 -3.182775e-01 -8.872652e-02
    outer loop
      vertex   3.219010e+02 1.524141e+01 4.354498e+01
      vertex   3.219749e+02 1.544320e+01 4.360786e+01
      vertex   3.219010e+02 1.499105e+01 4.444303e+01
    endloop
  endfacet
  facet normal 8.466148e-01 -5.126586e-01 -1.429143e-01
    outer loop
      vertex   3.219010e+02 1.524141e+01 4.354498e+01
      vertex   3.219010e+02 1.499105e+01 4.444303e+01
      vertex   3.217818e+02 1.480696e+01 4.439766e+01
    endloop
  endfacet
  facet normal 8.466148e-01 -5.203523e-01 -1.117000e-01
    outer loop
      vertex   3.217818e+02 1.480696e+01 4.439766e+01
      vertex   3.219010e+02 1.499105e+01 4.444303e+01
      vertex   3.217818e+02 1.460888e+01 4.532039e+01
    endloop
  endfacet
  facet normal 7.069454e-01 -6.915151e-01 -1.484422e-01
    outer loop
      vertex   3.217818e+02 1.480696e+01 4.439766e+01
      vertex   3.217818e+02 1.460888e+01 4.532039e+01
      vertex   3.216235e+02 1.445313e+01 4.529185e+01
    endloop
  endfacet
  facet normal 7.069454e-01 -6.992161e-01 -1.064187e-01
    outer loop
      vertex   3.216235e+02 1.445313e+01 4.529185e+01
      vertex   3.217818e+02 1.460888e+01 4.532039e+01
      vertex   3.216235e+02 1.430969e+01 4.623432e+01
    endloop
  endfacet
  facet normal 5.318580e-01 -8.371927e-01 -1.274184e-01
    outer loop
      vertex   3.216235e+02 1.445313e+01 4.529185e+01
      vertex   3.216235e+02 1.430969e+01 4.623432e+01
      vertex   3.214339e+02 1.419142e+01 4.621995e+01
    endloop
  endfacet
  facet normal 5.318580e-01 -8.433586e-01 -7.663748e-02
    outer loop
      vertex   3.214339e+02 1.419142e+01 4.621995e+01
      vertex   3.216235e+02 1.430969e+01 4.623432e+01
      vertex   3.214339e+02 1.410450e+01 4.717653e+01
    endloop
  endfacet
  facet normal 3.301448e-01 -9.400569e-01 -8.542463e-02
    outer loop
      vertex   3.214339e+02 1.419142e+01 4.621995e+01
      vertex   3.214339e+02 1.410450e+01 4.717653e+01
      vertex   3.212225e+02 1.403067e+01 4.717206e+01
    endloop
  endfacet
  facet normal 9.939598e-01 -1.053874e-01 -3.061787e-02
    outer loop
      vertex   3.220000e+02 1.571061e+01 4.350135e+01
      vertex   3.220000e+02 1.544771e+01 4.440626e+01
      vertex   3.219749e+02 1.544320e+01 4.360786e+01
    endloop
  endfacet
  facet normal 9.934951e-01 -1.096921e-01 -3.057895e-02
    outer loop
      vertex   3.219749e+02 1.544320e+01 4.360786e+01
      vertex   3.220000e+02 1.544771e+01 4.440626e+01
      vertex   3.219749e+02 1.519627e+01 4.449362e+01
    endloop
  endfacet
  facet normal 9.438363e-01 -3.182775e-01 -8.872652e-02
    outer loop
      vertex   3.219749e+02 1.544320e+01 4.360786e+01
      vertex   3.219749e+02 1.519627e+01 4.449362e+01
      vertex   3.219010e+02 1.499105e+01 4.444303e+01
    endloop
  endfacet
  facet normal 9.438363e-01 -3.230540e-01 -6.934752e-02
    outer loop
      vertex   3.219010e+02 1.499105e+01 4.444303e+01
      vertex   3.219749e+02 1.519627e+01 4.449362e+01
      vertex   3.219010e+02 1.479538e+01 4.535457e+01
    endloop
  endfacet
  facet normal 8.466148e-01 -5.203523e-01 -1.117000e-01
    outer loop
      vertex   3.219010e+02 1.499105e+01 4.444303e+01
      vertex   3.219010e+02 1.479538e+01 4.535457e+01
      vertex   3.217818e+02 1.460888e+01 4.532039e+01
    endloop
  endfacet
  facet normal 8.466148e-01 -5.261472e-01 -8.007813e-02
    outer loop
      vertex   3.217818e+02 1.460888e+01 4.532039e+01
      vertex   3.219010e+02 1.479538e+01 4.535457e+01
      vertex   3.217818e+02 1.446688e+01 4.625340e+01
    endloop
  endfacet
  facet normal 7.069454e-01 -6.992161e-01 -1.064187e-01
    outer loop
      vertex   3.217818e+02 1.460888e+01 4.532039e+01
      vertex   3.217818e+02 1.446688e+01 4.625340e+01
      vertex   3.216235e+02 1.430969e+01 4.623432e+01
    endloop
  endfacet
  facet normal 7.069454e-01 -7.043659e-01 -6.400697e-02
    outer loop
      vertex   3.216235e+02 1.430969e+01 4.623432e+01
      vertex   3.217818e+02 1.446688e+01 4.625340e+01
      vertex   3.216235e+02 1.422342e+01 4.718372e+01
    endloop
  endfacet
  facet normal 5.318580e-01 -8.433586e-01 -7.663748e-02
    outer loop
      vertex   3.216235e+02 1.430969e+01 4.623432e+01
      vertex   3.216235e+02 1.422342e+01 4.718372e+01
      vertex   3.214339e+02 1.410450e+01 4.717653e+01
    endloop
  endfacet
  facet normal 9.939197e-01 -1.074552e-01 -2.401908e-02
    outer loop
      vertex   3.220000e+02 1.544771e+01 4.440626e+01
      vertex   3.220000e+02 1.524215e+01 4.532588e+01
      vertex   3.219749e+02 1.519627e+01 4.449362e+01
    endloop
  endfacet
  facet normal 9.935413e-01 -1.109436e-01 -2.381540e-02
    outer loop
      vertex   3.219749e+02 1.519627e+01 4.449362e+01
      vertex   3.220000e+02 1.524215e+01 4.532588e+01
      vertex   3.219749e+02 1.500328e+01 4.539267e+01
    endloop
  endfacet
  facet normal 9.438363e-01 -3.230540e-01 -6.934752e-02
    outer loop
      vertex   3.219749e+02 1.519627e+01 4.449362e+01
      vertex   3.219749e+02 1.500328e+01 4.539267e+01
      vertex   3.219010e+02 1.479538e+01 4.535457e+01
    endloop
  endfacet
  facet normal 9.438363e-01 -3.266517e-01 -4.971548e-02
    outer loop
      vertex   3.219010e+02 1.479538e+01 4.535457e+01
      vertex   3.219749e+02 1.500328e+01 4.539267e+01
      vertex   3.219010e+02 1.465510e+01 4.627626e+01
    endloop
  endfacet
  facet normal 8.466148e-01 -5.261472e-01 -8.007813e-02
    outer loop
      vertex   3.219010e+02 1.479538e+01 4.535457e+01
      vertex   3.219010e+02 1.465510e+01 4.627626e+01
      vertex   3.217818e+02 1.446688e+01 4.625340e+01
    endloop
  endfacet
  facet normal 8.466148e-01 -5.300223e-01 -4.816406e-02
    outer loop
      vertex   3.217818e+02 1.446688e+01 4.625340e+01
      vertex   3.219010e+02 1.465510e+01 4.627626e+01
      vertex   3.217818e+02 1.438147e+01 4.719328e+01
    endloop
  endfacet
  facet normal 7.069454e-01 -7.043659e-01 -6.400697e-02
    outer loop
      vertex   3.217818e+02 1.446688e+01 4.625340e+01
      vertex   3.217818e+02 1.438147e+01 4.719328e+01
      vertex   3.216235e+02 1.422342e+01 4.718372e+01
    endloop
  endfacet
  facet normal 9.938745e-01 -1.091537e-01 -1.728824e-02
    outer loop
      vertex   3.220000e+02 1.524215e+01 4.532588e+01
      vertex   3.220000e+02 1.509474e+01 4.625661e+01
      vertex   3.219749e+02 1.500328e+01 4.539267e+01
    endloop
  endfacet
  facet normal 9.935921e-01 -1.117390e-01 -1.700636e-02
    outer loop
      vertex   3.219749e+02 1.500328e+01 4.539267e+01
      vertex   3.220000e+02 1.509474e+01 4.625661e+01
      vertex   3.219749e+02 1.486492e+01 4.630173e+01
    endloop
  endfacet
  facet normal 9.438363e-01 -3.266517e-01 -4.971548e-02
    outer loop
      vertex   3.219749e+02 1.500328e+01 4.539267e+01
      vertex   3.219749e+02 1.486492e+01 4.630173e+01
      vertex   3.219010e+02 1.465510e+01 4.627626e+01
    endloop
  endfacet
  facet normal 9.438363e-01 -3.290575e-01 -2.990204e-02
    outer loop
      vertex   3.219010e+02 1.465510e+01 4.627626e+01
      vertex   3.219749e+02 1.486492e+01 4.630173e+01
      vertex   3.219010e+02 1.457073e+01 4.720473e+01
    endloop
  endfacet
  facet normal 8.466148e-01 -5.300223e-01 -4.816406e-02
    outer loop
      vertex   3.219010e+02 1.465510e+01 4.627626e+01
      vertex   3.219010e+02 1.457073e+01 4.720473e+01
      vertex   3.217818e+02 1.438147e+01 4.719328e+01
    endloop
  endfacet
  facet normal 9.938240e-01 -1.104755e-01 -1.044301e-02
    outer loop
      vertex   3.220000e+02 1.509474e+01 4.625661e+01
      vertex   3.220000e+02 1.500606e+01 4.719475e+01
      vertex   3.219749e+02 1.486492e+01 4.630173e+01
    endloop
  endfacet
  facet normal 9.936472e-01 -1.120783e-01 -1.018475e-02
    outer loop
      vertex   3.219749e+02 1.486492e+01 4.630173e+01
      vertex   3.220000e+02 1.500606e+01 4.719475e+01
      vertex   3.219749e+02 1.478171e+01 4.721749e+01
    endloop
  endfacet
  facet normal 9.438363e-01 -3.290575e-01 -2.990204e-02
    outer loop
      vertex   3.219749e+02 1.486492e+01 4.630173e+01
      vertex   3.219749e+02 1.478171e+01 4.721749e+01
      vertex   3.219010e+02 1.457073e+01 4.720473e+01
    endloop
  endfacet
  facet normal 9.937679e-01 -1.114142e-01 -3.501331e-03
    outer loop
      vertex   3.220000e+02 1.500606e+01 4.719475e+01
      vertex   3.220000e+02 1.497646e+01 4.813660e+01
      vertex   3.219749e+02 1.478171e+01 4.721749e+01
    endloop
  endfacet
  facet normal 3.301448e-01 2.850955e-02 9.434997e-01
    outer loop
      vertex   3.212225e+02 2.997646e+01 6.411153e+01
      vertex   3.214339e+02 2.997646e+01 6.403757e+01
      vertex   3.212225e+02 3.094100e+01 6.408239e+01
    endloop
  endfacet
  facet normal 3.301448e-01 2.850955e-02 9.434997e-01
    outer loop
      vertex   3.212225e+02 3.094100e+01 6.408239e+01
      vertex   3.214339e+02 2.997646e+01 6.403757e+01
      vertex   3.214339e+02 3.093653e+01 6.400856e+01
    endloop
  endfacet
  facet normal 3.301448e-01 8.542463e-02 9.400569e-01
    outer loop
      vertex   3.212225e+02 3.094100e+01 6.408239e+01
      vertex   3.214339e+02 3.093653e+01 6.400856e+01
      vertex   3.212225e+02 3.190202e+01 6.399506e+01
    endloop
  endfacet
  facet normal 3.301448e-01 8.542463e-02 9.400569e-01
    outer loop
      vertex   3.212225e+02 3.190202e+01 6.399506e+01
      vertex   3.214339e+02 3.093653e+01 6.400856e+01
      vertex   3.214339e+02 3.189311e+01 6.392164e+01
    endloop
  endfacet
  facet normal 3.301448e-01 1.420280e-01 9.331840e-01
    outer loop
      vertex   3.212225e+02 3.190202e+01 6.399506e+01
      vertex   3.214339e+02 3.189311e+01 6.392164e+01
      vertex   3.212225e+02 3.285602e+01 6.384986e+01
    endloop
  endfacet
  facet normal 3.301448e-01 1.420280e-01 9.331840e-01
    outer loop
      vertex   3.212225e+02 3.285602e+01 6.384986e+01
      vertex   3.214339e+02 3.189311e+01 6.392164e+01
      vertex   3.214339e+02 3.284269e+01 6.377711e+01
    endloop
  endfacet
  facet normal 3.301448e-01 1.981131e-01 9.229061e-01
    outer loop
      vertex   3.212225e+02 3.285602e+01 6.384986e+01
      vertex   3.214339e+02 3.284269e+01 6.377711e+01
      vertex   3.212225e+02 3.379951e+01 6.364733e+01
    endloop
  endfacet
  facet normal 3.301448e-01 1.981131e-01 9.229061e-01
    outer loop
      vertex   3.212225e+02 3.379951e+01 6.364733e+01
      vertex   3.214339e+02 3.284269e+01 6.377711e+01
      vertex   3.214339e+02 3.378181e+01 6.357552e+01
    endloop
  endfacet
  facet normal 3.301448e-01 2.534754e-01 9.092605e-01
    outer loop
      vertex   3.212225e+02 3.379951e+01 6.364733e+01
      vertex   3.214339e+02 3.378181e+01 6.357552e+01
      vertex   3.212225e+02 3.472905e+01 6.338820e+01
    endloop
  endfacet
  facet normal 5.318580e-01 2.557694e-02 8.464472e-01
    outer loop
      vertex   3.214339e+02 2.997646e+01 6.403757e+01
      vertex   3.216235e+02 2.997646e+01 6.391844e+01
      vertex   3.214339e+02 3.093653e+01 6.400856e+01
    endloop
  endfacet
  facet normal 5.318580e-01 2.557694e-02 8.464472e-01
    outer loop
      vertex   3.214339e+02 3.093653e+01 6.400856e+01
      vertex   3.216235e+02 2.997646e+01 6.391844e+01
      vertex   3.216235e+02 3.092934e+01 6.388964e+01
    endloop
  endfacet
  facet normal 5.318580e-01 7.663748e-02 8.433586e-01
    outer loop
      vertex   3.214339e+02 3.093653e+01 6.400856e+01
      vertex   3.216235e+02 3.092934e+01 6.388964e+01
      vertex   3.214339e+02 3.189311e+01 6.392164e+01
    endloop
  endfacet
  facet normal 5.318580e-01 7.663748e-02 8.433586e-01
    outer loop
      vertex   3.214339e+02 3.189311e+01 6.392164e+01
      vertex   3.216235e+02 3.092934e+01 6.388964e+01
      vertex   3.216235e+02 3.187875e+01 6.380337e+01
    endloop
  endfacet
  facet normal 5.318580e-01 1.274184e-01 8.371927e-01
    outer loop
      vertex   3.214339e+02 3.189311e+01 6.392164e+01
      vertex   3.216235e+02 3.187875e+01 6.380337e+01
      vertex   3.214339e+02 3.284269e+01 6.377711e+01
    endloop
  endfacet
  facet normal 5.318580e-01 1.274184e-01 8.371927e-01
    outer loop
      vertex   3.214339e+02 3.284269e+01 6.377711e+01
      vertex   3.216235e+02 3.187875e+01 6.380337e+01
      vertex   3.216235e+02 3.282121e+01 6.365993e+01
    endloop
  endfacet
  facet normal 5.318580e-01 1.777344e-01 8.279719e-01
    outer loop
      vertex   3.214339e+02 3.284269e+01 6.377711e+01
      vertex   3.216235e+02 3.282121e+01 6.365993e+01
      vertex   3.214339e+02 3.378181e+01 6.357552e+01
    endloop
  endfacet
  facet normal 3.301448e-01 -2.850955e-02 9.434997e-01
    outer loop
      vertex   3.214339e+02 2.997646e+01 6.403757e+01
      vertex   3.212225e+02 2.997646e+01 6.411153e+01
      vertex   3.214339e+02 2.901638e+01 6.400856e+01
    endloop
  endfacet
  facet normal 3.301448e-01 -2.850955e-02 9.434997e-01
    outer loop
      vertex   3.214339e+02 2.901638e+01 6.400856e+01
      vertex   3.212225e+02 2.997646e+01 6.411153e+01
      vertex   3.212225e+02 2.901191e+01 6.408239e+01
    endloop
  endfacet
  facet normal 3.301448e-01 -8.542463e-02 9.400569e-01
    outer loop
      vertex   3.214339e+02 2.901638e+01 6.400856e+01
      vertex   3.212225e+02 2.901191e+01 6.408239e+01
      vertex   3.214339e+02 2.805981e+01 6.392164e+01
    endloop
  endfacet
  facet normal 3.301448e-01 -8.542463e-02 9.400569e-01
    outer loop
      vertex   3.214339e+02 2.805981e+01 6.392164e+01
      vertex   3.212225e+02 2.901191e+01 6.408239e+01
      vertex   3.212225e+02 2.805089e+01 6.399506e+01
    endloop
  endfacet
  facet normal 3.301448e-01 -1.420280e-01 9.331840e-01
    outer loop
      vertex   3.214339e+02 2.805981e+01 6.392164e+01
      vertex   3.212225e+02 2.805089e+01 6.399506e+01
      vertex   3.214339e+02 2.711023e+01 6.377711e+01
    endloop
  endfacet
  facet normal 3.301448e-01 -1.420280e-01 9.331840e-01
    outer loop
      vertex   3.214339e+02 2.711023e+01 6.377711e+01
      vertex   3.212225e+02 2.805089e+01 6.399506e+01
      vertex   3.212225e+02 2.709690e+01 6.384986e+01
    endloop
  endfacet
  facet normal 3.301448e-01 -1.981131e-01 9.229061e-01
    outer loop
      vertex   3.214339e+02 2.711023e+01 6.377711e+01
      vertex   3.212225e+02 2.709690e+01 6.384986e+01
      vertex   3.214339e+02 2.617111e+01 6.357552e+01
    endloop
  endfacet
  facet normal 3.301448e-01 -1.981131e-01 9.229061e-01
    outer loop
      vertex   3.214339e+02 2.617111e+01 6.357552e+01
      vertex   3.212225e+02 2.709690e+01 6.384986e+01
      vertex   3.212225e+02 2.615341e+01 6.364733e+01
    endloop
  endfacet
  facet normal 3.301448e-01 -2.534754e-01 9.092605e-01
    outer loop
      vertex   3.214339e+02 2.617111e+01 6.357552e+01
      vertex   3.212225e+02 2.615341e+01 6.364733e+01
      vertex   3.214339e+02 2.524587e+01 6.331759e+01
    endloop
  endfacet
  facet normal 3.301448e-01 -2.534754e-01 9.092605e-01
    outer loop
      vertex   3.214339e+02 2.524587e+01 6.331759e+01
      vertex   3.212225e+02 2.615341e+01 6.364733e+01
      vertex   3.212225e+02 2.522387e+01 6.338820e+01
    endloop
  endfacet
  facet normal 3.301448e-01 -3.079127e-01 8.922971e-01
    outer loop
      vertex   3.214339e+02 2.524587e+01 6.331759e+01
      vertex   3.212225e+02 2.522387e+01 6.338820e+01
      vertex   3.214339e+02 2.433790e+01 6.300427e+01
    endloop
  endfacet
  facet normal 3.301448e-01 -3.079127e-01 8.922971e-01
    outer loop
      vertex   3.214339e+02 2.433790e+01 6.300427e+01
      vertex   3.212225e+02 2.522387e+01 6.338820e+01
      vertex   3.212225e+02 2.431167e+01 6.307342e+01
    endloop
  endfacet
  facet normal 3.301448e-01 -3.612265e-01 8.720779e-01
    outer loop
      vertex   3.214339e+02 2.433790e+01 6.300427e+01
      vertex   3.212225e+02 2.431167e+01 6.307342e+01
      vertex   3.214339e+02 2.345050e+01 6.263670e+01
    endloop
  endfacet
  facet normal 3.301448e-01 -3.612265e-01 8.720779e-01
    outer loop
      vertex   3.214339e+02 2.345050e+01 6.263670e+01
      vertex   3.212225e+02 2.431167e+01 6.307342e+01
      vertex   3.212225e+02 2.342014e+01 6.270414e+01
    endloop
  endfacet
  facet normal 3.301448e-01 -4.132222e-01 8.486765e-01
    outer loop
      vertex   3.214339e+02 2.345050e+01 6.263670e+01
      vertex   3.212225e+02 2.342014e+01 6.270414e+01
      vertex   3.214339e+02 2.258691e+01 6.221621e+01
    endloop
  endfacet
  facet normal 3.301448e-01 -4.132222e-01 8.486765e-01
    outer loop
      vertex   3.214339e+02 2.258691e+01 6.221621e+01
      vertex   3.212225e+02 2.342014e+01 6.270414e+01
      vertex   3.212225e+02 2.255254e+01 6.228170e+01
    endloop
  endfacet
  facet normal 3.301448e-01 -4.637101e-01 8.221784e-01
    outer loop
      vertex   3.214339e+02 2.258691e+01 6.221621e+01
      vertex   3.212225e+02 2.255254e+01 6.228170e+01
      vertex   3.214339e+02 2.175028e+01 6.174436e+01
    endloop
  endfacet
  facet normal 3.301448e-01 -4.637101e-01 8.221784e-01
    outer loop
      vertex   3.214339e+02 2.175028e+01 6.174436e+01
      vertex   3.212225e+02 2.255254e+01 6.228170e+01
      vertex   3.212225e+02 2.171202e+01 6.180765e+01
    endloop
  endfacet
  facet normal 3.301448e-01 -5.125060e-01 7.926803e-01
    outer loop
      vertex   3.214339e+02 2.175028e+01 6.174436e+01
      vertex   3.212225e+02 2.171202e+01 6.180765e+01
      vertex   3.214339e+02 2.094368e+01 6.122285e+01
    endloop
  endfacet
  facet normal 3.301448e-01 -5.125060e-01 7.926803e-01
    outer loop
      vertex   3.214339e+02 2.094368e+01 6.122285e+01
      vertex   3.212225e+02 2.171202e+01 6.180765e+01
      vertex   3.212225e+02 2.090166e+01 6.128371e+01
    endloop
  endfacet
  facet normal 3.301448e-01 -5.594318e-01 7.602897e-01
    outer loop
      vertex   3.214339e+02 2.094368e+01 6.122285e+01
      vertex   3.212225e+02 2.090166e+01 6.128371e+01
      vertex   3.214339e+02 2.017003e+01 6.065358e+01
    endloop
  endfacet
  facet normal 3.301448e-01 -5.594318e-01 7.602897e-01
    outer loop
      vertex   3.214339e+02 2.017003e+01 6.065358e+01
      vertex   3.212225e+02 2.090166e+01 6.128371e+01
      vertex   3.212225e+02 2.012442e+01 6.071180e+01
    endloop
  endfacet
  facet normal 3.301448e-01 -6.043163e-01 7.251250e-01
    outer loop
      vertex   3.214339e+02 2.017003e+01 6.065358e+01
      vertex   3.212225e+02 2.012442e+01 6.071180e+01
      vertex   3.214339e+02 1.943216e+01 6.003865e+01
    endloop
  endfacet
  facet normal 3.301448e-01 -6.043163e-01 7.251250e-01
    outer loop
      vertex   3.214339e+02 1.943216e+01 6.003865e+01
      vertex   3.212225e+02 2.012442e+01 6.071180e+01
      vertex   3.212225e+02 1.938312e+01 6.009401e+01
    endloop
  endfacet
  facet normal 3.301448e-01 -6.469957e-01 6.873143e-01
    outer loop
      vertex   3.214339e+02 1.943216e+01 6.003865e+01
      vertex   3.212225e+02 1.938312e+01 6.009401e+01
      vertex   3.214339e+02 1.873277e+01 5.938029e+01
    endloop
  endfacet
  facet normal 3.301448e-01 -6.469957e-01 6.873143e-01
    outer loop
      vertex   3.214339e+02 1.873277e+01 5.938029e+01
      vertex   3.212225e+02 1.938312e+01 6.009401e+01
      vertex   3.212225e+02 1.868048e+01 5.943258e+01
    endloop
  endfacet
  facet normal 3.301448e-01 -6.873143e-01 6.469957e-01
    outer loop
      vertex   3.214339e+02 1.873277e+01 5.938029e+01
      vertex   3.212225e+02 1.868048e+01 5.943258e+01
      vertex   3.214339e+02 1.807441e+01 5.868090e+01
    endloop
  endfacet
  facet normal 3.301448e-01 -6.873143e-01 6.469957e-01
    outer loop
      vertex   3.214339e+02 1.807441e+01 5.868090e+01
      vertex   3.212225e+02 1.868048e+01 5.943258e+01
      vertex   3.212225e+02 1.801905e+01 5.872994e+01
    endloop
  endfacet
  facet normal 3.301448e-01 -7.251250e-01 6.043163e-01
    outer loop
      vertex   3.214339e+02 1.807441e+01 5.868090e+01
      vertex   3.212225e+02 1.801905e+01 5.872994e+01
      vertex   3.214339e+02 1.745948e+01 5.794303e+01
    endloop
  endfacet
  facet normal 3.301448e-01 -7.251250e-01 6.043163e-01
    outer loop
      vertex   3.214339e+02 1.745948e+01 5.794303e+01
      vertex   3.212225e+02 1.801905e+01 5.872994e+01
      vertex   3.212225e+02 1.740126e+01 5.798864e+01
    endloop
  endfacet
  facet normal 3.301448e-01 -7.602897e-01 5.594318e-01
    outer loop
      vertex   3.214339e+02 1.745948e+01 5.794303e+01
      vertex   3.212225e+02 1.740126e+01 5.798864e+01
      vertex   3.214339e+02 1.689022e+01 5.716938e+01
    endloop
  endfacet
  facet normal 3.301448e-01 -7.602897e-01 5.594318e-01
    outer loop
      vertex   3.214339e+02 1.689022e+01 5.716938e+01
      vertex   3.212225e+02 1.740126e+01 5.798864e+01
      vertex   3.212225e+02 1.682935e+01 5.721140e+01
    endloop
  endfacet
  facet normal 3.301448e-01 -7.926803e-01 5.125060e-01
    outer loop
      vertex   3.214339e+02 1.689022e+01 5.716938e+01
      vertex   3.212225e+02 1.682935e+01 5.721140e+01
      vertex   3.214339e+02 1.636870e+01 5.636278e+01
    endloop
  endfacet
  facet normal 3.301448e-01 -7.926803e-01 5.125060e-01
    outer loop
      vertex   3.214339e+02 1.636870e+01 5.636278e+01
      vertex   3.212225e+02 1.682935e+01 5.721140e+01
      vertex   3.212225e+02 1.630541e+01 5.640104e+01
    endloop
  endfacet
  facet normal 3.301448e-01 -8.221784e-01 4.637101e-01
    outer loop
      vertex   3.214339e+02 1.636870e+01 5.636278e+01
      vertex   3.212225e+02 1.630541e+01 5.640104e+01
      vertex   3.214339e+02 1.589685e+01 5.552615e+01
    endloop
  endfacet
  facet normal 3.301448e-01 -8.221784e-01 4.637101e-01
    outer loop
      vertex   3.214339e+02 1.589685e+01 5.552615e+01
      vertex   3.212225e+02 1.630541e+01 5.640104e+01
      vertex   3.212225e+02 1.583136e+01 5.556052e+01
    endloop
  endfacet
  facet normal 3.301448e-01 -8.486765e-01 4.132222e-01
    outer loop
      vertex   3.214339e+02 1.589685e+01 5.552615e+01
      vertex   3.212225e+02 1.583136e+01 5.556052e+01
      vertex   3.214339e+02 1.547637e+01 5.466257e+01
    endloop
  endfacet
  facet normal 3.301448e-01 -8.486765e-01 4.132222e-01
    outer loop
      vertex   3.214339e+02 1.547637e+01 5.466257e+01
      vertex   3.212225e+02 1.583136e+01 5.556052e+01
      vertex   3.212225e+02 1.540892e+01 5.469292e+01
    endloop
  endfacet
  facet normal 3.301448e-01 -8.720779e-01 3.612265e-01
    outer loop
      vertex   3.214339e+02 1.547637e+01 5.466257e+01
      vertex   3.212225e+02 1.540892e+01 5.469292e+01
      vertex   3.214339e+02 1.510879e+01 5.377517e+01
    endloop
  endfacet
  facet normal 3.301448e-01 -8.720779e-01 3.612265e-01
    outer loop
      vertex   3.214339e+02 1.510879e+01 5.377517e+01
      vertex   3.212225e+02 1.540892e+01 5.469292e+01
      vertex   3.212225e+02 1.503964e+01 5.380139e+01
    endloop
  endfacet
  facet normal 3.301448e-01 -8.922971e-01 3.079127e-01
    outer loop
      vertex   3.214339e+02 1.510879e+01 5.377517e+01
      vertex   3.212225e+02 1.503964e+01 5.380139e+01
      vertex   3.214339e+02 1.479547e+01 5.286719e+01
    endloop
  endfacet
  facet normal 3.301448e-01 -8.922971e-01 3.079127e-01
    outer loop
      vertex   3.214339e+02 1.479547e+01 5.286719e+01
      vertex   3.212225e+02 1.503964e+01 5.380139e+01
      vertex   3.212225e+02 1.472486e+01 5.288919e+01
    endloop
  endfacet
  facet normal 3.301448e-01 -9.092605e-01 2.534754e-01
    outer loop
      vertex   3.214339e+02 1.479547e+01 5.286719e+01
      vertex   3.212225e+02 1.472486e+01 5.288919e+01
      vertex   3.214339e+02 1.453754e+01 5.194196e+01
    endloop
  endfacet
  facet normal 3.301448e-01 -9.092605e-01 2.534754e-01
    outer loop
      vertex   3.214339e+02 1.453754e+01 5.194196e+01
      vertex   3.212225e+02 1.472486e+01 5.288919e+01
      vertex   3.212225e+02 1.446573e+01 5.195966e+01
    endloop
  endfacet
  facet normal 3.301448e-01 -9.229061e-01 1.981131e-01
    outer loop
      vertex   3.214339e+02 1.453754e+01 5.194196e+01
      vertex   3.212225e+02 1.446573e+01 5.195966e+01
      vertex   3.214339e+02 1.433595e+01 5.100283e+01
    endloop
  endfacet
  facet normal 3.301448e-01 -9.229061e-01 1.981131e-01
    outer loop
      vertex   3.214339e+02 1.433595e+01 5.100283e+01
      vertex   3.212225e+02 1.446573e+01 5.195966e+01
      vertex   3.212225e+02 1.426320e+01 5.101617e+01
    endloop
  endfacet
  facet normal 3.301448e-01 -9.331840e-01 1.420280e-01
    outer loop
      vertex   3.214339e+02 1.433595e+01 5.100283e+01
      vertex   3.212225e+02 1.426320e+01 5.101617e+01
      vertex   3.214339e+02 1.419142e+01 5.005325e+01
    endloop
  endfacet
  facet normal 3.301448e-01 -9.331840e-01 1.420280e-01
    outer loop
      vertex   3.214339e+02 1.419142e+01 5.005325e+01
      vertex   3.212225e+02 1.426320e+01 5.101617e+01
      vertex   3.212225e+02 1.411800e+01 5.006217e+01
    endloop
  endfacet
  facet normal 3.301448e-01 -9.400569e-01 8.542463e-02
    outer loop
      vertex   3.214339e+02 1.419142e+01 5.005325e+01
      vertex   3.212225e+02 1.411800e+01 5.006217e+01
      vertex   3.214339e+02 1.410450e+01 4.909668e+01
    endloop
  endfacet
  facet normal 3.301448e-01 -9.400569e-01 8.542463e-02
    outer loop
      vertex   3.214339e+02 1.410450e+01 4.909668e+01
      vertex   3.212225e+02 1.411800e+01 5.006217e+01
      vertex   3.212225e+02 1.403067e+01 4.910115e+01
    endloop
  endfacet
  facet normal 3.301448e-01 -9.434997e-01 2.850955e-02
    outer loop
      vertex   3.214339e+02 1.410450e+01 4.909668e+01
      vertex   3.212225e+02 1.403067e+01 4.910115e+01
      vertex   3.214339e+02 1.407549e+01 4.813660e+01
    endloop
  endfacet
  facet normal 3.301448e-01 -9.434997e-01 2.850955e-02
    outer loop
      vertex   3.214339e+02 1.407549e+01 4.813660e+01
      vertex   3.212225e+02 1.403067e+01 4.910115e+01
      vertex   3.212225e+02 1.400153e+01 4.813660e+01
    endloop
  endfacet
  facet normal 7.069454e-01 2.136164e-02 7.069454e-01
    outer loop
      vertex   3.216235e+02 2.997646e+01 6.391844e+01
      vertex   3.217818e+02 2.997646e+01 6.376009e+01
      vertex   3.216235e+02 3.092934e+01 6.388964e+01
    endloop
  endfacet
  facet normal 7.069454e-01 2.136164e-02 7.069454e-01
    outer loop
      vertex   3.216235e+02 3.092934e+01 6.388964e+01
      vertex   3.217818e+02 2.997646e+01 6.376009e+01
      vertex   3.217818e+02 3.091978e+01 6.373159e+01
    endloop
  endfacet
  facet normal 7.069454e-01 6.400697e-02 7.043659e-01
    outer loop
      vertex   3.216235e+02 3.092934e+01 6.388964e+01
      vertex   3.217818e+02 3.091978e+01 6.373159e+01
      vertex   3.216235e+02 3.187875e+01 6.380337e+01
    endloop
  endfacet
  facet normal 7.069454e-01 6.400697e-02 7.043659e-01
    outer loop
      vertex   3.216235e+02 3.187875e+01 6.380337e+01
      vertex   3.217818e+02 3.091978e+01 6.373159e+01
      vertex   3.217818e+02 3.185966e+01 6.364618e+01
    endloop
  endfacet
  facet normal 7.069454e-01 1.064187e-01 6.992161e-01
    outer loop
      vertex   3.216235e+02 3.187875e+01 6.380337e+01
      vertex   3.217818e+02 3.185966e+01 6.364618e+01
      vertex   3.216235e+02 3.282121e+01 6.365993e+01
    endloop
  endfacet
  facet normal 5.318580e-01 -2.557694e-02 8.464472e-01
    outer loop
      vertex   3.216235e+02 2.997646e+01 6.391844e+01
      vertex   3.214339e+02 2.997646e+01 6.403757e+01
      vertex   3.216235e+02 2.902357e+01 6.388964e+01
    endloop
  endfacet
  facet normal 5.318580e-01 -2.557694e-02 8.464472e-01
    outer loop
      vertex   3.216235e+02 2.902357e+01 6.388964e+01
      vertex   3.214339e+02 2.997646e+01 6.403757e+01
      vertex   3.214339e+02 2.901638e+01 6.400856e+01
    endloop
  endfacet
  facet normal 5.318580e-01 -7.663748e-02 8.433586e-01
    outer loop
      vertex   3.216235e+02 2.902357e+01 6.388964e+01
      vertex   3.214339e+02 2.901638e+01 6.400856e+01
      vertex   3.216235e+02 2.807417e+01 6.380337e+01
    endloop
  endfacet
  facet normal 5.318580e-01 -7.663748e-02 8.433586e-01
    outer loop
      vertex   3.216235e+02 2.807417e+01 6.380337e+01
      vertex   3.214339e+02 2.901638e+01 6.400856e+01
      vertex   3.214339e+02 2.805981e+01 6.392164e+01
    endloop
  endfacet
  facet normal 5.318580e-01 -1.274184e-01 8.371927e-01
    outer loop
      vertex   3.216235e+02 2.807417e+01 6.380337e+01
      vertex   3.214339e+02 2.805981e+01 6.392164e+01
      vertex   3.216235e+02 2.713170e+01 6.365993e+01
    endloop
  endfacet
  facet normal 5.318580e-01 -1.274184e-01 8.371927e-01
    outer loop
      vertex   3.216235e+02 2.713170e+01 6.365993e+01
      vertex   3.214339e+02 2.805981e+01 6.392164e+01
      vertex   3.214339e+02 2.711023e+01 6.377711e+01
    endloop
  endfacet
  facet normal 5.318580e-01 -1.777344e-01 8.279719e-01
    outer loop
      vertex   3.216235e+02 2.713170e+01 6.365993e+01
      vertex   3.214339e+02 2.711023e+01 6.377711e+01
      vertex   3.216235e+02 2.619962e+01 6.345984e+01
    endloop
  endfacet
  facet normal 5.318580e-01 -1.777344e-01 8.279719e-01
    outer loop
      vertex   3.216235e+02 2.619962e+01 6.345984e+01
      vertex   3.214339e+02 2.711023e+01 6.377711e+01
      vertex   3.214339e+02 2.617111e+01 6.357552e+01
    endloop
  endfacet
  facet normal 5.318580e-01 -2.274018e-01 8.157300e-01
    outer loop
      vertex   3.216235e+02 2.619962e+01 6.345984e+01
      vertex   3.214339e+02 2.617111e+01 6.357552e+01
      vertex   3.216235e+02 2.528131e+01 6.320385e+01
    endloop
  endfacet
  facet normal 5.318580e-01 -2.274018e-01 8.157300e-01
    outer loop
      vertex   3.216235e+02 2.528131e+01 6.320385e+01
      vertex   3.214339e+02 2.617111e+01 6.357552e+01
      vertex   3.214339e+02 2.524587e+01 6.331759e+01
    endloop
  endfacet
  facet normal 5.318580e-01 -2.762395e-01 8.005116e-01
    outer loop
      vertex   3.216235e+02 2.528131e+01 6.320385e+01
      vertex   3.214339e+02 2.524587e+01 6.331759e+01
      vertex   3.216235e+02 2.438014e+01 6.289287e+01
    endloop
  endfacet
  facet normal 5.318580e-01 -2.762395e-01 8.005116e-01
    outer loop
      vertex   3.216235e+02 2.438014e+01 6.289287e+01
      vertex   3.214339e+02 2.524587e+01 6.331759e+01
      vertex   3.214339e+02 2.433790e+01 6.300427e+01
    endloop
  endfacet
  facet normal 5.318580e-01 -3.240692e-01 7.823722e-01
    outer loop
      vertex   3.216235e+02 2.438014e+01 6.289287e+01
      vertex   3.214339e+02 2.433790e+01 6.300427e+01
      vertex   3.216235e+02 2.349939e+01 6.252805e+01
    endloop
  endfacet
  facet normal 5.318580e-01 -3.240692e-01 7.823722e-01
    outer loop
      vertex   3.216235e+02 2.349939e+01 6.252805e+01
      vertex   3.214339e+02 2.433790e+01 6.300427e+01
      vertex   3.214339e+02 2.345050e+01 6.263670e+01
    endloop
  endfacet
  facet normal 5.318580e-01 -3.707164e-01 7.613780e-01
    outer loop
      vertex   3.216235e+02 2.349939e+01 6.252805e+01
      vertex   3.214339e+02 2.345050e+01 6.263670e+01
      vertex   3.216235e+02 2.264227e+01 6.211072e+01
    endloop
  endfacet
  facet normal 5.318580e-01 -3.707164e-01 7.613780e-01
    outer loop
      vertex   3.216235e+02 2.264227e+01 6.211072e+01
      vertex   3.214339e+02 2.345050e+01 6.263670e+01
      vertex   3.214339e+02 2.258691e+01 6.221621e+01
    endloop
  endfacet
  facet normal 5.318580e-01 -4.160109e-01 7.376056e-01
    outer loop
      vertex   3.216235e+02 2.264227e+01 6.211072e+01
      vertex   3.214339e+02 2.258691e+01 6.221621e+01
      vertex   3.216235e+02 2.181192e+01 6.164240e+01
    endloop
  endfacet
  facet normal 5.318580e-01 -4.160109e-01 7.376056e-01
    outer loop
      vertex   3.216235e+02 2.181192e+01 6.164240e+01
      vertex   3.214339e+02 2.258691e+01 6.221621e+01
      vertex   3.214339e+02 2.175028e+01 6.174436e+01
    endloop
  endfacet
  facet normal 5.318580e-01 -4.597874e-01 7.111417e-01
    outer loop
      vertex   3.216235e+02 2.181192e+01 6.164240e+01
      vertex   3.214339e+02 2.175028e+01 6.174436e+01
      vertex   3.216235e+02 2.101135e+01 6.112480e+01
    endloop
  endfacet
  facet normal 5.318580e-01 -4.597874e-01 7.111417e-01
    outer loop
      vertex   3.216235e+02 2.101135e+01 6.112480e+01
      vertex   3.214339e+02 2.175028e+01 6.174436e+01
      vertex   3.214339e+02 2.094368e+01 6.122285e+01
    endloop
  endfacet
  facet normal 5.318580e-01 -5.018862e-01 6.820830e-01
    outer loop
      vertex   3.216235e+02 2.101135e+01 6.112480e+01
      vertex   3.214339e+02 2.094368e+01 6.122285e+01
      vertex   3.216235e+02 2.024350e+01 6.055980e+01
    endloop
  endfacet
  facet normal 5.318580e-01 -5.018862e-01 6.820830e-01
    outer loop
      vertex   3.216235e+02 2.024350e+01 6.055980e+01
      vertex   3.214339e+02 2.094368e+01 6.122285e+01
      vertex   3.214339e+02 2.017003e+01 6.065358e+01
    endloop
  endfacet
  facet normal 5.318580e-01 -5.421537e-01 6.505355e-01
    outer loop
      vertex   3.216235e+02 2.024350e+01 6.055980e+01
      vertex   3.214339e+02 2.017003e+01 6.065358e+01
      vertex   3.216235e+02 1.951117e+01 5.994948e+01
    endloop
  endfacet
  facet normal 5.318580e-01 -5.421537e-01 6.505355e-01
    outer loop
      vertex   3.216235e+02 1.951117e+01 5.994948e+01
      vertex   3.214339e+02 2.017003e+01 6.065358e+01
      vertex   3.214339e+02 1.943216e+01 6.003865e+01
    endloop
  endfacet
  facet normal 5.318580e-01 -5.804429e-01 6.166142e-01
    outer loop
      vertex   3.216235e+02 1.951117e+01 5.994948e+01
      vertex   3.214339e+02 1.943216e+01 6.003865e+01
      vertex   3.216235e+02 1.881702e+01 5.929604e+01
    endloop
  endfacet
  facet normal 5.318580e-01 -5.804429e-01 6.166142e-01
    outer loop
      vertex   3.216235e+02 1.881702e+01 5.929604e+01
      vertex   3.214339e+02 1.943216e+01 6.003865e+01
      vertex   3.214339e+02 1.873277e+01 5.938029e+01
    endloop
  endfacet
  facet normal 5.318580e-01 -6.166142e-01 5.804429e-01
    outer loop
      vertex   3.216235e+02 1.881702e+01 5.929604e+01
      vertex   3.214339e+02 1.873277e+01 5.938029e+01
      vertex   3.216235e+02 1.816359e+01 5.860189e+01
    endloop
  endfacet
  facet normal 5.318580e-01 -6.166142e-01 5.804429e-01
    outer loop
      vertex   3.216235e+02 1.816359e+01 5.860189e+01
      vertex   3.214339e+02 1.873277e+01 5.938029e+01
      vertex   3.214339e+02 1.807441e+01 5.868090e+01
    endloop
  endfacet
  facet normal 5.318580e-01 -6.505355e-01 5.421537e-01
    outer loop
      vertex   3.216235e+02 1.816359e+01 5.860189e+01
      vertex   3.214339e+02 1.807441e+01 5.868090e+01
      vertex   3.216235e+02 1.755326e+01 5.786956e+01
    endloop
  endfacet
  facet normal 5.318580e-01 -6.505355e-01 5.421537e-01
    outer loop
      vertex   3.216235e+02 1.755326e+01 5.786956e+01
      vertex   3.214339e+02 1.807441e+01 5.868090e+01
      vertex   3.214339e+02 1.745948e+01 5.794303e+01
    endloop
  endfacet
  facet normal 5.318580e-01 -6.820830e-01 5.018862e-01
    outer loop
      vertex   3.216235e+02 1.755326e+01 5.786956e+01
      vertex   3.214339e+02 1.745948e+01 5.794303e+01
      vertex   3.216235e+02 1.698826e+01 5.710171e+01
    endloop
  endfacet
  facet normal 5.318580e-01 -6.820830e-01 5.018862e-01
    outer loop
      vertex   3.216235e+02 1.698826e+01 5.710171e+01
      vertex   3.214339e+02 1.745948e+01 5.794303e+01
      vertex   3.214339e+02 1.689022e+01 5.716938e+01
    endloop
  endfacet
  facet normal 5.318580e-01 -7.111417e-01 4.597874e-01
    outer loop
      vertex   3.216235e+02 1.698826e+01 5.710171e+01
      vertex   3.214339e+02 1.689022e+01 5.716938e+01
      vertex   3.216235e+02 1.647066e+01 5.630114e+01
    endloop
  endfacet
  facet normal 5.318580e-01 -7.111417e-01 4.597874e-01
    outer loop
      vertex   3.216235e+02 1.647066e+01 5.630114e+01
      vertex   3.214339e+02 1.689022e+01 5.716938e+01
      vertex   3.214339e+02 1.636870e+01 5.636278e+01
    endloop
  endfacet
  facet normal 5.318580e-01 -7.376056e-01 4.160109e-01
    outer loop
      vertex   3.216235e+02 1.647066e+01 5.630114e+01
      vertex   3.214339e+02 1.636870e+01 5.636278e+01
      vertex   3.216235e+02 1.600234e+01 5.547079e+01
    endloop
  endfacet
  facet normal 5.318580e-01 -7.376056e-01 4.160109e-01
    outer loop
      vertex   3.216235e+02 1.600234e+01 5.547079e+01
      vertex   3.214339e+02 1.636870e+01 5.636278e+01
      vertex   3.214339e+02 1.589685e+01 5.552615e+01
    endloop
  endfacet
  facet normal 5.318580e-01 -7.613780e-01 3.707164e-01
    outer loop
      vertex   3.216235e+02 1.600234e+01 5.547079e+01
      vertex   3.214339e+02 1.589685e+01 5.552615e+01
      vertex   3.216235e+02 1.558501e+01 5.461367e+01
    endloop
  endfacet
  facet normal 5.318580e-01 -7.613780e-01 3.707164e-01
    outer loop
      vertex   3.216235e+02 1.558501e+01 5.461367e+01
      vertex   3.214339e+02 1.589685e+01 5.552615e+01
      vertex   3.214339e+02 1.547637e+01 5.466257e+01
    endloop
  endfacet
  facet normal 5.318580e-01 -7.823722e-01 3.240692e-01
    outer loop
      vertex   3.216235e+02 1.558501e+01 5.461367e+01
      vertex   3.214339e+02 1.547637e+01 5.466257e+01
      vertex   3.216235e+02 1.522019e+01 5.373292e+01
    endloop
  endfacet
  facet normal 5.318580e-01 -7.823722e-01 3.240692e-01
    outer loop
      vertex   3.216235e+02 1.522019e+01 5.373292e+01
      vertex   3.214339e+02 1.547637e+01 5.466257e+01
      vertex   3.214339e+02 1.510879e+01 5.377517e+01
    endloop
  endfacet
  facet normal 5.318580e-01 -8.005116e-01 2.762395e-01
    outer loop
      vertex   3.216235e+02 1.522019e+01 5.373292e+01
      vertex   3.214339e+02 1.510879e+01 5.377517e+01
      vertex   3.216235e+02 1.490921e+01 5.283175e+01
    endloop
  endfacet
  facet normal 5.318580e-01 -8.005116e-01 2.762395e-01
    outer loop
      vertex   3.216235e+02 1.490921e+01 5.283175e+01
      vertex   3.214339e+02 1.510879e+01 5.377517e+01
      vertex   3.214339e+02 1.479547e+01 5.286719e+01
    endloop
  endfacet
  facet normal 5.318580e-01 -8.157300e-01 2.274018e-01
    outer loop
      vertex   3.216235e+02 1.490921e+01 5.283175e+01
      vertex   3.214339e+02 1.479547e+01 5.286719e+01
      vertex   3.216235e+02 1.465322e+01 5.191344e+01
    endloop
  endfacet
  facet normal 5.318580e-01 -8.157300e-01 2.274018e-01
    outer loop
      vertex   3.216235e+02 1.465322e+01 5.191344e+01
      vertex   3.214339e+02 1.479547e+01 5.286719e+01
      vertex   3.214339e+02 1.453754e+01 5.194196e+01
    endloop
  endfacet
  facet normal 5.318580e-01 -8.279719e-01 1.777344e-01
    outer loop
      vertex   3.216235e+02 1.465322e+01 5.191344e+01
      vertex   3.214339e+02 1.453754e+01 5.194196e+01
      vertex   3.216235e+02 1.445313e+01 5.098136e+01
    endloop
  endfacet
  facet normal 5.318580e-01 -8.279719e-01 1.777344e-01
    outer loop
      vertex   3.216235e+02 1.445313e+01 5.098136e+01
      vertex   3.214339e+02 1.453754e+01 5.194196e+01
      vertex   3.214339e+02 1.433595e+01 5.100283e+01
    endloop
  endfacet
  facet normal 5.318580e-01 -8.371927e-01 1.274184e-01
    outer loop
      vertex   3.216235e+02 1.445313e+01 5.098136e+01
      vertex   3.214339e+02 1.433595e+01 5.100283e+01
      vertex   3.216235e+02 1.430969e+01 5.003889e+01
    endloop
  endfacet
  facet normal 5.318580e-01 -8.371927e-01 1.274184e-01
    outer loop
      vertex   3.216235e+02 1.430969e+01 5.003889e+01
      vertex   3.214339e+02 1.433595e+01 5.100283e+01
      vertex   3.214339e+02 1.419142e+01 5.005325e+01
    endloop
  endfacet
  facet normal 5.318580e-01 -8.433586e-01 7.663748e-02
    outer loop
      vertex   3.216235e+02 1.430969e+01 5.003889e+01
      vertex   3.214339e+02 1.419142e+01 5.005325e+01
      vertex   3.216235e+02 1.422342e+01 4.908949e+01
    endloop
  endfacet
  facet normal 5.318580e-01 -8.433586e-01 7.663748e-02
    outer loop
      vertex   3.216235e+02 1.422342e+01 4.908949e+01
      vertex   3.214339e+02 1.419142e+01 5.005325e+01
      vertex   3.214339e+02 1.410450e+01 4.909668e+01
    endloop
  endfacet
  facet normal 5.318580e-01 -8.464472e-01 2.557694e-02
    outer loop
      vertex   3.216235e+02 1.422342e+01 4.908949e+01
      vertex   3.214339e+02 1.410450e+01 4.909668e+01
      vertex   3.216235e+02 1.419462e+01 4.813660e+01
    endloop
  endfacet
  facet normal 5.318580e-01 -8.464472e-01 2.557694e-02
    outer loop
      vertex   3.216235e+02 1.419462e+01 4.813660e+01
      vertex   3.214339e+02 1.410450e+01 4.909668e+01
      vertex   3.214339e+02 1.407549e+01 4.813660e+01
    endloop
  endfacet
  facet normal 8.466148e-01 1.607424e-02 5.319633e-01
    outer loop
      vertex   3.217818e+02 2.997646e+01 6.376009e+01
      vertex   3.219010e+02 2.997646e+01 6.357049e+01
      vertex   3.217818e+02 3.091978e+01 6.373159e+01
    endloop
  endfacet
  facet normal 8.466148e-01 1.607424e-02 5.319633e-01
    outer loop
      vertex   3.217818e+02 3.091978e+01 6.373159e+01
      vertex   3.219010e+02 2.997646e+01 6.357049e+01
      vertex   3.219010e+02 3.090833e+01 6.354233e+01
    endloop
  endfacet
  facet normal 8.466148e-01 4.816406e-02 5.300223e-01
    outer loop
      vertex   3.217818e+02 3.091978e+01 6.373159e+01
      vertex   3.219010e+02 3.090833e+01 6.354233e+01
      vertex   3.217818e+02 3.185966e+01 6.364618e+01
    endloop
  endfacet
  facet normal 7.069454e-01 -2.136164e-02 7.069454e-01
    outer loop
      vertex   3.217818e+02 2.997646e+01 6.376009e+01
      vertex   3.216235e+02 2.997646e+01 6.391844e+01
      vertex   3.217818e+02 2.903313e+01 6.373159e+01
    endloop
  endfacet
  facet normal 7.069454e-01 -2.136164e-02 7.069454e-01
    outer loop
      vertex   3.217818e+02 2.903313e+01 6.373159e+01
      vertex   3.216235e+02 2.997646e+01 6.391844e+01
      vertex   3.216235e+02 2.902357e+01 6.388964e+01
    endloop
  endfacet
  facet normal 7.069454e-01 -6.400697e-02 7.043659e-01
    outer loop
      vertex   3.217818e+02 2.903313e+01 6.373159e+01
      vertex   3.216235e+02 2.902357e+01 6.388964e+01
      vertex   3.217818e+02 2.809325e+01 6.364618e+01
    endloop
  endfacet
  facet normal 7.069454e-01 -6.400697e-02 7.043659e-01
    outer loop
      vertex   3.217818e+02 2.809325e+01 6.364618e+01
      vertex   3.216235e+02 2.902357e+01 6.388964e+01
      vertex   3.216235e+02 2.807417e+01 6.380337e+01
    endloop
  endfacet
  facet normal 7.069454e-01 -1.064187e-01 6.992161e-01
    outer loop
      vertex   3.217818e+02 2.809325e+01 6.364618e+01
      vertex   3.216235e+02 2.807417e+01 6.380337e+01
      vertex   3.217818e+02 2.716024e+01 6.350418e+01
    endloop
  endfacet
  facet normal 7.069454e-01 -1.064187e-01 6.992161e-01
    outer loop
      vertex   3.217818e+02 2.716024e+01 6.350418e+01
      vertex   3.216235e+02 2.807417e+01 6.380337e+01
      vertex   3.216235e+02 2.713170e+01 6.365993e+01
    endloop
  endfacet
  facet normal 7.069454e-01 -1.484422e-01 6.915151e-01
    outer loop
      vertex   3.217818e+02 2.716024e+01 6.350418e+01
      vertex   3.216235e+02 2.713170e+01 6.365993e+01
      vertex   3.217818e+02 2.623751e+01 6.330610e+01
    endloop
  endfacet
  facet normal 7.069454e-01 -1.484422e-01 6.915151e-01
    outer loop
      vertex   3.217818e+02 2.623751e+01 6.330610e+01
      vertex   3.216235e+02 2.713170e+01 6.365993e+01
      vertex   3.216235e+02 2.619962e+01 6.345984e+01
    endloop
  endfacet
  facet normal 7.069454e-01 -1.899240e-01 6.812907e-01
    outer loop
      vertex   3.217818e+02 2.623751e+01 6.330610e+01
      vertex   3.216235e+02 2.619962e+01 6.345984e+01
      vertex   3.217818e+02 2.532842e+01 6.305268e+01
    endloop
  endfacet
  facet normal 7.069454e-01 -1.899240e-01 6.812907e-01
    outer loop
      vertex   3.217818e+02 2.532842e+01 6.305268e+01
      vertex   3.216235e+02 2.619962e+01 6.345984e+01
      vertex   3.216235e+02 2.528131e+01 6.320385e+01
    endloop
  endfacet
  facet normal 7.069454e-01 -2.307128e-01 6.685804e-01
    outer loop
      vertex   3.217818e+02 2.532842e+01 6.305268e+01
      vertex   3.216235e+02 2.528131e+01 6.320385e+01
      vertex   3.217818e+02 2.443629e+01 6.274482e+01
    endloop
  endfacet
  facet normal 7.069454e-01 -2.307128e-01 6.685804e-01
    outer loop
      vertex   3.217818e+02 2.443629e+01 6.274482e+01
      vertex   3.216235e+02 2.528131e+01 6.320385e+01
      vertex   3.216235e+02 2.438014e+01 6.289287e+01
    endloop
  endfacet
  facet normal 7.069454e-01 -2.706598e-01 6.534305e-01
    outer loop
      vertex   3.217818e+02 2.443629e+01 6.274482e+01
      vertex   3.216235e+02 2.438014e+01 6.289287e+01
      vertex   3.217818e+02 2.356438e+01 6.238366e+01
    endloop
  endfacet
  facet normal 7.069454e-01 -2.706598e-01 6.534305e-01
    outer loop
      vertex   3.217818e+02 2.356438e+01 6.238366e+01
      vertex   3.216235e+02 2.438014e+01 6.289287e+01
      vertex   3.216235e+02 2.349939e+01 6.252805e+01
    endloop
  endfacet
  facet normal 7.069454e-01 -3.096191e-01 6.358963e-01
    outer loop
      vertex   3.217818e+02 2.356438e+01 6.238366e+01
      vertex   3.216235e+02 2.349939e+01 6.252805e+01
      vertex   3.217818e+02 2.271586e+01 6.197052e+01
    endloop
  endfacet
  facet normal 7.069454e-01 -3.096191e-01 6.358963e-01
    outer loop
      vertex   3.217818e+02 2.271586e+01 6.197052e+01
      vertex   3.216235e+02 2.349939e+01 6.252805e+01
      vertex   3.216235e+02 2.264227e+01 6.211072e+01
    endloop
  endfacet
  facet normal 7.069454e-01 -3.474487e-01 6.160418e-01
    outer loop
      vertex   3.217818e+02 2.271586e+01 6.197052e+01
      vertex   3.216235e+02 2.264227e+01 6.211072e+01
      vertex   3.217818e+02 2.189383e+01 6.150689e+01
    endloop
  endfacet
  facet normal 7.069454e-01 -3.474487e-01 6.160418e-01
    outer loop
      vertex   3.217818e+02 2.189383e+01 6.150689e+01
      vertex   3.216235e+02 2.264227e+01 6.211072e+01
      vertex   3.216235e+02 2.181192e+01 6.164240e+01
    endloop
  endfacet
  facet normal 7.069454e-01 -3.840105e-01 5.939395e-01
    outer loop
      vertex   3.217818e+02 2.189383e+01 6.150689e+01
      vertex   3.216235e+02 2.181192e+01 6.164240e+01
      vertex   3.217818e+02 2.110130e+01 6.099448e+01
    endloop
  endfacet
  facet normal 7.069454e-01 -3.840105e-01 5.939395e-01
    outer loop
      vertex   3.217818e+02 2.110130e+01 6.099448e+01
      vertex   3.216235e+02 2.181192e+01 6.164240e+01
      vertex   3.216235e+02 2.101135e+01 6.112480e+01
    endloop
  endfacet
  facet normal 7.069454e-01 -4.191711e-01 5.696699e-01
    outer loop
      vertex   3.217818e+02 2.110130e+01 6.099448e+01
      vertex   3.216235e+02 2.101135e+01 6.112480e+01
      vertex   3.217818e+02 2.034116e+01 6.043516e+01
    endloop
  endfacet
  facet normal 7.069454e-01 -4.191711e-01 5.696699e-01
    outer loop
      vertex   3.217818e+02 2.034116e+01 6.043516e+01
      vertex   3.216235e+02 2.101135e+01 6.112480e+01
      vertex   3.216235e+02 2.024350e+01 6.055980e+01
    endloop
  endfacet
  facet normal 7.069454e-01 -4.528021e-01 5.433216e-01
    outer loop
      vertex   3.217818e+02 2.034116e+01 6.043516e+01
      vertex   3.216235e+02 2.024350e+01 6.055980e+01
      vertex   3.217818e+02 1.961617e+01 5.983095e+01
    endloop
  endfacet
  facet normal 7.069454e-01 -4.528021e-01 5.433216e-01
    outer loop
      vertex   3.217818e+02 1.961617e+01 5.983095e+01
      vertex   3.216235e+02 2.024350e+01 6.055980e+01
      vertex   3.216235e+02 1.951117e+01 5.994948e+01
    endloop
  endfacet
  facet normal 7.069454e-01 -4.847809e-01 5.149909e-01
    outer loop
      vertex   3.217818e+02 1.961617e+01 5.983095e+01
      vertex   3.216235e+02 1.951117e+01 5.994948e+01
      vertex   3.217818e+02 1.892898e+01 5.918408e+01
    endloop
  endfacet
  facet normal 7.069454e-01 -4.847809e-01 5.149909e-01
    outer loop
      vertex   3.217818e+02 1.892898e+01 5.918408e+01
      vertex   3.216235e+02 1.951117e+01 5.994948e+01
      vertex   3.216235e+02 1.881702e+01 5.929604e+01
    endloop
  endfacet
  facet normal 7.069454e-01 -5.149909e-01 4.847809e-01
    outer loop
      vertex   3.217818e+02 1.892898e+01 5.918408e+01
      vertex   3.216235e+02 1.881702e+01 5.929604e+01
      vertex   3.217818e+02 1.828211e+01 5.849689e+01
    endloop
  endfacet
  facet normal 7.069454e-01 -5.149909e-01 4.847809e-01
    outer loop
      vertex   3.217818e+02 1.828211e+01 5.849689e+01
      vertex   3.216235e+02 1.881702e+01 5.929604e+01
      vertex   3.216235e+02 1.816359e+01 5.860189e+01
    endloop
  endfacet
  facet normal 7.069454e-01 -5.433216e-01 4.528021e-01
    outer loop
      vertex   3.217818e+02 1.828211e+01 5.849689e+01
      vertex   3.216235e+02 1.816359e+01 5.860189e+01
      vertex   3.217818e+02 1.767790e+01 5.777191e+01
    endloop
  endfacet
  facet normal 7.069454e-01 -5.433216e-01 4.528021e-01
    outer loop
      vertex   3.217818e+02 1.767790e+01 5.777191e+01
      vertex   3.216235e+02 1.816359e+01 5.860189e+01
      vertex   3.216235e+02 1.755326e+01 5.786956e+01
    endloop
  endfacet
  facet normal 7.069454e-01 -5.696699e-01 4.191711e-01
    outer loop
      vertex   3.217818e+02 1.767790e+01 5.777191e+01
      vertex   3.216235e+02 1.755326e+01 5.786956e+01
      vertex   3.217818e+02 1.711858e+01 5.701176e+01
    endloop
  endfacet
  facet normal 7.069454e-01 -5.696699e-01 4.191711e-01
    outer loop
      vertex   3.217818e+02 1.711858e+01 5.701176e+01
      vertex   3.216235e+02 1.755326e+01 5.786956e+01
      vertex   3.216235e+02 1.698826e+01 5.710171e+01
    endloop
  endfacet
  facet normal 7.069454e-01 -5.939395e-01 3.840105e-01
    outer loop
      vertex   3.217818e+02 1.711858e+01 5.701176e+01
      vertex   3.216235e+02 1.698826e+01 5.710171e+01
      vertex   3.217818e+02 1.660617e+01 5.621923e+01
    endloop
  endfacet
  facet normal 7.069454e-01 -5.939395e-01 3.840105e-01
    outer loop
      vertex   3.217818e+02 1.660617e+01 5.621923e+01
      vertex   3.216235e+02 1.698826e+01 5.710171e+01
      vertex   3.216235e+02 1.647066e+01 5.630114e+01
    endloop
  endfacet
  facet normal 7.069454e-01 -6.160418e-01 3.474487e-01
    outer loop
      vertex   3.217818e+02 1.660617e+01 5.621923e+01
      vertex   3.216235e+02 1.647066e+01 5.630114e+01
      vertex   3.217818e+02 1.614254e+01 5.539720e+01
    endloop
  endfacet
  facet normal 7.069454e-01 -6.160418e-01 3.474487e-01
    outer loop
      vertex   3.217818e+02 1.614254e+01 5.539720e+01
      vertex   3.216235e+02 1.647066e+01 5.630114e+01
      vertex   3.216235e+02 1.600234e+01 5.547079e+01
    endloop
  endfacet
  facet normal 7.069454e-01 -6.358963e-01 3.096191e-01
    outer loop
      vertex   3.217818e+02 1.614254e+01 5.539720e+01
      vertex   3.216235e+02 1.600234e+01 5.547079e+01
      vertex   3.217818e+02 1.572940e+01 5.454868e+01
    endloop
  endfacet
  facet normal 7.069454e-01 -6.358963e-01 3.096191e-01
    outer loop
      vertex   3.217818e+02 1.572940e+01 5.454868e+01
      vertex   3.216235e+02 1.600234e+01 5.547079e+01
      vertex   3.216235e+02 1.558501e+01 5.461367e+01
    endloop
  endfacet
  facet normal 7.069454e-01 -6.534305e-01 2.706598e-01
    outer loop
      vertex   3.217818e+02 1.572940e+01 5.454868e+01
      vertex   3.216235e+02 1.558501e+01 5.461367e+01
      vertex   3.217818e+02 1.536824e+01 5.367677e+01
    endloop
  endfacet
  facet normal 7.069454e-01 -6.534305e-01 2.706598e-01
    outer loop
      vertex   3.217818e+02 1.536824e+01 5.367677e+01
      vertex   3.216235e+02 1.558501e+01 5.461367e+01
      vertex   3.216235e+02 1.522019e+01 5.373292e+01
    endloop
  endfacet
  facet normal 7.069454e-01 -6.685804e-01 2.307128e-01
    outer loop
      vertex   3.217818e+02 1.536824e+01 5.367677e+01
      vertex   3.216235e+02 1.522019e+01 5.373292e+01
      vertex   3.217818e+02 1.506038e+01 5.278464e+01
    endloop
  endfacet
  facet normal 7.069454e-01 -6.685804e-01 2.307128e-01
    outer loop
      vertex   3.217818e+02 1.506038e+01 5.278464e+01
      vertex   3.216235e+02 1.522019e+01 5.373292e+01
      vertex   3.216235e+02 1.490921e+01 5.283175e+01
    endloop
  endfacet
  facet normal 7.069454e-01 -6.812907e-01 1.899240e-01
    outer loop
      vertex   3.217818e+02 1.506038e+01 5.278464e+01
      vertex   3.216235e+02 1.490921e+01 5.283175e+01
      vertex   3.217818e+02 1.480696e+01 5.187555e+01
    endloop
  endfacet
  facet normal 7.069454e-01 -6.812907e-01 1.899240e-01
    outer loop
      vertex   3.217818e+02 1.480696e+01 5.187555e+01
      vertex   3.216235e+02 1.490921e+01 5.283175e+01
      vertex   3.216235e+02 1.465322e+01 5.191344e+01
    endloop
  endfacet
  facet normal 7.069454e-01 -6.915151e-01 1.484422e-01
    outer loop
      vertex   3.217818e+02 1.480696e+01 5.187555e+01
      vertex   3.216235e+02 1.465322e+01 5.191344e+01
      vertex   3.217818e+02 1.460888e+01 5.095282e+01
    endloop
  endfacet
  facet normal 7.069454e-01 -6.915151e-01 1.484422e-01
    outer loop
      vertex   3.217818e+02 1.460888e+01 5.095282e+01
      vertex   3.216235e+02 1.465322e+01 5.191344e+01
      vertex   3.216235e+02 1.445313e+01 5.098136e+01
    endloop
  endfacet
  facet normal 7.069454e-01 -6.992161e-01 1.064187e-01
    outer loop
      vertex   3.217818e+02 1.460888e+01 5.095282e+01
      vertex   3.216235e+02 1.445313e+01 5.098136e+01
      vertex   3.217818e+02 1.446688e+01 5.001981e+01
    endloop
  endfacet
  facet normal 7.069454e-01 -6.992161e-01 1.064187e-01
    outer loop
      vertex   3.217818e+02 1.446688e+01 5.001981e+01
      vertex   3.216235e+02 1.445313e+01 5.098136e+01
      vertex   3.216235e+02 1.430969e+01 5.003889e+01
    endloop
  endfacet
  facet normal 7.069454e-01 -7.043659e-01 6.400697e-02
    outer loop
      vertex   3.217818e+02 1.446688e+01 5.001981e+01
      vertex   3.216235e+02 1.430969e+01 5.003889e+01
      vertex   3.217818e+02 1.438147e+01 4.907993e+01
    endloop
  endfacet
  facet normal 7.069454e-01 -7.043659e-01 6.400697e-02
    outer loop
      vertex   3.217818e+02 1.438147e+01 4.907993e+01
      vertex   3.216235e+02 1.430969e+01 5.003889e+01
      vertex   3.216235e+02 1.422342e+01 4.908949e+01
    endloop
  endfacet
  facet normal 7.069454e-01 -7.069454e-01 2.136164e-02
    outer loop
      vertex   3.217818e+02 1.438147e+01 4.907993e+01
      vertex   3.216235e+02 1.422342e+01 4.908949e+01
      vertex   3.217818e+02 1.435297e+01 4.813660e+01
    endloop
  endfacet
  facet normal 7.069454e-01 -7.069454e-01 2.136164e-02
    outer loop
      vertex   3.217818e+02 1.435297e+01 4.813660e+01
      vertex   3.216235e+02 1.422342e+01 4.908949e+01
      vertex   3.216235e+02 1.419462e+01 4.813660e+01
    endloop
  endfacet
  facet normal 9.438363e-01 -9.979484e-03 3.302626e-01
    outer loop
      vertex   3.219749e+02 2.905734e+01 6.333135e+01
      vertex   3.219749e+02 2.997646e+01 6.335913e+01
      vertex   3.219010e+02 2.997646e+01 6.357049e+01
    endloop
  endfacet
  facet normal 9.438363e-01 9.979484e-03 3.302626e-01
    outer loop
      vertex   3.219010e+02 2.997646e+01 6.357049e+01
      vertex   3.219749e+02 2.997646e+01 6.335913e+01
      vertex   3.219010e+02 3.090833e+01 6.354233e+01
    endloop
  endfacet
  facet normal 8.466148e-01 -1.607424e-02 5.319633e-01
    outer loop
      vertex   3.219010e+02 2.997646e+01 6.357049e+01
      vertex   3.217818e+02 2.997646e+01 6.376009e+01
      vertex   3.219010e+02 2.904458e+01 6.354233e+01
    endloop
  endfacet
  facet normal 8.466148e-01 -1.607424e-02 5.319633e-01
    outer loop
      vertex   3.219010e+02 2.904458e+01 6.354233e+01
      vertex   3.217818e+02 2.997646e+01 6.376009e+01
      vertex   3.217818e+02 2.903313e+01 6.373159e+01
    endloop
  endfacet
  facet normal 8.466148e-01 -4.816406e-02 5.300223e-01
    outer loop
      vertex   3.219010e+02 2.904458e+01 6.354233e+01
      vertex   3.217818e+02 2.903313e+01 6.373159e+01
      vertex   3.219010e+02 2.811611e+01 6.345796e+01
    endloop
  endfacet
  facet normal 8.466148e-01 -4.816406e-02 5.300223e-01
    outer loop
      vertex   3.219010e+02 2.811611e+01 6.345796e+01
      vertex   3.217818e+02 2.903313e+01 6.373159e+01
      vertex   3.217818e+02 2.809325e+01 6.364618e+01
    endloop
  endfacet
  facet normal 8.466148e-01 -8.007813e-02 5.261472e-01
    outer loop
      vertex   3.219010e+02 2.811611e+01 6.345796e+01
      vertex   3.217818e+02 2.809325e+01 6.364618e+01
      vertex   3.219010e+02 2.719442e+01 6.331768e+01
    endloop
  endfacet
  facet normal 8.466148e-01 -8.007813e-02 5.261472e-01
    outer loop
      vertex   3.219010e+02 2.719442e+01 6.331768e+01
      vertex   3.217818e+02 2.809325e+01 6.364618e+01
      vertex   3.217818e+02 2.716024e+01 6.350418e+01
    endloop
  endfacet
  facet normal 8.466148e-01 -1.117000e-01 5.203523e-01
    outer loop
      vertex   3.219010e+02 2.719442e+01 6.331768e+01
      vertex   3.217818e+02 2.716024e+01 6.350418e+01
      vertex   3.219010e+02 2.628289e+01 6.312201e+01
    endloop
  endfacet
  facet normal 8.466148e-01 -1.117000e-01 5.203523e-01
    outer loop
      vertex   3.219010e+02 2.628289e+01 6.312201e+01
      vertex   3.217818e+02 2.716024e+01 6.350418e+01
      vertex   3.217818e+02 2.623751e+01 6.330610e+01
    endloop
  endfacet
  facet normal 8.466148e-01 -1.429143e-01 5.126586e-01
    outer loop
      vertex   3.219010e+02 2.628289e+01 6.312201e+01
      vertex   3.217818e+02 2.623751e+01 6.330610e+01
      vertex   3.219010e+02 2.538483e+01 6.287166e+01
    endloop
  endfacet
  facet normal 8.466148e-01 -1.429143e-01 5.126586e-01
    outer loop
      vertex   3.219010e+02 2.538483e+01 6.287166e+01
      vertex   3.217818e+02 2.623751e+01 6.330610e+01
      vertex   3.217818e+02 2.532842e+01 6.305268e+01
    endloop
  endfacet
  facet normal 8.466148e-01 -1.736071e-01 5.030944e-01
    outer loop
      vertex   3.219010e+02 2.538483e+01 6.287166e+01
      vertex   3.217818e+02 2.532842e+01 6.305268e+01
      vertex   3.219010e+02 2.450353e+01 6.256754e+01
    endloop
  endfacet
  facet normal 8.466148e-01 -1.736071e-01 5.030944e-01
    outer loop
      vertex   3.219010e+02 2.450353e+01 6.256754e+01
      vertex   3.217818e+02 2.532842e+01 6.305268e+01
      vertex   3.217818e+02 2.443629e+01 6.274482e+01
    endloop
  endfacet
  facet normal 8.466148e-01 -2.036665e-01 4.916944e-01
    outer loop
      vertex   3.219010e+02 2.450353e+01 6.256754e+01
      vertex   3.217818e+02 2.443629e+01 6.274482e+01
      vertex   3.219010e+02 2.364219e+01 6.221076e+01
    endloop
  endfacet
  facet normal 8.466148e-01 -2.036665e-01 4.916944e-01
    outer loop
      vertex   3.219010e+02 2.364219e+01 6.221076e+01
      vertex   3.217818e+02 2.443629e+01 6.274482e+01
      vertex   3.217818e+02 2.356438e+01 6.238366e+01
    endloop
  endfacet
  facet normal 8.466148e-01 -2.329827e-01 4.785002e-01
    outer loop
      vertex   3.219010e+02 2.364219e+01 6.221076e+01
      vertex   3.217818e+02 2.356438e+01 6.238366e+01
      vertex   3.219010e+02 2.280397e+01 6.180263e+01
    endloop
  endfacet
  facet normal 8.466148e-01 -2.329827e-01 4.785002e-01
    outer loop
      vertex   3.219010e+02 2.280397e+01 6.180263e+01
      vertex   3.217818e+02 2.356438e+01 6.238366e+01
      vertex   3.217818e+02 2.271586e+01 6.197052e+01
    endloop
  endfacet
  facet normal 8.466148e-01 -2.614487e-01 4.635601e-01
    outer loop
      vertex   3.219010e+02 2.280397e+01 6.180263e+01
      vertex   3.217818e+02 2.271586e+01 6.197052e+01
      vertex   3.219010e+02 2.199192e+01 6.134463e+01
    endloop
  endfacet
  facet normal 8.466148e-01 -2.614487e-01 4.635601e-01
    outer loop
      vertex   3.219010e+02 2.199192e+01 6.134463e+01
      vertex   3.217818e+02 2.271586e+01 6.197052e+01
      vertex   3.217818e+02 2.189383e+01 6.150689e+01
    endloop
  endfacet
  facet normal 8.466148e-01 -2.889608e-01 4.469285e-01
    outer loop
      vertex   3.219010e+02 2.199192e+01 6.134463e+01
      vertex   3.217818e+02 2.189383e+01 6.150689e+01
      vertex   3.219010e+02 2.120901e+01 6.083844e+01
    endloop
  endfacet
  facet normal 8.466148e-01 -2.889608e-01 4.469285e-01
    outer loop
      vertex   3.219010e+02 2.120901e+01 6.083844e+01
      vertex   3.217818e+02 2.189383e+01 6.150689e+01
      vertex   3.217818e+02 2.110130e+01 6.099448e+01
    endloop
  endfacet
  facet normal 8.466148e-01 -3.154185e-01 4.286660e-01
    outer loop
      vertex   3.219010e+02 2.120901e+01 6.083844e+01
      vertex   3.217818e+02 2.110130e+01 6.099448e+01
      vertex   3.219010e+02 2.045809e+01 6.028590e+01
    endloop
  endfacet
  facet normal 8.466148e-01 -3.154185e-01 4.286660e-01
    outer loop
      vertex   3.219010e+02 2.045809e+01 6.028590e+01
      vertex   3.217818e+02 2.110130e+01 6.099448e+01
      vertex   3.217818e+02 2.034116e+01 6.043516e+01
    endloop
  endfacet
  facet normal 8.466148e-01 -3.407252e-01 4.088395e-01
    outer loop
      vertex   3.219010e+02 2.045809e+01 6.028590e+01
      vertex   3.217818e+02 2.034116e+01 6.043516e+01
      vertex   3.219010e+02 1.974190e+01 5.968903e+01
    endloop
  endfacet
  facet normal 8.466148e-01 -3.407252e-01 4.088395e-01
    outer loop
      vertex   3.219010e+02 1.974190e+01 5.968903e+01
      vertex   3.217818e+02 2.034116e+01 6.043516e+01
      vertex   3.217818e+02 1.961617e+01 5.983095e+01
    endloop
  endfacet
  facet normal 8.466148e-01 -3.647887e-01 3.875211e-01
    outer loop
      vertex   3.219010e+02 1.974190e+01 5.968903e+01
      vertex   3.217818e+02 1.961617e+01 5.983095e+01
      vertex   3.219010e+02 1.906305e+01 5.905001e+01
    endloop
  endfacet
  facet normal 8.466148e-01 -3.647887e-01 3.875211e-01
    outer loop
      vertex   3.219010e+02 1.906305e+01 5.905001e+01
      vertex   3.217818e+02 1.961617e+01 5.983095e+01
      vertex   3.217818e+02 1.892898e+01 5.918408e+01
    endloop
  endfacet
  facet normal 8.466148e-01 -3.875211e-01 3.647887e-01
    outer loop
      vertex   3.219010e+02 1.906305e+01 5.905001e+01
      vertex   3.217818e+02 1.892898e+01 5.918408e+01
      vertex   3.219010e+02 1.842403e+01 5.837116e+01
    endloop
  endfacet
  facet normal 8.466148e-01 -3.875211e-01 3.647887e-01
    outer loop
      vertex   3.219010e+02 1.842403e+01 5.837116e+01
      vertex   3.217818e+02 1.892898e+01 5.918408e+01
      vertex   3.217818e+02 1.828211e+01 5.849689e+01
    endloop
  endfacet
  facet normal 8.466148e-01 -4.088395e-01 3.407252e-01
    outer loop
      vertex   3.219010e+02 1.842403e+01 5.837116e+01
      vertex   3.217818e+02 1.828211e+01 5.849689e+01
      vertex   3.219010e+02 1.782716e+01 5.765497e+01
    endloop
  endfacet
  facet normal 8.466148e-01 -4.088395e-01 3.407252e-01
    outer loop
      vertex   3.219010e+02 1.782716e+01 5.765497e+01
      vertex   3.217818e+02 1.828211e+01 5.849689e+01
      vertex   3.217818e+02 1.767790e+01 5.777191e+01
    endloop
  endfacet
  facet normal 8.466148e-01 -4.286660e-01 3.154185e-01
    outer loop
      vertex   3.219010e+02 1.782716e+01 5.765497e+01
      vertex   3.217818e+02 1.767790e+01 5.777191e+01
      vertex   3.219010e+02 1.727462e+01 5.690405e+01
    endloop
  endfacet
  facet normal 8.466148e-01 -4.286660e-01 3.154185e-01
    outer loop
      vertex   3.219010e+02 1.727462e+01 5.690405e+01
      vertex   3.217818e+02 1.767790e+01 5.777191e+01
      vertex   3.217818e+02 1.711858e+01 5.701176e+01
    endloop
  endfacet
  facet normal 8.466148e-01 -4.469285e-01 2.889608e-01
    outer loop
      vertex   3.219010e+02 1.727462e+01 5.690405e+01
      vertex   3.217818e+02 1.711858e+01 5.701176e+01
      vertex   3.219010e+02 1.676843e+01 5.612114e+01
    endloop
  endfacet
  facet normal 8.466148e-01 -4.469285e-01 2.889608e-01
    outer loop
      vertex   3.219010e+02 1.676843e+01 5.612114e+01
      vertex   3.217818e+02 1.711858e+01 5.701176e+01
      vertex   3.217818e+02 1.660617e+01 5.621923e+01
    endloop
  endfacet
  facet normal 8.466148e-01 -4.635601e-01 2.614487e-01
    outer loop
      vertex   3.219010e+02 1.676843e+01 5.612114e+01
      vertex   3.217818e+02 1.660617e+01 5.621923e+01
      vertex   3.219010e+02 1.631043e+01 5.530909e+01
    endloop
  endfacet
  facet normal 8.466148e-01 -4.635601e-01 2.614487e-01
    outer loop
      vertex   3.219010e+02 1.631043e+01 5.530909e+01
      vertex   3.217818e+02 1.660617e+01 5.621923e+01
      vertex   3.217818e+02 1.614254e+01 5.539720e+01
    endloop
  endfacet
  facet normal 8.466148e-01 -4.785002e-01 2.329827e-01
    outer loop
      vertex   3.219010e+02 1.631043e+01 5.530909e+01
      vertex   3.217818e+02 1.614254e+01 5.539720e+01
      vertex   3.219010e+02 1.590230e+01 5.447087e+01
    endloop
  endfacet
  facet normal 8.466148e-01 -4.785002e-01 2.329827e-01
    outer loop
      vertex   3.219010e+02 1.590230e+01 5.447087e+01
      vertex   3.217818e+02 1.614254e+01 5.539720e+01
      vertex   3.217818e+02 1.572940e+01 5.454868e+01
    endloop
  endfacet
  facet normal 8.466148e-01 -4.916944e-01 2.036665e-01
    outer loop
      vertex   3.219010e+02 1.590230e+01 5.447087e+01
      vertex   3.217818e+02 1.572940e+01 5.454868e+01
      vertex   3.219010e+02 1.554552e+01 5.360954e+01
    endloop
  endfacet
  facet normal 8.466148e-01 -4.916944e-01 2.036665e-01
    outer loop
      vertex   3.219010e+02 1.554552e+01 5.360954e+01
      vertex   3.217818e+02 1.572940e+01 5.454868e+01
      vertex   3.217818e+02 1.536824e+01 5.367677e+01
    endloop
  endfacet
  facet normal 8.466148e-01 -5.030944e-01 1.736071e-01
    outer loop
      vertex   3.219010e+02 1.554552e+01 5.360954e+01
      vertex   3.217818e+02 1.536824e+01 5.367677e+01
      vertex   3.219010e+02 1.524141e+01 5.272823e+01
    endloop
  endfacet
  facet normal 8.466148e-01 -5.030944e-01 1.736071e-01
    outer loop
      vertex   3.219010e+02 1.524141e+01 5.272823e+01
      vertex   3.217818e+02 1.536824e+01 5.367677e+01
      vertex   3.217818e+02 1.506038e+01 5.278464e+01
    endloop
  endfacet
  facet normal 8.466148e-01 -5.126586e-01 1.429143e-01
    outer loop
      vertex   3.219010e+02 1.524141e+01 5.272823e+01
      vertex   3.217818e+02 1.506038e+01 5.278464e+01
      vertex   3.219010e+02 1.499105e+01 5.183017e+01
    endloop
  endfacet
  facet normal 8.466148e-01 -5.126586e-01 1.429143e-01
    outer loop
      vertex   3.219010e+02 1.499105e+01 5.183017e+01
      vertex   3.217818e+02 1.506038e+01 5.278464e+01
      vertex   3.217818e+02 1.480696e+01 5.187555e+01
    endloop
  endfacet
  facet normal 8.466148e-01 -5.203523e-01 1.117000e-01
    outer loop
      vertex   3.219010e+02 1.499105e+01 5.183017e+01
      vertex   3.217818e+02 1.480696e+01 5.187555e+01
      vertex   3.219010e+02 1.479538e+01 5.091864e+01
    endloop
  endfacet
  facet normal 8.466148e-01 -5.203523e-01 1.117000e-01
    outer loop
      vertex   3.219010e+02 1.479538e+01 5.091864e+01
      vertex   3.217818e+02 1.480696e+01 5.187555e+01
      vertex   3.217818e+02 1.460888e+01 5.095282e+01
    endloop
  endfacet
  facet normal 8.466148e-01 -5.261472e-01 8.007813e-02
    outer loop
      vertex   3.219010e+02 1.479538e+01 5.091864e+01
      vertex   3.217818e+02 1.460888e+01 5.095282e+01
      vertex   3.219010e+02 1.465510e+01 4.999695e+01
    endloop
  endfacet
  facet normal 8.466148e-01 -5.261472e-01 8.007813e-02
    outer loop
      vertex   3.219010e+02 1.465510e+01 4.999695e+01
      vertex   3.217818e+02 1.460888e+01 5.095282e+01
      vertex   3.217818e+02 1.446688e+01 5.001981e+01
    endloop
  endfacet
  facet normal 8.466148e-01 -5.300223e-01 4.816406e-02
    outer loop
      vertex   3.219010e+02 1.465510e+01 4.999695e+01
      vertex   3.217818e+02 1.446688e+01 5.001981e+01
      vertex   3.219010e+02 1.457073e+01 4.906848e+01
    endloop
  endfacet
  facet normal 8.466148e-01 -5.300223e-01 4.816406e-02
    outer loop
      vertex   3.219010e+02 1.457073e+01 4.906848e+01
      vertex   3.217818e+02 1.446688e+01 5.001981e+01
      vertex   3.217818e+02 1.438147e+01 4.907993e+01
    endloop
  endfacet
  facet normal 8.466148e-01 -5.319633e-01 1.607424e-02
    outer loop
      vertex   3.219010e+02 1.457073e+01 4.906848e+01
      vertex   3.217818e+02 1.438147e+01 4.907993e+01
      vertex   3.219010e+02 1.454257e+01 4.813660e+01
    endloop
  endfacet
  facet normal 8.466148e-01 -5.319633e-01 1.607424e-02
    outer loop
      vertex   3.219010e+02 1.454257e+01 4.813660e+01
      vertex   3.217818e+02 1.438147e+01 4.907993e+01
      vertex   3.217818e+02 1.435297e+01 4.813660e+01
    endloop
  endfacet
  facet normal 9.438363e-01 -3.302626e-01 9.979484e-03
    outer loop
      vertex   3.219010e+02 1.457073e+01 4.906848e+01
      vertex   3.219010e+02 1.454257e+01 4.813660e+01
      vertex   3.219749e+02 1.475394e+01 4.813660e+01
    endloop
  endfacet
  facet normal 9.438363e-01 -3.302626e-01 9.979484e-03
    outer loop
      vertex   3.219010e+02 1.457073e+01 4.906848e+01
      vertex   3.219749e+02 1.475394e+01 4.813660e+01
      vertex   3.219749e+02 1.478171e+01 4.905572e+01
    endloop
  endfacet
  facet normal 3.301448e-01 -2.534754e-01 -9.092605e-01
    outer loop
      vertex   3.214339e+02 2.617111e+01 3.269769e+01
      vertex   3.212225e+02 2.522387e+01 3.288501e+01
      vertex   3.212225e+02 2.615341e+01 3.262588e+01
    endloop
  endfacet
  facet normal 3.301448e-01 -1.981131e-01 -9.229061e-01
    outer loop
      vertex   3.214339e+02 2.617111e+01 3.269769e+01
      vertex   3.212225e+02 2.615341e+01 3.262588e+01
      vertex   3.214339e+02 2.711023e+01 3.249610e+01
    endloop
  endfacet
  facet normal 3.301448e-01 -1.981131e-01 -9.229061e-01
    outer loop
      vertex   3.214339e+02 2.711023e+01 3.249610e+01
      vertex   3.212225e+02 2.615341e+01 3.262588e+01
      vertex   3.212225e+02 2.709690e+01 3.242335e+01
    endloop
  endfacet
  facet normal 3.301448e-01 -1.420280e-01 -9.331840e-01
    outer loop
      vertex   3.214339e+02 2.711023e+01 3.249610e+01
      vertex   3.212225e+02 2.709690e+01 3.242335e+01
      vertex   3.214339e+02 2.805981e+01 3.235157e+01
    endloop
  endfacet
  facet normal 3.301448e-01 -1.420280e-01 -9.331840e-01
    outer loop
      vertex   3.214339e+02 2.805981e+01 3.235157e+01
      vertex   3.212225e+02 2.709690e+01 3.242335e+01
      vertex   3.212225e+02 2.805089e+01 3.227815e+01
    endloop
  endfacet
  facet normal 3.301448e-01 -8.542463e-02 -9.400569e-01
    outer loop
      vertex   3.214339e+02 2.805981e+01 3.235157e+01
      vertex   3.212225e+02 2.805089e+01 3.227815e+01
      vertex   3.214339e+02 2.901638e+01 3.226465e+01
    endloop
  endfacet
  facet normal 3.301448e-01 -8.542463e-02 -9.400569e-01
    outer loop
      vertex   3.214339e+02 2.901638e+01 3.226465e+01
      vertex   3.212225e+02 2.805089e+01 3.227815e+01
      vertex   3.212225e+02 2.901191e+01 3.219082e+01
    endloop
  endfacet
  facet normal 3.301448e-01 -2.850955e-02 -9.434997e-01
    outer loop
      vertex   3.214339e+02 2.901638e+01 3.226465e+01
      vertex   3.212225e+02 2.901191e+01 3.219082e+01
      vertex   3.214339e+02 2.997646e+01 3.223564e+01
    endloop
  endfacet
  facet normal 3.301448e-01 -2.850955e-02 -9.434997e-01
    outer loop
      vertex   3.214339e+02 2.997646e+01 3.223564e+01
      vertex   3.212225e+02 2.901191e+01 3.219082e+01
      vertex   3.212225e+02 2.997646e+01 3.216168e+01
    endloop
  endfacet
  facet normal 3.301448e-01 2.850955e-02 -9.434997e-01
    outer loop
      vertex   3.214339e+02 2.997646e+01 3.223564e+01
      vertex   3.212225e+02 2.997646e+01 3.216168e+01
      vertex   3.214339e+02 3.093653e+01 3.226465e+01
    endloop
  endfacet
  facet normal 3.301448e-01 2.850955e-02 -9.434997e-01
    outer loop
      vertex   3.214339e+02 3.093653e+01 3.226465e+01
      vertex   3.212225e+02 2.997646e+01 3.216168e+01
      vertex   3.212225e+02 3.094100e+01 3.219082e+01
    endloop
  endfacet
  facet normal 3.301448e-01 8.542463e-02 -9.400569e-01
    outer loop
      vertex   3.214339e+02 3.093653e+01 3.226465e+01
      vertex   3.212225e+02 3.094100e+01 3.219082e+01
      vertex   3.214339e+02 3.189311e+01 3.235157e+01
    endloop
  endfacet
  facet normal 3.301448e-01 8.542463e-02 -9.400569e-01
    outer loop
      vertex   3.214339e+02 3.189311e+01 3.235157e+01
      vertex   3.212225e+02 3.094100e+01 3.219082e+01
      vertex   3.212225e+02 3.190202e+01 3.227815e+01
    endloop
  endfacet
  facet normal 3.301448e-01 1.420280e-01 -9.331840e-01
    outer loop
      vertex   3.214339e+02 3.189311e+01 3.235157e+01
      vertex   3.212225e+02 3.190202e+01 3.227815e+01
      vertex   3.214339e+02 3.284269e+01 3.249610e+01
    endloop
  endfacet
  facet normal 3.301448e-01 1.420280e-01 -9.331840e-01
    outer loop
      vertex   3.214339e+02 3.284269e+01 3.249610e+01
      vertex   3.212225e+02 3.190202e+01 3.227815e+01
      vertex   3.212225e+02 3.285602e+01 3.242335e+01
    endloop
  endfacet
  facet normal 3.301448e-01 1.981131e-01 -9.229061e-01
    outer loop
      vertex   3.214339e+02 3.284269e+01 3.249610e+01
      vertex   3.212225e+02 3.285602e+01 3.242335e+01
      vertex   3.214339e+02 3.378181e+01 3.269769e+01
    endloop
  endfacet
  facet normal 3.301448e-01 1.981131e-01 -9.229061e-01
    outer loop
      vertex   3.214339e+02 3.378181e+01 3.269769e+01
      vertex   3.212225e+02 3.285602e+01 3.242335e+01
      vertex   3.212225e+02 3.379951e+01 3.262588e+01
    endloop
  endfacet
  facet normal 3.301448e-01 2.534754e-01 -9.092605e-01
    outer loop
      vertex   3.214339e+02 3.378181e+01 3.269769e+01
      vertex   3.212225e+02 3.379951e+01 3.262588e+01
      vertex   3.214339e+02 3.470704e+01 3.295562e+01
    endloop
  endfacet
  facet normal 3.301448e-01 2.534754e-01 -9.092605e-01
    outer loop
      vertex   3.214339e+02 3.470704e+01 3.295562e+01
      vertex   3.212225e+02 3.379951e+01 3.262588e+01
      vertex   3.212225e+02 3.472905e+01 3.288501e+01
    endloop
  endfacet
  facet normal 3.301448e-01 3.079127e-01 -8.922971e-01
    outer loop
      vertex   3.214339e+02 3.470704e+01 3.295562e+01
      vertex   3.212225e+02 3.472905e+01 3.288501e+01
      vertex   3.214339e+02 3.561502e+01 3.326894e+01
    endloop
  endfacet
  facet normal 3.301448e-01 3.079127e-01 -8.922971e-01
    outer loop
      vertex   3.214339e+02 3.561502e+01 3.326894e+01
      vertex   3.212225e+02 3.472905e+01 3.288501e+01
      vertex   3.212225e+02 3.564124e+01 3.319979e+01
    endloop
  endfacet
  facet normal 3.301448e-01 3.612265e-01 -8.720779e-01
    outer loop
      vertex   3.214339e+02 3.561502e+01 3.326894e+01
      vertex   3.212225e+02 3.564124e+01 3.319979e+01
      vertex   3.214339e+02 3.650242e+01 3.363651e+01
    endloop
  endfacet
  facet normal 3.301448e-01 3.612265e-01 -8.720779e-01
    outer loop
      vertex   3.214339e+02 3.650242e+01 3.363651e+01
      vertex   3.212225e+02 3.564124e+01 3.319979e+01
      vertex   3.212225e+02 3.653277e+01 3.356907e+01
    endloop
  endfacet
  facet normal 3.301448e-01 4.132222e-01 -8.486765e-01
    outer loop
      vertex   3.214339e+02 3.650242e+01 3.363651e+01
      vertex   3.212225e+02 3.653277e+01 3.356907e+01
      vertex   3.214339e+02 3.736600e+01 3.405700e+01
    endloop
  endfacet
  facet normal 3.301448e-01 4.132222e-01 -8.486765e-01
    outer loop
      vertex   3.214339e+02 3.736600e+01 3.405700e+01
      vertex   3.212225e+02 3.653277e+01 3.356907e+01
      vertex   3.212225e+02 3.740038e+01 3.399151e+01
    endloop
  endfacet
  facet normal 3.301448e-01 4.637101e-01 -8.221784e-01
    outer loop
      vertex   3.214339e+02 3.736600e+01 3.405700e+01
      vertex   3.212225e+02 3.740038e+01 3.399151e+01
      vertex   3.214339e+02 3.820263e+01 3.452885e+01
    endloop
  endfacet
  facet normal 3.301448e-01 4.637101e-01 -8.221784e-01
    outer loop
      vertex   3.214339e+02 3.820263e+01 3.452885e+01
      vertex   3.212225e+02 3.740038e+01 3.399151e+01
      vertex   3.212225e+02 3.824089e+01 3.446556e+01
    endloop
  endfacet
  facet normal 3.301448e-01 5.125060e-01 -7.926803e-01
    outer loop
      vertex   3.214339e+02 3.820263e+01 3.452885e+01
      vertex   3.212225e+02 3.824089e+01 3.446556e+01
      vertex   3.214339e+02 3.900924e+01 3.505036e+01
    endloop
  endfacet
  facet normal 3.301448e-01 5.125060e-01 -7.926803e-01
    outer loop
      vertex   3.214339e+02 3.900924e+01 3.505036e+01
      vertex   3.212225e+02 3.824089e+01 3.446556e+01
      vertex   3.212225e+02 3.905125e+01 3.498950e+01
    endloop
  endfacet
  facet normal 3.301448e-01 5.594318e-01 -7.602897e-01
    outer loop
      vertex   3.214339e+02 3.900924e+01 3.505036e+01
      vertex   3.212225e+02 3.905125e+01 3.498950e+01
      vertex   3.214339e+02 3.978288e+01 3.561962e+01
    endloop
  endfacet
  facet normal 3.301448e-01 5.594318e-01 -7.602897e-01
    outer loop
      vertex   3.214339e+02 3.978288e+01 3.561962e+01
      vertex   3.212225e+02 3.905125e+01 3.498950e+01
      vertex   3.212225e+02 3.982850e+01 3.556141e+01
    endloop
  endfacet
  facet normal 3.301448e-01 6.043163e-01 -7.251250e-01
    outer loop
      vertex   3.214339e+02 3.978288e+01 3.561962e+01
      vertex   3.212225e+02 3.982850e+01 3.556141e+01
      vertex   3.214339e+02 4.052075e+01 3.623456e+01
    endloop
  endfacet
  facet normal 3.301448e-01 6.043163e-01 -7.251250e-01
    outer loop
      vertex   3.214339e+02 4.052075e+01 3.623456e+01
      vertex   3.212225e+02 3.982850e+01 3.556141e+01
      vertex   3.212225e+02 4.056979e+01 3.617920e+01
    endloop
  endfacet
  facet normal 3.301448e-01 6.469957e-01 -6.873143e-01
    outer loop
      vertex   3.214339e+02 4.052075e+01 3.623456e+01
      vertex   3.212225e+02 4.056979e+01 3.617920e+01
      vertex   3.214339e+02 4.122014e+01 3.689292e+01
    endloop
  endfacet
  facet normal 3.301448e-01 6.469957e-01 -6.873143e-01
    outer loop
      vertex   3.214339e+02 4.122014e+01 3.689292e+01
      vertex   3.212225e+02 4.056979e+01 3.617920e+01
      vertex   3.212225e+02 4.127244e+01 3.684062e+01
    endloop
  endfacet
  facet normal 3.301448e-01 6.873143e-01 -6.469957e-01
    outer loop
      vertex   3.214339e+02 4.122014e+01 3.689292e+01
      vertex   3.212225e+02 4.127244e+01 3.684062e+01
      vertex   3.214339e+02 4.187850e+01 3.759231e+01
    endloop
  endfacet
  facet normal 3.301448e-01 6.873143e-01 -6.469957e-01
    outer loop
      vertex   3.214339e+02 4.187850e+01 3.759231e+01
      vertex   3.212225e+02 4.127244e+01 3.684062e+01
      vertex   3.212225e+02 4.193386e+01 3.754327e+01
    endloop
  endfacet
  facet normal 3.301448e-01 7.251250e-01 -6.043163e-01
    outer loop
      vertex   3.214339e+02 4.187850e+01 3.759231e+01
      vertex   3.212225e+02 4.193386e+01 3.754327e+01
      vertex   3.214339e+02 4.249344e+01 3.833018e+01
    endloop
  endfacet
  facet normal 3.301448e-01 7.251250e-01 -6.043163e-01
    outer loop
      vertex   3.214339e+02 4.249344e+01 3.833018e+01
      vertex   3.212225e+02 4.193386e+01 3.754327e+01
      vertex   3.212225e+02 4.255166e+01 3.828457e+01
    endloop
  endfacet
  facet normal 3.301448e-01 7.602897e-01 -5.594318e-01
    outer loop
      vertex   3.214339e+02 4.249344e+01 3.833018e+01
      vertex   3.212225e+02 4.255166e+01 3.828457e+01
      vertex   3.214339e+02 4.306270e+01 3.910382e+01
    endloop
  endfacet
  facet normal 3.301448e-01 7.602897e-01 -5.594318e-01
    outer loop
      vertex   3.214339e+02 4.306270e+01 3.910382e+01
      vertex   3.212225e+02 4.255166e+01 3.828457e+01
      vertex   3.212225e+02 4.312356e+01 3.906181e+01
    endloop
  endfacet
  facet normal 3.301448e-01 7.926803e-01 -5.125060e-01
    outer loop
      vertex   3.214339e+02 4.306270e+01 3.910382e+01
      vertex   3.212225e+02 4.312356e+01 3.906181e+01
      vertex   3.214339e+02 4.358421e+01 3.991043e+01
    endloop
  endfacet
  facet normal 3.301448e-01 7.926803e-01 -5.125060e-01
    outer loop
      vertex   3.214339e+02 4.358421e+01 3.991043e+01
      vertex   3.212225e+02 4.312356e+01 3.906181e+01
      vertex   3.212225e+02 4.364750e+01 3.987217e+01
    endloop
  endfacet
  facet normal 3.301448e-01 8.221784e-01 -4.637101e-01
    outer loop
      vertex   3.214339e+02 4.358421e+01 3.991043e+01
      vertex   3.212225e+02 4.364750e+01 3.987217e+01
      vertex   3.214339e+02 4.405606e+01 4.074706e+01
    endloop
  endfacet
  facet normal 3.301448e-01 8.221784e-01 -4.637101e-01
    outer loop
      vertex   3.214339e+02 4.405606e+01 4.074706e+01
      vertex   3.212225e+02 4.364750e+01 3.987217e+01
      vertex   3.212225e+02 4.412155e+01 4.071269e+01
    endloop
  endfacet
  facet normal 3.301448e-01 8.486765e-01 -4.132222e-01
    outer loop
      vertex   3.214339e+02 4.405606e+01 4.074706e+01
      vertex   3.212225e+02 4.412155e+01 4.071269e+01
      vertex   3.214339e+02 4.447655e+01 4.161064e+01
    endloop
  endfacet
  facet normal 3.301448e-01 8.486765e-01 -4.132222e-01
    outer loop
      vertex   3.214339e+02 4.447655e+01 4.161064e+01
      vertex   3.212225e+02 4.412155e+01 4.071269e+01
      vertex   3.212225e+02 4.454399e+01 4.158029e+01
    endloop
  endfacet
  facet normal 3.301448e-01 8.720779e-01 -3.612265e-01
    outer loop
      vertex   3.214339e+02 4.447655e+01 4.161064e+01
      vertex   3.212225e+02 4.454399e+01 4.158029e+01
      vertex   3.214339e+02 4.484412e+01 4.249804e+01
    endloop
  endfacet
  facet normal 3.301448e-01 8.720779e-01 -3.612265e-01
    outer loop
      vertex   3.214339e+02 4.484412e+01 4.249804e+01
      vertex   3.212225e+02 4.454399e+01 4.158029e+01
      vertex   3.212225e+02 4.491327e+01 4.247182e+01
    endloop
  endfacet
  facet normal 3.301448e-01 8.922971e-01 -3.079127e-01
    outer loop
      vertex   3.214339e+02 4.484412e+01 4.249804e+01
      vertex   3.212225e+02 4.491327e+01 4.247182e+01
      vertex   3.214339e+02 4.515744e+01 4.340602e+01
    endloop
  endfacet
  facet normal 3.301448e-01 8.922971e-01 -3.079127e-01
    outer loop
      vertex   3.214339e+02 4.515744e+01 4.340602e+01
      vertex   3.212225e+02 4.491327e+01 4.247182e+01
      vertex   3.212225e+02 4.522805e+01 4.338401e+01
    endloop
  endfacet
  facet normal 3.301448e-01 9.092605e-01 -2.534754e-01
    outer loop
      vertex   3.214339e+02 4.515744e+01 4.340602e+01
      vertex   3.212225e+02 4.522805e+01 4.338401e+01
      vertex   3.214339e+02 4.541537e+01 4.433125e+01
    endloop
  endfacet
  facet normal 5.318580e-01 -1.777344e-01 -8.279719e-01
    outer loop
      vertex   3.214339e+02 2.617111e+01 3.269769e+01
      vertex   3.214339e+02 2.711023e+01 3.249610e+01
      vertex   3.216235e+02 2.713170e+01 3.261328e+01
    endloop
  endfacet
  facet normal 5.318580e-01 -1.274184e-01 -8.371927e-01
    outer loop
      vertex   3.216235e+02 2.713170e+01 3.261328e+01
      vertex   3.214339e+02 2.711023e+01 3.249610e+01
      vertex   3.216235e+02 2.807417e+01 3.246984e+01
    endloop
  endfacet
  facet normal 7.069454e-01 -1.064187e-01 -6.992161e-01
    outer loop
      vertex   3.216235e+02 2.713170e+01 3.261328e+01
      vertex   3.216235e+02 2.807417e+01 3.246984e+01
      vertex   3.217818e+02 2.809325e+01 3.262703e+01
    endloop
  endfacet
  facet normal 7.069454e-01 -6.400697e-02 -7.043659e-01
    outer loop
      vertex   3.217818e+02 2.809325e+01 3.262703e+01
      vertex   3.216235e+02 2.807417e+01 3.246984e+01
      vertex   3.217818e+02 2.903313e+01 3.254162e+01
    endloop
  endfacet
  facet normal 8.466148e-01 -4.816406e-02 -5.300223e-01
    outer loop
      vertex   3.217818e+02 2.809325e+01 3.262703e+01
      vertex   3.217818e+02 2.903313e+01 3.254162e+01
      vertex   3.219010e+02 2.904458e+01 3.273088e+01
    endloop
  endfacet
  facet normal 8.466148e-01 -1.607424e-02 -5.319633e-01
    outer loop
      vertex   3.219010e+02 2.904458e+01 3.273088e+01
      vertex   3.217818e+02 2.903313e+01 3.254162e+01
      vertex   3.219010e+02 2.997646e+01 3.270272e+01
    endloop
  endfacet
  facet normal 9.438363e-01 -9.979484e-03 -3.302626e-01
    outer loop
      vertex   3.219010e+02 2.904458e+01 3.273088e+01
      vertex   3.219010e+02 2.997646e+01 3.270272e+01
      vertex   3.219749e+02 2.997646e+01 3.291408e+01
    endloop
  endfacet
  facet normal 9.438363e-01 9.979484e-03 -3.302626e-01
    outer loop
      vertex   3.219749e+02 2.997646e+01 3.291408e+01
      vertex   3.219010e+02 2.997646e+01 3.270272e+01
      vertex   3.219749e+02 3.089557e+01 3.294186e+01
    endloop
  endfacet
  facet normal 5.318580e-01 -1.274184e-01 -8.371927e-01
    outer loop
      vertex   3.216235e+02 2.807417e+01 3.246984e+01
      vertex   3.214339e+02 2.711023e+01 3.249610e+01
      vertex   3.214339e+02 2.805981e+01 3.235157e+01
    endloop
  endfacet
  facet normal 5.318580e-01 -7.663748e-02 -8.433586e-01
    outer loop
      vertex   3.216235e+02 2.807417e+01 3.246984e+01
      vertex   3.214339e+02 2.805981e+01 3.235157e+01
      vertex   3.216235e+02 2.902357e+01 3.238357e+01
    endloop
  endfacet
  facet normal 5.318580e-01 -7.663748e-02 -8.433586e-01
    outer loop
      vertex   3.216235e+02 2.902357e+01 3.238357e+01
      vertex   3.214339e+02 2.805981e+01 3.235157e+01
      vertex   3.214339e+02 2.901638e+01 3.226465e+01
    endloop
  endfacet
  facet normal 5.318580e-01 -2.557694e-02 -8.464472e-01
    outer loop
      vertex   3.216235e+02 2.902357e+01 3.238357e+01
      vertex   3.214339e+02 2.901638e+01 3.226465e+01
      vertex   3.216235e+02 2.997646e+01 3.235477e+01
    endloop
  endfacet
  facet normal 5.318580e-01 -2.557694e-02 -8.464472e-01
    outer loop
      vertex   3.216235e+02 2.997646e+01 3.235477e+01
      vertex   3.214339e+02 2.901638e+01 3.226465e+01
      vertex   3.214339e+02 2.997646e+01 3.223564e+01
    endloop
  endfacet
  facet normal 5.318580e-01 2.557694e-02 -8.464472e-01
    outer loop
      vertex   3.216235e+02 2.997646e+01 3.235477e+01
      vertex   3.214339e+02 2.997646e+01 3.223564e+01
      vertex   3.216235e+02 3.092934e+01 3.238357e+01
    endloop
  endfacet
  facet normal 5.318580e-01 2.557694e-02 -8.464472e-01
    outer loop
      vertex   3.216235e+02 3.092934e+01 3.238357e+01
      vertex   3.214339e+02 2.997646e+01 3.223564e+01
      vertex   3.214339e+02 3.093653e+01 3.226465e+01
    endloop
  endfacet
  facet normal 5.318580e-01 7.663748e-02 -8.433586e-01
    outer loop
      vertex   3.216235e+02 3.092934e+01 3.238357e+01
      vertex   3.214339e+02 3.093653e+01 3.226465e+01
      vertex   3.216235e+02 3.187875e+01 3.246984e+01
    endloop
  endfacet
  facet normal 5.318580e-01 7.663748e-02 -8.433586e-01
    outer loop
      vertex   3.216235e+02 3.187875e+01 3.246984e+01
      vertex   3.214339e+02 3.093653e+01 3.226465e+01
      vertex   3.214339e+02 3.189311e+01 3.235157e+01
    endloop
  endfacet
  facet normal 5.318580e-01 1.274184e-01 -8.371927e-01
    outer loop
      vertex   3.216235e+02 3.187875e+01 3.246984e+01
      vertex   3.214339e+02 3.189311e+01 3.235157e+01
      vertex   3.216235e+02 3.282121e+01 3.261328e+01
    endloop
  endfacet
  facet normal 5.318580e-01 1.274184e-01 -8.371927e-01
    outer loop
      vertex   3.216235e+02 3.282121e+01 3.261328e+01
      vertex   3.214339e+02 3.189311e+01 3.235157e+01
      vertex   3.214339e+02 3.284269e+01 3.249610e+01
    endloop
  endfacet
  facet normal 5.318580e-01 1.777344e-01 -8.279719e-01
    outer loop
      vertex   3.216235e+02 3.282121e+01 3.261328e+01
      vertex   3.214339e+02 3.284269e+01 3.249610e+01
      vertex   3.216235e+02 3.375330e+01 3.281336e+01
    endloop
  endfacet
  facet normal 5.318580e-01 1.777344e-01 -8.279719e-01
    outer loop
      vertex   3.216235e+02 3.375330e+01 3.281336e+01
      vertex   3.214339e+02 3.284269e+01 3.249610e+01
      vertex   3.214339e+02 3.378181e+01 3.269769e+01
    endloop
  endfacet
  facet normal 5.318580e-01 2.274018e-01 -8.157300e-01
    outer loop
      vertex   3.216235e+02 3.375330e+01 3.281336e+01
      vertex   3.214339e+02 3.378181e+01 3.269769e+01
      vertex   3.216235e+02 3.467160e+01 3.306936e+01
    endloop
  endfacet
  facet normal 5.318580e-01 2.274018e-01 -8.157300e-01
    outer loop
      vertex   3.216235e+02 3.467160e+01 3.306936e+01
      vertex   3.214339e+02 3.378181e+01 3.269769e+01
      vertex   3.214339e+02 3.470704e+01 3.295562e+01
    endloop
  endfacet
  facet normal 5.318580e-01 2.762395e-01 -8.005116e-01
    outer loop
      vertex   3.216235e+02 3.467160e+01 3.306936e+01
      vertex   3.214339e+02 3.470704e+01 3.295562e+01
      vertex   3.216235e+02 3.557277e+01 3.338034e+01
    endloop
  endfacet
  facet normal 5.318580e-01 2.762395e-01 -8.005116e-01
    outer loop
      vertex   3.216235e+02 3.557277e+01 3.338034e+01
      vertex   3.214339e+02 3.470704e+01 3.295562e+01
      vertex   3.214339e+02 3.561502e+01 3.326894e+01
    endloop
  endfacet
  facet normal 5.318580e-01 3.240692e-01 -7.823722e-01
    outer loop
      vertex   3.216235e+02 3.557277e+01 3.338034e+01
      vertex   3.214339e+02 3.561502e+01 3.326894e+01
      vertex   3.216235e+02 3.645352e+01 3.374515e+01
    endloop
  endfacet
  facet normal 5.318580e-01 3.240692e-01 -7.823722e-01
    outer loop
      vertex   3.216235e+02 3.645352e+01 3.374515e+01
      vertex   3.214339e+02 3.561502e+01 3.326894e+01
      vertex   3.214339e+02 3.650242e+01 3.363651e+01
    endloop
  endfacet
  facet normal 5.318580e-01 3.707164e-01 -7.613780e-01
    outer loop
      vertex   3.216235e+02 3.645352e+01 3.374515e+01
      vertex   3.214339e+02 3.650242e+01 3.363651e+01
      vertex   3.216235e+02 3.731064e+01 3.416249e+01
    endloop
  endfacet
  facet normal 5.318580e-01 3.707164e-01 -7.613780e-01
    outer loop
      vertex   3.216235e+02 3.731064e+01 3.416249e+01
      vertex   3.214339e+02 3.650242e+01 3.363651e+01
      vertex   3.214339e+02 3.736600e+01 3.405700e+01
    endloop
  endfacet
  facet normal 5.318580e-01 4.160109e-01 -7.376056e-01
    outer loop
      vertex   3.216235e+02 3.731064e+01 3.416249e+01
      vertex   3.214339e+02 3.736600e+01 3.405700e+01
      vertex   3.216235e+02 3.814099e+01 3.463081e+01
    endloop
  endfacet
  facet normal 5.318580e-01 4.160109e-01 -7.376056e-01
    outer loop
      vertex   3.216235e+02 3.814099e+01 3.463081e+01
      vertex   3.214339e+02 3.736600e+01 3.405700e+01
      vertex   3.214339e+02 3.820263e+01 3.452885e+01
    endloop
  endfacet
  facet normal 5.318580e-01 4.597874e-01 -7.111417e-01
    outer loop
      vertex   3.216235e+02 3.814099e+01 3.463081e+01
      vertex   3.214339e+02 3.820263e+01 3.452885e+01
      vertex   3.216235e+02 3.894156e+01 3.514841e+01
    endloop
  endfacet
  facet normal 5.318580e-01 4.597874e-01 -7.111417e-01
    outer loop
      vertex   3.216235e+02 3.894156e+01 3.514841e+01
      vertex   3.214339e+02 3.820263e+01 3.452885e+01
      vertex   3.214339e+02 3.900924e+01 3.505036e+01
    endloop
  endfacet
  facet normal 5.318580e-01 5.018862e-01 -6.820830e-01
    outer loop
      vertex   3.216235e+02 3.894156e+01 3.514841e+01
      vertex   3.214339e+02 3.900924e+01 3.505036e+01
      vertex   3.216235e+02 3.970941e+01 3.571341e+01
    endloop
  endfacet
  facet normal 5.318580e-01 5.018862e-01 -6.820830e-01
    outer loop
      vertex   3.216235e+02 3.970941e+01 3.571341e+01
      vertex   3.214339e+02 3.900924e+01 3.505036e+01
      vertex   3.214339e+02 3.978288e+01 3.561962e+01
    endloop
  endfacet
  facet normal 5.318580e-01 5.421537e-01 -6.505355e-01
    outer loop
      vertex   3.216235e+02 3.970941e+01 3.571341e+01
      vertex   3.214339e+02 3.978288e+01 3.561962e+01
      vertex   3.216235e+02 4.044175e+01 3.632373e+01
    endloop
  endfacet
  facet normal 5.318580e-01 5.421537e-01 -6.505355e-01
    outer loop
      vertex   3.216235e+02 4.044175e+01 3.632373e+01
      vertex   3.214339e+02 3.978288e+01 3.561962e+01
      vertex   3.214339e+02 4.052075e+01 3.623456e+01
    endloop
  endfacet
  facet normal 5.318580e-01 5.804429e-01 -6.166142e-01
    outer loop
      vertex   3.216235e+02 4.044175e+01 3.632373e+01
      vertex   3.214339e+02 4.052075e+01 3.623456e+01
      vertex   3.216235e+02 4.113590e+01 3.697716e+01
    endloop
  endfacet
  facet normal 5.318580e-01 5.804429e-01 -6.166142e-01
    outer loop
      vertex   3.216235e+02 4.113590e+01 3.697716e+01
      vertex   3.214339e+02 4.052075e+01 3.623456e+01
      vertex   3.214339e+02 4.122014e+01 3.689292e+01
    endloop
  endfacet
  facet normal 5.318580e-01 6.166142e-01 -5.804429e-01
    outer loop
      vertex   3.216235e+02 4.113590e+01 3.697716e+01
      vertex   3.214339e+02 4.122014e+01 3.689292e+01
      vertex   3.216235e+02 4.178933e+01 3.767131e+01
    endloop
  endfacet
  facet normal 5.318580e-01 6.166142e-01 -5.804429e-01
    outer loop
      vertex   3.216235e+02 4.178933e+01 3.767131e+01
      vertex   3.214339e+02 4.122014e+01 3.689292e+01
      vertex   3.214339e+02 4.187850e+01 3.759231e+01
    endloop
  endfacet
  facet normal 5.318580e-01 6.505355e-01 -5.421537e-01
    outer loop
      vertex   3.216235e+02 4.178933e+01 3.767131e+01
      vertex   3.214339e+02 4.187850e+01 3.759231e+01
      vertex   3.216235e+02 4.239965e+01 3.840365e+01
    endloop
  endfacet
  facet normal 5.318580e-01 6.505355e-01 -5.421537e-01
    outer loop
      vertex   3.216235e+02 4.239965e+01 3.840365e+01
      vertex   3.214339e+02 4.187850e+01 3.759231e+01
      vertex   3.214339e+02 4.249344e+01 3.833018e+01
    endloop
  endfacet
  facet normal 5.318580e-01 6.820830e-01 -5.018862e-01
    outer loop
      vertex   3.216235e+02 4.239965e+01 3.840365e+01
      vertex   3.214339e+02 4.249344e+01 3.833018e+01
      vertex   3.216235e+02 4.296465e+01 3.917150e+01
    endloop
  endfacet
  facet normal 5.318580e-01 6.820830e-01 -5.018862e-01
    outer loop
      vertex   3.216235e+02 4.296465e+01 3.917150e+01
      vertex   3.214339e+02 4.249344e+01 3.833018e+01
      vertex   3.214339e+02 4.306270e+01 3.910382e+01
    endloop
  endfacet
  facet normal 5.318580e-01 7.111417e-01 -4.597874e-01
    outer loop
      vertex   3.216235e+02 4.296465e+01 3.917150e+01
      vertex   3.214339e+02 4.306270e+01 3.910382e+01
      vertex   3.216235e+02 4.348225e+01 3.997207e+01
    endloop
  endfacet
  facet normal 5.318580e-01 7.111417e-01 -4.597874e-01
    outer loop
      vertex   3.216235e+02 4.348225e+01 3.997207e+01
      vertex   3.214339e+02 4.306270e+01 3.910382e+01
      vertex   3.214339e+02 4.358421e+01 3.991043e+01
    endloop
  endfacet
  facet normal 5.318580e-01 7.376056e-01 -4.160109e-01
    outer loop
      vertex   3.216235e+02 4.348225e+01 3.997207e+01
      vertex   3.214339e+02 4.358421e+01 3.991043e+01
      vertex   3.216235e+02 4.395057e+01 4.080242e+01
    endloop
  endfacet
  facet normal 5.318580e-01 7.376056e-01 -4.160109e-01
    outer loop
      vertex   3.216235e+02 4.395057e+01 4.080242e+01
      vertex   3.214339e+02 4.358421e+01 3.991043e+01
      vertex   3.214339e+02 4.405606e+01 4.074706e+01
    endloop
  endfacet
  facet normal 5.318580e-01 7.613780e-01 -3.707164e-01
    outer loop
      vertex   3.216235e+02 4.395057e+01 4.080242e+01
      vertex   3.214339e+02 4.405606e+01 4.074706e+01
      vertex   3.216235e+02 4.436791e+01 4.165954e+01
    endloop
  endfacet
  facet normal 5.318580e-01 7.613780e-01 -3.707164e-01
    outer loop
      vertex   3.216235e+02 4.436791e+01 4.165954e+01
      vertex   3.214339e+02 4.405606e+01 4.074706e+01
      vertex   3.214339e+02 4.447655e+01 4.161064e+01
    endloop
  endfacet
  facet normal 5.318580e-01 7.823722e-01 -3.240692e-01
    outer loop
      vertex   3.216235e+02 4.436791e+01 4.165954e+01
      vertex   3.214339e+02 4.447655e+01 4.161064e+01
      vertex   3.216235e+02 4.473273e+01 4.254029e+01
    endloop
  endfacet
  facet normal 5.318580e-01 7.823722e-01 -3.240692e-01
    outer loop
      vertex   3.216235e+02 4.473273e+01 4.254029e+01
      vertex   3.214339e+02 4.447655e+01 4.161064e+01
      vertex   3.214339e+02 4.484412e+01 4.249804e+01
    endloop
  endfacet
  facet normal 5.318580e-01 8.005116e-01 -2.762395e-01
    outer loop
      vertex   3.216235e+02 4.473273e+01 4.254029e+01
      vertex   3.214339e+02 4.484412e+01 4.249804e+01
      vertex   3.216235e+02 4.504370e+01 4.344146e+01
    endloop
  endfacet
  facet normal 5.318580e-01 8.005116e-01 -2.762395e-01
    outer loop
      vertex   3.216235e+02 4.504370e+01 4.344146e+01
      vertex   3.214339e+02 4.484412e+01 4.249804e+01
      vertex   3.214339e+02 4.515744e+01 4.340602e+01
    endloop
  endfacet
  facet normal 5.318580e-01 8.157300e-01 -2.274018e-01
    outer loop
      vertex   3.216235e+02 4.504370e+01 4.344146e+01
      vertex   3.214339e+02 4.515744e+01 4.340602e+01
      vertex   3.216235e+02 4.529970e+01 4.435977e+01
    endloop
  endfacet
  facet normal 5.318580e-01 8.157300e-01 -2.274018e-01
    outer loop
      vertex   3.216235e+02 4.529970e+01 4.435977e+01
      vertex   3.214339e+02 4.515744e+01 4.340602e+01
      vertex   3.214339e+02 4.541537e+01 4.433125e+01
    endloop
  endfacet
  facet normal 5.318580e-01 8.279719e-01 -1.777344e-01
    outer loop
      vertex   3.216235e+02 4.529970e+01 4.435977e+01
      vertex   3.214339e+02 4.541537e+01 4.433125e+01
      vertex   3.216235e+02 4.549978e+01 4.529185e+01
    endloop
  endfacet
  facet normal 7.069454e-01 -6.400697e-02 -7.043659e-01
    outer loop
      vertex   3.216235e+02 2.807417e+01 3.246984e+01
      vertex   3.216235e+02 2.902357e+01 3.238357e+01
      vertex   3.217818e+02 2.903313e+01 3.254162e+01
    endloop
  endfacet
  facet normal 7.069454e-01 -2.136164e-02 -7.069454e-01
    outer loop
      vertex   3.217818e+02 2.903313e+01 3.254162e+01
      vertex   3.216235e+02 2.902357e+01 3.238357e+01
      vertex   3.217818e+02 2.997646e+01 3.251311e+01
    endloop
  endfacet
  facet normal 8.466148e-01 -1.607424e-02 -5.319633e-01
    outer loop
      vertex   3.217818e+02 2.903313e+01 3.254162e+01
      vertex   3.217818e+02 2.997646e+01 3.251311e+01
      vertex   3.219010e+02 2.997646e+01 3.270272e+01
    endloop
  endfacet
  facet normal 8.466148e-01 1.607424e-02 -5.319633e-01
    outer loop
      vertex   3.219010e+02 2.997646e+01 3.270272e+01
      vertex   3.217818e+02 2.997646e+01 3.251311e+01
      vertex   3.219010e+02 3.090833e+01 3.273088e+01
    endloop
  endfacet
  facet normal 9.438363e-01 9.979484e-03 -3.302626e-01
    outer loop
      vertex   3.219010e+02 2.997646e+01 3.270272e+01
      vertex   3.219010e+02 3.090833e+01 3.273088e+01
      vertex   3.219749e+02 3.089557e+01 3.294186e+01
    endloop
  endfacet
  facet normal 9.438363e-01 2.990204e-02 -3.290575e-01
    outer loop
      vertex   3.219749e+02 3.089557e+01 3.294186e+01
      vertex   3.219010e+02 3.090833e+01 3.273088e+01
      vertex   3.219749e+02 3.181133e+01 3.302507e+01
    endloop
  endfacet
  facet normal 7.069454e-01 -2.136164e-02 -7.069454e-01
    outer loop
      vertex   3.217818e+02 2.997646e+01 3.251311e+01
      vertex   3.216235e+02 2.902357e+01 3.238357e+01
      vertex   3.216235e+02 2.997646e+01 3.235477e+01
    endloop
  endfacet
  facet normal 7.069454e-01 2.136164e-02 -7.069454e-01
    outer loop
      vertex   3.217818e+02 2.997646e+01 3.251311e+01
      vertex   3.216235e+02 2.997646e+01 3.235477e+01
      vertex   3.217818e+02 3.091978e+01 3.254162e+01
    endloop
  endfacet
  facet normal 7.069454e-01 2.136164e-02 -7.069454e-01
    outer loop
      vertex   3.217818e+02 3.091978e+01 3.254162e+01
      vertex   3.216235e+02 2.997646e+01 3.235477e+01
      vertex   3.216235e+02 3.092934e+01 3.238357e+01
    endloop
  endfacet
  facet normal 7.069454e-01 6.400697e-02 -7.043659e-01
    outer loop
      vertex   3.217818e+02 3.091978e+01 3.254162e+01
      vertex   3.216235e+02 3.092934e+01 3.238357e+01
      vertex   3.217818e+02 3.185966e+01 3.262703e+01
    endloop
  endfacet
  facet normal 7.069454e-01 6.400697e-02 -7.043659e-01
    outer loop
      vertex   3.217818e+02 3.185966e+01 3.262703e+01
      vertex   3.216235e+02 3.092934e+01 3.238357e+01
      vertex   3.216235e+02 3.187875e+01 3.246984e+01
    endloop
  endfacet
  facet normal 7.069454e-01 1.064187e-01 -6.992161e-01
    outer loop
      vertex   3.217818e+02 3.185966e+01 3.262703e+01
      vertex   3.216235e+02 3.187875e+01 3.246984e+01
      vertex   3.217818e+02 3.279267e+01 3.276903e+01
    endloop
  endfacet
  facet normal 7.069454e-01 1.064187e-01 -6.992161e-01
    outer loop
      vertex   3.217818e+02 3.279267e+01 3.276903e+01
      vertex   3.216235e+02 3.187875e+01 3.246984e+01
      vertex   3.216235e+02 3.282121e+01 3.261328e+01
    endloop
  endfacet
  facet normal 7.069454e-01 1.484422e-01 -6.915151e-01
    outer loop
      vertex   3.217818e+02 3.279267e+01 3.276903e+01
      vertex   3.216235e+02 3.282121e+01 3.261328e+01
      vertex   3.217818e+02 3.371540e+01 3.296711e+01
    endloop
  endfacet
  facet normal 7.069454e-01 1.484422e-01 -6.915151e-01
    outer loop
      vertex   3.217818e+02 3.371540e+01 3.296711e+01
      vertex   3.216235e+02 3.282121e+01 3.261328e+01
      vertex   3.216235e+02 3.375330e+01 3.281336e+01
    endloop
  endfacet
  facet normal 7.069454e-01 1.899240e-01 -6.812907e-01
    outer loop
      vertex   3.217818e+02 3.371540e+01 3.296711e+01
      vertex   3.216235e+02 3.375330e+01 3.281336e+01
      vertex   3.217818e+02 3.462449e+01 3.322053e+01
    endloop
  endfacet
  facet normal 7.069454e-01 1.899240e-01 -6.812907e-01
    outer loop
      vertex   3.217818e+02 3.462449e+01 3.322053e+01
      vertex   3.216235e+02 3.375330e+01 3.281336e+01
      vertex   3.216235e+02 3.467160e+01 3.306936e+01
    endloop
  endfacet
  facet normal 7.069454e-01 2.307128e-01 -6.685804e-01
    outer loop
      vertex   3.217818e+02 3.462449e+01 3.322053e+01
      vertex   3.216235e+02 3.467160e+01 3.306936e+01
      vertex   3.217818e+02 3.551662e+01 3.352839e+01
    endloop
  endfacet
  facet normal 7.069454e-01 2.307128e-01 -6.685804e-01
    outer loop
      vertex   3.217818e+02 3.551662e+01 3.352839e+01
      vertex   3.216235e+02 3.467160e+01 3.306936e+01
      vertex   3.216235e+02 3.557277e+01 3.338034e+01
    endloop
  endfacet
  facet normal 7.069454e-01 2.706598e-01 -6.534305e-01
    outer loop
      vertex   3.217818e+02 3.551662e+01 3.352839e+01
      vertex   3.216235e+02 3.557277e+01 3.338034e+01
      vertex   3.217818e+02 3.638854e+01 3.388955e+01
    endloop
  endfacet
  facet normal 7.069454e-01 2.706598e-01 -6.534305e-01
    outer loop
      vertex   3.217818e+02 3.638854e+01 3.388955e+01
      vertex   3.216235e+02 3.557277e+01 3.338034e+01
      vertex   3.216235e+02 3.645352e+01 3.374515e+01
    endloop
  endfacet
  facet normal 7.069454e-01 3.096191e-01 -6.358963e-01
    outer loop
      vertex   3.217818e+02 3.638854e+01 3.388955e+01
      vertex   3.216235e+02 3.645352e+01 3.374515e+01
      vertex   3.217818e+02 3.723705e+01 3.430269e+01
    endloop
  endfacet
  facet normal 7.069454e-01 3.096191e-01 -6.358963e-01
    outer loop
      vertex   3.217818e+02 3.723705e+01 3.430269e+01
      vertex   3.216235e+02 3.645352e+01 3.374515e+01
      vertex   3.216235e+02 3.731064e+01 3.416249e+01
    endloop
  endfacet
  facet normal 7.069454e-01 3.474487e-01 -6.160418e-01
    outer loop
      vertex   3.217818e+02 3.723705e+01 3.430269e+01
      vertex   3.216235e+02 3.731064e+01 3.416249e+01
      vertex   3.217818e+02 3.805908e+01 3.476631e+01
    endloop
  endfacet
  facet normal 7.069454e-01 3.474487e-01 -6.160418e-01
    outer loop
      vertex   3.217818e+02 3.805908e+01 3.476631e+01
      vertex   3.216235e+02 3.731064e+01 3.416249e+01
      vertex   3.216235e+02 3.814099e+01 3.463081e+01
    endloop
  endfacet
  facet normal 7.069454e-01 3.840105e-01 -5.939395e-01
    outer loop
      vertex   3.217818e+02 3.805908e+01 3.476631e+01
      vertex   3.216235e+02 3.814099e+01 3.463081e+01
      vertex   3.217818e+02 3.885161e+01 3.527872e+01
    endloop
  endfacet
  facet normal 7.069454e-01 3.840105e-01 -5.939395e-01
    outer loop
      vertex   3.217818e+02 3.885161e+01 3.527872e+01
      vertex   3.216235e+02 3.814099e+01 3.463081e+01
      vertex   3.216235e+02 3.894156e+01 3.514841e+01
    endloop
  endfacet
  facet normal 7.069454e-01 4.191711e-01 -5.696699e-01
    outer loop
      vertex   3.217818e+02 3.885161e+01 3.527872e+01
      vertex   3.216235e+02 3.894156e+01 3.514841e+01
      vertex   3.217818e+02 3.961176e+01 3.583805e+01
    endloop
  endfacet
  facet normal 7.069454e-01 4.191711e-01 -5.696699e-01
    outer loop
      vertex   3.217818e+02 3.961176e+01 3.583805e+01
      vertex   3.216235e+02 3.894156e+01 3.514841e+01
      vertex   3.216235e+02 3.970941e+01 3.571341e+01
    endloop
  endfacet
  facet normal 7.069454e-01 4.528021e-01 -5.433216e-01
    outer loop
      vertex   3.217818e+02 3.961176e+01 3.583805e+01
      vertex   3.216235e+02 3.970941e+01 3.571341e+01
      vertex   3.217818e+02 4.033675e+01 3.644225e+01
    endloop
  endfacet
  facet normal 7.069454e-01 4.528021e-01 -5.433216e-01
    outer loop
      vertex   3.217818e+02 4.033675e+01 3.644225e+01
      vertex   3.216235e+02 3.970941e+01 3.571341e+01
      vertex   3.216235e+02 4.044175e+01 3.632373e+01
    endloop
  endfacet
  facet normal 7.069454e-01 4.847809e-01 -5.149909e-01
    outer loop
      vertex   3.217818e+02 4.033675e+01 3.644225e+01
      vertex   3.216235e+02 4.044175e+01 3.632373e+01
      vertex   3.217818e+02 4.102393e+01 3.708913e+01
    endloop
  endfacet
  facet normal 7.069454e-01 4.847809e-01 -5.149909e-01
    outer loop
      vertex   3.217818e+02 4.102393e+01 3.708913e+01
      vertex   3.216235e+02 4.044175e+01 3.632373e+01
      vertex   3.216235e+02 4.113590e+01 3.697716e+01
    endloop
  endfacet
  facet normal 7.069454e-01 5.149909e-01 -4.847809e-01
    outer loop
      vertex   3.217818e+02 4.102393e+01 3.708913e+01
      vertex   3.216235e+02 4.113590e+01 3.697716e+01
      vertex   3.217818e+02 4.167081e+01 3.777631e+01
    endloop
  endfacet
  facet normal 7.069454e-01 5.149909e-01 -4.847809e-01
    outer loop
      vertex   3.217818e+02 4.167081e+01 3.777631e+01
      vertex   3.216235e+02 4.113590e+01 3.697716e+01
      vertex   3.216235e+02 4.178933e+01 3.767131e+01
    endloop
  endfacet
  facet normal 7.069454e-01 5.433216e-01 -4.528021e-01
    outer loop
      vertex   3.217818e+02 4.167081e+01 3.777631e+01
      vertex   3.216235e+02 4.178933e+01 3.767131e+01
      vertex   3.217818e+02 4.227501e+01 3.850130e+01
    endloop
  endfacet
  facet normal 7.069454e-01 5.433216e-01 -4.528021e-01
    outer loop
      vertex   3.217818e+02 4.227501e+01 3.850130e+01
      vertex   3.216235e+02 4.178933e+01 3.767131e+01
      vertex   3.216235e+02 4.239965e+01 3.840365e+01
    endloop
  endfacet
  facet normal 7.069454e-01 5.696699e-01 -4.191711e-01
    outer loop
      vertex   3.217818e+02 4.227501e+01 3.850130e+01
      vertex   3.216235e+02 4.239965e+01 3.840365e+01
      vertex   3.217818e+02 4.283434e+01 3.926145e+01
    endloop
  endfacet
  facet normal 7.069454e-01 5.696699e-01 -4.191711e-01
    outer loop
      vertex   3.217818e+02 4.283434e+01 3.926145e+01
      vertex   3.216235e+02 4.239965e+01 3.840365e+01
      vertex   3.216235e+02 4.296465e+01 3.917150e+01
    endloop
  endfacet
  facet normal 7.069454e-01 5.939395e-01 -3.840105e-01
    outer loop
      vertex   3.217818e+02 4.283434e+01 3.926145e+01
      vertex   3.216235e+02 4.296465e+01 3.917150e+01
      vertex   3.217818e+02 4.334675e+01 4.005398e+01
    endloop
  endfacet
  facet normal 7.069454e-01 5.939395e-01 -3.840105e-01
    outer loop
      vertex   3.217818e+02 4.334675e+01 4.005398e+01
      vertex   3.216235e+02 4.296465e+01 3.917150e+01
      vertex   3.216235e+02 4.348225e+01 3.997207e+01
    endloop
  endfacet
  facet normal 7.069454e-01 6.160418e-01 -3.474487e-01
    outer loop
      vertex   3.217818e+02 4.334675e+01 4.005398e+01
      vertex   3.216235e+02 4.348225e+01 3.997207e+01
      vertex   3.217818e+02 4.381037e+01 4.087601e+01
    endloop
  endfacet
  facet normal 7.069454e-01 6.160418e-01 -3.474487e-01
    outer loop
      vertex   3.217818e+02 4.381037e+01 4.087601e+01
      vertex   3.216235e+02 4.348225e+01 3.997207e+01
      vertex   3.216235e+02 4.395057e+01 4.080242e+01
    endloop
  endfacet
  facet normal 7.069454e-01 6.358963e-01 -3.096191e-01
    outer loop
      vertex   3.217818e+02 4.381037e+01 4.087601e+01
      vertex   3.216235e+02 4.395057e+01 4.080242e+01
      vertex   3.217818e+02 4.422351e+01 4.172452e+01
    endloop
  endfacet
  facet normal 7.069454e-01 6.358963e-01 -3.096191e-01
    outer loop
      vertex   3.217818e+02 4.422351e+01 4.172452e+01
      vertex   3.216235e+02 4.395057e+01 4.080242e+01
      vertex   3.216235e+02 4.436791e+01 4.165954e+01
    endloop
  endfacet
  facet normal 7.069454e-01 6.534305e-01 -2.706598e-01
    outer loop
      vertex   3.217818e+02 4.422351e+01 4.172452e+01
      vertex   3.216235e+02 4.436791e+01 4.165954e+01
      vertex   3.217818e+02 4.458467e+01 4.259644e+01
    endloop
  endfacet
  facet normal 7.069454e-01 6.534305e-01 -2.706598e-01
    outer loop
      vertex   3.217818e+02 4.458467e+01 4.259644e+01
      vertex   3.216235e+02 4.436791e+01 4.165954e+01
      vertex   3.216235e+02 4.473273e+01 4.254029e+01
    endloop
  endfacet
  facet normal 7.069454e-01 6.685804e-01 -2.307128e-01
    outer loop
      vertex   3.217818e+02 4.458467e+01 4.259644e+01
      vertex   3.216235e+02 4.473273e+01 4.254029e+01
      vertex   3.217818e+02 4.489253e+01 4.348857e+01
    endloop
  endfacet
  facet normal 7.069454e-01 6.685804e-01 -2.307128e-01
    outer loop
      vertex   3.217818e+02 4.489253e+01 4.348857e+01
      vertex   3.216235e+02 4.473273e+01 4.254029e+01
      vertex   3.216235e+02 4.504370e+01 4.344146e+01
    endloop
  endfacet
  facet normal 7.069454e-01 6.812907e-01 -1.899240e-01
    outer loop
      vertex   3.217818e+02 4.489253e+01 4.348857e+01
      vertex   3.216235e+02 4.504370e+01 4.344146e+01
      vertex   3.217818e+02 4.514596e+01 4.439766e+01
    endloop
  endfacet
  facet normal 7.069454e-01 6.812907e-01 -1.899240e-01
    outer loop
      vertex   3.217818e+02 4.514596e+01 4.439766e+01
      vertex   3.216235e+02 4.504370e+01 4.344146e+01
      vertex   3.216235e+02 4.529970e+01 4.435977e+01
    endloop
  endfacet
  facet normal 7.069454e-01 6.915151e-01 -1.484422e-01
    outer loop
      vertex   3.217818e+02 4.514596e+01 4.439766e+01
      vertex   3.216235e+02 4.529970e+01 4.435977e+01
      vertex   3.217818e+02 4.534403e+01 4.532039e+01
    endloop
  endfacet
  facet normal 7.069454e-01 6.915151e-01 -1.484422e-01
    outer loop
      vertex   3.217818e+02 4.534403e+01 4.532039e+01
      vertex   3.216235e+02 4.529970e+01 4.435977e+01
      vertex   3.216235e+02 4.549978e+01 4.529185e+01
    endloop
  endfacet
  facet normal 7.069454e-01 6.992161e-01 -1.064187e-01
    outer loop
      vertex   3.217818e+02 4.534403e+01 4.532039e+01
      vertex   3.216235e+02 4.549978e+01 4.529185e+01
      vertex   3.217818e+02 4.548603e+01 4.625340e+01
    endloop
  endfacet
  facet normal 8.466148e-01 1.607424e-02 -5.319633e-01
    outer loop
      vertex   3.217818e+02 2.997646e+01 3.251311e+01
      vertex   3.217818e+02 3.091978e+01 3.254162e+01
      vertex   3.219010e+02 3.090833e+01 3.273088e+01
    endloop
  endfacet
  facet normal 8.466148e-01 4.816406e-02 -5.300223e-01
    outer loop
      vertex   3.219010e+02 3.090833e+01 3.273088e+01
      vertex   3.217818e+02 3.091978e+01 3.254162e+01
      vertex   3.219010e+02 3.183681e+01 3.281525e+01
    endloop
  endfacet
  facet normal 9.438363e-01 2.990204e-02 -3.290575e-01
    outer loop
      vertex   3.219010e+02 3.090833e+01 3.273088e+01
      vertex   3.219010e+02 3.183681e+01 3.281525e+01
      vertex   3.219749e+02 3.181133e+01 3.302507e+01
    endloop
  endfacet
  facet normal 9.438363e-01 4.971548e-02 -3.266517e-01
    outer loop
      vertex   3.219749e+02 3.181133e+01 3.302507e+01
      vertex   3.219010e+02 3.183681e+01 3.281525e+01
      vertex   3.219749e+02 3.272039e+01 3.316343e+01
    endloop
  endfacet
  facet normal 8.466148e-01 4.816406e-02 -5.300223e-01
    outer loop
      vertex   3.219010e+02 3.183681e+01 3.281525e+01
      vertex   3.217818e+02 3.091978e+01 3.254162e+01
      vertex   3.217818e+02 3.185966e+01 3.262703e+01
    endloop
  endfacet
  facet normal 8.466148e-01 8.007813e-02 -5.261472e-01
    outer loop
      vertex   3.219010e+02 3.183681e+01 3.281525e+01
      vertex   3.217818e+02 3.185966e+01 3.262703e+01
      vertex   3.219010e+02 3.275849e+01 3.295553e+01
    endloop
  endfacet
  facet normal 8.466148e-01 8.007813e-02 -5.261472e-01
    outer loop
      vertex   3.219010e+02 3.275849e+01 3.295553e+01
      vertex   3.217818e+02 3.185966e+01 3.262703e+01
      vertex   3.217818e+02 3.279267e+01 3.276903e+01
    endloop
  endfacet
  facet normal 8.466148e-01 1.117000e-01 -5.203523e-01
    outer loop
      vertex   3.219010e+02 3.275849e+01 3.295553e+01
      vertex   3.217818e+02 3.279267e+01 3.276903e+01
      vertex   3.219010e+02 3.367003e+01 3.315120e+01
    endloop
  endfacet
  facet normal 8.466148e-01 1.117000e-01 -5.203523e-01
    outer loop
      vertex   3.219010e+02 3.367003e+01 3.315120e+01
      vertex   3.217818e+02 3.279267e+01 3.276903e+01
      vertex   3.217818e+02 3.371540e+01 3.296711e+01
    endloop
  endfacet
  facet normal 8.466148e-01 1.429143e-01 -5.126586e-01
    outer loop
      vertex   3.219010e+02 3.367003e+01 3.315120e+01
      vertex   3.217818e+02 3.371540e+01 3.296711e+01
      vertex   3.219010e+02 3.456808e+01 3.340155e+01
    endloop
  endfacet
  facet normal 8.466148e-01 1.429143e-01 -5.126586e-01
    outer loop
      vertex   3.219010e+02 3.456808e+01 3.340155e+01
      vertex   3.217818e+02 3.371540e+01 3.296711e+01
      vertex   3.217818e+02 3.462449e+01 3.322053e+01
    endloop
  endfacet
  facet normal 8.466148e-01 1.736071e-01 -5.030944e-01
    outer loop
      vertex   3.219010e+02 3.456808e+01 3.340155e+01
      vertex   3.217818e+02 3.462449e+01 3.322053e+01
      vertex   3.219010e+02 3.544939e+01 3.370567e+01
    endloop
  endfacet
  facet normal 8.466148e-01 1.736071e-01 -5.030944e-01
    outer loop
      vertex   3.219010e+02 3.544939e+01 3.370567e+01
      vertex   3.217818e+02 3.462449e+01 3.322053e+01
      vertex   3.217818e+02 3.551662e+01 3.352839e+01
    endloop
  endfacet
  facet normal 8.466148e-01 2.036665e-01 -4.916944e-01
    outer loop
      vertex   3.219010e+02 3.544939e+01 3.370567e+01
      vertex   3.217818e+02 3.551662e+01 3.352839e+01
      vertex   3.219010e+02 3.631072e+01 3.406245e+01
    endloop
  endfacet
  facet normal 8.466148e-01 2.036665e-01 -4.916944e-01
    outer loop
      vertex   3.219010e+02 3.631072e+01 3.406245e+01
      vertex   3.217818e+02 3.551662e+01 3.352839e+01
      vertex   3.217818e+02 3.638854e+01 3.388955e+01
    endloop
  endfacet
  facet normal 8.466148e-01 2.329827e-01 -4.785002e-01
    outer loop
      vertex   3.219010e+02 3.631072e+01 3.406245e+01
      vertex   3.217818e+02 3.638854e+01 3.388955e+01
      vertex   3.219010e+02 3.714894e+01 3.447058e+01
    endloop
  endfacet
  facet normal 8.466148e-01 2.329827e-01 -4.785002e-01
    outer loop
      vertex   3.219010e+02 3.714894e+01 3.447058e+01
      vertex   3.217818e+02 3.638854e+01 3.388955e+01
      vertex   3.217818e+02 3.723705e+01 3.430269e+01
    endloop
  endfacet
  facet normal 8.466148e-01 2.614487e-01 -4.635601e-01
    outer loop
      vertex   3.219010e+02 3.714894e+01 3.447058e+01
      vertex   3.217818e+02 3.723705e+01 3.430269e+01
      vertex   3.219010e+02 3.796099e+01 3.492858e+01
    endloop
  endfacet
  facet normal 8.466148e-01 2.614487e-01 -4.635601e-01
    outer loop
      vertex   3.219010e+02 3.796099e+01 3.492858e+01
      vertex   3.217818e+02 3.723705e+01 3.430269e+01
      vertex   3.217818e+02 3.805908e+01 3.476631e+01
    endloop
  endfacet
  facet normal 8.466148e-01 2.889608e-01 -4.469285e-01
    outer loop
      vertex   3.219010e+02 3.796099e+01 3.492858e+01
      vertex   3.217818e+02 3.805908e+01 3.476631e+01
      vertex   3.219010e+02 3.874390e+01 3.543477e+01
    endloop
  endfacet
  facet normal 8.466148e-01 2.889608e-01 -4.469285e-01
    outer loop
      vertex   3.219010e+02 3.874390e+01 3.543477e+01
      vertex   3.217818e+02 3.805908e+01 3.476631e+01
      vertex   3.217818e+02 3.885161e+01 3.527872e+01
    endloop
  endfacet
  facet normal 8.466148e-01 3.154185e-01 -4.286660e-01
    outer loop
      vertex   3.219010e+02 3.874390e+01 3.543477e+01
      vertex   3.217818e+02 3.885161e+01 3.527872e+01
      vertex   3.219010e+02 3.949482e+01 3.598731e+01
    endloop
  endfacet
  facet normal 8.466148e-01 3.154185e-01 -4.286660e-01
    outer loop
      vertex   3.219010e+02 3.949482e+01 3.598731e+01
      vertex   3.217818e+02 3.885161e+01 3.527872e+01
      vertex   3.217818e+02 3.961176e+01 3.583805e+01
    endloop
  endfacet
  facet normal 8.466148e-01 3.407252e-01 -4.088395e-01
    outer loop
      vertex   3.219010e+02 3.949482e+01 3.598731e+01
      vertex   3.217818e+02 3.961176e+01 3.583805e+01
      vertex   3.219010e+02 4.021101e+01 3.658418e+01
    endloop
  endfacet
  facet normal 8.466148e-01 3.407252e-01 -4.088395e-01
    outer loop
      vertex   3.219010e+02 4.021101e+01 3.658418e+01
      vertex   3.217818e+02 3.961176e+01 3.583805e+01
      vertex   3.217818e+02 4.033675e+01 3.644225e+01
    endloop
  endfacet
  facet normal 8.466148e-01 3.647887e-01 -3.875211e-01
    outer loop
      vertex   3.219010e+02 4.021101e+01 3.658418e+01
      vertex   3.217818e+02 4.033675e+01 3.644225e+01
      vertex   3.219010e+02 4.088986e+01 3.722320e+01
    endloop
  endfacet
  facet normal 8.466148e-01 3.647887e-01 -3.875211e-01
    outer loop
      vertex   3.219010e+02 4.088986e+01 3.722320e+01
      vertex   3.217818e+02 4.033675e+01 3.644225e+01
      vertex   3.217818e+02 4.102393e+01 3.708913e+01
    endloop
  endfacet
  facet normal 8.466148e-01 3.875211e-01 -3.647887e-01
    outer loop
      vertex   3.219010e+02 4.088986e+01 3.722320e+01
      vertex   3.217818e+02 4.102393e+01 3.708913e+01
      vertex   3.219010e+02 4.152888e+01 3.790205e+01
    endloop
  endfacet
  facet normal 8.466148e-01 3.875211e-01 -3.647887e-01
    outer loop
      vertex   3.219010e+02 4.152888e+01 3.790205e+01
      vertex   3.217818e+02 4.102393e+01 3.708913e+01
      vertex   3.217818e+02 4.167081e+01 3.777631e+01
    endloop
  endfacet
  facet normal 8.466148e-01 4.088395e-01 -3.407252e-01
    outer loop
      vertex   3.219010e+02 4.152888e+01 3.790205e+01
      vertex   3.217818e+02 4.167081e+01 3.777631e+01
      vertex   3.219010e+02 4.212575e+01 3.861824e+01
    endloop
  endfacet
  facet normal 8.466148e-01 4.088395e-01 -3.407252e-01
    outer loop
      vertex   3.219010e+02 4.212575e+01 3.861824e+01
      vertex   3.217818e+02 4.167081e+01 3.777631e+01
      vertex   3.217818e+02 4.227501e+01 3.850130e+01
    endloop
  endfacet
  facet normal 8.466148e-01 4.286660e-01 -3.154185e-01
    outer loop
      vertex   3.219010e+02 4.212575e+01 3.861824e+01
      vertex   3.217818e+02 4.227501e+01 3.850130e+01
      vertex   3.219010e+02 4.267829e+01 3.936916e+01
    endloop
  endfacet
  facet normal 8.466148e-01 4.286660e-01 -3.154185e-01
    outer loop
      vertex   3.219010e+02 4.267829e+01 3.936916e+01
      vertex   3.217818e+02 4.227501e+01 3.850130e+01
      vertex   3.217818e+02 4.283434e+01 3.926145e+01
    endloop
  endfacet
  facet normal 8.466148e-01 4.469285e-01 -2.889608e-01
    outer loop
      vertex   3.219010e+02 4.267829e+01 3.936916e+01
      vertex   3.217818e+02 4.283434e+01 3.926145e+01
      vertex   3.219010e+02 4.318448e+01 4.015207e+01
    endloop
  endfacet
  facet normal 8.466148e-01 4.469285e-01 -2.889608e-01
    outer loop
      vertex   3.219010e+02 4.318448e+01 4.015207e+01
      vertex   3.217818e+02 4.283434e+01 3.926145e+01
      vertex   3.217818e+02 4.334675e+01 4.005398e+01
    endloop
  endfacet
  facet normal 8.466148e-01 4.635601e-01 -2.614487e-01
    outer loop
      vertex   3.219010e+02 4.318448e+01 4.015207e+01
      vertex   3.217818e+02 4.334675e+01 4.005398e+01
      vertex   3.219010e+02 4.364248e+01 4.096412e+01
    endloop
  endfacet
  facet normal 8.466148e-01 4.635601e-01 -2.614487e-01
    outer loop
      vertex   3.219010e+02 4.364248e+01 4.096412e+01
      vertex   3.217818e+02 4.334675e+01 4.005398e+01
      vertex   3.217818e+02 4.381037e+01 4.087601e+01
    endloop
  endfacet
  facet normal 8.466148e-01 4.785002e-01 -2.329827e-01
    outer loop
      vertex   3.219010e+02 4.364248e+01 4.096412e+01
      vertex   3.217818e+02 4.381037e+01 4.087601e+01
      vertex   3.219010e+02 4.405061e+01 4.180234e+01
    endloop
  endfacet
  facet normal 8.466148e-01 4.785002e-01 -2.329827e-01
    outer loop
      vertex   3.219010e+02 4.405061e+01 4.180234e+01
      vertex   3.217818e+02 4.381037e+01 4.087601e+01
      vertex   3.217818e+02 4.422351e+01 4.172452e+01
    endloop
  endfacet
  facet normal 8.466148e-01 4.916944e-01 -2.036665e-01
    outer loop
      vertex   3.219010e+02 4.405061e+01 4.180234e+01
      vertex   3.217818e+02 4.422351e+01 4.172452e+01
      vertex   3.219010e+02 4.440739e+01 4.266367e+01
    endloop
  endfacet
  facet normal 8.466148e-01 4.916944e-01 -2.036665e-01
    outer loop
      vertex   3.219010e+02 4.440739e+01 4.266367e+01
      vertex   3.217818e+02 4.422351e+01 4.172452e+01
      vertex   3.217818e+02 4.458467e+01 4.259644e+01
    endloop
  endfacet
  facet normal 8.466148e-01 5.030944e-01 -1.736071e-01
    outer loop
      vertex   3.219010e+02 4.440739e+01 4.266367e+01
      vertex   3.217818e+02 4.458467e+01 4.259644e+01
      vertex   3.219010e+02 4.471151e+01 4.354498e+01
    endloop
  endfacet
  facet normal 8.466148e-01 5.030944e-01 -1.736071e-01
    outer loop
      vertex   3.219010e+02 4.471151e+01 4.354498e+01
      vertex   3.217818e+02 4.458467e+01 4.259644e+01
      vertex   3.217818e+02 4.489253e+01 4.348857e+01
    endloop
  endfacet
  facet normal 8.466148e-01 5.126586e-01 -1.429143e-01
    outer loop
      vertex   3.219010e+02 4.471151e+01 4.354498e+01
      vertex   3.217818e+02 4.489253e+01 4.348857e+01
      vertex   3.219010e+02 4.496186e+01 4.444303e+01
    endloop
  endfacet
  facet normal 8.466148e-01 5.126586e-01 -1.429143e-01
    outer loop
      vertex   3.219010e+02 4.496186e+01 4.444303e+01
      vertex   3.217818e+02 4.489253e+01 4.348857e+01
      vertex   3.217818e+02 4.514596e+01 4.439766e+01
    endloop
  endfacet
  facet normal 8.466148e-01 5.203523e-01 -1.117000e-01
    outer loop
      vertex   3.219010e+02 4.496186e+01 4.444303e+01
      vertex   3.217818e+02 4.514596e+01 4.439766e+01
      vertex   3.219010e+02 4.515753e+01 4.535457e+01
    endloop
  endfacet
  facet normal 8.466148e-01 5.203523e-01 -1.117000e-01
    outer loop
      vertex   3.219010e+02 4.515753e+01 4.535457e+01
      vertex   3.217818e+02 4.514596e+01 4.439766e+01
      vertex   3.217818e+02 4.534403e+01 4.532039e+01
    endloop
  endfacet
  facet normal 8.466148e-01 5.261472e-01 -8.007813e-02
    outer loop
      vertex   3.219010e+02 4.515753e+01 4.535457e+01
      vertex   3.217818e+02 4.534403e+01 4.532039e+01
      vertex   3.219010e+02 4.529781e+01 4.627626e+01
    endloop
  endfacet
  facet normal 8.466148e-01 5.261472e-01 -8.007813e-02
    outer loop
      vertex   3.219010e+02 4.529781e+01 4.627626e+01
      vertex   3.217818e+02 4.534403e+01 4.532039e+01
      vertex   3.217818e+02 4.548603e+01 4.625340e+01
    endloop
  endfacet
  facet normal 8.466148e-01 5.300223e-01 -4.816406e-02
    outer loop
      vertex   3.219010e+02 4.529781e+01 4.627626e+01
      vertex   3.217818e+02 4.548603e+01 4.625340e+01
      vertex   3.219010e+02 4.538218e+01 4.720473e+01
    endloop
  endfacet
  facet normal 9.438363e-01 6.934752e-02 -3.230540e-01
    outer loop
      vertex   3.219749e+02 3.361944e+01 3.335642e+01
      vertex   3.219749e+02 3.272039e+01 3.316343e+01
      vertex   3.219010e+02 3.275849e+01 3.295553e+01
    endloop
  endfacet
  facet normal 9.438363e-01 4.971548e-02 -3.266517e-01
    outer loop
      vertex   3.219010e+02 3.275849e+01 3.295553e+01
      vertex   3.219749e+02 3.272039e+01 3.316343e+01
      vertex   3.219010e+02 3.183681e+01 3.281525e+01
    endloop
  endfacet
  facet normal 9.438363e-01 6.934752e-02 -3.230540e-01
    outer loop
      vertex   3.219749e+02 3.361944e+01 3.335642e+01
      vertex   3.219010e+02 3.275849e+01 3.295553e+01
      vertex   3.219010e+02 3.367003e+01 3.315120e+01
    endloop
  endfacet
  facet normal 9.438363e-01 8.872652e-02 -3.182775e-01
    outer loop
      vertex   3.219749e+02 3.450520e+01 3.360335e+01
      vertex   3.219749e+02 3.361944e+01 3.335642e+01
      vertex   3.219010e+02 3.367003e+01 3.315120e+01
    endloop
  endfacet
  facet normal 9.438363e-01 8.872652e-02 -3.182775e-01
    outer loop
      vertex   3.219749e+02 3.450520e+01 3.360335e+01
      vertex   3.219010e+02 3.367003e+01 3.315120e+01
      vertex   3.219010e+02 3.456808e+01 3.340155e+01
    endloop
  endfacet
  facet normal 9.438363e-01 1.077818e-01 -3.123397e-01
    outer loop
      vertex   3.219749e+02 3.537444e+01 3.390330e+01
      vertex   3.219749e+02 3.450520e+01 3.360335e+01
      vertex   3.219010e+02 3.456808e+01 3.340155e+01
    endloop
  endfacet
  facet normal 9.438363e-01 1.077818e-01 -3.123397e-01
    outer loop
      vertex   3.219749e+02 3.537444e+01 3.390330e+01
      vertex   3.219010e+02 3.456808e+01 3.340155e+01
      vertex   3.219010e+02 3.544939e+01 3.370567e+01
    endloop
  endfacet
  facet normal 9.438363e-01 1.264437e-01 -3.052621e-01
    outer loop
      vertex   3.219749e+02 3.622397e+01 3.425519e+01
      vertex   3.219749e+02 3.537444e+01 3.390330e+01
      vertex   3.219010e+02 3.544939e+01 3.370567e+01
    endloop
  endfacet
  facet normal 9.438363e-01 1.264437e-01 -3.052621e-01
    outer loop
      vertex   3.219749e+02 3.622397e+01 3.425519e+01
      vertex   3.219010e+02 3.544939e+01 3.370567e+01
      vertex   3.219010e+02 3.631072e+01 3.406245e+01
    endloop
  endfacet
  facet normal 9.438363e-01 1.446443e-01 -2.970707e-01
    outer loop
      vertex   3.219749e+02 3.705071e+01 3.465773e+01
      vertex   3.219749e+02 3.622397e+01 3.425519e+01
      vertex   3.219010e+02 3.631072e+01 3.406245e+01
    endloop
  endfacet
  facet normal 9.438363e-01 1.446443e-01 -2.970707e-01
    outer loop
      vertex   3.219749e+02 3.705071e+01 3.465773e+01
      vertex   3.219010e+02 3.631072e+01 3.406245e+01
      vertex   3.219010e+02 3.714894e+01 3.447058e+01
    endloop
  endfacet
  facet normal 9.438363e-01 1.623171e-01 -2.877953e-01
    outer loop
      vertex   3.219749e+02 3.785164e+01 3.510946e+01
      vertex   3.219749e+02 3.705071e+01 3.465773e+01
      vertex   3.219010e+02 3.714894e+01 3.447058e+01
    endloop
  endfacet
  facet normal 9.438363e-01 1.623171e-01 -2.877953e-01
    outer loop
      vertex   3.219749e+02 3.785164e+01 3.510946e+01
      vertex   3.219010e+02 3.714894e+01 3.447058e+01
      vertex   3.219010e+02 3.796099e+01 3.492858e+01
    endloop
  endfacet
  facet normal 9.438363e-01 1.793976e-01 -2.774698e-01
    outer loop
      vertex   3.219749e+02 3.862383e+01 3.560872e+01
      vertex   3.219749e+02 3.785164e+01 3.510946e+01
      vertex   3.219010e+02 3.796099e+01 3.492858e+01
    endloop
  endfacet
  facet normal 9.438363e-01 1.793976e-01 -2.774698e-01
    outer loop
      vertex   3.219749e+02 3.862383e+01 3.560872e+01
      vertex   3.219010e+02 3.796099e+01 3.492858e+01
      vertex   3.219010e+02 3.874390e+01 3.543477e+01
    endloop
  endfacet
  facet normal 9.438363e-01 1.958235e-01 -2.661318e-01
    outer loop
      vertex   3.219749e+02 3.936447e+01 3.615369e+01
      vertex   3.219749e+02 3.862383e+01 3.560872e+01
      vertex   3.219010e+02 3.874390e+01 3.543477e+01
    endloop
  endfacet
  facet normal 9.438363e-01 1.958235e-01 -2.661318e-01
    outer loop
      vertex   3.219749e+02 3.936447e+01 3.615369e+01
      vertex   3.219010e+02 3.874390e+01 3.543477e+01
      vertex   3.219010e+02 3.949482e+01 3.598731e+01
    endloop
  endfacet
  facet normal 9.438363e-01 2.115349e-01 -2.538227e-01
    outer loop
      vertex   3.219749e+02 4.007085e+01 3.674238e+01
      vertex   3.219749e+02 3.936447e+01 3.615369e+01
      vertex   3.219010e+02 3.949482e+01 3.598731e+01
    endloop
  endfacet
  facet normal 9.438363e-01 2.115349e-01 -2.538227e-01
    outer loop
      vertex   3.219749e+02 4.007085e+01 3.674238e+01
      vertex   3.219010e+02 3.949482e+01 3.598731e+01
      vertex   3.219010e+02 4.021101e+01 3.658418e+01
    endloop
  endfacet
  facet normal 9.438363e-01 2.264744e-01 -2.405875e-01
    outer loop
      vertex   3.219749e+02 4.074040e+01 3.737266e+01
      vertex   3.219749e+02 4.007085e+01 3.674238e+01
      vertex   3.219010e+02 4.021101e+01 3.658418e+01
    endloop
  endfacet
  facet normal 9.438363e-01 2.264744e-01 -2.405875e-01
    outer loop
      vertex   3.219749e+02 4.074040e+01 3.737266e+01
      vertex   3.219010e+02 4.021101e+01 3.658418e+01
      vertex   3.219010e+02 4.088986e+01 3.722320e+01
    endloop
  endfacet
  facet normal 9.438363e-01 2.405875e-01 -2.264744e-01
    outer loop
      vertex   3.219749e+02 4.137068e+01 3.804221e+01
      vertex   3.219749e+02 4.074040e+01 3.737266e+01
      vertex   3.219010e+02 4.088986e+01 3.722320e+01
    endloop
  endfacet
  facet normal 9.438363e-01 2.405875e-01 -2.264744e-01
    outer loop
      vertex   3.219749e+02 4.137068e+01 3.804221e+01
      vertex   3.219010e+02 4.088986e+01 3.722320e+01
      vertex   3.219010e+02 4.152888e+01 3.790205e+01
    endloop
  endfacet
  facet normal 9.438363e-01 2.538227e-01 -2.115349e-01
    outer loop
      vertex   3.219749e+02 4.195937e+01 3.874859e+01
      vertex   3.219749e+02 4.137068e+01 3.804221e+01
      vertex   3.219010e+02 4.152888e+01 3.790205e+01
    endloop
  endfacet
  facet normal 9.438363e-01 2.538227e-01 -2.115349e-01
    outer loop
      vertex   3.219749e+02 4.195937e+01 3.874859e+01
      vertex   3.219010e+02 4.152888e+01 3.790205e+01
      vertex   3.219010e+02 4.212575e+01 3.861824e+01
    endloop
  endfacet
  facet normal 9.438363e-01 2.661318e-01 -1.958235e-01
    outer loop
      vertex   3.219749e+02 4.250435e+01 3.948923e+01
      vertex   3.219749e+02 4.195937e+01 3.874859e+01
      vertex   3.219010e+02 4.212575e+01 3.861824e+01
    endloop
  endfacet
  facet normal 9.438363e-01 2.661318e-01 -1.958235e-01
    outer loop
      vertex   3.219749e+02 4.250435e+01 3.948923e+01
      vertex   3.219010e+02 4.212575e+01 3.861824e+01
      vertex   3.219010e+02 4.267829e+01 3.936916e+01
    endloop
  endfacet
  facet normal 9.438363e-01 2.774698e-01 -1.793976e-01
    outer loop
      vertex   3.219749e+02 4.300360e+01 4.026142e+01
      vertex   3.219749e+02 4.250435e+01 3.948923e+01
      vertex   3.219010e+02 4.267829e+01 3.936916e+01
    endloop
  endfacet
  facet normal 9.438363e-01 2.774698e-01 -1.793976e-01
    outer loop
      vertex   3.219749e+02 4.300360e+01 4.026142e+01
      vertex   3.219010e+02 4.267829e+01 3.936916e+01
      vertex   3.219010e+02 4.318448e+01 4.015207e+01
    endloop
  endfacet
  facet normal 9.438363e-01 2.877953e-01 -1.623171e-01
    outer loop
      vertex   3.219749e+02 4.345533e+01 4.106235e+01
      vertex   3.219749e+02 4.300360e+01 4.026142e+01
      vertex   3.219010e+02 4.318448e+01 4.015207e+01
    endloop
  endfacet
  facet normal 9.438363e-01 2.877953e-01 -1.623171e-01
    outer loop
      vertex   3.219749e+02 4.345533e+01 4.106235e+01
      vertex   3.219010e+02 4.318448e+01 4.015207e+01
      vertex   3.219010e+02 4.364248e+01 4.096412e+01
    endloop
  endfacet
  facet normal 9.438363e-01 2.970707e-01 -1.446443e-01
    outer loop
      vertex   3.219749e+02 4.385787e+01 4.188909e+01
      vertex   3.219749e+02 4.345533e+01 4.106235e+01
      vertex   3.219010e+02 4.364248e+01 4.096412e+01
    endloop
  endfacet
  facet normal 9.438363e-01 2.970707e-01 -1.446443e-01
    outer loop
      vertex   3.219749e+02 4.385787e+01 4.188909e+01
      vertex   3.219010e+02 4.364248e+01 4.096412e+01
      vertex   3.219010e+02 4.405061e+01 4.180234e+01
    endloop
  endfacet
  facet normal 9.438363e-01 3.052621e-01 -1.264437e-01
    outer loop
      vertex   3.219749e+02 4.420976e+01 4.273862e+01
      vertex   3.219749e+02 4.385787e+01 4.188909e+01
      vertex   3.219010e+02 4.405061e+01 4.180234e+01
    endloop
  endfacet
  facet normal 9.438363e-01 3.052621e-01 -1.264437e-01
    outer loop
      vertex   3.219749e+02 4.420976e+01 4.273862e+01
      vertex   3.219010e+02 4.405061e+01 4.180234e+01
      vertex   3.219010e+02 4.440739e+01 4.266367e+01
    endloop
  endfacet
  facet normal 9.438363e-01 3.123397e-01 -1.077818e-01
    outer loop
      vertex   3.219749e+02 4.450971e+01 4.360786e+01
      vertex   3.219749e+02 4.420976e+01 4.273862e+01
      vertex   3.219010e+02 4.440739e+01 4.266367e+01
    endloop
  endfacet
  facet normal 9.438363e-01 3.123397e-01 -1.077818e-01
    outer loop
      vertex   3.219749e+02 4.450971e+01 4.360786e+01
      vertex   3.219010e+02 4.440739e+01 4.266367e+01
      vertex   3.219010e+02 4.471151e+01 4.354498e+01
    endloop
  endfacet
  facet normal 9.438363e-01 3.182775e-01 -8.872652e-02
    outer loop
      vertex   3.219749e+02 4.475664e+01 4.449362e+01
      vertex   3.219749e+02 4.450971e+01 4.360786e+01
      vertex   3.219010e+02 4.471151e+01 4.354498e+01
    endloop
  endfacet
  facet normal 9.438363e-01 3.182775e-01 -8.872652e-02
    outer loop
      vertex   3.219749e+02 4.475664e+01 4.449362e+01
      vertex   3.219010e+02 4.471151e+01 4.354498e+01
      vertex   3.219010e+02 4.496186e+01 4.444303e+01
    endloop
  endfacet
  facet normal 9.438363e-01 3.230540e-01 -6.934752e-02
    outer loop
      vertex   3.219749e+02 4.494963e+01 4.539267e+01
      vertex   3.219749e+02 4.475664e+01 4.449362e+01
      vertex   3.219010e+02 4.496186e+01 4.444303e+01
    endloop
  endfacet
  facet normal 9.438363e-01 3.230540e-01 -6.934752e-02
    outer loop
      vertex   3.219749e+02 4.494963e+01 4.539267e+01
      vertex   3.219010e+02 4.496186e+01 4.444303e+01
      vertex   3.219010e+02 4.515753e+01 4.535457e+01
    endloop
  endfacet
  facet normal 9.438363e-01 3.266517e-01 -4.971548e-02
    outer loop
      vertex   3.219749e+02 4.508799e+01 4.630173e+01
      vertex   3.219749e+02 4.494963e+01 4.539267e+01
      vertex   3.219010e+02 4.515753e+01 4.535457e+01
    endloop
  endfacet
  facet normal 9.438363e-01 3.266517e-01 -4.971548e-02
    outer loop
      vertex   3.219749e+02 4.508799e+01 4.630173e+01
      vertex   3.219010e+02 4.515753e+01 4.535457e+01
      vertex   3.219010e+02 4.529781e+01 4.627626e+01
    endloop
  endfacet
  facet normal 9.438363e-01 3.290575e-01 -2.990204e-02
    outer loop
      vertex   3.219749e+02 4.517120e+01 4.721749e+01
      vertex   3.219749e+02 4.508799e+01 4.630173e+01
      vertex   3.219010e+02 4.529781e+01 4.627626e+01
    endloop
  endfacet
  facet normal 9.438363e-01 3.290575e-01 -2.990204e-02
    outer loop
      vertex   3.219749e+02 4.517120e+01 4.721749e+01
      vertex   3.219010e+02 4.529781e+01 4.627626e+01
      vertex   3.219010e+02 4.538218e+01 4.720473e+01
    endloop
  endfacet
  facet normal 9.438363e-01 3.302626e-01 -9.979484e-03
    outer loop
      vertex   3.219749e+02 4.519898e+01 4.813660e+01
      vertex   3.219749e+02 4.517120e+01 4.721749e+01
      vertex   3.219010e+02 4.538218e+01 4.720473e+01
    endloop
  endfacet
  facet normal 9.438363e-01 -2.990204e-02 3.290575e-01
    outer loop
      vertex   3.219749e+02 2.814158e+01 6.324814e+01
      vertex   3.219749e+02 2.905734e+01 6.333135e+01
      vertex   3.219010e+02 2.904458e+01 6.354233e+01
    endloop
  endfacet
  facet normal 9.438363e-01 -9.979484e-03 3.302626e-01
    outer loop
      vertex   3.219010e+02 2.904458e+01 6.354233e+01
      vertex   3.219749e+02 2.905734e+01 6.333135e+01
      vertex   3.219010e+02 2.997646e+01 6.357049e+01
    endloop
  endfacet
  facet normal 9.438363e-01 -2.990204e-02 3.290575e-01
    outer loop
      vertex   3.219749e+02 2.814158e+01 6.324814e+01
      vertex   3.219010e+02 2.904458e+01 6.354233e+01
      vertex   3.219010e+02 2.811611e+01 6.345796e+01
    endloop
  endfacet
  facet normal 9.438363e-01 -4.971548e-02 3.266517e-01
    outer loop
      vertex   3.219749e+02 2.723252e+01 6.310978e+01
      vertex   3.219749e+02 2.814158e+01 6.324814e+01
      vertex   3.219010e+02 2.811611e+01 6.345796e+01
    endloop
  endfacet
  facet normal 9.438363e-01 -4.971548e-02 3.266517e-01
    outer loop
      vertex   3.219749e+02 2.723252e+01 6.310978e+01
      vertex   3.219010e+02 2.811611e+01 6.345796e+01
      vertex   3.219010e+02 2.719442e+01 6.331768e+01
    endloop
  endfacet
  facet normal 9.438363e-01 -6.934752e-02 3.230540e-01
    outer loop
      vertex   3.219749e+02 2.633347e+01 6.291679e+01
      vertex   3.219749e+02 2.723252e+01 6.310978e+01
      vertex   3.219010e+02 2.719442e+01 6.331768e+01
    endloop
  endfacet
  facet normal 9.438363e-01 -6.934752e-02 3.230540e-01
    outer loop
      vertex   3.219749e+02 2.633347e+01 6.291679e+01
      vertex   3.219010e+02 2.719442e+01 6.331768e+01
      vertex   3.219010e+02 2.628289e+01 6.312201e+01
    endloop
  endfacet
  facet normal 9.438363e-01 -8.872652e-02 3.182775e-01
    outer loop
      vertex   3.219749e+02 2.544771e+01 6.266986e+01
      vertex   3.219749e+02 2.633347e+01 6.291679e+01
      vertex   3.219010e+02 2.628289e+01 6.312201e+01
    endloop
  endfacet
  facet normal 9.438363e-01 -8.872652e-02 3.182775e-01
    outer loop
      vertex   3.219749e+02 2.544771e+01 6.266986e+01
      vertex   3.219010e+02 2.628289e+01 6.312201e+01
      vertex   3.219010e+02 2.538483e+01 6.287166e+01
    endloop
  endfacet
  facet normal 9.438363e-01 -1.077818e-01 3.123397e-01
    outer loop
      vertex   3.219749e+02 2.457848e+01 6.236991e+01
      vertex   3.219749e+02 2.544771e+01 6.266986e+01
      vertex   3.219010e+02 2.538483e+01 6.287166e+01
    endloop
  endfacet
  facet normal 9.438363e-01 -1.077818e-01 3.123397e-01
    outer loop
      vertex   3.219749e+02 2.457848e+01 6.236991e+01
      vertex   3.219010e+02 2.538483e+01 6.287166e+01
      vertex   3.219010e+02 2.450353e+01 6.256754e+01
    endloop
  endfacet
  facet normal 9.438363e-01 -1.264437e-01 3.052621e-01
    outer loop
      vertex   3.219749e+02 2.372894e+01 6.201802e+01
      vertex   3.219749e+02 2.457848e+01 6.236991e+01
      vertex   3.219010e+02 2.450353e+01 6.256754e+01
    endloop
  endfacet
  facet normal 9.438363e-01 -1.264437e-01 3.052621e-01
    outer loop
      vertex   3.219749e+02 2.372894e+01 6.201802e+01
      vertex   3.219010e+02 2.450353e+01 6.256754e+01
      vertex   3.219010e+02 2.364219e+01 6.221076e+01
    endloop
  endfacet
  facet normal 9.438363e-01 -1.446443e-01 2.970707e-01
    outer loop
      vertex   3.219749e+02 2.290220e+01 6.161548e+01
      vertex   3.219749e+02 2.372894e+01 6.201802e+01
      vertex   3.219010e+02 2.364219e+01 6.221076e+01
    endloop
  endfacet
  facet normal 9.438363e-01 -1.446443e-01 2.970707e-01
    outer loop
      vertex   3.219749e+02 2.290220e+01 6.161548e+01
      vertex   3.219010e+02 2.364219e+01 6.221076e+01
      vertex   3.219010e+02 2.280397e+01 6.180263e+01
    endloop
  endfacet
  facet normal 9.438363e-01 -1.623171e-01 2.877953e-01
    outer loop
      vertex   3.219749e+02 2.210127e+01 6.116375e+01
      vertex   3.219749e+02 2.290220e+01 6.161548e+01
      vertex   3.219010e+02 2.280397e+01 6.180263e+01
    endloop
  endfacet
  facet normal 9.438363e-01 -1.623171e-01 2.877953e-01
    outer loop
      vertex   3.219749e+02 2.210127e+01 6.116375e+01
      vertex   3.219010e+02 2.280397e+01 6.180263e+01
      vertex   3.219010e+02 2.199192e+01 6.134463e+01
    endloop
  endfacet
  facet normal 9.438363e-01 -1.793976e-01 2.774698e-01
    outer loop
      vertex   3.219749e+02 2.132908e+01 6.066449e+01
      vertex   3.219749e+02 2.210127e+01 6.116375e+01
      vertex   3.219010e+02 2.199192e+01 6.134463e+01
    endloop
  endfacet
  facet normal 9.438363e-01 -1.793976e-01 2.774698e-01
    outer loop
      vertex   3.219749e+02 2.132908e+01 6.066449e+01
      vertex   3.219010e+02 2.199192e+01 6.134463e+01
      vertex   3.219010e+02 2.120901e+01 6.083844e+01
    endloop
  endfacet
  facet normal 9.438363e-01 -1.958235e-01 2.661318e-01
    outer loop
      vertex   3.219749e+02 2.058844e+01 6.011952e+01
      vertex   3.219749e+02 2.132908e+01 6.066449e+01
      vertex   3.219010e+02 2.120901e+01 6.083844e+01
    endloop
  endfacet
  facet normal 9.438363e-01 -1.958235e-01 2.661318e-01
    outer loop
      vertex   3.219749e+02 2.058844e+01 6.011952e+01
      vertex   3.219010e+02 2.120901e+01 6.083844e+01
      vertex   3.219010e+02 2.045809e+01 6.028590e+01
    endloop
  endfacet
  facet normal 9.438363e-01 -2.115349e-01 2.538227e-01
    outer loop
      vertex   3.219749e+02 1.988206e+01 5.953083e+01
      vertex   3.219749e+02 2.058844e+01 6.011952e+01
      vertex   3.219010e+02 2.045809e+01 6.028590e+01
    endloop
  endfacet
  facet normal 9.438363e-01 -2.115349e-01 2.538227e-01
    outer loop
      vertex   3.219749e+02 1.988206e+01 5.953083e+01
      vertex   3.219010e+02 2.045809e+01 6.028590e+01
      vertex   3.219010e+02 1.974190e+01 5.968903e+01
    endloop
  endfacet
  facet normal 9.438363e-01 -2.264744e-01 2.405875e-01
    outer loop
      vertex   3.219749e+02 1.921251e+01 5.890055e+01
      vertex   3.219749e+02 1.988206e+01 5.953083e+01
      vertex   3.219010e+02 1.974190e+01 5.968903e+01
    endloop
  endfacet
  facet normal 9.438363e-01 -2.264744e-01 2.405875e-01
    outer loop
      vertex   3.219749e+02 1.921251e+01 5.890055e+01
      vertex   3.219010e+02 1.974190e+01 5.968903e+01
      vertex   3.219010e+02 1.906305e+01 5.905001e+01
    endloop
  endfacet
  facet normal 9.438363e-01 -2.405875e-01 2.264744e-01
    outer loop
      vertex   3.219749e+02 1.858224e+01 5.823100e+01
      vertex   3.219749e+02 1.921251e+01 5.890055e+01
      vertex   3.219010e+02 1.906305e+01 5.905001e+01
    endloop
  endfacet
  facet normal 9.438363e-01 -2.405875e-01 2.264744e-01
    outer loop
      vertex   3.219749e+02 1.858224e+01 5.823100e+01
      vertex   3.219010e+02 1.906305e+01 5.905001e+01
      vertex   3.219010e+02 1.842403e+01 5.837116e+01
    endloop
  endfacet
  facet normal 9.438363e-01 -2.538227e-01 2.115349e-01
    outer loop
      vertex   3.219749e+02 1.799354e+01 5.752462e+01
      vertex   3.219749e+02 1.858224e+01 5.823100e+01
      vertex   3.219010e+02 1.842403e+01 5.837116e+01
    endloop
  endfacet
  facet normal 9.438363e-01 -2.538227e-01 2.115349e-01
    outer loop
      vertex   3.219749e+02 1.799354e+01 5.752462e+01
      vertex   3.219010e+02 1.842403e+01 5.837116e+01
      vertex   3.219010e+02 1.782716e+01 5.765497e+01
    endloop
  endfacet
  facet normal 9.438363e-01 -2.661318e-01 1.958235e-01
    outer loop
      vertex   3.219749e+02 1.744857e+01 5.678398e+01
      vertex   3.219749e+02 1.799354e+01 5.752462e+01
      vertex   3.219010e+02 1.782716e+01 5.765497e+01
    endloop
  endfacet
  facet normal 9.438363e-01 -2.661318e-01 1.958235e-01
    outer loop
      vertex   3.219749e+02 1.744857e+01 5.678398e+01
      vertex   3.219010e+02 1.782716e+01 5.765497e+01
      vertex   3.219010e+02 1.727462e+01 5.690405e+01
    endloop
  endfacet
  facet normal 9.438363e-01 -2.774698e-01 1.793976e-01
    outer loop
      vertex   3.219749e+02 1.694931e+01 5.601179e+01
      vertex   3.219749e+02 1.744857e+01 5.678398e+01
      vertex   3.219010e+02 1.727462e+01 5.690405e+01
    endloop
  endfacet
  facet normal 9.438363e-01 -2.774698e-01 1.793976e-01
    outer loop
      vertex   3.219749e+02 1.694931e+01 5.601179e+01
      vertex   3.219010e+02 1.727462e+01 5.690405e+01
      vertex   3.219010e+02 1.676843e+01 5.612114e+01
    endloop
  endfacet
  facet normal 9.438363e-01 -2.877953e-01 1.623171e-01
    outer loop
      vertex   3.219749e+02 1.649758e+01 5.521086e+01
      vertex   3.219749e+02 1.694931e+01 5.601179e+01
      vertex   3.219010e+02 1.676843e+01 5.612114e+01
    endloop
  endfacet
  facet normal 9.438363e-01 -2.877953e-01 1.623171e-01
    outer loop
      vertex   3.219749e+02 1.649758e+01 5.521086e+01
      vertex   3.219010e+02 1.676843e+01 5.612114e+01
      vertex   3.219010e+02 1.631043e+01 5.530909e+01
    endloop
  endfacet
  facet normal 9.438363e-01 -2.970707e-01 1.446443e-01
    outer loop
      vertex   3.219749e+02 1.609504e+01 5.438412e+01
      vertex   3.219749e+02 1.649758e+01 5.521086e+01
      vertex   3.219010e+02 1.631043e+01 5.530909e+01
    endloop
  endfacet
  facet normal 9.438363e-01 -2.970707e-01 1.446443e-01
    outer loop
      vertex   3.219749e+02 1.609504e+01 5.438412e+01
      vertex   3.219010e+02 1.631043e+01 5.530909e+01
      vertex   3.219010e+02 1.590230e+01 5.447087e+01
    endloop
  endfacet
  facet normal 9.438363e-01 -3.052621e-01 1.264437e-01
    outer loop
      vertex   3.219749e+02 1.574315e+01 5.353458e+01
      vertex   3.219749e+02 1.609504e+01 5.438412e+01
      vertex   3.219010e+02 1.590230e+01 5.447087e+01
    endloop
  endfacet
  facet normal 9.438363e-01 -3.052621e-01 1.264437e-01
    outer loop
      vertex   3.219749e+02 1.574315e+01 5.353458e+01
      vertex   3.219010e+02 1.590230e+01 5.447087e+01
      vertex   3.219010e+02 1.554552e+01 5.360954e+01
    endloop
  endfacet
  facet normal 9.438363e-01 -3.123397e-01 1.077818e-01
    outer loop
      vertex   3.219749e+02 1.544320e+01 5.266535e+01
      vertex   3.219749e+02 1.574315e+01 5.353458e+01
      vertex   3.219010e+02 1.554552e+01 5.360954e+01
    endloop
  endfacet
  facet normal 9.438363e-01 -3.123397e-01 1.077818e-01
    outer loop
      vertex   3.219749e+02 1.544320e+01 5.266535e+01
      vertex   3.219010e+02 1.554552e+01 5.360954e+01
      vertex   3.219010e+02 1.524141e+01 5.272823e+01
    endloop
  endfacet
  facet normal 9.438363e-01 -3.182775e-01 8.872652e-02
    outer loop
      vertex   3.219749e+02 1.519627e+01 5.177959e+01
      vertex   3.219749e+02 1.544320e+01 5.266535e+01
      vertex   3.219010e+02 1.524141e+01 5.272823e+01
    endloop
  endfacet
  facet normal 9.438363e-01 -3.182775e-01 8.872652e-02
    outer loop
      vertex   3.219749e+02 1.519627e+01 5.177959e+01
      vertex   3.219010e+02 1.524141e+01 5.272823e+01
      vertex   3.219010e+02 1.499105e+01 5.183017e+01
    endloop
  endfacet
  facet normal 9.438363e-01 -3.230540e-01 6.934752e-02
    outer loop
      vertex   3.219749e+02 1.500328e+01 5.088054e+01
      vertex   3.219749e+02 1.519627e+01 5.177959e+01
      vertex   3.219010e+02 1.499105e+01 5.183017e+01
    endloop
  endfacet
  facet normal 9.438363e-01 -3.230540e-01 6.934752e-02
    outer loop
      vertex   3.219749e+02 1.500328e+01 5.088054e+01
      vertex   3.219010e+02 1.499105e+01 5.183017e+01
      vertex   3.219010e+02 1.479538e+01 5.091864e+01
    endloop
  endfacet
  facet normal 9.438363e-01 -3.266517e-01 4.971548e-02
    outer loop
      vertex   3.219749e+02 1.486492e+01 4.997148e+01
      vertex   3.219749e+02 1.500328e+01 5.088054e+01
      vertex   3.219010e+02 1.479538e+01 5.091864e+01
    endloop
  endfacet
  facet normal 9.438363e-01 -3.266517e-01 4.971548e-02
    outer loop
      vertex   3.219749e+02 1.486492e+01 4.997148e+01
      vertex   3.219010e+02 1.479538e+01 5.091864e+01
      vertex   3.219010e+02 1.465510e+01 4.999695e+01
    endloop
  endfacet
  facet normal 9.438363e-01 -3.290575e-01 2.990204e-02
    outer loop
      vertex   3.219749e+02 1.478171e+01 4.905572e+01
      vertex   3.219749e+02 1.486492e+01 4.997148e+01
      vertex   3.219010e+02 1.465510e+01 4.999695e+01
    endloop
  endfacet
  facet normal 9.438363e-01 -3.290575e-01 2.990204e-02
    outer loop
      vertex   3.219749e+02 1.478171e+01 4.905572e+01
      vertex   3.219010e+02 1.465510e+01 4.999695e+01
      vertex   3.219010e+02 1.457073e+01 4.906848e+01
    endloop
  endfacet
  facet normal 1.000000e+00 0.000000e+00 0.000000e+00
    outer loop
      vertex   3.220000e+02 3.135569e+01 4.865724e+01
      vertex   3.220000e+02 1.509474e+01 5.001660e+01
      vertex   3.220000e+02 3.132646e+01 4.813660e+01
    endloop
  endfacet
  facet normal 1.000000e+00 0.000000e+00 0.000000e+00
    outer loop
      vertex   3.220000e+02 3.132646e+01 4.813660e+01
      vertex   3.220000e+02 1.509474e+01 5.001660e+01
      vertex   3.220000e+02 1.500606e+01 4.907846e+01
    endloop
  endfacet
  facet normal 1.000000e+00 0.000000e+00 0.000000e+00
    outer loop
      vertex   3.220000e+02 3.132646e+01 4.813660e+01
      vertex   3.220000e+02 1.500606e+01 4.907846e+01
      vertex   3.220000e+02 1.497646e+01 4.813660e+01
    endloop
  endfacet
  facet normal 1.000000e+00 0.000000e+00 0.000000e+00
    outer loop
      vertex   3.220000e+02 3.144304e+01 4.917133e+01
      vertex   3.220000e+02 1.571061e+01 5.277186e+01
      vertex   3.220000e+02 3.135569e+01 4.865724e+01
    endloop
  endfacet
  facet normal 1.000000e+00 0.000000e+00 0.000000e+00
    outer loop
      vertex   3.220000e+02 3.135569e+01 4.865724e+01
      vertex   3.220000e+02 1.571061e+01 5.277186e+01
      vertex   3.220000e+02 1.544771e+01 5.186695e+01
    endloop
  endfacet
  facet normal 1.000000e+00 0.000000e+00 0.000000e+00
    outer loop
      vertex   3.220000e+02 3.135569e+01 4.865724e+01
      vertex   3.220000e+02 1.544771e+01 5.186695e+01
      vertex   3.220000e+02 1.524215e+01 5.094732e+01
    endloop
  endfacet
  facet normal 1.000000e+00 0.000000e+00 0.000000e+00
    outer loop
      vertex   3.220000e+02 3.158740e+01 4.967240e+01
      vertex   3.220000e+02 1.683186e+01 5.536291e+01
      vertex   3.220000e+02 3.144304e+01 4.917133e+01
    endloop
  endfacet
  facet normal 1.000000e+00 0.000000e+00 0.000000e+00
    outer loop
      vertex   3.220000e+02 3.144304e+01 4.917133e+01
      vertex   3.220000e+02 1.683186e+01 5.536291e+01
      vertex   3.220000e+02 1.640405e+01 5.452329e+01
    endloop
  endfacet
  facet normal 1.000000e+00 0.000000e+00 0.000000e+00
    outer loop
      vertex   3.220000e+02 3.144304e+01 4.917133e+01
      vertex   3.220000e+02 1.640405e+01 5.452329e+01
      vertex   3.220000e+02 1.602981e+01 5.365847e+01
    endloop
  endfacet
  facet normal 1.000000e+00 0.000000e+00 0.000000e+00
    outer loop
      vertex   3.220000e+02 3.178695e+01 5.015416e+01
      vertex   3.220000e+02 1.841876e+01 5.769796e+01
      vertex   3.220000e+02 3.158740e+01 4.967240e+01
    endloop
  endfacet
  facet normal 1.000000e+00 0.000000e+00 0.000000e+00
    outer loop
      vertex   3.220000e+02 3.158740e+01 4.967240e+01
      vertex   3.220000e+02 1.841876e+01 5.769796e+01
      vertex   3.220000e+02 1.784120e+01 5.695338e+01
    endloop
  endfacet
  facet normal 1.000000e+00 0.000000e+00 0.000000e+00
    outer loop
      vertex   3.220000e+02 3.158740e+01 4.967240e+01
      vertex   3.220000e+02 1.784120e+01 5.695338e+01
      vertex   3.220000e+02 1.731154e+01 5.617401e+01
    endloop
  endfacet
  facet normal 1.000000e+00 0.000000e+00 0.000000e+00
    outer loop
      vertex   3.220000e+02 3.203919e+01 5.061055e+01
      vertex   3.220000e+02 2.041510e+01 5.969430e+01
      vertex   3.220000e+02 3.178695e+01 5.015416e+01
    endloop
  endfacet
  facet normal 1.000000e+00 0.000000e+00 0.000000e+00
    outer loop
      vertex   3.220000e+02 3.178695e+01 5.015416e+01
      vertex   3.220000e+02 2.041510e+01 5.969430e+01
      vertex   3.220000e+02 1.970825e+01 5.907113e+01
    endloop
  endfacet
  facet normal 1.000000e+00 0.000000e+00 0.000000e+00
    outer loop
      vertex   3.220000e+02 3.178695e+01 5.015416e+01
      vertex   3.220000e+02 1.970825e+01 5.907113e+01
      vertex   3.220000e+02 1.904193e+01 5.840481e+01
    endloop
  endfacet
  facet normal 1.000000e+00 0.000000e+00 0.000000e+00
    outer loop
      vertex   3.220000e+02 3.234094e+01 5.103583e+01
      vertex   3.220000e+02 2.275015e+01 6.128120e+01
      vertex   3.220000e+02 3.203919e+01 5.061055e+01
    endloop
  endfacet
  facet normal 1.000000e+00 0.000000e+00 0.000000e+00
    outer loop
      vertex   3.220000e+02 3.203919e+01 5.061055e+01
      vertex   3.220000e+02 2.275015e+01 6.128120e+01
      vertex   3.220000e+02 2.193905e+01 6.080152e+01
    endloop
  endfacet
  facet normal 1.000000e+00 0.000000e+00 0.000000e+00
    outer loop
      vertex   3.220000e+02 3.203919e+01 5.061055e+01
      vertex   3.220000e+02 2.193905e+01 6.080152e+01
      vertex   3.220000e+02 2.115968e+01 6.027186e+01
    endloop
  endfacet
  facet normal 1.000000e+00 0.000000e+00 0.000000e+00
    outer loop
      vertex   3.220000e+02 3.268841e+01 5.142465e+01
      vertex   3.220000e+02 2.534120e+01 6.240245e+01
      vertex   3.220000e+02 3.234094e+01 5.103583e+01
    endloop
  endfacet
  facet normal 1.000000e+00 0.000000e+00 0.000000e+00
    outer loop
      vertex   3.220000e+02 3.234094e+01 5.103583e+01
      vertex   3.220000e+02 2.534120e+01 6.240245e+01
      vertex   3.220000e+02 2.445459e+01 6.208325e+01
    endloop
  endfacet
  facet normal 1.000000e+00 0.000000e+00 0.000000e+00
    outer loop
      vertex   3.220000e+02 3.234094e+01 5.103583e+01
      vertex   3.220000e+02 2.445459e+01 6.208325e+01
      vertex   3.220000e+02 2.358977e+01 6.170901e+01
    endloop
  endfacet
  facet normal 1.000000e+00 0.000000e+00 0.000000e+00
    outer loop
      vertex   3.220000e+02 3.307723e+01 5.177212e+01
      vertex   3.220000e+02 2.716574e+01 6.287091e+01
      vertex   3.220000e+02 3.268841e+01 5.142465e+01
    endloop
  endfacet
  facet normal 1.000000e+00 0.000000e+00 0.000000e+00
    outer loop
      vertex   3.220000e+02 3.268841e+01 5.142465e+01
      vertex   3.220000e+02 2.716574e+01 6.287091e+01
      vertex   3.220000e+02 2.624611e+01 6.266535e+01
    endloop
  endfacet
  facet normal 1.000000e+00 0.000000e+00 0.000000e+00
    outer loop
      vertex   3.220000e+02 3.268841e+01 5.142465e+01
      vertex   3.220000e+02 2.624611e+01 6.266535e+01
      vertex   3.220000e+02 2.534120e+01 6.240245e+01
    endloop
  endfacet
  facet normal 1.000000e+00 0.000000e+00 0.000000e+00
    outer loop
      vertex   3.220000e+02 3.350251e+01 5.207387e+01
      vertex   3.220000e+02 2.997646e+01 6.313660e+01
      vertex   3.220000e+02 3.307723e+01 5.177212e+01
    endloop
  endfacet
  facet normal 1.000000e+00 0.000000e+00 0.000000e+00
    outer loop
      vertex   3.220000e+02 3.307723e+01 5.177212e+01
      vertex   3.220000e+02 2.997646e+01 6.313660e+01
      vertex   3.220000e+02 2.903460e+01 6.310701e+01
    endloop
  endfacet
  facet normal 1.000000e+00 0.000000e+00 0.000000e+00
    outer loop
      vertex   3.220000e+02 3.307723e+01 5.177212e+01
      vertex   3.220000e+02 2.903460e+01 6.310701e+01
      vertex   3.220000e+02 2.809646e+01 6.301833e+01
    endloop
  endfacet
  facet normal 1.000000e+00 0.000000e+00 0.000000e+00
    outer loop
      vertex   3.220000e+02 3.395890e+01 5.232611e+01
      vertex   3.220000e+02 3.185645e+01 6.301833e+01
      vertex   3.220000e+02 3.350251e+01 5.207387e+01
    endloop
  endfacet
  facet normal 1.000000e+00 0.000000e+00 0.000000e+00
    outer loop
      vertex   3.220000e+02 3.350251e+01 5.207387e+01
      vertex   3.220000e+02 3.185645e+01 6.301833e+01
      vertex   3.220000e+02 3.091831e+01 6.310701e+01
    endloop
  endfacet
  facet normal 1.000000e+00 0.000000e+00 0.000000e+00
    outer loop
      vertex   3.220000e+02 3.350251e+01 5.207387e+01
      vertex   3.220000e+02 3.091831e+01 6.310701e+01
      vertex   3.220000e+02 2.997646e+01 6.313660e+01
    endloop
  endfacet
  facet normal 1.000000e+00 0.000000e+00 0.000000e+00
    outer loop
      vertex   3.220000e+02 3.444066e+01 5.252566e+01
      vertex   3.220000e+02 3.370680e+01 6.266535e+01
      vertex   3.220000e+02 3.395890e+01 5.232611e+01
    endloop
  endfacet
  facet normal 1.000000e+00 0.000000e+00 0.000000e+00
    outer loop
      vertex   3.220000e+02 3.395890e+01 5.232611e+01
      vertex   3.220000e+02 3.370680e+01 6.266535e+01
      vertex   3.220000e+02 3.278718e+01 6.287091e+01
    endloop
  endfacet
  facet normal 1.000000e+00 0.000000e+00 0.000000e+00
    outer loop
      vertex   3.220000e+02 3.395890e+01 5.232611e+01
      vertex   3.220000e+02 3.278718e+01 6.287091e+01
      vertex   3.220000e+02 3.185645e+01 6.301833e+01
    endloop
  endfacet
  facet normal 1.000000e+00 0.000000e+00 0.000000e+00
    outer loop
      vertex   3.220000e+02 3.370680e+01 6.266535e+01
      vertex   3.220000e+02 3.444066e+01 5.252566e+01
      vertex   3.220000e+02 3.461171e+01 6.240245e+01
    endloop
  endfacet
  facet normal 1.000000e+00 0.000000e+00 0.000000e+00
    outer loop
      vertex   3.220000e+02 3.461171e+01 6.240245e+01
      vertex   3.220000e+02 3.444066e+01 5.252566e+01
      vertex   3.220000e+02 3.494173e+01 5.267002e+01
    endloop
  endfacet
  facet normal 1.000000e+00 0.000000e+00 0.000000e+00
    outer loop
      vertex   3.220000e+02 3.461171e+01 6.240245e+01
      vertex   3.220000e+02 3.494173e+01 5.267002e+01
      vertex   3.220000e+02 3.549832e+01 6.208325e+01
    endloop
  endfacet
  facet normal 1.000000e+00 0.000000e+00 0.000000e+00
    outer loop
      vertex   3.220000e+02 3.549832e+01 6.208325e+01
      vertex   3.220000e+02 3.494173e+01 5.267002e+01
      vertex   3.220000e+02 3.636315e+01 6.170901e+01
    endloop
  endfacet
  facet normal 1.000000e+00 0.000000e+00 0.000000e+00
    outer loop
      vertex   3.220000e+02 3.636315e+01 6.170901e+01
      vertex   3.220000e+02 3.494173e+01 5.267002e+01
      vertex   3.220000e+02 3.545582e+01 5.275737e+01
    endloop
  endfacet
  facet normal 1.000000e+00 0.000000e+00 0.000000e+00
    outer loop
      vertex   3.220000e+02 3.636315e+01 6.170901e+01
      vertex   3.220000e+02 3.545582e+01 5.275737e+01
      vertex   3.220000e+02 3.720276e+01 6.128120e+01
    endloop
  endfacet
  facet normal 1.000000e+00 0.000000e+00 0.000000e+00
    outer loop
      vertex   3.220000e+02 3.720276e+01 6.128120e+01
      vertex   3.220000e+02 3.545582e+01 5.275737e+01
      vertex   3.220000e+02 3.801386e+01 6.080152e+01
    endloop
  endfacet
  facet normal 1.000000e+00 0.000000e+00 0.000000e+00
    outer loop
      vertex   3.220000e+02 3.801386e+01 6.080152e+01
      vertex   3.220000e+02 3.545582e+01 5.275737e+01
      vertex   3.220000e+02 3.597646e+01 5.278660e+01
    endloop
  endfacet
  facet normal 1.000000e+00 0.000000e+00 0.000000e+00
    outer loop
      vertex   3.220000e+02 3.801386e+01 6.080152e+01
      vertex   3.220000e+02 3.597646e+01 5.278660e+01
      vertex   3.220000e+02 3.879324e+01 6.027186e+01
    endloop
  endfacet
  facet normal 1.000000e+00 0.000000e+00 0.000000e+00
    outer loop
      vertex   3.220000e+02 3.879324e+01 6.027186e+01
      vertex   3.220000e+02 3.597646e+01 5.278660e+01
      vertex   3.220000e+02 3.953782e+01 5.969430e+01
    endloop
  endfacet
  facet normal 1.000000e+00 0.000000e+00 0.000000e+00
    outer loop
      vertex   3.220000e+02 3.953782e+01 5.969430e+01
      vertex   3.220000e+02 3.597646e+01 5.278660e+01
      vertex   3.220000e+02 4.024466e+01 5.907113e+01
    endloop
  endfacet
  facet normal 1.000000e+00 0.000000e+00 0.000000e+00
    outer loop
      vertex   3.220000e+02 4.024466e+01 5.907113e+01
      vertex   3.220000e+02 3.597646e+01 5.278660e+01
      vertex   3.220000e+02 4.091099e+01 5.840481e+01
    endloop
  endfacet
  facet normal 1.000000e+00 0.000000e+00 0.000000e+00
    outer loop
      vertex   3.220000e+02 4.091099e+01 5.840481e+01
      vertex   3.220000e+02 3.597646e+01 5.278660e+01
      vertex   3.220000e+02 4.153415e+01 5.769796e+01
    endloop
  endfacet
  facet normal 1.000000e+00 0.000000e+00 0.000000e+00
    outer loop
      vertex   3.220000e+02 4.153415e+01 5.769796e+01
      vertex   3.220000e+02 3.597646e+01 5.278660e+01
      vertex   3.220000e+02 4.211171e+01 5.695338e+01
    endloop
  endfacet
  facet normal 1.000000e+00 0.000000e+00 0.000000e+00
    outer loop
      vertex   3.220000e+02 4.211171e+01 5.695338e+01
      vertex   3.220000e+02 3.597646e+01 5.278660e+01
      vertex   3.220000e+02 4.264138e+01 5.617401e+01
    endloop
  endfacet
  facet normal 1.000000e+00 0.000000e+00 0.000000e+00
    outer loop
      vertex   3.220000e+02 4.264138e+01 5.617401e+01
      vertex   3.220000e+02 3.597646e+01 5.278660e+01
      vertex   3.220000e+02 4.312106e+01 5.536291e+01
    endloop
  endfacet
  facet normal 1.000000e+00 0.000000e+00 0.000000e+00
    outer loop
      vertex   3.220000e+02 4.312106e+01 5.536291e+01
      vertex   3.220000e+02 3.597646e+01 5.278660e+01
      vertex   3.220000e+02 4.354886e+01 5.452329e+01
    endloop
  endfacet
  facet normal 1.000000e+00 0.000000e+00 0.000000e+00
    outer loop
      vertex   3.220000e+02 4.354886e+01 5.452329e+01
      vertex   3.220000e+02 3.597646e+01 5.278660e+01
      vertex   3.220000e+02 4.392310e+01 5.365847e+01
    endloop
  endfacet
  facet normal 1.000000e+00 0.000000e+00 0.000000e+00
    outer loop
      vertex   3.220000e+02 4.392310e+01 5.365847e+01
      vertex   3.220000e+02 3.597646e+01 5.278660e+01
      vertex   3.220000e+02 3.649709e+01 5.275737e+01
    endloop
  endfacet
  facet normal 1.000000e+00 0.000000e+00 0.000000e+00
    outer loop
      vertex   3.220000e+02 4.392310e+01 5.365847e+01
      vertex   3.220000e+02 3.649709e+01 5.275737e+01
      vertex   3.220000e+02 3.701118e+01 5.267002e+01
    endloop
  endfacet
  facet normal 1.000000e+00 -0.000000e+00 0.000000e+00
    outer loop
      vertex   3.220000e+02 3.701118e+01 5.267002e+01
      vertex   3.220000e+02 3.751225e+01 5.252566e+01
      vertex   3.220000e+02 4.392310e+01 5.365847e+01
    endloop
  endfacet
  facet normal 1.000000e+00 0.000000e+00 0.000000e+00
    outer loop
      vertex   3.220000e+02 4.392310e+01 5.365847e+01
      vertex   3.220000e+02 3.751225e+01 5.252566e+01
      vertex   3.220000e+02 3.799402e+01 5.232611e+01
    endloop
  endfacet
  facet normal 1.000000e+00 0.000000e+00 0.000000e+00
    outer loop
      vertex   3.220000e+02 4.392310e+01 5.365847e+01
      vertex   3.220000e+02 3.799402e+01 5.232611e+01
      vertex   3.220000e+02 3.845041e+01 5.207387e+01
    endloop
  endfacet
  facet normal 1.000000e+00 -0.000000e+00 0.000000e+00
    outer loop
      vertex   3.220000e+02 3.845041e+01 5.207387e+01
      vertex   3.220000e+02 3.887568e+01 5.177212e+01
      vertex   3.220000e+02 4.392310e+01 5.365847e+01
    endloop
  endfacet
  facet normal 1.000000e+00 0.000000e+00 0.000000e+00
    outer loop
      vertex   3.220000e+02 4.392310e+01 5.365847e+01
      vertex   3.220000e+02 3.887568e+01 5.177212e+01
      vertex   3.220000e+02 3.926450e+01 5.142465e+01
    endloop
  endfacet
  facet normal 1.000000e+00 0.000000e+00 0.000000e+00
    outer loop
      vertex   3.220000e+02 4.392310e+01 5.365847e+01
      vertex   3.220000e+02 3.926450e+01 5.142465e+01
      vertex   3.220000e+02 3.961197e+01 5.103583e+01
    endloop
  endfacet
  facet normal 1.000000e+00 0.000000e+00 0.000000e+00
    outer loop
      vertex   3.220000e+02 4.392310e+01 5.365847e+01
      vertex   3.220000e+02 3.961197e+01 5.103583e+01
      vertex   3.220000e+02 4.424230e+01 5.277186e+01
    endloop
  endfacet
  facet normal 1.000000e+00 0.000000e+00 0.000000e+00
    outer loop
      vertex   3.220000e+02 4.424230e+01 5.277186e+01
      vertex   3.220000e+02 3.961197e+01 5.103583e+01
      vertex   3.220000e+02 3.991372e+01 5.061055e+01
    endloop
  endfacet
  facet normal 1.000000e+00 0.000000e+00 0.000000e+00
    outer loop
      vertex   3.220000e+02 4.424230e+01 5.277186e+01
      vertex   3.220000e+02 3.991372e+01 5.061055e+01
      vertex   3.220000e+02 4.450520e+01 5.186695e+01
    endloop
  endfacet
  facet normal 1.000000e+00 0.000000e+00 0.000000e+00
    outer loop
      vertex   3.220000e+02 4.450520e+01 5.186695e+01
      vertex   3.220000e+02 3.991372e+01 5.061055e+01
      vertex   3.220000e+02 4.016596e+01 5.015416e+01
    endloop
  endfacet
  facet normal 1.000000e+00 0.000000e+00 0.000000e+00
    outer loop
      vertex   3.220000e+02 4.450520e+01 5.186695e+01
      vertex   3.220000e+02 4.016596e+01 5.015416e+01
      vertex   3.220000e+02 4.471077e+01 5.094732e+01
    endloop
  endfacet
  facet normal 1.000000e+00 0.000000e+00 0.000000e+00
    outer loop
      vertex   3.220000e+02 4.471077e+01 5.094732e+01
      vertex   3.220000e+02 4.016596e+01 5.015416e+01
      vertex   3.220000e+02 4.036551e+01 4.967240e+01
    endloop
  endfacet
  facet normal 1.000000e+00 0.000000e+00 0.000000e+00
    outer loop
      vertex   3.220000e+02 4.471077e+01 5.094732e+01
      vertex   3.220000e+02 4.036551e+01 4.967240e+01
      vertex   3.220000e+02 4.485818e+01 5.001660e+01
    endloop
  endfacet
  facet normal 1.000000e+00 0.000000e+00 0.000000e+00
    outer loop
      vertex   3.220000e+02 4.485818e+01 5.001660e+01
      vertex   3.220000e+02 4.036551e+01 4.967240e+01
      vertex   3.220000e+02 4.050987e+01 4.917133e+01
    endloop
  endfacet
  facet normal 1.000000e+00 0.000000e+00 0.000000e+00
    outer loop
      vertex   3.220000e+02 4.485818e+01 5.001660e+01
      vertex   3.220000e+02 4.050987e+01 4.917133e+01
      vertex   3.220000e+02 4.494686e+01 4.907846e+01
    endloop
  endfacet
  facet normal 1.000000e+00 0.000000e+00 0.000000e+00
    outer loop
      vertex   3.220000e+02 4.494686e+01 4.907846e+01
      vertex   3.220000e+02 4.050987e+01 4.917133e+01
      vertex   3.220000e+02 4.059722e+01 4.865724e+01
    endloop
  endfacet
  facet normal 1.000000e+00 0.000000e+00 0.000000e+00
    outer loop
      vertex   3.220000e+02 4.494686e+01 4.907846e+01
      vertex   3.220000e+02 4.059722e+01 4.865724e+01
      vertex   3.220000e+02 4.497646e+01 4.813660e+01
    endloop
  endfacet
  facet normal 1.000000e+00 0.000000e+00 0.000000e+00
    outer loop
      vertex   3.220000e+02 4.497646e+01 4.813660e+01
      vertex   3.220000e+02 4.059722e+01 4.865724e+01
      vertex   3.220000e+02 4.062646e+01 4.813660e+01
    endloop
  endfacet
  facet normal 1.000000e+00 0.000000e+00 0.000000e+00
    outer loop
      vertex   3.220000e+02 4.497646e+01 4.813660e+01
      vertex   3.220000e+02 4.062646e+01 4.813660e+01
      vertex   3.220000e+02 4.059722e+01 4.761597e+01
    endloop
  endfacet
  facet normal 1.000000e+00 0.000000e+00 0.000000e+00
    outer loop
      vertex   3.220000e+02 4.497646e+01 4.813660e+01
      vertex   3.220000e+02 4.059722e+01 4.761597e+01
      vertex   3.220000e+02 4.494686e+01 4.719475e+01
    endloop
  endfacet
  facet normal 1.000000e+00 0.000000e+00 0.000000e+00
    outer loop
      vertex   3.220000e+02 4.494686e+01 4.719475e+01
      vertex   3.220000e+02 4.059722e+01 4.761597e+01
      vertex   3.220000e+02 4.050987e+01 4.710188e+01
    endloop
  endfacet
  facet normal 1.000000e+00 0.000000e+00 0.000000e+00
    outer loop
      vertex   3.220000e+02 4.494686e+01 4.719475e+01
      vertex   3.220000e+02 4.050987e+01 4.710188e+01
      vertex   3.220000e+02 4.485818e+01 4.625661e+01
    endloop
  endfacet
  facet normal 1.000000e+00 0.000000e+00 0.000000e+00
    outer loop
      vertex   3.220000e+02 4.485818e+01 4.625661e+01
      vertex   3.220000e+02 4.050987e+01 4.710188e+01
      vertex   3.220000e+02 4.036551e+01 4.660081e+01
    endloop
  endfacet
  facet normal 1.000000e+00 0.000000e+00 0.000000e+00
    outer loop
      vertex   3.220000e+02 4.485818e+01 4.625661e+01
      vertex   3.220000e+02 4.036551e+01 4.660081e+01
      vertex   3.220000e+02 4.471077e+01 4.532588e+01
    endloop
  endfacet
  facet normal 1.000000e+00 0.000000e+00 0.000000e+00
    outer loop
      vertex   3.220000e+02 4.471077e+01 4.532588e+01
      vertex   3.220000e+02 4.036551e+01 4.660081e+01
      vertex   3.220000e+02 4.016596e+01 4.611905e+01
    endloop
  endfacet
  facet normal 1.000000e+00 0.000000e+00 0.000000e+00
    outer loop
      vertex   3.220000e+02 4.471077e+01 4.532588e+01
      vertex   3.220000e+02 4.016596e+01 4.611905e+01
      vertex   3.220000e+02 4.450520e+01 4.440626e+01
    endloop
  endfacet
  facet normal 1.000000e+00 0.000000e+00 0.000000e+00
    outer loop
      vertex   3.220000e+02 4.450520e+01 4.440626e+01
      vertex   3.220000e+02 4.016596e+01 4.611905e+01
      vertex   3.220000e+02 3.991372e+01 4.566266e+01
    endloop
  endfacet
  facet normal 1.000000e+00 0.000000e+00 0.000000e+00
    outer loop
      vertex   3.220000e+02 4.450520e+01 4.440626e+01
      vertex   3.220000e+02 3.991372e+01 4.566266e+01
      vertex   3.220000e+02 4.424230e+01 4.350135e+01
    endloop
  endfacet
  facet normal 1.000000e+00 0.000000e+00 0.000000e+00
    outer loop
      vertex   3.220000e+02 4.424230e+01 4.350135e+01
      vertex   3.220000e+02 3.991372e+01 4.566266e+01
      vertex   3.220000e+02 3.961197e+01 4.523738e+01
    endloop
  endfacet
  facet normal 1.000000e+00 0.000000e+00 0.000000e+00
    outer loop
      vertex   3.220000e+02 4.424230e+01 4.350135e+01
      vertex   3.220000e+02 3.961197e+01 4.523738e+01
      vertex   3.220000e+02 4.392310e+01 4.261474e+01
    endloop
  endfacet
  facet normal 1.000000e+00 0.000000e+00 0.000000e+00
    outer loop
      vertex   3.220000e+02 4.392310e+01 4.261474e+01
      vertex   3.220000e+02 3.961197e+01 4.523738e+01
      vertex   3.220000e+02 3.926450e+01 4.484856e+01
    endloop
  endfacet
  facet normal 1.000000e+00 0.000000e+00 0.000000e+00
    outer loop
      vertex   3.220000e+02 4.392310e+01 4.261474e+01
      vertex   3.220000e+02 3.926450e+01 4.484856e+01
      vertex   3.220000e+02 3.887568e+01 4.450109e+01
    endloop
  endfacet
  facet normal 1.000000e+00 0.000000e+00 0.000000e+00
    outer loop
      vertex   3.220000e+02 3.887568e+01 4.450109e+01
      vertex   3.220000e+02 3.845041e+01 4.419934e+01
      vertex   3.220000e+02 4.392310e+01 4.261474e+01
    endloop
  endfacet
  facet normal 1.000000e+00 0.000000e+00 0.000000e+00
    outer loop
      vertex   3.220000e+02 4.392310e+01 4.261474e+01
      vertex   3.220000e+02 3.845041e+01 4.419934e+01
      vertex   3.220000e+02 3.799402e+01 4.394710e+01
    endloop
  endfacet
  facet normal 1.000000e+00 0.000000e+00 0.000000e+00
    outer loop
      vertex   3.220000e+02 4.392310e+01 4.261474e+01
      vertex   3.220000e+02 3.799402e+01 4.394710e+01
      vertex   3.220000e+02 3.751225e+01 4.374755e+01
    endloop
  endfacet
  facet normal 1.000000e+00 0.000000e+00 0.000000e+00
    outer loop
      vertex   3.220000e+02 3.751225e+01 4.374755e+01
      vertex   3.220000e+02 3.701118e+01 4.360319e+01
      vertex   3.220000e+02 4.392310e+01 4.261474e+01
    endloop
  endfacet
  facet normal 1.000000e+00 0.000000e+00 0.000000e+00
    outer loop
      vertex   3.220000e+02 4.392310e+01 4.261474e+01
      vertex   3.220000e+02 3.701118e+01 4.360319e+01
      vertex   3.220000e+02 3.649709e+01 4.351584e+01
    endloop
  endfacet
  facet normal 1.000000e+00 0.000000e+00 0.000000e+00
    outer loop
      vertex   3.220000e+02 4.392310e+01 4.261474e+01
      vertex   3.220000e+02 3.649709e+01 4.351584e+01
      vertex   3.220000e+02 3.597646e+01 4.348660e+01
    endloop
  endfacet
  facet normal 1.000000e+00 0.000000e+00 0.000000e+00
    outer loop
      vertex   3.220000e+02 3.545582e+01 4.351584e+01
      vertex   3.220000e+02 3.801386e+01 3.547169e+01
      vertex   3.220000e+02 3.597646e+01 4.348660e+01
    endloop
  endfacet
  facet normal 1.000000e+00 0.000000e+00 0.000000e+00
    outer loop
      vertex   3.220000e+02 3.597646e+01 4.348660e+01
      vertex   3.220000e+02 3.801386e+01 3.547169e+01
      vertex   3.220000e+02 3.879324e+01 3.600135e+01
    endloop
  endfacet
  facet normal 1.000000e+00 0.000000e+00 0.000000e+00
    outer loop
      vertex   3.220000e+02 3.597646e+01 4.348660e+01
      vertex   3.220000e+02 3.879324e+01 3.600135e+01
      vertex   3.220000e+02 3.953782e+01 3.657891e+01
    endloop
  endfacet
  facet normal 1.000000e+00 0.000000e+00 0.000000e+00
    outer loop
      vertex   3.220000e+02 3.494173e+01 4.360319e+01
      vertex   3.220000e+02 3.636315e+01 3.456420e+01
      vertex   3.220000e+02 3.545582e+01 4.351584e+01
    endloop
  endfacet
  facet normal 1.000000e+00 0.000000e+00 0.000000e+00
    outer loop
      vertex   3.220000e+02 3.545582e+01 4.351584e+01
      vertex   3.220000e+02 3.636315e+01 3.456420e+01
      vertex   3.220000e+02 3.720276e+01 3.499200e+01
    endloop
  endfacet
  facet normal 1.000000e+00 0.000000e+00 0.000000e+00
    outer loop
      vertex   3.220000e+02 3.545582e+01 4.351584e+01
      vertex   3.220000e+02 3.720276e+01 3.499200e+01
      vertex   3.220000e+02 3.801386e+01 3.547169e+01
    endloop
  endfacet
  facet normal 1.000000e+00 0.000000e+00 0.000000e+00
    outer loop
      vertex   3.220000e+02 3.444066e+01 4.374755e+01
      vertex   3.220000e+02 3.461171e+01 3.387076e+01
      vertex   3.220000e+02 3.494173e+01 4.360319e+01
    endloop
  endfacet
  facet normal 1.000000e+00 0.000000e+00 0.000000e+00
    outer loop
      vertex   3.220000e+02 3.494173e+01 4.360319e+01
      vertex   3.220000e+02 3.461171e+01 3.387076e+01
      vertex   3.220000e+02 3.549832e+01 3.418996e+01
    endloop
  endfacet
  facet normal 1.000000e+00 0.000000e+00 0.000000e+00
    outer loop
      vertex   3.220000e+02 3.494173e+01 4.360319e+01
      vertex   3.220000e+02 3.549832e+01 3.418996e+01
      vertex   3.220000e+02 3.636315e+01 3.456420e+01
    endloop
  endfacet
  facet normal 1.000000e+00 0.000000e+00 0.000000e+00
    outer loop
      vertex   3.220000e+02 3.461171e+01 3.387076e+01
      vertex   3.220000e+02 3.444066e+01 4.374755e+01
      vertex   3.220000e+02 3.370680e+01 3.360786e+01
    endloop
  endfacet
  facet normal 1.000000e+00 0.000000e+00 0.000000e+00
    outer loop
      vertex   3.220000e+02 3.370680e+01 3.360786e+01
      vertex   3.220000e+02 3.444066e+01 4.374755e+01
      vertex   3.220000e+02 3.395890e+01 4.394710e+01
    endloop
  endfacet
  facet normal 1.000000e+00 0.000000e+00 -0.000000e+00
    outer loop
      vertex   3.220000e+02 3.370680e+01 3.360786e+01
      vertex   3.220000e+02 3.395890e+01 4.394710e+01
      vertex   3.220000e+02 3.278718e+01 3.340230e+01
    endloop
  endfacet
  facet normal 1.000000e+00 0.000000e+00 -0.000000e+00
    outer loop
      vertex   3.220000e+02 3.278718e+01 3.340230e+01
      vertex   3.220000e+02 3.395890e+01 4.394710e+01
      vertex   3.220000e+02 3.185645e+01 3.325488e+01
    endloop
  endfacet
  facet normal 1.000000e+00 0.000000e+00 0.000000e+00
    outer loop
      vertex   3.220000e+02 3.185645e+01 3.325488e+01
      vertex   3.220000e+02 3.395890e+01 4.394710e+01
      vertex   3.220000e+02 3.350251e+01 4.419934e+01
    endloop
  endfacet
  facet normal 1.000000e+00 0.000000e+00 -0.000000e+00
    outer loop
      vertex   3.220000e+02 3.185645e+01 3.325488e+01
      vertex   3.220000e+02 3.350251e+01 4.419934e+01
      vertex   3.220000e+02 2.809646e+01 3.325488e+01
    endloop
  endfacet
  facet normal 1.000000e+00 0.000000e+00 0.000000e+00
    outer loop
      vertex   3.220000e+02 2.809646e+01 3.325488e+01
      vertex   3.220000e+02 3.350251e+01 4.419934e+01
      vertex   3.220000e+02 3.307723e+01 4.450109e+01
    endloop
  endfacet
  facet normal 1.000000e+00 0.000000e+00 -0.000000e+00
    outer loop
      vertex   3.220000e+02 2.809646e+01 3.325488e+01
      vertex   3.220000e+02 3.307723e+01 4.450109e+01
      vertex   3.220000e+02 2.716574e+01 3.340230e+01
    endloop
  endfacet
  facet normal 1.000000e+00 0.000000e+00 0.000000e+00
    outer loop
      vertex   3.220000e+02 2.716574e+01 3.340230e+01
      vertex   3.220000e+02 3.307723e+01 4.450109e+01
      vertex   3.220000e+02 3.268841e+01 4.484856e+01
    endloop
  endfacet
  facet normal 1.000000e+00 0.000000e+00 -0.000000e+00
    outer loop
      vertex   3.220000e+02 2.716574e+01 3.340230e+01
      vertex   3.220000e+02 3.268841e+01 4.484856e+01
      vertex   3.220000e+02 2.624611e+01 3.360786e+01
    endloop
  endfacet
  facet normal 1.000000e+00 0.000000e+00 -0.000000e+00
    outer loop
      vertex   3.220000e+02 2.624611e+01 3.360786e+01
      vertex   3.220000e+02 3.268841e+01 4.484856e+01
      vertex   3.220000e+02 2.534120e+01 3.387076e+01
    endloop
  endfacet
  facet normal 1.000000e+00 0.000000e+00 0.000000e+00
    outer loop
      vertex   3.220000e+02 2.534120e+01 3.387076e+01
      vertex   3.220000e+02 3.268841e+01 4.484856e+01
      vertex   3.220000e+02 3.234094e+01 4.523738e+01
    endloop
  endfacet
  facet normal 1.000000e+00 0.000000e+00 -0.000000e+00
    outer loop
      vertex   3.220000e+02 2.534120e+01 3.387076e+01
      vertex   3.220000e+02 3.234094e+01 4.523738e+01
      vertex   3.220000e+02 2.445459e+01 3.418996e+01
    endloop
  endfacet
  facet normal 1.000000e+00 0.000000e+00 -0.000000e+00
    outer loop
      vertex   3.220000e+02 2.445459e+01 3.418996e+01
      vertex   3.220000e+02 3.234094e+01 4.523738e+01
      vertex   3.220000e+02 2.358977e+01 3.456420e+01
    endloop
  endfacet
  facet normal 1.000000e+00 0.000000e+00 -0.000000e+00
    outer loop
      vertex   3.220000e+02 2.358977e+01 3.456420e+01
      vertex   3.220000e+02 3.234094e+01 4.523738e+01
      vertex   3.220000e+02 2.275015e+01 3.499200e+01
    endloop
  endfacet
  facet normal 1.000000e+00 0.000000e+00 0.000000e+00
    outer loop
      vertex   3.220000e+02 2.275015e+01 3.499200e+01
      vertex   3.220000e+02 3.234094e+01 4.523738e+01
      vertex   3.220000e+02 3.203919e+01 4.566266e+01
    endloop
  endfacet
  facet normal 1.000000e+00 0.000000e+00 -0.000000e+00
    outer loop
      vertex   3.220000e+02 2.275015e+01 3.499200e+01
      vertex   3.220000e+02 3.203919e+01 4.566266e+01
      vertex   3.220000e+02 2.193905e+01 3.547169e+01
    endloop
  endfacet
  facet normal 1.000000e+00 0.000000e+00 -0.000000e+00
    outer loop
      vertex   3.220000e+02 2.193905e+01 3.547169e+01
      vertex   3.220000e+02 3.203919e+01 4.566266e+01
      vertex   3.220000e+02 2.115968e+01 3.600135e+01
    endloop
  endfacet
  facet normal 1.000000e+00 0.000000e+00 -0.000000e+00
    outer loop
      vertex   3.220000e+02 2.115968e+01 3.600135e+01
      vertex   3.220000e+02 3.203919e+01 4.566266e+01
      vertex   3.220000e+02 2.041510e+01 3.657891e+01
    endloop
  endfacet
  facet normal 1.000000e+00 0.000000e+00 0.000000e+00
    outer loop
      vertex   3.220000e+02 2.041510e+01 3.657891e+01
      vertex   3.220000e+02 3.203919e+01 4.566266e+01
      vertex   3.220000e+02 3.178695e+01 4.611905e+01
    endloop
  endfacet
  facet normal 1.000000e+00 0.000000e+00 -0.000000e+00
    outer loop
      vertex   3.220000e+02 2.041510e+01 3.657891e+01
      vertex   3.220000e+02 3.178695e+01 4.611905e+01
      vertex   3.220000e+02 1.970825e+01 3.720208e+01
    endloop
  endfacet
  facet normal 1.000000e+00 0.000000e+00 -0.000000e+00
    outer loop
      vertex   3.220000e+02 1.970825e+01 3.720208e+01
      vertex   3.220000e+02 3.178695e+01 4.611905e+01
      vertex   3.220000e+02 1.904193e+01 3.786840e+01
    endloop
  endfacet
  facet normal 1.000000e+00 0.000000e+00 -0.000000e+00
    outer loop
      vertex   3.220000e+02 1.904193e+01 3.786840e+01
      vertex   3.220000e+02 3.178695e+01 4.611905e+01
      vertex   3.220000e+02 1.841876e+01 3.857524e+01
    endloop
  endfacet
  facet normal 1.000000e+00 0.000000e+00 0.000000e+00
    outer loop
      vertex   3.220000e+02 1.841876e+01 3.857524e+01
      vertex   3.220000e+02 3.178695e+01 4.611905e+01
      vertex   3.220000e+02 3.158740e+01 4.660081e+01
    endloop
  endfacet
  facet normal 1.000000e+00 0.000000e+00 -0.000000e+00
    outer loop
      vertex   3.220000e+02 1.841876e+01 3.857524e+01
      vertex   3.220000e+02 3.158740e+01 4.660081e+01
      vertex   3.220000e+02 1.784120e+01 3.931983e+01
    endloop
  endfacet
  facet normal 1.000000e+00 0.000000e+00 -0.000000e+00
    outer loop
      vertex   3.220000e+02 1.784120e+01 3.931983e+01
      vertex   3.220000e+02 3.158740e+01 4.660081e+01
      vertex   3.220000e+02 1.731154e+01 4.009920e+01
    endloop
  endfacet
  facet normal 1.000000e+00 0.000000e+00 -0.000000e+00
    outer loop
      vertex   3.220000e+02 1.731154e+01 4.009920e+01
      vertex   3.220000e+02 3.158740e+01 4.660081e+01
      vertex   3.220000e+02 1.683186e+01 4.091030e+01
    endloop
  endfacet
  facet normal 1.000000e+00 0.000000e+00 0.000000e+00
    outer loop
      vertex   3.220000e+02 1.683186e+01 4.091030e+01
      vertex   3.220000e+02 3.158740e+01 4.660081e+01
      vertex   3.220000e+02 3.144304e+01 4.710188e+01
    endloop
  endfacet
  facet normal 1.000000e+00 0.000000e+00 -0.000000e+00
    outer loop
      vertex   3.220000e+02 1.683186e+01 4.091030e+01
      vertex   3.220000e+02 3.144304e+01 4.710188e+01
      vertex   3.220000e+02 1.640405e+01 4.174992e+01
    endloop
  endfacet
  facet normal 1.000000e+00 0.000000e+00 -0.000000e+00
    outer loop
      vertex   3.220000e+02 1.640405e+01 4.174992e+01
      vertex   3.220000e+02 3.144304e+01 4.710188e+01
      vertex   3.220000e+02 1.602981e+01 4.261474e+01
    endloop
  endfacet
  facet normal 1.000000e+00 0.000000e+00 -0.000000e+00
    outer loop
      vertex   3.220000e+02 1.602981e+01 4.261474e+01
      vertex   3.220000e+02 3.144304e+01 4.710188e+01
      vertex   3.220000e+02 1.571061e+01 4.350135e+01
    endloop
  endfacet
  facet normal 1.000000e+00 0.000000e+00 0.000000e+00
    outer loop
      vertex   3.220000e+02 1.571061e+01 4.350135e+01
      vertex   3.220000e+02 3.144304e+01 4.710188e+01
      vertex   3.220000e+02 3.135569e+01 4.761597e+01
    endloop
  endfacet
  facet normal 1.000000e+00 0.000000e+00 -0.000000e+00
    outer loop
      vertex   3.220000e+02 1.571061e+01 4.350135e+01
      vertex   3.220000e+02 3.135569e+01 4.761597e+01
      vertex   3.220000e+02 1.544771e+01 4.440626e+01
    endloop
  endfacet
  facet normal 1.000000e+00 0.000000e+00 -0.000000e+00
    outer loop
      vertex   3.220000e+02 1.544771e+01 4.440626e+01
      vertex   3.220000e+02 3.135569e+01 4.761597e+01
      vertex   3.220000e+02 1.524215e+01 4.532588e+01
    endloop
  endfacet
  facet normal 1.000000e+00 0.000000e+00 -0.000000e+00
    outer loop
      vertex   3.220000e+02 1.524215e+01 4.532588e+01
      vertex   3.220000e+02 3.135569e+01 4.761597e+01
      vertex   3.220000e+02 1.509474e+01 4.625661e+01
    endloop
  endfacet
  facet normal 1.000000e+00 0.000000e+00 0.000000e+00
    outer loop
      vertex   3.220000e+02 1.509474e+01 4.625661e+01
      vertex   3.220000e+02 3.135569e+01 4.761597e+01
      vertex   3.220000e+02 3.132646e+01 4.813660e+01
    endloop
  endfacet
  facet normal 1.000000e+00 0.000000e+00 -0.000000e+00
    outer loop
      vertex   3.220000e+02 1.509474e+01 4.625661e+01
      vertex   3.220000e+02 3.132646e+01 4.813660e+01
      vertex   3.220000e+02 1.500606e+01 4.719475e+01
    endloop
  endfacet
  facet normal 1.000000e+00 0.000000e+00 -0.000000e+00
    outer loop
      vertex   3.220000e+02 1.500606e+01 4.719475e+01
      vertex   3.220000e+02 3.132646e+01 4.813660e+01
      vertex   3.220000e+02 1.497646e+01 4.813660e+01
    endloop
  endfacet
  facet normal 1.000000e+00 0.000000e+00 0.000000e+00
    outer loop
      vertex   3.220000e+02 3.185645e+01 3.325488e+01
      vertex   3.220000e+02 2.809646e+01 3.325488e+01
      vertex   3.220000e+02 3.091831e+01 3.316620e+01
    endloop
  endfacet
  facet normal 1.000000e+00 0.000000e+00 0.000000e+00
    outer loop
      vertex   3.220000e+02 3.091831e+01 3.316620e+01
      vertex   3.220000e+02 2.809646e+01 3.325488e+01
      vertex   3.220000e+02 2.903460e+01 3.316620e+01
    endloop
  endfacet
  facet normal 1.000000e+00 0.000000e+00 0.000000e+00
    outer loop
      vertex   3.220000e+02 3.091831e+01 3.316620e+01
      vertex   3.220000e+02 2.903460e+01 3.316620e+01
      vertex   3.220000e+02 2.997646e+01 3.313660e+01
    endloop
  endfacet
  facet normal 1.000000e+00 0.000000e+00 -0.000000e+00
    outer loop
      vertex   3.220000e+02 3.953782e+01 3.657891e+01
      vertex   3.220000e+02 4.024466e+01 3.720208e+01
      vertex   3.220000e+02 3.597646e+01 4.348660e+01
    endloop
  endfacet
  facet normal 1.000000e+00 0.000000e+00 0.000000e+00
    outer loop
      vertex   3.220000e+02 3.597646e+01 4.348660e+01
      vertex   3.220000e+02 4.024466e+01 3.720208e+01
      vertex   3.220000e+02 4.091099e+01 3.786840e+01
    endloop
  endfacet
  facet normal 1.000000e+00 0.000000e+00 0.000000e+00
    outer loop
      vertex   3.220000e+02 3.597646e+01 4.348660e+01
      vertex   3.220000e+02 4.091099e+01 3.786840e+01
      vertex   3.220000e+02 4.153415e+01 3.857524e+01
    endloop
  endfacet
  facet normal 1.000000e+00 0.000000e+00 -0.000000e+00
    outer loop
      vertex   3.220000e+02 4.153415e+01 3.857524e+01
      vertex   3.220000e+02 4.211171e+01 3.931983e+01
      vertex   3.220000e+02 3.597646e+01 4.348660e+01
    endloop
  endfacet
  facet normal 1.000000e+00 0.000000e+00 0.000000e+00
    outer loop
      vertex   3.220000e+02 3.597646e+01 4.348660e+01
      vertex   3.220000e+02 4.211171e+01 3.931983e+01
      vertex   3.220000e+02 4.264138e+01 4.009920e+01
    endloop
  endfacet
  facet normal 1.000000e+00 0.000000e+00 0.000000e+00
    outer loop
      vertex   3.220000e+02 3.597646e+01 4.348660e+01
      vertex   3.220000e+02 4.264138e+01 4.009920e+01
      vertex   3.220000e+02 4.312106e+01 4.091030e+01
    endloop
  endfacet
  facet normal 1.000000e+00 0.000000e+00 -0.000000e+00
    outer loop
      vertex   3.220000e+02 4.312106e+01 4.091030e+01
      vertex   3.220000e+02 4.354886e+01 4.174992e+01
      vertex   3.220000e+02 3.597646e+01 4.348660e+01
    endloop
  endfacet
  facet normal 1.000000e+00 0.000000e+00 0.000000e+00
    outer loop
      vertex   3.220000e+02 3.597646e+01 4.348660e+01
      vertex   3.220000e+02 4.354886e+01 4.174992e+01
      vertex   3.220000e+02 4.392310e+01 4.261474e+01
    endloop
  endfacet
  facet normal 1.000000e+00 0.000000e+00 0.000000e+00
    outer loop
      vertex   3.220000e+02 2.809646e+01 6.301833e+01
      vertex   3.220000e+02 2.716574e+01 6.287091e+01
      vertex   3.220000e+02 3.307723e+01 5.177212e+01
    endloop
  endfacet
  facet normal 1.000000e+00 0.000000e+00 0.000000e+00
    outer loop
      vertex   3.220000e+02 2.358977e+01 6.170901e+01
      vertex   3.220000e+02 2.275015e+01 6.128120e+01
      vertex   3.220000e+02 3.234094e+01 5.103583e+01
    endloop
  endfacet
  facet normal 1.000000e+00 0.000000e+00 0.000000e+00
    outer loop
      vertex   3.220000e+02 2.115968e+01 6.027186e+01
      vertex   3.220000e+02 2.041510e+01 5.969430e+01
      vertex   3.220000e+02 3.203919e+01 5.061055e+01
    endloop
  endfacet
  facet normal 1.000000e+00 0.000000e+00 0.000000e+00
    outer loop
      vertex   3.220000e+02 1.904193e+01 5.840481e+01
      vertex   3.220000e+02 1.841876e+01 5.769796e+01
      vertex   3.220000e+02 3.178695e+01 5.015416e+01
    endloop
  endfacet
  facet normal 1.000000e+00 0.000000e+00 0.000000e+00
    outer loop
      vertex   3.220000e+02 1.731154e+01 5.617401e+01
      vertex   3.220000e+02 1.683186e+01 5.536291e+01
      vertex   3.220000e+02 3.158740e+01 4.967240e+01
    endloop
  endfacet
  facet normal 1.000000e+00 0.000000e+00 0.000000e+00
    outer loop
      vertex   3.220000e+02 1.602981e+01 5.365847e+01
      vertex   3.220000e+02 1.571061e+01 5.277186e+01
      vertex   3.220000e+02 3.144304e+01 4.917133e+01
    endloop
  endfacet
  facet normal 1.000000e+00 0.000000e+00 0.000000e+00
    outer loop
      vertex   3.220000e+02 1.524215e+01 5.094732e+01
      vertex   3.220000e+02 1.509474e+01 5.001660e+01
      vertex   3.220000e+02 3.135569e+01 4.865724e+01
    endloop
  endfacet
  facet normal -7.065499e-01 7.065499e-01 3.967899e-02
    outer loop
      vertex   3.100000e+02 3.135569e+01 4.761597e+01
      vertex   3.100000e+02 3.132646e+01 4.813660e+01
      vertex   3.105000e+02 3.182646e+01 4.813660e+01
    endloop
  endfacet
  facet normal -7.065499e-01 7.065499e-01 -3.967899e-02
    outer loop
      vertex   3.105000e+02 3.182646e+01 4.813660e+01
      vertex   3.100000e+02 3.132646e+01 4.813660e+01
      vertex   3.100000e+02 3.135569e+01 4.865724e+01
    endloop
  endfacet
  facet normal -7.076561e-01 7.053162e-01 -4.185688e-02
    outer loop
      vertex   3.105000e+02 3.182646e+01 4.813660e+01
      vertex   3.100000e+02 3.135569e+01 4.865724e+01
      vertex   3.105000e+02 3.185558e+01 4.862744e+01
    endloop
  endfacet
  facet normal -7.055596e-01 6.986380e-01 -1.187034e-01
    outer loop
      vertex   3.105000e+02 3.185558e+01 4.862744e+01
      vertex   3.100000e+02 3.135569e+01 4.865724e+01
      vertex   3.100000e+02 3.144304e+01 4.917133e+01
    endloop
  endfacet
  facet normal -7.086898e-01 6.943946e-01 -1.247997e-01
    outer loop
      vertex   3.105000e+02 3.185558e+01 4.862744e+01
      vertex   3.100000e+02 3.144304e+01 4.917133e+01
      vertex   3.105000e+02 3.194256e+01 4.911138e+01
    endloop
  endfacet
  facet normal -7.046847e-01 6.817907e-01 -1.964205e-01
    outer loop
      vertex   3.105000e+02 3.194256e+01 4.911138e+01
      vertex   3.100000e+02 3.144304e+01 4.917133e+01
      vertex   3.100000e+02 3.158740e+01 4.967240e+01
    endloop
  endfacet
  facet normal -7.095880e-01 6.738963e-01 -2.057881e-01
    outer loop
      vertex   3.105000e+02 3.194256e+01 4.911138e+01
      vertex   3.100000e+02 3.158740e+01 4.967240e+01
      vertex   3.105000e+02 3.208616e+01 4.958164e+01
    endloop
  endfacet
  facet normal -7.039264e-01 6.562067e-01 -2.718097e-01
    outer loop
      vertex   3.105000e+02 3.208616e+01 4.958164e+01
      vertex   3.100000e+02 3.158740e+01 4.967240e+01
      vertex   3.100000e+02 3.178695e+01 5.015416e+01
    endloop
  endfacet
  facet normal -7.103520e-01 6.441221e-01 -2.837371e-01
    outer loop
      vertex   3.105000e+02 3.208616e+01 4.958164e+01
      vertex   3.100000e+02 3.178695e+01 5.015416e+01
      vertex   3.105000e+02 3.228438e+01 5.003162e+01
    endloop
  endfacet
  facet normal -7.032858e-01 6.222026e-01 -3.438792e-01
    outer loop
      vertex   3.105000e+02 3.228438e+01 5.003162e+01
      vertex   3.100000e+02 3.178695e+01 5.015416e+01
      vertex   3.100000e+02 3.203919e+01 5.061055e+01
    endloop
  endfacet
  facet normal -7.109832e-01 6.054936e-01 -3.576036e-01
    outer loop
      vertex   3.105000e+02 3.228438e+01 5.003162e+01
      vertex   3.100000e+02 3.203919e+01 5.061055e+01
      vertex   3.105000e+02 3.253442e+01 5.045499e+01
    endloop
  endfacet
  facet normal -7.027641e-01 5.802087e-01 -4.116800e-01
    outer loop
      vertex   3.105000e+02 3.253442e+01 5.045499e+01
      vertex   3.100000e+02 3.203919e+01 5.061055e+01
      vertex   3.100000e+02 3.234094e+01 5.103583e+01
    endloop
  endfacet
  facet normal -7.114827e-01 5.585471e-01 -4.264007e-01
    outer loop
      vertex   3.105000e+02 3.253442e+01 5.045499e+01
      vertex   3.100000e+02 3.234094e+01 5.103583e+01
      vertex   3.105000e+02 3.283278e+01 5.084582e+01
    endloop
  endfacet
  facet normal -7.023620e-01 5.307629e-01 -4.743188e-01
    outer loop
      vertex   3.105000e+02 3.283278e+01 5.084582e+01
      vertex   3.100000e+02 3.234094e+01 5.103583e+01
      vertex   3.100000e+02 3.268841e+01 5.142465e+01
    endloop
  endfacet
  facet normal -7.118511e-01 5.039272e-01 -4.892090e-01
    outer loop
      vertex   3.105000e+02 3.283278e+01 5.084582e+01
      vertex   3.100000e+02 3.268841e+01 5.142465e+01
      vertex   3.105000e+02 3.317528e+01 5.119861e+01
    endloop
  endfacet
  facet normal -7.020801e-01 4.745040e-01 -5.309703e-01
    outer loop
      vertex   3.105000e+02 3.317528e+01 5.119861e+01
      vertex   3.100000e+02 3.268841e+01 5.142465e+01
      vertex   3.100000e+02 3.307723e+01 5.177212e+01
    endloop
  endfacet
  facet normal -7.120892e-01 4.423777e-01 -5.451888e-01
    outer loop
      vertex   3.105000e+02 3.317528e+01 5.119861e+01
      vertex   3.100000e+02 3.307723e+01 5.177212e+01
      vertex   3.105000e+02 3.355709e+01 5.150843e+01
    endloop
  endfacet
  facet normal -7.019189e-01 4.121626e-01 -5.808888e-01
    outer loop
      vertex   3.105000e+02 3.355709e+01 5.150843e+01
      vertex   3.100000e+02 3.307723e+01 5.177212e+01
      vertex   3.100000e+02 3.350251e+01 5.207387e+01
    endloop
  endfacet
  facet normal -7.121974e-01 3.747329e-01 -5.935909e-01
    outer loop
      vertex   3.105000e+02 3.355709e+01 5.150843e+01
      vertex   3.100000e+02 3.350251e+01 5.207387e+01
      vertex   3.105000e+02 3.397287e+01 5.177090e+01
    endloop
  endfacet
  facet normal -7.018786e-01 3.445513e-01 -6.234187e-01
    outer loop
      vertex   3.105000e+02 3.397287e+01 5.177090e+01
      vertex   3.100000e+02 3.350251e+01 5.207387e+01
      vertex   3.100000e+02 3.395890e+01 5.232611e+01
    endloop
  endfacet
  facet normal -7.121758e-01 3.019063e-01 -6.337652e-01
    outer loop
      vertex   3.105000e+02 3.397287e+01 5.177090e+01
      vertex   3.100000e+02 3.395890e+01 5.232611e+01
      vertex   3.105000e+02 3.441677e+01 5.198237e+01
    endloop
  endfacet
  facet normal -7.019592e-01 2.725537e-01 -6.580028e-01
    outer loop
      vertex   3.105000e+02 3.441677e+01 5.198237e+01
      vertex   3.100000e+02 3.395890e+01 5.232611e+01
      vertex   3.100000e+02 3.444066e+01 5.252566e+01
    endloop
  endfacet
  facet normal -7.120243e-01 2.248790e-01 -6.651697e-01
    outer loop
      vertex   3.105000e+02 3.441677e+01 5.198237e+01
      vertex   3.100000e+02 3.444066e+01 5.252566e+01
      vertex   3.105000e+02 3.488257e+01 5.213984e+01
    endloop
  endfacet
  facet normal -7.021607e-01 1.971120e-01 -6.841909e-01
    outer loop
      vertex   3.105000e+02 3.488257e+01 5.213984e+01
      vertex   3.100000e+02 3.444066e+01 5.252566e+01
      vertex   3.100000e+02 3.494173e+01 5.267002e+01
    endloop
  endfacet
  facet normal -7.117428e-01 1.446877e-01 -6.873774e-01
    outer loop
      vertex   3.105000e+02 3.488257e+01 5.213984e+01
      vertex   3.100000e+02 3.494173e+01 5.267002e+01
      vertex   3.105000e+02 3.536372e+01 5.224112e+01
    endloop
  endfacet
  facet normal -7.024827e-01 1.192143e-01 -7.016452e-01
    outer loop
      vertex   3.105000e+02 3.536372e+01 5.224112e+01
      vertex   3.100000e+02 3.494173e+01 5.267002e+01
      vertex   3.100000e+02 3.545582e+01 5.275737e+01
    endloop
  endfacet
  facet normal -7.113308e-01 6.241085e-02 -7.000810e-01
    outer loop
      vertex   3.105000e+02 3.536372e+01 5.224112e+01
      vertex   3.100000e+02 3.545582e+01 5.275737e+01
      vertex   3.105000e+02 3.585348e+01 5.228478e+01
    endloop
  endfacet
  facet normal -7.029248e-01 3.988090e-02 -7.101452e-01
    outer loop
      vertex   3.105000e+02 3.585348e+01 5.228478e+01
      vertex   3.100000e+02 3.545582e+01 5.275737e+01
      vertex   3.100000e+02 3.597646e+01 5.278660e+01
    endloop
  endfacet
  facet normal -7.107875e-01 -2.084428e-02 -7.030979e-01
    outer loop
      vertex   3.105000e+02 3.585348e+01 5.228478e+01
      vertex   3.100000e+02 3.597646e+01 5.278660e+01
      vertex   3.105000e+02 3.634496e+01 5.227021e+01
    endloop
  endfacet
  facet normal -7.034862e-01 -3.984977e-02 -7.095908e-01
    outer loop
      vertex   3.105000e+02 3.634496e+01 5.227021e+01
      vertex   3.100000e+02 3.597646e+01 5.278660e+01
      vertex   3.100000e+02 3.649709e+01 5.275737e+01
    endloop
  endfacet
  facet normal -7.101121e-01 -1.039563e-01 -6.963719e-01
    outer loop
      vertex   3.105000e+02 3.634496e+01 5.227021e+01
      vertex   3.100000e+02 3.649709e+01 5.275737e+01
      vertex   3.105000e+02 3.683127e+01 5.219761e+01
    endloop
  endfacet
  facet normal -7.041661e-01 -1.189353e-01 -7.000032e-01
    outer loop
      vertex   3.105000e+02 3.683127e+01 5.219761e+01
      vertex   3.100000e+02 3.649709e+01 5.275737e+01
      vertex   3.100000e+02 3.701118e+01 5.267002e+01
    endloop
  endfacet
  facet normal -7.093035e-01 -1.858034e-01 -6.799747e-01
    outer loop
      vertex   3.105000e+02 3.683127e+01 5.219761e+01
      vertex   3.100000e+02 3.701118e+01 5.267002e+01
      vertex   3.105000e+02 3.730558e+01 5.206801e+01
    endloop
  endfacet
  facet normal -7.049634e-01 -1.963438e-01 -6.815245e-01
    outer loop
      vertex   3.105000e+02 3.730558e+01 5.206801e+01
      vertex   3.100000e+02 3.701118e+01 5.267002e+01
      vertex   3.100000e+02 3.751225e+01 5.252566e+01
    endloop
  endfacet
  facet normal -7.083604e-01 -2.652783e-01 -6.541047e-01
    outer loop
      vertex   3.105000e+02 3.730558e+01 5.206801e+01
      vertex   3.100000e+02 3.751225e+01 5.252566e+01
      vertex   3.105000e+02 3.776123e+01 5.188322e+01
    endloop
  endfacet
  facet normal -7.058770e-01 -2.710679e-01 -6.544157e-01
    outer loop
      vertex   3.105000e+02 3.776123e+01 5.188322e+01
      vertex   3.100000e+02 3.751225e+01 5.252566e+01
      vertex   3.100000e+02 3.799402e+01 5.232611e+01
    endloop
  endfacet
  facet normal -7.072811e-01 -3.413015e-01 -6.190854e-01
    outer loop
      vertex   3.105000e+02 3.776123e+01 5.188322e+01
      vertex   3.100000e+02 3.799402e+01 5.232611e+01
      vertex   3.105000e+02 3.819182e+01 5.164583e+01
    endloop
  endfacet
  facet normal -7.069054e-01 -3.421383e-01 -6.190526e-01
    outer loop
      vertex   3.105000e+02 3.819182e+01 5.164583e+01
      vertex   3.100000e+02 3.799402e+01 5.232611e+01
      vertex   3.100000e+02 3.845041e+01 5.207387e+01
    endloop
  endfacet
  facet normal -7.062071e-01 -4.097024e-01 -5.774214e-01
    outer loop
      vertex   3.105000e+02 3.819182e+01 5.164583e+01
      vertex   3.100000e+02 3.845041e+01 5.207387e+01
      vertex   3.100000e+02 3.887568e+01 5.177212e+01
    endloop
  endfacet
  facet normal -7.080158e-01 -4.116981e-01 -5.737754e-01
    outer loop
      vertex   3.105000e+02 3.819182e+01 5.164583e+01
      vertex   3.100000e+02 3.887568e+01 5.177212e+01
      vertex   3.105000e+02 3.859132e+01 5.135918e+01
    endloop
  endfacet
  facet normal -7.052551e-01 -4.724088e-01 -5.286257e-01
    outer loop
      vertex   3.105000e+02 3.859132e+01 5.135918e+01
      vertex   3.100000e+02 3.887568e+01 5.177212e+01
      vertex   3.100000e+02 3.926450e+01 5.142465e+01
    endloop
  endfacet
  facet normal -7.090042e-01 -4.760009e-01 -5.203232e-01
    outer loop
      vertex   3.105000e+02 3.859132e+01 5.135918e+01
      vertex   3.100000e+02 3.926450e+01 5.142465e+01
      vertex   3.105000e+02 3.895411e+01 5.102729e+01
    endloop
  endfacet
  facet normal -7.044189e-01 -5.292453e-01 -4.729625e-01
    outer loop
      vertex   3.105000e+02 3.895411e+01 5.102729e+01
      vertex   3.100000e+02 3.926450e+01 5.142465e+01
      vertex   3.100000e+02 3.961197e+01 5.103583e+01
    endloop
  endfacet
  facet normal -7.098575e-01 -5.335495e-01 -4.598122e-01
    outer loop
      vertex   3.105000e+02 3.895411e+01 5.102729e+01
      vertex   3.100000e+02 3.961197e+01 5.103583e+01
      vertex   3.105000e+02 3.927510e+01 5.065483e+01
    endloop
  endfacet
  facet normal -7.036997e-01 -5.794540e-01 -4.111445e-01
    outer loop
      vertex   3.105000e+02 3.927510e+01 5.065483e+01
      vertex   3.100000e+02 3.961197e+01 5.103583e+01
      vertex   3.100000e+02 3.991372e+01 5.061055e+01
    endloop
  endfacet
  facet normal -7.105771e-01 -5.835859e-01 -3.930747e-01
    outer loop
      vertex   3.105000e+02 3.927510e+01 5.065483e+01
      vertex   3.100000e+02 3.991372e+01 5.061055e+01
      vertex   3.105000e+02 3.954979e+01 5.024701e+01
    endloop
  endfacet
  facet normal -7.030987e-01 -6.223646e-01 -3.439688e-01
    outer loop
      vertex   3.105000e+02 3.954979e+01 5.024701e+01
      vertex   3.100000e+02 3.991372e+01 5.061055e+01
      vertex   3.100000e+02 4.016596e+01 5.015416e+01
    endloop
  endfacet
  facet normal -7.111643e-01 -6.254519e-01 -3.210222e-01
    outer loop
      vertex   3.105000e+02 3.954979e+01 5.024701e+01
      vertex   3.100000e+02 4.016596e+01 5.015416e+01
      vertex   3.105000e+02 3.977431e+01 4.980957e+01
    endloop
  endfacet
  facet normal -7.026168e-01 -6.574035e-01 -2.723055e-01
    outer loop
      vertex   3.105000e+02 3.977431e+01 4.980957e+01
      vertex   3.100000e+02 4.016596e+01 5.015416e+01
      vertex   3.100000e+02 4.036551e+01 4.967240e+01
    endloop
  endfacet
  facet normal -7.116200e-01 -6.585978e-01 -2.446341e-01
    outer loop
      vertex   3.105000e+02 3.977431e+01 4.980957e+01
      vertex   3.100000e+02 4.036551e+01 4.967240e+01
      vertex   3.105000e+02 3.994552e+01 4.934864e+01
    endloop
  endfacet
  facet normal -7.022547e-01 -6.841018e-01 -1.970863e-01
    outer loop
      vertex   3.105000e+02 3.994552e+01 4.934864e+01
      vertex   3.100000e+02 4.036551e+01 4.967240e+01
      vertex   3.100000e+02 4.050987e+01 4.917133e+01
    endloop
  endfacet
  facet normal -7.119450e-01 -6.825888e-01 -1.649453e-01
    outer loop
      vertex   3.105000e+02 3.994552e+01 4.934864e+01
      vertex   3.100000e+02 4.050987e+01 4.917133e+01
      vertex   3.105000e+02 4.006101e+01 4.887070e+01
    endloop
  endfacet
  facet normal -7.020130e-01 -7.021020e-01 -1.192919e-01
    outer loop
      vertex   3.105000e+02 4.006101e+01 4.887070e+01
      vertex   3.100000e+02 4.050987e+01 4.917133e+01
      vertex   3.100000e+02 4.059722e+01 4.865724e+01
    endloop
  endfacet
  facet normal -7.121397e-01 -6.971102e-01 -8.303223e-02
    outer loop
      vertex   3.105000e+02 4.006101e+01 4.887070e+01
      vertex   3.100000e+02 4.059722e+01 4.865724e+01
      vertex   3.105000e+02 4.011917e+01 4.838245e+01
    endloop
  endfacet
  facet normal -7.018920e-01 -7.111628e-01 -3.993805e-02
    outer loop
      vertex   3.105000e+02 4.011917e+01 4.838245e+01
      vertex   3.100000e+02 4.059722e+01 4.865724e+01
      vertex   3.100000e+02 4.062646e+01 4.813660e+01
    endloop
  endfacet
  facet normal -7.122046e-01 -7.019719e-01 -0.000000e+00
    outer loop
      vertex   3.105000e+02 4.011917e+01 4.838245e+01
      vertex   3.100000e+02 4.062646e+01 4.813660e+01
      vertex   3.105000e+02 4.011917e+01 4.789076e+01
    endloop
  endfacet
  facet normal -7.018920e-01 -7.111628e-01 3.993805e-02
    outer loop
      vertex   3.105000e+02 4.011917e+01 4.789076e+01
      vertex   3.100000e+02 4.062646e+01 4.813660e+01
      vertex   3.100000e+02 4.059722e+01 4.761597e+01
    endloop
  endfacet
  facet normal -7.121397e-01 -6.971102e-01 8.303223e-02
    outer loop
      vertex   3.105000e+02 4.011917e+01 4.789076e+01
      vertex   3.100000e+02 4.059722e+01 4.761597e+01
      vertex   3.105000e+02 4.006101e+01 4.740251e+01
    endloop
  endfacet
  facet normal -7.020130e-01 -7.021020e-01 1.192919e-01
    outer loop
      vertex   3.105000e+02 4.006101e+01 4.740251e+01
      vertex   3.100000e+02 4.059722e+01 4.761597e+01
      vertex   3.100000e+02 4.050987e+01 4.710188e+01
    endloop
  endfacet
  facet normal -7.119450e-01 -6.825888e-01 1.649453e-01
    outer loop
      vertex   3.105000e+02 4.006101e+01 4.740251e+01
      vertex   3.100000e+02 4.050987e+01 4.710188e+01
      vertex   3.105000e+02 3.994552e+01 4.692457e+01
    endloop
  endfacet
  facet normal -7.022547e-01 -6.841018e-01 1.970863e-01
    outer loop
      vertex   3.105000e+02 3.994552e+01 4.692457e+01
      vertex   3.100000e+02 4.050987e+01 4.710188e+01
      vertex   3.100000e+02 4.036551e+01 4.660081e+01
    endloop
  endfacet
  facet normal -7.116200e-01 -6.585978e-01 2.446341e-01
    outer loop
      vertex   3.105000e+02 3.994552e+01 4.692457e+01
      vertex   3.100000e+02 4.036551e+01 4.660081e+01
      vertex   3.105000e+02 3.977431e+01 4.646364e+01
    endloop
  endfacet
  facet normal -7.026168e-01 -6.574035e-01 2.723055e-01
    outer loop
      vertex   3.105000e+02 3.977431e+01 4.646364e+01
      vertex   3.100000e+02 4.036551e+01 4.660081e+01
      vertex   3.100000e+02 4.016596e+01 4.611905e+01
    endloop
  endfacet
  facet normal -7.111643e-01 -6.254519e-01 3.210222e-01
    outer loop
      vertex   3.105000e+02 3.977431e+01 4.646364e+01
      vertex   3.100000e+02 4.016596e+01 4.611905e+01
      vertex   3.105000e+02 3.954979e+01 4.602620e+01
    endloop
  endfacet
  facet normal -7.030987e-01 -6.223646e-01 3.439688e-01
    outer loop
      vertex   3.105000e+02 3.954979e+01 4.602620e+01
      vertex   3.100000e+02 4.016596e+01 4.611905e+01
      vertex   3.100000e+02 3.991372e+01 4.566266e+01
    endloop
  endfacet
  facet normal -7.105771e-01 -5.835859e-01 3.930747e-01
    outer loop
      vertex   3.105000e+02 3.954979e+01 4.602620e+01
      vertex   3.100000e+02 3.991372e+01 4.566266e+01
      vertex   3.105000e+02 3.927510e+01 4.561838e+01
    endloop
  endfacet
  facet normal -7.036997e-01 -5.794540e-01 4.111445e-01
    outer loop
      vertex   3.105000e+02 3.927510e+01 4.561838e+01
      vertex   3.100000e+02 3.991372e+01 4.566266e+01
      vertex   3.100000e+02 3.961197e+01 4.523738e+01
    endloop
  endfacet
  facet normal -7.098575e-01 -5.335495e-01 4.598122e-01
    outer loop
      vertex   3.105000e+02 3.927510e+01 4.561838e+01
      vertex   3.100000e+02 3.961197e+01 4.523738e+01
      vertex   3.105000e+02 3.895411e+01 4.524592e+01
    endloop
  endfacet
  facet normal -7.044189e-01 -5.292453e-01 4.729625e-01
    outer loop
      vertex   3.105000e+02 3.895411e+01 4.524592e+01
      vertex   3.100000e+02 3.961197e+01 4.523738e+01
      vertex   3.100000e+02 3.926450e+01 4.484856e+01
    endloop
  endfacet
  facet normal -7.090042e-01 -4.760009e-01 5.203232e-01
    outer loop
      vertex   3.105000e+02 3.895411e+01 4.524592e+01
      vertex   3.100000e+02 3.926450e+01 4.484856e+01
      vertex   3.105000e+02 3.859132e+01 4.491403e+01
    endloop
  endfacet
  facet normal -7.052551e-01 -4.724088e-01 5.286257e-01
    outer loop
      vertex   3.105000e+02 3.859132e+01 4.491403e+01
      vertex   3.100000e+02 3.926450e+01 4.484856e+01
      vertex   3.100000e+02 3.887568e+01 4.450109e+01
    endloop
  endfacet
  facet normal -7.080158e-01 -4.116981e-01 5.737754e-01
    outer loop
      vertex   3.105000e+02 3.859132e+01 4.491403e+01
      vertex   3.100000e+02 3.887568e+01 4.450109e+01
      vertex   3.105000e+02 3.819182e+01 4.462738e+01
    endloop
  endfacet
  facet normal -7.062071e-01 -4.097024e-01 5.774214e-01
    outer loop
      vertex   3.105000e+02 3.819182e+01 4.462738e+01
      vertex   3.100000e+02 3.887568e+01 4.450109e+01
      vertex   3.100000e+02 3.845041e+01 4.419934e+01
    endloop
  endfacet
  facet normal -7.069054e-01 -3.421383e-01 6.190526e-01
    outer loop
      vertex   3.105000e+02 3.819182e+01 4.462738e+01
      vertex   3.100000e+02 3.845041e+01 4.419934e+01
      vertex   3.100000e+02 3.799402e+01 4.394710e+01
    endloop
  endfacet
  facet normal -7.072811e-01 -3.413015e-01 6.190854e-01
    outer loop
      vertex   3.105000e+02 3.819182e+01 4.462738e+01
      vertex   3.100000e+02 3.799402e+01 4.394710e+01
      vertex   3.105000e+02 3.776123e+01 4.438999e+01
    endloop
  endfacet
  facet normal -7.058770e-01 -2.710679e-01 6.544157e-01
    outer loop
      vertex   3.105000e+02 3.776123e+01 4.438999e+01
      vertex   3.100000e+02 3.799402e+01 4.394710e+01
      vertex   3.100000e+02 3.751225e+01 4.374755e+01
    endloop
  endfacet
  facet normal -7.083604e-01 -2.652783e-01 6.541047e-01
    outer loop
      vertex   3.105000e+02 3.776123e+01 4.438999e+01
      vertex   3.100000e+02 3.751225e+01 4.374755e+01
      vertex   3.105000e+02 3.730558e+01 4.420520e+01
    endloop
  endfacet
  facet normal -7.049634e-01 -1.963438e-01 6.815245e-01
    outer loop
      vertex   3.105000e+02 3.730558e+01 4.420520e+01
      vertex   3.100000e+02 3.751225e+01 4.374755e+01
      vertex   3.100000e+02 3.701118e+01 4.360319e+01
    endloop
  endfacet
  facet normal -7.093035e-01 -1.858034e-01 6.799747e-01
    outer loop
      vertex   3.105000e+02 3.730558e+01 4.420520e+01
      vertex   3.100000e+02 3.701118e+01 4.360319e+01
      vertex   3.105000e+02 3.683127e+01 4.407560e+01
    endloop
  endfacet
  facet normal -7.041661e-01 -1.189353e-01 7.000032e-01
    outer loop
      vertex   3.105000e+02 3.683127e+01 4.407560e+01
      vertex   3.100000e+02 3.701118e+01 4.360319e+01
      vertex   3.100000e+02 3.649709e+01 4.351584e+01
    endloop
  endfacet
  facet normal -7.101121e-01 -1.039563e-01 6.963719e-01
    outer loop
      vertex   3.105000e+02 3.683127e+01 4.407560e+01
      vertex   3.100000e+02 3.649709e+01 4.351584e+01
      vertex   3.105000e+02 3.634496e+01 4.400300e+01
    endloop
  endfacet
  facet normal -7.034862e-01 -3.984977e-02 7.095908e-01
    outer loop
      vertex   3.105000e+02 3.634496e+01 4.400300e+01
      vertex   3.100000e+02 3.649709e+01 4.351584e+01
      vertex   3.100000e+02 3.597646e+01 4.348660e+01
    endloop
  endfacet
  facet normal -7.107875e-01 -2.084428e-02 7.030979e-01
    outer loop
      vertex   3.105000e+02 3.634496e+01 4.400300e+01
      vertex   3.100000e+02 3.597646e+01 4.348660e+01
      vertex   3.105000e+02 3.585348e+01 4.398843e+01
    endloop
  endfacet
  facet normal -7.029248e-01 3.988090e-02 7.101452e-01
    outer loop
      vertex   3.105000e+02 3.585348e+01 4.398843e+01
      vertex   3.100000e+02 3.597646e+01 4.348660e+01
      vertex   3.100000e+02 3.545582e+01 4.351584e+01
    endloop
  endfacet
  facet normal -7.113308e-01 6.241085e-02 7.000810e-01
    outer loop
      vertex   3.105000e+02 3.585348e+01 4.398843e+01
      vertex   3.100000e+02 3.545582e+01 4.351584e+01
      vertex   3.105000e+02 3.536372e+01 4.403209e+01
    endloop
  endfacet
  facet normal -7.024827e-01 1.192143e-01 7.016452e-01
    outer loop
      vertex   3.105000e+02 3.536372e+01 4.403209e+01
      vertex   3.100000e+02 3.545582e+01 4.351584e+01
      vertex   3.100000e+02 3.494173e+01 4.360319e+01
    endloop
  endfacet
  facet normal -7.117428e-01 1.446877e-01 6.873774e-01
    outer loop
      vertex   3.105000e+02 3.536372e+01 4.403209e+01
      vertex   3.100000e+02 3.494173e+01 4.360319e+01
      vertex   3.105000e+02 3.488257e+01 4.413337e+01
    endloop
  endfacet
  facet normal -7.021607e-01 1.971120e-01 6.841909e-01
    outer loop
      vertex   3.105000e+02 3.488257e+01 4.413337e+01
      vertex   3.100000e+02 3.494173e+01 4.360319e+01
      vertex   3.100000e+02 3.444066e+01 4.374755e+01
    endloop
  endfacet
  facet normal -7.120243e-01 2.248790e-01 6.651697e-01
    outer loop
      vertex   3.105000e+02 3.488257e+01 4.413337e+01
      vertex   3.100000e+02 3.444066e+01 4.374755e+01
      vertex   3.105000e+02 3.441677e+01 4.429084e+01
    endloop
  endfacet
  facet normal -7.019592e-01 2.725537e-01 6.580028e-01
    outer loop
      vertex   3.105000e+02 3.441677e+01 4.429084e+01
      vertex   3.100000e+02 3.444066e+01 4.374755e+01
      vertex   3.100000e+02 3.395890e+01 4.394710e+01
    endloop
  endfacet
  facet normal -7.121758e-01 3.019063e-01 6.337652e-01
    outer loop
      vertex   3.105000e+02 3.441677e+01 4.429084e+01
      vertex   3.100000e+02 3.395890e+01 4.394710e+01
      vertex   3.105000e+02 3.397287e+01 4.450230e+01
    endloop
  endfacet
  facet normal -7.018786e-01 3.445513e-01 6.234187e-01
    outer loop
      vertex   3.105000e+02 3.397287e+01 4.450230e+01
      vertex   3.100000e+02 3.395890e+01 4.394710e+01
      vertex   3.100000e+02 3.350251e+01 4.419934e+01
    endloop
  endfacet
  facet normal -7.121974e-01 3.747329e-01 5.935909e-01
    outer loop
      vertex   3.105000e+02 3.397287e+01 4.450230e+01
      vertex   3.100000e+02 3.350251e+01 4.419934e+01
      vertex   3.105000e+02 3.355709e+01 4.476478e+01
    endloop
  endfacet
  facet normal -7.019189e-01 4.121626e-01 5.808888e-01
    outer loop
      vertex   3.105000e+02 3.355709e+01 4.476478e+01
      vertex   3.100000e+02 3.350251e+01 4.419934e+01
      vertex   3.100000e+02 3.307723e+01 4.450109e+01
    endloop
  endfacet
  facet normal -7.120892e-01 4.423777e-01 5.451888e-01
    outer loop
      vertex   3.105000e+02 3.355709e+01 4.476478e+01
      vertex   3.100000e+02 3.307723e+01 4.450109e+01
      vertex   3.105000e+02 3.317528e+01 4.507460e+01
    endloop
  endfacet
  facet normal -7.020801e-01 4.745040e-01 5.309703e-01
    outer loop
      vertex   3.105000e+02 3.317528e+01 4.507460e+01
      vertex   3.100000e+02 3.307723e+01 4.450109e+01
      vertex   3.100000e+02 3.268841e+01 4.484856e+01
    endloop
  endfacet
  facet normal -7.118511e-01 5.039272e-01 4.892090e-01
    outer loop
      vertex   3.105000e+02 3.317528e+01 4.507460e+01
      vertex   3.100000e+02 3.268841e+01 4.484856e+01
      vertex   3.105000e+02 3.283278e+01 4.542739e+01
    endloop
  endfacet
  facet normal -7.023620e-01 5.307629e-01 4.743188e-01
    outer loop
      vertex   3.105000e+02 3.283278e+01 4.542739e+01
      vertex   3.100000e+02 3.268841e+01 4.484856e+01
      vertex   3.100000e+02 3.234094e+01 4.523738e+01
    endloop
  endfacet
  facet normal -7.114827e-01 5.585471e-01 4.264007e-01
    outer loop
      vertex   3.105000e+02 3.283278e+01 4.542739e+01
      vertex   3.100000e+02 3.234094e+01 4.523738e+01
      vertex   3.105000e+02 3.253442e+01 4.581822e+01
    endloop
  endfacet
  facet normal -7.027641e-01 5.802087e-01 4.116800e-01
    outer loop
      vertex   3.105000e+02 3.253442e+01 4.581822e+01
      vertex   3.100000e+02 3.234094e+01 4.523738e+01
      vertex   3.100000e+02 3.203919e+01 4.566266e+01
    endloop
  endfacet
  facet normal -7.109832e-01 6.054936e-01 3.576036e-01
    outer loop
      vertex   3.105000e+02 3.253442e+01 4.581822e+01
      vertex   3.100000e+02 3.203919e+01 4.566266e+01
      vertex   3.105000e+02 3.228438e+01 4.624159e+01
    endloop
  endfacet
  facet normal -7.032858e-01 6.222026e-01 3.438792e-01
    outer loop
      vertex   3.105000e+02 3.228438e+01 4.624159e+01
      vertex   3.100000e+02 3.203919e+01 4.566266e+01
      vertex   3.100000e+02 3.178695e+01 4.611905e+01
    endloop
  endfacet
  facet normal -7.103520e-01 6.441221e-01 2.837371e-01
    outer loop
      vertex   3.105000e+02 3.228438e+01 4.624159e+01
      vertex   3.100000e+02 3.178695e+01 4.611905e+01
      vertex   3.105000e+02 3.208616e+01 4.669157e+01
    endloop
  endfacet
  facet normal -7.039264e-01 6.562067e-01 2.718097e-01
    outer loop
      vertex   3.105000e+02 3.208616e+01 4.669157e+01
      vertex   3.100000e+02 3.178695e+01 4.611905e+01
      vertex   3.100000e+02 3.158740e+01 4.660081e+01
    endloop
  endfacet
  facet normal -7.095880e-01 6.738963e-01 2.057881e-01
    outer loop
      vertex   3.105000e+02 3.208616e+01 4.669157e+01
      vertex   3.100000e+02 3.158740e+01 4.660081e+01
      vertex   3.105000e+02 3.194256e+01 4.716183e+01
    endloop
  endfacet
  facet normal -7.046847e-01 6.817907e-01 1.964205e-01
    outer loop
      vertex   3.105000e+02 3.194256e+01 4.716183e+01
      vertex   3.100000e+02 3.158740e+01 4.660081e+01
      vertex   3.100000e+02 3.144304e+01 4.710188e+01
    endloop
  endfacet
  facet normal -7.086898e-01 6.943946e-01 1.247997e-01
    outer loop
      vertex   3.105000e+02 3.194256e+01 4.716183e+01
      vertex   3.100000e+02 3.144304e+01 4.710188e+01
      vertex   3.105000e+02 3.185558e+01 4.764577e+01
    endloop
  endfacet
  facet normal -7.055596e-01 6.986380e-01 1.187034e-01
    outer loop
      vertex   3.105000e+02 3.185558e+01 4.764577e+01
      vertex   3.100000e+02 3.144304e+01 4.710188e+01
      vertex   3.100000e+02 3.135569e+01 4.761597e+01
    endloop
  endfacet
  facet normal -7.076561e-01 7.053162e-01 4.185688e-02
    outer loop
      vertex   3.105000e+02 3.185558e+01 4.764577e+01
      vertex   3.100000e+02 3.135569e+01 4.761597e+01
      vertex   3.105000e+02 3.182646e+01 4.813660e+01
    endloop
  endfacet
  facet normal 0.000000e+00 9.982437e-01 5.924063e-02
    outer loop
      vertex   3.215000e+02 3.185558e+01 4.764577e+01
      vertex   3.105000e+02 3.185558e+01 4.764577e+01
      vertex   3.215000e+02 3.182646e+01 4.813660e+01
    endloop
  endfacet
  facet normal 0.000000e+00 9.982437e-01 5.924063e-02
    outer loop
      vertex   3.215000e+02 3.182646e+01 4.813660e+01
      vertex   3.105000e+02 3.185558e+01 4.764577e+01
      vertex   3.105000e+02 3.182646e+01 4.813660e+01
    endloop
  endfacet
  facet normal 0.000000e+00 9.982437e-01 -5.924063e-02
    outer loop
      vertex   3.215000e+02 3.182646e+01 4.813660e+01
      vertex   3.105000e+02 3.182646e+01 4.813660e+01
      vertex   3.215000e+02 3.185558e+01 4.862744e+01
    endloop
  endfacet
  facet normal 0.000000e+00 9.982437e-01 -5.924063e-02
    outer loop
      vertex   3.215000e+02 3.185558e+01 4.862744e+01
      vertex   3.105000e+02 3.182646e+01 4.813660e+01
      vertex   3.105000e+02 3.185558e+01 4.862744e+01
    endloop
  endfacet
  facet normal 0.000000e+00 9.842306e-01 -1.768903e-01
    outer loop
      vertex   3.215000e+02 3.185558e+01 4.862744e+01
      vertex   3.105000e+02 3.185558e+01 4.862744e+01
      vertex   3.215000e+02 3.194256e+01 4.911138e+01
    endloop
  endfacet
  facet normal 0.000000e+00 9.842306e-01 -1.768903e-01
    outer loop
      vertex   3.215000e+02 3.194256e+01 4.911138e+01
      vertex   3.105000e+02 3.185558e+01 4.862744e+01
      vertex   3.105000e+02 3.194256e+01 4.911138e+01
    endloop
  endfacet
  facet normal 0.000000e+00 9.564010e-01 -2.920568e-01
    outer loop
      vertex   3.215000e+02 3.194256e+01 4.911138e+01
      vertex   3.105000e+02 3.194256e+01 4.911138e+01
      vertex   3.215000e+02 3.208616e+01 4.958164e+01
    endloop
  endfacet
  facet normal 0.000000e+00 9.564010e-01 -2.920568e-01
    outer loop
      vertex   3.215000e+02 3.208616e+01 4.958164e+01
      vertex   3.105000e+02 3.194256e+01 4.911138e+01
      vertex   3.105000e+02 3.208616e+01 4.958164e+01
    endloop
  endfacet
  facet normal 0.000000e+00 9.151456e-01 -4.031234e-01
    outer loop
      vertex   3.215000e+02 3.208616e+01 4.958164e+01
      vertex   3.105000e+02 3.208616e+01 4.958164e+01
      vertex   3.215000e+02 3.228438e+01 5.003162e+01
    endloop
  endfacet
  facet normal 0.000000e+00 9.151456e-01 -4.031234e-01
    outer loop
      vertex   3.215000e+02 3.228438e+01 5.003162e+01
      vertex   3.105000e+02 3.208616e+01 4.958164e+01
      vertex   3.105000e+02 3.228438e+01 5.003162e+01
    endloop
  endfacet
  facet normal 0.000000e+00 8.610436e-01 -5.085311e-01
    outer loop
      vertex   3.215000e+02 3.228438e+01 5.003162e+01
      vertex   3.105000e+02 3.228438e+01 5.003162e+01
      vertex   3.215000e+02 3.253442e+01 5.045499e+01
    endloop
  endfacet
  facet normal 0.000000e+00 8.610436e-01 -5.085311e-01
    outer loop
      vertex   3.215000e+02 3.253442e+01 5.045499e+01
      vertex   3.105000e+02 3.228438e+01 5.003162e+01
      vertex   3.105000e+02 3.253442e+01 5.045499e+01
    endloop
  endfacet
  facet normal 0.000000e+00 7.948544e-01 -6.068001e-01
    outer loop
      vertex   3.215000e+02 3.253442e+01 5.045499e+01
      vertex   3.105000e+02 3.253442e+01 5.045499e+01
      vertex   3.215000e+02 3.283278e+01 5.084582e+01
    endloop
  endfacet
  facet normal 0.000000e+00 7.948544e-01 -6.068001e-01
    outer loop
      vertex   3.215000e+02 3.283278e+01 5.084582e+01
      vertex   3.105000e+02 3.253442e+01 5.045499e+01
      vertex   3.105000e+02 3.283278e+01 5.084582e+01
    endloop
  endfacet
  facet normal 0.000000e+00 7.175073e-01 -6.965510e-01
    outer loop
      vertex   3.215000e+02 3.283278e+01 5.084582e+01
      vertex   3.105000e+02 3.283278e+01 5.084582e+01
      vertex   3.215000e+02 3.317528e+01 5.119861e+01
    endloop
  endfacet
  facet normal 0.000000e+00 7.175073e-01 -6.965510e-01
    outer loop
      vertex   3.215000e+02 3.317528e+01 5.119861e+01
      vertex   3.105000e+02 3.283278e+01 5.084582e+01
      vertex   3.105000e+02 3.317528e+01 5.119861e+01
    endloop
  endfacet
  facet normal 0.000000e+00 6.300878e-01 -7.765239e-01
    outer loop
      vertex   3.215000e+02 3.317528e+01 5.119861e+01
      vertex   3.105000e+02 3.317528e+01 5.119861e+01
      vertex   3.215000e+02 3.355709e+01 5.150843e+01
    endloop
  endfacet
  facet normal 0.000000e+00 6.300878e-01 -7.765239e-01
    outer loop
      vertex   3.215000e+02 3.355709e+01 5.150843e+01
      vertex   3.105000e+02 3.317528e+01 5.119861e+01
      vertex   3.105000e+02 3.355709e+01 5.150843e+01
    endloop
  endfacet
  facet normal 0.000000e+00 5.338234e-01 -8.455960e-01
    outer loop
      vertex   3.215000e+02 3.355709e+01 5.150843e+01
      vertex   3.105000e+02 3.355709e+01 5.150843e+01
      vertex   3.215000e+02 3.397287e+01 5.177090e+01
    endloop
  endfacet
  facet normal -3.448221e-16 5.338234e-01 -8.455960e-01
    outer loop
      vertex   3.215000e+02 3.397287e+01 5.177090e+01
      vertex   3.105000e+02 3.355709e+01 5.150843e+01
      vertex   3.105000e+02 3.397287e+01 5.177090e+01
    endloop
  endfacet
  facet normal -2.777997e-16 4.300652e-01 -9.027978e-01
    outer loop
      vertex   3.215000e+02 3.397287e+01 5.177090e+01
      vertex   3.105000e+02 3.397287e+01 5.177090e+01
      vertex   3.215000e+02 3.441677e+01 5.198237e+01
    endloop
  endfacet
  facet normal 0.000000e+00 4.300652e-01 -9.027978e-01
    outer loop
      vertex   3.215000e+02 3.441677e+01 5.198237e+01
      vertex   3.105000e+02 3.397287e+01 5.177090e+01
      vertex   3.105000e+02 3.441677e+01 5.198237e+01
    endloop
  endfacet
  facet normal 0.000000e+00 3.202699e-01 -9.473264e-01
    outer loop
      vertex   3.215000e+02 3.441677e+01 5.198237e+01
      vertex   3.105000e+02 3.441677e+01 5.198237e+01
      vertex   3.215000e+02 3.488257e+01 5.213984e+01
    endloop
  endfacet
  facet normal 0.000000e+00 3.202699e-01 -9.473264e-01
    outer loop
      vertex   3.215000e+02 3.488257e+01 5.213984e+01
      vertex   3.105000e+02 3.441677e+01 5.198237e+01
      vertex   3.105000e+02 3.488257e+01 5.213984e+01
    endloop
  endfacet
  facet normal 0.000000e+00 2.059786e-01 -9.785565e-01
    outer loop
      vertex   3.215000e+02 3.488257e+01 5.213984e+01
      vertex   3.105000e+02 3.488257e+01 5.213984e+01
      vertex   3.215000e+02 3.536372e+01 5.224112e+01
    endloop
  endfacet
  facet normal 0.000000e+00 2.059786e-01 -9.785565e-01
    outer loop
      vertex   3.215000e+02 3.536372e+01 5.224112e+01
      vertex   3.105000e+02 3.488257e+01 5.213984e+01
      vertex   3.105000e+02 3.536372e+01 5.224112e+01
    endloop
  endfacet
  facet normal 0.000000e+00 8.879590e-02 -9.960498e-01
    outer loop
      vertex   3.215000e+02 3.536372e+01 5.224112e+01
      vertex   3.105000e+02 3.536372e+01 5.224112e+01
      vertex   3.215000e+02 3.585348e+01 5.228478e+01
    endloop
  endfacet
  facet normal 0.000000e+00 8.879590e-02 -9.960498e-01
    outer loop
      vertex   3.215000e+02 3.585348e+01 5.228478e+01
      vertex   3.105000e+02 3.536372e+01 5.224112e+01
      vertex   3.105000e+02 3.585348e+01 5.228478e+01
    endloop
  endfacet
  facet normal -0.000000e+00 -2.963333e-02 -9.995608e-01
    outer loop
      vertex   3.215000e+02 3.585348e+01 5.228478e+01
      vertex   3.105000e+02 3.585348e+01 5.228478e+01
      vertex   3.215000e+02 3.634496e+01 5.227021e+01
    endloop
  endfacet
  facet normal -0.000000e+00 -2.963333e-02 -9.995608e-01
    outer loop
      vertex   3.215000e+02 3.634496e+01 5.227021e+01
      vertex   3.105000e+02 3.585348e+01 5.228478e+01
      vertex   3.105000e+02 3.634496e+01 5.227021e+01
    endloop
  endfacet
  facet normal -0.000000e+00 -1.476466e-01 -9.890402e-01
    outer loop
      vertex   3.215000e+02 3.634496e+01 5.227021e+01
      vertex   3.105000e+02 3.634496e+01 5.227021e+01
      vertex   3.215000e+02 3.683127e+01 5.219761e+01
    endloop
  endfacet
  facet normal -0.000000e+00 -1.476466e-01 -9.890402e-01
    outer loop
      vertex   3.215000e+02 3.683127e+01 5.219761e+01
      vertex   3.105000e+02 3.634496e+01 5.227021e+01
      vertex   3.105000e+02 3.683127e+01 5.219761e+01
    endloop
  endfacet
  facet normal -0.000000e+00 -2.635872e-01 -9.646356e-01
    outer loop
      vertex   3.215000e+02 3.683127e+01 5.219761e+01
      vertex   3.105000e+02 3.683127e+01 5.219761e+01
      vertex   3.215000e+02 3.730558e+01 5.206801e+01
    endloop
  endfacet
  facet normal 1.702636e-16 -2.635872e-01 -9.646356e-01
    outer loop
      vertex   3.215000e+02 3.730558e+01 5.206801e+01
      vertex   3.105000e+02 3.683127e+01 5.219761e+01
      vertex   3.105000e+02 3.730558e+01 5.206801e+01
    endloop
  endfacet
  facet normal 2.427651e-16 -3.758276e-01 -9.266896e-01
    outer loop
      vertex   3.215000e+02 3.730558e+01 5.206801e+01
      vertex   3.105000e+02 3.730558e+01 5.206801e+01
      vertex   3.215000e+02 3.776123e+01 5.188322e+01
    endloop
  endfacet
  facet normal -0.000000e+00 -3.758276e-01 -9.266896e-01
    outer loop
      vertex   3.215000e+02 3.776123e+01 5.188322e+01
      vertex   3.105000e+02 3.730558e+01 5.206801e+01
      vertex   3.105000e+02 3.776123e+01 5.188322e+01
    endloop
  endfacet
  facet normal -0.000000e+00 -4.827922e-01 -8.757349e-01
    outer loop
      vertex   3.215000e+02 3.776123e+01 5.188322e+01
      vertex   3.105000e+02 3.776123e+01 5.188322e+01
      vertex   3.215000e+02 3.819182e+01 5.164583e+01
    endloop
  endfacet
  facet normal -0.000000e+00 -4.827922e-01 -8.757349e-01
    outer loop
      vertex   3.215000e+02 3.819182e+01 5.164583e+01
      vertex   3.105000e+02 3.776123e+01 5.188322e+01
      vertex   3.105000e+02 3.819182e+01 5.164583e+01
    endloop
  endfacet
  facet normal -0.000000e+00 -5.829795e-01 -8.124869e-01
    outer loop
      vertex   3.215000e+02 3.819182e+01 5.164583e+01
      vertex   3.105000e+02 3.819182e+01 5.164583e+01
      vertex   3.215000e+02 3.859132e+01 5.135918e+01
    endloop
  endfacet
  facet normal -0.000000e+00 -5.829795e-01 -8.124869e-01
    outer loop
      vertex   3.215000e+02 3.859132e+01 5.135918e+01
      vertex   3.105000e+02 3.819182e+01 5.164583e+01
      vertex   3.105000e+02 3.859132e+01 5.135918e+01
    endloop
  endfacet
  facet normal -0.000000e+00 -6.749830e-01 -7.378333e-01
    outer loop
      vertex   3.215000e+02 3.859132e+01 5.135918e+01
      vertex   3.105000e+02 3.859132e+01 5.135918e+01
      vertex   3.215000e+02 3.895411e+01 5.102729e+01
    endloop
  endfacet
  facet normal -0.000000e+00 -6.749830e-01 -7.378333e-01
    outer loop
      vertex   3.215000e+02 3.895411e+01 5.102729e+01
      vertex   3.105000e+02 3.859132e+01 5.135918e+01
      vertex   3.105000e+02 3.895411e+01 5.102729e+01
    endloop
  endfacet
  facet normal -0.000000e+00 -7.575112e-01 -6.528221e-01
    outer loop
      vertex   3.215000e+02 3.895411e+01 5.102729e+01
      vertex   3.105000e+02 3.895411e+01 5.102729e+01
      vertex   3.215000e+02 3.927510e+01 5.065483e+01
    endloop
  endfacet
  facet normal 4.893128e-16 -7.575112e-01 -6.528221e-01
    outer loop
      vertex   3.215000e+02 3.927510e+01 5.065483e+01
      vertex   3.105000e+02 3.895411e+01 5.102729e+01
      vertex   3.105000e+02 3.927510e+01 5.065483e+01
    endloop
  endfacet
  facet normal 5.357529e-16 -8.294057e-01 -5.586468e-01
    outer loop
      vertex   3.215000e+02 3.927510e+01 5.065483e+01
      vertex   3.105000e+02 3.927510e+01 5.065483e+01
      vertex   3.215000e+02 3.954979e+01 5.024701e+01
    endloop
  endfacet
  facet normal -0.000000e+00 -8.294057e-01 -5.586468e-01
    outer loop
      vertex   3.215000e+02 3.954979e+01 5.024701e+01
      vertex   3.105000e+02 3.927510e+01 5.065483e+01
      vertex   3.105000e+02 3.954979e+01 5.024701e+01
    endloop
  endfacet
  facet normal -0.000000e+00 -8.896571e-01 -4.566292e-01
    outer loop
      vertex   3.215000e+02 3.954979e+01 5.024701e+01
      vertex   3.105000e+02 3.954979e+01 5.024701e+01
      vertex   3.215000e+02 3.977431e+01 4.980957e+01
    endloop
  endfacet
  facet normal -0.000000e+00 -8.896571e-01 -4.566292e-01
    outer loop
      vertex   3.215000e+02 3.977431e+01 4.980957e+01
      vertex   3.105000e+02 3.954979e+01 5.024701e+01
      vertex   3.105000e+02 3.977431e+01 4.980957e+01
    endloop
  endfacet
  facet normal -0.000000e+00 -9.374197e-01 -3.482016e-01
    outer loop
      vertex   3.215000e+02 3.977431e+01 4.980957e+01
      vertex   3.105000e+02 3.977431e+01 4.980957e+01
      vertex   3.215000e+02 3.994552e+01 4.934864e+01
    endloop
  endfacet
  facet normal -0.000000e+00 -9.374197e-01 -3.482016e-01
    outer loop
      vertex   3.215000e+02 3.994552e+01 4.934864e+01
      vertex   3.105000e+02 3.977431e+01 4.980957e+01
      vertex   3.105000e+02 3.994552e+01 4.934864e+01
    endloop
  endfacet
  facet normal -0.000000e+00 -9.720229e-01 -2.348860e-01
    outer loop
      vertex   3.215000e+02 3.994552e+01 4.934864e+01
      vertex   3.105000e+02 3.994552e+01 4.934864e+01
      vertex   3.215000e+02 4.006101e+01 4.887070e+01
    endloop
  endfacet
  facet normal -0.000000e+00 -9.720229e-01 -2.348860e-01
    outer loop
      vertex   3.215000e+02 4.006101e+01 4.887070e+01
      vertex   3.105000e+02 3.994552e+01 4.934864e+01
      vertex   3.105000e+02 4.006101e+01 4.887070e+01
    endloop
  endfacet
  facet normal -0.000000e+00 -9.929811e-01 -1.182732e-01
    outer loop
      vertex   3.215000e+02 4.006101e+01 4.887070e+01
      vertex   3.105000e+02 4.006101e+01 4.887070e+01
      vertex   3.215000e+02 4.011917e+01 4.838245e+01
    endloop
  endfacet
  facet normal -0.000000e+00 -9.929811e-01 -1.182732e-01
    outer loop
      vertex   3.215000e+02 4.011917e+01 4.838245e+01
      vertex   3.105000e+02 4.006101e+01 4.887070e+01
      vertex   3.105000e+02 4.011917e+01 4.838245e+01
    endloop
  endfacet
  facet normal -0.000000e+00 -1.000000e+00 -0.000000e+00
    outer loop
      vertex   3.215000e+02 4.011917e+01 4.838245e+01
      vertex   3.105000e+02 4.011917e+01 4.838245e+01
      vertex   3.215000e+02 4.011917e+01 4.789076e+01
    endloop
  endfacet
  facet normal 0.000000e+00 -1.000000e+00 0.000000e+00
    outer loop
      vertex   3.215000e+02 4.011917e+01 4.789076e+01
      vertex   3.105000e+02 4.011917e+01 4.838245e+01
      vertex   3.105000e+02 4.011917e+01 4.789076e+01
    endloop
  endfacet
  facet normal 0.000000e+00 -9.929811e-01 1.182732e-01
    outer loop
      vertex   3.215000e+02 4.011917e+01 4.789076e+01
      vertex   3.105000e+02 4.011917e+01 4.789076e+01
      vertex   3.215000e+02 4.006101e+01 4.740251e+01
    endloop
  endfacet
  facet normal 0.000000e+00 -9.929811e-01 1.182732e-01
    outer loop
      vertex   3.215000e+02 4.006101e+01 4.740251e+01
      vertex   3.105000e+02 4.011917e+01 4.789076e+01
      vertex   3.105000e+02 4.006101e+01 4.740251e+01
    endloop
  endfacet
  facet normal 0.000000e+00 -9.720229e-01 2.348860e-01
    outer loop
      vertex   3.215000e+02 4.006101e+01 4.740251e+01
      vertex   3.105000e+02 4.006101e+01 4.740251e+01
      vertex   3.215000e+02 3.994552e+01 4.692457e+01
    endloop
  endfacet
  facet normal 0.000000e+00 -9.720229e-01 2.348860e-01
    outer loop
      vertex   3.215000e+02 3.994552e+01 4.692457e+01
      vertex   3.105000e+02 4.006101e+01 4.740251e+01
      vertex   3.105000e+02 3.994552e+01 4.692457e+01
    endloop
  endfacet
  facet normal 0.000000e+00 -9.374197e-01 3.482016e-01
    outer loop
      vertex   3.215000e+02 3.994552e+01 4.692457e+01
      vertex   3.105000e+02 3.994552e+01 4.692457e+01
      vertex   3.215000e+02 3.977431e+01 4.646364e+01
    endloop
  endfacet
  facet normal 0.000000e+00 -9.374197e-01 3.482016e-01
    outer loop
      vertex   3.215000e+02 3.977431e+01 4.646364e+01
      vertex   3.105000e+02 3.994552e+01 4.692457e+01
      vertex   3.105000e+02 3.977431e+01 4.646364e+01
    endloop
  endfacet
  facet normal 0.000000e+00 -8.896571e-01 4.566292e-01
    outer loop
      vertex   3.215000e+02 3.977431e+01 4.646364e+01
      vertex   3.105000e+02 3.977431e+01 4.646364e+01
      vertex   3.215000e+02 3.954979e+01 4.602620e+01
    endloop
  endfacet
  facet normal 0.000000e+00 -8.896571e-01 4.566292e-01
    outer loop
      vertex   3.215000e+02 3.954979e+01 4.602620e+01
      vertex   3.105000e+02 3.977431e+01 4.646364e+01
      vertex   3.105000e+02 3.954979e+01 4.602620e+01
    endloop
  endfacet
  facet normal 0.000000e+00 -8.294057e-01 5.586468e-01
    outer loop
      vertex   3.215000e+02 3.954979e+01 4.602620e+01
      vertex   3.105000e+02 3.954979e+01 4.602620e+01
      vertex   3.215000e+02 3.927510e+01 4.561838e+01
    endloop
  endfacet
  facet normal -5.357529e-16 -8.294057e-01 5.586468e-01
    outer loop
      vertex   3.215000e+02 3.927510e+01 4.561838e+01
      vertex   3.105000e+02 3.954979e+01 4.602620e+01
      vertex   3.105000e+02 3.927510e+01 4.561838e+01
    endloop
  endfacet
  facet normal -4.893128e-16 -7.575112e-01 6.528221e-01
    outer loop
      vertex   3.215000e+02 3.927510e+01 4.561838e+01
      vertex   3.105000e+02 3.927510e+01 4.561838e+01
      vertex   3.215000e+02 3.895411e+01 4.524592e+01
    endloop
  endfacet
  facet normal 0.000000e+00 -7.575112e-01 6.528221e-01
    outer loop
      vertex   3.215000e+02 3.895411e+01 4.524592e+01
      vertex   3.105000e+02 3.927510e+01 4.561838e+01
      vertex   3.105000e+02 3.895411e+01 4.524592e+01
    endloop
  endfacet
  facet normal 0.000000e+00 -6.749830e-01 7.378333e-01
    outer loop
      vertex   3.215000e+02 3.895411e+01 4.524592e+01
      vertex   3.105000e+02 3.895411e+01 4.524592e+01
      vertex   3.215000e+02 3.859132e+01 4.491403e+01
    endloop
  endfacet
  facet normal 0.000000e+00 -6.749830e-01 7.378333e-01
    outer loop
      vertex   3.215000e+02 3.859132e+01 4.491403e+01
      vertex   3.105000e+02 3.895411e+01 4.524592e+01
      vertex   3.105000e+02 3.859132e+01 4.491403e+01
    endloop
  endfacet
  facet normal 0.000000e+00 -5.829795e-01 8.124869e-01
    outer loop
      vertex   3.215000e+02 3.859132e+01 4.491403e+01
      vertex   3.105000e+02 3.859132e+01 4.491403e+01
      vertex   3.215000e+02 3.819182e+01 4.462738e+01
    endloop
  endfacet
  facet normal 0.000000e+00 -5.829795e-01 8.124869e-01
    outer loop
      vertex   3.215000e+02 3.819182e+01 4.462738e+01
      vertex   3.105000e+02 3.859132e+01 4.491403e+01
      vertex   3.105000e+02 3.819182e+01 4.462738e+01
    endloop
  endfacet
  facet normal 0.000000e+00 -4.827922e-01 8.757349e-01
    outer loop
      vertex   3.215000e+02 3.819182e+01 4.462738e+01
      vertex   3.105000e+02 3.819182e+01 4.462738e+01
      vertex   3.215000e+02 3.776123e+01 4.438999e+01
    endloop
  endfacet
  facet normal 0.000000e+00 -4.827922e-01 8.757349e-01
    outer loop
      vertex   3.215000e+02 3.776123e+01 4.438999e+01
      vertex   3.105000e+02 3.819182e+01 4.462738e+01
      vertex   3.105000e+02 3.776123e+01 4.438999e+01
    endloop
  endfacet
  facet normal 0.000000e+00 -3.758276e-01 9.266896e-01
    outer loop
      vertex   3.215000e+02 3.776123e+01 4.438999e+01
      vertex   3.105000e+02 3.776123e+01 4.438999e+01
      vertex   3.215000e+02 3.730558e+01 4.420520e+01
    endloop
  endfacet
  facet normal -2.427651e-16 -3.758276e-01 9.266896e-01
    outer loop
      vertex   3.215000e+02 3.730558e+01 4.420520e+01
      vertex   3.105000e+02 3.776123e+01 4.438999e+01
      vertex   3.105000e+02 3.730558e+01 4.420520e+01
    endloop
  endfacet
  facet normal -1.702636e-16 -2.635872e-01 9.646356e-01
    outer loop
      vertex   3.215000e+02 3.730558e+01 4.420520e+01
      vertex   3.105000e+02 3.730558e+01 4.420520e+01
      vertex   3.215000e+02 3.683127e+01 4.407560e+01
    endloop
  endfacet
  facet normal 0.000000e+00 -2.635872e-01 9.646356e-01
    outer loop
      vertex   3.215000e+02 3.683127e+01 4.407560e+01
      vertex   3.105000e+02 3.730558e+01 4.420520e+01
      vertex   3.105000e+02 3.683127e+01 4.407560e+01
    endloop
  endfacet
  facet normal 0.000000e+00 -1.476466e-01 9.890402e-01
    outer loop
      vertex   3.215000e+02 3.683127e+01 4.407560e+01
      vertex   3.105000e+02 3.683127e+01 4.407560e+01
      vertex   3.215000e+02 3.634496e+01 4.400300e+01
    endloop
  endfacet
  facet normal 0.000000e+00 -1.476466e-01 9.890402e-01
    outer loop
      vertex   3.215000e+02 3.634496e+01 4.400300e+01
      vertex   3.105000e+02 3.683127e+01 4.407560e+01
      vertex   3.105000e+02 3.634496e+01 4.400300e+01
    endloop
  endfacet
  facet normal 0.000000e+00 -2.963333e-02 9.995608e-01
    outer loop
      vertex   3.215000e+02 3.634496e+01 4.400300e+01
      vertex   3.105000e+02 3.634496e+01 4.400300e+01
      vertex   3.215000e+02 3.585348e+01 4.398843e+01
    endloop
  endfacet
  facet normal 0.000000e+00 -2.963333e-02 9.995608e-01
    outer loop
      vertex   3.215000e+02 3.585348e+01 4.398843e+01
      vertex   3.105000e+02 3.634496e+01 4.400300e+01
      vertex   3.105000e+02 3.585348e+01 4.398843e+01
    endloop
  endfacet
  facet normal 0.000000e+00 8.879590e-02 9.960498e-01
    outer loop
      vertex   3.215000e+02 3.585348e+01 4.398843e+01
      vertex   3.105000e+02 3.585348e+01 4.398843e+01
      vertex   3.215000e+02 3.536372e+01 4.403209e+01
    endloop
  endfacet
  facet normal 0.000000e+00 8.879590e-02 9.960498e-01
    outer loop
      vertex   3.215000e+02 3.536372e+01 4.403209e+01
      vertex   3.105000e+02 3.585348e+01 4.398843e+01
      vertex   3.105000e+02 3.536372e+01 4.403209e+01
    endloop
  endfacet
  facet normal 0.000000e+00 2.059786e-01 9.785565e-01
    outer loop
      vertex   3.215000e+02 3.536372e+01 4.403209e+01
      vertex   3.105000e+02 3.536372e+01 4.403209e+01
      vertex   3.215000e+02 3.488257e+01 4.413337e+01
    endloop
  endfacet
  facet normal 0.000000e+00 2.059786e-01 9.785565e-01
    outer loop
      vertex   3.215000e+02 3.488257e+01 4.413337e+01
      vertex   3.105000e+02 3.536372e+01 4.403209e+01
      vertex   3.105000e+02 3.488257e+01 4.413337e+01
    endloop
  endfacet
  facet normal 0.000000e+00 3.202699e-01 9.473264e-01
    outer loop
      vertex   3.215000e+02 3.488257e+01 4.413337e+01
      vertex   3.105000e+02 3.488257e+01 4.413337e+01
      vertex   3.215000e+02 3.441677e+01 4.429084e+01
    endloop
  endfacet
  facet normal 0.000000e+00 3.202699e-01 9.473264e-01
    outer loop
      vertex   3.215000e+02 3.441677e+01 4.429084e+01
      vertex   3.105000e+02 3.488257e+01 4.413337e+01
      vertex   3.105000e+02 3.441677e+01 4.429084e+01
    endloop
  endfacet
  facet normal 0.000000e+00 4.300652e-01 9.027978e-01
    outer loop
      vertex   3.215000e+02 3.441677e+01 4.429084e+01
      vertex   3.105000e+02 3.441677e+01 4.429084e+01
      vertex   3.215000e+02 3.397287e+01 4.450230e+01
    endloop
  endfacet
  facet normal 2.777997e-16 4.300652e-01 9.027978e-01
    outer loop
      vertex   3.215000e+02 3.397287e+01 4.450230e+01
      vertex   3.105000e+02 3.441677e+01 4.429084e+01
      vertex   3.105000e+02 3.397287e+01 4.450230e+01
    endloop
  endfacet
  facet normal 3.448221e-16 5.338234e-01 8.455960e-01
    outer loop
      vertex   3.215000e+02 3.397287e+01 4.450230e+01
      vertex   3.105000e+02 3.397287e+01 4.450230e+01
      vertex   3.215000e+02 3.355709e+01 4.476478e+01
    endloop
  endfacet
  facet normal 0.000000e+00 5.338234e-01 8.455960e-01
    outer loop
      vertex   3.215000e+02 3.355709e+01 4.476478e+01
      vertex   3.105000e+02 3.397287e+01 4.450230e+01
      vertex   3.105000e+02 3.355709e+01 4.476478e+01
    endloop
  endfacet
  facet normal 0.000000e+00 6.300878e-01 7.765239e-01
    outer loop
      vertex   3.215000e+02 3.355709e+01 4.476478e+01
      vertex   3.105000e+02 3.355709e+01 4.476478e+01
      vertex   3.215000e+02 3.317528e+01 4.507460e+01
    endloop
  endfacet
  facet normal 0.000000e+00 6.300878e-01 7.765239e-01
    outer loop
      vertex   3.215000e+02 3.317528e+01 4.507460e+01
      vertex   3.105000e+02 3.355709e+01 4.476478e+01
      vertex   3.105000e+02 3.317528e+01 4.507460e+01
    endloop
  endfacet
  facet normal 0.000000e+00 7.175073e-01 6.965510e-01
    outer loop
      vertex   3.215000e+02 3.317528e+01 4.507460e+01
      vertex   3.105000e+02 3.317528e+01 4.507460e+01
      vertex   3.215000e+02 3.283278e+01 4.542739e+01
    endloop
  endfacet
  facet normal 0.000000e+00 7.175073e-01 6.965510e-01
    outer loop
      vertex   3.215000e+02 3.283278e+01 4.542739e+01
      vertex   3.105000e+02 3.317528e+01 4.507460e+01
      vertex   3.105000e+02 3.283278e+01 4.542739e+01
    endloop
  endfacet
  facet normal 0.000000e+00 7.948544e-01 6.068001e-01
    outer loop
      vertex   3.215000e+02 3.283278e+01 4.542739e+01
      vertex   3.105000e+02 3.283278e+01 4.542739e+01
      vertex   3.215000e+02 3.253442e+01 4.581822e+01
    endloop
  endfacet
  facet normal 0.000000e+00 7.948544e-01 6.068001e-01
    outer loop
      vertex   3.215000e+02 3.253442e+01 4.581822e+01
      vertex   3.105000e+02 3.283278e+01 4.542739e+01
      vertex   3.105000e+02 3.253442e+01 4.581822e+01
    endloop
  endfacet
  facet normal 0.000000e+00 8.610436e-01 5.085311e-01
    outer loop
      vertex   3.215000e+02 3.253442e+01 4.581822e+01
      vertex   3.105000e+02 3.253442e+01 4.581822e+01
      vertex   3.215000e+02 3.228438e+01 4.624159e+01
    endloop
  endfacet
  facet normal 0.000000e+00 8.610436e-01 5.085311e-01
    outer loop
      vertex   3.215000e+02 3.228438e+01 4.624159e+01
      vertex   3.105000e+02 3.253442e+01 4.581822e+01
      vertex   3.105000e+02 3.228438e+01 4.624159e+01
    endloop
  endfacet
  facet normal 0.000000e+00 9.151456e-01 4.031234e-01
    outer loop
      vertex   3.215000e+02 3.228438e+01 4.624159e+01
      vertex   3.105000e+02 3.228438e+01 4.624159e+01
      vertex   3.215000e+02 3.208616e+01 4.669157e+01
    endloop
  endfacet
  facet normal 0.000000e+00 9.151456e-01 4.031234e-01
    outer loop
      vertex   3.215000e+02 3.208616e+01 4.669157e+01
      vertex   3.105000e+02 3.228438e+01 4.624159e+01
      vertex   3.105000e+02 3.208616e+01 4.669157e+01
    endloop
  endfacet
  facet normal 0.000000e+00 9.564010e-01 2.920568e-01
    outer loop
      vertex   3.215000e+02 3.208616e+01 4.669157e+01
      vertex   3.105000e+02 3.208616e+01 4.669157e+01
      vertex   3.215000e+02 3.194256e+01 4.716183e+01
    endloop
  endfacet
  facet normal 0.000000e+00 9.564010e-01 2.920568e-01
    outer loop
      vertex   3.215000e+02 3.194256e+01 4.716183e+01
      vertex   3.105000e+02 3.208616e+01 4.669157e+01
      vertex   3.105000e+02 3.194256e+01 4.716183e+01
    endloop
  endfacet
  facet normal 0.000000e+00 9.842306e-01 1.768903e-01
    outer loop
      vertex   3.215000e+02 3.194256e+01 4.716183e+01
      vertex   3.105000e+02 3.194256e+01 4.716183e+01
      vertex   3.215000e+02 3.185558e+01 4.764577e+01
    endloop
  endfacet
  facet normal 0.000000e+00 9.842306e-01 1.768903e-01
    outer loop
      vertex   3.215000e+02 3.185558e+01 4.764577e+01
      vertex   3.105000e+02 3.194256e+01 4.716183e+01
      vertex   3.105000e+02 3.185558e+01 4.764577e+01
    endloop
  endfacet
  facet normal 7.076561e-01 7.053162e-01 -4.185688e-02
    outer loop
      vertex   3.215000e+02 3.185558e+01 4.862744e+01
      vertex   3.220000e+02 3.135569e+01 4.865724e+01
      vertex   3.215000e+02 3.182646e+01 4.813660e+01
    endloop
  endfacet
  facet normal 7.065499e-01 7.065499e-01 -3.967899e-02
    outer loop
      vertex   3.215000e+02 3.182646e+01 4.813660e+01
      vertex   3.220000e+02 3.135569e+01 4.865724e+01
      vertex   3.220000e+02 3.132646e+01 4.813660e+01
    endloop
  endfacet
  facet normal 7.065499e-01 7.065499e-01 3.967899e-02
    outer loop
      vertex   3.215000e+02 3.182646e+01 4.813660e+01
      vertex   3.220000e+02 3.132646e+01 4.813660e+01
      vertex   3.220000e+02 3.135569e+01 4.761597e+01
    endloop
  endfacet
  facet normal 7.055596e-01 6.986380e-01 -1.187034e-01
    outer loop
      vertex   3.220000e+02 3.135569e+01 4.865724e+01
      vertex   3.215000e+02 3.185558e+01 4.862744e+01
      vertex   3.220000e+02 3.144304e+01 4.917133e+01
    endloop
  endfacet
  facet normal 7.086898e-01 6.943946e-01 -1.247997e-01
    outer loop
      vertex   3.220000e+02 3.144304e+01 4.917133e+01
      vertex   3.215000e+02 3.185558e+01 4.862744e+01
      vertex   3.215000e+02 3.194256e+01 4.911138e+01
    endloop
  endfacet
  facet normal 7.046847e-01 6.817907e-01 -1.964205e-01
    outer loop
      vertex   3.220000e+02 3.144304e+01 4.917133e+01
      vertex   3.215000e+02 3.194256e+01 4.911138e+01
      vertex   3.220000e+02 3.158740e+01 4.967240e+01
    endloop
  endfacet
  facet normal 7.095880e-01 6.738963e-01 -2.057881e-01
    outer loop
      vertex   3.220000e+02 3.158740e+01 4.967240e+01
      vertex   3.215000e+02 3.194256e+01 4.911138e+01
      vertex   3.215000e+02 3.208616e+01 4.958164e+01
    endloop
  endfacet
  facet normal 7.039264e-01 6.562067e-01 -2.718097e-01
    outer loop
      vertex   3.220000e+02 3.158740e+01 4.967240e+01
      vertex   3.215000e+02 3.208616e+01 4.958164e+01
      vertex   3.220000e+02 3.178695e+01 5.015416e+01
    endloop
  endfacet
  facet normal 7.103520e-01 6.441221e-01 -2.837371e-01
    outer loop
      vertex   3.220000e+02 3.178695e+01 5.015416e+01
      vertex   3.215000e+02 3.208616e+01 4.958164e+01
      vertex   3.215000e+02 3.228438e+01 5.003162e+01
    endloop
  endfacet
  facet normal 7.032858e-01 6.222026e-01 -3.438792e-01
    outer loop
      vertex   3.220000e+02 3.178695e+01 5.015416e+01
      vertex   3.215000e+02 3.228438e+01 5.003162e+01
      vertex   3.220000e+02 3.203919e+01 5.061055e+01
    endloop
  endfacet
  facet normal 7.109832e-01 6.054936e-01 -3.576036e-01
    outer loop
      vertex   3.220000e+02 3.203919e+01 5.061055e+01
      vertex   3.215000e+02 3.228438e+01 5.003162e+01
      vertex   3.215000e+02 3.253442e+01 5.045499e+01
    endloop
  endfacet
  facet normal 7.027641e-01 5.802087e-01 -4.116800e-01
    outer loop
      vertex   3.220000e+02 3.203919e+01 5.061055e+01
      vertex   3.215000e+02 3.253442e+01 5.045499e+01
      vertex   3.220000e+02 3.234094e+01 5.103583e+01
    endloop
  endfacet
  facet normal 7.114827e-01 5.585471e-01 -4.264007e-01
    outer loop
      vertex   3.220000e+02 3.234094e+01 5.103583e+01
      vertex   3.215000e+02 3.253442e+01 5.045499e+01
      vertex   3.215000e+02 3.283278e+01 5.084582e+01
    endloop
  endfacet
  facet normal 7.023620e-01 5.307629e-01 -4.743188e-01
    outer loop
      vertex   3.220000e+02 3.234094e+01 5.103583e+01
      vertex   3.215000e+02 3.283278e+01 5.084582e+01
      vertex   3.220000e+02 3.268841e+01 5.142465e+01
    endloop
  endfacet
  facet normal 7.118511e-01 5.039272e-01 -4.892090e-01
    outer loop
      vertex   3.220000e+02 3.268841e+01 5.142465e+01
      vertex   3.215000e+02 3.283278e+01 5.084582e+01
      vertex   3.215000e+02 3.317528e+01 5.119861e+01
    endloop
  endfacet
  facet normal 7.020801e-01 4.745040e-01 -5.309703e-01
    outer loop
      vertex   3.220000e+02 3.268841e+01 5.142465e+01
      vertex   3.215000e+02 3.317528e+01 5.119861e+01
      vertex   3.220000e+02 3.307723e+01 5.177212e+01
    endloop
  endfacet
  facet normal 7.120892e-01 4.423777e-01 -5.451888e-01
    outer loop
      vertex   3.220000e+02 3.307723e+01 5.177212e+01
      vertex   3.215000e+02 3.317528e+01 5.119861e+01
      vertex   3.215000e+02 3.355709e+01 5.150843e+01
    endloop
  endfacet
  facet normal 7.019189e-01 4.121626e-01 -5.808888e-01
    outer loop
      vertex   3.220000e+02 3.307723e+01 5.177212e+01
      vertex   3.215000e+02 3.355709e+01 5.150843e+01
      vertex   3.220000e+02 3.350251e+01 5.207387e+01
    endloop
  endfacet
  facet normal 7.121974e-01 3.747329e-01 -5.935909e-01
    outer loop
      vertex   3.220000e+02 3.350251e+01 5.207387e+01
      vertex   3.215000e+02 3.355709e+01 5.150843e+01
      vertex   3.215000e+02 3.397287e+01 5.177090e+01
    endloop
  endfacet
  facet normal 7.018786e-01 3.445513e-01 -6.234187e-01
    outer loop
      vertex   3.220000e+02 3.350251e+01 5.207387e+01
      vertex   3.215000e+02 3.397287e+01 5.177090e+01
      vertex   3.220000e+02 3.395890e+01 5.232611e+01
    endloop
  endfacet
  facet normal 7.121758e-01 3.019063e-01 -6.337652e-01
    outer loop
      vertex   3.220000e+02 3.395890e+01 5.232611e+01
      vertex   3.215000e+02 3.397287e+01 5.177090e+01
      vertex   3.215000e+02 3.441677e+01 5.198237e+01
    endloop
  endfacet
  facet normal 7.019592e-01 2.725537e-01 -6.580028e-01
    outer loop
      vertex   3.220000e+02 3.395890e+01 5.232611e+01
      vertex   3.215000e+02 3.441677e+01 5.198237e+01
      vertex   3.220000e+02 3.444066e+01 5.252566e+01
    endloop
  endfacet
  facet normal 7.120243e-01 2.248790e-01 -6.651697e-01
    outer loop
      vertex   3.220000e+02 3.444066e+01 5.252566e+01
      vertex   3.215000e+02 3.441677e+01 5.198237e+01
      vertex   3.215000e+02 3.488257e+01 5.213984e+01
    endloop
  endfacet
  facet normal 7.021607e-01 1.971120e-01 -6.841909e-01
    outer loop
      vertex   3.220000e+02 3.444066e+01 5.252566e+01
      vertex   3.215000e+02 3.488257e+01 5.213984e+01
      vertex   3.220000e+02 3.494173e+01 5.267002e+01
    endloop
  endfacet
  facet normal 7.117428e-01 1.446877e-01 -6.873774e-01
    outer loop
      vertex   3.220000e+02 3.494173e+01 5.267002e+01
      vertex   3.215000e+02 3.488257e+01 5.213984e+01
      vertex   3.215000e+02 3.536372e+01 5.224112e+01
    endloop
  endfacet
  facet normal 7.024827e-01 1.192143e-01 -7.016452e-01
    outer loop
      vertex   3.220000e+02 3.494173e+01 5.267002e+01
      vertex   3.215000e+02 3.536372e+01 5.224112e+01
      vertex   3.220000e+02 3.545582e+01 5.275737e+01
    endloop
  endfacet
  facet normal 7.113308e-01 6.241085e-02 -7.000810e-01
    outer loop
      vertex   3.220000e+02 3.545582e+01 5.275737e+01
      vertex   3.215000e+02 3.536372e+01 5.224112e+01
      vertex   3.215000e+02 3.585348e+01 5.228478e+01
    endloop
  endfacet
  facet normal 7.029248e-01 3.988090e-02 -7.101452e-01
    outer loop
      vertex   3.220000e+02 3.545582e+01 5.275737e+01
      vertex   3.215000e+02 3.585348e+01 5.228478e+01
      vertex   3.220000e+02 3.597646e+01 5.278660e+01
    endloop
  endfacet
  facet normal 7.107875e-01 -2.084428e-02 -7.030979e-01
    outer loop
      vertex   3.220000e+02 3.597646e+01 5.278660e+01
      vertex   3.215000e+02 3.585348e+01 5.228478e+01
      vertex   3.215000e+02 3.634496e+01 5.227021e+01
    endloop
  endfacet
  facet normal 7.034862e-01 -3.984977e-02 -7.095908e-01
    outer loop
      vertex   3.220000e+02 3.597646e+01 5.278660e+01
      vertex   3.215000e+02 3.634496e+01 5.227021e+01
      vertex   3.220000e+02 3.649709e+01 5.275737e+01
    endloop
  endfacet
  facet normal 7.101121e-01 -1.039563e-01 -6.963719e-01
    outer loop
      vertex   3.220000e+02 3.649709e+01 5.275737e+01
      vertex   3.215000e+02 3.634496e+01 5.227021e+01
      vertex   3.215000e+02 3.683127e+01 5.219761e+01
    endloop
  endfacet
  facet normal 7.041661e-01 -1.189353e-01 -7.000032e-01
    outer loop
      vertex   3.220000e+02 3.649709e+01 5.275737e+01
      vertex   3.215000e+02 3.683127e+01 5.219761e+01
      vertex   3.220000e+02 3.701118e+01 5.267002e+01
    endloop
  endfacet
  facet normal 7.093035e-01 -1.858034e-01 -6.799747e-01
    outer loop
      vertex   3.220000e+02 3.701118e+01 5.267002e+01
      vertex   3.215000e+02 3.683127e+01 5.219761e+01
      vertex   3.215000e+02 3.730558e+01 5.206801e+01
    endloop
  endfacet
  facet normal 7.049634e-01 -1.963438e-01 -6.815245e-01
    outer loop
      vertex   3.220000e+02 3.701118e+01 5.267002e+01
      vertex   3.215000e+02 3.730558e+01 5.206801e+01
      vertex   3.220000e+02 3.751225e+01 5.252566e+01
    endloop
  endfacet
  facet normal 7.083604e-01 -2.652783e-01 -6.541047e-01
    outer loop
      vertex   3.220000e+02 3.751225e+01 5.252566e+01
      vertex   3.215000e+02 3.730558e+01 5.206801e+01
      vertex   3.215000e+02 3.776123e+01 5.188322e+01
    endloop
  endfacet
  facet normal 7.058770e-01 -2.710679e-01 -6.544157e-01
    outer loop
      vertex   3.220000e+02 3.751225e+01 5.252566e+01
      vertex   3.215000e+02 3.776123e+01 5.188322e+01
      vertex   3.220000e+02 3.799402e+01 5.232611e+01
    endloop
  endfacet
  facet normal 7.072811e-01 -3.413015e-01 -6.190854e-01
    outer loop
      vertex   3.220000e+02 3.799402e+01 5.232611e+01
      vertex   3.215000e+02 3.776123e+01 5.188322e+01
      vertex   3.215000e+02 3.819182e+01 5.164583e+01
    endloop
  endfacet
  facet normal 7.069054e-01 -3.421383e-01 -6.190526e-01
    outer loop
      vertex   3.220000e+02 3.799402e+01 5.232611e+01
      vertex   3.215000e+02 3.819182e+01 5.164583e+01
      vertex   3.220000e+02 3.845041e+01 5.207387e+01
    endloop
  endfacet
  facet normal 7.062071e-01 -4.097024e-01 -5.774214e-01
    outer loop
      vertex   3.220000e+02 3.845041e+01 5.207387e+01
      vertex   3.215000e+02 3.819182e+01 5.164583e+01
      vertex   3.220000e+02 3.887568e+01 5.177212e+01
    endloop
  endfacet
  facet normal 7.080158e-01 -4.116981e-01 -5.737754e-01
    outer loop
      vertex   3.220000e+02 3.887568e+01 5.177212e+01
      vertex   3.215000e+02 3.819182e+01 5.164583e+01
      vertex   3.215000e+02 3.859132e+01 5.135918e+01
    endloop
  endfacet
  facet normal 7.052551e-01 -4.724088e-01 -5.286257e-01
    outer loop
      vertex   3.220000e+02 3.887568e+01 5.177212e+01
      vertex   3.215000e+02 3.859132e+01 5.135918e+01
      vertex   3.220000e+02 3.926450e+01 5.142465e+01
    endloop
  endfacet
  facet normal 7.090042e-01 -4.760009e-01 -5.203232e-01
    outer loop
      vertex   3.220000e+02 3.926450e+01 5.142465e+01
      vertex   3.215000e+02 3.859132e+01 5.135918e+01
      vertex   3.215000e+02 3.895411e+01 5.102729e+01
    endloop
  endfacet
  facet normal 7.044189e-01 -5.292453e-01 -4.729625e-01
    outer loop
      vertex   3.220000e+02 3.926450e+01 5.142465e+01
      vertex   3.215000e+02 3.895411e+01 5.102729e+01
      vertex   3.220000e+02 3.961197e+01 5.103583e+01
    endloop
  endfacet
  facet normal 7.098575e-01 -5.335495e-01 -4.598122e-01
    outer loop
      vertex   3.220000e+02 3.961197e+01 5.103583e+01
      vertex   3.215000e+02 3.895411e+01 5.102729e+01
      vertex   3.215000e+02 3.927510e+01 5.065483e+01
    endloop
  endfacet
  facet normal 7.036997e-01 -5.794540e-01 -4.111445e-01
    outer loop
      vertex   3.220000e+02 3.961197e+01 5.103583e+01
      vertex   3.215000e+02 3.927510e+01 5.065483e+01
      vertex   3.220000e+02 3.991372e+01 5.061055e+01
    endloop
  endfacet
  facet normal 7.105771e-01 -5.835859e-01 -3.930747e-01
    outer loop
      vertex   3.220000e+02 3.991372e+01 5.061055e+01
      vertex   3.215000e+02 3.927510e+01 5.065483e+01
      vertex   3.215000e+02 3.954979e+01 5.024701e+01
    endloop
  endfacet
  facet normal 7.030987e-01 -6.223646e-01 -3.439688e-01
    outer loop
      vertex   3.220000e+02 3.991372e+01 5.061055e+01
      vertex   3.215000e+02 3.954979e+01 5.024701e+01
      vertex   3.220000e+02 4.016596e+01 5.015416e+01
    endloop
  endfacet
  facet normal 7.111643e-01 -6.254519e-01 -3.210222e-01
    outer loop
      vertex   3.220000e+02 4.016596e+01 5.015416e+01
      vertex   3.215000e+02 3.954979e+01 5.024701e+01
      vertex   3.215000e+02 3.977431e+01 4.980957e+01
    endloop
  endfacet
  facet normal 7.026168e-01 -6.574035e-01 -2.723055e-01
    outer loop
      vertex   3.220000e+02 4.016596e+01 5.015416e+01
      vertex   3.215000e+02 3.977431e+01 4.980957e+01
      vertex   3.220000e+02 4.036551e+01 4.967240e+01
    endloop
  endfacet
  facet normal 7.116200e-01 -6.585978e-01 -2.446341e-01
    outer loop
      vertex   3.220000e+02 4.036551e+01 4.967240e+01
      vertex   3.215000e+02 3.977431e+01 4.980957e+01
      vertex   3.215000e+02 3.994552e+01 4.934864e+01
    endloop
  endfacet
  facet normal 7.022547e-01 -6.841018e-01 -1.970863e-01
    outer loop
      vertex   3.220000e+02 4.036551e+01 4.967240e+01
      vertex   3.215000e+02 3.994552e+01 4.934864e+01
      vertex   3.220000e+02 4.050987e+01 4.917133e+01
    endloop
  endfacet
  facet normal 7.119450e-01 -6.825888e-01 -1.649453e-01
    outer loop
      vertex   3.220000e+02 4.050987e+01 4.917133e+01
      vertex   3.215000e+02 3.994552e+01 4.934864e+01
      vertex   3.215000e+02 4.006101e+01 4.887070e+01
    endloop
  endfacet
  facet normal 7.020130e-01 -7.021020e-01 -1.192919e-01
    outer loop
      vertex   3.220000e+02 4.050987e+01 4.917133e+01
      vertex   3.215000e+02 4.006101e+01 4.887070e+01
      vertex   3.220000e+02 4.059722e+01 4.865724e+01
    endloop
  endfacet
  facet normal 7.121397e-01 -6.971102e-01 -8.303223e-02
    outer loop
      vertex   3.220000e+02 4.059722e+01 4.865724e+01
      vertex   3.215000e+02 4.006101e+01 4.887070e+01
      vertex   3.215000e+02 4.011917e+01 4.838245e+01
    endloop
  endfacet
  facet normal 7.018920e-01 -7.111628e-01 -3.993805e-02
    outer loop
      vertex   3.220000e+02 4.059722e+01 4.865724e+01
      vertex   3.215000e+02 4.011917e+01 4.838245e+01
      vertex   3.220000e+02 4.062646e+01 4.813660e+01
    endloop
  endfacet
  facet normal 7.122046e-01 -7.019719e-01 0.000000e+00
    outer loop
      vertex   3.220000e+02 4.062646e+01 4.813660e+01
      vertex   3.215000e+02 4.011917e+01 4.838245e+01
      vertex   3.215000e+02 4.011917e+01 4.789076e+01
    endloop
  endfacet
  facet normal 7.018920e-01 -7.111628e-01 3.993805e-02
    outer loop
      vertex   3.220000e+02 4.062646e+01 4.813660e+01
      vertex   3.215000e+02 4.011917e+01 4.789076e+01
      vertex   3.220000e+02 4.059722e+01 4.761597e+01
    endloop
  endfacet
  facet normal 7.121397e-01 -6.971102e-01 8.303223e-02
    outer loop
      vertex   3.220000e+02 4.059722e+01 4.761597e+01
      vertex   3.215000e+02 4.011917e+01 4.789076e+01
      vertex   3.215000e+02 4.006101e+01 4.740251e+01
    endloop
  endfacet
  facet normal 7.020130e-01 -7.021020e-01 1.192919e-01
    outer loop
      vertex   3.220000e+02 4.059722e+01 4.761597e+01
      vertex   3.215000e+02 4.006101e+01 4.740251e+01
      vertex   3.220000e+02 4.050987e+01 4.710188e+01
    endloop
  endfacet
  facet normal 7.119450e-01 -6.825888e-01 1.649453e-01
    outer loop
      vertex   3.220000e+02 4.050987e+01 4.710188e+01
      vertex   3.215000e+02 4.006101e+01 4.740251e+01
      vertex   3.215000e+02 3.994552e+01 4.692457e+01
    endloop
  endfacet
  facet normal 7.022547e-01 -6.841018e-01 1.970863e-01
    outer loop
      vertex   3.220000e+02 4.050987e+01 4.710188e+01
      vertex   3.215000e+02 3.994552e+01 4.692457e+01
      vertex   3.220000e+02 4.036551e+01 4.660081e+01
    endloop
  endfacet
  facet normal 7.116200e-01 -6.585978e-01 2.446341e-01
    outer loop
      vertex   3.220000e+02 4.036551e+01 4.660081e+01
      vertex   3.215000e+02 3.994552e+01 4.692457e+01
      vertex   3.215000e+02 3.977431e+01 4.646364e+01
    endloop
  endfacet
  facet normal 7.026168e-01 -6.574035e-01 2.723055e-01
    outer loop
      vertex   3.220000e+02 4.036551e+01 4.660081e+01
      vertex   3.215000e+02 3.977431e+01 4.646364e+01
      vertex   3.220000e+02 4.016596e+01 4.611905e+01
    endloop
  endfacet
  facet normal 7.111643e-01 -6.254519e-01 3.210222e-01
    outer loop
      vertex   3.220000e+02 4.016596e+01 4.611905e+01
      vertex   3.215000e+02 3.977431e+01 4.646364e+01
      vertex   3.215000e+02 3.954979e+01 4.602620e+01
    endloop
  endfacet
  facet normal 7.030987e-01 -6.223646e-01 3.439688e-01
    outer loop
      vertex   3.220000e+02 4.016596e+01 4.611905e+01
      vertex   3.215000e+02 3.954979e+01 4.602620e+01
      vertex   3.220000e+02 3.991372e+01 4.566266e+01
    endloop
  endfacet
  facet normal 7.105771e-01 -5.835859e-01 3.930747e-01
    outer loop
      vertex   3.220000e+02 3.991372e+01 4.566266e+01
      vertex   3.215000e+02 3.954979e+01 4.602620e+01
      vertex   3.215000e+02 3.927510e+01 4.561838e+01
    endloop
  endfacet
  facet normal 7.036997e-01 -5.794540e-01 4.111445e-01
    outer loop
      vertex   3.220000e+02 3.991372e+01 4.566266e+01
      vertex   3.215000e+02 3.927510e+01 4.561838e+01
      vertex   3.220000e+02 3.961197e+01 4.523738e+01
    endloop
  endfacet
  facet normal 7.098575e-01 -5.335495e-01 4.598122e-01
    outer loop
      vertex   3.220000e+02 3.961197e+01 4.523738e+01
      vertex   3.215000e+02 3.927510e+01 4.561838e+01
      vertex   3.215000e+02 3.895411e+01 4.524592e+01
    endloop
  endfacet
  facet normal 7.044189e-01 -5.292453e-01 4.729625e-01
    outer loop
      vertex   3.220000e+02 3.961197e+01 4.523738e+01
      vertex   3.215000e+02 3.895411e+01 4.524592e+01
      vertex   3.220000e+02 3.926450e+01 4.484856e+01
    endloop
  endfacet
  facet normal 7.090042e-01 -4.760009e-01 5.203232e-01
    outer loop
      vertex   3.220000e+02 3.926450e+01 4.484856e+01
      vertex   3.215000e+02 3.895411e+01 4.524592e+01
      vertex   3.215000e+02 3.859132e+01 4.491403e+01
    endloop
  endfacet
  facet normal 7.052551e-01 -4.724088e-01 5.286257e-01
    outer loop
      vertex   3.220000e+02 3.926450e+01 4.484856e+01
      vertex   3.215000e+02 3.859132e+01 4.491403e+01
      vertex   3.220000e+02 3.887568e+01 4.450109e+01
    endloop
  endfacet
  facet normal 7.080158e-01 -4.116981e-01 5.737754e-01
    outer loop
      vertex   3.220000e+02 3.887568e+01 4.450109e+01
      vertex   3.215000e+02 3.859132e+01 4.491403e+01
      vertex   3.215000e+02 3.819182e+01 4.462738e+01
    endloop
  endfacet
  facet normal 7.062071e-01 -4.097024e-01 5.774214e-01
    outer loop
      vertex   3.220000e+02 3.887568e+01 4.450109e+01
      vertex   3.215000e+02 3.819182e+01 4.462738e+01
      vertex   3.220000e+02 3.845041e+01 4.419934e+01
    endloop
  endfacet
  facet normal 7.069054e-01 -3.421383e-01 6.190526e-01
    outer loop
      vertex   3.220000e+02 3.845041e+01 4.419934e+01
      vertex   3.215000e+02 3.819182e+01 4.462738e+01
      vertex   3.220000e+02 3.799402e+01 4.394710e+01
    endloop
  endfacet
  facet normal 7.072811e-01 -3.413015e-01 6.190854e-01
    outer loop
      vertex   3.220000e+02 3.799402e+01 4.394710e+01
      vertex   3.215000e+02 3.819182e+01 4.462738e+01
      vertex   3.215000e+02 3.776123e+01 4.438999e+01
    endloop
  endfacet
  facet normal 7.058770e-01 -2.710679e-01 6.544157e-01
    outer loop
      vertex   3.220000e+02 3.799402e+01 4.394710e+01
      vertex   3.215000e+02 3.776123e+01 4.438999e+01
      vertex   3.220000e+02 3.751225e+01 4.374755e+01
    endloop
  endfacet
  facet normal 7.083604e-01 -2.652783e-01 6.541047e-01
    outer loop
      vertex   3.220000e+02 3.751225e+01 4.374755e+01
      vertex   3.215000e+02 3.776123e+01 4.438999e+01
      vertex   3.215000e+02 3.730558e+01 4.420520e+01
    endloop
  endfacet
  facet normal 7.049634e-01 -1.963438e-01 6.815245e-01
    outer loop
      vertex   3.220000e+02 3.751225e+01 4.374755e+01
      vertex   3.215000e+02 3.730558e+01 4.420520e+01
      vertex   3.220000e+02 3.701118e+01 4.360319e+01
    endloop
  endfacet
  facet normal 7.093035e-01 -1.858034e-01 6.799747e-01
    outer loop
      vertex   3.220000e+02 3.701118e+01 4.360319e+01
      vertex   3.215000e+02 3.730558e+01 4.420520e+01
      vertex   3.215000e+02 3.683127e+01 4.407560e+01
    endloop
  endfacet
  facet normal 7.041661e-01 -1.189353e-01 7.000032e-01
    outer loop
      vertex   3.220000e+02 3.701118e+01 4.360319e+01
      vertex   3.215000e+02 3.683127e+01 4.407560e+01
      vertex   3.220000e+02 3.649709e+01 4.351584e+01
    endloop
  endfacet
  facet normal 7.101121e-01 -1.039563e-01 6.963719e-01
    outer loop
      vertex   3.220000e+02 3.649709e+01 4.351584e+01
      vertex   3.215000e+02 3.683127e+01 4.407560e+01
      vertex   3.215000e+02 3.634496e+01 4.400300e+01
    endloop
  endfacet
  facet normal 7.034862e-01 -3.984977e-02 7.095908e-01
    outer loop
      vertex   3.220000e+02 3.649709e+01 4.351584e+01
      vertex   3.215000e+02 3.634496e+01 4.400300e+01
      vertex   3.220000e+02 3.597646e+01 4.348660e+01
    endloop
  endfacet
  facet normal 7.107875e-01 -2.084428e-02 7.030979e-01
    outer loop
      vertex   3.220000e+02 3.597646e+01 4.348660e+01
      vertex   3.215000e+02 3.634496e+01 4.400300e+01
      vertex   3.215000e+02 3.585348e+01 4.398843e+01
    endloop
  endfacet
  facet normal 7.029248e-01 3.988090e-02 7.101452e-01
    outer loop
      vertex   3.220000e+02 3.597646e+01 4.348660e+01
      vertex   3.215000e+02 3.585348e+01 4.398843e+01
      vertex   3.220000e+02 3.545582e+01 4.351584e+01
    endloop
  endfacet
  facet normal 7.113308e-01 6.241085e-02 7.000810e-01
    outer loop
      vertex   3.220000e+02 3.545582e+01 4.351584e+01
      vertex   3.215000e+02 3.585348e+01 4.398843e+01
      vertex   3.215000e+02 3.536372e+01 4.403209e+01
    endloop
  endfacet
  facet normal 7.024827e-01 1.192143e-01 7.016452e-01
    outer loop
      vertex   3.220000e+02 3.545582e+01 4.351584e+01
      vertex   3.215000e+02 3.536372e+01 4.403209e+01
      vertex   3.220000e+02 3.494173e+01 4.360319e+01
    endloop
  endfacet
  facet normal 7.117428e-01 1.446877e-01 6.873774e-01
    outer loop
      vertex   3.220000e+02 3.494173e+01 4.360319e+01
      vertex   3.215000e+02 3.536372e+01 4.403209e+01
      vertex   3.215000e+02 3.488257e+01 4.413337e+01
    endloop
  endfacet
  facet normal 7.021607e-01 1.971120e-01 6.841909e-01
    outer loop
      vertex   3.220000e+02 3.494173e+01 4.360319e+01
      vertex   3.215000e+02 3.488257e+01 4.413337e+01
      vertex   3.220000e+02 3.444066e+01 4.374755e+01
    endloop
  endfacet
  facet normal 7.120243e-01 2.248790e-01 6.651697e-01
    outer loop
      vertex   3.220000e+02 3.444066e+01 4.374755e+01
      vertex   3.215000e+02 3.488257e+01 4.413337e+01
      vertex   3.215000e+02 3.441677e+01 4.429084e+01
    endloop
  endfacet
  facet normal 7.019592e-01 2.725537e-01 6.580028e-01
    outer loop
      vertex   3.220000e+02 3.444066e+01 4.374755e+01
      vertex   3.215000e+02 3.441677e+01 4.429084e+01
      vertex   3.220000e+02 3.395890e+01 4.394710e+01
    endloop
  endfacet
  facet normal 7.121758e-01 3.019063e-01 6.337652e-01
    outer loop
      vertex   3.220000e+02 3.395890e+01 4.394710e+01
      vertex   3.215000e+02 3.441677e+01 4.429084e+01
      vertex   3.215000e+02 3.397287e+01 4.450230e+01
    endloop
  endfacet
  facet normal 7.018786e-01 3.445513e-01 6.234187e-01
    outer loop
      vertex   3.220000e+02 3.395890e+01 4.394710e+01
      vertex   3.215000e+02 3.397287e+01 4.450230e+01
      vertex   3.220000e+02 3.350251e+01 4.419934e+01
    endloop
  endfacet
  facet normal 7.121974e-01 3.747329e-01 5.935909e-01
    outer loop
      vertex   3.220000e+02 3.350251e+01 4.419934e+01
      vertex   3.215000e+02 3.397287e+01 4.450230e+01
      vertex   3.215000e+02 3.355709e+01 4.476478e+01
    endloop
  endfacet
  facet normal 7.019189e-01 4.121626e-01 5.808888e-01
    outer loop
      vertex   3.220000e+02 3.350251e+01 4.419934e+01
      vertex   3.215000e+02 3.355709e+01 4.476478e+01
      vertex   3.220000e+02 3.307723e+01 4.450109e+01
    endloop
  endfacet
  facet normal 7.120892e-01 4.423777e-01 5.451888e-01
    outer loop
      vertex   3.220000e+02 3.307723e+01 4.450109e+01
      vertex   3.215000e+02 3.355709e+01 4.476478e+01
      vertex   3.215000e+02 3.317528e+01 4.507460e+01
    endloop
  endfacet
  facet normal 7.020801e-01 4.745040e-01 5.309703e-01
    outer loop
      vertex   3.220000e+02 3.307723e+01 4.450109e+01
      vertex   3.215000e+02 3.317528e+01 4.507460e+01
      vertex   3.220000e+02 3.268841e+01 4.484856e+01
    endloop
  endfacet
  facet normal 7.118511e-01 5.039272e-01 4.892090e-01
    outer loop
      vertex   3.220000e+02 3.268841e+01 4.484856e+01
      vertex   3.215000e+02 3.317528e+01 4.507460e+01
      vertex   3.215000e+02 3.283278e+01 4.542739e+01
    endloop
  endfacet
  facet normal 7.023620e-01 5.307629e-01 4.743188e-01
    outer loop
      vertex   3.220000e+02 3.268841e+01 4.484856e+01
      vertex   3.215000e+02 3.283278e+01 4.542739e+01
      vertex   3.220000e+02 3.234094e+01 4.523738e+01
    endloop
  endfacet
  facet normal 7.114827e-01 5.585471e-01 4.264007e-01
    outer loop
      vertex   3.220000e+02 3.234094e+01 4.523738e+01
      vertex   3.215000e+02 3.283278e+01 4.542739e+01
      vertex   3.215000e+02 3.253442e+01 4.581822e+01
    endloop
  endfacet
  facet normal 7.027641e-01 5.802087e-01 4.116800e-01
    outer loop
      vertex   3.220000e+02 3.234094e+01 4.523738e+01
      vertex   3.215000e+02 3.253442e+01 4.581822e+01
      vertex   3.220000e+02 3.203919e+01 4.566266e+01
    endloop
  endfacet
  facet normal 7.109832e-01 6.054936e-01 3.576036e-01
    outer loop
      vertex   3.220000e+02 3.203919e+01 4.566266e+01
      vertex   3.215000e+02 3.253442e+01 4.581822e+01
      vertex   3.215000e+02 3.228438e+01 4.624159e+01
    endloop
  endfacet
  facet normal 7.032858e-01 6.222026e-01 3.438792e-01
    outer loop
      vertex   3.220000e+02 3.203919e+01 4.566266e+01
      vertex   3.215000e+02 3.228438e+01 4.624159e+01
      vertex   3.220000e+02 3.178695e+01 4.611905e+01
    endloop
  endfacet
  facet normal 7.103520e-01 6.441221e-01 2.837371e-01
    outer loop
      vertex   3.220000e+02 3.178695e+01 4.611905e+01
      vertex   3.215000e+02 3.228438e+01 4.624159e+01
      vertex   3.215000e+02 3.208616e+01 4.669157e+01
    endloop
  endfacet
  facet normal 7.039264e-01 6.562067e-01 2.718097e-01
    outer loop
      vertex   3.220000e+02 3.178695e+01 4.611905e+01
      vertex   3.215000e+02 3.208616e+01 4.669157e+01
      vertex   3.220000e+02 3.158740e+01 4.660081e+01
    endloop
  endfacet
  facet normal 7.095880e-01 6.738963e-01 2.057881e-01
    outer loop
      vertex   3.220000e+02 3.158740e+01 4.660081e+01
      vertex   3.215000e+02 3.208616e+01 4.669157e+01
      vertex   3.215000e+02 3.194256e+01 4.716183e+01
    endloop
  endfacet
  facet normal 7.046847e-01 6.817907e-01 1.964205e-01
    outer loop
      vertex   3.220000e+02 3.158740e+01 4.660081e+01
      vertex   3.215000e+02 3.194256e+01 4.716183e+01
      vertex   3.220000e+02 3.144304e+01 4.710188e+01
    endloop
  endfacet
  facet normal 7.086898e-01 6.943946e-01 1.247997e-01
    outer loop
      vertex   3.220000e+02 3.144304e+01 4.710188e+01
      vertex   3.215000e+02 3.194256e+01 4.716183e+01
      vertex   3.215000e+02 3.185558e+01 4.764577e+01
    endloop
  endfacet
  facet normal 7.055596e-01 6.986380e-01 1.187034e-01
    outer loop
      vertex   3.220000e+02 3.144304e+01 4.710188e+01
      vertex   3.215000e+02 3.185558e+01 4.764577e+01
      vertex   3.220000e+02 3.135569e+01 4.761597e+01
    endloop
  endfacet
  facet normal 7.076561e-01 7.053162e-01 4.185688e-02
    outer loop
      vertex   3.220000e+02 3.135569e+01 4.761597e+01
      vertex   3.215000e+02 3.185558e+01 4.764577e+01
      vertex   3.215000e+02 3.182646e+01 4.813660e+01
    endloop
  endfacet
endsolid
