solid ASCII
  facet normal -9.910690e-01 -1.306688e-01 2.660521e-02
    outer loop
      vertex   2.220825e+02 3.300458e+01 -1.195533e+02
      vertex   2.221138e+02 3.299654e+01 -1.184247e+02
      vertex   2.220756e+02 3.305635e+01 -1.195527e+02
    endloop
  endfacet
  facet normal -9.910690e-01 -1.306688e-01 2.660521e-02
    outer loop
      vertex   2.220756e+02 3.305635e+01 -1.195527e+02
      vertex   2.221138e+02 3.299654e+01 -1.184247e+02
      vertex   2.221452e+02 3.298849e+01 -1.172962e+02
    endloop
  endfacet
  facet normal -9.910690e-01 -1.306688e-01 2.660521e-02
    outer loop
      vertex   2.220756e+02 3.305635e+01 -1.195527e+02
      vertex   2.221452e+02 3.298849e+01 -1.172962e+02
      vertex   2.221765e+02 3.298044e+01 -1.161676e+02
    endloop
  endfacet
  facet normal -9.235426e-01 -3.828097e-01 2.293113e-02
    outer loop
      vertex   2.221765e+02 3.298044e+01 -1.161676e+02
      vertex   2.221452e+02 3.298849e+01 -1.172962e+02
      vertex   2.221965e+02 3.293221e+01 -1.161685e+02
    endloop
  endfacet
  facet normal -9.235426e-01 -3.828097e-01 2.293113e-02
    outer loop
      vertex   2.221765e+02 3.298044e+01 -1.161676e+02
      vertex   2.221965e+02 3.293221e+01 -1.161685e+02
      vertex   2.222279e+02 3.292416e+01 -1.150399e+02
    endloop
  endfacet
  facet normal -7.930782e-01 -6.088627e-01 1.769434e-02
    outer loop
      vertex   2.222279e+02 3.292416e+01 -1.150399e+02
      vertex   2.221965e+02 3.293221e+01 -1.161685e+02
      vertex   2.222596e+02 3.288275e+01 -1.150411e+02
    endloop
  endfacet
  facet normal -7.930782e-01 -6.088627e-01 1.769434e-02
    outer loop
      vertex   2.222279e+02 3.292416e+01 -1.150399e+02
      vertex   2.222596e+02 3.288275e+01 -1.150411e+02
      vertex   2.222910e+02 3.287470e+01 -1.139125e+02
    endloop
  endfacet
  facet normal -6.085669e-01 -7.934228e-01 1.125171e-02
    outer loop
      vertex   2.222910e+02 3.287470e+01 -1.139125e+02
      vertex   2.222596e+02 3.288275e+01 -1.150411e+02
      vertex   2.223324e+02 3.284292e+01 -1.139139e+02
    endloop
  endfacet
  facet normal -6.085669e-01 -7.934228e-01 1.125171e-02
    outer loop
      vertex   2.222910e+02 3.287470e+01 -1.139125e+02
      vertex   2.223324e+02 3.284292e+01 -1.139139e+02
      vertex   2.223637e+02 3.283488e+01 -1.127853e+02
    endloop
  endfacet
  facet normal -3.825828e-01 -9.239124e-01 4.042294e-03
    outer loop
      vertex   2.223637e+02 3.283488e+01 -1.127853e+02
      vertex   2.223324e+02 3.284292e+01 -1.139139e+02
      vertex   2.224120e+02 3.281491e+01 -1.127868e+02
    endloop
  endfacet
  facet normal -3.825828e-01 -9.239124e-01 4.042294e-03
    outer loop
      vertex   2.223637e+02 3.283488e+01 -1.127853e+02
      vertex   2.224120e+02 3.281491e+01 -1.127868e+02
      vertex   2.224433e+02 3.280686e+01 -1.116583e+02
    endloop
  endfacet
  facet normal -1.305262e-01 -9.914389e-01 -3.442599e-03
    outer loop
      vertex   2.224433e+02 3.280686e+01 -1.116583e+02
      vertex   2.224120e+02 3.281491e+01 -1.127868e+02
      vertex   2.222756e+02 3.285638e+01 -1.195597e+02
    endloop
  endfacet
  facet normal -1.305262e-01 -9.914389e-01 -3.442599e-03
    outer loop
      vertex   2.224433e+02 3.280686e+01 -1.116583e+02
      vertex   2.222756e+02 3.285638e+01 -1.195597e+02
      vertex   2.224747e+02 3.279881e+01 -1.105297e+02
    endloop
  endfacet
  facet normal -1.305262e-01 -9.914389e-01 -3.442599e-03
    outer loop
      vertex   2.224747e+02 3.279881e+01 -1.105297e+02
      vertex   2.222756e+02 3.285638e+01 -1.195597e+02
      vertex   2.225060e+02 3.279076e+01 -1.094011e+02
    endloop
  endfacet
  facet normal -3.825828e-01 -9.239124e-01 4.042294e-03
    outer loop
      vertex   2.224747e+02 3.279881e+01 -1.105297e+02
      vertex   2.225060e+02 3.279076e+01 -1.094011e+02
      vertex   2.224265e+02 3.281878e+01 -1.105282e+02
    endloop
  endfacet
  facet normal -3.825828e-01 -9.239124e-01 4.042294e-03
    outer loop
      vertex   2.224265e+02 3.281878e+01 -1.105282e+02
      vertex   2.225060e+02 3.279076e+01 -1.094011e+02
      vertex   2.224578e+02 3.281074e+01 -1.093996e+02
    endloop
  endfacet
  facet normal -6.085669e-01 -7.934228e-01 1.125171e-02
    outer loop
      vertex   2.224265e+02 3.281878e+01 -1.105282e+02
      vertex   2.224578e+02 3.281074e+01 -1.093996e+02
      vertex   2.223851e+02 3.285056e+01 -1.105268e+02
    endloop
  endfacet
  facet normal -6.085669e-01 -7.934228e-01 1.125171e-02
    outer loop
      vertex   2.223851e+02 3.285056e+01 -1.105268e+02
      vertex   2.224578e+02 3.281074e+01 -1.093996e+02
      vertex   2.224164e+02 3.284251e+01 -1.093983e+02
    endloop
  endfacet
  facet normal -7.930782e-01 -6.088627e-01 1.769434e-02
    outer loop
      vertex   2.223851e+02 3.285056e+01 -1.105268e+02
      vertex   2.224164e+02 3.284251e+01 -1.093983e+02
      vertex   2.223533e+02 3.289198e+01 -1.105257e+02
    endloop
  endfacet
  facet normal -7.930782e-01 -6.088627e-01 1.769434e-02
    outer loop
      vertex   2.223533e+02 3.289198e+01 -1.105257e+02
      vertex   2.224164e+02 3.284251e+01 -1.093983e+02
      vertex   2.223846e+02 3.288393e+01 -1.093971e+02
    endloop
  endfacet
  facet normal -9.235426e-01 -3.828097e-01 2.293113e-02
    outer loop
      vertex   2.223533e+02 3.289198e+01 -1.105257e+02
      vertex   2.223846e+02 3.288393e+01 -1.093971e+02
      vertex   2.223333e+02 3.294021e+01 -1.105248e+02
    endloop
  endfacet
  facet normal -9.235426e-01 -3.828097e-01 2.293113e-02
    outer loop
      vertex   2.223333e+02 3.294021e+01 -1.105248e+02
      vertex   2.223846e+02 3.288393e+01 -1.093971e+02
      vertex   2.223647e+02 3.293216e+01 -1.093962e+02
    endloop
  endfacet
  facet normal -9.910690e-01 -1.306688e-01 2.660521e-02
    outer loop
      vertex   2.223333e+02 3.294021e+01 -1.105248e+02
      vertex   2.223647e+02 3.293216e+01 -1.093962e+02
      vertex   2.220756e+02 3.305635e+01 -1.195527e+02
    endloop
  endfacet
  facet normal -9.910690e-01 -1.306688e-01 2.660521e-02
    outer loop
      vertex   2.220756e+02 3.305635e+01 -1.195527e+02
      vertex   2.223647e+02 3.293216e+01 -1.093962e+02
      vertex   2.223960e+02 3.292411e+01 -1.082676e+02
    endloop
  endfacet
  facet normal -9.910690e-01 -1.306688e-01 2.660521e-02
    outer loop
      vertex   2.220756e+02 3.305635e+01 -1.195527e+02
      vertex   2.223960e+02 3.292411e+01 -1.082676e+02
      vertex   2.224274e+02 3.291607e+01 -1.071391e+02
    endloop
  endfacet
  facet normal -9.235426e-01 -3.828097e-01 2.293113e-02
    outer loop
      vertex   2.224274e+02 3.291607e+01 -1.071391e+02
      vertex   2.223960e+02 3.292411e+01 -1.082676e+02
      vertex   2.224474e+02 3.286783e+01 -1.071400e+02
    endloop
  endfacet
  facet normal -9.235426e-01 -3.828097e-01 2.293113e-02
    outer loop
      vertex   2.224274e+02 3.291607e+01 -1.071391e+02
      vertex   2.224474e+02 3.286783e+01 -1.071400e+02
      vertex   2.224787e+02 3.285979e+01 -1.060114e+02
    endloop
  endfacet
  facet normal -7.930782e-01 -6.088627e-01 1.769434e-02
    outer loop
      vertex   2.224787e+02 3.285979e+01 -1.060114e+02
      vertex   2.224474e+02 3.286783e+01 -1.071400e+02
      vertex   2.225105e+02 3.281837e+01 -1.060126e+02
    endloop
  endfacet
  facet normal -7.930782e-01 -6.088627e-01 1.769434e-02
    outer loop
      vertex   2.224787e+02 3.285979e+01 -1.060114e+02
      vertex   2.225105e+02 3.281837e+01 -1.060126e+02
      vertex   2.225418e+02 3.281033e+01 -1.048840e+02
    endloop
  endfacet
  facet normal -6.085669e-01 -7.934228e-01 1.125171e-02
    outer loop
      vertex   2.225418e+02 3.281033e+01 -1.048840e+02
      vertex   2.225105e+02 3.281837e+01 -1.060126e+02
      vertex   2.225832e+02 3.277855e+01 -1.048854e+02
    endloop
  endfacet
  facet normal -6.085669e-01 -7.934228e-01 1.125171e-02
    outer loop
      vertex   2.225418e+02 3.281033e+01 -1.048840e+02
      vertex   2.225832e+02 3.277855e+01 -1.048854e+02
      vertex   2.226146e+02 3.277050e+01 -1.037568e+02
    endloop
  endfacet
  facet normal -3.825828e-01 -9.239124e-01 4.042294e-03
    outer loop
      vertex   2.226146e+02 3.277050e+01 -1.037568e+02
      vertex   2.225832e+02 3.277855e+01 -1.048854e+02
      vertex   2.226628e+02 3.275053e+01 -1.037583e+02
    endloop
  endfacet
  facet normal -3.825828e-01 -9.239124e-01 4.042294e-03
    outer loop
      vertex   2.226146e+02 3.277050e+01 -1.037568e+02
      vertex   2.226628e+02 3.275053e+01 -1.037583e+02
      vertex   2.226942e+02 3.274248e+01 -1.026297e+02
    endloop
  endfacet
  facet normal -1.305262e-01 -9.914389e-01 -3.442599e-03
    outer loop
      vertex   2.226942e+02 3.274248e+01 -1.026297e+02
      vertex   2.226628e+02 3.275053e+01 -1.037583e+02
      vertex   2.222756e+02 3.285638e+01 -1.195597e+02
    endloop
  endfacet
  facet normal -1.305262e-01 -9.914389e-01 -3.442599e-03
    outer loop
      vertex   2.226942e+02 3.274248e+01 -1.026297e+02
      vertex   2.222756e+02 3.285638e+01 -1.195597e+02
      vertex   2.232476e+02 3.260692e+01 -8.457412e+01
    endloop
  endfacet
  facet normal -9.235426e-01 -3.828097e-01 2.293113e-02
    outer loop
      vertex   2.221138e+02 3.299654e+01 -1.184247e+02
      vertex   2.220825e+02 3.300458e+01 -1.195533e+02
      vertex   2.221338e+02 3.294831e+01 -1.184256e+02
    endloop
  endfacet
  facet normal -9.235426e-01 -3.828097e-01 2.293113e-02
    outer loop
      vertex   2.221338e+02 3.294831e+01 -1.184256e+02
      vertex   2.220825e+02 3.300458e+01 -1.195533e+02
      vertex   2.221024e+02 3.295635e+01 -1.195542e+02
    endloop
  endfacet
  facet normal -7.930782e-01 -6.088627e-01 1.769434e-02
    outer loop
      vertex   2.221338e+02 3.294831e+01 -1.184256e+02
      vertex   2.221024e+02 3.295635e+01 -1.195542e+02
      vertex   2.221656e+02 3.290689e+01 -1.184268e+02
    endloop
  endfacet
  facet normal -7.930782e-01 -6.088627e-01 1.769434e-02
    outer loop
      vertex   2.221656e+02 3.290689e+01 -1.184268e+02
      vertex   2.221024e+02 3.295635e+01 -1.195542e+02
      vertex   2.221342e+02 3.291494e+01 -1.195554e+02
    endloop
  endfacet
  facet normal -6.085669e-01 -7.934228e-01 1.125171e-02
    outer loop
      vertex   2.221656e+02 3.290689e+01 -1.184268e+02
      vertex   2.221342e+02 3.291494e+01 -1.195554e+02
      vertex   2.222070e+02 3.287511e+01 -1.184282e+02
    endloop
  endfacet
  facet normal -6.085669e-01 -7.934228e-01 1.125171e-02
    outer loop
      vertex   2.222070e+02 3.287511e+01 -1.184282e+02
      vertex   2.221342e+02 3.291494e+01 -1.195554e+02
      vertex   2.221756e+02 3.288316e+01 -1.195568e+02
    endloop
  endfacet
  facet normal -3.825828e-01 -9.239124e-01 4.042294e-03
    outer loop
      vertex   2.222070e+02 3.287511e+01 -1.184282e+02
      vertex   2.221756e+02 3.288316e+01 -1.195568e+02
      vertex   2.222552e+02 3.285514e+01 -1.184297e+02
    endloop
  endfacet
  facet normal -3.825828e-01 -9.239124e-01 4.042294e-03
    outer loop
      vertex   2.222552e+02 3.285514e+01 -1.184297e+02
      vertex   2.221756e+02 3.288316e+01 -1.195568e+02
      vertex   2.222238e+02 3.286319e+01 -1.195582e+02
    endloop
  endfacet
  facet normal -1.305262e-01 -9.914389e-01 -3.442599e-03
    outer loop
      vertex   2.222552e+02 3.285514e+01 -1.184297e+02
      vertex   2.222238e+02 3.286319e+01 -1.195582e+02
      vertex   2.222756e+02 3.285638e+01 -1.195597e+02
    endloop
  endfacet
  facet normal -1.305262e-01 -9.914389e-01 -3.442599e-03
    outer loop
      vertex   2.231959e+02 3.261373e+01 -8.457263e+01
      vertex   2.231645e+02 3.262178e+01 -8.570120e+01
      vertex   2.232476e+02 3.260692e+01 -8.457412e+01
    endloop
  endfacet
  facet normal -1.305262e-01 -9.914389e-01 -3.442599e-03
    outer loop
      vertex   2.232476e+02 3.260692e+01 -8.457412e+01
      vertex   2.231645e+02 3.262178e+01 -8.570120e+01
      vertex   2.231332e+02 3.262982e+01 -8.682977e+01
    endloop
  endfacet
  facet normal -1.305262e-01 -9.914389e-01 -3.442599e-03
    outer loop
      vertex   2.232476e+02 3.260692e+01 -8.457412e+01
      vertex   2.231332e+02 3.262982e+01 -8.682977e+01
      vertex   2.231018e+02 3.263787e+01 -8.795833e+01
    endloop
  endfacet
  facet normal -3.825828e-01 -9.239124e-01 4.042294e-03
    outer loop
      vertex   2.231018e+02 3.263787e+01 -8.795833e+01
      vertex   2.231332e+02 3.262982e+01 -8.682977e+01
      vertex   2.230536e+02 3.265784e+01 -8.795685e+01
    endloop
  endfacet
  facet normal -3.825828e-01 -9.239124e-01 4.042294e-03
    outer loop
      vertex   2.231018e+02 3.263787e+01 -8.795833e+01
      vertex   2.230536e+02 3.265784e+01 -8.795685e+01
      vertex   2.230222e+02 3.266589e+01 -8.908542e+01
    endloop
  endfacet
  facet normal -6.085669e-01 -7.934228e-01 1.125171e-02
    outer loop
      vertex   2.230222e+02 3.266589e+01 -8.908542e+01
      vertex   2.230536e+02 3.265784e+01 -8.795685e+01
      vertex   2.229808e+02 3.269767e+01 -8.908404e+01
    endloop
  endfacet
  facet normal -6.085669e-01 -7.934228e-01 1.125171e-02
    outer loop
      vertex   2.230222e+02 3.266589e+01 -8.908542e+01
      vertex   2.229808e+02 3.269767e+01 -8.908404e+01
      vertex   2.229495e+02 3.270571e+01 -9.021261e+01
    endloop
  endfacet
  facet normal -7.930782e-01 -6.088627e-01 1.769434e-02
    outer loop
      vertex   2.229495e+02 3.270571e+01 -9.021261e+01
      vertex   2.229808e+02 3.269767e+01 -8.908404e+01
      vertex   2.229177e+02 3.274713e+01 -9.021143e+01
    endloop
  endfacet
  facet normal -7.930782e-01 -6.088627e-01 1.769434e-02
    outer loop
      vertex   2.229495e+02 3.270571e+01 -9.021261e+01
      vertex   2.229177e+02 3.274713e+01 -9.021143e+01
      vertex   2.228864e+02 3.275518e+01 -9.134000e+01
    endloop
  endfacet
  facet normal -9.235426e-01 -3.828097e-01 2.293113e-02
    outer loop
      vertex   2.228864e+02 3.275518e+01 -9.134000e+01
      vertex   2.229177e+02 3.274713e+01 -9.021143e+01
      vertex   2.228664e+02 3.280341e+01 -9.133910e+01
    endloop
  endfacet
  facet normal -9.235426e-01 -3.828097e-01 2.293113e-02
    outer loop
      vertex   2.228864e+02 3.275518e+01 -9.134000e+01
      vertex   2.228664e+02 3.280341e+01 -9.133910e+01
      vertex   2.228350e+02 3.281146e+01 -9.246767e+01
    endloop
  endfacet
  facet normal -9.910690e-01 -1.306688e-01 2.660521e-02
    outer loop
      vertex   2.228350e+02 3.281146e+01 -9.246767e+01
      vertex   2.228664e+02 3.280341e+01 -9.133910e+01
      vertex   2.230477e+02 3.280689e+01 -8.456713e+01
    endloop
  endfacet
  facet normal -9.910690e-01 -1.306688e-01 2.660521e-02
    outer loop
      vertex   2.228350e+02 3.281146e+01 -9.246767e+01
      vertex   2.230477e+02 3.280689e+01 -8.456713e+01
      vertex   2.228037e+02 3.281950e+01 -9.359624e+01
    endloop
  endfacet
  facet normal -9.910690e-01 -1.306688e-01 2.660521e-02
    outer loop
      vertex   2.228037e+02 3.281950e+01 -9.359624e+01
      vertex   2.230477e+02 3.280689e+01 -8.456713e+01
      vertex   2.227723e+02 3.282755e+01 -9.472481e+01
    endloop
  endfacet
  facet normal -9.235426e-01 -3.828097e-01 2.293113e-02
    outer loop
      vertex   2.228037e+02 3.281950e+01 -9.359624e+01
      vertex   2.227723e+02 3.282755e+01 -9.472481e+01
      vertex   2.228236e+02 3.277127e+01 -9.359714e+01
    endloop
  endfacet
  facet normal -9.235426e-01 -3.828097e-01 2.293113e-02
    outer loop
      vertex   2.228236e+02 3.277127e+01 -9.359714e+01
      vertex   2.227723e+02 3.282755e+01 -9.472481e+01
      vertex   2.227923e+02 3.277932e+01 -9.472570e+01
    endloop
  endfacet
  facet normal -7.930782e-01 -6.088627e-01 1.769434e-02
    outer loop
      vertex   2.228236e+02 3.277127e+01 -9.359714e+01
      vertex   2.227923e+02 3.277932e+01 -9.472570e+01
      vertex   2.228554e+02 3.272985e+01 -9.359831e+01
    endloop
  endfacet
  facet normal -7.930782e-01 -6.088627e-01 1.769434e-02
    outer loop
      vertex   2.228554e+02 3.272985e+01 -9.359831e+01
      vertex   2.227923e+02 3.277932e+01 -9.472570e+01
      vertex   2.228241e+02 3.273790e+01 -9.472688e+01
    endloop
  endfacet
  facet normal -6.085669e-01 -7.934228e-01 1.125171e-02
    outer loop
      vertex   2.228554e+02 3.272985e+01 -9.359831e+01
      vertex   2.228241e+02 3.273790e+01 -9.472688e+01
      vertex   2.228968e+02 3.269808e+01 -9.359969e+01
    endloop
  endfacet
  facet normal -6.085669e-01 -7.934228e-01 1.125171e-02
    outer loop
      vertex   2.228968e+02 3.269808e+01 -9.359969e+01
      vertex   2.228241e+02 3.273790e+01 -9.472688e+01
      vertex   2.228655e+02 3.270612e+01 -9.472826e+01
    endloop
  endfacet
  facet normal -3.825828e-01 -9.239124e-01 4.042294e-03
    outer loop
      vertex   2.228968e+02 3.269808e+01 -9.359969e+01
      vertex   2.228655e+02 3.270612e+01 -9.472826e+01
      vertex   2.229450e+02 3.267811e+01 -9.360117e+01
    endloop
  endfacet
  facet normal -3.825828e-01 -9.239124e-01 4.042294e-03
    outer loop
      vertex   2.229450e+02 3.267811e+01 -9.360117e+01
      vertex   2.228655e+02 3.270612e+01 -9.472826e+01
      vertex   2.229137e+02 3.268615e+01 -9.472974e+01
    endloop
  endfacet
  facet normal -1.305262e-01 -9.914389e-01 -3.442599e-03
    outer loop
      vertex   2.229450e+02 3.267811e+01 -9.360117e+01
      vertex   2.229137e+02 3.268615e+01 -9.472974e+01
      vertex   2.232476e+02 3.260692e+01 -8.457412e+01
    endloop
  endfacet
  facet normal -1.305262e-01 -9.914389e-01 -3.442599e-03
    outer loop
      vertex   2.232476e+02 3.260692e+01 -8.457412e+01
      vertex   2.229137e+02 3.268615e+01 -9.472974e+01
      vertex   2.228823e+02 3.269420e+01 -9.585831e+01
    endloop
  endfacet
  facet normal -1.305262e-01 -9.914389e-01 -3.442599e-03
    outer loop
      vertex   2.232476e+02 3.260692e+01 -8.457412e+01
      vertex   2.228823e+02 3.269420e+01 -9.585831e+01
      vertex   2.228510e+02 3.270225e+01 -9.698688e+01
    endloop
  endfacet
  facet normal -3.825828e-01 -9.239124e-01 4.042294e-03
    outer loop
      vertex   2.228510e+02 3.270225e+01 -9.698688e+01
      vertex   2.228823e+02 3.269420e+01 -9.585831e+01
      vertex   2.228027e+02 3.272222e+01 -9.698540e+01
    endloop
  endfacet
  facet normal -3.825828e-01 -9.239124e-01 4.042294e-03
    outer loop
      vertex   2.228510e+02 3.270225e+01 -9.698688e+01
      vertex   2.228027e+02 3.272222e+01 -9.698540e+01
      vertex   2.227714e+02 3.273027e+01 -9.811396e+01
    endloop
  endfacet
  facet normal -6.085669e-01 -7.934228e-01 1.125171e-02
    outer loop
      vertex   2.227714e+02 3.273027e+01 -9.811396e+01
      vertex   2.228027e+02 3.272222e+01 -9.698540e+01
      vertex   2.227300e+02 3.276204e+01 -9.811259e+01
    endloop
  endfacet
  facet normal -6.085669e-01 -7.934228e-01 1.125171e-02
    outer loop
      vertex   2.227714e+02 3.273027e+01 -9.811396e+01
      vertex   2.227300e+02 3.276204e+01 -9.811259e+01
      vertex   2.226986e+02 3.277009e+01 -9.924115e+01
    endloop
  endfacet
  facet normal -7.930782e-01 -6.088627e-01 1.769434e-02
    outer loop
      vertex   2.226986e+02 3.277009e+01 -9.924115e+01
      vertex   2.227300e+02 3.276204e+01 -9.811259e+01
      vertex   2.226669e+02 3.281151e+01 -9.923998e+01
    endloop
  endfacet
  facet normal -7.930782e-01 -6.088627e-01 1.769434e-02
    outer loop
      vertex   2.226986e+02 3.277009e+01 -9.924115e+01
      vertex   2.226669e+02 3.281151e+01 -9.923998e+01
      vertex   2.226355e+02 3.281955e+01 -1.003685e+02
    endloop
  endfacet
  facet normal -9.235426e-01 -3.828097e-01 2.293113e-02
    outer loop
      vertex   2.226355e+02 3.281955e+01 -1.003685e+02
      vertex   2.226669e+02 3.281151e+01 -9.923998e+01
      vertex   2.226155e+02 3.286778e+01 -1.003676e+02
    endloop
  endfacet
  facet normal -9.235426e-01 -3.828097e-01 2.293113e-02
    outer loop
      vertex   2.226355e+02 3.281955e+01 -1.003685e+02
      vertex   2.226155e+02 3.286778e+01 -1.003676e+02
      vertex   2.225842e+02 3.287583e+01 -1.014962e+02
    endloop
  endfacet
  facet normal -9.910690e-01 -1.306688e-01 2.660521e-02
    outer loop
      vertex   2.225842e+02 3.287583e+01 -1.014962e+02
      vertex   2.226155e+02 3.286778e+01 -1.003676e+02
      vertex   2.230477e+02 3.280689e+01 -8.456713e+01
    endloop
  endfacet
  facet normal -9.910690e-01 -1.306688e-01 2.660521e-02
    outer loop
      vertex   2.225842e+02 3.287583e+01 -1.014962e+02
      vertex   2.230477e+02 3.280689e+01 -8.456713e+01
      vertex   2.220756e+02 3.305635e+01 -1.195527e+02
    endloop
  endfacet
  facet normal -3.825828e-01 -9.239124e-01 4.042294e-03
    outer loop
      vertex   2.231645e+02 3.262178e+01 -8.570120e+01
      vertex   2.231959e+02 3.261373e+01 -8.457263e+01
      vertex   2.231163e+02 3.264175e+01 -8.569971e+01
    endloop
  endfacet
  facet normal -3.825828e-01 -9.239124e-01 4.042294e-03
    outer loop
      vertex   2.231163e+02 3.264175e+01 -8.569971e+01
      vertex   2.231959e+02 3.261373e+01 -8.457263e+01
      vertex   2.231477e+02 3.263370e+01 -8.457115e+01
    endloop
  endfacet
  facet normal -6.085669e-01 -7.934228e-01 1.125171e-02
    outer loop
      vertex   2.231163e+02 3.264175e+01 -8.569971e+01
      vertex   2.231477e+02 3.263370e+01 -8.457115e+01
      vertex   2.230749e+02 3.267353e+01 -8.569834e+01
    endloop
  endfacet
  facet normal -6.085669e-01 -7.934228e-01 1.125171e-02
    outer loop
      vertex   2.230749e+02 3.267353e+01 -8.569834e+01
      vertex   2.231477e+02 3.263370e+01 -8.457115e+01
      vertex   2.231063e+02 3.266548e+01 -8.456977e+01
    endloop
  endfacet
  facet normal -7.930782e-01 -6.088627e-01 1.769434e-02
    outer loop
      vertex   2.230749e+02 3.267353e+01 -8.569834e+01
      vertex   2.231063e+02 3.266548e+01 -8.456977e+01
      vertex   2.230431e+02 3.271494e+01 -8.569716e+01
    endloop
  endfacet
  facet normal -7.930782e-01 -6.088627e-01 1.769434e-02
    outer loop
      vertex   2.230431e+02 3.271494e+01 -8.569716e+01
      vertex   2.231063e+02 3.266548e+01 -8.456977e+01
      vertex   2.230745e+02 3.270689e+01 -8.456859e+01
    endloop
  endfacet
  facet normal -9.235426e-01 -3.828097e-01 2.293113e-02
    outer loop
      vertex   2.230431e+02 3.271494e+01 -8.569716e+01
      vertex   2.230745e+02 3.270689e+01 -8.456859e+01
      vertex   2.230232e+02 3.276317e+01 -8.569626e+01
    endloop
  endfacet
  facet normal -9.235426e-01 -3.828097e-01 2.293113e-02
    outer loop
      vertex   2.230232e+02 3.276317e+01 -8.569626e+01
      vertex   2.230745e+02 3.270689e+01 -8.456859e+01
      vertex   2.230545e+02 3.275513e+01 -8.456769e+01
    endloop
  endfacet
  facet normal -9.910690e-01 -1.306688e-01 2.660521e-02
    outer loop
      vertex   2.230232e+02 3.276317e+01 -8.569626e+01
      vertex   2.230545e+02 3.275513e+01 -8.456769e+01
      vertex   2.230477e+02 3.280689e+01 -8.456713e+01
    endloop
  endfacet
  facet normal -9.235426e-01 -3.828097e-01 2.293113e-02
    outer loop
      vertex   2.221452e+02 3.298849e+01 -1.172962e+02
      vertex   2.221138e+02 3.299654e+01 -1.184247e+02
      vertex   2.221651e+02 3.294026e+01 -1.172971e+02
    endloop
  endfacet
  facet normal -9.235426e-01 -3.828097e-01 2.293113e-02
    outer loop
      vertex   2.221651e+02 3.294026e+01 -1.172971e+02
      vertex   2.221138e+02 3.299654e+01 -1.184247e+02
      vertex   2.221338e+02 3.294831e+01 -1.184256e+02
    endloop
  endfacet
  facet normal -7.930782e-01 -6.088627e-01 1.769434e-02
    outer loop
      vertex   2.221651e+02 3.294026e+01 -1.172971e+02
      vertex   2.221338e+02 3.294831e+01 -1.184256e+02
      vertex   2.221969e+02 3.289884e+01 -1.172982e+02
    endloop
  endfacet
  facet normal -7.930782e-01 -6.088627e-01 1.769434e-02
    outer loop
      vertex   2.221969e+02 3.289884e+01 -1.172982e+02
      vertex   2.221338e+02 3.294831e+01 -1.184256e+02
      vertex   2.221656e+02 3.290689e+01 -1.184268e+02
    endloop
  endfacet
  facet normal -6.085669e-01 -7.934228e-01 1.125171e-02
    outer loop
      vertex   2.221969e+02 3.289884e+01 -1.172982e+02
      vertex   2.221656e+02 3.290689e+01 -1.184268e+02
      vertex   2.222383e+02 3.286707e+01 -1.172996e+02
    endloop
  endfacet
  facet normal -6.085669e-01 -7.934228e-01 1.125171e-02
    outer loop
      vertex   2.222383e+02 3.286707e+01 -1.172996e+02
      vertex   2.221656e+02 3.290689e+01 -1.184268e+02
      vertex   2.222070e+02 3.287511e+01 -1.184282e+02
    endloop
  endfacet
  facet normal -3.825828e-01 -9.239124e-01 4.042294e-03
    outer loop
      vertex   2.222383e+02 3.286707e+01 -1.172996e+02
      vertex   2.222070e+02 3.287511e+01 -1.184282e+02
      vertex   2.222865e+02 3.284709e+01 -1.173011e+02
    endloop
  endfacet
  facet normal -3.825828e-01 -9.239124e-01 4.042294e-03
    outer loop
      vertex   2.222865e+02 3.284709e+01 -1.173011e+02
      vertex   2.222070e+02 3.287511e+01 -1.184282e+02
      vertex   2.222552e+02 3.285514e+01 -1.184297e+02
    endloop
  endfacet
  facet normal -1.305262e-01 -9.914389e-01 -3.442599e-03
    outer loop
      vertex   2.222865e+02 3.284709e+01 -1.173011e+02
      vertex   2.222552e+02 3.285514e+01 -1.184297e+02
      vertex   2.222756e+02 3.285638e+01 -1.195597e+02
    endloop
  endfacet
  facet normal -9.910690e-01 -1.306688e-01 2.660521e-02
    outer loop
      vertex   2.221765e+02 3.298044e+01 -1.161676e+02
      vertex   2.222079e+02 3.297240e+01 -1.150390e+02
      vertex   2.220756e+02 3.305635e+01 -1.195527e+02
    endloop
  endfacet
  facet normal -9.910690e-01 -1.306688e-01 2.660521e-02
    outer loop
      vertex   2.220756e+02 3.305635e+01 -1.195527e+02
      vertex   2.222079e+02 3.297240e+01 -1.150390e+02
      vertex   2.222392e+02 3.296435e+01 -1.139105e+02
    endloop
  endfacet
  facet normal -9.910690e-01 -1.306688e-01 2.660521e-02
    outer loop
      vertex   2.220756e+02 3.305635e+01 -1.195527e+02
      vertex   2.222392e+02 3.296435e+01 -1.139105e+02
      vertex   2.222706e+02 3.295630e+01 -1.127819e+02
    endloop
  endfacet
  facet normal -9.235426e-01 -3.828097e-01 2.293113e-02
    outer loop
      vertex   2.222706e+02 3.295630e+01 -1.127819e+02
      vertex   2.222392e+02 3.296435e+01 -1.139105e+02
      vertex   2.222906e+02 3.290807e+01 -1.127828e+02
    endloop
  endfacet
  facet normal -9.235426e-01 -3.828097e-01 2.293113e-02
    outer loop
      vertex   2.222706e+02 3.295630e+01 -1.127819e+02
      vertex   2.222906e+02 3.290807e+01 -1.127828e+02
      vertex   2.223219e+02 3.290002e+01 -1.116542e+02
    endloop
  endfacet
  facet normal -7.930782e-01 -6.088627e-01 1.769434e-02
    outer loop
      vertex   2.223219e+02 3.290002e+01 -1.116542e+02
      vertex   2.222906e+02 3.290807e+01 -1.127828e+02
      vertex   2.223537e+02 3.285861e+01 -1.116554e+02
    endloop
  endfacet
  facet normal -7.930782e-01 -6.088627e-01 1.769434e-02
    outer loop
      vertex   2.223219e+02 3.290002e+01 -1.116542e+02
      vertex   2.223537e+02 3.285861e+01 -1.116554e+02
      vertex   2.223851e+02 3.285056e+01 -1.105268e+02
    endloop
  endfacet
  facet normal -6.085669e-01 -7.934228e-01 1.125171e-02
    outer loop
      vertex   2.223851e+02 3.285056e+01 -1.105268e+02
      vertex   2.223537e+02 3.285861e+01 -1.116554e+02
      vertex   2.224265e+02 3.281878e+01 -1.105282e+02
    endloop
  endfacet
  facet normal -9.235426e-01 -3.828097e-01 2.293113e-02
    outer loop
      vertex   2.221765e+02 3.298044e+01 -1.161676e+02
      vertex   2.222279e+02 3.292416e+01 -1.150399e+02
      vertex   2.222079e+02 3.297240e+01 -1.150390e+02
    endloop
  endfacet
  facet normal -9.235426e-01 -3.828097e-01 2.293113e-02
    outer loop
      vertex   2.222079e+02 3.297240e+01 -1.150390e+02
      vertex   2.222279e+02 3.292416e+01 -1.150399e+02
      vertex   2.222592e+02 3.291612e+01 -1.139114e+02
    endloop
  endfacet
  facet normal -9.235426e-01 -3.828097e-01 2.293113e-02
    outer loop
      vertex   2.222079e+02 3.297240e+01 -1.150390e+02
      vertex   2.222592e+02 3.291612e+01 -1.139114e+02
      vertex   2.222392e+02 3.296435e+01 -1.139105e+02
    endloop
  endfacet
  facet normal -9.235426e-01 -3.828097e-01 2.293113e-02
    outer loop
      vertex   2.222392e+02 3.296435e+01 -1.139105e+02
      vertex   2.222592e+02 3.291612e+01 -1.139114e+02
      vertex   2.222906e+02 3.290807e+01 -1.127828e+02
    endloop
  endfacet
  facet normal -9.910690e-01 -1.306688e-01 2.660521e-02
    outer loop
      vertex   2.223333e+02 3.294021e+01 -1.105248e+02
      vertex   2.220756e+02 3.305635e+01 -1.195527e+02
      vertex   2.223020e+02 3.294826e+01 -1.116533e+02
    endloop
  endfacet
  facet normal -9.910690e-01 -1.306688e-01 2.660521e-02
    outer loop
      vertex   2.223020e+02 3.294826e+01 -1.116533e+02
      vertex   2.220756e+02 3.305635e+01 -1.195527e+02
      vertex   2.222706e+02 3.295630e+01 -1.127819e+02
    endloop
  endfacet
  facet normal -9.235426e-01 -3.828097e-01 2.293113e-02
    outer loop
      vertex   2.223020e+02 3.294826e+01 -1.116533e+02
      vertex   2.222706e+02 3.295630e+01 -1.127819e+02
      vertex   2.223219e+02 3.290002e+01 -1.116542e+02
    endloop
  endfacet
  facet normal -9.235426e-01 -3.828097e-01 2.293113e-02
    outer loop
      vertex   2.223533e+02 3.289198e+01 -1.105257e+02
      vertex   2.223333e+02 3.294021e+01 -1.105248e+02
      vertex   2.223020e+02 3.294826e+01 -1.116533e+02
    endloop
  endfacet
  facet normal -9.235426e-01 -3.828097e-01 2.293113e-02
    outer loop
      vertex   2.223533e+02 3.289198e+01 -1.105257e+02
      vertex   2.223020e+02 3.294826e+01 -1.116533e+02
      vertex   2.223219e+02 3.290002e+01 -1.116542e+02
    endloop
  endfacet
  facet normal -9.235426e-01 -3.828097e-01 2.293113e-02
    outer loop
      vertex   2.223960e+02 3.292411e+01 -1.082676e+02
      vertex   2.223647e+02 3.293216e+01 -1.093962e+02
      vertex   2.224160e+02 3.287588e+01 -1.082685e+02
    endloop
  endfacet
  facet normal -9.235426e-01 -3.828097e-01 2.293113e-02
    outer loop
      vertex   2.224160e+02 3.287588e+01 -1.082685e+02
      vertex   2.223647e+02 3.293216e+01 -1.093962e+02
      vertex   2.223846e+02 3.288393e+01 -1.093971e+02
    endloop
  endfacet
  facet normal -7.930782e-01 -6.088627e-01 1.769434e-02
    outer loop
      vertex   2.224160e+02 3.287588e+01 -1.082685e+02
      vertex   2.223846e+02 3.288393e+01 -1.093971e+02
      vertex   2.224478e+02 3.283447e+01 -1.082697e+02
    endloop
  endfacet
  facet normal -7.930782e-01 -6.088627e-01 1.769434e-02
    outer loop
      vertex   2.224478e+02 3.283447e+01 -1.082697e+02
      vertex   2.223846e+02 3.288393e+01 -1.093971e+02
      vertex   2.224164e+02 3.284251e+01 -1.093983e+02
    endloop
  endfacet
  facet normal -6.085669e-01 -7.934228e-01 1.125171e-02
    outer loop
      vertex   2.224478e+02 3.283447e+01 -1.082697e+02
      vertex   2.224164e+02 3.284251e+01 -1.093983e+02
      vertex   2.224892e+02 3.280269e+01 -1.082711e+02
    endloop
  endfacet
  facet normal -6.085669e-01 -7.934228e-01 1.125171e-02
    outer loop
      vertex   2.224892e+02 3.280269e+01 -1.082711e+02
      vertex   2.224164e+02 3.284251e+01 -1.093983e+02
      vertex   2.224578e+02 3.281074e+01 -1.093996e+02
    endloop
  endfacet
  facet normal -3.825828e-01 -9.239124e-01 4.042294e-03
    outer loop
      vertex   2.224892e+02 3.280269e+01 -1.082711e+02
      vertex   2.224578e+02 3.281074e+01 -1.093996e+02
      vertex   2.225374e+02 3.278272e+01 -1.082726e+02
    endloop
  endfacet
  facet normal -3.825828e-01 -9.239124e-01 4.042294e-03
    outer loop
      vertex   2.225374e+02 3.278272e+01 -1.082726e+02
      vertex   2.224578e+02 3.281074e+01 -1.093996e+02
      vertex   2.225060e+02 3.279076e+01 -1.094011e+02
    endloop
  endfacet
  facet normal -1.305262e-01 -9.914389e-01 -3.442599e-03
    outer loop
      vertex   2.225374e+02 3.278272e+01 -1.082726e+02
      vertex   2.225060e+02 3.279076e+01 -1.094011e+02
      vertex   2.222756e+02 3.285638e+01 -1.195597e+02
    endloop
  endfacet
  facet normal -9.910690e-01 -1.306688e-01 2.660521e-02
    outer loop
      vertex   2.224274e+02 3.291607e+01 -1.071391e+02
      vertex   2.224587e+02 3.290802e+01 -1.060105e+02
      vertex   2.220756e+02 3.305635e+01 -1.195527e+02
    endloop
  endfacet
  facet normal -9.910690e-01 -1.306688e-01 2.660521e-02
    outer loop
      vertex   2.220756e+02 3.305635e+01 -1.195527e+02
      vertex   2.224587e+02 3.290802e+01 -1.060105e+02
      vertex   2.224901e+02 3.289997e+01 -1.048819e+02
    endloop
  endfacet
  facet normal -9.910690e-01 -1.306688e-01 2.660521e-02
    outer loop
      vertex   2.220756e+02 3.305635e+01 -1.195527e+02
      vertex   2.224901e+02 3.289997e+01 -1.048819e+02
      vertex   2.225215e+02 3.289193e+01 -1.037533e+02
    endloop
  endfacet
  facet normal -9.235426e-01 -3.828097e-01 2.293113e-02
    outer loop
      vertex   2.225215e+02 3.289193e+01 -1.037533e+02
      vertex   2.224901e+02 3.289997e+01 -1.048819e+02
      vertex   2.225414e+02 3.284369e+01 -1.037542e+02
    endloop
  endfacet
  facet normal -9.235426e-01 -3.828097e-01 2.293113e-02
    outer loop
      vertex   2.225215e+02 3.289193e+01 -1.037533e+02
      vertex   2.225414e+02 3.284369e+01 -1.037542e+02
      vertex   2.225728e+02 3.283565e+01 -1.026257e+02
    endloop
  endfacet
  facet normal -7.930782e-01 -6.088627e-01 1.769434e-02
    outer loop
      vertex   2.225728e+02 3.283565e+01 -1.026257e+02
      vertex   2.225414e+02 3.284369e+01 -1.037542e+02
      vertex   2.226046e+02 3.279423e+01 -1.026269e+02
    endloop
  endfacet
  facet normal -7.930782e-01 -6.088627e-01 1.769434e-02
    outer loop
      vertex   2.225728e+02 3.283565e+01 -1.026257e+02
      vertex   2.226046e+02 3.279423e+01 -1.026269e+02
      vertex   2.226359e+02 3.278618e+01 -1.014983e+02
    endloop
  endfacet
  facet normal -6.085669e-01 -7.934228e-01 1.125171e-02
    outer loop
      vertex   2.226359e+02 3.278618e+01 -1.014983e+02
      vertex   2.226046e+02 3.279423e+01 -1.026269e+02
      vertex   2.226773e+02 3.275441e+01 -1.014997e+02
    endloop
  endfacet
  facet normal -6.085669e-01 -7.934228e-01 1.125171e-02
    outer loop
      vertex   2.226359e+02 3.278618e+01 -1.014983e+02
      vertex   2.226773e+02 3.275441e+01 -1.014997e+02
      vertex   2.227087e+02 3.274636e+01 -1.003711e+02
    endloop
  endfacet
  facet normal -3.825828e-01 -9.239124e-01 4.042294e-03
    outer loop
      vertex   2.227087e+02 3.274636e+01 -1.003711e+02
      vertex   2.226773e+02 3.275441e+01 -1.014997e+02
      vertex   2.227569e+02 3.272639e+01 -1.003726e+02
    endloop
  endfacet
  facet normal -3.825828e-01 -9.239124e-01 4.042294e-03
    outer loop
      vertex   2.227087e+02 3.274636e+01 -1.003711e+02
      vertex   2.227569e+02 3.272639e+01 -1.003726e+02
      vertex   2.227882e+02 3.271834e+01 -9.924401e+01
    endloop
  endfacet
  facet normal -1.305262e-01 -9.914389e-01 -3.442599e-03
    outer loop
      vertex   2.227882e+02 3.271834e+01 -9.924401e+01
      vertex   2.227569e+02 3.272639e+01 -1.003726e+02
      vertex   2.232476e+02 3.260692e+01 -8.457412e+01
    endloop
  endfacet
  facet normal -1.305262e-01 -9.914389e-01 -3.442599e-03
    outer loop
      vertex   2.227882e+02 3.271834e+01 -9.924401e+01
      vertex   2.232476e+02 3.260692e+01 -8.457412e+01
      vertex   2.228196e+02 3.271029e+01 -9.811545e+01
    endloop
  endfacet
  facet normal -1.305262e-01 -9.914389e-01 -3.442599e-03
    outer loop
      vertex   2.228196e+02 3.271029e+01 -9.811545e+01
      vertex   2.232476e+02 3.260692e+01 -8.457412e+01
      vertex   2.228510e+02 3.270225e+01 -9.698688e+01
    endloop
  endfacet
  facet normal -3.825828e-01 -9.239124e-01 4.042294e-03
    outer loop
      vertex   2.228196e+02 3.271029e+01 -9.811545e+01
      vertex   2.228510e+02 3.270225e+01 -9.698688e+01
      vertex   2.227714e+02 3.273027e+01 -9.811396e+01
    endloop
  endfacet
  facet normal -9.235426e-01 -3.828097e-01 2.293113e-02
    outer loop
      vertex   2.224274e+02 3.291607e+01 -1.071391e+02
      vertex   2.224787e+02 3.285979e+01 -1.060114e+02
      vertex   2.224587e+02 3.290802e+01 -1.060105e+02
    endloop
  endfacet
  facet normal -9.235426e-01 -3.828097e-01 2.293113e-02
    outer loop
      vertex   2.224587e+02 3.290802e+01 -1.060105e+02
      vertex   2.224787e+02 3.285979e+01 -1.060114e+02
      vertex   2.225101e+02 3.285174e+01 -1.048828e+02
    endloop
  endfacet
  facet normal -9.235426e-01 -3.828097e-01 2.293113e-02
    outer loop
      vertex   2.224587e+02 3.290802e+01 -1.060105e+02
      vertex   2.225101e+02 3.285174e+01 -1.048828e+02
      vertex   2.224901e+02 3.289997e+01 -1.048819e+02
    endloop
  endfacet
  facet normal -9.235426e-01 -3.828097e-01 2.293113e-02
    outer loop
      vertex   2.224901e+02 3.289997e+01 -1.048819e+02
      vertex   2.225101e+02 3.285174e+01 -1.048828e+02
      vertex   2.225414e+02 3.284369e+01 -1.037542e+02
    endloop
  endfacet
  facet normal -9.910690e-01 -1.306688e-01 2.660521e-02
    outer loop
      vertex   2.225842e+02 3.287583e+01 -1.014962e+02
      vertex   2.220756e+02 3.305635e+01 -1.195527e+02
      vertex   2.225528e+02 3.288388e+01 -1.026248e+02
    endloop
  endfacet
  facet normal -9.910690e-01 -1.306688e-01 2.660521e-02
    outer loop
      vertex   2.225528e+02 3.288388e+01 -1.026248e+02
      vertex   2.220756e+02 3.305635e+01 -1.195527e+02
      vertex   2.225215e+02 3.289193e+01 -1.037533e+02
    endloop
  endfacet
  facet normal -9.235426e-01 -3.828097e-01 2.293113e-02
    outer loop
      vertex   2.225528e+02 3.288388e+01 -1.026248e+02
      vertex   2.225215e+02 3.289193e+01 -1.037533e+02
      vertex   2.225728e+02 3.283565e+01 -1.026257e+02
    endloop
  endfacet
  facet normal -9.235426e-01 -3.828097e-01 2.293113e-02
    outer loop
      vertex   2.225842e+02 3.287583e+01 -1.014962e+02
      vertex   2.225528e+02 3.288388e+01 -1.026248e+02
      vertex   2.226041e+02 3.282760e+01 -1.014971e+02
    endloop
  endfacet
  facet normal -9.235426e-01 -3.828097e-01 2.293113e-02
    outer loop
      vertex   2.226041e+02 3.282760e+01 -1.014971e+02
      vertex   2.225528e+02 3.288388e+01 -1.026248e+02
      vertex   2.225728e+02 3.283565e+01 -1.026257e+02
    endloop
  endfacet
  facet normal -7.930782e-01 -6.088627e-01 1.769434e-02
    outer loop
      vertex   2.226041e+02 3.282760e+01 -1.014971e+02
      vertex   2.225728e+02 3.283565e+01 -1.026257e+02
      vertex   2.226359e+02 3.278618e+01 -1.014983e+02
    endloop
  endfacet
  facet normal -9.910690e-01 -1.306688e-01 2.660521e-02
    outer loop
      vertex   2.226155e+02 3.286778e+01 -1.003676e+02
      vertex   2.226469e+02 3.285974e+01 -9.923908e+01
      vertex   2.230477e+02 3.280689e+01 -8.456713e+01
    endloop
  endfacet
  facet normal -9.910690e-01 -1.306688e-01 2.660521e-02
    outer loop
      vertex   2.230477e+02 3.280689e+01 -8.456713e+01
      vertex   2.226469e+02 3.285974e+01 -9.923908e+01
      vertex   2.226782e+02 3.285169e+01 -9.811051e+01
    endloop
  endfacet
  facet normal -9.910690e-01 -1.306688e-01 2.660521e-02
    outer loop
      vertex   2.230477e+02 3.280689e+01 -8.456713e+01
      vertex   2.226782e+02 3.285169e+01 -9.811051e+01
      vertex   2.227096e+02 3.284364e+01 -9.698194e+01
    endloop
  endfacet
  facet normal -9.235426e-01 -3.828097e-01 2.293113e-02
    outer loop
      vertex   2.227096e+02 3.284364e+01 -9.698194e+01
      vertex   2.226782e+02 3.285169e+01 -9.811051e+01
      vertex   2.227296e+02 3.279541e+01 -9.698284e+01
    endloop
  endfacet
  facet normal -9.235426e-01 -3.828097e-01 2.293113e-02
    outer loop
      vertex   2.227096e+02 3.284364e+01 -9.698194e+01
      vertex   2.227296e+02 3.279541e+01 -9.698284e+01
      vertex   2.227609e+02 3.278736e+01 -9.585427e+01
    endloop
  endfacet
  facet normal -7.930782e-01 -6.088627e-01 1.769434e-02
    outer loop
      vertex   2.227609e+02 3.278736e+01 -9.585427e+01
      vertex   2.227296e+02 3.279541e+01 -9.698284e+01
      vertex   2.227927e+02 3.274595e+01 -9.585545e+01
    endloop
  endfacet
  facet normal -7.930782e-01 -6.088627e-01 1.769434e-02
    outer loop
      vertex   2.227609e+02 3.278736e+01 -9.585427e+01
      vertex   2.227927e+02 3.274595e+01 -9.585545e+01
      vertex   2.228241e+02 3.273790e+01 -9.472688e+01
    endloop
  endfacet
  facet normal -6.085669e-01 -7.934228e-01 1.125171e-02
    outer loop
      vertex   2.228241e+02 3.273790e+01 -9.472688e+01
      vertex   2.227927e+02 3.274595e+01 -9.585545e+01
      vertex   2.228655e+02 3.270612e+01 -9.472826e+01
    endloop
  endfacet
  facet normal -9.235426e-01 -3.828097e-01 2.293113e-02
    outer loop
      vertex   2.226155e+02 3.286778e+01 -1.003676e+02
      vertex   2.226669e+02 3.281151e+01 -9.923998e+01
      vertex   2.226469e+02 3.285974e+01 -9.923908e+01
    endloop
  endfacet
  facet normal -9.235426e-01 -3.828097e-01 2.293113e-02
    outer loop
      vertex   2.226469e+02 3.285974e+01 -9.923908e+01
      vertex   2.226669e+02 3.281151e+01 -9.923998e+01
      vertex   2.226982e+02 3.280346e+01 -9.811141e+01
    endloop
  endfacet
  facet normal -9.235426e-01 -3.828097e-01 2.293113e-02
    outer loop
      vertex   2.226469e+02 3.285974e+01 -9.923908e+01
      vertex   2.226982e+02 3.280346e+01 -9.811141e+01
      vertex   2.226782e+02 3.285169e+01 -9.811051e+01
    endloop
  endfacet
  facet normal -9.235426e-01 -3.828097e-01 2.293113e-02
    outer loop
      vertex   2.226782e+02 3.285169e+01 -9.811051e+01
      vertex   2.226982e+02 3.280346e+01 -9.811141e+01
      vertex   2.227296e+02 3.279541e+01 -9.698284e+01
    endloop
  endfacet
  facet normal -9.910690e-01 -1.306688e-01 2.660521e-02
    outer loop
      vertex   2.227723e+02 3.282755e+01 -9.472481e+01
      vertex   2.230477e+02 3.280689e+01 -8.456713e+01
      vertex   2.227410e+02 3.283560e+01 -9.585337e+01
    endloop
  endfacet
  facet normal -9.910690e-01 -1.306688e-01 2.660521e-02
    outer loop
      vertex   2.227410e+02 3.283560e+01 -9.585337e+01
      vertex   2.230477e+02 3.280689e+01 -8.456713e+01
      vertex   2.227096e+02 3.284364e+01 -9.698194e+01
    endloop
  endfacet
  facet normal -9.235426e-01 -3.828097e-01 2.293113e-02
    outer loop
      vertex   2.227410e+02 3.283560e+01 -9.585337e+01
      vertex   2.227096e+02 3.284364e+01 -9.698194e+01
      vertex   2.227609e+02 3.278736e+01 -9.585427e+01
    endloop
  endfacet
  facet normal -9.235426e-01 -3.828097e-01 2.293113e-02
    outer loop
      vertex   2.227923e+02 3.277932e+01 -9.472570e+01
      vertex   2.227723e+02 3.282755e+01 -9.472481e+01
      vertex   2.227410e+02 3.283560e+01 -9.585337e+01
    endloop
  endfacet
  facet normal -9.235426e-01 -3.828097e-01 2.293113e-02
    outer loop
      vertex   2.227923e+02 3.277932e+01 -9.472570e+01
      vertex   2.227410e+02 3.283560e+01 -9.585337e+01
      vertex   2.227609e+02 3.278736e+01 -9.585427e+01
    endloop
  endfacet
  facet normal -9.235426e-01 -3.828097e-01 2.293113e-02
    outer loop
      vertex   2.228350e+02 3.281146e+01 -9.246767e+01
      vertex   2.228037e+02 3.281950e+01 -9.359624e+01
      vertex   2.228550e+02 3.276322e+01 -9.246857e+01
    endloop
  endfacet
  facet normal -9.235426e-01 -3.828097e-01 2.293113e-02
    outer loop
      vertex   2.228550e+02 3.276322e+01 -9.246857e+01
      vertex   2.228037e+02 3.281950e+01 -9.359624e+01
      vertex   2.228236e+02 3.277127e+01 -9.359714e+01
    endloop
  endfacet
  facet normal -7.930782e-01 -6.088627e-01 1.769434e-02
    outer loop
      vertex   2.228550e+02 3.276322e+01 -9.246857e+01
      vertex   2.228236e+02 3.277127e+01 -9.359714e+01
      vertex   2.228868e+02 3.272181e+01 -9.246975e+01
    endloop
  endfacet
  facet normal -7.930782e-01 -6.088627e-01 1.769434e-02
    outer loop
      vertex   2.228868e+02 3.272181e+01 -9.246975e+01
      vertex   2.228236e+02 3.277127e+01 -9.359714e+01
      vertex   2.228554e+02 3.272985e+01 -9.359831e+01
    endloop
  endfacet
  facet normal -6.085669e-01 -7.934228e-01 1.125171e-02
    outer loop
      vertex   2.228868e+02 3.272181e+01 -9.246975e+01
      vertex   2.228554e+02 3.272985e+01 -9.359831e+01
      vertex   2.229282e+02 3.269003e+01 -9.247112e+01
    endloop
  endfacet
  facet normal -6.085669e-01 -7.934228e-01 1.125171e-02
    outer loop
      vertex   2.229282e+02 3.269003e+01 -9.247112e+01
      vertex   2.228554e+02 3.272985e+01 -9.359831e+01
      vertex   2.228968e+02 3.269808e+01 -9.359969e+01
    endloop
  endfacet
  facet normal -3.825828e-01 -9.239124e-01 4.042294e-03
    outer loop
      vertex   2.229282e+02 3.269003e+01 -9.247112e+01
      vertex   2.228968e+02 3.269808e+01 -9.359969e+01
      vertex   2.229764e+02 3.267006e+01 -9.247261e+01
    endloop
  endfacet
  facet normal -3.825828e-01 -9.239124e-01 4.042294e-03
    outer loop
      vertex   2.229764e+02 3.267006e+01 -9.247261e+01
      vertex   2.228968e+02 3.269808e+01 -9.359969e+01
      vertex   2.229450e+02 3.267811e+01 -9.360117e+01
    endloop
  endfacet
  facet normal -1.305262e-01 -9.914389e-01 -3.442599e-03
    outer loop
      vertex   2.229764e+02 3.267006e+01 -9.247261e+01
      vertex   2.229450e+02 3.267811e+01 -9.360117e+01
      vertex   2.232476e+02 3.260692e+01 -8.457412e+01
    endloop
  endfacet
  facet normal -9.910690e-01 -1.306688e-01 2.660521e-02
    outer loop
      vertex   2.228664e+02 3.280341e+01 -9.133910e+01
      vertex   2.228977e+02 3.279536e+01 -9.021053e+01
      vertex   2.230477e+02 3.280689e+01 -8.456713e+01
    endloop
  endfacet
  facet normal -9.910690e-01 -1.306688e-01 2.660521e-02
    outer loop
      vertex   2.230477e+02 3.280689e+01 -8.456713e+01
      vertex   2.228977e+02 3.279536e+01 -9.021053e+01
      vertex   2.229291e+02 3.278731e+01 -8.908197e+01
    endloop
  endfacet
  facet normal -9.910690e-01 -1.306688e-01 2.660521e-02
    outer loop
      vertex   2.230477e+02 3.280689e+01 -8.456713e+01
      vertex   2.229291e+02 3.278731e+01 -8.908197e+01
      vertex   2.229605e+02 3.277927e+01 -8.795340e+01
    endloop
  endfacet
  facet normal -9.235426e-01 -3.828097e-01 2.293113e-02
    outer loop
      vertex   2.229605e+02 3.277927e+01 -8.795340e+01
      vertex   2.229291e+02 3.278731e+01 -8.908197e+01
      vertex   2.229804e+02 3.273103e+01 -8.795430e+01
    endloop
  endfacet
  facet normal -9.235426e-01 -3.828097e-01 2.293113e-02
    outer loop
      vertex   2.229605e+02 3.277927e+01 -8.795340e+01
      vertex   2.229804e+02 3.273103e+01 -8.795430e+01
      vertex   2.230118e+02 3.272299e+01 -8.682573e+01
    endloop
  endfacet
  facet normal -7.930782e-01 -6.088627e-01 1.769434e-02
    outer loop
      vertex   2.230118e+02 3.272299e+01 -8.682573e+01
      vertex   2.229804e+02 3.273103e+01 -8.795430e+01
      vertex   2.230436e+02 3.268157e+01 -8.682691e+01
    endloop
  endfacet
  facet normal -7.930782e-01 -6.088627e-01 1.769434e-02
    outer loop
      vertex   2.230118e+02 3.272299e+01 -8.682573e+01
      vertex   2.230436e+02 3.268157e+01 -8.682691e+01
      vertex   2.230749e+02 3.267353e+01 -8.569834e+01
    endloop
  endfacet
  facet normal -6.085669e-01 -7.934228e-01 1.125171e-02
    outer loop
      vertex   2.230749e+02 3.267353e+01 -8.569834e+01
      vertex   2.230436e+02 3.268157e+01 -8.682691e+01
      vertex   2.231163e+02 3.264175e+01 -8.569971e+01
    endloop
  endfacet
  facet normal -9.235426e-01 -3.828097e-01 2.293113e-02
    outer loop
      vertex   2.228664e+02 3.280341e+01 -9.133910e+01
      vertex   2.229177e+02 3.274713e+01 -9.021143e+01
      vertex   2.228977e+02 3.279536e+01 -9.021053e+01
    endloop
  endfacet
  facet normal -9.235426e-01 -3.828097e-01 2.293113e-02
    outer loop
      vertex   2.228977e+02 3.279536e+01 -9.021053e+01
      vertex   2.229177e+02 3.274713e+01 -9.021143e+01
      vertex   2.229491e+02 3.273908e+01 -8.908286e+01
    endloop
  endfacet
  facet normal -9.235426e-01 -3.828097e-01 2.293113e-02
    outer loop
      vertex   2.228977e+02 3.279536e+01 -9.021053e+01
      vertex   2.229491e+02 3.273908e+01 -8.908286e+01
      vertex   2.229291e+02 3.278731e+01 -8.908197e+01
    endloop
  endfacet
  facet normal -9.235426e-01 -3.828097e-01 2.293113e-02
    outer loop
      vertex   2.229291e+02 3.278731e+01 -8.908197e+01
      vertex   2.229491e+02 3.273908e+01 -8.908286e+01
      vertex   2.229804e+02 3.273103e+01 -8.795430e+01
    endloop
  endfacet
  facet normal -9.910690e-01 -1.306688e-01 2.660521e-02
    outer loop
      vertex   2.230232e+02 3.276317e+01 -8.569626e+01
      vertex   2.230477e+02 3.280689e+01 -8.456713e+01
      vertex   2.229918e+02 3.277122e+01 -8.682483e+01
    endloop
  endfacet
  facet normal -9.910690e-01 -1.306688e-01 2.660521e-02
    outer loop
      vertex   2.229918e+02 3.277122e+01 -8.682483e+01
      vertex   2.230477e+02 3.280689e+01 -8.456713e+01
      vertex   2.229605e+02 3.277927e+01 -8.795340e+01
    endloop
  endfacet
  facet normal -9.235426e-01 -3.828097e-01 2.293113e-02
    outer loop
      vertex   2.229918e+02 3.277122e+01 -8.682483e+01
      vertex   2.229605e+02 3.277927e+01 -8.795340e+01
      vertex   2.230118e+02 3.272299e+01 -8.682573e+01
    endloop
  endfacet
  facet normal -9.235426e-01 -3.828097e-01 2.293113e-02
    outer loop
      vertex   2.230431e+02 3.271494e+01 -8.569716e+01
      vertex   2.230232e+02 3.276317e+01 -8.569626e+01
      vertex   2.229918e+02 3.277122e+01 -8.682483e+01
    endloop
  endfacet
  facet normal -9.235426e-01 -3.828097e-01 2.293113e-02
    outer loop
      vertex   2.230431e+02 3.271494e+01 -8.569716e+01
      vertex   2.229918e+02 3.277122e+01 -8.682483e+01
      vertex   2.230118e+02 3.272299e+01 -8.682573e+01
    endloop
  endfacet
  facet normal -9.235426e-01 -3.828097e-01 2.293113e-02
    outer loop
      vertex   2.221452e+02 3.298849e+01 -1.172962e+02
      vertex   2.221651e+02 3.294026e+01 -1.172971e+02
      vertex   2.221965e+02 3.293221e+01 -1.161685e+02
    endloop
  endfacet
  facet normal -7.930782e-01 -6.088627e-01 1.769434e-02
    outer loop
      vertex   2.221965e+02 3.293221e+01 -1.161685e+02
      vertex   2.221651e+02 3.294026e+01 -1.172971e+02
      vertex   2.222283e+02 3.289080e+01 -1.161697e+02
    endloop
  endfacet
  facet normal -7.930782e-01 -6.088627e-01 1.769434e-02
    outer loop
      vertex   2.221965e+02 3.293221e+01 -1.161685e+02
      vertex   2.222283e+02 3.289080e+01 -1.161697e+02
      vertex   2.222596e+02 3.288275e+01 -1.150411e+02
    endloop
  endfacet
  facet normal -6.085669e-01 -7.934228e-01 1.125171e-02
    outer loop
      vertex   2.222596e+02 3.288275e+01 -1.150411e+02
      vertex   2.222283e+02 3.289080e+01 -1.161697e+02
      vertex   2.223010e+02 3.285097e+01 -1.150425e+02
    endloop
  endfacet
  facet normal -6.085669e-01 -7.934228e-01 1.125171e-02
    outer loop
      vertex   2.222596e+02 3.288275e+01 -1.150411e+02
      vertex   2.223010e+02 3.285097e+01 -1.150425e+02
      vertex   2.223324e+02 3.284292e+01 -1.139139e+02
    endloop
  endfacet
  facet normal -3.825828e-01 -9.239124e-01 4.042294e-03
    outer loop
      vertex   2.223324e+02 3.284292e+01 -1.139139e+02
      vertex   2.223010e+02 3.285097e+01 -1.150425e+02
      vertex   2.223806e+02 3.282295e+01 -1.139154e+02
    endloop
  endfacet
  facet normal -3.825828e-01 -9.239124e-01 4.042294e-03
    outer loop
      vertex   2.223324e+02 3.284292e+01 -1.139139e+02
      vertex   2.223806e+02 3.282295e+01 -1.139154e+02
      vertex   2.224120e+02 3.281491e+01 -1.127868e+02
    endloop
  endfacet
  facet normal -1.305262e-01 -9.914389e-01 -3.442599e-03
    outer loop
      vertex   2.224120e+02 3.281491e+01 -1.127868e+02
      vertex   2.223806e+02 3.282295e+01 -1.139154e+02
      vertex   2.222756e+02 3.285638e+01 -1.195597e+02
    endloop
  endfacet
  facet normal -7.930782e-01 -6.088627e-01 1.769434e-02
    outer loop
      vertex   2.222283e+02 3.289080e+01 -1.161697e+02
      vertex   2.221651e+02 3.294026e+01 -1.172971e+02
      vertex   2.221969e+02 3.289884e+01 -1.172982e+02
    endloop
  endfacet
  facet normal -7.930782e-01 -6.088627e-01 1.769434e-02
    outer loop
      vertex   2.222279e+02 3.292416e+01 -1.150399e+02
      vertex   2.222910e+02 3.287470e+01 -1.139125e+02
      vertex   2.222592e+02 3.291612e+01 -1.139114e+02
    endloop
  endfacet
  facet normal -7.930782e-01 -6.088627e-01 1.769434e-02
    outer loop
      vertex   2.222592e+02 3.291612e+01 -1.139114e+02
      vertex   2.222910e+02 3.287470e+01 -1.139125e+02
      vertex   2.223223e+02 3.286665e+01 -1.127840e+02
    endloop
  endfacet
  facet normal -7.930782e-01 -6.088627e-01 1.769434e-02
    outer loop
      vertex   2.222592e+02 3.291612e+01 -1.139114e+02
      vertex   2.223223e+02 3.286665e+01 -1.127840e+02
      vertex   2.222906e+02 3.290807e+01 -1.127828e+02
    endloop
  endfacet
  facet normal -7.930782e-01 -6.088627e-01 1.769434e-02
    outer loop
      vertex   2.222906e+02 3.290807e+01 -1.127828e+02
      vertex   2.223223e+02 3.286665e+01 -1.127840e+02
      vertex   2.223537e+02 3.285861e+01 -1.116554e+02
    endloop
  endfacet
  facet normal -7.930782e-01 -6.088627e-01 1.769434e-02
    outer loop
      vertex   2.223851e+02 3.285056e+01 -1.105268e+02
      vertex   2.223533e+02 3.289198e+01 -1.105257e+02
      vertex   2.223219e+02 3.290002e+01 -1.116542e+02
    endloop
  endfacet
  facet normal -9.235426e-01 -3.828097e-01 2.293113e-02
    outer loop
      vertex   2.223960e+02 3.292411e+01 -1.082676e+02
      vertex   2.224160e+02 3.287588e+01 -1.082685e+02
      vertex   2.224474e+02 3.286783e+01 -1.071400e+02
    endloop
  endfacet
  facet normal -7.930782e-01 -6.088627e-01 1.769434e-02
    outer loop
      vertex   2.224474e+02 3.286783e+01 -1.071400e+02
      vertex   2.224160e+02 3.287588e+01 -1.082685e+02
      vertex   2.224791e+02 3.282642e+01 -1.071411e+02
    endloop
  endfacet
  facet normal -7.930782e-01 -6.088627e-01 1.769434e-02
    outer loop
      vertex   2.224474e+02 3.286783e+01 -1.071400e+02
      vertex   2.224791e+02 3.282642e+01 -1.071411e+02
      vertex   2.225105e+02 3.281837e+01 -1.060126e+02
    endloop
  endfacet
  facet normal -6.085669e-01 -7.934228e-01 1.125171e-02
    outer loop
      vertex   2.225105e+02 3.281837e+01 -1.060126e+02
      vertex   2.224791e+02 3.282642e+01 -1.071411e+02
      vertex   2.225519e+02 3.278660e+01 -1.060139e+02
    endloop
  endfacet
  facet normal -6.085669e-01 -7.934228e-01 1.125171e-02
    outer loop
      vertex   2.225105e+02 3.281837e+01 -1.060126e+02
      vertex   2.225519e+02 3.278660e+01 -1.060139e+02
      vertex   2.225832e+02 3.277855e+01 -1.048854e+02
    endloop
  endfacet
  facet normal -3.825828e-01 -9.239124e-01 4.042294e-03
    outer loop
      vertex   2.225832e+02 3.277855e+01 -1.048854e+02
      vertex   2.225519e+02 3.278660e+01 -1.060139e+02
      vertex   2.226315e+02 3.275858e+01 -1.048869e+02
    endloop
  endfacet
  facet normal -3.825828e-01 -9.239124e-01 4.042294e-03
    outer loop
      vertex   2.225832e+02 3.277855e+01 -1.048854e+02
      vertex   2.226315e+02 3.275858e+01 -1.048869e+02
      vertex   2.226628e+02 3.275053e+01 -1.037583e+02
    endloop
  endfacet
  facet normal -1.305262e-01 -9.914389e-01 -3.442599e-03
    outer loop
      vertex   2.226628e+02 3.275053e+01 -1.037583e+02
      vertex   2.226315e+02 3.275858e+01 -1.048869e+02
      vertex   2.222756e+02 3.285638e+01 -1.195597e+02
    endloop
  endfacet
  facet normal -7.930782e-01 -6.088627e-01 1.769434e-02
    outer loop
      vertex   2.224791e+02 3.282642e+01 -1.071411e+02
      vertex   2.224160e+02 3.287588e+01 -1.082685e+02
      vertex   2.224478e+02 3.283447e+01 -1.082697e+02
    endloop
  endfacet
  facet normal -7.930782e-01 -6.088627e-01 1.769434e-02
    outer loop
      vertex   2.224787e+02 3.285979e+01 -1.060114e+02
      vertex   2.225418e+02 3.281033e+01 -1.048840e+02
      vertex   2.225101e+02 3.285174e+01 -1.048828e+02
    endloop
  endfacet
  facet normal -7.930782e-01 -6.088627e-01 1.769434e-02
    outer loop
      vertex   2.225101e+02 3.285174e+01 -1.048828e+02
      vertex   2.225418e+02 3.281033e+01 -1.048840e+02
      vertex   2.225732e+02 3.280228e+01 -1.037554e+02
    endloop
  endfacet
  facet normal -7.930782e-01 -6.088627e-01 1.769434e-02
    outer loop
      vertex   2.225101e+02 3.285174e+01 -1.048828e+02
      vertex   2.225732e+02 3.280228e+01 -1.037554e+02
      vertex   2.225414e+02 3.284369e+01 -1.037542e+02
    endloop
  endfacet
  facet normal -7.930782e-01 -6.088627e-01 1.769434e-02
    outer loop
      vertex   2.225414e+02 3.284369e+01 -1.037542e+02
      vertex   2.225732e+02 3.280228e+01 -1.037554e+02
      vertex   2.226046e+02 3.279423e+01 -1.026269e+02
    endloop
  endfacet
  facet normal -9.235426e-01 -3.828097e-01 2.293113e-02
    outer loop
      vertex   2.225842e+02 3.287583e+01 -1.014962e+02
      vertex   2.226041e+02 3.282760e+01 -1.014971e+02
      vertex   2.226355e+02 3.281955e+01 -1.003685e+02
    endloop
  endfacet
  facet normal -7.930782e-01 -6.088627e-01 1.769434e-02
    outer loop
      vertex   2.226355e+02 3.281955e+01 -1.003685e+02
      vertex   2.226041e+02 3.282760e+01 -1.014971e+02
      vertex   2.226673e+02 3.277814e+01 -1.003697e+02
    endloop
  endfacet
  facet normal -7.930782e-01 -6.088627e-01 1.769434e-02
    outer loop
      vertex   2.226355e+02 3.281955e+01 -1.003685e+02
      vertex   2.226673e+02 3.277814e+01 -1.003697e+02
      vertex   2.226986e+02 3.277009e+01 -9.924115e+01
    endloop
  endfacet
  facet normal -6.085669e-01 -7.934228e-01 1.125171e-02
    outer loop
      vertex   2.226986e+02 3.277009e+01 -9.924115e+01
      vertex   2.226673e+02 3.277814e+01 -1.003697e+02
      vertex   2.227400e+02 3.273831e+01 -9.924253e+01
    endloop
  endfacet
  facet normal -6.085669e-01 -7.934228e-01 1.125171e-02
    outer loop
      vertex   2.226986e+02 3.277009e+01 -9.924115e+01
      vertex   2.227400e+02 3.273831e+01 -9.924253e+01
      vertex   2.227714e+02 3.273027e+01 -9.811396e+01
    endloop
  endfacet
  facet normal -3.825828e-01 -9.239124e-01 4.042294e-03
    outer loop
      vertex   2.227714e+02 3.273027e+01 -9.811396e+01
      vertex   2.227400e+02 3.273831e+01 -9.924253e+01
      vertex   2.228196e+02 3.271029e+01 -9.811545e+01
    endloop
  endfacet
  facet normal -7.930782e-01 -6.088627e-01 1.769434e-02
    outer loop
      vertex   2.226673e+02 3.277814e+01 -1.003697e+02
      vertex   2.226041e+02 3.282760e+01 -1.014971e+02
      vertex   2.226359e+02 3.278618e+01 -1.014983e+02
    endloop
  endfacet
  facet normal -7.930782e-01 -6.088627e-01 1.769434e-02
    outer loop
      vertex   2.226669e+02 3.281151e+01 -9.923998e+01
      vertex   2.227300e+02 3.276204e+01 -9.811259e+01
      vertex   2.226982e+02 3.280346e+01 -9.811141e+01
    endloop
  endfacet
  facet normal -7.930782e-01 -6.088627e-01 1.769434e-02
    outer loop
      vertex   2.226982e+02 3.280346e+01 -9.811141e+01
      vertex   2.227300e+02 3.276204e+01 -9.811259e+01
      vertex   2.227613e+02 3.275400e+01 -9.698402e+01
    endloop
  endfacet
  facet normal -7.930782e-01 -6.088627e-01 1.769434e-02
    outer loop
      vertex   2.226982e+02 3.280346e+01 -9.811141e+01
      vertex   2.227613e+02 3.275400e+01 -9.698402e+01
      vertex   2.227296e+02 3.279541e+01 -9.698284e+01
    endloop
  endfacet
  facet normal -7.930782e-01 -6.088627e-01 1.769434e-02
    outer loop
      vertex   2.227296e+02 3.279541e+01 -9.698284e+01
      vertex   2.227613e+02 3.275400e+01 -9.698402e+01
      vertex   2.227927e+02 3.274595e+01 -9.585545e+01
    endloop
  endfacet
  facet normal -7.930782e-01 -6.088627e-01 1.769434e-02
    outer loop
      vertex   2.228241e+02 3.273790e+01 -9.472688e+01
      vertex   2.227923e+02 3.277932e+01 -9.472570e+01
      vertex   2.227609e+02 3.278736e+01 -9.585427e+01
    endloop
  endfacet
  facet normal -9.235426e-01 -3.828097e-01 2.293113e-02
    outer loop
      vertex   2.228350e+02 3.281146e+01 -9.246767e+01
      vertex   2.228550e+02 3.276322e+01 -9.246857e+01
      vertex   2.228864e+02 3.275518e+01 -9.134000e+01
    endloop
  endfacet
  facet normal -7.930782e-01 -6.088627e-01 1.769434e-02
    outer loop
      vertex   2.228864e+02 3.275518e+01 -9.134000e+01
      vertex   2.228550e+02 3.276322e+01 -9.246857e+01
      vertex   2.229181e+02 3.271376e+01 -9.134118e+01
    endloop
  endfacet
  facet normal -7.930782e-01 -6.088627e-01 1.769434e-02
    outer loop
      vertex   2.228864e+02 3.275518e+01 -9.134000e+01
      vertex   2.229181e+02 3.271376e+01 -9.134118e+01
      vertex   2.229495e+02 3.270571e+01 -9.021261e+01
    endloop
  endfacet
  facet normal -6.085669e-01 -7.934228e-01 1.125171e-02
    outer loop
      vertex   2.229495e+02 3.270571e+01 -9.021261e+01
      vertex   2.229181e+02 3.271376e+01 -9.134118e+01
      vertex   2.229909e+02 3.267394e+01 -9.021399e+01
    endloop
  endfacet
  facet normal -6.085669e-01 -7.934228e-01 1.125171e-02
    outer loop
      vertex   2.229495e+02 3.270571e+01 -9.021261e+01
      vertex   2.229909e+02 3.267394e+01 -9.021399e+01
      vertex   2.230222e+02 3.266589e+01 -8.908542e+01
    endloop
  endfacet
  facet normal -3.825828e-01 -9.239124e-01 4.042294e-03
    outer loop
      vertex   2.230222e+02 3.266589e+01 -8.908542e+01
      vertex   2.229909e+02 3.267394e+01 -9.021399e+01
      vertex   2.230705e+02 3.264592e+01 -8.908690e+01
    endloop
  endfacet
  facet normal -3.825828e-01 -9.239124e-01 4.042294e-03
    outer loop
      vertex   2.230222e+02 3.266589e+01 -8.908542e+01
      vertex   2.230705e+02 3.264592e+01 -8.908690e+01
      vertex   2.231018e+02 3.263787e+01 -8.795833e+01
    endloop
  endfacet
  facet normal -1.305262e-01 -9.914389e-01 -3.442599e-03
    outer loop
      vertex   2.231018e+02 3.263787e+01 -8.795833e+01
      vertex   2.230705e+02 3.264592e+01 -8.908690e+01
      vertex   2.232476e+02 3.260692e+01 -8.457412e+01
    endloop
  endfacet
  facet normal -7.930782e-01 -6.088627e-01 1.769434e-02
    outer loop
      vertex   2.229181e+02 3.271376e+01 -9.134118e+01
      vertex   2.228550e+02 3.276322e+01 -9.246857e+01
      vertex   2.228868e+02 3.272181e+01 -9.246975e+01
    endloop
  endfacet
  facet normal -7.930782e-01 -6.088627e-01 1.769434e-02
    outer loop
      vertex   2.229177e+02 3.274713e+01 -9.021143e+01
      vertex   2.229808e+02 3.269767e+01 -8.908404e+01
      vertex   2.229491e+02 3.273908e+01 -8.908286e+01
    endloop
  endfacet
  facet normal -7.930782e-01 -6.088627e-01 1.769434e-02
    outer loop
      vertex   2.229491e+02 3.273908e+01 -8.908286e+01
      vertex   2.229808e+02 3.269767e+01 -8.908404e+01
      vertex   2.230122e+02 3.268962e+01 -8.795547e+01
    endloop
  endfacet
  facet normal -7.930782e-01 -6.088627e-01 1.769434e-02
    outer loop
      vertex   2.229491e+02 3.273908e+01 -8.908286e+01
      vertex   2.230122e+02 3.268962e+01 -8.795547e+01
      vertex   2.229804e+02 3.273103e+01 -8.795430e+01
    endloop
  endfacet
  facet normal -7.930782e-01 -6.088627e-01 1.769434e-02
    outer loop
      vertex   2.229804e+02 3.273103e+01 -8.795430e+01
      vertex   2.230122e+02 3.268962e+01 -8.795547e+01
      vertex   2.230436e+02 3.268157e+01 -8.682691e+01
    endloop
  endfacet
  facet normal -7.930782e-01 -6.088627e-01 1.769434e-02
    outer loop
      vertex   2.230749e+02 3.267353e+01 -8.569834e+01
      vertex   2.230431e+02 3.271494e+01 -8.569716e+01
      vertex   2.230118e+02 3.272299e+01 -8.682573e+01
    endloop
  endfacet
  facet normal -6.085669e-01 -7.934228e-01 1.125171e-02
    outer loop
      vertex   2.222283e+02 3.289080e+01 -1.161697e+02
      vertex   2.221969e+02 3.289884e+01 -1.172982e+02
      vertex   2.222697e+02 3.285902e+01 -1.161711e+02
    endloop
  endfacet
  facet normal -6.085669e-01 -7.934228e-01 1.125171e-02
    outer loop
      vertex   2.222697e+02 3.285902e+01 -1.161711e+02
      vertex   2.221969e+02 3.289884e+01 -1.172982e+02
      vertex   2.222383e+02 3.286707e+01 -1.172996e+02
    endloop
  endfacet
  facet normal -3.825828e-01 -9.239124e-01 4.042294e-03
    outer loop
      vertex   2.222697e+02 3.285902e+01 -1.161711e+02
      vertex   2.222383e+02 3.286707e+01 -1.172996e+02
      vertex   2.223179e+02 3.283905e+01 -1.161725e+02
    endloop
  endfacet
  facet normal -3.825828e-01 -9.239124e-01 4.042294e-03
    outer loop
      vertex   2.223179e+02 3.283905e+01 -1.161725e+02
      vertex   2.222383e+02 3.286707e+01 -1.172996e+02
      vertex   2.222865e+02 3.284709e+01 -1.173011e+02
    endloop
  endfacet
  facet normal -1.305262e-01 -9.914389e-01 -3.442599e-03
    outer loop
      vertex   2.223179e+02 3.283905e+01 -1.161725e+02
      vertex   2.222865e+02 3.284709e+01 -1.173011e+02
      vertex   2.222756e+02 3.285638e+01 -1.195597e+02
    endloop
  endfacet
  facet normal -6.085669e-01 -7.934228e-01 1.125171e-02
    outer loop
      vertex   2.222910e+02 3.287470e+01 -1.139125e+02
      vertex   2.223637e+02 3.283488e+01 -1.127853e+02
      vertex   2.223223e+02 3.286665e+01 -1.127840e+02
    endloop
  endfacet
  facet normal -6.085669e-01 -7.934228e-01 1.125171e-02
    outer loop
      vertex   2.223223e+02 3.286665e+01 -1.127840e+02
      vertex   2.223637e+02 3.283488e+01 -1.127853e+02
      vertex   2.223951e+02 3.282683e+01 -1.116568e+02
    endloop
  endfacet
  facet normal -6.085669e-01 -7.934228e-01 1.125171e-02
    outer loop
      vertex   2.223223e+02 3.286665e+01 -1.127840e+02
      vertex   2.223951e+02 3.282683e+01 -1.116568e+02
      vertex   2.223537e+02 3.285861e+01 -1.116554e+02
    endloop
  endfacet
  facet normal -6.085669e-01 -7.934228e-01 1.125171e-02
    outer loop
      vertex   2.223537e+02 3.285861e+01 -1.116554e+02
      vertex   2.223951e+02 3.282683e+01 -1.116568e+02
      vertex   2.224265e+02 3.281878e+01 -1.105282e+02
    endloop
  endfacet
  facet normal -6.085669e-01 -7.934228e-01 1.125171e-02
    outer loop
      vertex   2.224791e+02 3.282642e+01 -1.071411e+02
      vertex   2.224478e+02 3.283447e+01 -1.082697e+02
      vertex   2.225205e+02 3.279464e+01 -1.071425e+02
    endloop
  endfacet
  facet normal -6.085669e-01 -7.934228e-01 1.125171e-02
    outer loop
      vertex   2.225205e+02 3.279464e+01 -1.071425e+02
      vertex   2.224478e+02 3.283447e+01 -1.082697e+02
      vertex   2.224892e+02 3.280269e+01 -1.082711e+02
    endloop
  endfacet
  facet normal -3.825828e-01 -9.239124e-01 4.042294e-03
    outer loop
      vertex   2.225205e+02 3.279464e+01 -1.071425e+02
      vertex   2.224892e+02 3.280269e+01 -1.082711e+02
      vertex   2.225687e+02 3.277467e+01 -1.071440e+02
    endloop
  endfacet
  facet normal -3.825828e-01 -9.239124e-01 4.042294e-03
    outer loop
      vertex   2.225687e+02 3.277467e+01 -1.071440e+02
      vertex   2.224892e+02 3.280269e+01 -1.082711e+02
      vertex   2.225374e+02 3.278272e+01 -1.082726e+02
    endloop
  endfacet
  facet normal -1.305262e-01 -9.914389e-01 -3.442599e-03
    outer loop
      vertex   2.225687e+02 3.277467e+01 -1.071440e+02
      vertex   2.225374e+02 3.278272e+01 -1.082726e+02
      vertex   2.222756e+02 3.285638e+01 -1.195597e+02
    endloop
  endfacet
  facet normal -6.085669e-01 -7.934228e-01 1.125171e-02
    outer loop
      vertex   2.225418e+02 3.281033e+01 -1.048840e+02
      vertex   2.226146e+02 3.277050e+01 -1.037568e+02
      vertex   2.225732e+02 3.280228e+01 -1.037554e+02
    endloop
  endfacet
  facet normal -6.085669e-01 -7.934228e-01 1.125171e-02
    outer loop
      vertex   2.225732e+02 3.280228e+01 -1.037554e+02
      vertex   2.226146e+02 3.277050e+01 -1.037568e+02
      vertex   2.226460e+02 3.276245e+01 -1.026282e+02
    endloop
  endfacet
  facet normal -6.085669e-01 -7.934228e-01 1.125171e-02
    outer loop
      vertex   2.225732e+02 3.280228e+01 -1.037554e+02
      vertex   2.226460e+02 3.276245e+01 -1.026282e+02
      vertex   2.226046e+02 3.279423e+01 -1.026269e+02
    endloop
  endfacet
  facet normal -6.085669e-01 -7.934228e-01 1.125171e-02
    outer loop
      vertex   2.226046e+02 3.279423e+01 -1.026269e+02
      vertex   2.226460e+02 3.276245e+01 -1.026282e+02
      vertex   2.226773e+02 3.275441e+01 -1.014997e+02
    endloop
  endfacet
  facet normal -6.085669e-01 -7.934228e-01 1.125171e-02
    outer loop
      vertex   2.227400e+02 3.273831e+01 -9.924253e+01
      vertex   2.226673e+02 3.277814e+01 -1.003697e+02
      vertex   2.227087e+02 3.274636e+01 -1.003711e+02
    endloop
  endfacet
  facet normal -6.085669e-01 -7.934228e-01 1.125171e-02
    outer loop
      vertex   2.227087e+02 3.274636e+01 -1.003711e+02
      vertex   2.226673e+02 3.277814e+01 -1.003697e+02
      vertex   2.226359e+02 3.278618e+01 -1.014983e+02
    endloop
  endfacet
  facet normal -6.085669e-01 -7.934228e-01 1.125171e-02
    outer loop
      vertex   2.227300e+02 3.276204e+01 -9.811259e+01
      vertex   2.228027e+02 3.272222e+01 -9.698540e+01
      vertex   2.227613e+02 3.275400e+01 -9.698402e+01
    endloop
  endfacet
  facet normal -6.085669e-01 -7.934228e-01 1.125171e-02
    outer loop
      vertex   2.227613e+02 3.275400e+01 -9.698402e+01
      vertex   2.228027e+02 3.272222e+01 -9.698540e+01
      vertex   2.228341e+02 3.271417e+01 -9.585683e+01
    endloop
  endfacet
  facet normal -6.085669e-01 -7.934228e-01 1.125171e-02
    outer loop
      vertex   2.227613e+02 3.275400e+01 -9.698402e+01
      vertex   2.228341e+02 3.271417e+01 -9.585683e+01
      vertex   2.227927e+02 3.274595e+01 -9.585545e+01
    endloop
  endfacet
  facet normal -6.085669e-01 -7.934228e-01 1.125171e-02
    outer loop
      vertex   2.227927e+02 3.274595e+01 -9.585545e+01
      vertex   2.228341e+02 3.271417e+01 -9.585683e+01
      vertex   2.228655e+02 3.270612e+01 -9.472826e+01
    endloop
  endfacet
  facet normal -6.085669e-01 -7.934228e-01 1.125171e-02
    outer loop
      vertex   2.229181e+02 3.271376e+01 -9.134118e+01
      vertex   2.228868e+02 3.272181e+01 -9.246975e+01
      vertex   2.229595e+02 3.268198e+01 -9.134256e+01
    endloop
  endfacet
  facet normal -6.085669e-01 -7.934228e-01 1.125171e-02
    outer loop
      vertex   2.229595e+02 3.268198e+01 -9.134256e+01
      vertex   2.228868e+02 3.272181e+01 -9.246975e+01
      vertex   2.229282e+02 3.269003e+01 -9.247112e+01
    endloop
  endfacet
  facet normal -3.825828e-01 -9.239124e-01 4.042294e-03
    outer loop
      vertex   2.229595e+02 3.268198e+01 -9.134256e+01
      vertex   2.229282e+02 3.269003e+01 -9.247112e+01
      vertex   2.230077e+02 3.266201e+01 -9.134404e+01
    endloop
  endfacet
  facet normal -3.825828e-01 -9.239124e-01 4.042294e-03
    outer loop
      vertex   2.230077e+02 3.266201e+01 -9.134404e+01
      vertex   2.229282e+02 3.269003e+01 -9.247112e+01
      vertex   2.229764e+02 3.267006e+01 -9.247261e+01
    endloop
  endfacet
  facet normal -1.305262e-01 -9.914389e-01 -3.442599e-03
    outer loop
      vertex   2.230077e+02 3.266201e+01 -9.134404e+01
      vertex   2.229764e+02 3.267006e+01 -9.247261e+01
      vertex   2.232476e+02 3.260692e+01 -8.457412e+01
    endloop
  endfacet
  facet normal -6.085669e-01 -7.934228e-01 1.125171e-02
    outer loop
      vertex   2.229808e+02 3.269767e+01 -8.908404e+01
      vertex   2.230536e+02 3.265784e+01 -8.795685e+01
      vertex   2.230122e+02 3.268962e+01 -8.795547e+01
    endloop
  endfacet
  facet normal -6.085669e-01 -7.934228e-01 1.125171e-02
    outer loop
      vertex   2.230122e+02 3.268962e+01 -8.795547e+01
      vertex   2.230536e+02 3.265784e+01 -8.795685e+01
      vertex   2.230850e+02 3.264980e+01 -8.682828e+01
    endloop
  endfacet
  facet normal -6.085669e-01 -7.934228e-01 1.125171e-02
    outer loop
      vertex   2.230122e+02 3.268962e+01 -8.795547e+01
      vertex   2.230850e+02 3.264980e+01 -8.682828e+01
      vertex   2.230436e+02 3.268157e+01 -8.682691e+01
    endloop
  endfacet
  facet normal -6.085669e-01 -7.934228e-01 1.125171e-02
    outer loop
      vertex   2.230436e+02 3.268157e+01 -8.682691e+01
      vertex   2.230850e+02 3.264980e+01 -8.682828e+01
      vertex   2.231163e+02 3.264175e+01 -8.569971e+01
    endloop
  endfacet
  facet normal -6.085669e-01 -7.934228e-01 1.125171e-02
    outer loop
      vertex   2.222283e+02 3.289080e+01 -1.161697e+02
      vertex   2.222697e+02 3.285902e+01 -1.161711e+02
      vertex   2.223010e+02 3.285097e+01 -1.150425e+02
    endloop
  endfacet
  facet normal -3.825828e-01 -9.239124e-01 4.042294e-03
    outer loop
      vertex   2.223010e+02 3.285097e+01 -1.150425e+02
      vertex   2.222697e+02 3.285902e+01 -1.161711e+02
      vertex   2.223492e+02 3.283100e+01 -1.150440e+02
    endloop
  endfacet
  facet normal -3.825828e-01 -9.239124e-01 4.042294e-03
    outer loop
      vertex   2.223010e+02 3.285097e+01 -1.150425e+02
      vertex   2.223492e+02 3.283100e+01 -1.150440e+02
      vertex   2.223806e+02 3.282295e+01 -1.139154e+02
    endloop
  endfacet
  facet normal -1.305262e-01 -9.914389e-01 -3.442599e-03
    outer loop
      vertex   2.223806e+02 3.282295e+01 -1.139154e+02
      vertex   2.223492e+02 3.283100e+01 -1.150440e+02
      vertex   2.222756e+02 3.285638e+01 -1.195597e+02
    endloop
  endfacet
  facet normal -3.825828e-01 -9.239124e-01 4.042294e-03
    outer loop
      vertex   2.223492e+02 3.283100e+01 -1.150440e+02
      vertex   2.222697e+02 3.285902e+01 -1.161711e+02
      vertex   2.223179e+02 3.283905e+01 -1.161725e+02
    endloop
  endfacet
  facet normal -3.825828e-01 -9.239124e-01 4.042294e-03
    outer loop
      vertex   2.224747e+02 3.279881e+01 -1.105297e+02
      vertex   2.224265e+02 3.281878e+01 -1.105282e+02
      vertex   2.223951e+02 3.282683e+01 -1.116568e+02
    endloop
  endfacet
  facet normal -3.825828e-01 -9.239124e-01 4.042294e-03
    outer loop
      vertex   2.224747e+02 3.279881e+01 -1.105297e+02
      vertex   2.223951e+02 3.282683e+01 -1.116568e+02
      vertex   2.224433e+02 3.280686e+01 -1.116583e+02
    endloop
  endfacet
  facet normal -3.825828e-01 -9.239124e-01 4.042294e-03
    outer loop
      vertex   2.224433e+02 3.280686e+01 -1.116583e+02
      vertex   2.223951e+02 3.282683e+01 -1.116568e+02
      vertex   2.223637e+02 3.283488e+01 -1.127853e+02
    endloop
  endfacet
  facet normal -6.085669e-01 -7.934228e-01 1.125171e-02
    outer loop
      vertex   2.224791e+02 3.282642e+01 -1.071411e+02
      vertex   2.225205e+02 3.279464e+01 -1.071425e+02
      vertex   2.225519e+02 3.278660e+01 -1.060139e+02
    endloop
  endfacet
  facet normal -3.825828e-01 -9.239124e-01 4.042294e-03
    outer loop
      vertex   2.225519e+02 3.278660e+01 -1.060139e+02
      vertex   2.225205e+02 3.279464e+01 -1.071425e+02
      vertex   2.226001e+02 3.276662e+01 -1.060154e+02
    endloop
  endfacet
  facet normal -3.825828e-01 -9.239124e-01 4.042294e-03
    outer loop
      vertex   2.225519e+02 3.278660e+01 -1.060139e+02
      vertex   2.226001e+02 3.276662e+01 -1.060154e+02
      vertex   2.226315e+02 3.275858e+01 -1.048869e+02
    endloop
  endfacet
  facet normal -1.305262e-01 -9.914389e-01 -3.442599e-03
    outer loop
      vertex   2.226315e+02 3.275858e+01 -1.048869e+02
      vertex   2.226001e+02 3.276662e+01 -1.060154e+02
      vertex   2.222756e+02 3.285638e+01 -1.195597e+02
    endloop
  endfacet
  facet normal -3.825828e-01 -9.239124e-01 4.042294e-03
    outer loop
      vertex   2.226001e+02 3.276662e+01 -1.060154e+02
      vertex   2.225205e+02 3.279464e+01 -1.071425e+02
      vertex   2.225687e+02 3.277467e+01 -1.071440e+02
    endloop
  endfacet
  facet normal -3.825828e-01 -9.239124e-01 4.042294e-03
    outer loop
      vertex   2.226146e+02 3.277050e+01 -1.037568e+02
      vertex   2.226942e+02 3.274248e+01 -1.026297e+02
      vertex   2.226460e+02 3.276245e+01 -1.026282e+02
    endloop
  endfacet
  facet normal -3.825828e-01 -9.239124e-01 4.042294e-03
    outer loop
      vertex   2.226460e+02 3.276245e+01 -1.026282e+02
      vertex   2.226942e+02 3.274248e+01 -1.026297e+02
      vertex   2.227255e+02 3.273443e+01 -1.015011e+02
    endloop
  endfacet
  facet normal -3.825828e-01 -9.239124e-01 4.042294e-03
    outer loop
      vertex   2.226460e+02 3.276245e+01 -1.026282e+02
      vertex   2.227255e+02 3.273443e+01 -1.015011e+02
      vertex   2.226773e+02 3.275441e+01 -1.014997e+02
    endloop
  endfacet
  facet normal -3.825828e-01 -9.239124e-01 4.042294e-03
    outer loop
      vertex   2.226773e+02 3.275441e+01 -1.014997e+02
      vertex   2.227255e+02 3.273443e+01 -1.015011e+02
      vertex   2.227569e+02 3.272639e+01 -1.003726e+02
    endloop
  endfacet
  facet normal -3.825828e-01 -9.239124e-01 4.042294e-03
    outer loop
      vertex   2.228196e+02 3.271029e+01 -9.811545e+01
      vertex   2.227400e+02 3.273831e+01 -9.924253e+01
      vertex   2.227882e+02 3.271834e+01 -9.924401e+01
    endloop
  endfacet
  facet normal -3.825828e-01 -9.239124e-01 4.042294e-03
    outer loop
      vertex   2.227882e+02 3.271834e+01 -9.924401e+01
      vertex   2.227400e+02 3.273831e+01 -9.924253e+01
      vertex   2.227087e+02 3.274636e+01 -1.003711e+02
    endloop
  endfacet
  facet normal -3.825828e-01 -9.239124e-01 4.042294e-03
    outer loop
      vertex   2.229137e+02 3.268615e+01 -9.472974e+01
      vertex   2.228655e+02 3.270612e+01 -9.472826e+01
      vertex   2.228341e+02 3.271417e+01 -9.585683e+01
    endloop
  endfacet
  facet normal -3.825828e-01 -9.239124e-01 4.042294e-03
    outer loop
      vertex   2.229137e+02 3.268615e+01 -9.472974e+01
      vertex   2.228341e+02 3.271417e+01 -9.585683e+01
      vertex   2.228823e+02 3.269420e+01 -9.585831e+01
    endloop
  endfacet
  facet normal -3.825828e-01 -9.239124e-01 4.042294e-03
    outer loop
      vertex   2.228823e+02 3.269420e+01 -9.585831e+01
      vertex   2.228341e+02 3.271417e+01 -9.585683e+01
      vertex   2.228027e+02 3.272222e+01 -9.698540e+01
    endloop
  endfacet
  facet normal -6.085669e-01 -7.934228e-01 1.125171e-02
    outer loop
      vertex   2.229181e+02 3.271376e+01 -9.134118e+01
      vertex   2.229595e+02 3.268198e+01 -9.134256e+01
      vertex   2.229909e+02 3.267394e+01 -9.021399e+01
    endloop
  endfacet
  facet normal -3.825828e-01 -9.239124e-01 4.042294e-03
    outer loop
      vertex   2.229909e+02 3.267394e+01 -9.021399e+01
      vertex   2.229595e+02 3.268198e+01 -9.134256e+01
      vertex   2.230391e+02 3.265396e+01 -9.021547e+01
    endloop
  endfacet
  facet normal -3.825828e-01 -9.239124e-01 4.042294e-03
    outer loop
      vertex   2.229909e+02 3.267394e+01 -9.021399e+01
      vertex   2.230391e+02 3.265396e+01 -9.021547e+01
      vertex   2.230705e+02 3.264592e+01 -8.908690e+01
    endloop
  endfacet
  facet normal -1.305262e-01 -9.914389e-01 -3.442599e-03
    outer loop
      vertex   2.230705e+02 3.264592e+01 -8.908690e+01
      vertex   2.230391e+02 3.265396e+01 -9.021547e+01
      vertex   2.232476e+02 3.260692e+01 -8.457412e+01
    endloop
  endfacet
  facet normal -3.825828e-01 -9.239124e-01 4.042294e-03
    outer loop
      vertex   2.230391e+02 3.265396e+01 -9.021547e+01
      vertex   2.229595e+02 3.268198e+01 -9.134256e+01
      vertex   2.230077e+02 3.266201e+01 -9.134404e+01
    endloop
  endfacet
  facet normal -3.825828e-01 -9.239124e-01 4.042294e-03
    outer loop
      vertex   2.231645e+02 3.262178e+01 -8.570120e+01
      vertex   2.231163e+02 3.264175e+01 -8.569971e+01
      vertex   2.230850e+02 3.264980e+01 -8.682828e+01
    endloop
  endfacet
  facet normal -3.825828e-01 -9.239124e-01 4.042294e-03
    outer loop
      vertex   2.231645e+02 3.262178e+01 -8.570120e+01
      vertex   2.230850e+02 3.264980e+01 -8.682828e+01
      vertex   2.231332e+02 3.262982e+01 -8.682977e+01
    endloop
  endfacet
  facet normal -3.825828e-01 -9.239124e-01 4.042294e-03
    outer loop
      vertex   2.231332e+02 3.262982e+01 -8.682977e+01
      vertex   2.230850e+02 3.264980e+01 -8.682828e+01
      vertex   2.230536e+02 3.265784e+01 -8.795685e+01
    endloop
  endfacet
  facet normal -1.305262e-01 -9.914389e-01 -3.442599e-03
    outer loop
      vertex   2.222756e+02 3.285638e+01 -1.195597e+02
      vertex   2.223492e+02 3.283100e+01 -1.150440e+02
      vertex   2.223179e+02 3.283905e+01 -1.161725e+02
    endloop
  endfacet
  facet normal -1.305262e-01 -9.914389e-01 -3.442599e-03
    outer loop
      vertex   2.222756e+02 3.285638e+01 -1.195597e+02
      vertex   2.226001e+02 3.276662e+01 -1.060154e+02
      vertex   2.225687e+02 3.277467e+01 -1.071440e+02
    endloop
  endfacet
  facet normal -1.305262e-01 -9.914389e-01 -3.442599e-03
    outer loop
      vertex   2.232476e+02 3.260692e+01 -8.457412e+01
      vertex   2.227569e+02 3.272639e+01 -1.003726e+02
      vertex   2.227255e+02 3.273443e+01 -1.015011e+02
    endloop
  endfacet
  facet normal -1.305262e-01 -9.914389e-01 -3.442599e-03
    outer loop
      vertex   2.227255e+02 3.273443e+01 -1.015011e+02
      vertex   2.226942e+02 3.274248e+01 -1.026297e+02
      vertex   2.232476e+02 3.260692e+01 -8.457412e+01
    endloop
  endfacet
  facet normal -1.305262e-01 -9.914389e-01 -3.442599e-03
    outer loop
      vertex   2.232476e+02 3.260692e+01 -8.457412e+01
      vertex   2.230391e+02 3.265396e+01 -9.021547e+01
      vertex   2.230077e+02 3.266201e+01 -9.134404e+01
    endloop
  endfacet
  facet normal 1.281755e-01 -9.917513e-01 -5.552629e-04
    outer loop
      vertex   2.268319e+02 3.260544e+01 -8.439202e+01
      vertex   2.268462e+02 3.260745e+01 -8.467410e+01
      vertex   2.268850e+02 3.261230e+01 -8.439904e+01
    endloop
  endfacet
  facet normal 1.306909e-01 -9.914227e-01 -9.152767e-04
    outer loop
      vertex   2.268850e+02 3.261230e+01 -8.439904e+01
      vertex   2.268462e+02 3.260745e+01 -8.467410e+01
      vertex   2.268980e+02 3.261427e+01 -8.467549e+01
    endloop
  endfacet
  facet normal 3.831278e-01 -9.236244e-01 1.144719e-02
    outer loop
      vertex   2.268850e+02 3.261230e+01 -8.439904e+01
      vertex   2.268980e+02 3.261427e+01 -8.467549e+01
      vertex   2.269462e+02 3.263426e+01 -8.467669e+01
    endloop
  endfacet
  facet normal 3.831278e-01 -9.236244e-01 1.144719e-02
    outer loop
      vertex   2.268850e+02 3.261230e+01 -8.439904e+01
      vertex   2.269462e+02 3.263426e+01 -8.467669e+01
      vertex   2.269329e+02 3.263224e+01 -8.439303e+01
    endloop
  endfacet
  facet normal 6.091198e-01 -7.927442e-01 2.301475e-02
    outer loop
      vertex   2.269329e+02 3.263224e+01 -8.439303e+01
      vertex   2.269462e+02 3.263426e+01 -8.467669e+01
      vertex   2.269876e+02 3.266605e+01 -8.467761e+01
    endloop
  endfacet
  facet normal 6.091198e-01 -7.927442e-01 2.301475e-02
    outer loop
      vertex   2.269329e+02 3.263224e+01 -8.439303e+01
      vertex   2.269876e+02 3.266605e+01 -8.467761e+01
      vertex   2.269740e+02 3.266398e+01 -8.438777e+01
    endloop
  endfacet
  facet normal 7.932668e-01 -6.079794e-01 3.299717e-02
    outer loop
      vertex   2.269740e+02 3.266398e+01 -8.438777e+01
      vertex   2.269876e+02 3.266605e+01 -8.467761e+01
      vertex   2.270194e+02 3.270747e+01 -8.467820e+01
    endloop
  endfacet
  facet normal 7.932668e-01 -6.079794e-01 3.299717e-02
    outer loop
      vertex   2.269740e+02 3.266398e+01 -8.438777e+01
      vertex   2.270194e+02 3.270747e+01 -8.467820e+01
      vertex   2.270055e+02 3.270538e+01 -8.438361e+01
    endloop
  endfacet
  facet normal 9.232165e-01 -3.821164e-01 4.072202e-02
    outer loop
      vertex   2.270055e+02 3.270538e+01 -8.438361e+01
      vertex   2.270194e+02 3.270747e+01 -8.467820e+01
      vertex   2.270394e+02 3.275571e+01 -8.467841e+01
    endloop
  endfacet
  facet normal 9.232165e-01 -3.821164e-01 4.072202e-02
    outer loop
      vertex   2.270055e+02 3.270538e+01 -8.438361e+01
      vertex   2.270394e+02 3.275571e+01 -8.467841e+01
      vertex   2.270254e+02 3.275359e+01 -8.438084e+01
    endloop
  endfacet
  facet normal 9.903895e-01 -1.305467e-01 4.567589e-02
    outer loop
      vertex   2.270254e+02 3.275359e+01 -8.438084e+01
      vertex   2.270394e+02 3.275571e+01 -8.467841e+01
      vertex   2.270462e+02 3.280748e+01 -8.467823e+01
    endloop
  endfacet
  facet normal 9.903895e-01 -1.305467e-01 4.567589e-02
    outer loop
      vertex   2.270254e+02 3.275359e+01 -8.438084e+01
      vertex   2.270462e+02 3.280748e+01 -8.467823e+01
      vertex   2.270321e+02 3.280535e+01 -8.437965e+01
    endloop
  endfacet
  facet normal 9.723814e-01 -1.315943e-01 1.927625e-01
    outer loop
      vertex   2.270254e+02 3.275359e+01 -8.438084e+01
      vertex   2.270321e+02 3.280535e+01 -8.437965e+01
      vertex   2.269672e+02 3.275151e+01 -8.408869e+01
    endloop
  endfacet
  facet normal 9.723814e-01 -1.315943e-01 1.927625e-01
    outer loop
      vertex   2.269672e+02 3.275151e+01 -8.408869e+01
      vertex   2.270321e+02 3.280535e+01 -8.437965e+01
      vertex   2.269737e+02 3.280326e+01 -8.408649e+01
    endloop
  endfacet
  facet normal 9.326518e-01 -1.326100e-01 3.355224e-01
    outer loop
      vertex   2.269672e+02 3.275151e+01 -8.408869e+01
      vertex   2.269737e+02 3.280326e+01 -8.408649e+01
      vertex   2.268661e+02 3.274952e+01 -8.380847e+01
    endloop
  endfacet
  facet normal 9.326518e-01 -1.326100e-01 3.355224e-01
    outer loop
      vertex   2.268661e+02 3.274952e+01 -8.380847e+01
      vertex   2.269737e+02 3.280326e+01 -8.408649e+01
      vertex   2.268723e+02 3.280126e+01 -8.380532e+01
    endloop
  endfacet
  facet normal 8.720881e-01 -1.335711e-01 4.707665e-01
    outer loop
      vertex   2.268661e+02 3.274952e+01 -8.380847e+01
      vertex   2.268723e+02 3.280126e+01 -8.380532e+01
      vertex   2.267243e+02 3.274766e+01 -8.354645e+01
    endloop
  endfacet
  facet normal 8.720881e-01 -1.335711e-01 4.707665e-01
    outer loop
      vertex   2.267243e+02 3.274766e+01 -8.354645e+01
      vertex   2.268723e+02 3.280126e+01 -8.380532e+01
      vertex   2.267301e+02 3.279939e+01 -8.354240e+01
    endloop
  endfacet
  facet normal 7.920433e-01 -1.344560e-01 5.954738e-01
    outer loop
      vertex   2.267243e+02 3.274766e+01 -8.354645e+01
      vertex   2.267301e+02 3.279939e+01 -8.354240e+01
      vertex   2.265451e+02 3.274597e+01 -8.330848e+01
    endloop
  endfacet
  facet normal 7.920433e-01 -1.344560e-01 5.954738e-01
    outer loop
      vertex   2.265451e+02 3.274597e+01 -8.330848e+01
      vertex   2.267301e+02 3.279939e+01 -8.354240e+01
      vertex   2.265503e+02 3.279770e+01 -8.330361e+01
    endloop
  endfacet
  facet normal 6.943054e-01 -1.352451e-01 7.068584e-01
    outer loop
      vertex   2.265451e+02 3.274597e+01 -8.330848e+01
      vertex   2.265503e+02 3.279770e+01 -8.330361e+01
      vertex   2.263325e+02 3.274450e+01 -8.309987e+01
    endloop
  endfacet
  facet normal 6.943054e-01 -1.352451e-01 7.068584e-01
    outer loop
      vertex   2.263325e+02 3.274450e+01 -8.309987e+01
      vertex   2.265503e+02 3.279770e+01 -8.330361e+01
      vertex   2.263369e+02 3.279622e+01 -8.309429e+01
    endloop
  endfacet
  facet normal 5.810577e-01 -1.359207e-01 8.024322e-01
    outer loop
      vertex   2.263325e+02 3.274450e+01 -8.309987e+01
      vertex   2.263369e+02 3.279622e+01 -8.309429e+01
      vertex   2.260911e+02 3.274326e+01 -8.292529e+01
    endloop
  endfacet
  facet normal 5.810577e-01 -1.359207e-01 8.024322e-01
    outer loop
      vertex   2.260911e+02 3.274326e+01 -8.292529e+01
      vertex   2.263369e+02 3.279622e+01 -8.309429e+01
      vertex   2.260947e+02 3.279498e+01 -8.291912e+01
    endloop
  endfacet
  facet normal 4.548300e-01 -1.364677e-01 8.800604e-01
    outer loop
      vertex   2.260911e+02 3.274326e+01 -8.292529e+01
      vertex   2.260947e+02 3.279498e+01 -8.291912e+01
      vertex   2.258264e+02 3.274230e+01 -8.278863e+01
    endloop
  endfacet
  facet normal 4.548300e-01 -1.364677e-01 8.800604e-01
    outer loop
      vertex   2.258264e+02 3.274230e+01 -8.278863e+01
      vertex   2.260947e+02 3.279498e+01 -8.291912e+01
      vertex   2.258291e+02 3.279402e+01 -8.278199e+01
    endloop
  endfacet
  facet normal 3.184420e-01 -1.368739e-01 9.380087e-01
    outer loop
      vertex   2.258264e+02 3.274230e+01 -8.278863e+01
      vertex   2.258291e+02 3.279402e+01 -8.278199e+01
      vertex   2.255443e+02 3.274163e+01 -8.269296e+01
    endloop
  endfacet
  facet normal 3.184420e-01 -1.368739e-01 9.380087e-01
    outer loop
      vertex   2.255443e+02 3.274163e+01 -8.269296e+01
      vertex   2.258291e+02 3.279402e+01 -8.278199e+01
      vertex   2.255460e+02 3.279335e+01 -8.268599e+01
    endloop
  endfacet
  facet normal 1.749404e-01 -1.371302e-01 9.749827e-01
    outer loop
      vertex   2.255443e+02 3.274163e+01 -8.269296e+01
      vertex   2.255460e+02 3.279335e+01 -8.268599e+01
      vertex   2.252510e+02 3.274127e+01 -8.264039e+01
    endloop
  endfacet
  facet normal 1.749404e-01 -1.371302e-01 9.749827e-01
    outer loop
      vertex   2.252510e+02 3.274127e+01 -8.264039e+01
      vertex   2.255460e+02 3.279335e+01 -8.268599e+01
      vertex   2.252517e+02 3.279299e+01 -8.263324e+01
    endloop
  endfacet
  facet normal 2.753073e-02 -1.372309e-01 9.901564e-01
    outer loop
      vertex   2.252510e+02 3.274127e+01 -8.264039e+01
      vertex   2.252517e+02 3.279299e+01 -8.263324e+01
      vertex   2.249533e+02 3.274123e+01 -8.263212e+01
    endloop
  endfacet
  facet normal 2.753073e-02 -1.372309e-01 9.901564e-01
    outer loop
      vertex   2.249533e+02 3.274123e+01 -8.263212e+01
      vertex   2.252517e+02 3.279299e+01 -8.263324e+01
      vertex   2.249529e+02 3.279294e+01 -8.262494e+01
    endloop
  endfacet
  facet normal -1.204941e-01 -1.371737e-01 9.831910e-01
    outer loop
      vertex   2.249533e+02 3.274123e+01 -8.263212e+01
      vertex   2.249529e+02 3.279294e+01 -8.262494e+01
      vertex   2.246576e+02 3.274150e+01 -8.266832e+01
    endloop
  endfacet
  facet normal -1.204941e-01 -1.371737e-01 9.831910e-01
    outer loop
      vertex   2.246576e+02 3.274150e+01 -8.266832e+01
      vertex   2.249529e+02 3.279294e+01 -8.262494e+01
      vertex   2.246562e+02 3.279322e+01 -8.266127e+01
    endloop
  endfacet
  facet normal -2.658273e-01 -1.369599e-01 9.542420e-01
    outer loop
      vertex   2.246576e+02 3.274150e+01 -8.266832e+01
      vertex   2.246562e+02 3.279322e+01 -8.266127e+01
      vertex   2.243706e+02 3.274209e+01 -8.274819e+01
    endloop
  endfacet
  facet normal -2.658273e-01 -1.369599e-01 9.542420e-01
    outer loop
      vertex   2.243706e+02 3.274209e+01 -8.274819e+01
      vertex   2.246562e+02 3.279322e+01 -8.266127e+01
      vertex   2.243683e+02 3.279380e+01 -8.274141e+01
    endloop
  endfacet
  facet normal -4.052226e-01 -1.365943e-01 9.039561e-01
    outer loop
      vertex   2.243706e+02 3.274209e+01 -8.274819e+01
      vertex   2.243683e+02 3.279380e+01 -8.274141e+01
      vertex   2.240987e+02 3.274297e+01 -8.286993e+01
    endloop
  endfacet
  facet normal -4.052226e-01 -1.365943e-01 9.039561e-01
    outer loop
      vertex   2.240987e+02 3.274297e+01 -8.286993e+01
      vertex   2.243683e+02 3.279380e+01 -8.274141e+01
      vertex   2.240954e+02 3.279469e+01 -8.286357e+01
    endloop
  endfacet
  facet normal -5.355661e-01 -1.360851e-01 8.334565e-01
    outer loop
      vertex   2.240987e+02 3.274297e+01 -8.286993e+01
      vertex   2.240954e+02 3.279469e+01 -8.286357e+01
      vertex   2.238480e+02 3.274413e+01 -8.303084e+01
    endloop
  endfacet
  facet normal -5.355661e-01 -1.360851e-01 8.334565e-01
    outer loop
      vertex   2.238480e+02 3.274413e+01 -8.303084e+01
      vertex   2.240954e+02 3.279469e+01 -8.286357e+01
      vertex   2.238439e+02 3.279585e+01 -8.302503e+01
    endloop
  endfacet
  facet normal -6.539460e-01 -1.354437e-01 7.443182e-01
    outer loop
      vertex   2.238480e+02 3.274413e+01 -8.303084e+01
      vertex   2.238439e+02 3.279585e+01 -8.302503e+01
      vertex   2.236241e+02 3.274554e+01 -8.322732e+01
    endloop
  endfacet
  facet normal -6.539460e-01 -1.354437e-01 7.443182e-01
    outer loop
      vertex   2.236241e+02 3.274554e+01 -8.322732e+01
      vertex   2.238439e+02 3.279585e+01 -8.302503e+01
      vertex   2.236192e+02 3.279727e+01 -8.322218e+01
    endloop
  endfacet
  facet normal -7.577180e-01 -1.346842e-01 6.385324e-01
    outer loop
      vertex   2.236241e+02 3.274554e+01 -8.322732e+01
      vertex   2.236192e+02 3.279727e+01 -8.322218e+01
      vertex   2.234319e+02 3.274717e+01 -8.345497e+01
    endloop
  endfacet
  facet normal -7.577180e-01 -1.346842e-01 6.385324e-01
    outer loop
      vertex   2.234319e+02 3.274717e+01 -8.345497e+01
      vertex   2.236192e+02 3.279727e+01 -8.322218e+01
      vertex   2.234264e+02 3.279891e+01 -8.345061e+01
    endloop
  endfacet
  facet normal -8.445640e-01 -1.338239e-01 5.184620e-01
    outer loop
      vertex   2.234319e+02 3.274717e+01 -8.345497e+01
      vertex   2.234264e+02 3.279891e+01 -8.345061e+01
      vertex   2.232759e+02 3.274899e+01 -8.370872e+01
    endloop
  endfacet
  facet normal -8.445640e-01 -1.338239e-01 5.184620e-01
    outer loop
      vertex   2.232759e+02 3.274899e+01 -8.370872e+01
      vertex   2.234264e+02 3.279891e+01 -8.345061e+01
      vertex   2.232698e+02 3.280073e+01 -8.370522e+01
    endloop
  endfacet
  facet normal -9.125440e-01 -1.328817e-01 3.867893e-01
    outer loop
      vertex   2.232759e+02 3.274899e+01 -8.370872e+01
      vertex   2.232698e+02 3.280073e+01 -8.370522e+01
      vertex   2.231594e+02 3.275095e+01 -8.398289e+01
    endloop
  endfacet
  facet normal -9.125440e-01 -1.328817e-01 3.867893e-01
    outer loop
      vertex   2.231594e+02 3.275095e+01 -8.398289e+01
      vertex   2.232698e+02 3.280073e+01 -8.370522e+01
      vertex   2.231529e+02 3.280270e+01 -8.398033e+01
    endloop
  endfacet
  facet normal -9.601393e-01 -1.318789e-01 2.464557e-01
    outer loop
      vertex   2.231594e+02 3.275095e+01 -8.398289e+01
      vertex   2.231529e+02 3.280270e+01 -8.398033e+01
      vertex   2.230850e+02 3.275301e+01 -8.427136e+01
    endloop
  endfacet
  facet normal -9.601393e-01 -1.318789e-01 2.464557e-01
    outer loop
      vertex   2.230850e+02 3.275301e+01 -8.427136e+01
      vertex   2.231529e+02 3.280270e+01 -8.398033e+01
      vertex   2.230783e+02 3.280477e+01 -8.426979e+01
    endloop
  endfacet
  facet normal -9.862870e-01 -1.308377e-01 1.005959e-01
    outer loop
      vertex   2.230850e+02 3.275301e+01 -8.427136e+01
      vertex   2.230783e+02 3.280477e+01 -8.426979e+01
      vertex   2.230545e+02 3.275513e+01 -8.456769e+01
    endloop
  endfacet
  facet normal -9.862870e-01 -1.308377e-01 1.005959e-01
    outer loop
      vertex   2.230545e+02 3.275513e+01 -8.456769e+01
      vertex   2.230783e+02 3.280477e+01 -8.426979e+01
      vertex   2.230477e+02 3.280689e+01 -8.456713e+01
    endloop
  endfacet
  facet normal -9.194187e-01 -3.823878e-01 9.191783e-02
    outer loop
      vertex   2.230545e+02 3.275513e+01 -8.456769e+01
      vertex   2.230745e+02 3.270689e+01 -8.456859e+01
      vertex   2.230850e+02 3.275301e+01 -8.427136e+01
    endloop
  endfacet
  facet normal -9.194187e-01 -3.823878e-01 9.191783e-02
    outer loop
      vertex   2.230850e+02 3.275301e+01 -8.427136e+01
      vertex   2.230745e+02 3.270689e+01 -8.456859e+01
      vertex   2.231047e+02 3.270480e+01 -8.427523e+01
    endloop
  endfacet
  facet normal -8.950442e-01 -3.833583e-01 2.278866e-01
    outer loop
      vertex   2.230850e+02 3.275301e+01 -8.427136e+01
      vertex   2.231047e+02 3.270480e+01 -8.427523e+01
      vertex   2.231594e+02 3.275095e+01 -8.398289e+01
    endloop
  endfacet
  facet normal -8.950442e-01 -3.833583e-01 2.278866e-01
    outer loop
      vertex   2.231594e+02 3.275095e+01 -8.398289e+01
      vertex   2.231047e+02 3.270480e+01 -8.427523e+01
      vertex   2.231783e+02 3.270276e+01 -8.398965e+01
    endloop
  endfacet
  facet normal -8.506763e-01 -3.842932e-01 3.587041e-01
    outer loop
      vertex   2.231594e+02 3.275095e+01 -8.398289e+01
      vertex   2.231783e+02 3.270276e+01 -8.398965e+01
      vertex   2.232759e+02 3.274899e+01 -8.370872e+01
    endloop
  endfacet
  facet normal -8.506763e-01 -3.842932e-01 3.587041e-01
    outer loop
      vertex   2.232759e+02 3.274899e+01 -8.370872e+01
      vertex   2.231783e+02 3.270276e+01 -8.398965e+01
      vertex   2.232936e+02 3.270082e+01 -8.371823e+01
    endloop
  endfacet
  facet normal -7.873062e-01 -3.851714e-01 4.814478e-01
    outer loop
      vertex   2.232759e+02 3.274899e+01 -8.370872e+01
      vertex   2.232936e+02 3.270082e+01 -8.371823e+01
      vertex   2.234319e+02 3.274717e+01 -8.345497e+01
    endloop
  endfacet
  facet normal -7.873062e-01 -3.851714e-01 4.814478e-01
    outer loop
      vertex   2.234319e+02 3.274717e+01 -8.345497e+01
      vertex   2.232936e+02 3.270082e+01 -8.371823e+01
      vertex   2.234481e+02 3.269902e+01 -8.346703e+01
    endloop
  endfacet
  facet normal -7.063493e-01 -3.859734e-01 5.933761e-01
    outer loop
      vertex   2.234319e+02 3.274717e+01 -8.345497e+01
      vertex   2.234481e+02 3.269902e+01 -8.346703e+01
      vertex   2.236241e+02 3.274554e+01 -8.322732e+01
    endloop
  endfacet
  facet normal -7.063493e-01 -3.859734e-01 5.933761e-01
    outer loop
      vertex   2.236241e+02 3.274554e+01 -8.322732e+01
      vertex   2.234481e+02 3.269902e+01 -8.346703e+01
      vertex   2.236383e+02 3.269741e+01 -8.324165e+01
    endloop
  endfacet
  facet normal -6.096142e-01 -3.866814e-01 6.919884e-01
    outer loop
      vertex   2.236241e+02 3.274554e+01 -8.322732e+01
      vertex   2.236383e+02 3.269741e+01 -8.324165e+01
      vertex   2.238480e+02 3.274413e+01 -8.303084e+01
    endloop
  endfacet
  facet normal -6.096142e-01 -3.866814e-01 6.919884e-01
    outer loop
      vertex   2.238480e+02 3.274413e+01 -8.303084e+01
      vertex   2.236383e+02 3.269741e+01 -8.324165e+01
      vertex   2.238600e+02 3.269601e+01 -8.304715e+01
    endloop
  endfacet
  facet normal -4.992618e-01 -3.872793e-01 7.750822e-01
    outer loop
      vertex   2.238480e+02 3.274413e+01 -8.303084e+01
      vertex   2.238600e+02 3.269601e+01 -8.304715e+01
      vertex   2.240987e+02 3.274297e+01 -8.286993e+01
    endloop
  endfacet
  facet normal -4.992618e-01 -3.872793e-01 7.750822e-01
    outer loop
      vertex   2.240987e+02 3.274297e+01 -8.286993e+01
      vertex   2.238600e+02 3.269601e+01 -8.304715e+01
      vertex   2.241082e+02 3.269486e+01 -8.288785e+01
    endloop
  endfacet
  facet normal -3.777572e-01 -3.877540e-01 8.408010e-01
    outer loop
      vertex   2.240987e+02 3.274297e+01 -8.286993e+01
      vertex   2.241082e+02 3.269486e+01 -8.288785e+01
      vertex   2.243706e+02 3.274209e+01 -8.274819e+01
    endloop
  endfacet
  facet normal -3.777572e-01 -3.877540e-01 8.408010e-01
    outer loop
      vertex   2.243706e+02 3.274209e+01 -8.274819e+01
      vertex   2.241082e+02 3.269486e+01 -8.288785e+01
      vertex   2.243773e+02 3.269399e+01 -8.276732e+01
    endloop
  endfacet
  facet normal -2.478145e-01 -3.880948e-01 8.876770e-01
    outer loop
      vertex   2.243706e+02 3.274209e+01 -8.274819e+01
      vertex   2.243773e+02 3.269399e+01 -8.276732e+01
      vertex   2.246576e+02 3.274150e+01 -8.266832e+01
    endloop
  endfacet
  facet normal -2.478145e-01 -3.880948e-01 8.876770e-01
    outer loop
      vertex   2.246576e+02 3.274150e+01 -8.266832e+01
      vertex   2.243773e+02 3.269399e+01 -8.276732e+01
      vertex   2.246615e+02 3.269341e+01 -8.268826e+01
    endloop
  endfacet
  facet normal -1.123364e-01 -3.882941e-01 9.146629e-01
    outer loop
      vertex   2.246576e+02 3.274150e+01 -8.266832e+01
      vertex   2.246615e+02 3.269341e+01 -8.268826e+01
      vertex   2.249533e+02 3.274123e+01 -8.263212e+01
    endloop
  endfacet
  facet normal -1.123364e-01 -3.882941e-01 9.146629e-01
    outer loop
      vertex   2.249533e+02 3.274123e+01 -8.263212e+01
      vertex   2.246615e+02 3.269341e+01 -8.268826e+01
      vertex   2.249542e+02 3.269314e+01 -8.265242e+01
    endloop
  endfacet
  facet normal 2.565060e-02 -3.883474e-01 9.211560e-01
    outer loop
      vertex   2.249533e+02 3.274123e+01 -8.263212e+01
      vertex   2.249542e+02 3.269314e+01 -8.265242e+01
      vertex   2.252510e+02 3.274127e+01 -8.264039e+01
    endloop
  endfacet
  facet normal 2.565060e-02 -3.883474e-01 9.211560e-01
    outer loop
      vertex   2.252510e+02 3.274127e+01 -8.264039e+01
      vertex   2.249542e+02 3.269314e+01 -8.265242e+01
      vertex   2.252490e+02 3.269318e+01 -8.266061e+01
    endloop
  endfacet
  facet normal 1.630642e-01 -3.882535e-01 9.070112e-01
    outer loop
      vertex   2.252510e+02 3.274127e+01 -8.264039e+01
      vertex   2.252490e+02 3.269318e+01 -8.266061e+01
      vertex   2.255443e+02 3.274163e+01 -8.269296e+01
    endloop
  endfacet
  facet normal 1.630642e-01 -3.882535e-01 9.070112e-01
    outer loop
      vertex   2.255443e+02 3.274163e+01 -8.269296e+01
      vertex   2.252490e+02 3.269318e+01 -8.266061e+01
      vertex   2.255393e+02 3.269354e+01 -8.271265e+01
    endloop
  endfacet
  facet normal 2.968348e-01 -3.880146e-01 8.725444e-01
    outer loop
      vertex   2.255443e+02 3.274163e+01 -8.269296e+01
      vertex   2.255393e+02 3.269354e+01 -8.271265e+01
      vertex   2.258264e+02 3.274230e+01 -8.278863e+01
    endloop
  endfacet
  facet normal 2.968348e-01 -3.880146e-01 8.725444e-01
    outer loop
      vertex   2.258264e+02 3.274230e+01 -8.278863e+01
      vertex   2.255393e+02 3.269354e+01 -8.271265e+01
      vertex   2.258186e+02 3.269420e+01 -8.280737e+01
    endloop
  endfacet
  facet normal 4.239741e-01 -3.876360e-01 8.185257e-01
    outer loop
      vertex   2.258264e+02 3.274230e+01 -8.278863e+01
      vertex   2.258186e+02 3.269420e+01 -8.280737e+01
      vertex   2.260911e+02 3.274326e+01 -8.292529e+01
    endloop
  endfacet
  facet normal 4.239741e-01 -3.876360e-01 8.185257e-01
    outer loop
      vertex   2.260911e+02 3.274326e+01 -8.292529e+01
      vertex   2.258186e+02 3.269420e+01 -8.280737e+01
      vertex   2.260806e+02 3.269515e+01 -8.294265e+01
    endloop
  endfacet
  facet normal 5.416421e-01 -3.871261e-01 7.461617e-01
    outer loop
      vertex   2.260911e+02 3.274326e+01 -8.292529e+01
      vertex   2.260806e+02 3.269515e+01 -8.294265e+01
      vertex   2.263325e+02 3.274450e+01 -8.309987e+01
    endloop
  endfacet
  facet normal 5.416421e-01 -3.871261e-01 7.461617e-01
    outer loop
      vertex   2.263325e+02 3.274450e+01 -8.309987e+01
      vertex   2.260806e+02 3.269515e+01 -8.294265e+01
      vertex   2.263196e+02 3.269637e+01 -8.311548e+01
    endloop
  endfacet
  facet normal 6.472103e-01 -3.864963e-01 6.570688e-01
    outer loop
      vertex   2.263325e+02 3.274450e+01 -8.309987e+01
      vertex   2.263196e+02 3.269637e+01 -8.311548e+01
      vertex   2.265451e+02 3.274597e+01 -8.330848e+01
    endloop
  endfacet
  facet normal 6.472103e-01 -3.864963e-01 6.570688e-01
    outer loop
      vertex   2.265451e+02 3.274597e+01 -8.330848e+01
      vertex   2.263196e+02 3.269637e+01 -8.311548e+01
      vertex   2.265301e+02 3.269783e+01 -8.332200e+01
    endloop
  endfacet
  facet normal 7.383205e-01 -3.857607e-01 5.532373e-01
    outer loop
      vertex   2.265451e+02 3.274597e+01 -8.330848e+01
      vertex   2.265301e+02 3.269783e+01 -8.332200e+01
      vertex   2.267243e+02 3.274766e+01 -8.354645e+01
    endloop
  endfacet
  facet normal 7.383205e-01 -3.857607e-01 5.532373e-01
    outer loop
      vertex   2.267243e+02 3.274766e+01 -8.354645e+01
      vertex   2.265301e+02 3.269783e+01 -8.332200e+01
      vertex   2.267075e+02 3.269950e+01 -8.355759e+01
    endloop
  endfacet
  facet normal 8.129373e-01 -3.849358e-01 4.369866e-01
    outer loop
      vertex   2.267243e+02 3.274766e+01 -8.354645e+01
      vertex   2.267075e+02 3.269950e+01 -8.355759e+01
      vertex   2.268661e+02 3.274952e+01 -8.380847e+01
    endloop
  endfacet
  facet normal 8.129373e-01 -3.849358e-01 4.369866e-01
    outer loop
      vertex   2.268661e+02 3.274952e+01 -8.380847e+01
      vertex   2.267075e+02 3.269950e+01 -8.355759e+01
      vertex   2.268478e+02 3.270134e+01 -8.381698e+01
    endloop
  endfacet
  facet normal 8.693941e-01 -3.840399e-01 3.109136e-01
    outer loop
      vertex   2.268661e+02 3.274952e+01 -8.380847e+01
      vertex   2.268478e+02 3.270134e+01 -8.381698e+01
      vertex   2.269672e+02 3.275151e+01 -8.408869e+01
    endloop
  endfacet
  facet normal 8.693941e-01 -3.840399e-01 3.109136e-01
    outer loop
      vertex   2.269672e+02 3.275151e+01 -8.408869e+01
      vertex   2.268478e+02 3.270134e+01 -8.381698e+01
      vertex   2.269479e+02 3.270332e+01 -8.409439e+01
    endloop
  endfacet
  facet normal 9.064296e-01 -3.830931e-01 1.778345e-01
    outer loop
      vertex   2.269672e+02 3.275151e+01 -8.408869e+01
      vertex   2.269479e+02 3.270332e+01 -8.409439e+01
      vertex   2.270254e+02 3.275359e+01 -8.438084e+01
    endloop
  endfacet
  facet normal 9.064296e-01 -3.830931e-01 1.778345e-01
    outer loop
      vertex   2.270254e+02 3.275359e+01 -8.438084e+01
      vertex   2.269479e+02 3.270332e+01 -8.409439e+01
      vertex   2.270055e+02 3.270538e+01 -8.438361e+01
    endloop
  endfacet
  facet normal -7.900319e-01 -6.082125e-01 7.698757e-02
    outer loop
      vertex   2.230745e+02 3.270689e+01 -8.456859e+01
      vertex   2.231063e+02 3.266548e+01 -8.456977e+01
      vertex   2.231047e+02 3.270480e+01 -8.427523e+01
    endloop
  endfacet
  facet normal -7.900319e-01 -6.082125e-01 7.698757e-02
    outer loop
      vertex   2.231047e+02 3.270480e+01 -8.427523e+01
      vertex   2.231063e+02 3.266548e+01 -8.456977e+01
      vertex   2.231360e+02 3.266342e+01 -8.428114e+01
    endloop
  endfacet
  facet normal -7.690880e-01 -6.090464e-01 1.938198e-01
    outer loop
      vertex   2.231047e+02 3.270480e+01 -8.427523e+01
      vertex   2.231360e+02 3.266342e+01 -8.428114e+01
      vertex   2.231783e+02 3.270276e+01 -8.398965e+01
    endloop
  endfacet
  facet normal -7.690880e-01 -6.090464e-01 1.938198e-01
    outer loop
      vertex   2.231783e+02 3.270276e+01 -8.398965e+01
      vertex   2.231360e+02 3.266342e+01 -8.428114e+01
      vertex   2.232084e+02 3.266141e+01 -8.400016e+01
    endloop
  endfacet
  facet normal -7.309645e-01 -6.098497e-01 3.062257e-01
    outer loop
      vertex   2.231783e+02 3.270276e+01 -8.398965e+01
      vertex   2.232084e+02 3.266141e+01 -8.400016e+01
      vertex   2.232936e+02 3.270082e+01 -8.371823e+01
    endloop
  endfacet
  facet normal -7.309645e-01 -6.098497e-01 3.062257e-01
    outer loop
      vertex   2.232936e+02 3.270082e+01 -8.371823e+01
      vertex   2.232084e+02 3.266141e+01 -8.400016e+01
      vertex   2.233219e+02 3.265950e+01 -8.373310e+01
    endloop
  endfacet
  facet normal -6.765132e-01 -6.106044e-01 4.116943e-01
    outer loop
      vertex   2.232936e+02 3.270082e+01 -8.371823e+01
      vertex   2.233219e+02 3.265950e+01 -8.373310e+01
      vertex   2.234481e+02 3.269902e+01 -8.346703e+01
    endloop
  endfacet
  facet normal -6.765132e-01 -6.106044e-01 4.116943e-01
    outer loop
      vertex   2.234481e+02 3.269902e+01 -8.346703e+01
      vertex   2.233219e+02 3.265950e+01 -8.373310e+01
      vertex   2.234739e+02 3.265773e+01 -8.348595e+01
    endloop
  endfacet
  facet normal -6.069504e-01 -6.112935e-01 5.078695e-01
    outer loop
      vertex   2.234481e+02 3.269902e+01 -8.346703e+01
      vertex   2.234739e+02 3.265773e+01 -8.348595e+01
      vertex   2.236383e+02 3.269741e+01 -8.324165e+01
    endloop
  endfacet
  facet normal -6.069504e-01 -6.112935e-01 5.078695e-01
    outer loop
      vertex   2.236383e+02 3.269741e+01 -8.324165e+01
      vertex   2.234739e+02 3.265773e+01 -8.348595e+01
      vertex   2.236610e+02 3.265614e+01 -8.326420e+01
    endloop
  endfacet
  facet normal -5.238300e-01 -6.119018e-01 5.926030e-01
    outer loop
      vertex   2.236383e+02 3.269741e+01 -8.324165e+01
      vertex   2.236610e+02 3.265614e+01 -8.326420e+01
      vertex   2.238600e+02 3.269601e+01 -8.304715e+01
    endloop
  endfacet
  facet normal -5.238300e-01 -6.119018e-01 5.926030e-01
    outer loop
      vertex   2.238600e+02 3.269601e+01 -8.304715e+01
      vertex   2.236610e+02 3.265614e+01 -8.326420e+01
      vertex   2.238791e+02 3.265477e+01 -8.307283e+01
    endloop
  endfacet
  facet normal -4.290089e-01 -6.124156e-01 6.640019e-01
    outer loop
      vertex   2.238600e+02 3.269601e+01 -8.304715e+01
      vertex   2.238791e+02 3.265477e+01 -8.307283e+01
      vertex   2.241082e+02 3.269486e+01 -8.288785e+01
    endloop
  endfacet
  facet normal -4.290089e-01 -6.124156e-01 6.640019e-01
    outer loop
      vertex   2.241082e+02 3.269486e+01 -8.288785e+01
      vertex   2.238791e+02 3.265477e+01 -8.307283e+01
      vertex   2.241233e+02 3.265364e+01 -8.291610e+01
    endloop
  endfacet
  facet normal -3.246050e-01 -6.128235e-01 7.204713e-01
    outer loop
      vertex   2.241082e+02 3.269486e+01 -8.288785e+01
      vertex   2.241233e+02 3.265364e+01 -8.291610e+01
      vertex   2.243773e+02 3.269399e+01 -8.276732e+01
    endloop
  endfacet
  facet normal -3.246050e-01 -6.128235e-01 7.204713e-01
    outer loop
      vertex   2.243773e+02 3.269399e+01 -8.276732e+01
      vertex   2.241233e+02 3.265364e+01 -8.291610e+01
      vertex   2.243881e+02 3.265278e+01 -8.279752e+01
    endloop
  endfacet
  facet normal -2.129507e-01 -6.131163e-01 7.607499e-01
    outer loop
      vertex   2.243773e+02 3.269399e+01 -8.276732e+01
      vertex   2.243881e+02 3.265278e+01 -8.279752e+01
      vertex   2.246615e+02 3.269341e+01 -8.268826e+01
    endloop
  endfacet
  facet normal -2.129507e-01 -6.131163e-01 7.607499e-01
    outer loop
      vertex   2.246615e+02 3.269341e+01 -8.268826e+01
      vertex   2.243881e+02 3.265278e+01 -8.279752e+01
      vertex   2.246677e+02 3.265221e+01 -8.271972e+01
    endloop
  endfacet
  facet normal -9.654016e-02 -6.132875e-01 7.839378e-01
    outer loop
      vertex   2.246615e+02 3.269341e+01 -8.268826e+01
      vertex   2.246677e+02 3.265221e+01 -8.271972e+01
      vertex   2.249542e+02 3.269314e+01 -8.265242e+01
    endloop
  endfacet
  facet normal -9.654016e-02 -6.132875e-01 7.839378e-01
    outer loop
      vertex   2.249542e+02 3.269314e+01 -8.265242e+01
      vertex   2.246677e+02 3.265221e+01 -8.271972e+01
      vertex   2.249557e+02 3.265194e+01 -8.268446e+01
    endloop
  endfacet
  facet normal 2.202626e-02 -6.133333e-01 7.895170e-01
    outer loop
      vertex   2.249542e+02 3.269314e+01 -8.265242e+01
      vertex   2.249557e+02 3.265194e+01 -8.268446e+01
      vertex   2.252490e+02 3.269318e+01 -8.266061e+01
    endloop
  endfacet
  facet normal 2.202626e-02 -6.133333e-01 7.895170e-01
    outer loop
      vertex   2.252490e+02 3.269318e+01 -8.266061e+01
      vertex   2.249557e+02 3.265194e+01 -8.268446e+01
      vertex   2.252457e+02 3.265199e+01 -8.269252e+01
    endloop
  endfacet
  facet normal 1.401000e-01 -6.132527e-01 7.773629e-01
    outer loop
      vertex   2.252490e+02 3.269318e+01 -8.266061e+01
      vertex   2.252457e+02 3.265199e+01 -8.269252e+01
      vertex   2.255393e+02 3.269354e+01 -8.271265e+01
    endloop
  endfacet
  facet normal 1.401000e-01 -6.132527e-01 7.773629e-01
    outer loop
      vertex   2.255393e+02 3.269354e+01 -8.271265e+01
      vertex   2.252457e+02 3.265199e+01 -8.269252e+01
      vertex   2.255314e+02 3.265234e+01 -8.274372e+01
    endloop
  endfacet
  facet normal 2.550434e-01 -6.130474e-01 7.477471e-01
    outer loop
      vertex   2.255393e+02 3.269354e+01 -8.271265e+01
      vertex   2.255314e+02 3.265234e+01 -8.274372e+01
      vertex   2.258186e+02 3.269420e+01 -8.280737e+01
    endloop
  endfacet
  facet normal 2.550434e-01 -6.130474e-01 7.477471e-01
    outer loop
      vertex   2.258186e+02 3.269420e+01 -8.280737e+01
      vertex   2.255314e+02 3.265234e+01 -8.274372e+01
      vertex   2.258061e+02 3.265299e+01 -8.283691e+01
    endloop
  endfacet
  facet normal 3.642889e-01 -6.127221e-01 7.013311e-01
    outer loop
      vertex   2.258186e+02 3.269420e+01 -8.280737e+01
      vertex   2.258061e+02 3.265299e+01 -8.283691e+01
      vertex   2.260806e+02 3.269515e+01 -8.294265e+01
    endloop
  endfacet
  facet normal 3.642889e-01 -6.127221e-01 7.013311e-01
    outer loop
      vertex   2.260806e+02 3.269515e+01 -8.294265e+01
      vertex   2.258061e+02 3.265299e+01 -8.283691e+01
      vertex   2.260640e+02 3.265392e+01 -8.297002e+01
    endloop
  endfacet
  facet normal 4.653960e-01 -6.122839e-01 6.391517e-01
    outer loop
      vertex   2.260806e+02 3.269515e+01 -8.294265e+01
      vertex   2.260640e+02 3.265392e+01 -8.297002e+01
      vertex   2.263196e+02 3.269637e+01 -8.311548e+01
    endloop
  endfacet
  facet normal 4.653960e-01 -6.122839e-01 6.391517e-01
    outer loop
      vertex   2.263196e+02 3.269637e+01 -8.311548e+01
      vertex   2.260640e+02 3.265392e+01 -8.297002e+01
      vertex   2.262991e+02 3.265512e+01 -8.314007e+01
    endloop
  endfacet
  facet normal 5.561063e-01 -6.117428e-01 5.625980e-01
    outer loop
      vertex   2.263196e+02 3.269637e+01 -8.311548e+01
      vertex   2.262991e+02 3.265512e+01 -8.314007e+01
      vertex   2.265301e+02 3.269783e+01 -8.332200e+01
    endloop
  endfacet
  facet normal 5.561063e-01 -6.117428e-01 5.625980e-01
    outer loop
      vertex   2.265301e+02 3.269783e+01 -8.332200e+01
      vertex   2.262991e+02 3.265512e+01 -8.314007e+01
      vertex   2.265062e+02 3.265656e+01 -8.334326e+01
    endloop
  endfacet
  facet normal 6.343935e-01 -6.111107e-01 4.733800e-01
    outer loop
      vertex   2.265301e+02 3.269783e+01 -8.332200e+01
      vertex   2.265062e+02 3.265656e+01 -8.334326e+01
      vertex   2.267075e+02 3.269950e+01 -8.355759e+01
    endloop
  endfacet
  facet normal 6.343935e-01 -6.111107e-01 4.733800e-01
    outer loop
      vertex   2.267075e+02 3.269950e+01 -8.355759e+01
      vertex   2.265062e+02 3.265656e+01 -8.334326e+01
      vertex   2.266808e+02 3.265821e+01 -8.357505e+01
    endloop
  endfacet
  facet normal 6.985086e-01 -6.104019e-01 3.734907e-01
    outer loop
      vertex   2.267075e+02 3.269950e+01 -8.355759e+01
      vertex   2.266808e+02 3.265821e+01 -8.357505e+01
      vertex   2.268478e+02 3.270134e+01 -8.381698e+01
    endloop
  endfacet
  facet normal 6.985086e-01 -6.104019e-01 3.734907e-01
    outer loop
      vertex   2.268478e+02 3.270134e+01 -8.381698e+01
      vertex   2.266808e+02 3.265821e+01 -8.357505e+01
      vertex   2.268188e+02 3.266002e+01 -8.383026e+01
    endloop
  endfacet
  facet normal 7.470195e-01 -6.096321e-01 2.651614e-01
    outer loop
      vertex   2.268478e+02 3.270134e+01 -8.381698e+01
      vertex   2.268188e+02 3.266002e+01 -8.383026e+01
      vertex   2.269479e+02 3.270332e+01 -8.409439e+01
    endloop
  endfacet
  facet normal 7.470195e-01 -6.096321e-01 2.651614e-01
    outer loop
      vertex   2.269479e+02 3.270332e+01 -8.409439e+01
      vertex   2.268188e+02 3.266002e+01 -8.383026e+01
      vertex   2.269173e+02 3.266196e+01 -8.410321e+01
    endloop
  endfacet
  facet normal 7.788425e-01 -6.088185e-01 1.508121e-01
    outer loop
      vertex   2.269479e+02 3.270332e+01 -8.409439e+01
      vertex   2.269173e+02 3.266196e+01 -8.410321e+01
      vertex   2.270055e+02 3.270538e+01 -8.438361e+01
    endloop
  endfacet
  facet normal 7.788425e-01 -6.088185e-01 1.508121e-01
    outer loop
      vertex   2.270055e+02 3.270538e+01 -8.438361e+01
      vertex   2.269173e+02 3.266196e+01 -8.410321e+01
      vertex   2.269740e+02 3.266398e+01 -8.438777e+01
    endloop
  endfacet
  facet normal -6.066689e-01 -7.929232e-01 5.679425e-02
    outer loop
      vertex   2.231063e+02 3.266548e+01 -8.456977e+01
      vertex   2.231477e+02 3.263370e+01 -8.457115e+01
      vertex   2.231360e+02 3.266342e+01 -8.428114e+01
    endloop
  endfacet
  facet normal -6.066689e-01 -7.929232e-01 5.679425e-02
    outer loop
      vertex   2.231360e+02 3.266342e+01 -8.428114e+01
      vertex   2.231477e+02 3.263370e+01 -8.457115e+01
      vertex   2.231768e+02 3.263169e+01 -8.428867e+01
    endloop
  endfacet
  facet normal -5.905864e-01 -7.935636e-01 1.465078e-01
    outer loop
      vertex   2.231360e+02 3.266342e+01 -8.428114e+01
      vertex   2.231768e+02 3.263169e+01 -8.428867e+01
      vertex   2.232084e+02 3.266141e+01 -8.400016e+01
    endloop
  endfacet
  facet normal -5.905864e-01 -7.935636e-01 1.465078e-01
    outer loop
      vertex   2.232084e+02 3.266141e+01 -8.400016e+01
      vertex   2.231768e+02 3.263169e+01 -8.428867e+01
      vertex   2.232476e+02 3.262972e+01 -8.401369e+01
    endloop
  endfacet
  facet normal -5.613120e-01 -7.941804e-01 2.328224e-01
    outer loop
      vertex   2.232084e+02 3.266141e+01 -8.400016e+01
      vertex   2.232476e+02 3.262972e+01 -8.401369e+01
      vertex   2.233219e+02 3.265950e+01 -8.373310e+01
    endloop
  endfacet
  facet normal -5.613120e-01 -7.941804e-01 2.328224e-01
    outer loop
      vertex   2.233219e+02 3.265950e+01 -8.373310e+01
      vertex   2.232476e+02 3.262972e+01 -8.401369e+01
      vertex   2.233587e+02 3.262785e+01 -8.375233e+01
    endloop
  endfacet
  facet normal -5.194998e-01 -7.947599e-01 3.138099e-01
    outer loop
      vertex   2.233219e+02 3.265950e+01 -8.373310e+01
      vertex   2.233587e+02 3.262785e+01 -8.375233e+01
      vertex   2.234739e+02 3.265773e+01 -8.348595e+01
    endloop
  endfacet
  facet normal -5.194998e-01 -7.947599e-01 3.138099e-01
    outer loop
      vertex   2.234739e+02 3.265773e+01 -8.348595e+01
      vertex   2.233587e+02 3.262785e+01 -8.375233e+01
      vertex   2.235074e+02 3.262612e+01 -8.351045e+01
    endloop
  endfacet
  facet normal -4.660836e-01 -7.952891e-01 3.876613e-01
    outer loop
      vertex   2.234739e+02 3.265773e+01 -8.348595e+01
      vertex   2.235074e+02 3.262612e+01 -8.351045e+01
      vertex   2.236610e+02 3.265614e+01 -8.326420e+01
    endloop
  endfacet
  facet normal -4.660836e-01 -7.952891e-01 3.876613e-01
    outer loop
      vertex   2.236610e+02 3.265614e+01 -8.326420e+01
      vertex   2.235074e+02 3.262612e+01 -8.351045e+01
      vertex   2.236906e+02 3.262457e+01 -8.329344e+01
    endloop
  endfacet
  facet normal -4.022569e-01 -7.957562e-01 4.527267e-01
    outer loop
      vertex   2.236610e+02 3.265614e+01 -8.326420e+01
      vertex   2.236906e+02 3.262457e+01 -8.329344e+01
      vertex   2.238791e+02 3.265477e+01 -8.307283e+01
    endloop
  endfacet
  facet normal -4.022569e-01 -7.957562e-01 4.527267e-01
    outer loop
      vertex   2.238791e+02 3.265477e+01 -8.307283e+01
      vertex   2.236906e+02 3.262457e+01 -8.329344e+01
      vertex   2.239040e+02 3.262322e+01 -8.310615e+01
    endloop
  endfacet
  facet normal -3.294453e-01 -7.961508e-01 5.075527e-01
    outer loop
      vertex   2.238791e+02 3.265477e+01 -8.307283e+01
      vertex   2.239040e+02 3.262322e+01 -8.310615e+01
      vertex   2.241233e+02 3.265364e+01 -8.291610e+01
    endloop
  endfacet
  facet normal -3.294453e-01 -7.961508e-01 5.075527e-01
    outer loop
      vertex   2.241233e+02 3.265364e+01 -8.291610e+01
      vertex   2.239040e+02 3.262322e+01 -8.310615e+01
      vertex   2.241430e+02 3.262211e+01 -8.295276e+01
    endloop
  endfacet
  facet normal -2.492753e-01 -7.964639e-01 5.509147e-01
    outer loop
      vertex   2.241233e+02 3.265364e+01 -8.291610e+01
      vertex   2.241430e+02 3.262211e+01 -8.295276e+01
      vertex   2.243881e+02 3.265278e+01 -8.279752e+01
    endloop
  endfacet
  facet normal -2.492753e-01 -7.964639e-01 5.509147e-01
    outer loop
      vertex   2.243881e+02 3.265278e+01 -8.279752e+01
      vertex   2.241430e+02 3.262211e+01 -8.295276e+01
      vertex   2.244022e+02 3.262127e+01 -8.283670e+01
    endloop
  endfacet
  facet normal -1.635379e-01 -7.966888e-01 5.818439e-01
    outer loop
      vertex   2.243881e+02 3.265278e+01 -8.279752e+01
      vertex   2.244022e+02 3.262127e+01 -8.283670e+01
      vertex   2.246677e+02 3.265221e+01 -8.271972e+01
    endloop
  endfacet
  facet normal -1.635379e-01 -7.966888e-01 5.818439e-01
    outer loop
      vertex   2.246677e+02 3.265221e+01 -8.271972e+01
      vertex   2.244022e+02 3.262127e+01 -8.283670e+01
      vertex   2.246758e+02 3.262072e+01 -8.276057e+01
    endloop
  endfacet
  facet normal -7.414814e-02 -7.968203e-01 5.996495e-01
    outer loop
      vertex   2.246677e+02 3.265221e+01 -8.271972e+01
      vertex   2.246758e+02 3.262072e+01 -8.276057e+01
      vertex   2.249557e+02 3.265194e+01 -8.268446e+01
    endloop
  endfacet
  facet normal -7.414814e-02 -7.968203e-01 5.996495e-01
    outer loop
      vertex   2.249557e+02 3.265194e+01 -8.268446e+01
      vertex   2.246758e+02 3.262072e+01 -8.276057e+01
      vertex   2.249576e+02 3.262046e+01 -8.272606e+01
    endloop
  endfacet
  facet normal 1.689704e-02 -7.968554e-01 6.039337e-01
    outer loop
      vertex   2.249557e+02 3.265194e+01 -8.268446e+01
      vertex   2.249576e+02 3.262046e+01 -8.272606e+01
      vertex   2.252457e+02 3.265199e+01 -8.269252e+01
    endloop
  endfacet
  facet normal 1.689704e-02 -7.968554e-01 6.039337e-01
    outer loop
      vertex   2.252457e+02 3.265199e+01 -8.269252e+01
      vertex   2.249576e+02 3.262046e+01 -8.272606e+01
      vertex   2.252415e+02 3.262050e+01 -8.273395e+01
    endloop
  endfacet
  facet normal 1.075639e-01 -7.967935e-01 5.946008e-01
    outer loop
      vertex   2.252457e+02 3.265199e+01 -8.269252e+01
      vertex   2.252415e+02 3.262050e+01 -8.273395e+01
      vertex   2.255314e+02 3.265234e+01 -8.274372e+01
    endloop
  endfacet
  facet normal 1.075639e-01 -7.967935e-01 5.946008e-01
    outer loop
      vertex   2.255314e+02 3.265234e+01 -8.274372e+01
      vertex   2.252415e+02 3.262050e+01 -8.273395e+01
      vertex   2.255210e+02 3.262084e+01 -8.278406e+01
    endloop
  endfacet
  facet normal 1.958270e-01 -7.966359e-01 5.718593e-01
    outer loop
      vertex   2.255314e+02 3.265234e+01 -8.274372e+01
      vertex   2.255210e+02 3.262084e+01 -8.278406e+01
      vertex   2.258061e+02 3.265299e+01 -8.283691e+01
    endloop
  endfacet
  facet normal 1.958270e-01 -7.966359e-01 5.718593e-01
    outer loop
      vertex   2.258061e+02 3.265299e+01 -8.283691e+01
      vertex   2.255210e+02 3.262084e+01 -8.278406e+01
      vertex   2.257899e+02 3.262148e+01 -8.287526e+01
    endloop
  endfacet
  facet normal 2.797148e-01 -7.963861e-01 5.362172e-01
    outer loop
      vertex   2.258061e+02 3.265299e+01 -8.283691e+01
      vertex   2.257899e+02 3.262148e+01 -8.287526e+01
      vertex   2.260640e+02 3.265392e+01 -8.297002e+01
    endloop
  endfacet
  facet normal 2.797148e-01 -7.963861e-01 5.362172e-01
    outer loop
      vertex   2.260640e+02 3.265392e+01 -8.297002e+01
      vertex   2.257899e+02 3.262148e+01 -8.287526e+01
      vertex   2.260423e+02 3.262239e+01 -8.300553e+01
    endloop
  endfacet
  facet normal 3.573533e-01 -7.960496e-01 4.884707e-01
    outer loop
      vertex   2.260640e+02 3.265392e+01 -8.297002e+01
      vertex   2.260423e+02 3.262239e+01 -8.300553e+01
      vertex   2.262991e+02 3.265512e+01 -8.314007e+01
    endloop
  endfacet
  facet normal 3.573533e-01 -7.960496e-01 4.884707e-01
    outer loop
      vertex   2.262991e+02 3.265512e+01 -8.314007e+01
      vertex   2.260423e+02 3.262239e+01 -8.300553e+01
      vertex   2.262724e+02 3.262357e+01 -8.317195e+01
    endloop
  endfacet
  facet normal 4.270082e-01 -7.956341e-01 4.296864e-01
    outer loop
      vertex   2.262991e+02 3.265512e+01 -8.314007e+01
      vertex   2.262724e+02 3.262357e+01 -8.317195e+01
      vertex   2.265062e+02 3.265656e+01 -8.334326e+01
    endloop
  endfacet
  facet normal 4.270082e-01 -7.956341e-01 4.296864e-01
    outer loop
      vertex   2.265062e+02 3.265656e+01 -8.334326e+01
      vertex   2.262724e+02 3.262357e+01 -8.317195e+01
      vertex   2.264751e+02 3.262498e+01 -8.337080e+01
    endloop
  endfacet
  facet normal 4.871236e-01 -7.951488e-01 3.611774e-01
    outer loop
      vertex   2.265062e+02 3.265656e+01 -8.334326e+01
      vertex   2.264751e+02 3.262498e+01 -8.337080e+01
      vertex   2.266808e+02 3.265821e+01 -8.357505e+01
    endloop
  endfacet
  facet normal 4.871236e-01 -7.951488e-01 3.611774e-01
    outer loop
      vertex   2.266808e+02 3.265821e+01 -8.357505e+01
      vertex   2.264751e+02 3.262498e+01 -8.337080e+01
      vertex   2.266459e+02 3.262658e+01 -8.359765e+01
    endloop
  endfacet
  facet normal 5.363565e-01 -7.946044e-01 2.844740e-01
    outer loop
      vertex   2.266808e+02 3.265821e+01 -8.357505e+01
      vertex   2.266459e+02 3.262658e+01 -8.359765e+01
      vertex   2.268188e+02 3.266002e+01 -8.383026e+01
    endloop
  endfacet
  facet normal 5.363565e-01 -7.946044e-01 2.844740e-01
    outer loop
      vertex   2.268188e+02 3.266002e+01 -8.383026e+01
      vertex   2.266459e+02 3.262658e+01 -8.359765e+01
      vertex   2.267810e+02 3.262836e+01 -8.384742e+01
    endloop
  endfacet
  facet normal 5.736072e-01 -7.940133e-01 2.012898e-01
    outer loop
      vertex   2.268188e+02 3.266002e+01 -8.383026e+01
      vertex   2.267810e+02 3.262836e+01 -8.384742e+01
      vertex   2.269173e+02 3.266196e+01 -8.410321e+01
    endloop
  endfacet
  facet normal 5.736072e-01 -7.940133e-01 2.012898e-01
    outer loop
      vertex   2.269173e+02 3.266196e+01 -8.410321e+01
      vertex   2.267810e+02 3.262836e+01 -8.384742e+01
      vertex   2.268774e+02 3.263026e+01 -8.411454e+01
    endloop
  endfacet
  facet normal 5.980436e-01 -7.933886e-01 1.134829e-01
    outer loop
      vertex   2.269173e+02 3.266196e+01 -8.410321e+01
      vertex   2.268774e+02 3.263026e+01 -8.411454e+01
      vertex   2.269740e+02 3.266398e+01 -8.438777e+01
    endloop
  endfacet
  facet normal 5.980436e-01 -7.933886e-01 1.134829e-01
    outer loop
      vertex   2.269740e+02 3.266398e+01 -8.438777e+01
      vertex   2.268774e+02 3.263026e+01 -8.411454e+01
      vertex   2.269329e+02 3.263224e+01 -8.439303e+01
    endloop
  endfacet
  facet normal -3.816294e-01 -9.237370e-01 3.269522e-02
    outer loop
      vertex   2.231477e+02 3.263370e+01 -8.457115e+01
      vertex   2.231959e+02 3.261373e+01 -8.457263e+01
      vertex   2.231768e+02 3.263169e+01 -8.428867e+01
    endloop
  endfacet
  facet normal -3.816294e-01 -9.237370e-01 3.269522e-02
    outer loop
      vertex   2.231768e+02 3.263169e+01 -8.428867e+01
      vertex   2.231959e+02 3.261373e+01 -8.457263e+01
      vertex   2.232242e+02 3.261176e+01 -8.429733e+01
    endloop
  endfacet
  facet normal -3.715131e-01 -9.241398e-01 8.912697e-02
    outer loop
      vertex   2.231768e+02 3.263169e+01 -8.428867e+01
      vertex   2.232242e+02 3.261176e+01 -8.429733e+01
      vertex   2.232476e+02 3.262972e+01 -8.401369e+01
    endloop
  endfacet
  facet normal -3.715131e-01 -9.241398e-01 8.912697e-02
    outer loop
      vertex   2.232476e+02 3.262972e+01 -8.401369e+01
      vertex   2.232242e+02 3.261176e+01 -8.429733e+01
      vertex   2.232933e+02 3.260985e+01 -8.402932e+01
    endloop
  endfacet
  facet normal -3.530989e-01 -9.245278e-01 1.434207e-01
    outer loop
      vertex   2.232476e+02 3.262972e+01 -8.401369e+01
      vertex   2.232933e+02 3.260985e+01 -8.402932e+01
      vertex   2.233587e+02 3.262785e+01 -8.375233e+01
    endloop
  endfacet
  facet normal -3.530989e-01 -9.245278e-01 1.434207e-01
    outer loop
      vertex   2.233587e+02 3.262785e+01 -8.375233e+01
      vertex   2.232933e+02 3.260985e+01 -8.402932e+01
      vertex   2.234015e+02 3.260803e+01 -8.377460e+01
    endloop
  endfacet
  facet normal -3.267981e-01 -9.248923e-01 1.943636e-01
    outer loop
      vertex   2.233587e+02 3.262785e+01 -8.375233e+01
      vertex   2.234015e+02 3.260803e+01 -8.377460e+01
      vertex   2.235074e+02 3.262612e+01 -8.351045e+01
    endloop
  endfacet
  facet normal -3.267981e-01 -9.248923e-01 1.943636e-01
    outer loop
      vertex   2.235074e+02 3.262612e+01 -8.351045e+01
      vertex   2.234015e+02 3.260803e+01 -8.377460e+01
      vertex   2.235465e+02 3.260634e+01 -8.353886e+01
    endloop
  endfacet
  facet normal -2.931982e-01 -9.252252e-01 2.408177e-01
    outer loop
      vertex   2.235074e+02 3.262612e+01 -8.351045e+01
      vertex   2.235465e+02 3.260634e+01 -8.353886e+01
      vertex   2.236906e+02 3.262457e+01 -8.329344e+01
    endloop
  endfacet
  facet normal -2.931982e-01 -9.252252e-01 2.408177e-01
    outer loop
      vertex   2.236906e+02 3.262457e+01 -8.329344e+01
      vertex   2.235465e+02 3.260634e+01 -8.353886e+01
      vertex   2.237250e+02 3.260482e+01 -8.332736e+01
    endloop
  endfacet
  facet normal -2.530498e-01 -9.255190e-01 2.817452e-01
    outer loop
      vertex   2.236906e+02 3.262457e+01 -8.329344e+01
      vertex   2.237250e+02 3.260482e+01 -8.332736e+01
      vertex   2.239040e+02 3.262322e+01 -8.310615e+01
    endloop
  endfacet
  facet normal -2.530498e-01 -9.255190e-01 2.817452e-01
    outer loop
      vertex   2.239040e+02 3.262322e+01 -8.310615e+01
      vertex   2.237250e+02 3.260482e+01 -8.332736e+01
      vertex   2.239330e+02 3.260351e+01 -8.314482e+01
    endloop
  endfacet
  facet normal -2.072498e-01 -9.257672e-01 3.162320e-01
    outer loop
      vertex   2.239040e+02 3.262322e+01 -8.310615e+01
      vertex   2.239330e+02 3.260351e+01 -8.314482e+01
      vertex   2.241430e+02 3.262211e+01 -8.295276e+01
    endloop
  endfacet
  facet normal -2.072498e-01 -9.257672e-01 3.162320e-01
    outer loop
      vertex   2.241430e+02 3.262211e+01 -8.295276e+01
      vertex   2.239330e+02 3.260351e+01 -8.314482e+01
      vertex   2.241660e+02 3.260244e+01 -8.299533e+01
    endloop
  endfacet
  facet normal -1.568211e-01 -9.259642e-01 3.435076e-01
    outer loop
      vertex   2.241430e+02 3.262211e+01 -8.295276e+01
      vertex   2.241660e+02 3.260244e+01 -8.299533e+01
      vertex   2.244022e+02 3.262127e+01 -8.283670e+01
    endloop
  endfacet
  facet normal -1.568211e-01 -9.259642e-01 3.435076e-01
    outer loop
      vertex   2.244022e+02 3.262127e+01 -8.283670e+01
      vertex   2.241660e+02 3.260244e+01 -8.299533e+01
      vertex   2.244186e+02 3.260162e+01 -8.288222e+01
    endloop
  endfacet
  facet normal -1.028904e-01 -9.261056e-01 3.629627e-01
    outer loop
      vertex   2.244022e+02 3.262127e+01 -8.283670e+01
      vertex   2.244186e+02 3.260162e+01 -8.288222e+01
      vertex   2.246758e+02 3.262072e+01 -8.276057e+01
    endloop
  endfacet
  facet normal -1.028904e-01 -9.261056e-01 3.629627e-01
    outer loop
      vertex   2.246758e+02 3.262072e+01 -8.276057e+01
      vertex   2.244186e+02 3.260162e+01 -8.288222e+01
      vertex   2.246852e+02 3.260107e+01 -8.280802e+01
    endloop
  endfacet
  facet normal -4.666237e-02 -9.261883e-01 3.741628e-01
    outer loop
      vertex   2.246758e+02 3.262072e+01 -8.276057e+01
      vertex   2.246852e+02 3.260107e+01 -8.280802e+01
      vertex   2.249576e+02 3.262046e+01 -8.272606e+01
    endloop
  endfacet
  facet normal -4.666237e-02 -9.261883e-01 3.741628e-01
    outer loop
      vertex   2.249576e+02 3.262046e+01 -8.272606e+01
      vertex   2.246852e+02 3.260107e+01 -8.280802e+01
      vertex   2.249599e+02 3.260082e+01 -8.277439e+01
    endloop
  endfacet
  facet normal 1.060700e-02 -9.262104e-01 3.768577e-01
    outer loop
      vertex   2.249576e+02 3.262046e+01 -8.272606e+01
      vertex   2.249599e+02 3.260082e+01 -8.277439e+01
      vertex   2.252415e+02 3.262050e+01 -8.273395e+01
    endloop
  endfacet
  facet normal 1.060700e-02 -9.262104e-01 3.768577e-01
    outer loop
      vertex   2.252415e+02 3.262050e+01 -8.273395e+01
      vertex   2.249599e+02 3.260082e+01 -8.277439e+01
      vertex   2.252366e+02 3.260086e+01 -8.278208e+01
    endloop
  endfacet
  facet normal 6.763838e-02 -9.261715e-01 3.709871e-01
    outer loop
      vertex   2.252415e+02 3.262050e+01 -8.273395e+01
      vertex   2.252366e+02 3.260086e+01 -8.278208e+01
      vertex   2.255210e+02 3.262084e+01 -8.278406e+01
    endloop
  endfacet
  facet normal 6.763838e-02 -9.261715e-01 3.709871e-01
    outer loop
      vertex   2.255210e+02 3.262084e+01 -8.278406e+01
      vertex   2.252366e+02 3.260086e+01 -8.278208e+01
      vertex   2.255090e+02 3.260119e+01 -8.283091e+01
    endloop
  endfacet
  facet normal 1.231578e-01 -9.260723e-01 3.566822e-01
    outer loop
      vertex   2.255210e+02 3.262084e+01 -8.278406e+01
      vertex   2.255090e+02 3.260119e+01 -8.283091e+01
      vertex   2.257899e+02 3.262148e+01 -8.287526e+01
    endloop
  endfacet
  facet normal 1.231578e-01 -9.260723e-01 3.566822e-01
    outer loop
      vertex   2.257899e+02 3.262148e+01 -8.287526e+01
      vertex   2.255090e+02 3.260119e+01 -8.283091e+01
      vertex   2.257711e+02 3.260182e+01 -8.291980e+01
    endloop
  endfacet
  facet normal 1.759250e-01 -9.259152e-01 3.342626e-01
    outer loop
      vertex   2.257899e+02 3.262148e+01 -8.287526e+01
      vertex   2.257711e+02 3.260182e+01 -8.291980e+01
      vertex   2.260423e+02 3.262239e+01 -8.300553e+01
    endloop
  endfacet
  facet normal 1.759250e-01 -9.259152e-01 3.342626e-01
    outer loop
      vertex   2.260423e+02 3.262239e+01 -8.300553e+01
      vertex   2.257711e+02 3.260182e+01 -8.291980e+01
      vertex   2.260170e+02 3.260271e+01 -8.304676e+01
    endloop
  endfacet
  facet normal 2.247613e-01 -9.257036e-01 3.042290e-01
    outer loop
      vertex   2.260423e+02 3.262239e+01 -8.300553e+01
      vertex   2.260170e+02 3.260271e+01 -8.304676e+01
      vertex   2.262724e+02 3.262357e+01 -8.317195e+01
    endloop
  endfacet
  facet normal 2.247613e-01 -9.257036e-01 3.042290e-01
    outer loop
      vertex   2.262724e+02 3.262357e+01 -8.317195e+01
      vertex   2.260170e+02 3.260271e+01 -8.304676e+01
      vertex   2.262413e+02 3.260385e+01 -8.320895e+01
    endloop
  endfacet
  facet normal 2.685757e-01 -9.254422e-01 2.672524e-01
    outer loop
      vertex   2.262724e+02 3.262357e+01 -8.317195e+01
      vertex   2.262413e+02 3.260385e+01 -8.320895e+01
      vertex   2.264751e+02 3.262498e+01 -8.337080e+01
    endloop
  endfacet
  facet normal 2.685757e-01 -9.254422e-01 2.672524e-01
    outer loop
      vertex   2.264751e+02 3.262498e+01 -8.337080e+01
      vertex   2.262413e+02 3.260385e+01 -8.320895e+01
      vertex   2.264388e+02 3.260522e+01 -8.340276e+01
    endloop
  endfacet
  facet normal 3.063896e-01 -9.251369e-01 2.241587e-01
    outer loop
      vertex   2.264751e+02 3.262498e+01 -8.337080e+01
      vertex   2.264388e+02 3.260522e+01 -8.340276e+01
      vertex   2.266459e+02 3.262658e+01 -8.359765e+01
    endloop
  endfacet
  facet normal 3.063896e-01 -9.251369e-01 2.241587e-01
    outer loop
      vertex   2.266459e+02 3.262658e+01 -8.359765e+01
      vertex   2.264388e+02 3.260522e+01 -8.340276e+01
      vertex   2.266053e+02 3.260679e+01 -8.362384e+01
    endloop
  endfacet
  facet normal 3.373582e-01 -9.247945e-01 1.759107e-01
    outer loop
      vertex   2.266459e+02 3.262658e+01 -8.359765e+01
      vertex   2.266053e+02 3.260679e+01 -8.362384e+01
      vertex   2.267810e+02 3.262836e+01 -8.384742e+01
    endloop
  endfacet
  facet normal 3.373582e-01 -9.247945e-01 1.759107e-01
    outer loop
      vertex   2.267810e+02 3.262836e+01 -8.384742e+01
      vertex   2.266053e+02 3.260679e+01 -8.362384e+01
      vertex   2.267370e+02 3.260852e+01 -8.386728e+01
    endloop
  endfacet
  facet normal 3.607897e-01 -9.244227e-01 1.235860e-01
    outer loop
      vertex   2.267810e+02 3.262836e+01 -8.384742e+01
      vertex   2.267370e+02 3.260852e+01 -8.386728e+01
      vertex   2.268774e+02 3.263026e+01 -8.411454e+01
    endloop
  endfacet
  facet normal 3.607897e-01 -9.244227e-01 1.235860e-01
    outer loop
      vertex   2.268774e+02 3.263026e+01 -8.411454e+01
      vertex   2.267370e+02 3.260852e+01 -8.386728e+01
      vertex   2.268309e+02 3.261037e+01 -8.412761e+01
    endloop
  endfacet
  facet normal 3.761607e-01 -9.240297e-01 6.835359e-02
    outer loop
      vertex   2.268774e+02 3.263026e+01 -8.411454e+01
      vertex   2.268309e+02 3.261037e+01 -8.412761e+01
      vertex   2.269329e+02 3.263224e+01 -8.439303e+01
    endloop
  endfacet
  facet normal 3.761607e-01 -9.240297e-01 6.835359e-02
    outer loop
      vertex   2.269329e+02 3.263224e+01 -8.439303e+01
      vertex   2.268309e+02 3.261037e+01 -8.412761e+01
      vertex   2.268850e+02 3.261230e+01 -8.439904e+01
    endloop
  endfacet
  facet normal -1.302483e-01 -9.914612e-01 6.334662e-03
    outer loop
      vertex   2.231959e+02 3.261373e+01 -8.457263e+01
      vertex   2.232476e+02 3.260692e+01 -8.457412e+01
      vertex   2.232242e+02 3.261176e+01 -8.429733e+01
    endloop
  endfacet
  facet normal -1.277168e-01 -9.917890e-01 6.554452e-03
    outer loop
      vertex   2.232242e+02 3.261176e+01 -8.429733e+01
      vertex   2.232476e+02 3.260692e+01 -8.457412e+01
      vertex   2.232776e+02 3.260492e+01 -8.429326e+01
    endloop
  endfacet
  facet normal -1.291460e-01 -9.912795e-01 2.619712e-02
    outer loop
      vertex   2.232242e+02 3.261176e+01 -8.429733e+01
      vertex   2.232776e+02 3.260492e+01 -8.429326e+01
      vertex   2.232933e+02 3.260985e+01 -8.402932e+01
    endloop
  endfacet
  facet normal -1.218922e-01 -9.922084e-01 2.578356e-02
    outer loop
      vertex   2.232933e+02 3.260985e+01 -8.402932e+01
      vertex   2.232776e+02 3.260492e+01 -8.429326e+01
      vertex   2.233511e+02 3.260297e+01 -8.402056e+01
    endloop
  endfacet
  facet normal -1.248154e-01 -9.911155e-01 4.594704e-02
    outer loop
      vertex   2.232933e+02 3.260985e+01 -8.402932e+01
      vertex   2.233511e+02 3.260297e+01 -8.402056e+01
      vertex   2.234015e+02 3.260803e+01 -8.377460e+01
    endloop
  endfacet
  facet normal -1.135254e-01 -9.925751e-01 4.366497e-02
    outer loop
      vertex   2.234015e+02 3.260803e+01 -8.377460e+01
      vertex   2.233511e+02 3.260297e+01 -8.402056e+01
      vertex   2.234664e+02 3.260113e+01 -8.376272e+01
    endloop
  endfacet
  facet normal -1.172647e-01 -9.909697e-01 6.502412e-02
    outer loop
      vertex   2.234015e+02 3.260803e+01 -8.377460e+01
      vertex   2.234664e+02 3.260113e+01 -8.376272e+01
      vertex   2.235465e+02 3.260634e+01 -8.353886e+01
    endloop
  endfacet
  facet normal -1.028422e-01 -9.928918e-01 5.991088e-02
    outer loop
      vertex   2.235465e+02 3.260634e+01 -8.353886e+01
      vertex   2.234664e+02 3.260113e+01 -8.376272e+01
      vertex   2.236207e+02 3.259943e+01 -8.352608e+01
    endloop
  endfacet
  facet normal -1.066058e-01 -9.908422e-01 8.286699e-02
    outer loop
      vertex   2.235465e+02 3.260634e+01 -8.353886e+01
      vertex   2.236207e+02 3.259943e+01 -8.352608e+01
      vertex   2.237250e+02 3.260482e+01 -8.332736e+01
    endloop
  endfacet
  facet normal -9.009760e-02 -9.931604e-01 7.426155e-02
    outer loop
      vertex   2.237250e+02 3.260482e+01 -8.332736e+01
      vertex   2.236207e+02 3.259943e+01 -8.352608e+01
      vertex   2.238100e+02 3.259793e+01 -8.331649e+01
    endloop
  endfacet
  facet normal -9.305588e-02 -9.907334e-01 9.893404e-02
    outer loop
      vertex   2.237250e+02 3.260482e+01 -8.332736e+01
      vertex   2.238100e+02 3.259793e+01 -8.331649e+01
      vertex   2.239330e+02 3.260351e+01 -8.314482e+01
    endloop
  endfacet
  facet normal -7.557329e-02 -9.933823e-01 8.648877e-02
    outer loop
      vertex   2.239330e+02 3.260351e+01 -8.314482e+01
      vertex   2.238100e+02 3.259793e+01 -8.331649e+01
      vertex   2.240298e+02 3.259665e+01 -8.313909e+01
    endloop
  endfacet
  facet normal -7.693302e-02 -9.906435e-01 1.127247e-01
    outer loop
      vertex   2.239330e+02 3.260351e+01 -8.314482e+01
      vertex   2.240298e+02 3.259665e+01 -8.313909e+01
      vertex   2.241660e+02 3.260244e+01 -8.299533e+01
    endloop
  endfacet
  facet normal -5.957414e-02 -9.935583e-01 9.639905e-02
    outer loop
      vertex   2.241660e+02 3.260244e+01 -8.299533e+01
      vertex   2.240298e+02 3.259665e+01 -8.313909e+01
      vertex   2.242746e+02 3.259564e+01 -8.299826e+01
    endloop
  endfacet
  facet normal -5.864837e-02 -9.905726e-01 1.237997e-01
    outer loop
      vertex   2.241660e+02 3.260244e+01 -8.299533e+01
      vertex   2.242746e+02 3.259564e+01 -8.299826e+01
      vertex   2.244186e+02 3.260162e+01 -8.288222e+01
    endloop
  endfacet
  facet normal -4.242451e-02 -9.936892e-01 1.038363e-01
    outer loop
      vertex   2.244186e+02 3.260162e+01 -8.288222e+01
      vertex   2.242746e+02 3.259564e+01 -8.299826e+01
      vertex   2.245385e+02 3.259490e+01 -8.289746e+01
    endloop
  endfacet
  facet normal -3.869304e-02 -9.905209e-01 1.318002e-01
    outer loop
      vertex   2.244186e+02 3.260162e+01 -8.288222e+01
      vertex   2.245385e+02 3.259490e+01 -8.289746e+01
      vertex   2.246852e+02 3.260107e+01 -8.280802e+01
    endloop
  endfacet
  facet normal -2.446400e-02 -9.937753e-01 1.086840e-01
    outer loop
      vertex   2.246852e+02 3.260107e+01 -8.280802e+01
      vertex   2.245385e+02 3.259490e+01 -8.289746e+01
      vertex   2.248148e+02 3.259447e+01 -8.283918e+01
    endloop
  endfacet
  facet normal -1.762128e-02 -9.904885e-01 1.364627e-01
    outer loop
      vertex   2.246852e+02 3.260107e+01 -8.280802e+01
      vertex   2.248148e+02 3.259447e+01 -8.283918e+01
      vertex   2.249599e+02 3.260082e+01 -8.277439e+01
    endloop
  endfacet
  facet normal -6.043000e-03 -9.938169e-01 1.108669e-01
    outer loop
      vertex   2.249599e+02 3.260082e+01 -8.277439e+01
      vertex   2.248148e+02 3.259447e+01 -8.283918e+01
      vertex   2.250969e+02 3.259436e+01 -8.282485e+01
    endloop
  endfacet
  facet normal 3.969806e-03 -9.904755e-01 1.376316e-01
    outer loop
      vertex   2.249599e+02 3.260082e+01 -8.277439e+01
      vertex   2.250969e+02 3.259436e+01 -8.282485e+01
      vertex   2.252366e+02 3.260086e+01 -8.278208e+01
    endloop
  endfacet
  facet normal 1.248203e-02 -9.938142e-01 1.103522e-01
    outer loop
      vertex   2.252366e+02 3.260086e+01 -8.278208e+01
      vertex   2.250969e+02 3.259436e+01 -8.282485e+01
      vertex   2.253778e+02 3.259456e+01 -8.285482e+01
    endloop
  endfacet
  facet normal 2.546268e-02 -9.904821e-01 1.352657e-01
    outer loop
      vertex   2.252366e+02 3.260086e+01 -8.278208e+01
      vertex   2.253778e+02 3.259456e+01 -8.285482e+01
      vertex   2.255090e+02 3.260119e+01 -8.283091e+01
    endloop
  endfacet
  facet normal 3.075339e-02 -9.937671e-01 1.071498e-01
    outer loop
      vertex   2.255090e+02 3.260119e+01 -8.283091e+01
      vertex   2.253778e+02 3.259456e+01 -8.285482e+01
      vertex   2.256505e+02 3.259507e+01 -8.292836e+01
    endloop
  endfacet
  facet normal 4.624306e-02 -9.905083e-01 1.294403e-01
    outer loop
      vertex   2.255090e+02 3.260119e+01 -8.283091e+01
      vertex   2.256505e+02 3.259507e+01 -8.292836e+01
      vertex   2.257711e+02 3.260182e+01 -8.291980e+01
    endloop
  endfacet
  facet normal 4.841700e-02 -9.936758e-01 1.013124e-01
    outer loop
      vertex   2.257711e+02 3.260182e+01 -8.291980e+01
      vertex   2.256505e+02 3.259507e+01 -8.292836e+01
      vertex   2.259084e+02 3.259588e+01 -8.304365e+01
    endloop
  endfacet
  facet normal 6.572339e-02 -9.905542e-01 1.203442e-01
    outer loop
      vertex   2.257711e+02 3.260182e+01 -8.291980e+01
      vertex   2.259084e+02 3.259588e+01 -8.304365e+01
      vertex   2.260170e+02 3.260271e+01 -8.304676e+01
    endloop
  endfacet
  facet normal 6.512718e-02 -9.935400e-01 9.293435e-02
    outer loop
      vertex   2.260170e+02 3.260271e+01 -8.304676e+01
      vertex   2.259084e+02 3.259588e+01 -8.304365e+01
      vertex   2.261450e+02 3.259696e+01 -8.319786e+01
    endloop
  endfacet
  facet normal 8.336491e-02 -9.906199e-01 1.082709e-01
    outer loop
      vertex   2.260170e+02 3.260271e+01 -8.304676e+01
      vertex   2.261450e+02 3.259696e+01 -8.319786e+01
      vertex   2.262413e+02 3.260385e+01 -8.320895e+01
    endloop
  endfacet
  facet normal 8.055132e-02 -9.933593e-01 8.215100e-02
    outer loop
      vertex   2.262413e+02 3.260385e+01 -8.320895e+01
      vertex   2.261450e+02 3.259696e+01 -8.319786e+01
      vertex   2.263546e+02 3.259830e+01 -8.338719e+01
    endloop
  endfacet
  facet normal 9.869719e-02 -9.907052e-01 9.360637e-02
    outer loop
      vertex   2.262413e+02 3.260385e+01 -8.320895e+01
      vertex   2.263546e+02 3.259830e+01 -8.338719e+01
      vertex   2.264388e+02 3.260522e+01 -8.340276e+01
    endloop
  endfacet
  facet normal 9.437424e-02 -9.931333e-01 6.913618e-02
    outer loop
      vertex   2.264388e+02 3.260522e+01 -8.340276e+01
      vertex   2.263546e+02 3.259830e+01 -8.338719e+01
      vertex   2.265320e+02 3.259986e+01 -8.360697e+01
    endloop
  endfacet
  facet normal 1.113341e-01 -9.908101e-01 7.681174e-02
    outer loop
      vertex   2.264388e+02 3.260522e+01 -8.340276e+01
      vertex   2.265320e+02 3.259986e+01 -8.360697e+01
      vertex   2.266053e+02 3.260679e+01 -8.362384e+01
    endloop
  endfacet
  facet normal 1.063023e-01 -9.928610e-01 5.410001e-02
    outer loop
      vertex   2.266053e+02 3.260679e+01 -8.362384e+01
      vertex   2.265320e+02 3.259986e+01 -8.360697e+01
      vertex   2.266728e+02 3.260160e+01 -8.385180e+01
    endloop
  endfacet
  facet normal 1.209858e-01 -9.909346e-01 5.840456e-02
    outer loop
      vertex   2.266053e+02 3.260679e+01 -8.362384e+01
      vertex   2.266728e+02 3.260160e+01 -8.385180e+01
      vertex   2.267370e+02 3.260852e+01 -8.386728e+01
    endloop
  endfacet
  facet normal 1.160669e-01 -9.925413e-01 3.728597e-02
    outer loop
      vertex   2.267370e+02 3.260852e+01 -8.386728e+01
      vertex   2.266728e+02 3.260160e+01 -8.385180e+01
      vertex   2.267736e+02 3.260347e+01 -8.411565e+01
    endloop
  endfacet
  facet normal 1.274657e-01 -9.910784e-01 3.893765e-02
    outer loop
      vertex   2.267370e+02 3.260852e+01 -8.386728e+01
      vertex   2.267736e+02 3.260347e+01 -8.411565e+01
      vertex   2.268309e+02 3.261037e+01 -8.412761e+01
    endloop
  endfacet
  facet normal 1.234278e-01 -9.921723e-01 1.896758e-02
    outer loop
      vertex   2.268309e+02 3.261037e+01 -8.412761e+01
      vertex   2.267736e+02 3.260347e+01 -8.411565e+01
      vertex   2.268319e+02 3.260544e+01 -8.439202e+01
    endloop
  endfacet
  facet normal 1.306931e-01 -9.912412e-01 1.897774e-02
    outer loop
      vertex   2.268309e+02 3.261037e+01 -8.412761e+01
      vertex   2.268319e+02 3.260544e+01 -8.439202e+01
      vertex   2.268850e+02 3.261230e+01 -8.439904e+01
    endloop
  endfacet
  facet normal 1.304255e-01 -9.914005e-01 -1.069288e-02
    outer loop
      vertex   2.259259e+02 3.286373e+01 -1.196611e+02
      vertex   2.259573e+02 3.285569e+01 -1.185325e+02
      vertex   2.258742e+02 3.285691e+01 -1.196597e+02
    endloop
  endfacet
  facet normal 1.304255e-01 -9.914005e-01 -1.069288e-02
    outer loop
      vertex   2.258742e+02 3.285691e+01 -1.196597e+02
      vertex   2.259573e+02 3.285569e+01 -1.185325e+02
      vertex   2.259886e+02 3.284764e+01 -1.174040e+02
    endloop
  endfacet
  facet normal 1.304255e-01 -9.914005e-01 -1.069288e-02
    outer loop
      vertex   2.258742e+02 3.285691e+01 -1.196597e+02
      vertex   2.259886e+02 3.284764e+01 -1.174040e+02
      vertex   2.260200e+02 3.283959e+01 -1.162754e+02
    endloop
  endfacet
  facet normal 3.824889e-01 -9.237997e-01 -1.721447e-02
    outer loop
      vertex   2.260200e+02 3.283959e+01 -1.162754e+02
      vertex   2.259886e+02 3.284764e+01 -1.174040e+02
      vertex   2.260682e+02 3.285958e+01 -1.162766e+02
    endloop
  endfacet
  facet normal 3.824889e-01 -9.237997e-01 -1.721447e-02
    outer loop
      vertex   2.260200e+02 3.283959e+01 -1.162754e+02
      vertex   2.260682e+02 3.285958e+01 -1.162766e+02
      vertex   2.260996e+02 3.285153e+01 -1.151480e+02
    endloop
  endfacet
  facet normal 6.084863e-01 -7.932436e-01 -2.256291e-02
    outer loop
      vertex   2.260996e+02 3.285153e+01 -1.151480e+02
      vertex   2.260682e+02 3.285958e+01 -1.162766e+02
      vertex   2.261410e+02 3.288332e+01 -1.151489e+02
    endloop
  endfacet
  facet normal 6.084863e-01 -7.932436e-01 -2.256291e-02
    outer loop
      vertex   2.260996e+02 3.285153e+01 -1.151480e+02
      vertex   2.261410e+02 3.288332e+01 -1.151489e+02
      vertex   2.261723e+02 3.287527e+01 -1.140204e+02
    endloop
  endfacet
  facet normal 7.930164e-01 -6.086292e-01 -2.637373e-02
    outer loop
      vertex   2.261723e+02 3.287527e+01 -1.140204e+02
      vertex   2.261410e+02 3.288332e+01 -1.151489e+02
      vertex   2.262041e+02 3.291670e+01 -1.140210e+02
    endloop
  endfacet
  facet normal 7.930164e-01 -6.086292e-01 -2.637373e-02
    outer loop
      vertex   2.261723e+02 3.287527e+01 -1.140204e+02
      vertex   2.262041e+02 3.291670e+01 -1.140210e+02
      vertex   2.262355e+02 3.290865e+01 -1.128924e+02
    endloop
  endfacet
  facet normal 9.235037e-01 -3.825377e-01 -2.838723e-02
    outer loop
      vertex   2.262355e+02 3.290865e+01 -1.128924e+02
      vertex   2.262041e+02 3.291670e+01 -1.140210e+02
      vertex   2.262554e+02 3.295689e+01 -1.128926e+02
    endloop
  endfacet
  facet normal 9.235037e-01 -3.825377e-01 -2.838723e-02
    outer loop
      vertex   2.262355e+02 3.290865e+01 -1.128924e+02
      vertex   2.262554e+02 3.295689e+01 -1.128926e+02
      vertex   2.262868e+02 3.294884e+01 -1.117640e+02
    endloop
  endfacet
  facet normal 9.910558e-01 -1.303769e-01 -2.846618e-02
    outer loop
      vertex   2.262868e+02 3.294884e+01 -1.117640e+02
      vertex   2.262554e+02 3.295689e+01 -1.128926e+02
      vertex   2.260741e+02 3.305693e+01 -1.196638e+02
    endloop
  endfacet
  facet normal 9.910558e-01 -1.303769e-01 -2.846618e-02
    outer loop
      vertex   2.262868e+02 3.294884e+01 -1.117640e+02
      vertex   2.260741e+02 3.305693e+01 -1.196638e+02
      vertex   2.263181e+02 3.294079e+01 -1.106355e+02
    endloop
  endfacet
  facet normal 9.910558e-01 -1.303769e-01 -2.846618e-02
    outer loop
      vertex   2.263181e+02 3.294079e+01 -1.106355e+02
      vertex   2.260741e+02 3.305693e+01 -1.196638e+02
      vertex   2.263495e+02 3.293275e+01 -1.095069e+02
    endloop
  endfacet
  facet normal 9.235037e-01 -3.825377e-01 -2.838723e-02
    outer loop
      vertex   2.263181e+02 3.294079e+01 -1.106355e+02
      vertex   2.263495e+02 3.293275e+01 -1.095069e+02
      vertex   2.262982e+02 3.289256e+01 -1.106353e+02
    endloop
  endfacet
  facet normal 9.235037e-01 -3.825377e-01 -2.838723e-02
    outer loop
      vertex   2.262982e+02 3.289256e+01 -1.106353e+02
      vertex   2.263495e+02 3.293275e+01 -1.095069e+02
      vertex   2.263295e+02 3.288451e+01 -1.095067e+02
    endloop
  endfacet
  facet normal 7.930164e-01 -6.086292e-01 -2.637373e-02
    outer loop
      vertex   2.262982e+02 3.289256e+01 -1.106353e+02
      vertex   2.263295e+02 3.288451e+01 -1.095067e+02
      vertex   2.262664e+02 3.285113e+01 -1.106347e+02
    endloop
  endfacet
  facet normal 7.930164e-01 -6.086292e-01 -2.637373e-02
    outer loop
      vertex   2.262664e+02 3.285113e+01 -1.106347e+02
      vertex   2.263295e+02 3.288451e+01 -1.095067e+02
      vertex   2.262978e+02 3.284308e+01 -1.095061e+02
    endloop
  endfacet
  facet normal 6.084863e-01 -7.932436e-01 -2.256291e-02
    outer loop
      vertex   2.262664e+02 3.285113e+01 -1.106347e+02
      vertex   2.262978e+02 3.284308e+01 -1.095061e+02
      vertex   2.262250e+02 3.281934e+01 -1.106338e+02
    endloop
  endfacet
  facet normal 6.084863e-01 -7.932436e-01 -2.256291e-02
    outer loop
      vertex   2.262250e+02 3.281934e+01 -1.106338e+02
      vertex   2.262978e+02 3.284308e+01 -1.095061e+02
      vertex   2.262563e+02 3.281130e+01 -1.095052e+02
    endloop
  endfacet
  facet normal 3.824889e-01 -9.237997e-01 -1.721447e-02
    outer loop
      vertex   2.262250e+02 3.281934e+01 -1.106338e+02
      vertex   2.262563e+02 3.281130e+01 -1.095052e+02
      vertex   2.261768e+02 3.279936e+01 -1.106326e+02
    endloop
  endfacet
  facet normal 3.824889e-01 -9.237997e-01 -1.721447e-02
    outer loop
      vertex   2.261768e+02 3.279936e+01 -1.106326e+02
      vertex   2.262563e+02 3.281130e+01 -1.095052e+02
      vertex   2.262081e+02 3.279131e+01 -1.095040e+02
    endloop
  endfacet
  facet normal 1.304255e-01 -9.914005e-01 -1.069288e-02
    outer loop
      vertex   2.261768e+02 3.279936e+01 -1.106326e+02
      vertex   2.262081e+02 3.279131e+01 -1.095040e+02
      vertex   2.258742e+02 3.285691e+01 -1.196597e+02
    endloop
  endfacet
  facet normal 1.304255e-01 -9.914005e-01 -1.069288e-02
    outer loop
      vertex   2.258742e+02 3.285691e+01 -1.196597e+02
      vertex   2.262081e+02 3.279131e+01 -1.095040e+02
      vertex   2.262395e+02 3.278326e+01 -1.083754e+02
    endloop
  endfacet
  facet normal 1.304255e-01 -9.914005e-01 -1.069288e-02
    outer loop
      vertex   2.258742e+02 3.285691e+01 -1.196597e+02
      vertex   2.262395e+02 3.278326e+01 -1.083754e+02
      vertex   2.262708e+02 3.277522e+01 -1.072468e+02
    endloop
  endfacet
  facet normal 3.824889e-01 -9.237997e-01 -1.721447e-02
    outer loop
      vertex   2.262708e+02 3.277522e+01 -1.072468e+02
      vertex   2.262395e+02 3.278326e+01 -1.083754e+02
      vertex   2.263191e+02 3.279520e+01 -1.072480e+02
    endloop
  endfacet
  facet normal 3.824889e-01 -9.237997e-01 -1.721447e-02
    outer loop
      vertex   2.262708e+02 3.277522e+01 -1.072468e+02
      vertex   2.263191e+02 3.279520e+01 -1.072480e+02
      vertex   2.263504e+02 3.278715e+01 -1.061195e+02
    endloop
  endfacet
  facet normal 6.084863e-01 -7.932436e-01 -2.256291e-02
    outer loop
      vertex   2.263504e+02 3.278715e+01 -1.061195e+02
      vertex   2.263191e+02 3.279520e+01 -1.072480e+02
      vertex   2.263918e+02 3.281894e+01 -1.061204e+02
    endloop
  endfacet
  facet normal 6.084863e-01 -7.932436e-01 -2.256291e-02
    outer loop
      vertex   2.263504e+02 3.278715e+01 -1.061195e+02
      vertex   2.263918e+02 3.281894e+01 -1.061204e+02
      vertex   2.264232e+02 3.281090e+01 -1.049918e+02
    endloop
  endfacet
  facet normal 7.930164e-01 -6.086292e-01 -2.637373e-02
    outer loop
      vertex   2.264232e+02 3.281090e+01 -1.049918e+02
      vertex   2.263918e+02 3.281894e+01 -1.061204e+02
      vertex   2.264550e+02 3.285232e+01 -1.049924e+02
    endloop
  endfacet
  facet normal 7.930164e-01 -6.086292e-01 -2.637373e-02
    outer loop
      vertex   2.264232e+02 3.281090e+01 -1.049918e+02
      vertex   2.264550e+02 3.285232e+01 -1.049924e+02
      vertex   2.264863e+02 3.284427e+01 -1.038639e+02
    endloop
  endfacet
  facet normal 9.235037e-01 -3.825377e-01 -2.838723e-02
    outer loop
      vertex   2.264863e+02 3.284427e+01 -1.038639e+02
      vertex   2.264550e+02 3.285232e+01 -1.049924e+02
      vertex   2.265063e+02 3.289251e+01 -1.038641e+02
    endloop
  endfacet
  facet normal 9.235037e-01 -3.825377e-01 -2.838723e-02
    outer loop
      vertex   2.264863e+02 3.284427e+01 -1.038639e+02
      vertex   2.265063e+02 3.289251e+01 -1.038641e+02
      vertex   2.265376e+02 3.288447e+01 -1.027355e+02
    endloop
  endfacet
  facet normal 9.910558e-01 -1.303769e-01 -2.846618e-02
    outer loop
      vertex   2.265376e+02 3.288447e+01 -1.027355e+02
      vertex   2.265063e+02 3.289251e+01 -1.038641e+02
      vertex   2.260741e+02 3.305693e+01 -1.196638e+02
    endloop
  endfacet
  facet normal 9.910558e-01 -1.303769e-01 -2.846618e-02
    outer loop
      vertex   2.265376e+02 3.288447e+01 -1.027355e+02
      vertex   2.260741e+02 3.305693e+01 -1.196638e+02
      vertex   2.270462e+02 3.280748e+01 -8.467823e+01
    endloop
  endfacet
  facet normal 3.824889e-01 -9.237997e-01 -1.721447e-02
    outer loop
      vertex   2.259573e+02 3.285569e+01 -1.185325e+02
      vertex   2.259259e+02 3.286373e+01 -1.196611e+02
      vertex   2.260055e+02 3.287567e+01 -1.185337e+02
    endloop
  endfacet
  facet normal 3.824889e-01 -9.237997e-01 -1.721447e-02
    outer loop
      vertex   2.260055e+02 3.287567e+01 -1.185337e+02
      vertex   2.259259e+02 3.286373e+01 -1.196611e+02
      vertex   2.259741e+02 3.288372e+01 -1.196623e+02
    endloop
  endfacet
  facet normal 6.084863e-01 -7.932436e-01 -2.256291e-02
    outer loop
      vertex   2.260055e+02 3.287567e+01 -1.185337e+02
      vertex   2.259741e+02 3.288372e+01 -1.196623e+02
      vertex   2.260469e+02 3.290746e+01 -1.185347e+02
    endloop
  endfacet
  facet normal 6.084863e-01 -7.932436e-01 -2.256291e-02
    outer loop
      vertex   2.260469e+02 3.290746e+01 -1.185347e+02
      vertex   2.259741e+02 3.288372e+01 -1.196623e+02
      vertex   2.260155e+02 3.291551e+01 -1.196632e+02
    endloop
  endfacet
  facet normal 7.930164e-01 -6.086292e-01 -2.637373e-02
    outer loop
      vertex   2.260469e+02 3.290746e+01 -1.185347e+02
      vertex   2.260155e+02 3.291551e+01 -1.196632e+02
      vertex   2.260787e+02 3.294889e+01 -1.185352e+02
    endloop
  endfacet
  facet normal 7.930164e-01 -6.086292e-01 -2.637373e-02
    outer loop
      vertex   2.260787e+02 3.294889e+01 -1.185352e+02
      vertex   2.260155e+02 3.291551e+01 -1.196632e+02
      vertex   2.260473e+02 3.295693e+01 -1.196638e+02
    endloop
  endfacet
  facet normal 9.235037e-01 -3.825377e-01 -2.838723e-02
    outer loop
      vertex   2.260787e+02 3.294889e+01 -1.185352e+02
      vertex   2.260473e+02 3.295693e+01 -1.196638e+02
      vertex   2.260986e+02 3.299712e+01 -1.185354e+02
    endloop
  endfacet
  facet normal 9.235037e-01 -3.825377e-01 -2.838723e-02
    outer loop
      vertex   2.260986e+02 3.299712e+01 -1.185354e+02
      vertex   2.260473e+02 3.295693e+01 -1.196638e+02
      vertex   2.260673e+02 3.300517e+01 -1.196640e+02
    endloop
  endfacet
  facet normal 9.910558e-01 -1.303769e-01 -2.846618e-02
    outer loop
      vertex   2.260986e+02 3.299712e+01 -1.185354e+02
      vertex   2.260673e+02 3.300517e+01 -1.196640e+02
      vertex   2.260741e+02 3.305693e+01 -1.196638e+02
    endloop
  endfacet
  facet normal 9.910558e-01 -1.303769e-01 -2.846618e-02
    outer loop
      vertex   2.270394e+02 3.275571e+01 -8.467841e+01
      vertex   2.270080e+02 3.276376e+01 -8.580698e+01
      vertex   2.270462e+02 3.280748e+01 -8.467823e+01
    endloop
  endfacet
  facet normal 9.910558e-01 -1.303769e-01 -2.846618e-02
    outer loop
      vertex   2.270462e+02 3.280748e+01 -8.467823e+01
      vertex   2.270080e+02 3.276376e+01 -8.580698e+01
      vertex   2.269767e+02 3.277181e+01 -8.693554e+01
    endloop
  endfacet
  facet normal 9.910558e-01 -1.303769e-01 -2.846618e-02
    outer loop
      vertex   2.270462e+02 3.280748e+01 -8.467823e+01
      vertex   2.269767e+02 3.277181e+01 -8.693554e+01
      vertex   2.269453e+02 3.277985e+01 -8.806411e+01
    endloop
  endfacet
  facet normal 9.235037e-01 -3.825377e-01 -2.838723e-02
    outer loop
      vertex   2.269453e+02 3.277985e+01 -8.806411e+01
      vertex   2.269767e+02 3.277181e+01 -8.693554e+01
      vertex   2.269253e+02 3.273162e+01 -8.806390e+01
    endloop
  endfacet
  facet normal 9.235037e-01 -3.825377e-01 -2.838723e-02
    outer loop
      vertex   2.269453e+02 3.277985e+01 -8.806411e+01
      vertex   2.269253e+02 3.273162e+01 -8.806390e+01
      vertex   2.268940e+02 3.273966e+01 -8.919247e+01
    endloop
  endfacet
  facet normal 7.930164e-01 -6.086292e-01 -2.637373e-02
    outer loop
      vertex   2.268940e+02 3.273966e+01 -8.919247e+01
      vertex   2.269253e+02 3.273162e+01 -8.806390e+01
      vertex   2.268622e+02 3.269824e+01 -8.919188e+01
    endloop
  endfacet
  facet normal 7.930164e-01 -6.086292e-01 -2.637373e-02
    outer loop
      vertex   2.268940e+02 3.273966e+01 -8.919247e+01
      vertex   2.268622e+02 3.269824e+01 -8.919188e+01
      vertex   2.268308e+02 3.270628e+01 -9.032045e+01
    endloop
  endfacet
  facet normal 6.084863e-01 -7.932436e-01 -2.256291e-02
    outer loop
      vertex   2.268308e+02 3.270628e+01 -9.032045e+01
      vertex   2.268622e+02 3.269824e+01 -8.919188e+01
      vertex   2.267894e+02 3.267450e+01 -9.031953e+01
    endloop
  endfacet
  facet normal 6.084863e-01 -7.932436e-01 -2.256291e-02
    outer loop
      vertex   2.268308e+02 3.270628e+01 -9.032045e+01
      vertex   2.267894e+02 3.267450e+01 -9.031953e+01
      vertex   2.267581e+02 3.268254e+01 -9.144809e+01
    endloop
  endfacet
  facet normal 3.824889e-01 -9.237997e-01 -1.721447e-02
    outer loop
      vertex   2.267581e+02 3.268254e+01 -9.144809e+01
      vertex   2.267894e+02 3.267450e+01 -9.031953e+01
      vertex   2.267098e+02 3.266256e+01 -9.144690e+01
    endloop
  endfacet
  facet normal 3.824889e-01 -9.237997e-01 -1.721447e-02
    outer loop
      vertex   2.267581e+02 3.268254e+01 -9.144809e+01
      vertex   2.267098e+02 3.266256e+01 -9.144690e+01
      vertex   2.266785e+02 3.267060e+01 -9.257546e+01
    endloop
  endfacet
  facet normal 1.304255e-01 -9.914005e-01 -1.069288e-02
    outer loop
      vertex   2.266785e+02 3.267060e+01 -9.257546e+01
      vertex   2.267098e+02 3.266256e+01 -9.144690e+01
      vertex   2.268462e+02 3.260745e+01 -8.467410e+01
    endloop
  endfacet
  facet normal 1.304255e-01 -9.914005e-01 -1.069288e-02
    outer loop
      vertex   2.266785e+02 3.267060e+01 -9.257546e+01
      vertex   2.268462e+02 3.260745e+01 -8.467410e+01
      vertex   2.266471e+02 3.267865e+01 -9.370403e+01
    endloop
  endfacet
  facet normal 1.304255e-01 -9.914005e-01 -1.069288e-02
    outer loop
      vertex   2.266471e+02 3.267865e+01 -9.370403e+01
      vertex   2.268462e+02 3.260745e+01 -8.467410e+01
      vertex   2.266158e+02 3.268670e+01 -9.483260e+01
    endloop
  endfacet
  facet normal 3.824889e-01 -9.237997e-01 -1.721447e-02
    outer loop
      vertex   2.266471e+02 3.267865e+01 -9.370403e+01
      vertex   2.266158e+02 3.268670e+01 -9.483260e+01
      vertex   2.266954e+02 3.269864e+01 -9.370523e+01
    endloop
  endfacet
  facet normal 3.824889e-01 -9.237997e-01 -1.721447e-02
    outer loop
      vertex   2.266954e+02 3.269864e+01 -9.370523e+01
      vertex   2.266158e+02 3.268670e+01 -9.483260e+01
      vertex   2.266640e+02 3.270668e+01 -9.483380e+01
    endloop
  endfacet
  facet normal 6.084863e-01 -7.932436e-01 -2.256291e-02
    outer loop
      vertex   2.266954e+02 3.269864e+01 -9.370523e+01
      vertex   2.266640e+02 3.270668e+01 -9.483380e+01
      vertex   2.267368e+02 3.273043e+01 -9.370615e+01
    endloop
  endfacet
  facet normal 6.084863e-01 -7.932436e-01 -2.256291e-02
    outer loop
      vertex   2.267368e+02 3.273043e+01 -9.370615e+01
      vertex   2.266640e+02 3.270668e+01 -9.483380e+01
      vertex   2.267054e+02 3.273847e+01 -9.483472e+01
    endloop
  endfacet
  facet normal 7.930164e-01 -6.086292e-01 -2.637373e-02
    outer loop
      vertex   2.267368e+02 3.273043e+01 -9.370615e+01
      vertex   2.267054e+02 3.273847e+01 -9.483472e+01
      vertex   2.267685e+02 3.277185e+01 -9.370674e+01
    endloop
  endfacet
  facet normal 7.930164e-01 -6.086292e-01 -2.637373e-02
    outer loop
      vertex   2.267685e+02 3.277185e+01 -9.370674e+01
      vertex   2.267054e+02 3.273847e+01 -9.483472e+01
      vertex   2.267372e+02 3.277990e+01 -9.483531e+01
    endloop
  endfacet
  facet normal 9.235037e-01 -3.825377e-01 -2.838723e-02
    outer loop
      vertex   2.267685e+02 3.277185e+01 -9.370674e+01
      vertex   2.267372e+02 3.277990e+01 -9.483531e+01
      vertex   2.267885e+02 3.282009e+01 -9.370695e+01
    endloop
  endfacet
  facet normal 9.235037e-01 -3.825377e-01 -2.838723e-02
    outer loop
      vertex   2.267885e+02 3.282009e+01 -9.370695e+01
      vertex   2.267372e+02 3.277990e+01 -9.483531e+01
      vertex   2.267571e+02 3.282814e+01 -9.483552e+01
    endloop
  endfacet
  facet normal 9.910558e-01 -1.303769e-01 -2.846618e-02
    outer loop
      vertex   2.267885e+02 3.282009e+01 -9.370695e+01
      vertex   2.267571e+02 3.282814e+01 -9.483552e+01
      vertex   2.270462e+02 3.280748e+01 -8.467823e+01
    endloop
  endfacet
  facet normal 9.910558e-01 -1.303769e-01 -2.846618e-02
    outer loop
      vertex   2.270462e+02 3.280748e+01 -8.467823e+01
      vertex   2.267571e+02 3.282814e+01 -9.483552e+01
      vertex   2.267258e+02 3.283618e+01 -9.596409e+01
    endloop
  endfacet
  facet normal 9.910558e-01 -1.303769e-01 -2.846618e-02
    outer loop
      vertex   2.270462e+02 3.280748e+01 -8.467823e+01
      vertex   2.267258e+02 3.283618e+01 -9.596409e+01
      vertex   2.266944e+02 3.284423e+01 -9.709266e+01
    endloop
  endfacet
  facet normal 9.235037e-01 -3.825377e-01 -2.838723e-02
    outer loop
      vertex   2.266944e+02 3.284423e+01 -9.709266e+01
      vertex   2.267258e+02 3.283618e+01 -9.596409e+01
      vertex   2.266745e+02 3.279599e+01 -9.709245e+01
    endloop
  endfacet
  facet normal 9.235037e-01 -3.825377e-01 -2.838723e-02
    outer loop
      vertex   2.266944e+02 3.284423e+01 -9.709266e+01
      vertex   2.266745e+02 3.279599e+01 -9.709245e+01
      vertex   2.266431e+02 3.280404e+01 -9.822101e+01
    endloop
  endfacet
  facet normal 7.930164e-01 -6.086292e-01 -2.637373e-02
    outer loop
      vertex   2.266431e+02 3.280404e+01 -9.822101e+01
      vertex   2.266745e+02 3.279599e+01 -9.709245e+01
      vertex   2.266113e+02 3.276261e+01 -9.822043e+01
    endloop
  endfacet
  facet normal 7.930164e-01 -6.086292e-01 -2.637373e-02
    outer loop
      vertex   2.266431e+02 3.280404e+01 -9.822101e+01
      vertex   2.266113e+02 3.276261e+01 -9.822043e+01
      vertex   2.265800e+02 3.277066e+01 -9.934899e+01
    endloop
  endfacet
  facet normal 6.084863e-01 -7.932436e-01 -2.256291e-02
    outer loop
      vertex   2.265800e+02 3.277066e+01 -9.934899e+01
      vertex   2.266113e+02 3.276261e+01 -9.822043e+01
      vertex   2.265386e+02 3.273887e+01 -9.934807e+01
    endloop
  endfacet
  facet normal 6.084863e-01 -7.932436e-01 -2.256291e-02
    outer loop
      vertex   2.265800e+02 3.277066e+01 -9.934899e+01
      vertex   2.265386e+02 3.273887e+01 -9.934807e+01
      vertex   2.265072e+02 3.274692e+01 -1.004766e+02
    endloop
  endfacet
  facet normal 3.824889e-01 -9.237997e-01 -1.721447e-02
    outer loop
      vertex   2.265072e+02 3.274692e+01 -1.004766e+02
      vertex   2.265386e+02 3.273887e+01 -9.934807e+01
      vertex   2.264590e+02 3.272693e+01 -1.004754e+02
    endloop
  endfacet
  facet normal 3.824889e-01 -9.237997e-01 -1.721447e-02
    outer loop
      vertex   2.265072e+02 3.274692e+01 -1.004766e+02
      vertex   2.264590e+02 3.272693e+01 -1.004754e+02
      vertex   2.264276e+02 3.273498e+01 -1.016040e+02
    endloop
  endfacet
  facet normal 1.304255e-01 -9.914005e-01 -1.069288e-02
    outer loop
      vertex   2.264276e+02 3.273498e+01 -1.016040e+02
      vertex   2.264590e+02 3.272693e+01 -1.004754e+02
      vertex   2.268462e+02 3.260745e+01 -8.467410e+01
    endloop
  endfacet
  facet normal 1.304255e-01 -9.914005e-01 -1.069288e-02
    outer loop
      vertex   2.264276e+02 3.273498e+01 -1.016040e+02
      vertex   2.268462e+02 3.260745e+01 -8.467410e+01
      vertex   2.258742e+02 3.285691e+01 -1.196597e+02
    endloop
  endfacet
  facet normal 9.235037e-01 -3.825377e-01 -2.838723e-02
    outer loop
      vertex   2.270080e+02 3.276376e+01 -8.580698e+01
      vertex   2.270394e+02 3.275571e+01 -8.467841e+01
      vertex   2.269880e+02 3.271552e+01 -8.580676e+01
    endloop
  endfacet
  facet normal 9.235037e-01 -3.825377e-01 -2.838723e-02
    outer loop
      vertex   2.269880e+02 3.271552e+01 -8.580676e+01
      vertex   2.270394e+02 3.275571e+01 -8.467841e+01
      vertex   2.270194e+02 3.270747e+01 -8.467820e+01
    endloop
  endfacet
  facet normal 7.930164e-01 -6.086292e-01 -2.637373e-02
    outer loop
      vertex   2.269880e+02 3.271552e+01 -8.580676e+01
      vertex   2.270194e+02 3.270747e+01 -8.467820e+01
      vertex   2.269563e+02 3.267410e+01 -8.580618e+01
    endloop
  endfacet
  facet normal 7.930164e-01 -6.086292e-01 -2.637373e-02
    outer loop
      vertex   2.269563e+02 3.267410e+01 -8.580618e+01
      vertex   2.270194e+02 3.270747e+01 -8.467820e+01
      vertex   2.269876e+02 3.266605e+01 -8.467761e+01
    endloop
  endfacet
  facet normal 6.084863e-01 -7.932436e-01 -2.256291e-02
    outer loop
      vertex   2.269563e+02 3.267410e+01 -8.580618e+01
      vertex   2.269876e+02 3.266605e+01 -8.467761e+01
      vertex   2.269149e+02 3.264231e+01 -8.580525e+01
    endloop
  endfacet
  facet normal 6.084863e-01 -7.932436e-01 -2.256291e-02
    outer loop
      vertex   2.269149e+02 3.264231e+01 -8.580525e+01
      vertex   2.269876e+02 3.266605e+01 -8.467761e+01
      vertex   2.269462e+02 3.263426e+01 -8.467669e+01
    endloop
  endfacet
  facet normal 3.824889e-01 -9.237997e-01 -1.721447e-02
    outer loop
      vertex   2.269149e+02 3.264231e+01 -8.580525e+01
      vertex   2.269462e+02 3.263426e+01 -8.467669e+01
      vertex   2.268666e+02 3.262232e+01 -8.580406e+01
    endloop
  endfacet
  facet normal 3.824889e-01 -9.237997e-01 -1.721447e-02
    outer loop
      vertex   2.268666e+02 3.262232e+01 -8.580406e+01
      vertex   2.269462e+02 3.263426e+01 -8.467669e+01
      vertex   2.268980e+02 3.261427e+01 -8.467549e+01
    endloop
  endfacet
  facet normal 1.304255e-01 -9.914005e-01 -1.069288e-02
    outer loop
      vertex   2.268666e+02 3.262232e+01 -8.580406e+01
      vertex   2.268980e+02 3.261427e+01 -8.467549e+01
      vertex   2.268462e+02 3.260745e+01 -8.467410e+01
    endloop
  endfacet
  facet normal 3.824889e-01 -9.237997e-01 -1.721447e-02
    outer loop
      vertex   2.259886e+02 3.284764e+01 -1.174040e+02
      vertex   2.259573e+02 3.285569e+01 -1.185325e+02
      vertex   2.260368e+02 3.286763e+01 -1.174052e+02
    endloop
  endfacet
  facet normal 3.824889e-01 -9.237997e-01 -1.721447e-02
    outer loop
      vertex   2.260368e+02 3.286763e+01 -1.174052e+02
      vertex   2.259573e+02 3.285569e+01 -1.185325e+02
      vertex   2.260055e+02 3.287567e+01 -1.185337e+02
    endloop
  endfacet
  facet normal 6.084863e-01 -7.932436e-01 -2.256291e-02
    outer loop
      vertex   2.260368e+02 3.286763e+01 -1.174052e+02
      vertex   2.260055e+02 3.287567e+01 -1.185337e+02
      vertex   2.260783e+02 3.289941e+01 -1.174061e+02
    endloop
  endfacet
  facet normal 6.084863e-01 -7.932436e-01 -2.256291e-02
    outer loop
      vertex   2.260783e+02 3.289941e+01 -1.174061e+02
      vertex   2.260055e+02 3.287567e+01 -1.185337e+02
      vertex   2.260469e+02 3.290746e+01 -1.185347e+02
    endloop
  endfacet
  facet normal 7.930164e-01 -6.086292e-01 -2.637373e-02
    outer loop
      vertex   2.260783e+02 3.289941e+01 -1.174061e+02
      vertex   2.260469e+02 3.290746e+01 -1.185347e+02
      vertex   2.261100e+02 3.294084e+01 -1.174067e+02
    endloop
  endfacet
  facet normal 7.930164e-01 -6.086292e-01 -2.637373e-02
    outer loop
      vertex   2.261100e+02 3.294084e+01 -1.174067e+02
      vertex   2.260469e+02 3.290746e+01 -1.185347e+02
      vertex   2.260787e+02 3.294889e+01 -1.185352e+02
    endloop
  endfacet
  facet normal 9.235037e-01 -3.825377e-01 -2.838723e-02
    outer loop
      vertex   2.261100e+02 3.294084e+01 -1.174067e+02
      vertex   2.260787e+02 3.294889e+01 -1.185352e+02
      vertex   2.261300e+02 3.298908e+01 -1.174069e+02
    endloop
  endfacet
  facet normal 9.235037e-01 -3.825377e-01 -2.838723e-02
    outer loop
      vertex   2.261300e+02 3.298908e+01 -1.174069e+02
      vertex   2.260787e+02 3.294889e+01 -1.185352e+02
      vertex   2.260986e+02 3.299712e+01 -1.185354e+02
    endloop
  endfacet
  facet normal 9.910558e-01 -1.303769e-01 -2.846618e-02
    outer loop
      vertex   2.261300e+02 3.298908e+01 -1.174069e+02
      vertex   2.260986e+02 3.299712e+01 -1.185354e+02
      vertex   2.260741e+02 3.305693e+01 -1.196638e+02
    endloop
  endfacet
  facet normal 1.304255e-01 -9.914005e-01 -1.069288e-02
    outer loop
      vertex   2.260200e+02 3.283959e+01 -1.162754e+02
      vertex   2.260513e+02 3.283154e+01 -1.151468e+02
      vertex   2.258742e+02 3.285691e+01 -1.196597e+02
    endloop
  endfacet
  facet normal 1.304255e-01 -9.914005e-01 -1.069288e-02
    outer loop
      vertex   2.258742e+02 3.285691e+01 -1.196597e+02
      vertex   2.260513e+02 3.283154e+01 -1.151468e+02
      vertex   2.260827e+02 3.282350e+01 -1.140183e+02
    endloop
  endfacet
  facet normal 1.304255e-01 -9.914005e-01 -1.069288e-02
    outer loop
      vertex   2.258742e+02 3.285691e+01 -1.196597e+02
      vertex   2.260827e+02 3.282350e+01 -1.140183e+02
      vertex   2.261141e+02 3.281545e+01 -1.128897e+02
    endloop
  endfacet
  facet normal 3.824889e-01 -9.237997e-01 -1.721447e-02
    outer loop
      vertex   2.261141e+02 3.281545e+01 -1.128897e+02
      vertex   2.260827e+02 3.282350e+01 -1.140183e+02
      vertex   2.261623e+02 3.283544e+01 -1.128909e+02
    endloop
  endfacet
  facet normal 3.824889e-01 -9.237997e-01 -1.721447e-02
    outer loop
      vertex   2.261141e+02 3.281545e+01 -1.128897e+02
      vertex   2.261623e+02 3.283544e+01 -1.128909e+02
      vertex   2.261936e+02 3.282739e+01 -1.117623e+02
    endloop
  endfacet
  facet normal 6.084863e-01 -7.932436e-01 -2.256291e-02
    outer loop
      vertex   2.261936e+02 3.282739e+01 -1.117623e+02
      vertex   2.261623e+02 3.283544e+01 -1.128909e+02
      vertex   2.262350e+02 3.285918e+01 -1.117632e+02
    endloop
  endfacet
  facet normal 6.084863e-01 -7.932436e-01 -2.256291e-02
    outer loop
      vertex   2.261936e+02 3.282739e+01 -1.117623e+02
      vertex   2.262350e+02 3.285918e+01 -1.117632e+02
      vertex   2.262664e+02 3.285113e+01 -1.106347e+02
    endloop
  endfacet
  facet normal 7.930164e-01 -6.086292e-01 -2.637373e-02
    outer loop
      vertex   2.262664e+02 3.285113e+01 -1.106347e+02
      vertex   2.262350e+02 3.285918e+01 -1.117632e+02
      vertex   2.262982e+02 3.289256e+01 -1.106353e+02
    endloop
  endfacet
  facet normal 3.824889e-01 -9.237997e-01 -1.721447e-02
    outer loop
      vertex   2.260200e+02 3.283959e+01 -1.162754e+02
      vertex   2.260996e+02 3.285153e+01 -1.151480e+02
      vertex   2.260513e+02 3.283154e+01 -1.151468e+02
    endloop
  endfacet
  facet normal 3.824889e-01 -9.237997e-01 -1.721447e-02
    outer loop
      vertex   2.260513e+02 3.283154e+01 -1.151468e+02
      vertex   2.260996e+02 3.285153e+01 -1.151480e+02
      vertex   2.261309e+02 3.284348e+01 -1.140195e+02
    endloop
  endfacet
  facet normal 3.824889e-01 -9.237997e-01 -1.721447e-02
    outer loop
      vertex   2.260513e+02 3.283154e+01 -1.151468e+02
      vertex   2.261309e+02 3.284348e+01 -1.140195e+02
      vertex   2.260827e+02 3.282350e+01 -1.140183e+02
    endloop
  endfacet
  facet normal 3.824889e-01 -9.237997e-01 -1.721447e-02
    outer loop
      vertex   2.260827e+02 3.282350e+01 -1.140183e+02
      vertex   2.261309e+02 3.284348e+01 -1.140195e+02
      vertex   2.261623e+02 3.283544e+01 -1.128909e+02
    endloop
  endfacet
  facet normal 1.304255e-01 -9.914005e-01 -1.069288e-02
    outer loop
      vertex   2.261768e+02 3.279936e+01 -1.106326e+02
      vertex   2.258742e+02 3.285691e+01 -1.196597e+02
      vertex   2.261454e+02 3.280740e+01 -1.117611e+02
    endloop
  endfacet
  facet normal 1.304255e-01 -9.914005e-01 -1.069288e-02
    outer loop
      vertex   2.261454e+02 3.280740e+01 -1.117611e+02
      vertex   2.258742e+02 3.285691e+01 -1.196597e+02
      vertex   2.261141e+02 3.281545e+01 -1.128897e+02
    endloop
  endfacet
  facet normal 3.824889e-01 -9.237997e-01 -1.721447e-02
    outer loop
      vertex   2.261454e+02 3.280740e+01 -1.117611e+02
      vertex   2.261141e+02 3.281545e+01 -1.128897e+02
      vertex   2.261936e+02 3.282739e+01 -1.117623e+02
    endloop
  endfacet
  facet normal 3.824889e-01 -9.237997e-01 -1.721447e-02
    outer loop
      vertex   2.262250e+02 3.281934e+01 -1.106338e+02
      vertex   2.261768e+02 3.279936e+01 -1.106326e+02
      vertex   2.261454e+02 3.280740e+01 -1.117611e+02
    endloop
  endfacet
  facet normal 3.824889e-01 -9.237997e-01 -1.721447e-02
    outer loop
      vertex   2.262250e+02 3.281934e+01 -1.106338e+02
      vertex   2.261454e+02 3.280740e+01 -1.117611e+02
      vertex   2.261936e+02 3.282739e+01 -1.117623e+02
    endloop
  endfacet
  facet normal 3.824889e-01 -9.237997e-01 -1.721447e-02
    outer loop
      vertex   2.262395e+02 3.278326e+01 -1.083754e+02
      vertex   2.262081e+02 3.279131e+01 -1.095040e+02
      vertex   2.262877e+02 3.280325e+01 -1.083766e+02
    endloop
  endfacet
  facet normal 3.824889e-01 -9.237997e-01 -1.721447e-02
    outer loop
      vertex   2.262877e+02 3.280325e+01 -1.083766e+02
      vertex   2.262081e+02 3.279131e+01 -1.095040e+02
      vertex   2.262563e+02 3.281130e+01 -1.095052e+02
    endloop
  endfacet
  facet normal 6.084863e-01 -7.932436e-01 -2.256291e-02
    outer loop
      vertex   2.262877e+02 3.280325e+01 -1.083766e+02
      vertex   2.262563e+02 3.281130e+01 -1.095052e+02
      vertex   2.263291e+02 3.283504e+01 -1.083775e+02
    endloop
  endfacet
  facet normal 6.084863e-01 -7.932436e-01 -2.256291e-02
    outer loop
      vertex   2.263291e+02 3.283504e+01 -1.083775e+02
      vertex   2.262563e+02 3.281130e+01 -1.095052e+02
      vertex   2.262978e+02 3.284308e+01 -1.095061e+02
    endloop
  endfacet
  facet normal 7.930164e-01 -6.086292e-01 -2.637373e-02
    outer loop
      vertex   2.263291e+02 3.283504e+01 -1.083775e+02
      vertex   2.262978e+02 3.284308e+01 -1.095061e+02
      vertex   2.263609e+02 3.287646e+01 -1.083781e+02
    endloop
  endfacet
  facet normal 7.930164e-01 -6.086292e-01 -2.637373e-02
    outer loop
      vertex   2.263609e+02 3.287646e+01 -1.083781e+02
      vertex   2.262978e+02 3.284308e+01 -1.095061e+02
      vertex   2.263295e+02 3.288451e+01 -1.095067e+02
    endloop
  endfacet
  facet normal 9.235037e-01 -3.825377e-01 -2.838723e-02
    outer loop
      vertex   2.263609e+02 3.287646e+01 -1.083781e+02
      vertex   2.263295e+02 3.288451e+01 -1.095067e+02
      vertex   2.263809e+02 3.292470e+01 -1.083783e+02
    endloop
  endfacet
  facet normal 9.235037e-01 -3.825377e-01 -2.838723e-02
    outer loop
      vertex   2.263809e+02 3.292470e+01 -1.083783e+02
      vertex   2.263295e+02 3.288451e+01 -1.095067e+02
      vertex   2.263495e+02 3.293275e+01 -1.095069e+02
    endloop
  endfacet
  facet normal 9.910558e-01 -1.303769e-01 -2.846618e-02
    outer loop
      vertex   2.263809e+02 3.292470e+01 -1.083783e+02
      vertex   2.263495e+02 3.293275e+01 -1.095069e+02
      vertex   2.260741e+02 3.305693e+01 -1.196638e+02
    endloop
  endfacet
  facet normal 1.304255e-01 -9.914005e-01 -1.069288e-02
    outer loop
      vertex   2.262708e+02 3.277522e+01 -1.072468e+02
      vertex   2.263022e+02 3.276717e+01 -1.061183e+02
      vertex   2.258742e+02 3.285691e+01 -1.196597e+02
    endloop
  endfacet
  facet normal 1.304255e-01 -9.914005e-01 -1.069288e-02
    outer loop
      vertex   2.258742e+02 3.285691e+01 -1.196597e+02
      vertex   2.263022e+02 3.276717e+01 -1.061183e+02
      vertex   2.263336e+02 3.275912e+01 -1.049897e+02
    endloop
  endfacet
  facet normal 1.304255e-01 -9.914005e-01 -1.069288e-02
    outer loop
      vertex   2.258742e+02 3.285691e+01 -1.196597e+02
      vertex   2.263336e+02 3.275912e+01 -1.049897e+02
      vertex   2.263649e+02 3.275107e+01 -1.038611e+02
    endloop
  endfacet
  facet normal 3.824889e-01 -9.237997e-01 -1.721447e-02
    outer loop
      vertex   2.263649e+02 3.275107e+01 -1.038611e+02
      vertex   2.263336e+02 3.275912e+01 -1.049897e+02
      vertex   2.264131e+02 3.277106e+01 -1.038623e+02
    endloop
  endfacet
  facet normal 3.824889e-01 -9.237997e-01 -1.721447e-02
    outer loop
      vertex   2.263649e+02 3.275107e+01 -1.038611e+02
      vertex   2.264131e+02 3.277106e+01 -1.038623e+02
      vertex   2.264445e+02 3.276301e+01 -1.027338e+02
    endloop
  endfacet
  facet normal 6.084863e-01 -7.932436e-01 -2.256291e-02
    outer loop
      vertex   2.264445e+02 3.276301e+01 -1.027338e+02
      vertex   2.264131e+02 3.277106e+01 -1.038623e+02
      vertex   2.264859e+02 3.279480e+01 -1.027347e+02
    endloop
  endfacet
  facet normal 6.084863e-01 -7.932436e-01 -2.256291e-02
    outer loop
      vertex   2.264445e+02 3.276301e+01 -1.027338e+02
      vertex   2.264859e+02 3.279480e+01 -1.027347e+02
      vertex   2.265173e+02 3.278676e+01 -1.016061e+02
    endloop
  endfacet
  facet normal 7.930164e-01 -6.086292e-01 -2.637373e-02
    outer loop
      vertex   2.265173e+02 3.278676e+01 -1.016061e+02
      vertex   2.264859e+02 3.279480e+01 -1.027347e+02
      vertex   2.265490e+02 3.282818e+01 -1.016067e+02
    endloop
  endfacet
  facet normal 7.930164e-01 -6.086292e-01 -2.637373e-02
    outer loop
      vertex   2.265173e+02 3.278676e+01 -1.016061e+02
      vertex   2.265490e+02 3.282818e+01 -1.016067e+02
      vertex   2.265804e+02 3.282013e+01 -1.004781e+02
    endloop
  endfacet
  facet normal 9.235037e-01 -3.825377e-01 -2.838723e-02
    outer loop
      vertex   2.265804e+02 3.282013e+01 -1.004781e+02
      vertex   2.265490e+02 3.282818e+01 -1.016067e+02
      vertex   2.266004e+02 3.286837e+01 -1.004784e+02
    endloop
  endfacet
  facet normal 9.235037e-01 -3.825377e-01 -2.838723e-02
    outer loop
      vertex   2.265804e+02 3.282013e+01 -1.004781e+02
      vertex   2.266004e+02 3.286837e+01 -1.004784e+02
      vertex   2.266317e+02 3.286032e+01 -9.934979e+01
    endloop
  endfacet
  facet normal 9.910558e-01 -1.303769e-01 -2.846618e-02
    outer loop
      vertex   2.266317e+02 3.286032e+01 -9.934979e+01
      vertex   2.266004e+02 3.286837e+01 -1.004784e+02
      vertex   2.270462e+02 3.280748e+01 -8.467823e+01
    endloop
  endfacet
  facet normal 9.910558e-01 -1.303769e-01 -2.846618e-02
    outer loop
      vertex   2.266317e+02 3.286032e+01 -9.934979e+01
      vertex   2.270462e+02 3.280748e+01 -8.467823e+01
      vertex   2.266631e+02 3.285228e+01 -9.822122e+01
    endloop
  endfacet
  facet normal 9.910558e-01 -1.303769e-01 -2.846618e-02
    outer loop
      vertex   2.266631e+02 3.285228e+01 -9.822122e+01
      vertex   2.270462e+02 3.280748e+01 -8.467823e+01
      vertex   2.266944e+02 3.284423e+01 -9.709266e+01
    endloop
  endfacet
  facet normal 9.235037e-01 -3.825377e-01 -2.838723e-02
    outer loop
      vertex   2.266631e+02 3.285228e+01 -9.822122e+01
      vertex   2.266944e+02 3.284423e+01 -9.709266e+01
      vertex   2.266431e+02 3.280404e+01 -9.822101e+01
    endloop
  endfacet
  facet normal 3.824889e-01 -9.237997e-01 -1.721447e-02
    outer loop
      vertex   2.262708e+02 3.277522e+01 -1.072468e+02
      vertex   2.263504e+02 3.278715e+01 -1.061195e+02
      vertex   2.263022e+02 3.276717e+01 -1.061183e+02
    endloop
  endfacet
  facet normal 3.824889e-01 -9.237997e-01 -1.721447e-02
    outer loop
      vertex   2.263022e+02 3.276717e+01 -1.061183e+02
      vertex   2.263504e+02 3.278715e+01 -1.061195e+02
      vertex   2.263818e+02 3.277911e+01 -1.049909e+02
    endloop
  endfacet
  facet normal 3.824889e-01 -9.237997e-01 -1.721447e-02
    outer loop
      vertex   2.263022e+02 3.276717e+01 -1.061183e+02
      vertex   2.263818e+02 3.277911e+01 -1.049909e+02
      vertex   2.263336e+02 3.275912e+01 -1.049897e+02
    endloop
  endfacet
  facet normal 3.824889e-01 -9.237997e-01 -1.721447e-02
    outer loop
      vertex   2.263336e+02 3.275912e+01 -1.049897e+02
      vertex   2.263818e+02 3.277911e+01 -1.049909e+02
      vertex   2.264131e+02 3.277106e+01 -1.038623e+02
    endloop
  endfacet
  facet normal 1.304255e-01 -9.914005e-01 -1.069288e-02
    outer loop
      vertex   2.264276e+02 3.273498e+01 -1.016040e+02
      vertex   2.258742e+02 3.285691e+01 -1.196597e+02
      vertex   2.263963e+02 3.274303e+01 -1.027326e+02
    endloop
  endfacet
  facet normal 1.304255e-01 -9.914005e-01 -1.069288e-02
    outer loop
      vertex   2.263963e+02 3.274303e+01 -1.027326e+02
      vertex   2.258742e+02 3.285691e+01 -1.196597e+02
      vertex   2.263649e+02 3.275107e+01 -1.038611e+02
    endloop
  endfacet
  facet normal 3.824889e-01 -9.237997e-01 -1.721447e-02
    outer loop
      vertex   2.263963e+02 3.274303e+01 -1.027326e+02
      vertex   2.263649e+02 3.275107e+01 -1.038611e+02
      vertex   2.264445e+02 3.276301e+01 -1.027338e+02
    endloop
  endfacet
  facet normal 3.824889e-01 -9.237997e-01 -1.721447e-02
    outer loop
      vertex   2.264276e+02 3.273498e+01 -1.016040e+02
      vertex   2.263963e+02 3.274303e+01 -1.027326e+02
      vertex   2.264758e+02 3.275497e+01 -1.016052e+02
    endloop
  endfacet
  facet normal 3.824889e-01 -9.237997e-01 -1.721447e-02
    outer loop
      vertex   2.264758e+02 3.275497e+01 -1.016052e+02
      vertex   2.263963e+02 3.274303e+01 -1.027326e+02
      vertex   2.264445e+02 3.276301e+01 -1.027338e+02
    endloop
  endfacet
  facet normal 6.084863e-01 -7.932436e-01 -2.256291e-02
    outer loop
      vertex   2.264758e+02 3.275497e+01 -1.016052e+02
      vertex   2.264445e+02 3.276301e+01 -1.027338e+02
      vertex   2.265173e+02 3.278676e+01 -1.016061e+02
    endloop
  endfacet
  facet normal 1.304255e-01 -9.914005e-01 -1.069288e-02
    outer loop
      vertex   2.264590e+02 3.272693e+01 -1.004754e+02
      vertex   2.264903e+02 3.271889e+01 -9.934687e+01
      vertex   2.268462e+02 3.260745e+01 -8.467410e+01
    endloop
  endfacet
  facet normal 1.304255e-01 -9.914005e-01 -1.069288e-02
    outer loop
      vertex   2.268462e+02 3.260745e+01 -8.467410e+01
      vertex   2.264903e+02 3.271889e+01 -9.934687e+01
      vertex   2.265217e+02 3.271084e+01 -9.821830e+01
    endloop
  endfacet
  facet normal 1.304255e-01 -9.914005e-01 -1.069288e-02
    outer loop
      vertex   2.268462e+02 3.260745e+01 -8.467410e+01
      vertex   2.265217e+02 3.271084e+01 -9.821830e+01
      vertex   2.265531e+02 3.270279e+01 -9.708974e+01
    endloop
  endfacet
  facet normal 3.824889e-01 -9.237997e-01 -1.721447e-02
    outer loop
      vertex   2.265531e+02 3.270279e+01 -9.708974e+01
      vertex   2.265217e+02 3.271084e+01 -9.821830e+01
      vertex   2.266013e+02 3.272278e+01 -9.709093e+01
    endloop
  endfacet
  facet normal 3.824889e-01 -9.237997e-01 -1.721447e-02
    outer loop
      vertex   2.265531e+02 3.270279e+01 -9.708974e+01
      vertex   2.266013e+02 3.272278e+01 -9.709093e+01
      vertex   2.266326e+02 3.271473e+01 -9.596237e+01
    endloop
  endfacet
  facet normal 6.084863e-01 -7.932436e-01 -2.256291e-02
    outer loop
      vertex   2.266326e+02 3.271473e+01 -9.596237e+01
      vertex   2.266013e+02 3.272278e+01 -9.709093e+01
      vertex   2.266740e+02 3.274652e+01 -9.596329e+01
    endloop
  endfacet
  facet normal 6.084863e-01 -7.932436e-01 -2.256291e-02
    outer loop
      vertex   2.266326e+02 3.271473e+01 -9.596237e+01
      vertex   2.266740e+02 3.274652e+01 -9.596329e+01
      vertex   2.267054e+02 3.273847e+01 -9.483472e+01
    endloop
  endfacet
  facet normal 7.930164e-01 -6.086292e-01 -2.637373e-02
    outer loop
      vertex   2.267054e+02 3.273847e+01 -9.483472e+01
      vertex   2.266740e+02 3.274652e+01 -9.596329e+01
      vertex   2.267372e+02 3.277990e+01 -9.483531e+01
    endloop
  endfacet
  facet normal 3.824889e-01 -9.237997e-01 -1.721447e-02
    outer loop
      vertex   2.264590e+02 3.272693e+01 -1.004754e+02
      vertex   2.265386e+02 3.273887e+01 -9.934807e+01
      vertex   2.264903e+02 3.271889e+01 -9.934687e+01
    endloop
  endfacet
  facet normal 3.824889e-01 -9.237997e-01 -1.721447e-02
    outer loop
      vertex   2.264903e+02 3.271889e+01 -9.934687e+01
      vertex   2.265386e+02 3.273887e+01 -9.934807e+01
      vertex   2.265699e+02 3.273083e+01 -9.821950e+01
    endloop
  endfacet
  facet normal 3.824889e-01 -9.237997e-01 -1.721447e-02
    outer loop
      vertex   2.264903e+02 3.271889e+01 -9.934687e+01
      vertex   2.265699e+02 3.273083e+01 -9.821950e+01
      vertex   2.265217e+02 3.271084e+01 -9.821830e+01
    endloop
  endfacet
  facet normal 3.824889e-01 -9.237997e-01 -1.721447e-02
    outer loop
      vertex   2.265217e+02 3.271084e+01 -9.821830e+01
      vertex   2.265699e+02 3.273083e+01 -9.821950e+01
      vertex   2.266013e+02 3.272278e+01 -9.709093e+01
    endloop
  endfacet
  facet normal 1.304255e-01 -9.914005e-01 -1.069288e-02
    outer loop
      vertex   2.266158e+02 3.268670e+01 -9.483260e+01
      vertex   2.268462e+02 3.260745e+01 -8.467410e+01
      vertex   2.265844e+02 3.269474e+01 -9.596117e+01
    endloop
  endfacet
  facet normal 1.304255e-01 -9.914005e-01 -1.069288e-02
    outer loop
      vertex   2.265844e+02 3.269474e+01 -9.596117e+01
      vertex   2.268462e+02 3.260745e+01 -8.467410e+01
      vertex   2.265531e+02 3.270279e+01 -9.708974e+01
    endloop
  endfacet
  facet normal 3.824889e-01 -9.237997e-01 -1.721447e-02
    outer loop
      vertex   2.265844e+02 3.269474e+01 -9.596117e+01
      vertex   2.265531e+02 3.270279e+01 -9.708974e+01
      vertex   2.266326e+02 3.271473e+01 -9.596237e+01
    endloop
  endfacet
  facet normal 3.824889e-01 -9.237997e-01 -1.721447e-02
    outer loop
      vertex   2.266640e+02 3.270668e+01 -9.483380e+01
      vertex   2.266158e+02 3.268670e+01 -9.483260e+01
      vertex   2.265844e+02 3.269474e+01 -9.596117e+01
    endloop
  endfacet
  facet normal 3.824889e-01 -9.237997e-01 -1.721447e-02
    outer loop
      vertex   2.266640e+02 3.270668e+01 -9.483380e+01
      vertex   2.265844e+02 3.269474e+01 -9.596117e+01
      vertex   2.266326e+02 3.271473e+01 -9.596237e+01
    endloop
  endfacet
  facet normal 3.824889e-01 -9.237997e-01 -1.721447e-02
    outer loop
      vertex   2.266785e+02 3.267060e+01 -9.257546e+01
      vertex   2.266471e+02 3.267865e+01 -9.370403e+01
      vertex   2.267267e+02 3.269059e+01 -9.257666e+01
    endloop
  endfacet
  facet normal 3.824889e-01 -9.237997e-01 -1.721447e-02
    outer loop
      vertex   2.267267e+02 3.269059e+01 -9.257666e+01
      vertex   2.266471e+02 3.267865e+01 -9.370403e+01
      vertex   2.266954e+02 3.269864e+01 -9.370523e+01
    endloop
  endfacet
  facet normal 6.084863e-01 -7.932436e-01 -2.256291e-02
    outer loop
      vertex   2.267267e+02 3.269059e+01 -9.257666e+01
      vertex   2.266954e+02 3.269864e+01 -9.370523e+01
      vertex   2.267681e+02 3.272238e+01 -9.257759e+01
    endloop
  endfacet
  facet normal 6.084863e-01 -7.932436e-01 -2.256291e-02
    outer loop
      vertex   2.267681e+02 3.272238e+01 -9.257759e+01
      vertex   2.266954e+02 3.269864e+01 -9.370523e+01
      vertex   2.267368e+02 3.273043e+01 -9.370615e+01
    endloop
  endfacet
  facet normal 7.930164e-01 -6.086292e-01 -2.637373e-02
    outer loop
      vertex   2.267681e+02 3.272238e+01 -9.257759e+01
      vertex   2.267368e+02 3.273043e+01 -9.370615e+01
      vertex   2.267999e+02 3.276380e+01 -9.257817e+01
    endloop
  endfacet
  facet normal 7.930164e-01 -6.086292e-01 -2.637373e-02
    outer loop
      vertex   2.267999e+02 3.276380e+01 -9.257817e+01
      vertex   2.267368e+02 3.273043e+01 -9.370615e+01
      vertex   2.267685e+02 3.277185e+01 -9.370674e+01
    endloop
  endfacet
  facet normal 9.235037e-01 -3.825377e-01 -2.838723e-02
    outer loop
      vertex   2.267999e+02 3.276380e+01 -9.257817e+01
      vertex   2.267685e+02 3.277185e+01 -9.370674e+01
      vertex   2.268199e+02 3.281204e+01 -9.257838e+01
    endloop
  endfacet
  facet normal 9.235037e-01 -3.825377e-01 -2.838723e-02
    outer loop
      vertex   2.268199e+02 3.281204e+01 -9.257838e+01
      vertex   2.267685e+02 3.277185e+01 -9.370674e+01
      vertex   2.267885e+02 3.282009e+01 -9.370695e+01
    endloop
  endfacet
  facet normal 9.910558e-01 -1.303769e-01 -2.846618e-02
    outer loop
      vertex   2.268199e+02 3.281204e+01 -9.257838e+01
      vertex   2.267885e+02 3.282009e+01 -9.370695e+01
      vertex   2.270462e+02 3.280748e+01 -8.467823e+01
    endloop
  endfacet
  facet normal 1.304255e-01 -9.914005e-01 -1.069288e-02
    outer loop
      vertex   2.267098e+02 3.266256e+01 -9.144690e+01
      vertex   2.267412e+02 3.265451e+01 -9.031833e+01
      vertex   2.268462e+02 3.260745e+01 -8.467410e+01
    endloop
  endfacet
  facet normal 1.304255e-01 -9.914005e-01 -1.069288e-02
    outer loop
      vertex   2.268462e+02 3.260745e+01 -8.467410e+01
      vertex   2.267412e+02 3.265451e+01 -9.031833e+01
      vertex   2.267726e+02 3.264646e+01 -8.918976e+01
    endloop
  endfacet
  facet normal 1.304255e-01 -9.914005e-01 -1.069288e-02
    outer loop
      vertex   2.268462e+02 3.260745e+01 -8.467410e+01
      vertex   2.267726e+02 3.264646e+01 -8.918976e+01
      vertex   2.268039e+02 3.263842e+01 -8.806119e+01
    endloop
  endfacet
  facet normal 3.824889e-01 -9.237997e-01 -1.721447e-02
    outer loop
      vertex   2.268039e+02 3.263842e+01 -8.806119e+01
      vertex   2.267726e+02 3.264646e+01 -8.918976e+01
      vertex   2.268521e+02 3.265840e+01 -8.806239e+01
    endloop
  endfacet
  facet normal 3.824889e-01 -9.237997e-01 -1.721447e-02
    outer loop
      vertex   2.268039e+02 3.263842e+01 -8.806119e+01
      vertex   2.268521e+02 3.265840e+01 -8.806239e+01
      vertex   2.268835e+02 3.265035e+01 -8.693382e+01
    endloop
  endfacet
  facet normal 6.084863e-01 -7.932436e-01 -2.256291e-02
    outer loop
      vertex   2.268835e+02 3.265035e+01 -8.693382e+01
      vertex   2.268521e+02 3.265840e+01 -8.806239e+01
      vertex   2.269249e+02 3.268214e+01 -8.693475e+01
    endloop
  endfacet
  facet normal 6.084863e-01 -7.932436e-01 -2.256291e-02
    outer loop
      vertex   2.268835e+02 3.265035e+01 -8.693382e+01
      vertex   2.269249e+02 3.268214e+01 -8.693475e+01
      vertex   2.269563e+02 3.267410e+01 -8.580618e+01
    endloop
  endfacet
  facet normal 7.930164e-01 -6.086292e-01 -2.637373e-02
    outer loop
      vertex   2.269563e+02 3.267410e+01 -8.580618e+01
      vertex   2.269249e+02 3.268214e+01 -8.693475e+01
      vertex   2.269880e+02 3.271552e+01 -8.580676e+01
    endloop
  endfacet
  facet normal 3.824889e-01 -9.237997e-01 -1.721447e-02
    outer loop
      vertex   2.267098e+02 3.266256e+01 -9.144690e+01
      vertex   2.267894e+02 3.267450e+01 -9.031953e+01
      vertex   2.267412e+02 3.265451e+01 -9.031833e+01
    endloop
  endfacet
  facet normal 3.824889e-01 -9.237997e-01 -1.721447e-02
    outer loop
      vertex   2.267412e+02 3.265451e+01 -9.031833e+01
      vertex   2.267894e+02 3.267450e+01 -9.031953e+01
      vertex   2.268208e+02 3.266645e+01 -8.919096e+01
    endloop
  endfacet
  facet normal 3.824889e-01 -9.237997e-01 -1.721447e-02
    outer loop
      vertex   2.267412e+02 3.265451e+01 -9.031833e+01
      vertex   2.268208e+02 3.266645e+01 -8.919096e+01
      vertex   2.267726e+02 3.264646e+01 -8.918976e+01
    endloop
  endfacet
  facet normal 3.824889e-01 -9.237997e-01 -1.721447e-02
    outer loop
      vertex   2.267726e+02 3.264646e+01 -8.918976e+01
      vertex   2.268208e+02 3.266645e+01 -8.919096e+01
      vertex   2.268521e+02 3.265840e+01 -8.806239e+01
    endloop
  endfacet
  facet normal 1.304255e-01 -9.914005e-01 -1.069288e-02
    outer loop
      vertex   2.268666e+02 3.262232e+01 -8.580406e+01
      vertex   2.268462e+02 3.260745e+01 -8.467410e+01
      vertex   2.268353e+02 3.263037e+01 -8.693262e+01
    endloop
  endfacet
  facet normal 1.304255e-01 -9.914005e-01 -1.069288e-02
    outer loop
      vertex   2.268353e+02 3.263037e+01 -8.693262e+01
      vertex   2.268462e+02 3.260745e+01 -8.467410e+01
      vertex   2.268039e+02 3.263842e+01 -8.806119e+01
    endloop
  endfacet
  facet normal 3.824889e-01 -9.237997e-01 -1.721447e-02
    outer loop
      vertex   2.268353e+02 3.263037e+01 -8.693262e+01
      vertex   2.268039e+02 3.263842e+01 -8.806119e+01
      vertex   2.268835e+02 3.265035e+01 -8.693382e+01
    endloop
  endfacet
  facet normal 3.824889e-01 -9.237997e-01 -1.721447e-02
    outer loop
      vertex   2.269149e+02 3.264231e+01 -8.580525e+01
      vertex   2.268666e+02 3.262232e+01 -8.580406e+01
      vertex   2.268353e+02 3.263037e+01 -8.693262e+01
    endloop
  endfacet
  facet normal 3.824889e-01 -9.237997e-01 -1.721447e-02
    outer loop
      vertex   2.269149e+02 3.264231e+01 -8.580525e+01
      vertex   2.268353e+02 3.263037e+01 -8.693262e+01
      vertex   2.268835e+02 3.265035e+01 -8.693382e+01
    endloop
  endfacet
  facet normal 3.824889e-01 -9.237997e-01 -1.721447e-02
    outer loop
      vertex   2.259886e+02 3.284764e+01 -1.174040e+02
      vertex   2.260368e+02 3.286763e+01 -1.174052e+02
      vertex   2.260682e+02 3.285958e+01 -1.162766e+02
    endloop
  endfacet
  facet normal 6.084863e-01 -7.932436e-01 -2.256291e-02
    outer loop
      vertex   2.260682e+02 3.285958e+01 -1.162766e+02
      vertex   2.260368e+02 3.286763e+01 -1.174052e+02
      vertex   2.261096e+02 3.289137e+01 -1.162775e+02
    endloop
  endfacet
  facet normal 6.084863e-01 -7.932436e-01 -2.256291e-02
    outer loop
      vertex   2.260682e+02 3.285958e+01 -1.162766e+02
      vertex   2.261096e+02 3.289137e+01 -1.162775e+02
      vertex   2.261410e+02 3.288332e+01 -1.151489e+02
    endloop
  endfacet
  facet normal 7.930164e-01 -6.086292e-01 -2.637373e-02
    outer loop
      vertex   2.261410e+02 3.288332e+01 -1.151489e+02
      vertex   2.261096e+02 3.289137e+01 -1.162775e+02
      vertex   2.261727e+02 3.292475e+01 -1.151495e+02
    endloop
  endfacet
  facet normal 7.930164e-01 -6.086292e-01 -2.637373e-02
    outer loop
      vertex   2.261410e+02 3.288332e+01 -1.151489e+02
      vertex   2.261727e+02 3.292475e+01 -1.151495e+02
      vertex   2.262041e+02 3.291670e+01 -1.140210e+02
    endloop
  endfacet
  facet normal 9.235037e-01 -3.825377e-01 -2.838723e-02
    outer loop
      vertex   2.262041e+02 3.291670e+01 -1.140210e+02
      vertex   2.261727e+02 3.292475e+01 -1.151495e+02
      vertex   2.262241e+02 3.296494e+01 -1.140212e+02
    endloop
  endfacet
  facet normal 9.235037e-01 -3.825377e-01 -2.838723e-02
    outer loop
      vertex   2.262041e+02 3.291670e+01 -1.140210e+02
      vertex   2.262241e+02 3.296494e+01 -1.140212e+02
      vertex   2.262554e+02 3.295689e+01 -1.128926e+02
    endloop
  endfacet
  facet normal 9.910558e-01 -1.303769e-01 -2.846618e-02
    outer loop
      vertex   2.262554e+02 3.295689e+01 -1.128926e+02
      vertex   2.262241e+02 3.296494e+01 -1.140212e+02
      vertex   2.260741e+02 3.305693e+01 -1.196638e+02
    endloop
  endfacet
  facet normal 6.084863e-01 -7.932436e-01 -2.256291e-02
    outer loop
      vertex   2.261096e+02 3.289137e+01 -1.162775e+02
      vertex   2.260368e+02 3.286763e+01 -1.174052e+02
      vertex   2.260783e+02 3.289941e+01 -1.174061e+02
    endloop
  endfacet
  facet normal 6.084863e-01 -7.932436e-01 -2.256291e-02
    outer loop
      vertex   2.260996e+02 3.285153e+01 -1.151480e+02
      vertex   2.261723e+02 3.287527e+01 -1.140204e+02
      vertex   2.261309e+02 3.284348e+01 -1.140195e+02
    endloop
  endfacet
  facet normal 6.084863e-01 -7.932436e-01 -2.256291e-02
    outer loop
      vertex   2.261309e+02 3.284348e+01 -1.140195e+02
      vertex   2.261723e+02 3.287527e+01 -1.140204e+02
      vertex   2.262037e+02 3.286723e+01 -1.128918e+02
    endloop
  endfacet
  facet normal 6.084863e-01 -7.932436e-01 -2.256291e-02
    outer loop
      vertex   2.261309e+02 3.284348e+01 -1.140195e+02
      vertex   2.262037e+02 3.286723e+01 -1.128918e+02
      vertex   2.261623e+02 3.283544e+01 -1.128909e+02
    endloop
  endfacet
  facet normal 6.084863e-01 -7.932436e-01 -2.256291e-02
    outer loop
      vertex   2.261623e+02 3.283544e+01 -1.128909e+02
      vertex   2.262037e+02 3.286723e+01 -1.128918e+02
      vertex   2.262350e+02 3.285918e+01 -1.117632e+02
    endloop
  endfacet
  facet normal 6.084863e-01 -7.932436e-01 -2.256291e-02
    outer loop
      vertex   2.262664e+02 3.285113e+01 -1.106347e+02
      vertex   2.262250e+02 3.281934e+01 -1.106338e+02
      vertex   2.261936e+02 3.282739e+01 -1.117623e+02
    endloop
  endfacet
  facet normal 3.824889e-01 -9.237997e-01 -1.721447e-02
    outer loop
      vertex   2.262395e+02 3.278326e+01 -1.083754e+02
      vertex   2.262877e+02 3.280325e+01 -1.083766e+02
      vertex   2.263191e+02 3.279520e+01 -1.072480e+02
    endloop
  endfacet
  facet normal 6.084863e-01 -7.932436e-01 -2.256291e-02
    outer loop
      vertex   2.263191e+02 3.279520e+01 -1.072480e+02
      vertex   2.262877e+02 3.280325e+01 -1.083766e+02
      vertex   2.263605e+02 3.282699e+01 -1.072490e+02
    endloop
  endfacet
  facet normal 6.084863e-01 -7.932436e-01 -2.256291e-02
    outer loop
      vertex   2.263191e+02 3.279520e+01 -1.072480e+02
      vertex   2.263605e+02 3.282699e+01 -1.072490e+02
      vertex   2.263918e+02 3.281894e+01 -1.061204e+02
    endloop
  endfacet
  facet normal 7.930164e-01 -6.086292e-01 -2.637373e-02
    outer loop
      vertex   2.263918e+02 3.281894e+01 -1.061204e+02
      vertex   2.263605e+02 3.282699e+01 -1.072490e+02
      vertex   2.264236e+02 3.286037e+01 -1.061210e+02
    endloop
  endfacet
  facet normal 7.930164e-01 -6.086292e-01 -2.637373e-02
    outer loop
      vertex   2.263918e+02 3.281894e+01 -1.061204e+02
      vertex   2.264236e+02 3.286037e+01 -1.061210e+02
      vertex   2.264550e+02 3.285232e+01 -1.049924e+02
    endloop
  endfacet
  facet normal 9.235037e-01 -3.825377e-01 -2.838723e-02
    outer loop
      vertex   2.264550e+02 3.285232e+01 -1.049924e+02
      vertex   2.264236e+02 3.286037e+01 -1.061210e+02
      vertex   2.264749e+02 3.290056e+01 -1.049926e+02
    endloop
  endfacet
  facet normal 9.235037e-01 -3.825377e-01 -2.838723e-02
    outer loop
      vertex   2.264550e+02 3.285232e+01 -1.049924e+02
      vertex   2.264749e+02 3.290056e+01 -1.049926e+02
      vertex   2.265063e+02 3.289251e+01 -1.038641e+02
    endloop
  endfacet
  facet normal 9.910558e-01 -1.303769e-01 -2.846618e-02
    outer loop
      vertex   2.265063e+02 3.289251e+01 -1.038641e+02
      vertex   2.264749e+02 3.290056e+01 -1.049926e+02
      vertex   2.260741e+02 3.305693e+01 -1.196638e+02
    endloop
  endfacet
  facet normal 6.084863e-01 -7.932436e-01 -2.256291e-02
    outer loop
      vertex   2.263605e+02 3.282699e+01 -1.072490e+02
      vertex   2.262877e+02 3.280325e+01 -1.083766e+02
      vertex   2.263291e+02 3.283504e+01 -1.083775e+02
    endloop
  endfacet
  facet normal 6.084863e-01 -7.932436e-01 -2.256291e-02
    outer loop
      vertex   2.263504e+02 3.278715e+01 -1.061195e+02
      vertex   2.264232e+02 3.281090e+01 -1.049918e+02
      vertex   2.263818e+02 3.277911e+01 -1.049909e+02
    endloop
  endfacet
  facet normal 6.084863e-01 -7.932436e-01 -2.256291e-02
    outer loop
      vertex   2.263818e+02 3.277911e+01 -1.049909e+02
      vertex   2.264232e+02 3.281090e+01 -1.049918e+02
      vertex   2.264545e+02 3.280285e+01 -1.038633e+02
    endloop
  endfacet
  facet normal 6.084863e-01 -7.932436e-01 -2.256291e-02
    outer loop
      vertex   2.263818e+02 3.277911e+01 -1.049909e+02
      vertex   2.264545e+02 3.280285e+01 -1.038633e+02
      vertex   2.264131e+02 3.277106e+01 -1.038623e+02
    endloop
  endfacet
  facet normal 6.084863e-01 -7.932436e-01 -2.256291e-02
    outer loop
      vertex   2.264131e+02 3.277106e+01 -1.038623e+02
      vertex   2.264545e+02 3.280285e+01 -1.038633e+02
      vertex   2.264859e+02 3.279480e+01 -1.027347e+02
    endloop
  endfacet
  facet normal 3.824889e-01 -9.237997e-01 -1.721447e-02
    outer loop
      vertex   2.264276e+02 3.273498e+01 -1.016040e+02
      vertex   2.264758e+02 3.275497e+01 -1.016052e+02
      vertex   2.265072e+02 3.274692e+01 -1.004766e+02
    endloop
  endfacet
  facet normal 6.084863e-01 -7.932436e-01 -2.256291e-02
    outer loop
      vertex   2.265072e+02 3.274692e+01 -1.004766e+02
      vertex   2.264758e+02 3.275497e+01 -1.016052e+02
      vertex   2.265486e+02 3.277871e+01 -1.004776e+02
    endloop
  endfacet
  facet normal 6.084863e-01 -7.932436e-01 -2.256291e-02
    outer loop
      vertex   2.265072e+02 3.274692e+01 -1.004766e+02
      vertex   2.265486e+02 3.277871e+01 -1.004776e+02
      vertex   2.265800e+02 3.277066e+01 -9.934899e+01
    endloop
  endfacet
  facet normal 7.930164e-01 -6.086292e-01 -2.637373e-02
    outer loop
      vertex   2.265800e+02 3.277066e+01 -9.934899e+01
      vertex   2.265486e+02 3.277871e+01 -1.004776e+02
      vertex   2.266117e+02 3.281209e+01 -9.934958e+01
    endloop
  endfacet
  facet normal 7.930164e-01 -6.086292e-01 -2.637373e-02
    outer loop
      vertex   2.265800e+02 3.277066e+01 -9.934899e+01
      vertex   2.266117e+02 3.281209e+01 -9.934958e+01
      vertex   2.266431e+02 3.280404e+01 -9.822101e+01
    endloop
  endfacet
  facet normal 9.235037e-01 -3.825377e-01 -2.838723e-02
    outer loop
      vertex   2.266431e+02 3.280404e+01 -9.822101e+01
      vertex   2.266117e+02 3.281209e+01 -9.934958e+01
      vertex   2.266631e+02 3.285228e+01 -9.822122e+01
    endloop
  endfacet
  facet normal 6.084863e-01 -7.932436e-01 -2.256291e-02
    outer loop
      vertex   2.265486e+02 3.277871e+01 -1.004776e+02
      vertex   2.264758e+02 3.275497e+01 -1.016052e+02
      vertex   2.265173e+02 3.278676e+01 -1.016061e+02
    endloop
  endfacet
  facet normal 6.084863e-01 -7.932436e-01 -2.256291e-02
    outer loop
      vertex   2.265386e+02 3.273887e+01 -9.934807e+01
      vertex   2.266113e+02 3.276261e+01 -9.822043e+01
      vertex   2.265699e+02 3.273083e+01 -9.821950e+01
    endloop
  endfacet
  facet normal 6.084863e-01 -7.932436e-01 -2.256291e-02
    outer loop
      vertex   2.265699e+02 3.273083e+01 -9.821950e+01
      vertex   2.266113e+02 3.276261e+01 -9.822043e+01
      vertex   2.266427e+02 3.275457e+01 -9.709186e+01
    endloop
  endfacet
  facet normal 6.084863e-01 -7.932436e-01 -2.256291e-02
    outer loop
      vertex   2.265699e+02 3.273083e+01 -9.821950e+01
      vertex   2.266427e+02 3.275457e+01 -9.709186e+01
      vertex   2.266013e+02 3.272278e+01 -9.709093e+01
    endloop
  endfacet
  facet normal 6.084863e-01 -7.932436e-01 -2.256291e-02
    outer loop
      vertex   2.266013e+02 3.272278e+01 -9.709093e+01
      vertex   2.266427e+02 3.275457e+01 -9.709186e+01
      vertex   2.266740e+02 3.274652e+01 -9.596329e+01
    endloop
  endfacet
  facet normal 6.084863e-01 -7.932436e-01 -2.256291e-02
    outer loop
      vertex   2.267054e+02 3.273847e+01 -9.483472e+01
      vertex   2.266640e+02 3.270668e+01 -9.483380e+01
      vertex   2.266326e+02 3.271473e+01 -9.596237e+01
    endloop
  endfacet
  facet normal 3.824889e-01 -9.237997e-01 -1.721447e-02
    outer loop
      vertex   2.266785e+02 3.267060e+01 -9.257546e+01
      vertex   2.267267e+02 3.269059e+01 -9.257666e+01
      vertex   2.267581e+02 3.268254e+01 -9.144809e+01
    endloop
  endfacet
  facet normal 6.084863e-01 -7.932436e-01 -2.256291e-02
    outer loop
      vertex   2.267581e+02 3.268254e+01 -9.144809e+01
      vertex   2.267267e+02 3.269059e+01 -9.257666e+01
      vertex   2.267995e+02 3.271433e+01 -9.144902e+01
    endloop
  endfacet
  facet normal 6.084863e-01 -7.932436e-01 -2.256291e-02
    outer loop
      vertex   2.267581e+02 3.268254e+01 -9.144809e+01
      vertex   2.267995e+02 3.271433e+01 -9.144902e+01
      vertex   2.268308e+02 3.270628e+01 -9.032045e+01
    endloop
  endfacet
  facet normal 7.930164e-01 -6.086292e-01 -2.637373e-02
    outer loop
      vertex   2.268308e+02 3.270628e+01 -9.032045e+01
      vertex   2.267995e+02 3.271433e+01 -9.144902e+01
      vertex   2.268626e+02 3.274771e+01 -9.032104e+01
    endloop
  endfacet
  facet normal 7.930164e-01 -6.086292e-01 -2.637373e-02
    outer loop
      vertex   2.268308e+02 3.270628e+01 -9.032045e+01
      vertex   2.268626e+02 3.274771e+01 -9.032104e+01
      vertex   2.268940e+02 3.273966e+01 -8.919247e+01
    endloop
  endfacet
  facet normal 9.235037e-01 -3.825377e-01 -2.838723e-02
    outer loop
      vertex   2.268940e+02 3.273966e+01 -8.919247e+01
      vertex   2.268626e+02 3.274771e+01 -9.032104e+01
      vertex   2.269139e+02 3.278790e+01 -8.919268e+01
    endloop
  endfacet
  facet normal 9.235037e-01 -3.825377e-01 -2.838723e-02
    outer loop
      vertex   2.268940e+02 3.273966e+01 -8.919247e+01
      vertex   2.269139e+02 3.278790e+01 -8.919268e+01
      vertex   2.269453e+02 3.277985e+01 -8.806411e+01
    endloop
  endfacet
  facet normal 9.910558e-01 -1.303769e-01 -2.846618e-02
    outer loop
      vertex   2.269453e+02 3.277985e+01 -8.806411e+01
      vertex   2.269139e+02 3.278790e+01 -8.919268e+01
      vertex   2.270462e+02 3.280748e+01 -8.467823e+01
    endloop
  endfacet
  facet normal 6.084863e-01 -7.932436e-01 -2.256291e-02
    outer loop
      vertex   2.267995e+02 3.271433e+01 -9.144902e+01
      vertex   2.267267e+02 3.269059e+01 -9.257666e+01
      vertex   2.267681e+02 3.272238e+01 -9.257759e+01
    endloop
  endfacet
  facet normal 6.084863e-01 -7.932436e-01 -2.256291e-02
    outer loop
      vertex   2.267894e+02 3.267450e+01 -9.031953e+01
      vertex   2.268622e+02 3.269824e+01 -8.919188e+01
      vertex   2.268208e+02 3.266645e+01 -8.919096e+01
    endloop
  endfacet
  facet normal 6.084863e-01 -7.932436e-01 -2.256291e-02
    outer loop
      vertex   2.268208e+02 3.266645e+01 -8.919096e+01
      vertex   2.268622e+02 3.269824e+01 -8.919188e+01
      vertex   2.268935e+02 3.269019e+01 -8.806331e+01
    endloop
  endfacet
  facet normal 6.084863e-01 -7.932436e-01 -2.256291e-02
    outer loop
      vertex   2.268208e+02 3.266645e+01 -8.919096e+01
      vertex   2.268935e+02 3.269019e+01 -8.806331e+01
      vertex   2.268521e+02 3.265840e+01 -8.806239e+01
    endloop
  endfacet
  facet normal 6.084863e-01 -7.932436e-01 -2.256291e-02
    outer loop
      vertex   2.268521e+02 3.265840e+01 -8.806239e+01
      vertex   2.268935e+02 3.269019e+01 -8.806331e+01
      vertex   2.269249e+02 3.268214e+01 -8.693475e+01
    endloop
  endfacet
  facet normal 6.084863e-01 -7.932436e-01 -2.256291e-02
    outer loop
      vertex   2.269563e+02 3.267410e+01 -8.580618e+01
      vertex   2.269149e+02 3.264231e+01 -8.580525e+01
      vertex   2.268835e+02 3.265035e+01 -8.693382e+01
    endloop
  endfacet
  facet normal 7.930164e-01 -6.086292e-01 -2.637373e-02
    outer loop
      vertex   2.261096e+02 3.289137e+01 -1.162775e+02
      vertex   2.260783e+02 3.289941e+01 -1.174061e+02
      vertex   2.261414e+02 3.293279e+01 -1.162781e+02
    endloop
  endfacet
  facet normal 7.930164e-01 -6.086292e-01 -2.637373e-02
    outer loop
      vertex   2.261414e+02 3.293279e+01 -1.162781e+02
      vertex   2.260783e+02 3.289941e+01 -1.174061e+02
      vertex   2.261100e+02 3.294084e+01 -1.174067e+02
    endloop
  endfacet
  facet normal 9.235037e-01 -3.825377e-01 -2.838723e-02
    outer loop
      vertex   2.261414e+02 3.293279e+01 -1.162781e+02
      vertex   2.261100e+02 3.294084e+01 -1.174067e+02
      vertex   2.261614e+02 3.298103e+01 -1.162783e+02
    endloop
  endfacet
  facet normal 9.235037e-01 -3.825377e-01 -2.838723e-02
    outer loop
      vertex   2.261614e+02 3.298103e+01 -1.162783e+02
      vertex   2.261100e+02 3.294084e+01 -1.174067e+02
      vertex   2.261300e+02 3.298908e+01 -1.174069e+02
    endloop
  endfacet
  facet normal 9.910558e-01 -1.303769e-01 -2.846618e-02
    outer loop
      vertex   2.261614e+02 3.298103e+01 -1.162783e+02
      vertex   2.261300e+02 3.298908e+01 -1.174069e+02
      vertex   2.260741e+02 3.305693e+01 -1.196638e+02
    endloop
  endfacet
  facet normal 7.930164e-01 -6.086292e-01 -2.637373e-02
    outer loop
      vertex   2.261723e+02 3.287527e+01 -1.140204e+02
      vertex   2.262355e+02 3.290865e+01 -1.128924e+02
      vertex   2.262037e+02 3.286723e+01 -1.128918e+02
    endloop
  endfacet
  facet normal 7.930164e-01 -6.086292e-01 -2.637373e-02
    outer loop
      vertex   2.262037e+02 3.286723e+01 -1.128918e+02
      vertex   2.262355e+02 3.290865e+01 -1.128924e+02
      vertex   2.262668e+02 3.290060e+01 -1.117638e+02
    endloop
  endfacet
  facet normal 7.930164e-01 -6.086292e-01 -2.637373e-02
    outer loop
      vertex   2.262037e+02 3.286723e+01 -1.128918e+02
      vertex   2.262668e+02 3.290060e+01 -1.117638e+02
      vertex   2.262350e+02 3.285918e+01 -1.117632e+02
    endloop
  endfacet
  facet normal 7.930164e-01 -6.086292e-01 -2.637373e-02
    outer loop
      vertex   2.262350e+02 3.285918e+01 -1.117632e+02
      vertex   2.262668e+02 3.290060e+01 -1.117638e+02
      vertex   2.262982e+02 3.289256e+01 -1.106353e+02
    endloop
  endfacet
  facet normal 7.930164e-01 -6.086292e-01 -2.637373e-02
    outer loop
      vertex   2.263605e+02 3.282699e+01 -1.072490e+02
      vertex   2.263291e+02 3.283504e+01 -1.083775e+02
      vertex   2.263922e+02 3.286842e+01 -1.072496e+02
    endloop
  endfacet
  facet normal 7.930164e-01 -6.086292e-01 -2.637373e-02
    outer loop
      vertex   2.263922e+02 3.286842e+01 -1.072496e+02
      vertex   2.263291e+02 3.283504e+01 -1.083775e+02
      vertex   2.263609e+02 3.287646e+01 -1.083781e+02
    endloop
  endfacet
  facet normal 9.235037e-01 -3.825377e-01 -2.838723e-02
    outer loop
      vertex   2.263922e+02 3.286842e+01 -1.072496e+02
      vertex   2.263609e+02 3.287646e+01 -1.083781e+02
      vertex   2.264122e+02 3.291665e+01 -1.072498e+02
    endloop
  endfacet
  facet normal 9.235037e-01 -3.825377e-01 -2.838723e-02
    outer loop
      vertex   2.264122e+02 3.291665e+01 -1.072498e+02
      vertex   2.263609e+02 3.287646e+01 -1.083781e+02
      vertex   2.263809e+02 3.292470e+01 -1.083783e+02
    endloop
  endfacet
  facet normal 9.910558e-01 -1.303769e-01 -2.846618e-02
    outer loop
      vertex   2.264122e+02 3.291665e+01 -1.072498e+02
      vertex   2.263809e+02 3.292470e+01 -1.083783e+02
      vertex   2.260741e+02 3.305693e+01 -1.196638e+02
    endloop
  endfacet
  facet normal 7.930164e-01 -6.086292e-01 -2.637373e-02
    outer loop
      vertex   2.264232e+02 3.281090e+01 -1.049918e+02
      vertex   2.264863e+02 3.284427e+01 -1.038639e+02
      vertex   2.264545e+02 3.280285e+01 -1.038633e+02
    endloop
  endfacet
  facet normal 7.930164e-01 -6.086292e-01 -2.637373e-02
    outer loop
      vertex   2.264545e+02 3.280285e+01 -1.038633e+02
      vertex   2.264863e+02 3.284427e+01 -1.038639e+02
      vertex   2.265177e+02 3.283623e+01 -1.027353e+02
    endloop
  endfacet
  facet normal 7.930164e-01 -6.086292e-01 -2.637373e-02
    outer loop
      vertex   2.264545e+02 3.280285e+01 -1.038633e+02
      vertex   2.265177e+02 3.283623e+01 -1.027353e+02
      vertex   2.264859e+02 3.279480e+01 -1.027347e+02
    endloop
  endfacet
  facet normal 7.930164e-01 -6.086292e-01 -2.637373e-02
    outer loop
      vertex   2.264859e+02 3.279480e+01 -1.027347e+02
      vertex   2.265177e+02 3.283623e+01 -1.027353e+02
      vertex   2.265490e+02 3.282818e+01 -1.016067e+02
    endloop
  endfacet
  facet normal 7.930164e-01 -6.086292e-01 -2.637373e-02
    outer loop
      vertex   2.266117e+02 3.281209e+01 -9.934958e+01
      vertex   2.265486e+02 3.277871e+01 -1.004776e+02
      vertex   2.265804e+02 3.282013e+01 -1.004781e+02
    endloop
  endfacet
  facet normal 7.930164e-01 -6.086292e-01 -2.637373e-02
    outer loop
      vertex   2.265804e+02 3.282013e+01 -1.004781e+02
      vertex   2.265486e+02 3.277871e+01 -1.004776e+02
      vertex   2.265173e+02 3.278676e+01 -1.016061e+02
    endloop
  endfacet
  facet normal 7.930164e-01 -6.086292e-01 -2.637373e-02
    outer loop
      vertex   2.266113e+02 3.276261e+01 -9.822043e+01
      vertex   2.266745e+02 3.279599e+01 -9.709245e+01
      vertex   2.266427e+02 3.275457e+01 -9.709186e+01
    endloop
  endfacet
  facet normal 7.930164e-01 -6.086292e-01 -2.637373e-02
    outer loop
      vertex   2.266427e+02 3.275457e+01 -9.709186e+01
      vertex   2.266745e+02 3.279599e+01 -9.709245e+01
      vertex   2.267058e+02 3.278795e+01 -9.596388e+01
    endloop
  endfacet
  facet normal 7.930164e-01 -6.086292e-01 -2.637373e-02
    outer loop
      vertex   2.266427e+02 3.275457e+01 -9.709186e+01
      vertex   2.267058e+02 3.278795e+01 -9.596388e+01
      vertex   2.266740e+02 3.274652e+01 -9.596329e+01
    endloop
  endfacet
  facet normal 7.930164e-01 -6.086292e-01 -2.637373e-02
    outer loop
      vertex   2.266740e+02 3.274652e+01 -9.596329e+01
      vertex   2.267058e+02 3.278795e+01 -9.596388e+01
      vertex   2.267372e+02 3.277990e+01 -9.483531e+01
    endloop
  endfacet
  facet normal 7.930164e-01 -6.086292e-01 -2.637373e-02
    outer loop
      vertex   2.267995e+02 3.271433e+01 -9.144902e+01
      vertex   2.267681e+02 3.272238e+01 -9.257759e+01
      vertex   2.268312e+02 3.275576e+01 -9.144960e+01
    endloop
  endfacet
  facet normal 7.930164e-01 -6.086292e-01 -2.637373e-02
    outer loop
      vertex   2.268312e+02 3.275576e+01 -9.144960e+01
      vertex   2.267681e+02 3.272238e+01 -9.257759e+01
      vertex   2.267999e+02 3.276380e+01 -9.257817e+01
    endloop
  endfacet
  facet normal 9.235037e-01 -3.825377e-01 -2.838723e-02
    outer loop
      vertex   2.268312e+02 3.275576e+01 -9.144960e+01
      vertex   2.267999e+02 3.276380e+01 -9.257817e+01
      vertex   2.268512e+02 3.280399e+01 -9.144982e+01
    endloop
  endfacet
  facet normal 9.235037e-01 -3.825377e-01 -2.838723e-02
    outer loop
      vertex   2.268512e+02 3.280399e+01 -9.144982e+01
      vertex   2.267999e+02 3.276380e+01 -9.257817e+01
      vertex   2.268199e+02 3.281204e+01 -9.257838e+01
    endloop
  endfacet
  facet normal 9.910558e-01 -1.303769e-01 -2.846618e-02
    outer loop
      vertex   2.268512e+02 3.280399e+01 -9.144982e+01
      vertex   2.268199e+02 3.281204e+01 -9.257838e+01
      vertex   2.270462e+02 3.280748e+01 -8.467823e+01
    endloop
  endfacet
  facet normal 7.930164e-01 -6.086292e-01 -2.637373e-02
    outer loop
      vertex   2.268622e+02 3.269824e+01 -8.919188e+01
      vertex   2.269253e+02 3.273162e+01 -8.806390e+01
      vertex   2.268935e+02 3.269019e+01 -8.806331e+01
    endloop
  endfacet
  facet normal 7.930164e-01 -6.086292e-01 -2.637373e-02
    outer loop
      vertex   2.268935e+02 3.269019e+01 -8.806331e+01
      vertex   2.269253e+02 3.273162e+01 -8.806390e+01
      vertex   2.269567e+02 3.272357e+01 -8.693533e+01
    endloop
  endfacet
  facet normal 7.930164e-01 -6.086292e-01 -2.637373e-02
    outer loop
      vertex   2.268935e+02 3.269019e+01 -8.806331e+01
      vertex   2.269567e+02 3.272357e+01 -8.693533e+01
      vertex   2.269249e+02 3.268214e+01 -8.693475e+01
    endloop
  endfacet
  facet normal 7.930164e-01 -6.086292e-01 -2.637373e-02
    outer loop
      vertex   2.269249e+02 3.268214e+01 -8.693475e+01
      vertex   2.269567e+02 3.272357e+01 -8.693533e+01
      vertex   2.269880e+02 3.271552e+01 -8.580676e+01
    endloop
  endfacet
  facet normal 7.930164e-01 -6.086292e-01 -2.637373e-02
    outer loop
      vertex   2.261096e+02 3.289137e+01 -1.162775e+02
      vertex   2.261414e+02 3.293279e+01 -1.162781e+02
      vertex   2.261727e+02 3.292475e+01 -1.151495e+02
    endloop
  endfacet
  facet normal 9.235037e-01 -3.825377e-01 -2.838723e-02
    outer loop
      vertex   2.261727e+02 3.292475e+01 -1.151495e+02
      vertex   2.261414e+02 3.293279e+01 -1.162781e+02
      vertex   2.261927e+02 3.297298e+01 -1.151497e+02
    endloop
  endfacet
  facet normal 9.235037e-01 -3.825377e-01 -2.838723e-02
    outer loop
      vertex   2.261727e+02 3.292475e+01 -1.151495e+02
      vertex   2.261927e+02 3.297298e+01 -1.151497e+02
      vertex   2.262241e+02 3.296494e+01 -1.140212e+02
    endloop
  endfacet
  facet normal 9.910558e-01 -1.303769e-01 -2.846618e-02
    outer loop
      vertex   2.262241e+02 3.296494e+01 -1.140212e+02
      vertex   2.261927e+02 3.297298e+01 -1.151497e+02
      vertex   2.260741e+02 3.305693e+01 -1.196638e+02
    endloop
  endfacet
  facet normal 9.235037e-01 -3.825377e-01 -2.838723e-02
    outer loop
      vertex   2.261927e+02 3.297298e+01 -1.151497e+02
      vertex   2.261414e+02 3.293279e+01 -1.162781e+02
      vertex   2.261614e+02 3.298103e+01 -1.162783e+02
    endloop
  endfacet
  facet normal 9.235037e-01 -3.825377e-01 -2.838723e-02
    outer loop
      vertex   2.263181e+02 3.294079e+01 -1.106355e+02
      vertex   2.262982e+02 3.289256e+01 -1.106353e+02
      vertex   2.262668e+02 3.290060e+01 -1.117638e+02
    endloop
  endfacet
  facet normal 9.235037e-01 -3.825377e-01 -2.838723e-02
    outer loop
      vertex   2.263181e+02 3.294079e+01 -1.106355e+02
      vertex   2.262668e+02 3.290060e+01 -1.117638e+02
      vertex   2.262868e+02 3.294884e+01 -1.117640e+02
    endloop
  endfacet
  facet normal 9.235037e-01 -3.825377e-01 -2.838723e-02
    outer loop
      vertex   2.262868e+02 3.294884e+01 -1.117640e+02
      vertex   2.262668e+02 3.290060e+01 -1.117638e+02
      vertex   2.262355e+02 3.290865e+01 -1.128924e+02
    endloop
  endfacet
  facet normal 7.930164e-01 -6.086292e-01 -2.637373e-02
    outer loop
      vertex   2.263605e+02 3.282699e+01 -1.072490e+02
      vertex   2.263922e+02 3.286842e+01 -1.072496e+02
      vertex   2.264236e+02 3.286037e+01 -1.061210e+02
    endloop
  endfacet
  facet normal 9.235037e-01 -3.825377e-01 -2.838723e-02
    outer loop
      vertex   2.264236e+02 3.286037e+01 -1.061210e+02
      vertex   2.263922e+02 3.286842e+01 -1.072496e+02
      vertex   2.264436e+02 3.290861e+01 -1.061212e+02
    endloop
  endfacet
  facet normal 9.235037e-01 -3.825377e-01 -2.838723e-02
    outer loop
      vertex   2.264236e+02 3.286037e+01 -1.061210e+02
      vertex   2.264436e+02 3.290861e+01 -1.061212e+02
      vertex   2.264749e+02 3.290056e+01 -1.049926e+02
    endloop
  endfacet
  facet normal 9.910558e-01 -1.303769e-01 -2.846618e-02
    outer loop
      vertex   2.264749e+02 3.290056e+01 -1.049926e+02
      vertex   2.264436e+02 3.290861e+01 -1.061212e+02
      vertex   2.260741e+02 3.305693e+01 -1.196638e+02
    endloop
  endfacet
  facet normal 9.235037e-01 -3.825377e-01 -2.838723e-02
    outer loop
      vertex   2.264436e+02 3.290861e+01 -1.061212e+02
      vertex   2.263922e+02 3.286842e+01 -1.072496e+02
      vertex   2.264122e+02 3.291665e+01 -1.072498e+02
    endloop
  endfacet
  facet normal 9.235037e-01 -3.825377e-01 -2.838723e-02
    outer loop
      vertex   2.264863e+02 3.284427e+01 -1.038639e+02
      vertex   2.265376e+02 3.288447e+01 -1.027355e+02
      vertex   2.265177e+02 3.283623e+01 -1.027353e+02
    endloop
  endfacet
  facet normal 9.235037e-01 -3.825377e-01 -2.838723e-02
    outer loop
      vertex   2.265177e+02 3.283623e+01 -1.027353e+02
      vertex   2.265376e+02 3.288447e+01 -1.027355e+02
      vertex   2.265690e+02 3.287642e+01 -1.016069e+02
    endloop
  endfacet
  facet normal 9.235037e-01 -3.825377e-01 -2.838723e-02
    outer loop
      vertex   2.265177e+02 3.283623e+01 -1.027353e+02
      vertex   2.265690e+02 3.287642e+01 -1.016069e+02
      vertex   2.265490e+02 3.282818e+01 -1.016067e+02
    endloop
  endfacet
  facet normal 9.235037e-01 -3.825377e-01 -2.838723e-02
    outer loop
      vertex   2.265490e+02 3.282818e+01 -1.016067e+02
      vertex   2.265690e+02 3.287642e+01 -1.016069e+02
      vertex   2.266004e+02 3.286837e+01 -1.004784e+02
    endloop
  endfacet
  facet normal 9.235037e-01 -3.825377e-01 -2.838723e-02
    outer loop
      vertex   2.266631e+02 3.285228e+01 -9.822122e+01
      vertex   2.266117e+02 3.281209e+01 -9.934958e+01
      vertex   2.266317e+02 3.286032e+01 -9.934979e+01
    endloop
  endfacet
  facet normal 9.235037e-01 -3.825377e-01 -2.838723e-02
    outer loop
      vertex   2.266317e+02 3.286032e+01 -9.934979e+01
      vertex   2.266117e+02 3.281209e+01 -9.934958e+01
      vertex   2.265804e+02 3.282013e+01 -1.004781e+02
    endloop
  endfacet
  facet normal 9.235037e-01 -3.825377e-01 -2.838723e-02
    outer loop
      vertex   2.267571e+02 3.282814e+01 -9.483552e+01
      vertex   2.267372e+02 3.277990e+01 -9.483531e+01
      vertex   2.267058e+02 3.278795e+01 -9.596388e+01
    endloop
  endfacet
  facet normal 9.235037e-01 -3.825377e-01 -2.838723e-02
    outer loop
      vertex   2.267571e+02 3.282814e+01 -9.483552e+01
      vertex   2.267058e+02 3.278795e+01 -9.596388e+01
      vertex   2.267258e+02 3.283618e+01 -9.596409e+01
    endloop
  endfacet
  facet normal 9.235037e-01 -3.825377e-01 -2.838723e-02
    outer loop
      vertex   2.267258e+02 3.283618e+01 -9.596409e+01
      vertex   2.267058e+02 3.278795e+01 -9.596388e+01
      vertex   2.266745e+02 3.279599e+01 -9.709245e+01
    endloop
  endfacet
  facet normal 7.930164e-01 -6.086292e-01 -2.637373e-02
    outer loop
      vertex   2.267995e+02 3.271433e+01 -9.144902e+01
      vertex   2.268312e+02 3.275576e+01 -9.144960e+01
      vertex   2.268626e+02 3.274771e+01 -9.032104e+01
    endloop
  endfacet
  facet normal 9.235037e-01 -3.825377e-01 -2.838723e-02
    outer loop
      vertex   2.268626e+02 3.274771e+01 -9.032104e+01
      vertex   2.268312e+02 3.275576e+01 -9.144960e+01
      vertex   2.268826e+02 3.279595e+01 -9.032125e+01
    endloop
  endfacet
  facet normal 9.235037e-01 -3.825377e-01 -2.838723e-02
    outer loop
      vertex   2.268626e+02 3.274771e+01 -9.032104e+01
      vertex   2.268826e+02 3.279595e+01 -9.032125e+01
      vertex   2.269139e+02 3.278790e+01 -8.919268e+01
    endloop
  endfacet
  facet normal 9.910558e-01 -1.303769e-01 -2.846618e-02
    outer loop
      vertex   2.269139e+02 3.278790e+01 -8.919268e+01
      vertex   2.268826e+02 3.279595e+01 -9.032125e+01
      vertex   2.270462e+02 3.280748e+01 -8.467823e+01
    endloop
  endfacet
  facet normal 9.235037e-01 -3.825377e-01 -2.838723e-02
    outer loop
      vertex   2.268826e+02 3.279595e+01 -9.032125e+01
      vertex   2.268312e+02 3.275576e+01 -9.144960e+01
      vertex   2.268512e+02 3.280399e+01 -9.144982e+01
    endloop
  endfacet
  facet normal 9.235037e-01 -3.825377e-01 -2.838723e-02
    outer loop
      vertex   2.270080e+02 3.276376e+01 -8.580698e+01
      vertex   2.269880e+02 3.271552e+01 -8.580676e+01
      vertex   2.269567e+02 3.272357e+01 -8.693533e+01
    endloop
  endfacet
  facet normal 9.235037e-01 -3.825377e-01 -2.838723e-02
    outer loop
      vertex   2.270080e+02 3.276376e+01 -8.580698e+01
      vertex   2.269567e+02 3.272357e+01 -8.693533e+01
      vertex   2.269767e+02 3.277181e+01 -8.693554e+01
    endloop
  endfacet
  facet normal 9.235037e-01 -3.825377e-01 -2.838723e-02
    outer loop
      vertex   2.269767e+02 3.277181e+01 -8.693554e+01
      vertex   2.269567e+02 3.272357e+01 -8.693533e+01
      vertex   2.269253e+02 3.273162e+01 -8.806390e+01
    endloop
  endfacet
  facet normal 9.910558e-01 -1.303769e-01 -2.846618e-02
    outer loop
      vertex   2.260741e+02 3.305693e+01 -1.196638e+02
      vertex   2.261927e+02 3.297298e+01 -1.151497e+02
      vertex   2.261614e+02 3.298103e+01 -1.162783e+02
    endloop
  endfacet
  facet normal 9.910558e-01 -1.303769e-01 -2.846618e-02
    outer loop
      vertex   2.260741e+02 3.305693e+01 -1.196638e+02
      vertex   2.264436e+02 3.290861e+01 -1.061212e+02
      vertex   2.264122e+02 3.291665e+01 -1.072498e+02
    endloop
  endfacet
  facet normal 9.910558e-01 -1.303769e-01 -2.846618e-02
    outer loop
      vertex   2.270462e+02 3.280748e+01 -8.467823e+01
      vertex   2.266004e+02 3.286837e+01 -1.004784e+02
      vertex   2.265690e+02 3.287642e+01 -1.016069e+02
    endloop
  endfacet
  facet normal 9.910558e-01 -1.303769e-01 -2.846618e-02
    outer loop
      vertex   2.265690e+02 3.287642e+01 -1.016069e+02
      vertex   2.265376e+02 3.288447e+01 -1.027355e+02
      vertex   2.270462e+02 3.280748e+01 -8.467823e+01
    endloop
  endfacet
  facet normal 9.910558e-01 -1.303769e-01 -2.846618e-02
    outer loop
      vertex   2.270462e+02 3.280748e+01 -8.467823e+01
      vertex   2.268826e+02 3.279595e+01 -9.032125e+01
      vertex   2.268512e+02 3.280399e+01 -9.144982e+01
    endloop
  endfacet
  facet normal -5.081951e-05 -9.999746e-01 -7.128729e-03
    outer loop
      vertex   2.264964e+02 3.261610e+01 -8.588416e+01
      vertex   2.268462e+02 3.260745e+01 -8.467410e+01
      vertex   2.265192e+02 3.261424e+01 -8.562370e+01
    endloop
  endfacet
  facet normal -5.081976e-05 -9.999746e-01 -7.128729e-03
    outer loop
      vertex   2.265192e+02 3.261424e+01 -8.562370e+01
      vertex   2.268462e+02 3.260745e+01 -8.467410e+01
      vertex   2.267736e+02 3.260347e+01 -8.411565e+01
    endloop
  endfacet
  facet normal -5.081990e-05 -9.999746e-01 -7.128729e-03
    outer loop
      vertex   2.265192e+02 3.261424e+01 -8.562370e+01
      vertex   2.267736e+02 3.260347e+01 -8.411565e+01
      vertex   2.266728e+02 3.260160e+01 -8.385180e+01
    endloop
  endfacet
  facet normal -5.081963e-05 -9.999746e-01 -7.128729e-03
    outer loop
      vertex   2.268462e+02 3.260745e+01 -8.467410e+01
      vertex   2.264964e+02 3.261610e+01 -8.588416e+01
      vertex   2.258742e+02 3.285691e+01 -1.196597e+02
    endloop
  endfacet
  facet normal -5.082005e-05 -9.999746e-01 -7.128729e-03
    outer loop
      vertex   2.258742e+02 3.285691e+01 -1.196597e+02
      vertex   2.264964e+02 3.261610e+01 -8.588416e+01
      vertex   2.264287e+02 3.261790e+01 -8.613671e+01
    endloop
  endfacet
  facet normal -5.082006e-05 -9.999746e-01 -7.128729e-03
    outer loop
      vertex   2.258742e+02 3.285691e+01 -1.196597e+02
      vertex   2.264287e+02 3.261790e+01 -8.613671e+01
      vertex   2.263182e+02 3.261959e+01 -8.637368e+01
    endloop
  endfacet
  facet normal -5.082006e-05 -9.999746e-01 -7.128729e-03
    outer loop
      vertex   2.263182e+02 3.261959e+01 -8.637368e+01
      vertex   2.261682e+02 3.262113e+01 -8.658785e+01
      vertex   2.258742e+02 3.285691e+01 -1.196597e+02
    endloop
  endfacet
  facet normal -5.082006e-05 -9.999746e-01 -7.128729e-03
    outer loop
      vertex   2.258742e+02 3.285691e+01 -1.196597e+02
      vertex   2.261682e+02 3.262113e+01 -8.658785e+01
      vertex   2.259833e+02 3.262246e+01 -8.677273e+01
    endloop
  endfacet
  facet normal -5.082006e-05 -9.999746e-01 -7.128729e-03
    outer loop
      vertex   2.258742e+02 3.285691e+01 -1.196597e+02
      vertex   2.259833e+02 3.262246e+01 -8.677273e+01
      vertex   2.257692e+02 3.262354e+01 -8.692270e+01
    endloop
  endfacet
  facet normal -5.082007e-05 -9.999746e-01 -7.128729e-03
    outer loop
      vertex   2.257692e+02 3.262354e+01 -8.692270e+01
      vertex   2.255322e+02 3.262434e+01 -8.703320e+01
      vertex   2.258742e+02 3.285691e+01 -1.196597e+02
    endloop
  endfacet
  facet normal -5.082007e-05 -9.999746e-01 -7.128729e-03
    outer loop
      vertex   2.258742e+02 3.285691e+01 -1.196597e+02
      vertex   2.255322e+02 3.262434e+01 -8.703320e+01
      vertex   2.252796e+02 3.262483e+01 -8.710087e+01
    endloop
  endfacet
  facet normal -5.082007e-05 -9.999746e-01 -7.128729e-03
    outer loop
      vertex   2.258742e+02 3.285691e+01 -1.196597e+02
      vertex   2.252796e+02 3.262483e+01 -8.710087e+01
      vertex   2.250192e+02 3.262501e+01 -8.712366e+01
    endloop
  endfacet
  facet normal -5.082007e-05 -9.999746e-01 -7.128729e-03
    outer loop
      vertex   2.258742e+02 3.285691e+01 -1.196597e+02
      vertex   2.250192e+02 3.262501e+01 -8.712366e+01
      vertex   2.222756e+02 3.285638e+01 -1.195597e+02
    endloop
  endfacet
  facet normal -5.082007e-05 -9.999746e-01 -7.128729e-03
    outer loop
      vertex   2.222756e+02 3.285638e+01 -1.195597e+02
      vertex   2.250192e+02 3.262501e+01 -8.712366e+01
      vertex   2.247587e+02 3.262486e+01 -8.710087e+01
    endloop
  endfacet
  facet normal -5.082007e-05 -9.999746e-01 -7.128729e-03
    outer loop
      vertex   2.222756e+02 3.285638e+01 -1.195597e+02
      vertex   2.247587e+02 3.262486e+01 -8.710087e+01
      vertex   2.245061e+02 3.262439e+01 -8.703320e+01
    endloop
  endfacet
  facet normal -5.082007e-05 -9.999746e-01 -7.128729e-03
    outer loop
      vertex   2.245061e+02 3.262439e+01 -8.703320e+01
      vertex   2.242692e+02 3.262361e+01 -8.692270e+01
      vertex   2.222756e+02 3.285638e+01 -1.195597e+02
    endloop
  endfacet
  facet normal -5.082007e-05 -9.999746e-01 -7.128729e-03
    outer loop
      vertex   2.222756e+02 3.285638e+01 -1.195597e+02
      vertex   2.242692e+02 3.262361e+01 -8.692270e+01
      vertex   2.240550e+02 3.262255e+01 -8.677273e+01
    endloop
  endfacet
  facet normal -5.082007e-05 -9.999746e-01 -7.128729e-03
    outer loop
      vertex   2.222756e+02 3.285638e+01 -1.195597e+02
      vertex   2.240550e+02 3.262255e+01 -8.677273e+01
      vertex   2.238701e+02 3.262125e+01 -8.658785e+01
    endloop
  endfacet
  facet normal -5.082007e-05 -9.999746e-01 -7.128729e-03
    outer loop
      vertex   2.238701e+02 3.262125e+01 -8.658785e+01
      vertex   2.237201e+02 3.261973e+01 -8.637368e+01
      vertex   2.222756e+02 3.285638e+01 -1.195597e+02
    endloop
  endfacet
  facet normal -5.082008e-05 -9.999746e-01 -7.128729e-03
    outer loop
      vertex   2.222756e+02 3.285638e+01 -1.195597e+02
      vertex   2.237201e+02 3.261973e+01 -8.637368e+01
      vertex   2.236096e+02 3.261804e+01 -8.613671e+01
    endloop
  endfacet
  facet normal -5.082008e-05 -9.999746e-01 -7.128729e-03
    outer loop
      vertex   2.222756e+02 3.285638e+01 -1.195597e+02
      vertex   2.236096e+02 3.261804e+01 -8.613671e+01
      vertex   2.235420e+02 3.261625e+01 -8.588416e+01
    endloop
  endfacet
  facet normal -5.082048e-05 -9.999746e-01 -7.128729e-03
    outer loop
      vertex   2.222756e+02 3.285638e+01 -1.195597e+02
      vertex   2.235420e+02 3.261625e+01 -8.588416e+01
      vertex   2.232476e+02 3.260692e+01 -8.457412e+01
    endloop
  endfacet
  facet normal -5.082083e-05 -9.999746e-01 -7.128729e-03
    outer loop
      vertex   2.232476e+02 3.260692e+01 -8.457412e+01
      vertex   2.235420e+02 3.261625e+01 -8.588416e+01
      vertex   2.235192e+02 3.261439e+01 -8.562370e+01
    endloop
  endfacet
  facet normal -5.082036e-05 -9.999746e-01 -7.128729e-03
    outer loop
      vertex   2.232476e+02 3.260692e+01 -8.457412e+01
      vertex   2.235192e+02 3.261439e+01 -8.562370e+01
      vertex   2.233511e+02 3.260297e+01 -8.402056e+01
    endloop
  endfacet
  facet normal -5.082022e-05 -9.999746e-01 -7.128729e-03
    outer loop
      vertex   2.233511e+02 3.260297e+01 -8.402056e+01
      vertex   2.235192e+02 3.261439e+01 -8.562370e+01
      vertex   2.234664e+02 3.260113e+01 -8.376272e+01
    endloop
  endfacet
  facet normal -5.082071e-05 -9.999746e-01 -7.128729e-03
    outer loop
      vertex   2.234664e+02 3.260113e+01 -8.376272e+01
      vertex   2.235192e+02 3.261439e+01 -8.562370e+01
      vertex   2.235420e+02 3.261253e+01 -8.536323e+01
    endloop
  endfacet
  facet normal -5.082019e-05 -9.999746e-01 -7.128729e-03
    outer loop
      vertex   2.234664e+02 3.260113e+01 -8.376272e+01
      vertex   2.235420e+02 3.261253e+01 -8.536323e+01
      vertex   2.236207e+02 3.259943e+01 -8.352608e+01
    endloop
  endfacet
  facet normal -5.082040e-05 -9.999746e-01 -7.128729e-03
    outer loop
      vertex   2.236207e+02 3.259943e+01 -8.352608e+01
      vertex   2.235420e+02 3.261253e+01 -8.536323e+01
      vertex   2.236096e+02 3.261073e+01 -8.511068e+01
    endloop
  endfacet
  facet normal -5.082026e-05 -9.999746e-01 -7.128729e-03
    outer loop
      vertex   2.236207e+02 3.259943e+01 -8.352608e+01
      vertex   2.236096e+02 3.261073e+01 -8.511068e+01
      vertex   2.237201e+02 3.260903e+01 -8.487372e+01
    endloop
  endfacet
  facet normal -5.082017e-05 -9.999746e-01 -7.128729e-03
    outer loop
      vertex   2.236207e+02 3.259943e+01 -8.352608e+01
      vertex   2.237201e+02 3.260903e+01 -8.487372e+01
      vertex   2.238100e+02 3.259793e+01 -8.331649e+01
    endloop
  endfacet
  facet normal -5.082020e-05 -9.999746e-01 -7.128729e-03
    outer loop
      vertex   2.238100e+02 3.259793e+01 -8.331649e+01
      vertex   2.237201e+02 3.260903e+01 -8.487372e+01
      vertex   2.238701e+02 3.260750e+01 -8.465954e+01
    endloop
  endfacet
  facet normal -5.082015e-05 -9.999746e-01 -7.128729e-03
    outer loop
      vertex   2.238100e+02 3.259793e+01 -8.331649e+01
      vertex   2.238701e+02 3.260750e+01 -8.465954e+01
      vertex   2.240298e+02 3.259665e+01 -8.313909e+01
    endloop
  endfacet
  facet normal -5.082017e-05 -9.999746e-01 -7.128729e-03
    outer loop
      vertex   2.240298e+02 3.259665e+01 -8.313909e+01
      vertex   2.238701e+02 3.260750e+01 -8.465954e+01
      vertex   2.240550e+02 3.260617e+01 -8.447466e+01
    endloop
  endfacet
  facet normal -5.082013e-05 -9.999746e-01 -7.128729e-03
    outer loop
      vertex   2.240298e+02 3.259665e+01 -8.313909e+01
      vertex   2.240550e+02 3.260617e+01 -8.447466e+01
      vertex   2.242746e+02 3.259564e+01 -8.299826e+01
    endloop
  endfacet
  facet normal -5.082014e-05 -9.999746e-01 -7.128729e-03
    outer loop
      vertex   2.242746e+02 3.259564e+01 -8.299826e+01
      vertex   2.240550e+02 3.260617e+01 -8.447466e+01
      vertex   2.242692e+02 3.260509e+01 -8.432469e+01
    endloop
  endfacet
  facet normal -5.082011e-05 -9.999746e-01 -7.128729e-03
    outer loop
      vertex   2.242746e+02 3.259564e+01 -8.299826e+01
      vertex   2.242692e+02 3.260509e+01 -8.432469e+01
      vertex   2.245385e+02 3.259490e+01 -8.289746e+01
    endloop
  endfacet
  facet normal -5.082012e-05 -9.999746e-01 -7.128729e-03
    outer loop
      vertex   2.245385e+02 3.259490e+01 -8.289746e+01
      vertex   2.242692e+02 3.260509e+01 -8.432469e+01
      vertex   2.245061e+02 3.260429e+01 -8.421419e+01
    endloop
  endfacet
  facet normal -5.082010e-05 -9.999746e-01 -7.128729e-03
    outer loop
      vertex   2.245385e+02 3.259490e+01 -8.289746e+01
      vertex   2.245061e+02 3.260429e+01 -8.421419e+01
      vertex   2.247587e+02 3.260380e+01 -8.414652e+01
    endloop
  endfacet
  facet normal -5.082009e-05 -9.999746e-01 -7.128729e-03
    outer loop
      vertex   2.245385e+02 3.259490e+01 -8.289746e+01
      vertex   2.247587e+02 3.260380e+01 -8.414652e+01
      vertex   2.248148e+02 3.259447e+01 -8.283918e+01
    endloop
  endfacet
  facet normal -5.082008e-05 -9.999746e-01 -7.128729e-03
    outer loop
      vertex   2.248148e+02 3.259447e+01 -8.283918e+01
      vertex   2.247587e+02 3.260380e+01 -8.414652e+01
      vertex   2.250192e+02 3.260362e+01 -8.412373e+01
    endloop
  endfacet
  facet normal -5.082007e-05 -9.999746e-01 -7.128729e-03
    outer loop
      vertex   2.248148e+02 3.259447e+01 -8.283918e+01
      vertex   2.250192e+02 3.260362e+01 -8.412373e+01
      vertex   2.250969e+02 3.259436e+01 -8.282485e+01
    endloop
  endfacet
  facet normal -5.082006e-05 -9.999746e-01 -7.128729e-03
    outer loop
      vertex   2.250969e+02 3.259436e+01 -8.282485e+01
      vertex   2.250192e+02 3.260362e+01 -8.412373e+01
      vertex   2.252796e+02 3.260377e+01 -8.414652e+01
    endloop
  endfacet
  facet normal -5.082006e-05 -9.999746e-01 -7.128729e-03
    outer loop
      vertex   2.250969e+02 3.259436e+01 -8.282485e+01
      vertex   2.252796e+02 3.260377e+01 -8.414652e+01
      vertex   2.253778e+02 3.259456e+01 -8.285482e+01
    endloop
  endfacet
  facet normal -5.082004e-05 -9.999746e-01 -7.128729e-03
    outer loop
      vertex   2.253778e+02 3.259456e+01 -8.285482e+01
      vertex   2.252796e+02 3.260377e+01 -8.414652e+01
      vertex   2.255322e+02 3.260424e+01 -8.421419e+01
    endloop
  endfacet
  facet normal -5.082004e-05 -9.999746e-01 -7.128729e-03
    outer loop
      vertex   2.253778e+02 3.259456e+01 -8.285482e+01
      vertex   2.255322e+02 3.260424e+01 -8.421419e+01
      vertex   2.256505e+02 3.259507e+01 -8.292836e+01
    endloop
  endfacet
  facet normal -5.082002e-05 -9.999746e-01 -7.128729e-03
    outer loop
      vertex   2.256505e+02 3.259507e+01 -8.292836e+01
      vertex   2.255322e+02 3.260424e+01 -8.421419e+01
      vertex   2.257692e+02 3.260502e+01 -8.432469e+01
    endloop
  endfacet
  facet normal -5.082002e-05 -9.999746e-01 -7.128729e-03
    outer loop
      vertex   2.256505e+02 3.259507e+01 -8.292836e+01
      vertex   2.257692e+02 3.260502e+01 -8.432469e+01
      vertex   2.259084e+02 3.259588e+01 -8.304365e+01
    endloop
  endfacet
  facet normal -5.082000e-05 -9.999746e-01 -7.128729e-03
    outer loop
      vertex   2.259084e+02 3.259588e+01 -8.304365e+01
      vertex   2.257692e+02 3.260502e+01 -8.432469e+01
      vertex   2.259833e+02 3.260607e+01 -8.447466e+01
    endloop
  endfacet
  facet normal -5.082000e-05 -9.999746e-01 -7.128729e-03
    outer loop
      vertex   2.259084e+02 3.259588e+01 -8.304365e+01
      vertex   2.259833e+02 3.260607e+01 -8.447466e+01
      vertex   2.261450e+02 3.259696e+01 -8.319786e+01
    endloop
  endfacet
  facet normal -5.081997e-05 -9.999746e-01 -7.128729e-03
    outer loop
      vertex   2.261450e+02 3.259696e+01 -8.319786e+01
      vertex   2.259833e+02 3.260607e+01 -8.447466e+01
      vertex   2.261682e+02 3.260738e+01 -8.465954e+01
    endloop
  endfacet
  facet normal -5.081998e-05 -9.999746e-01 -7.128729e-03
    outer loop
      vertex   2.261450e+02 3.259696e+01 -8.319786e+01
      vertex   2.261682e+02 3.260738e+01 -8.465954e+01
      vertex   2.263546e+02 3.259830e+01 -8.338719e+01
    endloop
  endfacet
  facet normal -5.081994e-05 -9.999746e-01 -7.128729e-03
    outer loop
      vertex   2.263546e+02 3.259830e+01 -8.338719e+01
      vertex   2.261682e+02 3.260738e+01 -8.465954e+01
      vertex   2.263182e+02 3.260890e+01 -8.487372e+01
    endloop
  endfacet
  facet normal -5.081988e-05 -9.999746e-01 -7.128729e-03
    outer loop
      vertex   2.263546e+02 3.259830e+01 -8.338719e+01
      vertex   2.263182e+02 3.260890e+01 -8.487372e+01
      vertex   2.264287e+02 3.261059e+01 -8.511068e+01
    endloop
  endfacet
  facet normal -5.081996e-05 -9.999746e-01 -7.128729e-03
    outer loop
      vertex   2.263546e+02 3.259830e+01 -8.338719e+01
      vertex   2.264287e+02 3.261059e+01 -8.511068e+01
      vertex   2.265320e+02 3.259986e+01 -8.360697e+01
    endloop
  endfacet
  facet normal -5.081980e-05 -9.999746e-01 -7.128729e-03
    outer loop
      vertex   2.265320e+02 3.259986e+01 -8.360697e+01
      vertex   2.264287e+02 3.261059e+01 -8.511068e+01
      vertex   2.264964e+02 3.261238e+01 -8.536323e+01
    endloop
  endfacet
  facet normal -5.081994e-05 -9.999746e-01 -7.128729e-03
    outer loop
      vertex   2.265320e+02 3.259986e+01 -8.360697e+01
      vertex   2.264964e+02 3.261238e+01 -8.536323e+01
      vertex   2.266728e+02 3.260160e+01 -8.385180e+01
    endloop
  endfacet
  facet normal -5.081962e-05 -9.999746e-01 -7.128729e-03
    outer loop
      vertex   2.266728e+02 3.260160e+01 -8.385180e+01
      vertex   2.264964e+02 3.261238e+01 -8.536323e+01
      vertex   2.265192e+02 3.261424e+01 -8.562370e+01
    endloop
  endfacet
  facet normal -5.082007e-05 -9.999746e-01 -7.128729e-03
    outer loop
      vertex   2.268462e+02 3.260745e+01 -8.467410e+01
      vertex   2.268319e+02 3.260544e+01 -8.439202e+01
      vertex   2.267736e+02 3.260347e+01 -8.411565e+01
    endloop
  endfacet
  facet normal -5.082007e-05 -9.999746e-01 -7.128729e-03
    outer loop
      vertex   2.233511e+02 3.260297e+01 -8.402056e+01
      vertex   2.232776e+02 3.260492e+01 -8.429326e+01
      vertex   2.232476e+02 3.260692e+01 -8.457412e+01
    endloop
  endfacet
  facet normal -2.777364e-02 7.127390e-03 -9.995888e-01
    outer loop
      vertex   2.260673e+02 3.300517e+01 -1.196640e+02
      vertex   2.258742e+02 3.285691e+01 -1.196597e+02
      vertex   2.260741e+02 3.305693e+01 -1.196638e+02
    endloop
  endfacet
  facet normal -2.777364e-02 7.127390e-03 -9.995888e-01
    outer loop
      vertex   2.260741e+02 3.305693e+01 -1.196638e+02
      vertex   2.258742e+02 3.285691e+01 -1.196597e+02
      vertex   2.222756e+02 3.285638e+01 -1.195597e+02
    endloop
  endfacet
  facet normal -2.777364e-02 7.127390e-03 -9.995888e-01
    outer loop
      vertex   2.260741e+02 3.305693e+01 -1.196638e+02
      vertex   2.222756e+02 3.285638e+01 -1.195597e+02
      vertex   2.220756e+02 3.305635e+01 -1.195527e+02
    endloop
  endfacet
  facet normal -2.777364e-02 7.127390e-03 -9.995888e-01
    outer loop
      vertex   2.220756e+02 3.305635e+01 -1.195527e+02
      vertex   2.222756e+02 3.285638e+01 -1.195597e+02
      vertex   2.220825e+02 3.300458e+01 -1.195533e+02
    endloop
  endfacet
  facet normal -2.777364e-02 7.127390e-03 -9.995888e-01
    outer loop
      vertex   2.220825e+02 3.300458e+01 -1.195533e+02
      vertex   2.222756e+02 3.285638e+01 -1.195597e+02
      vertex   2.221024e+02 3.295635e+01 -1.195542e+02
    endloop
  endfacet
  facet normal -2.777364e-02 7.127390e-03 -9.995888e-01
    outer loop
      vertex   2.221024e+02 3.295635e+01 -1.195542e+02
      vertex   2.222756e+02 3.285638e+01 -1.195597e+02
      vertex   2.221342e+02 3.291494e+01 -1.195554e+02
    endloop
  endfacet
  facet normal -2.777364e-02 7.127390e-03 -9.995888e-01
    outer loop
      vertex   2.221342e+02 3.291494e+01 -1.195554e+02
      vertex   2.222756e+02 3.285638e+01 -1.195597e+02
      vertex   2.221756e+02 3.288316e+01 -1.195568e+02
    endloop
  endfacet
  facet normal -2.777364e-02 7.127390e-03 -9.995888e-01
    outer loop
      vertex   2.221756e+02 3.288316e+01 -1.195568e+02
      vertex   2.222756e+02 3.285638e+01 -1.195597e+02
      vertex   2.222238e+02 3.286319e+01 -1.195582e+02
    endloop
  endfacet
  facet normal -2.777364e-02 7.127390e-03 -9.995888e-01
    outer loop
      vertex   2.260673e+02 3.300517e+01 -1.196640e+02
      vertex   2.260473e+02 3.295693e+01 -1.196638e+02
      vertex   2.258742e+02 3.285691e+01 -1.196597e+02
    endloop
  endfacet
  facet normal -2.777364e-02 7.127390e-03 -9.995888e-01
    outer loop
      vertex   2.258742e+02 3.285691e+01 -1.196597e+02
      vertex   2.260473e+02 3.295693e+01 -1.196638e+02
      vertex   2.260155e+02 3.291551e+01 -1.196632e+02
    endloop
  endfacet
  facet normal -2.777364e-02 7.127390e-03 -9.995888e-01
    outer loop
      vertex   2.258742e+02 3.285691e+01 -1.196597e+02
      vertex   2.260155e+02 3.291551e+01 -1.196632e+02
      vertex   2.259741e+02 3.288372e+01 -1.196623e+02
    endloop
  endfacet
  facet normal -2.777364e-02 7.127390e-03 -9.995888e-01
    outer loop
      vertex   2.259741e+02 3.288372e+01 -1.196623e+02
      vertex   2.259259e+02 3.286373e+01 -1.196611e+02
      vertex   2.258742e+02 3.285691e+01 -1.196597e+02
    endloop
  endfacet
  facet normal -2.777364e-02 7.127390e-03 -9.995888e-01
    outer loop
      vertex   2.220756e+02 3.305635e+01 -1.195527e+02
      vertex   2.220758e+02 3.565628e+01 -1.195342e+02
      vertex   2.260741e+02 3.305693e+01 -1.196638e+02
    endloop
  endfacet
  facet normal -2.777364e-02 7.127390e-03 -9.995888e-01
    outer loop
      vertex   2.260741e+02 3.305693e+01 -1.196638e+02
      vertex   2.220758e+02 3.565628e+01 -1.195342e+02
      vertex   2.260742e+02 3.565687e+01 -1.196453e+02
    endloop
  endfacet
  facet normal -2.777364e-02 7.127390e-03 -9.995888e-01
    outer loop
      vertex   2.260742e+02 3.565687e+01 -1.196453e+02
      vertex   2.220758e+02 3.565628e+01 -1.195342e+02
      vertex   2.222757e+02 3.585630e+01 -1.195383e+02
    endloop
  endfacet
  facet normal -2.777364e-02 7.127390e-03 -9.995888e-01
    outer loop
      vertex   2.260742e+02 3.565687e+01 -1.196453e+02
      vertex   2.222757e+02 3.585630e+01 -1.195383e+02
      vertex   2.258743e+02 3.585683e+01 -1.196383e+02
    endloop
  endfacet
  facet normal -2.777364e-02 7.127390e-03 -9.995888e-01
    outer loop
      vertex   2.220758e+02 3.565628e+01 -1.195342e+02
      vertex   2.220826e+02 3.570804e+01 -1.195340e+02
      vertex   2.222757e+02 3.585630e+01 -1.195383e+02
    endloop
  endfacet
  facet normal -2.777364e-02 7.127390e-03 -9.995888e-01
    outer loop
      vertex   2.222757e+02 3.585630e+01 -1.195383e+02
      vertex   2.220826e+02 3.570804e+01 -1.195340e+02
      vertex   2.221026e+02 3.575628e+01 -1.195342e+02
    endloop
  endfacet
  facet normal -2.777364e-02 7.127390e-03 -9.995888e-01
    outer loop
      vertex   2.222757e+02 3.585630e+01 -1.195383e+02
      vertex   2.221026e+02 3.575628e+01 -1.195342e+02
      vertex   2.221343e+02 3.579771e+01 -1.195348e+02
    endloop
  endfacet
  facet normal -2.777364e-02 7.127390e-03 -9.995888e-01
    outer loop
      vertex   2.221343e+02 3.579771e+01 -1.195348e+02
      vertex   2.221757e+02 3.582950e+01 -1.195358e+02
      vertex   2.222757e+02 3.585630e+01 -1.195383e+02
    endloop
  endfacet
  facet normal -2.777364e-02 7.127390e-03 -9.995888e-01
    outer loop
      vertex   2.222757e+02 3.585630e+01 -1.195383e+02
      vertex   2.221757e+02 3.582950e+01 -1.195358e+02
      vertex   2.222240e+02 3.584948e+01 -1.195369e+02
    endloop
  endfacet
  facet normal -2.777364e-02 7.127390e-03 -9.995888e-01
    outer loop
      vertex   2.259261e+02 3.585003e+01 -1.196398e+02
      vertex   2.259743e+02 3.583005e+01 -1.196413e+02
      vertex   2.258743e+02 3.585683e+01 -1.196383e+02
    endloop
  endfacet
  facet normal -2.777364e-02 7.127390e-03 -9.995888e-01
    outer loop
      vertex   2.258743e+02 3.585683e+01 -1.196383e+02
      vertex   2.259743e+02 3.583005e+01 -1.196413e+02
      vertex   2.260157e+02 3.579828e+01 -1.196427e+02
    endloop
  endfacet
  facet normal -2.777364e-02 7.127390e-03 -9.995888e-01
    outer loop
      vertex   2.258743e+02 3.585683e+01 -1.196383e+02
      vertex   2.260157e+02 3.579828e+01 -1.196427e+02
      vertex   2.260475e+02 3.575686e+01 -1.196438e+02
    endloop
  endfacet
  facet normal -2.777364e-02 7.127390e-03 -9.995888e-01
    outer loop
      vertex   2.260475e+02 3.575686e+01 -1.196438e+02
      vertex   2.260674e+02 3.570863e+01 -1.196447e+02
      vertex   2.258743e+02 3.585683e+01 -1.196383e+02
    endloop
  endfacet
  facet normal -2.777364e-02 7.127390e-03 -9.995888e-01
    outer loop
      vertex   2.258743e+02 3.585683e+01 -1.196383e+02
      vertex   2.260674e+02 3.570863e+01 -1.196447e+02
      vertex   2.260742e+02 3.565687e+01 -1.196453e+02
    endloop
  endfacet
  facet normal 9.910690e-01 1.306688e-01 -2.660521e-02
    outer loop
      vertex   2.260674e+02 3.570863e+01 -1.196447e+02
      vertex   2.260988e+02 3.570058e+01 -1.185162e+02
      vertex   2.260742e+02 3.565687e+01 -1.196453e+02
    endloop
  endfacet
  facet normal 9.910690e-01 1.306688e-01 -2.660521e-02
    outer loop
      vertex   2.260742e+02 3.565687e+01 -1.196453e+02
      vertex   2.260988e+02 3.570058e+01 -1.185162e+02
      vertex   2.261301e+02 3.569254e+01 -1.173876e+02
    endloop
  endfacet
  facet normal 9.910690e-01 1.306688e-01 -2.660521e-02
    outer loop
      vertex   2.260742e+02 3.565687e+01 -1.196453e+02
      vertex   2.261301e+02 3.569254e+01 -1.173876e+02
      vertex   2.261615e+02 3.568449e+01 -1.162590e+02
    endloop
  endfacet
  facet normal 9.235426e-01 3.828097e-01 -2.293113e-02
    outer loop
      vertex   2.261615e+02 3.568449e+01 -1.162590e+02
      vertex   2.261301e+02 3.569254e+01 -1.173876e+02
      vertex   2.261415e+02 3.573272e+01 -1.162581e+02
    endloop
  endfacet
  facet normal 9.235426e-01 3.828097e-01 -2.293113e-02
    outer loop
      vertex   2.261615e+02 3.568449e+01 -1.162590e+02
      vertex   2.261415e+02 3.573272e+01 -1.162581e+02
      vertex   2.261729e+02 3.572467e+01 -1.151296e+02
    endloop
  endfacet
  facet normal 7.930782e-01 6.088627e-01 -1.769434e-02
    outer loop
      vertex   2.261729e+02 3.572467e+01 -1.151296e+02
      vertex   2.261415e+02 3.573272e+01 -1.162581e+02
      vertex   2.261411e+02 3.576609e+01 -1.151284e+02
    endloop
  endfacet
  facet normal 7.930782e-01 6.088627e-01 -1.769434e-02
    outer loop
      vertex   2.261729e+02 3.572467e+01 -1.151296e+02
      vertex   2.261411e+02 3.576609e+01 -1.151284e+02
      vertex   2.261725e+02 3.575804e+01 -1.139998e+02
    endloop
  endfacet
  facet normal 6.085669e-01 7.934228e-01 -1.125171e-02
    outer loop
      vertex   2.261725e+02 3.575804e+01 -1.139998e+02
      vertex   2.261411e+02 3.576609e+01 -1.151284e+02
      vertex   2.261311e+02 3.578982e+01 -1.139985e+02
    endloop
  endfacet
  facet normal 6.085669e-01 7.934228e-01 -1.125171e-02
    outer loop
      vertex   2.261725e+02 3.575804e+01 -1.139998e+02
      vertex   2.261311e+02 3.578982e+01 -1.139985e+02
      vertex   2.261624e+02 3.578177e+01 -1.128699e+02
    endloop
  endfacet
  facet normal 3.825828e-01 9.239124e-01 -4.042294e-03
    outer loop
      vertex   2.261624e+02 3.578177e+01 -1.128699e+02
      vertex   2.261311e+02 3.578982e+01 -1.139985e+02
      vertex   2.261142e+02 3.580174e+01 -1.128684e+02
    endloop
  endfacet
  facet normal 3.825828e-01 9.239124e-01 -4.042294e-03
    outer loop
      vertex   2.261624e+02 3.578177e+01 -1.128699e+02
      vertex   2.261142e+02 3.580174e+01 -1.128684e+02
      vertex   2.261456e+02 3.579370e+01 -1.117398e+02
    endloop
  endfacet
  facet normal 1.305262e-01 9.914389e-01 3.442599e-03
    outer loop
      vertex   2.261456e+02 3.579370e+01 -1.117398e+02
      vertex   2.261142e+02 3.580174e+01 -1.128684e+02
      vertex   2.258743e+02 3.585683e+01 -1.196383e+02
    endloop
  endfacet
  facet normal 1.305262e-01 9.914389e-01 3.442599e-03
    outer loop
      vertex   2.261456e+02 3.579370e+01 -1.117398e+02
      vertex   2.258743e+02 3.585683e+01 -1.196383e+02
      vertex   2.261769e+02 3.578565e+01 -1.106113e+02
    endloop
  endfacet
  facet normal 1.305262e-01 9.914389e-01 3.442599e-03
    outer loop
      vertex   2.261769e+02 3.578565e+01 -1.106113e+02
      vertex   2.258743e+02 3.585683e+01 -1.196383e+02
      vertex   2.262083e+02 3.577760e+01 -1.094827e+02
    endloop
  endfacet
  facet normal 3.825828e-01 9.239124e-01 -4.042294e-03
    outer loop
      vertex   2.261769e+02 3.578565e+01 -1.106113e+02
      vertex   2.262083e+02 3.577760e+01 -1.094827e+02
      vertex   2.262251e+02 3.576568e+01 -1.106127e+02
    endloop
  endfacet
  facet normal 3.825828e-01 9.239124e-01 -4.042294e-03
    outer loop
      vertex   2.262251e+02 3.576568e+01 -1.106127e+02
      vertex   2.262083e+02 3.577760e+01 -1.094827e+02
      vertex   2.262565e+02 3.575763e+01 -1.094842e+02
    endloop
  endfacet
  facet normal 6.085669e-01 7.934228e-01 -1.125171e-02
    outer loop
      vertex   2.262251e+02 3.576568e+01 -1.106127e+02
      vertex   2.262565e+02 3.575763e+01 -1.094842e+02
      vertex   2.262665e+02 3.573390e+01 -1.106141e+02
    endloop
  endfacet
  facet normal 6.085669e-01 7.934228e-01 -1.125171e-02
    outer loop
      vertex   2.262665e+02 3.573390e+01 -1.106141e+02
      vertex   2.262565e+02 3.575763e+01 -1.094842e+02
      vertex   2.262979e+02 3.572585e+01 -1.094856e+02
    endloop
  endfacet
  facet normal 7.930782e-01 6.088627e-01 -1.769434e-02
    outer loop
      vertex   2.262665e+02 3.573390e+01 -1.106141e+02
      vertex   2.262979e+02 3.572585e+01 -1.094856e+02
      vertex   2.262983e+02 3.569249e+01 -1.106153e+02
    endloop
  endfacet
  facet normal 7.930782e-01 6.088627e-01 -1.769434e-02
    outer loop
      vertex   2.262983e+02 3.569249e+01 -1.106153e+02
      vertex   2.262979e+02 3.572585e+01 -1.094856e+02
      vertex   2.263297e+02 3.568444e+01 -1.094867e+02
    endloop
  endfacet
  facet normal 9.235426e-01 3.828097e-01 -2.293113e-02
    outer loop
      vertex   2.262983e+02 3.569249e+01 -1.106153e+02
      vertex   2.263297e+02 3.568444e+01 -1.094867e+02
      vertex   2.263183e+02 3.564425e+01 -1.106162e+02
    endloop
  endfacet
  facet normal 9.235426e-01 3.828097e-01 -2.293113e-02
    outer loop
      vertex   2.263183e+02 3.564425e+01 -1.106162e+02
      vertex   2.263297e+02 3.568444e+01 -1.094867e+02
      vertex   2.263496e+02 3.563621e+01 -1.094876e+02
    endloop
  endfacet
  facet normal 9.910690e-01 1.306688e-01 -2.660521e-02
    outer loop
      vertex   2.263183e+02 3.564425e+01 -1.106162e+02
      vertex   2.263496e+02 3.563621e+01 -1.094876e+02
      vertex   2.260742e+02 3.565687e+01 -1.196453e+02
    endloop
  endfacet
  facet normal 9.910690e-01 1.306688e-01 -2.660521e-02
    outer loop
      vertex   2.260742e+02 3.565687e+01 -1.196453e+02
      vertex   2.263496e+02 3.563621e+01 -1.094876e+02
      vertex   2.263810e+02 3.562816e+01 -1.083591e+02
    endloop
  endfacet
  facet normal 9.910690e-01 1.306688e-01 -2.660521e-02
    outer loop
      vertex   2.260742e+02 3.565687e+01 -1.196453e+02
      vertex   2.263810e+02 3.562816e+01 -1.083591e+02
      vertex   2.264124e+02 3.562011e+01 -1.072305e+02
    endloop
  endfacet
  facet normal 9.235426e-01 3.828097e-01 -2.293113e-02
    outer loop
      vertex   2.264124e+02 3.562011e+01 -1.072305e+02
      vertex   2.263810e+02 3.562816e+01 -1.083591e+02
      vertex   2.263924e+02 3.566834e+01 -1.072296e+02
    endloop
  endfacet
  facet normal 9.235426e-01 3.828097e-01 -2.293113e-02
    outer loop
      vertex   2.264124e+02 3.562011e+01 -1.072305e+02
      vertex   2.263924e+02 3.566834e+01 -1.072296e+02
      vertex   2.264237e+02 3.566030e+01 -1.061010e+02
    endloop
  endfacet
  facet normal 7.930782e-01 6.088627e-01 -1.769434e-02
    outer loop
      vertex   2.264237e+02 3.566030e+01 -1.061010e+02
      vertex   2.263924e+02 3.566834e+01 -1.072296e+02
      vertex   2.263920e+02 3.570171e+01 -1.060999e+02
    endloop
  endfacet
  facet normal 7.930782e-01 6.088627e-01 -1.769434e-02
    outer loop
      vertex   2.264237e+02 3.566030e+01 -1.061010e+02
      vertex   2.263920e+02 3.570171e+01 -1.060999e+02
      vertex   2.264233e+02 3.569367e+01 -1.049713e+02
    endloop
  endfacet
  facet normal 6.085669e-01 7.934228e-01 -1.125171e-02
    outer loop
      vertex   2.264233e+02 3.569367e+01 -1.049713e+02
      vertex   2.263920e+02 3.570171e+01 -1.060999e+02
      vertex   2.263819e+02 3.572544e+01 -1.049699e+02
    endloop
  endfacet
  facet normal 6.085669e-01 7.934228e-01 -1.125171e-02
    outer loop
      vertex   2.264233e+02 3.569367e+01 -1.049713e+02
      vertex   2.263819e+02 3.572544e+01 -1.049699e+02
      vertex   2.264133e+02 3.571740e+01 -1.038413e+02
    endloop
  endfacet
  facet normal 3.825828e-01 9.239124e-01 -4.042294e-03
    outer loop
      vertex   2.264133e+02 3.571740e+01 -1.038413e+02
      vertex   2.263819e+02 3.572544e+01 -1.049699e+02
      vertex   2.263651e+02 3.573737e+01 -1.038399e+02
    endloop
  endfacet
  facet normal 3.825828e-01 9.239124e-01 -4.042294e-03
    outer loop
      vertex   2.264133e+02 3.571740e+01 -1.038413e+02
      vertex   2.263651e+02 3.573737e+01 -1.038399e+02
      vertex   2.263964e+02 3.572932e+01 -1.027113e+02
    endloop
  endfacet
  facet normal 1.305262e-01 9.914389e-01 3.442599e-03
    outer loop
      vertex   2.263964e+02 3.572932e+01 -1.027113e+02
      vertex   2.263651e+02 3.573737e+01 -1.038399e+02
      vertex   2.258743e+02 3.585683e+01 -1.196383e+02
    endloop
  endfacet
  facet normal 1.305262e-01 9.914389e-01 3.442599e-03
    outer loop
      vertex   2.263964e+02 3.572932e+01 -1.027113e+02
      vertex   2.258743e+02 3.585683e+01 -1.196383e+02
      vertex   2.268464e+02 3.560738e+01 -8.465271e+01
    endloop
  endfacet
  facet normal 9.235426e-01 3.828097e-01 -2.293113e-02
    outer loop
      vertex   2.260988e+02 3.570058e+01 -1.185162e+02
      vertex   2.260674e+02 3.570863e+01 -1.196447e+02
      vertex   2.260788e+02 3.574882e+01 -1.185153e+02
    endloop
  endfacet
  facet normal 9.235426e-01 3.828097e-01 -2.293113e-02
    outer loop
      vertex   2.260788e+02 3.574882e+01 -1.185153e+02
      vertex   2.260674e+02 3.570863e+01 -1.196447e+02
      vertex   2.260475e+02 3.575686e+01 -1.196438e+02
    endloop
  endfacet
  facet normal 7.930782e-01 6.088627e-01 -1.769434e-02
    outer loop
      vertex   2.260788e+02 3.574882e+01 -1.185153e+02
      vertex   2.260475e+02 3.575686e+01 -1.196438e+02
      vertex   2.260470e+02 3.579023e+01 -1.185141e+02
    endloop
  endfacet
  facet normal 7.930782e-01 6.088627e-01 -1.769434e-02
    outer loop
      vertex   2.260470e+02 3.579023e+01 -1.185141e+02
      vertex   2.260475e+02 3.575686e+01 -1.196438e+02
      vertex   2.260157e+02 3.579828e+01 -1.196427e+02
    endloop
  endfacet
  facet normal 6.085669e-01 7.934228e-01 -1.125171e-02
    outer loop
      vertex   2.260470e+02 3.579023e+01 -1.185141e+02
      vertex   2.260157e+02 3.579828e+01 -1.196427e+02
      vertex   2.260056e+02 3.582201e+01 -1.185127e+02
    endloop
  endfacet
  facet normal 6.085669e-01 7.934228e-01 -1.125171e-02
    outer loop
      vertex   2.260056e+02 3.582201e+01 -1.185127e+02
      vertex   2.260157e+02 3.579828e+01 -1.196427e+02
      vertex   2.259743e+02 3.583005e+01 -1.196413e+02
    endloop
  endfacet
  facet normal 3.825828e-01 9.239124e-01 -4.042294e-03
    outer loop
      vertex   2.260056e+02 3.582201e+01 -1.185127e+02
      vertex   2.259743e+02 3.583005e+01 -1.196413e+02
      vertex   2.259574e+02 3.584198e+01 -1.185112e+02
    endloop
  endfacet
  facet normal 3.825828e-01 9.239124e-01 -4.042294e-03
    outer loop
      vertex   2.259574e+02 3.584198e+01 -1.185112e+02
      vertex   2.259743e+02 3.583005e+01 -1.196413e+02
      vertex   2.259261e+02 3.585003e+01 -1.196398e+02
    endloop
  endfacet
  facet normal 1.305262e-01 9.914389e-01 3.442599e-03
    outer loop
      vertex   2.259574e+02 3.584198e+01 -1.185112e+02
      vertex   2.259261e+02 3.585003e+01 -1.196398e+02
      vertex   2.258743e+02 3.585683e+01 -1.196383e+02
    endloop
  endfacet
  facet normal 1.305262e-01 9.914389e-01 3.442599e-03
    outer loop
      vertex   2.268981e+02 3.560057e+01 -8.465420e+01
      vertex   2.268668e+02 3.560862e+01 -8.578277e+01
      vertex   2.268464e+02 3.560738e+01 -8.465271e+01
    endloop
  endfacet
  facet normal 1.305262e-01 9.914389e-01 3.442599e-03
    outer loop
      vertex   2.268464e+02 3.560738e+01 -8.465271e+01
      vertex   2.268668e+02 3.560862e+01 -8.578277e+01
      vertex   2.268354e+02 3.561666e+01 -8.691134e+01
    endloop
  endfacet
  facet normal 1.305262e-01 9.914389e-01 3.442599e-03
    outer loop
      vertex   2.268464e+02 3.560738e+01 -8.465271e+01
      vertex   2.268354e+02 3.561666e+01 -8.691134e+01
      vertex   2.268041e+02 3.562471e+01 -8.803990e+01
    endloop
  endfacet
  facet normal 3.825828e-01 9.239124e-01 -4.042294e-03
    outer loop
      vertex   2.268041e+02 3.562471e+01 -8.803990e+01
      vertex   2.268354e+02 3.561666e+01 -8.691134e+01
      vertex   2.268523e+02 3.560474e+01 -8.804139e+01
    endloop
  endfacet
  facet normal 3.825828e-01 9.239124e-01 -4.042294e-03
    outer loop
      vertex   2.268041e+02 3.562471e+01 -8.803990e+01
      vertex   2.268523e+02 3.560474e+01 -8.804139e+01
      vertex   2.268209e+02 3.561278e+01 -8.916995e+01
    endloop
  endfacet
  facet normal 6.085669e-01 7.934228e-01 -1.125171e-02
    outer loop
      vertex   2.268209e+02 3.561278e+01 -8.916995e+01
      vertex   2.268523e+02 3.560474e+01 -8.804139e+01
      vertex   2.268623e+02 3.558101e+01 -8.917133e+01
    endloop
  endfacet
  facet normal 6.085669e-01 7.934228e-01 -1.125171e-02
    outer loop
      vertex   2.268209e+02 3.561278e+01 -8.916995e+01
      vertex   2.268623e+02 3.558101e+01 -8.917133e+01
      vertex   2.268310e+02 3.558905e+01 -9.029990e+01
    endloop
  endfacet
  facet normal 7.930782e-01 6.088627e-01 -1.769434e-02
    outer loop
      vertex   2.268310e+02 3.558905e+01 -9.029990e+01
      vertex   2.268623e+02 3.558101e+01 -8.917133e+01
      vertex   2.268627e+02 3.554764e+01 -9.030108e+01
    endloop
  endfacet
  facet normal 7.930782e-01 6.088627e-01 -1.769434e-02
    outer loop
      vertex   2.268310e+02 3.558905e+01 -9.029990e+01
      vertex   2.268627e+02 3.554764e+01 -9.030108e+01
      vertex   2.268314e+02 3.555569e+01 -9.142964e+01
    endloop
  endfacet
  facet normal 9.235426e-01 3.828097e-01 -2.293113e-02
    outer loop
      vertex   2.268314e+02 3.555569e+01 -9.142964e+01
      vertex   2.268627e+02 3.554764e+01 -9.030108e+01
      vertex   2.268514e+02 3.550745e+01 -9.143054e+01
    endloop
  endfacet
  facet normal 9.235426e-01 3.828097e-01 -2.293113e-02
    outer loop
      vertex   2.268314e+02 3.555569e+01 -9.142964e+01
      vertex   2.268514e+02 3.550745e+01 -9.143054e+01
      vertex   2.268200e+02 3.551550e+01 -9.255911e+01
    endloop
  endfacet
  facet normal 9.910690e-01 1.306688e-01 -2.660521e-02
    outer loop
      vertex   2.268200e+02 3.551550e+01 -9.255911e+01
      vertex   2.268514e+02 3.550745e+01 -9.143054e+01
      vertex   2.270463e+02 3.540741e+01 -8.465969e+01
    endloop
  endfacet
  facet normal 9.910690e-01 1.306688e-01 -2.660521e-02
    outer loop
      vertex   2.268200e+02 3.551550e+01 -9.255911e+01
      vertex   2.270463e+02 3.540741e+01 -8.465969e+01
      vertex   2.267886e+02 3.552355e+01 -9.368768e+01
    endloop
  endfacet
  facet normal 9.910690e-01 1.306688e-01 -2.660521e-02
    outer loop
      vertex   2.267886e+02 3.552355e+01 -9.368768e+01
      vertex   2.270463e+02 3.540741e+01 -8.465969e+01
      vertex   2.267573e+02 3.553159e+01 -9.481625e+01
    endloop
  endfacet
  facet normal 9.235426e-01 3.828097e-01 -2.293113e-02
    outer loop
      vertex   2.267886e+02 3.552355e+01 -9.368768e+01
      vertex   2.267573e+02 3.553159e+01 -9.481625e+01
      vertex   2.267687e+02 3.557178e+01 -9.368678e+01
    endloop
  endfacet
  facet normal 9.235426e-01 3.828097e-01 -2.293113e-02
    outer loop
      vertex   2.267687e+02 3.557178e+01 -9.368678e+01
      vertex   2.267573e+02 3.553159e+01 -9.481625e+01
      vertex   2.267373e+02 3.557983e+01 -9.481535e+01
    endloop
  endfacet
  facet normal 7.930782e-01 6.088627e-01 -1.769434e-02
    outer loop
      vertex   2.267687e+02 3.557178e+01 -9.368678e+01
      vertex   2.267373e+02 3.557983e+01 -9.481535e+01
      vertex   2.267369e+02 3.561320e+01 -9.368560e+01
    endloop
  endfacet
  facet normal 7.930782e-01 6.088627e-01 -1.769434e-02
    outer loop
      vertex   2.267369e+02 3.561320e+01 -9.368560e+01
      vertex   2.267373e+02 3.557983e+01 -9.481535e+01
      vertex   2.267055e+02 3.562124e+01 -9.481417e+01
    endloop
  endfacet
  facet normal 6.085669e-01 7.934228e-01 -1.125171e-02
    outer loop
      vertex   2.267369e+02 3.561320e+01 -9.368560e+01
      vertex   2.267055e+02 3.562124e+01 -9.481417e+01
      vertex   2.266955e+02 3.564497e+01 -9.368423e+01
    endloop
  endfacet
  facet normal 6.085669e-01 7.934228e-01 -1.125171e-02
    outer loop
      vertex   2.266955e+02 3.564497e+01 -9.368423e+01
      vertex   2.267055e+02 3.562124e+01 -9.481417e+01
      vertex   2.266641e+02 3.565302e+01 -9.481279e+01
    endloop
  endfacet
  facet normal 3.825828e-01 9.239124e-01 -4.042294e-03
    outer loop
      vertex   2.266955e+02 3.564497e+01 -9.368423e+01
      vertex   2.266641e+02 3.565302e+01 -9.481279e+01
      vertex   2.266473e+02 3.566494e+01 -9.368274e+01
    endloop
  endfacet
  facet normal 3.825828e-01 9.239124e-01 -4.042294e-03
    outer loop
      vertex   2.266473e+02 3.566494e+01 -9.368274e+01
      vertex   2.266641e+02 3.565302e+01 -9.481279e+01
      vertex   2.266159e+02 3.567299e+01 -9.481131e+01
    endloop
  endfacet
  facet normal 1.305262e-01 9.914389e-01 3.442599e-03
    outer loop
      vertex   2.266473e+02 3.566494e+01 -9.368274e+01
      vertex   2.266159e+02 3.567299e+01 -9.481131e+01
      vertex   2.268464e+02 3.560738e+01 -8.465271e+01
    endloop
  endfacet
  facet normal 1.305262e-01 9.914389e-01 3.442599e-03
    outer loop
      vertex   2.268464e+02 3.560738e+01 -8.465271e+01
      vertex   2.266159e+02 3.567299e+01 -9.481131e+01
      vertex   2.265846e+02 3.568104e+01 -9.593988e+01
    endloop
  endfacet
  facet normal 1.305262e-01 9.914389e-01 3.442599e-03
    outer loop
      vertex   2.268464e+02 3.560738e+01 -8.465271e+01
      vertex   2.265846e+02 3.568104e+01 -9.593988e+01
      vertex   2.265532e+02 3.568909e+01 -9.706845e+01
    endloop
  endfacet
  facet normal 3.825828e-01 9.239124e-01 -4.042294e-03
    outer loop
      vertex   2.265532e+02 3.568909e+01 -9.706845e+01
      vertex   2.265846e+02 3.568104e+01 -9.593988e+01
      vertex   2.266014e+02 3.566911e+01 -9.706993e+01
    endloop
  endfacet
  facet normal 3.825828e-01 9.239124e-01 -4.042294e-03
    outer loop
      vertex   2.265532e+02 3.568909e+01 -9.706845e+01
      vertex   2.266014e+02 3.566911e+01 -9.706993e+01
      vertex   2.265701e+02 3.567716e+01 -9.819850e+01
    endloop
  endfacet
  facet normal 6.085669e-01 7.934228e-01 -1.125171e-02
    outer loop
      vertex   2.265701e+02 3.567716e+01 -9.819850e+01
      vertex   2.266014e+02 3.566911e+01 -9.706993e+01
      vertex   2.266115e+02 3.564538e+01 -9.819987e+01
    endloop
  endfacet
  facet normal 6.085669e-01 7.934228e-01 -1.125171e-02
    outer loop
      vertex   2.265701e+02 3.567716e+01 -9.819850e+01
      vertex   2.266115e+02 3.564538e+01 -9.819987e+01
      vertex   2.265801e+02 3.565343e+01 -9.932844e+01
    endloop
  endfacet
  facet normal 7.930782e-01 6.088627e-01 -1.769434e-02
    outer loop
      vertex   2.265801e+02 3.565343e+01 -9.932844e+01
      vertex   2.266115e+02 3.564538e+01 -9.819987e+01
      vertex   2.266119e+02 3.561202e+01 -9.932962e+01
    endloop
  endfacet
  facet normal 7.930782e-01 6.088627e-01 -1.769434e-02
    outer loop
      vertex   2.265801e+02 3.565343e+01 -9.932844e+01
      vertex   2.266119e+02 3.561202e+01 -9.932962e+01
      vertex   2.265805e+02 3.562006e+01 -1.004582e+02
    endloop
  endfacet
  facet normal 9.235426e-01 3.828097e-01 -2.293113e-02
    outer loop
      vertex   2.265805e+02 3.562006e+01 -1.004582e+02
      vertex   2.266119e+02 3.561202e+01 -9.932962e+01
      vertex   2.266005e+02 3.557183e+01 -1.004591e+02
    endloop
  endfacet
  facet normal 9.235426e-01 3.828097e-01 -2.293113e-02
    outer loop
      vertex   2.265805e+02 3.562006e+01 -1.004582e+02
      vertex   2.266005e+02 3.557183e+01 -1.004591e+02
      vertex   2.265691e+02 3.557988e+01 -1.015877e+02
    endloop
  endfacet
  facet normal 9.910690e-01 1.306688e-01 -2.660521e-02
    outer loop
      vertex   2.265691e+02 3.557988e+01 -1.015877e+02
      vertex   2.266005e+02 3.557183e+01 -1.004591e+02
      vertex   2.270463e+02 3.540741e+01 -8.465969e+01
    endloop
  endfacet
  facet normal 9.910690e-01 1.306688e-01 -2.660521e-02
    outer loop
      vertex   2.265691e+02 3.557988e+01 -1.015877e+02
      vertex   2.270463e+02 3.540741e+01 -8.465969e+01
      vertex   2.260742e+02 3.565687e+01 -1.196453e+02
    endloop
  endfacet
  facet normal 3.825828e-01 9.239124e-01 -4.042294e-03
    outer loop
      vertex   2.268668e+02 3.560862e+01 -8.578277e+01
      vertex   2.268981e+02 3.560057e+01 -8.465420e+01
      vertex   2.269150e+02 3.558864e+01 -8.578425e+01
    endloop
  endfacet
  facet normal 3.825828e-01 9.239124e-01 -4.042294e-03
    outer loop
      vertex   2.269150e+02 3.558864e+01 -8.578425e+01
      vertex   2.268981e+02 3.560057e+01 -8.465420e+01
      vertex   2.269464e+02 3.558060e+01 -8.465568e+01
    endloop
  endfacet
  facet normal 6.085669e-01 7.934228e-01 -1.125171e-02
    outer loop
      vertex   2.269150e+02 3.558864e+01 -8.578425e+01
      vertex   2.269464e+02 3.558060e+01 -8.465568e+01
      vertex   2.269564e+02 3.555687e+01 -8.578563e+01
    endloop
  endfacet
  facet normal 6.085669e-01 7.934228e-01 -1.125171e-02
    outer loop
      vertex   2.269564e+02 3.555687e+01 -8.578563e+01
      vertex   2.269464e+02 3.558060e+01 -8.465568e+01
      vertex   2.269878e+02 3.554882e+01 -8.465706e+01
    endloop
  endfacet
  facet normal 7.930782e-01 6.088627e-01 -1.769434e-02
    outer loop
      vertex   2.269564e+02 3.555687e+01 -8.578563e+01
      vertex   2.269878e+02 3.554882e+01 -8.465706e+01
      vertex   2.269882e+02 3.551545e+01 -8.578680e+01
    endloop
  endfacet
  facet normal 7.930782e-01 6.088627e-01 -1.769434e-02
    outer loop
      vertex   2.269882e+02 3.551545e+01 -8.578680e+01
      vertex   2.269878e+02 3.554882e+01 -8.465706e+01
      vertex   2.270195e+02 3.550740e+01 -8.465824e+01
    endloop
  endfacet
  facet normal 9.235426e-01 3.828097e-01 -2.293113e-02
    outer loop
      vertex   2.269882e+02 3.551545e+01 -8.578680e+01
      vertex   2.270195e+02 3.550740e+01 -8.465824e+01
      vertex   2.270081e+02 3.546722e+01 -8.578770e+01
    endloop
  endfacet
  facet normal 9.235426e-01 3.828097e-01 -2.293113e-02
    outer loop
      vertex   2.270081e+02 3.546722e+01 -8.578770e+01
      vertex   2.270195e+02 3.550740e+01 -8.465824e+01
      vertex   2.270395e+02 3.545917e+01 -8.465914e+01
    endloop
  endfacet
  facet normal 9.910690e-01 1.306688e-01 -2.660521e-02
    outer loop
      vertex   2.270081e+02 3.546722e+01 -8.578770e+01
      vertex   2.270395e+02 3.545917e+01 -8.465914e+01
      vertex   2.270463e+02 3.540741e+01 -8.465969e+01
    endloop
  endfacet
  facet normal 9.235426e-01 3.828097e-01 -2.293113e-02
    outer loop
      vertex   2.261301e+02 3.569254e+01 -1.173876e+02
      vertex   2.260988e+02 3.570058e+01 -1.185162e+02
      vertex   2.261102e+02 3.574077e+01 -1.173867e+02
    endloop
  endfacet
  facet normal 9.235426e-01 3.828097e-01 -2.293113e-02
    outer loop
      vertex   2.261102e+02 3.574077e+01 -1.173867e+02
      vertex   2.260988e+02 3.570058e+01 -1.185162e+02
      vertex   2.260788e+02 3.574882e+01 -1.185153e+02
    endloop
  endfacet
  facet normal 7.930782e-01 6.088627e-01 -1.769434e-02
    outer loop
      vertex   2.261102e+02 3.574077e+01 -1.173867e+02
      vertex   2.260788e+02 3.574882e+01 -1.185153e+02
      vertex   2.260784e+02 3.578218e+01 -1.173855e+02
    endloop
  endfacet
  facet normal 7.930782e-01 6.088627e-01 -1.769434e-02
    outer loop
      vertex   2.260784e+02 3.578218e+01 -1.173855e+02
      vertex   2.260788e+02 3.574882e+01 -1.185153e+02
      vertex   2.260470e+02 3.579023e+01 -1.185141e+02
    endloop
  endfacet
  facet normal 6.085669e-01 7.934228e-01 -1.125171e-02
    outer loop
      vertex   2.260784e+02 3.578218e+01 -1.173855e+02
      vertex   2.260470e+02 3.579023e+01 -1.185141e+02
      vertex   2.260370e+02 3.581396e+01 -1.173842e+02
    endloop
  endfacet
  facet normal 6.085669e-01 7.934228e-01 -1.125171e-02
    outer loop
      vertex   2.260370e+02 3.581396e+01 -1.173842e+02
      vertex   2.260470e+02 3.579023e+01 -1.185141e+02
      vertex   2.260056e+02 3.582201e+01 -1.185127e+02
    endloop
  endfacet
  facet normal 3.825828e-01 9.239124e-01 -4.042294e-03
    outer loop
      vertex   2.260370e+02 3.581396e+01 -1.173842e+02
      vertex   2.260056e+02 3.582201e+01 -1.185127e+02
      vertex   2.259888e+02 3.583393e+01 -1.173827e+02
    endloop
  endfacet
  facet normal 3.825828e-01 9.239124e-01 -4.042294e-03
    outer loop
      vertex   2.259888e+02 3.583393e+01 -1.173827e+02
      vertex   2.260056e+02 3.582201e+01 -1.185127e+02
      vertex   2.259574e+02 3.584198e+01 -1.185112e+02
    endloop
  endfacet
  facet normal 1.305262e-01 9.914389e-01 3.442599e-03
    outer loop
      vertex   2.259888e+02 3.583393e+01 -1.173827e+02
      vertex   2.259574e+02 3.584198e+01 -1.185112e+02
      vertex   2.258743e+02 3.585683e+01 -1.196383e+02
    endloop
  endfacet
  facet normal 9.910690e-01 1.306688e-01 -2.660521e-02
    outer loop
      vertex   2.261615e+02 3.568449e+01 -1.162590e+02
      vertex   2.261929e+02 3.567644e+01 -1.151305e+02
      vertex   2.260742e+02 3.565687e+01 -1.196453e+02
    endloop
  endfacet
  facet normal 9.910690e-01 1.306688e-01 -2.660521e-02
    outer loop
      vertex   2.260742e+02 3.565687e+01 -1.196453e+02
      vertex   2.261929e+02 3.567644e+01 -1.151305e+02
      vertex   2.262242e+02 3.566839e+01 -1.140019e+02
    endloop
  endfacet
  facet normal 9.910690e-01 1.306688e-01 -2.660521e-02
    outer loop
      vertex   2.260742e+02 3.565687e+01 -1.196453e+02
      vertex   2.262242e+02 3.566839e+01 -1.140019e+02
      vertex   2.262556e+02 3.566035e+01 -1.128733e+02
    endloop
  endfacet
  facet normal 9.235426e-01 3.828097e-01 -2.293113e-02
    outer loop
      vertex   2.262556e+02 3.566035e+01 -1.128733e+02
      vertex   2.262242e+02 3.566839e+01 -1.140019e+02
      vertex   2.262356e+02 3.570858e+01 -1.128724e+02
    endloop
  endfacet
  facet normal 9.235426e-01 3.828097e-01 -2.293113e-02
    outer loop
      vertex   2.262556e+02 3.566035e+01 -1.128733e+02
      vertex   2.262356e+02 3.570858e+01 -1.128724e+02
      vertex   2.262670e+02 3.570053e+01 -1.117439e+02
    endloop
  endfacet
  facet normal 7.930782e-01 6.088627e-01 -1.769434e-02
    outer loop
      vertex   2.262670e+02 3.570053e+01 -1.117439e+02
      vertex   2.262356e+02 3.570858e+01 -1.128724e+02
      vertex   2.262352e+02 3.574195e+01 -1.117427e+02
    endloop
  endfacet
  facet normal 7.930782e-01 6.088627e-01 -1.769434e-02
    outer loop
      vertex   2.262670e+02 3.570053e+01 -1.117439e+02
      vertex   2.262352e+02 3.574195e+01 -1.117427e+02
      vertex   2.262665e+02 3.573390e+01 -1.106141e+02
    endloop
  endfacet
  facet normal 6.085669e-01 7.934228e-01 -1.125171e-02
    outer loop
      vertex   2.262665e+02 3.573390e+01 -1.106141e+02
      vertex   2.262352e+02 3.574195e+01 -1.117427e+02
      vertex   2.262251e+02 3.576568e+01 -1.106127e+02
    endloop
  endfacet
  facet normal 9.235426e-01 3.828097e-01 -2.293113e-02
    outer loop
      vertex   2.261615e+02 3.568449e+01 -1.162590e+02
      vertex   2.261729e+02 3.572467e+01 -1.151296e+02
      vertex   2.261929e+02 3.567644e+01 -1.151305e+02
    endloop
  endfacet
  facet normal 9.235426e-01 3.828097e-01 -2.293113e-02
    outer loop
      vertex   2.261929e+02 3.567644e+01 -1.151305e+02
      vertex   2.261729e+02 3.572467e+01 -1.151296e+02
      vertex   2.262042e+02 3.571663e+01 -1.140010e+02
    endloop
  endfacet
  facet normal 9.235426e-01 3.828097e-01 -2.293113e-02
    outer loop
      vertex   2.261929e+02 3.567644e+01 -1.151305e+02
      vertex   2.262042e+02 3.571663e+01 -1.140010e+02
      vertex   2.262242e+02 3.566839e+01 -1.140019e+02
    endloop
  endfacet
  facet normal 9.235426e-01 3.828097e-01 -2.293113e-02
    outer loop
      vertex   2.262242e+02 3.566839e+01 -1.140019e+02
      vertex   2.262042e+02 3.571663e+01 -1.140010e+02
      vertex   2.262356e+02 3.570858e+01 -1.128724e+02
    endloop
  endfacet
  facet normal 9.910690e-01 1.306688e-01 -2.660521e-02
    outer loop
      vertex   2.263183e+02 3.564425e+01 -1.106162e+02
      vertex   2.260742e+02 3.565687e+01 -1.196453e+02
      vertex   2.262869e+02 3.565230e+01 -1.117448e+02
    endloop
  endfacet
  facet normal 9.910690e-01 1.306688e-01 -2.660521e-02
    outer loop
      vertex   2.262869e+02 3.565230e+01 -1.117448e+02
      vertex   2.260742e+02 3.565687e+01 -1.196453e+02
      vertex   2.262556e+02 3.566035e+01 -1.128733e+02
    endloop
  endfacet
  facet normal 9.235426e-01 3.828097e-01 -2.293113e-02
    outer loop
      vertex   2.262869e+02 3.565230e+01 -1.117448e+02
      vertex   2.262556e+02 3.566035e+01 -1.128733e+02
      vertex   2.262670e+02 3.570053e+01 -1.117439e+02
    endloop
  endfacet
  facet normal 9.235426e-01 3.828097e-01 -2.293113e-02
    outer loop
      vertex   2.262983e+02 3.569249e+01 -1.106153e+02
      vertex   2.263183e+02 3.564425e+01 -1.106162e+02
      vertex   2.262869e+02 3.565230e+01 -1.117448e+02
    endloop
  endfacet
  facet normal 9.235426e-01 3.828097e-01 -2.293113e-02
    outer loop
      vertex   2.262983e+02 3.569249e+01 -1.106153e+02
      vertex   2.262869e+02 3.565230e+01 -1.117448e+02
      vertex   2.262670e+02 3.570053e+01 -1.117439e+02
    endloop
  endfacet
  facet normal 9.235426e-01 3.828097e-01 -2.293113e-02
    outer loop
      vertex   2.263810e+02 3.562816e+01 -1.083591e+02
      vertex   2.263496e+02 3.563621e+01 -1.094876e+02
      vertex   2.263610e+02 3.567639e+01 -1.083582e+02
    endloop
  endfacet
  facet normal 9.235426e-01 3.828097e-01 -2.293113e-02
    outer loop
      vertex   2.263610e+02 3.567639e+01 -1.083582e+02
      vertex   2.263496e+02 3.563621e+01 -1.094876e+02
      vertex   2.263297e+02 3.568444e+01 -1.094867e+02
    endloop
  endfacet
  facet normal 7.930782e-01 6.088627e-01 -1.769434e-02
    outer loop
      vertex   2.263610e+02 3.567639e+01 -1.083582e+02
      vertex   2.263297e+02 3.568444e+01 -1.094867e+02
      vertex   2.263293e+02 3.571781e+01 -1.083570e+02
    endloop
  endfacet
  facet normal 7.930782e-01 6.088627e-01 -1.769434e-02
    outer loop
      vertex   2.263293e+02 3.571781e+01 -1.083570e+02
      vertex   2.263297e+02 3.568444e+01 -1.094867e+02
      vertex   2.262979e+02 3.572585e+01 -1.094856e+02
    endloop
  endfacet
  facet normal 6.085669e-01 7.934228e-01 -1.125171e-02
    outer loop
      vertex   2.263293e+02 3.571781e+01 -1.083570e+02
      vertex   2.262979e+02 3.572585e+01 -1.094856e+02
      vertex   2.262879e+02 3.574958e+01 -1.083556e+02
    endloop
  endfacet
  facet normal 6.085669e-01 7.934228e-01 -1.125171e-02
    outer loop
      vertex   2.262879e+02 3.574958e+01 -1.083556e+02
      vertex   2.262979e+02 3.572585e+01 -1.094856e+02
      vertex   2.262565e+02 3.575763e+01 -1.094842e+02
    endloop
  endfacet
  facet normal 3.825828e-01 9.239124e-01 -4.042294e-03
    outer loop
      vertex   2.262879e+02 3.574958e+01 -1.083556e+02
      vertex   2.262565e+02 3.575763e+01 -1.094842e+02
      vertex   2.262396e+02 3.576956e+01 -1.083541e+02
    endloop
  endfacet
  facet normal 3.825828e-01 9.239124e-01 -4.042294e-03
    outer loop
      vertex   2.262396e+02 3.576956e+01 -1.083541e+02
      vertex   2.262565e+02 3.575763e+01 -1.094842e+02
      vertex   2.262083e+02 3.577760e+01 -1.094827e+02
    endloop
  endfacet
  facet normal 1.305262e-01 9.914389e-01 3.442599e-03
    outer loop
      vertex   2.262396e+02 3.576956e+01 -1.083541e+02
      vertex   2.262083e+02 3.577760e+01 -1.094827e+02
      vertex   2.258743e+02 3.585683e+01 -1.196383e+02
    endloop
  endfacet
  facet normal 9.910690e-01 1.306688e-01 -2.660521e-02
    outer loop
      vertex   2.264124e+02 3.562011e+01 -1.072305e+02
      vertex   2.264437e+02 3.561207e+01 -1.061019e+02
      vertex   2.260742e+02 3.565687e+01 -1.196453e+02
    endloop
  endfacet
  facet normal 9.910690e-01 1.306688e-01 -2.660521e-02
    outer loop
      vertex   2.260742e+02 3.565687e+01 -1.196453e+02
      vertex   2.264437e+02 3.561207e+01 -1.061019e+02
      vertex   2.264751e+02 3.560402e+01 -1.049734e+02
    endloop
  endfacet
  facet normal 9.910690e-01 1.306688e-01 -2.660521e-02
    outer loop
      vertex   2.260742e+02 3.565687e+01 -1.196453e+02
      vertex   2.264751e+02 3.560402e+01 -1.049734e+02
      vertex   2.265064e+02 3.559597e+01 -1.038448e+02
    endloop
  endfacet
  facet normal 9.235426e-01 3.828097e-01 -2.293113e-02
    outer loop
      vertex   2.265064e+02 3.559597e+01 -1.038448e+02
      vertex   2.264751e+02 3.560402e+01 -1.049734e+02
      vertex   2.264865e+02 3.564420e+01 -1.038439e+02
    endloop
  endfacet
  facet normal 9.235426e-01 3.828097e-01 -2.293113e-02
    outer loop
      vertex   2.265064e+02 3.559597e+01 -1.038448e+02
      vertex   2.264865e+02 3.564420e+01 -1.038439e+02
      vertex   2.265178e+02 3.563616e+01 -1.027153e+02
    endloop
  endfacet
  facet normal 7.930782e-01 6.088627e-01 -1.769434e-02
    outer loop
      vertex   2.265178e+02 3.563616e+01 -1.027153e+02
      vertex   2.264865e+02 3.564420e+01 -1.038439e+02
      vertex   2.264860e+02 3.567757e+01 -1.027141e+02
    endloop
  endfacet
  facet normal 7.930782e-01 6.088627e-01 -1.769434e-02
    outer loop
      vertex   2.265178e+02 3.563616e+01 -1.027153e+02
      vertex   2.264860e+02 3.567757e+01 -1.027141e+02
      vertex   2.265174e+02 3.566952e+01 -1.015856e+02
    endloop
  endfacet
  facet normal 6.085669e-01 7.934228e-01 -1.125171e-02
    outer loop
      vertex   2.265174e+02 3.566952e+01 -1.015856e+02
      vertex   2.264860e+02 3.567757e+01 -1.027141e+02
      vertex   2.264760e+02 3.570130e+01 -1.015842e+02
    endloop
  endfacet
  facet normal 6.085669e-01 7.934228e-01 -1.125171e-02
    outer loop
      vertex   2.265174e+02 3.566952e+01 -1.015856e+02
      vertex   2.264760e+02 3.570130e+01 -1.015842e+02
      vertex   2.265074e+02 3.569325e+01 -1.004556e+02
    endloop
  endfacet
  facet normal 3.825828e-01 9.239124e-01 -4.042294e-03
    outer loop
      vertex   2.265074e+02 3.569325e+01 -1.004556e+02
      vertex   2.264760e+02 3.570130e+01 -1.015842e+02
      vertex   2.264591e+02 3.571323e+01 -1.004542e+02
    endloop
  endfacet
  facet normal 3.825828e-01 9.239124e-01 -4.042294e-03
    outer loop
      vertex   2.265074e+02 3.569325e+01 -1.004556e+02
      vertex   2.264591e+02 3.571323e+01 -1.004542e+02
      vertex   2.264905e+02 3.570518e+01 -9.932558e+01
    endloop
  endfacet
  facet normal 1.305262e-01 9.914389e-01 3.442599e-03
    outer loop
      vertex   2.264905e+02 3.570518e+01 -9.932558e+01
      vertex   2.264591e+02 3.571323e+01 -1.004542e+02
      vertex   2.268464e+02 3.560738e+01 -8.465271e+01
    endloop
  endfacet
  facet normal 1.305262e-01 9.914389e-01 3.442599e-03
    outer loop
      vertex   2.264905e+02 3.570518e+01 -9.932558e+01
      vertex   2.268464e+02 3.560738e+01 -8.465271e+01
      vertex   2.265219e+02 3.569713e+01 -9.819702e+01
    endloop
  endfacet
  facet normal 1.305262e-01 9.914389e-01 3.442599e-03
    outer loop
      vertex   2.265219e+02 3.569713e+01 -9.819702e+01
      vertex   2.268464e+02 3.560738e+01 -8.465271e+01
      vertex   2.265532e+02 3.568909e+01 -9.706845e+01
    endloop
  endfacet
  facet normal 3.825828e-01 9.239124e-01 -4.042294e-03
    outer loop
      vertex   2.265219e+02 3.569713e+01 -9.819702e+01
      vertex   2.265532e+02 3.568909e+01 -9.706845e+01
      vertex   2.265701e+02 3.567716e+01 -9.819850e+01
    endloop
  endfacet
  facet normal 9.235426e-01 3.828097e-01 -2.293113e-02
    outer loop
      vertex   2.264124e+02 3.562011e+01 -1.072305e+02
      vertex   2.264237e+02 3.566030e+01 -1.061010e+02
      vertex   2.264437e+02 3.561207e+01 -1.061019e+02
    endloop
  endfacet
  facet normal 9.235426e-01 3.828097e-01 -2.293113e-02
    outer loop
      vertex   2.264437e+02 3.561207e+01 -1.061019e+02
      vertex   2.264237e+02 3.566030e+01 -1.061010e+02
      vertex   2.264551e+02 3.565225e+01 -1.049725e+02
    endloop
  endfacet
  facet normal 9.235426e-01 3.828097e-01 -2.293113e-02
    outer loop
      vertex   2.264437e+02 3.561207e+01 -1.061019e+02
      vertex   2.264551e+02 3.565225e+01 -1.049725e+02
      vertex   2.264751e+02 3.560402e+01 -1.049734e+02
    endloop
  endfacet
  facet normal 9.235426e-01 3.828097e-01 -2.293113e-02
    outer loop
      vertex   2.264751e+02 3.560402e+01 -1.049734e+02
      vertex   2.264551e+02 3.565225e+01 -1.049725e+02
      vertex   2.264865e+02 3.564420e+01 -1.038439e+02
    endloop
  endfacet
  facet normal 9.910690e-01 1.306688e-01 -2.660521e-02
    outer loop
      vertex   2.265691e+02 3.557988e+01 -1.015877e+02
      vertex   2.260742e+02 3.565687e+01 -1.196453e+02
      vertex   2.265378e+02 3.558792e+01 -1.027162e+02
    endloop
  endfacet
  facet normal 9.910690e-01 1.306688e-01 -2.660521e-02
    outer loop
      vertex   2.265378e+02 3.558792e+01 -1.027162e+02
      vertex   2.260742e+02 3.565687e+01 -1.196453e+02
      vertex   2.265064e+02 3.559597e+01 -1.038448e+02
    endloop
  endfacet
  facet normal 9.235426e-01 3.828097e-01 -2.293113e-02
    outer loop
      vertex   2.265378e+02 3.558792e+01 -1.027162e+02
      vertex   2.265064e+02 3.559597e+01 -1.038448e+02
      vertex   2.265178e+02 3.563616e+01 -1.027153e+02
    endloop
  endfacet
  facet normal 9.235426e-01 3.828097e-01 -2.293113e-02
    outer loop
      vertex   2.265691e+02 3.557988e+01 -1.015877e+02
      vertex   2.265378e+02 3.558792e+01 -1.027162e+02
      vertex   2.265492e+02 3.562811e+01 -1.015868e+02
    endloop
  endfacet
  facet normal 9.235426e-01 3.828097e-01 -2.293113e-02
    outer loop
      vertex   2.265492e+02 3.562811e+01 -1.015868e+02
      vertex   2.265378e+02 3.558792e+01 -1.027162e+02
      vertex   2.265178e+02 3.563616e+01 -1.027153e+02
    endloop
  endfacet
  facet normal 7.930782e-01 6.088627e-01 -1.769434e-02
    outer loop
      vertex   2.265492e+02 3.562811e+01 -1.015868e+02
      vertex   2.265178e+02 3.563616e+01 -1.027153e+02
      vertex   2.265174e+02 3.566952e+01 -1.015856e+02
    endloop
  endfacet
  facet normal 9.910690e-01 1.306688e-01 -2.660521e-02
    outer loop
      vertex   2.266005e+02 3.557183e+01 -1.004591e+02
      vertex   2.266319e+02 3.556378e+01 -9.933052e+01
      vertex   2.270463e+02 3.540741e+01 -8.465969e+01
    endloop
  endfacet
  facet normal 9.910690e-01 1.306688e-01 -2.660521e-02
    outer loop
      vertex   2.270463e+02 3.540741e+01 -8.465969e+01
      vertex   2.266319e+02 3.556378e+01 -9.933052e+01
      vertex   2.266632e+02 3.555574e+01 -9.820195e+01
    endloop
  endfacet
  facet normal 9.910690e-01 1.306688e-01 -2.660521e-02
    outer loop
      vertex   2.270463e+02 3.540741e+01 -8.465969e+01
      vertex   2.266632e+02 3.555574e+01 -9.820195e+01
      vertex   2.266946e+02 3.554769e+01 -9.707338e+01
    endloop
  endfacet
  facet normal 9.235426e-01 3.828097e-01 -2.293113e-02
    outer loop
      vertex   2.266946e+02 3.554769e+01 -9.707338e+01
      vertex   2.266632e+02 3.555574e+01 -9.820195e+01
      vertex   2.266746e+02 3.559592e+01 -9.707248e+01
    endloop
  endfacet
  facet normal 9.235426e-01 3.828097e-01 -2.293113e-02
    outer loop
      vertex   2.266946e+02 3.554769e+01 -9.707338e+01
      vertex   2.266746e+02 3.559592e+01 -9.707248e+01
      vertex   2.267060e+02 3.558787e+01 -9.594392e+01
    endloop
  endfacet
  facet normal 7.930782e-01 6.088627e-01 -1.769434e-02
    outer loop
      vertex   2.267060e+02 3.558787e+01 -9.594392e+01
      vertex   2.266746e+02 3.559592e+01 -9.707248e+01
      vertex   2.266742e+02 3.562929e+01 -9.594274e+01
    endloop
  endfacet
  facet normal 7.930782e-01 6.088627e-01 -1.769434e-02
    outer loop
      vertex   2.267060e+02 3.558787e+01 -9.594392e+01
      vertex   2.266742e+02 3.562929e+01 -9.594274e+01
      vertex   2.267055e+02 3.562124e+01 -9.481417e+01
    endloop
  endfacet
  facet normal 6.085669e-01 7.934228e-01 -1.125171e-02
    outer loop
      vertex   2.267055e+02 3.562124e+01 -9.481417e+01
      vertex   2.266742e+02 3.562929e+01 -9.594274e+01
      vertex   2.266641e+02 3.565302e+01 -9.481279e+01
    endloop
  endfacet
  facet normal 9.235426e-01 3.828097e-01 -2.293113e-02
    outer loop
      vertex   2.266005e+02 3.557183e+01 -1.004591e+02
      vertex   2.266119e+02 3.561202e+01 -9.932962e+01
      vertex   2.266319e+02 3.556378e+01 -9.933052e+01
    endloop
  endfacet
  facet normal 9.235426e-01 3.828097e-01 -2.293113e-02
    outer loop
      vertex   2.266319e+02 3.556378e+01 -9.933052e+01
      vertex   2.266119e+02 3.561202e+01 -9.932962e+01
      vertex   2.266432e+02 3.560397e+01 -9.820105e+01
    endloop
  endfacet
  facet normal 9.235426e-01 3.828097e-01 -2.293113e-02
    outer loop
      vertex   2.266319e+02 3.556378e+01 -9.933052e+01
      vertex   2.266432e+02 3.560397e+01 -9.820105e+01
      vertex   2.266632e+02 3.555574e+01 -9.820195e+01
    endloop
  endfacet
  facet normal 9.235426e-01 3.828097e-01 -2.293113e-02
    outer loop
      vertex   2.266632e+02 3.555574e+01 -9.820195e+01
      vertex   2.266432e+02 3.560397e+01 -9.820105e+01
      vertex   2.266746e+02 3.559592e+01 -9.707248e+01
    endloop
  endfacet
  facet normal 9.910690e-01 1.306688e-01 -2.660521e-02
    outer loop
      vertex   2.267573e+02 3.553159e+01 -9.481625e+01
      vertex   2.270463e+02 3.540741e+01 -8.465969e+01
      vertex   2.267259e+02 3.553964e+01 -9.594482e+01
    endloop
  endfacet
  facet normal 9.910690e-01 1.306688e-01 -2.660521e-02
    outer loop
      vertex   2.267259e+02 3.553964e+01 -9.594482e+01
      vertex   2.270463e+02 3.540741e+01 -8.465969e+01
      vertex   2.266946e+02 3.554769e+01 -9.707338e+01
    endloop
  endfacet
  facet normal 9.235426e-01 3.828097e-01 -2.293113e-02
    outer loop
      vertex   2.267259e+02 3.553964e+01 -9.594482e+01
      vertex   2.266946e+02 3.554769e+01 -9.707338e+01
      vertex   2.267060e+02 3.558787e+01 -9.594392e+01
    endloop
  endfacet
  facet normal 9.235426e-01 3.828097e-01 -2.293113e-02
    outer loop
      vertex   2.267373e+02 3.557983e+01 -9.481535e+01
      vertex   2.267573e+02 3.553159e+01 -9.481625e+01
      vertex   2.267259e+02 3.553964e+01 -9.594482e+01
    endloop
  endfacet
  facet normal 9.235426e-01 3.828097e-01 -2.293113e-02
    outer loop
      vertex   2.267373e+02 3.557983e+01 -9.481535e+01
      vertex   2.267259e+02 3.553964e+01 -9.594482e+01
      vertex   2.267060e+02 3.558787e+01 -9.594392e+01
    endloop
  endfacet
  facet normal 9.235426e-01 3.828097e-01 -2.293113e-02
    outer loop
      vertex   2.268200e+02 3.551550e+01 -9.255911e+01
      vertex   2.267886e+02 3.552355e+01 -9.368768e+01
      vertex   2.268000e+02 3.556373e+01 -9.255821e+01
    endloop
  endfacet
  facet normal 9.235426e-01 3.828097e-01 -2.293113e-02
    outer loop
      vertex   2.268000e+02 3.556373e+01 -9.255821e+01
      vertex   2.267886e+02 3.552355e+01 -9.368768e+01
      vertex   2.267687e+02 3.557178e+01 -9.368678e+01
    endloop
  endfacet
  facet normal 7.930782e-01 6.088627e-01 -1.769434e-02
    outer loop
      vertex   2.268000e+02 3.556373e+01 -9.255821e+01
      vertex   2.267687e+02 3.557178e+01 -9.368678e+01
      vertex   2.267683e+02 3.560515e+01 -9.255703e+01
    endloop
  endfacet
  facet normal 7.930782e-01 6.088627e-01 -1.769434e-02
    outer loop
      vertex   2.267683e+02 3.560515e+01 -9.255703e+01
      vertex   2.267687e+02 3.557178e+01 -9.368678e+01
      vertex   2.267369e+02 3.561320e+01 -9.368560e+01
    endloop
  endfacet
  facet normal 6.085669e-01 7.934228e-01 -1.125171e-02
    outer loop
      vertex   2.267683e+02 3.560515e+01 -9.255703e+01
      vertex   2.267369e+02 3.561320e+01 -9.368560e+01
      vertex   2.267269e+02 3.563693e+01 -9.255566e+01
    endloop
  endfacet
  facet normal 6.085669e-01 7.934228e-01 -1.125171e-02
    outer loop
      vertex   2.267269e+02 3.563693e+01 -9.255566e+01
      vertex   2.267369e+02 3.561320e+01 -9.368560e+01
      vertex   2.266955e+02 3.564497e+01 -9.368423e+01
    endloop
  endfacet
  facet normal 3.825828e-01 9.239124e-01 -4.042294e-03
    outer loop
      vertex   2.267269e+02 3.563693e+01 -9.255566e+01
      vertex   2.266955e+02 3.564497e+01 -9.368423e+01
      vertex   2.266786e+02 3.565690e+01 -9.255418e+01
    endloop
  endfacet
  facet normal 3.825828e-01 9.239124e-01 -4.042294e-03
    outer loop
      vertex   2.266786e+02 3.565690e+01 -9.255418e+01
      vertex   2.266955e+02 3.564497e+01 -9.368423e+01
      vertex   2.266473e+02 3.566494e+01 -9.368274e+01
    endloop
  endfacet
  facet normal 1.305262e-01 9.914389e-01 3.442599e-03
    outer loop
      vertex   2.266786e+02 3.565690e+01 -9.255418e+01
      vertex   2.266473e+02 3.566494e+01 -9.368274e+01
      vertex   2.268464e+02 3.560738e+01 -8.465271e+01
    endloop
  endfacet
  facet normal 9.910690e-01 1.306688e-01 -2.660521e-02
    outer loop
      vertex   2.268514e+02 3.550745e+01 -9.143054e+01
      vertex   2.268827e+02 3.549941e+01 -9.030198e+01
      vertex   2.270463e+02 3.540741e+01 -8.465969e+01
    endloop
  endfacet
  facet normal 9.910690e-01 1.306688e-01 -2.660521e-02
    outer loop
      vertex   2.270463e+02 3.540741e+01 -8.465969e+01
      vertex   2.268827e+02 3.549941e+01 -9.030198e+01
      vertex   2.269141e+02 3.549136e+01 -8.917341e+01
    endloop
  endfacet
  facet normal 9.910690e-01 1.306688e-01 -2.660521e-02
    outer loop
      vertex   2.270463e+02 3.540741e+01 -8.465969e+01
      vertex   2.269141e+02 3.549136e+01 -8.917341e+01
      vertex   2.269454e+02 3.548331e+01 -8.804484e+01
    endloop
  endfacet
  facet normal 9.235426e-01 3.828097e-01 -2.293113e-02
    outer loop
      vertex   2.269454e+02 3.548331e+01 -8.804484e+01
      vertex   2.269141e+02 3.549136e+01 -8.917341e+01
      vertex   2.269255e+02 3.553154e+01 -8.804394e+01
    endloop
  endfacet
  facet normal 9.235426e-01 3.828097e-01 -2.293113e-02
    outer loop
      vertex   2.269454e+02 3.548331e+01 -8.804484e+01
      vertex   2.269255e+02 3.553154e+01 -8.804394e+01
      vertex   2.269568e+02 3.552350e+01 -8.691537e+01
    endloop
  endfacet
  facet normal 7.930782e-01 6.088627e-01 -1.769434e-02
    outer loop
      vertex   2.269568e+02 3.552350e+01 -8.691537e+01
      vertex   2.269255e+02 3.553154e+01 -8.804394e+01
      vertex   2.269250e+02 3.556491e+01 -8.691419e+01
    endloop
  endfacet
  facet normal 7.930782e-01 6.088627e-01 -1.769434e-02
    outer loop
      vertex   2.269568e+02 3.552350e+01 -8.691537e+01
      vertex   2.269250e+02 3.556491e+01 -8.691419e+01
      vertex   2.269564e+02 3.555687e+01 -8.578563e+01
    endloop
  endfacet
  facet normal 6.085669e-01 7.934228e-01 -1.125171e-02
    outer loop
      vertex   2.269564e+02 3.555687e+01 -8.578563e+01
      vertex   2.269250e+02 3.556491e+01 -8.691419e+01
      vertex   2.269150e+02 3.558864e+01 -8.578425e+01
    endloop
  endfacet
  facet normal 9.235426e-01 3.828097e-01 -2.293113e-02
    outer loop
      vertex   2.268514e+02 3.550745e+01 -9.143054e+01
      vertex   2.268627e+02 3.554764e+01 -9.030108e+01
      vertex   2.268827e+02 3.549941e+01 -9.030198e+01
    endloop
  endfacet
  facet normal 9.235426e-01 3.828097e-01 -2.293113e-02
    outer loop
      vertex   2.268827e+02 3.549941e+01 -9.030198e+01
      vertex   2.268627e+02 3.554764e+01 -9.030108e+01
      vertex   2.268941e+02 3.553959e+01 -8.917251e+01
    endloop
  endfacet
  facet normal 9.235426e-01 3.828097e-01 -2.293113e-02
    outer loop
      vertex   2.268827e+02 3.549941e+01 -9.030198e+01
      vertex   2.268941e+02 3.553959e+01 -8.917251e+01
      vertex   2.269141e+02 3.549136e+01 -8.917341e+01
    endloop
  endfacet
  facet normal 9.235426e-01 3.828097e-01 -2.293113e-02
    outer loop
      vertex   2.269141e+02 3.549136e+01 -8.917341e+01
      vertex   2.268941e+02 3.553959e+01 -8.917251e+01
      vertex   2.269255e+02 3.553154e+01 -8.804394e+01
    endloop
  endfacet
  facet normal 9.910690e-01 1.306688e-01 -2.660521e-02
    outer loop
      vertex   2.270081e+02 3.546722e+01 -8.578770e+01
      vertex   2.270463e+02 3.540741e+01 -8.465969e+01
      vertex   2.269768e+02 3.547527e+01 -8.691627e+01
    endloop
  endfacet
  facet normal 9.910690e-01 1.306688e-01 -2.660521e-02
    outer loop
      vertex   2.269768e+02 3.547527e+01 -8.691627e+01
      vertex   2.270463e+02 3.540741e+01 -8.465969e+01
      vertex   2.269454e+02 3.548331e+01 -8.804484e+01
    endloop
  endfacet
  facet normal 9.235426e-01 3.828097e-01 -2.293113e-02
    outer loop
      vertex   2.269768e+02 3.547527e+01 -8.691627e+01
      vertex   2.269454e+02 3.548331e+01 -8.804484e+01
      vertex   2.269568e+02 3.552350e+01 -8.691537e+01
    endloop
  endfacet
  facet normal 9.235426e-01 3.828097e-01 -2.293113e-02
    outer loop
      vertex   2.269882e+02 3.551545e+01 -8.578680e+01
      vertex   2.270081e+02 3.546722e+01 -8.578770e+01
      vertex   2.269768e+02 3.547527e+01 -8.691627e+01
    endloop
  endfacet
  facet normal 9.235426e-01 3.828097e-01 -2.293113e-02
    outer loop
      vertex   2.269882e+02 3.551545e+01 -8.578680e+01
      vertex   2.269768e+02 3.547527e+01 -8.691627e+01
      vertex   2.269568e+02 3.552350e+01 -8.691537e+01
    endloop
  endfacet
  facet normal 9.235426e-01 3.828097e-01 -2.293113e-02
    outer loop
      vertex   2.261301e+02 3.569254e+01 -1.173876e+02
      vertex   2.261102e+02 3.574077e+01 -1.173867e+02
      vertex   2.261415e+02 3.573272e+01 -1.162581e+02
    endloop
  endfacet
  facet normal 7.930782e-01 6.088627e-01 -1.769434e-02
    outer loop
      vertex   2.261415e+02 3.573272e+01 -1.162581e+02
      vertex   2.261102e+02 3.574077e+01 -1.173867e+02
      vertex   2.261098e+02 3.577414e+01 -1.162570e+02
    endloop
  endfacet
  facet normal 7.930782e-01 6.088627e-01 -1.769434e-02
    outer loop
      vertex   2.261415e+02 3.573272e+01 -1.162581e+02
      vertex   2.261098e+02 3.577414e+01 -1.162570e+02
      vertex   2.261411e+02 3.576609e+01 -1.151284e+02
    endloop
  endfacet
  facet normal 6.085669e-01 7.934228e-01 -1.125171e-02
    outer loop
      vertex   2.261411e+02 3.576609e+01 -1.151284e+02
      vertex   2.261098e+02 3.577414e+01 -1.162570e+02
      vertex   2.260997e+02 3.579787e+01 -1.151270e+02
    endloop
  endfacet
  facet normal 6.085669e-01 7.934228e-01 -1.125171e-02
    outer loop
      vertex   2.261411e+02 3.576609e+01 -1.151284e+02
      vertex   2.260997e+02 3.579787e+01 -1.151270e+02
      vertex   2.261311e+02 3.578982e+01 -1.139985e+02
    endloop
  endfacet
  facet normal 3.825828e-01 9.239124e-01 -4.042294e-03
    outer loop
      vertex   2.261311e+02 3.578982e+01 -1.139985e+02
      vertex   2.260997e+02 3.579787e+01 -1.151270e+02
      vertex   2.260829e+02 3.580979e+01 -1.139970e+02
    endloop
  endfacet
  facet normal 3.825828e-01 9.239124e-01 -4.042294e-03
    outer loop
      vertex   2.261311e+02 3.578982e+01 -1.139985e+02
      vertex   2.260829e+02 3.580979e+01 -1.139970e+02
      vertex   2.261142e+02 3.580174e+01 -1.128684e+02
    endloop
  endfacet
  facet normal 1.305262e-01 9.914389e-01 3.442599e-03
    outer loop
      vertex   2.261142e+02 3.580174e+01 -1.128684e+02
      vertex   2.260829e+02 3.580979e+01 -1.139970e+02
      vertex   2.258743e+02 3.585683e+01 -1.196383e+02
    endloop
  endfacet
  facet normal 7.930782e-01 6.088627e-01 -1.769434e-02
    outer loop
      vertex   2.261098e+02 3.577414e+01 -1.162570e+02
      vertex   2.261102e+02 3.574077e+01 -1.173867e+02
      vertex   2.260784e+02 3.578218e+01 -1.173855e+02
    endloop
  endfacet
  facet normal 7.930782e-01 6.088627e-01 -1.769434e-02
    outer loop
      vertex   2.261729e+02 3.572467e+01 -1.151296e+02
      vertex   2.261725e+02 3.575804e+01 -1.139998e+02
      vertex   2.262042e+02 3.571663e+01 -1.140010e+02
    endloop
  endfacet
  facet normal 7.930782e-01 6.088627e-01 -1.769434e-02
    outer loop
      vertex   2.262042e+02 3.571663e+01 -1.140010e+02
      vertex   2.261725e+02 3.575804e+01 -1.139998e+02
      vertex   2.262038e+02 3.575000e+01 -1.128713e+02
    endloop
  endfacet
  facet normal 7.930782e-01 6.088627e-01 -1.769434e-02
    outer loop
      vertex   2.262042e+02 3.571663e+01 -1.140010e+02
      vertex   2.262038e+02 3.575000e+01 -1.128713e+02
      vertex   2.262356e+02 3.570858e+01 -1.128724e+02
    endloop
  endfacet
  facet normal 7.930782e-01 6.088627e-01 -1.769434e-02
    outer loop
      vertex   2.262356e+02 3.570858e+01 -1.128724e+02
      vertex   2.262038e+02 3.575000e+01 -1.128713e+02
      vertex   2.262352e+02 3.574195e+01 -1.117427e+02
    endloop
  endfacet
  facet normal 7.930782e-01 6.088627e-01 -1.769434e-02
    outer loop
      vertex   2.262665e+02 3.573390e+01 -1.106141e+02
      vertex   2.262983e+02 3.569249e+01 -1.106153e+02
      vertex   2.262670e+02 3.570053e+01 -1.117439e+02
    endloop
  endfacet
  facet normal 9.235426e-01 3.828097e-01 -2.293113e-02
    outer loop
      vertex   2.263810e+02 3.562816e+01 -1.083591e+02
      vertex   2.263610e+02 3.567639e+01 -1.083582e+02
      vertex   2.263924e+02 3.566834e+01 -1.072296e+02
    endloop
  endfacet
  facet normal 7.930782e-01 6.088627e-01 -1.769434e-02
    outer loop
      vertex   2.263924e+02 3.566834e+01 -1.072296e+02
      vertex   2.263610e+02 3.567639e+01 -1.083582e+02
      vertex   2.263606e+02 3.570976e+01 -1.072284e+02
    endloop
  endfacet
  facet normal 7.930782e-01 6.088627e-01 -1.769434e-02
    outer loop
      vertex   2.263924e+02 3.566834e+01 -1.072296e+02
      vertex   2.263606e+02 3.570976e+01 -1.072284e+02
      vertex   2.263920e+02 3.570171e+01 -1.060999e+02
    endloop
  endfacet
  facet normal 6.085669e-01 7.934228e-01 -1.125171e-02
    outer loop
      vertex   2.263920e+02 3.570171e+01 -1.060999e+02
      vertex   2.263606e+02 3.570976e+01 -1.072284e+02
      vertex   2.263506e+02 3.573349e+01 -1.060985e+02
    endloop
  endfacet
  facet normal 6.085669e-01 7.934228e-01 -1.125171e-02
    outer loop
      vertex   2.263920e+02 3.570171e+01 -1.060999e+02
      vertex   2.263506e+02 3.573349e+01 -1.060985e+02
      vertex   2.263819e+02 3.572544e+01 -1.049699e+02
    endloop
  endfacet
  facet normal 3.825828e-01 9.239124e-01 -4.042294e-03
    outer loop
      vertex   2.263819e+02 3.572544e+01 -1.049699e+02
      vertex   2.263506e+02 3.573349e+01 -1.060985e+02
      vertex   2.263337e+02 3.574542e+01 -1.049684e+02
    endloop
  endfacet
  facet normal 3.825828e-01 9.239124e-01 -4.042294e-03
    outer loop
      vertex   2.263819e+02 3.572544e+01 -1.049699e+02
      vertex   2.263337e+02 3.574542e+01 -1.049684e+02
      vertex   2.263651e+02 3.573737e+01 -1.038399e+02
    endloop
  endfacet
  facet normal 1.305262e-01 9.914389e-01 3.442599e-03
    outer loop
      vertex   2.263651e+02 3.573737e+01 -1.038399e+02
      vertex   2.263337e+02 3.574542e+01 -1.049684e+02
      vertex   2.258743e+02 3.585683e+01 -1.196383e+02
    endloop
  endfacet
  facet normal 7.930782e-01 6.088627e-01 -1.769434e-02
    outer loop
      vertex   2.263606e+02 3.570976e+01 -1.072284e+02
      vertex   2.263610e+02 3.567639e+01 -1.083582e+02
      vertex   2.263293e+02 3.571781e+01 -1.083570e+02
    endloop
  endfacet
  facet normal 7.930782e-01 6.088627e-01 -1.769434e-02
    outer loop
      vertex   2.264237e+02 3.566030e+01 -1.061010e+02
      vertex   2.264233e+02 3.569367e+01 -1.049713e+02
      vertex   2.264551e+02 3.565225e+01 -1.049725e+02
    endloop
  endfacet
  facet normal 7.930782e-01 6.088627e-01 -1.769434e-02
    outer loop
      vertex   2.264551e+02 3.565225e+01 -1.049725e+02
      vertex   2.264233e+02 3.569367e+01 -1.049713e+02
      vertex   2.264547e+02 3.568562e+01 -1.038427e+02
    endloop
  endfacet
  facet normal 7.930782e-01 6.088627e-01 -1.769434e-02
    outer loop
      vertex   2.264551e+02 3.565225e+01 -1.049725e+02
      vertex   2.264547e+02 3.568562e+01 -1.038427e+02
      vertex   2.264865e+02 3.564420e+01 -1.038439e+02
    endloop
  endfacet
  facet normal 7.930782e-01 6.088627e-01 -1.769434e-02
    outer loop
      vertex   2.264865e+02 3.564420e+01 -1.038439e+02
      vertex   2.264547e+02 3.568562e+01 -1.038427e+02
      vertex   2.264860e+02 3.567757e+01 -1.027141e+02
    endloop
  endfacet
  facet normal 9.235426e-01 3.828097e-01 -2.293113e-02
    outer loop
      vertex   2.265691e+02 3.557988e+01 -1.015877e+02
      vertex   2.265492e+02 3.562811e+01 -1.015868e+02
      vertex   2.265805e+02 3.562006e+01 -1.004582e+02
    endloop
  endfacet
  facet normal 7.930782e-01 6.088627e-01 -1.769434e-02
    outer loop
      vertex   2.265805e+02 3.562006e+01 -1.004582e+02
      vertex   2.265492e+02 3.562811e+01 -1.015868e+02
      vertex   2.265488e+02 3.566148e+01 -1.004570e+02
    endloop
  endfacet
  facet normal 7.930782e-01 6.088627e-01 -1.769434e-02
    outer loop
      vertex   2.265805e+02 3.562006e+01 -1.004582e+02
      vertex   2.265488e+02 3.566148e+01 -1.004570e+02
      vertex   2.265801e+02 3.565343e+01 -9.932844e+01
    endloop
  endfacet
  facet normal 6.085669e-01 7.934228e-01 -1.125171e-02
    outer loop
      vertex   2.265801e+02 3.565343e+01 -9.932844e+01
      vertex   2.265488e+02 3.566148e+01 -1.004570e+02
      vertex   2.265387e+02 3.568521e+01 -9.932707e+01
    endloop
  endfacet
  facet normal 6.085669e-01 7.934228e-01 -1.125171e-02
    outer loop
      vertex   2.265801e+02 3.565343e+01 -9.932844e+01
      vertex   2.265387e+02 3.568521e+01 -9.932707e+01
      vertex   2.265701e+02 3.567716e+01 -9.819850e+01
    endloop
  endfacet
  facet normal 3.825828e-01 9.239124e-01 -4.042294e-03
    outer loop
      vertex   2.265701e+02 3.567716e+01 -9.819850e+01
      vertex   2.265387e+02 3.568521e+01 -9.932707e+01
      vertex   2.265219e+02 3.569713e+01 -9.819702e+01
    endloop
  endfacet
  facet normal 7.930782e-01 6.088627e-01 -1.769434e-02
    outer loop
      vertex   2.265488e+02 3.566148e+01 -1.004570e+02
      vertex   2.265492e+02 3.562811e+01 -1.015868e+02
      vertex   2.265174e+02 3.566952e+01 -1.015856e+02
    endloop
  endfacet
  facet normal 7.930782e-01 6.088627e-01 -1.769434e-02
    outer loop
      vertex   2.266119e+02 3.561202e+01 -9.932962e+01
      vertex   2.266115e+02 3.564538e+01 -9.819987e+01
      vertex   2.266432e+02 3.560397e+01 -9.820105e+01
    endloop
  endfacet
  facet normal 7.930782e-01 6.088627e-01 -1.769434e-02
    outer loop
      vertex   2.266432e+02 3.560397e+01 -9.820105e+01
      vertex   2.266115e+02 3.564538e+01 -9.819987e+01
      vertex   2.266428e+02 3.563734e+01 -9.707131e+01
    endloop
  endfacet
  facet normal 7.930782e-01 6.088627e-01 -1.769434e-02
    outer loop
      vertex   2.266432e+02 3.560397e+01 -9.820105e+01
      vertex   2.266428e+02 3.563734e+01 -9.707131e+01
      vertex   2.266746e+02 3.559592e+01 -9.707248e+01
    endloop
  endfacet
  facet normal 7.930782e-01 6.088627e-01 -1.769434e-02
    outer loop
      vertex   2.266746e+02 3.559592e+01 -9.707248e+01
      vertex   2.266428e+02 3.563734e+01 -9.707131e+01
      vertex   2.266742e+02 3.562929e+01 -9.594274e+01
    endloop
  endfacet
  facet normal 7.930782e-01 6.088627e-01 -1.769434e-02
    outer loop
      vertex   2.267055e+02 3.562124e+01 -9.481417e+01
      vertex   2.267373e+02 3.557983e+01 -9.481535e+01
      vertex   2.267060e+02 3.558787e+01 -9.594392e+01
    endloop
  endfacet
  facet normal 9.235426e-01 3.828097e-01 -2.293113e-02
    outer loop
      vertex   2.268200e+02 3.551550e+01 -9.255911e+01
      vertex   2.268000e+02 3.556373e+01 -9.255821e+01
      vertex   2.268314e+02 3.555569e+01 -9.142964e+01
    endloop
  endfacet
  facet normal 7.930782e-01 6.088627e-01 -1.769434e-02
    outer loop
      vertex   2.268314e+02 3.555569e+01 -9.142964e+01
      vertex   2.268000e+02 3.556373e+01 -9.255821e+01
      vertex   2.267996e+02 3.559710e+01 -9.142847e+01
    endloop
  endfacet
  facet normal 7.930782e-01 6.088627e-01 -1.769434e-02
    outer loop
      vertex   2.268314e+02 3.555569e+01 -9.142964e+01
      vertex   2.267996e+02 3.559710e+01 -9.142847e+01
      vertex   2.268310e+02 3.558905e+01 -9.029990e+01
    endloop
  endfacet
  facet normal 6.085669e-01 7.934228e-01 -1.125171e-02
    outer loop
      vertex   2.268310e+02 3.558905e+01 -9.029990e+01
      vertex   2.267996e+02 3.559710e+01 -9.142847e+01
      vertex   2.267896e+02 3.562083e+01 -9.029852e+01
    endloop
  endfacet
  facet normal 6.085669e-01 7.934228e-01 -1.125171e-02
    outer loop
      vertex   2.268310e+02 3.558905e+01 -9.029990e+01
      vertex   2.267896e+02 3.562083e+01 -9.029852e+01
      vertex   2.268209e+02 3.561278e+01 -8.916995e+01
    endloop
  endfacet
  facet normal 3.825828e-01 9.239124e-01 -4.042294e-03
    outer loop
      vertex   2.268209e+02 3.561278e+01 -8.916995e+01
      vertex   2.267896e+02 3.562083e+01 -9.029852e+01
      vertex   2.267727e+02 3.563276e+01 -8.916847e+01
    endloop
  endfacet
  facet normal 3.825828e-01 9.239124e-01 -4.042294e-03
    outer loop
      vertex   2.268209e+02 3.561278e+01 -8.916995e+01
      vertex   2.267727e+02 3.563276e+01 -8.916847e+01
      vertex   2.268041e+02 3.562471e+01 -8.803990e+01
    endloop
  endfacet
  facet normal 1.305262e-01 9.914389e-01 3.442599e-03
    outer loop
      vertex   2.268041e+02 3.562471e+01 -8.803990e+01
      vertex   2.267727e+02 3.563276e+01 -8.916847e+01
      vertex   2.268464e+02 3.560738e+01 -8.465271e+01
    endloop
  endfacet
  facet normal 7.930782e-01 6.088627e-01 -1.769434e-02
    outer loop
      vertex   2.267996e+02 3.559710e+01 -9.142847e+01
      vertex   2.268000e+02 3.556373e+01 -9.255821e+01
      vertex   2.267683e+02 3.560515e+01 -9.255703e+01
    endloop
  endfacet
  facet normal 7.930782e-01 6.088627e-01 -1.769434e-02
    outer loop
      vertex   2.268627e+02 3.554764e+01 -9.030108e+01
      vertex   2.268623e+02 3.558101e+01 -8.917133e+01
      vertex   2.268941e+02 3.553959e+01 -8.917251e+01
    endloop
  endfacet
  facet normal 7.930782e-01 6.088627e-01 -1.769434e-02
    outer loop
      vertex   2.268941e+02 3.553959e+01 -8.917251e+01
      vertex   2.268623e+02 3.558101e+01 -8.917133e+01
      vertex   2.268937e+02 3.557296e+01 -8.804276e+01
    endloop
  endfacet
  facet normal 7.930782e-01 6.088627e-01 -1.769434e-02
    outer loop
      vertex   2.268941e+02 3.553959e+01 -8.917251e+01
      vertex   2.268937e+02 3.557296e+01 -8.804276e+01
      vertex   2.269255e+02 3.553154e+01 -8.804394e+01
    endloop
  endfacet
  facet normal 7.930782e-01 6.088627e-01 -1.769434e-02
    outer loop
      vertex   2.269255e+02 3.553154e+01 -8.804394e+01
      vertex   2.268937e+02 3.557296e+01 -8.804276e+01
      vertex   2.269250e+02 3.556491e+01 -8.691419e+01
    endloop
  endfacet
  facet normal 7.930782e-01 6.088627e-01 -1.769434e-02
    outer loop
      vertex   2.269564e+02 3.555687e+01 -8.578563e+01
      vertex   2.269882e+02 3.551545e+01 -8.578680e+01
      vertex   2.269568e+02 3.552350e+01 -8.691537e+01
    endloop
  endfacet
  facet normal 6.085669e-01 7.934228e-01 -1.125171e-02
    outer loop
      vertex   2.261098e+02 3.577414e+01 -1.162570e+02
      vertex   2.260784e+02 3.578218e+01 -1.173855e+02
      vertex   2.260684e+02 3.580591e+01 -1.162556e+02
    endloop
  endfacet
  facet normal 6.085669e-01 7.934228e-01 -1.125171e-02
    outer loop
      vertex   2.260684e+02 3.580591e+01 -1.162556e+02
      vertex   2.260784e+02 3.578218e+01 -1.173855e+02
      vertex   2.260370e+02 3.581396e+01 -1.173842e+02
    endloop
  endfacet
  facet normal 3.825828e-01 9.239124e-01 -4.042294e-03
    outer loop
      vertex   2.260684e+02 3.580591e+01 -1.162556e+02
      vertex   2.260370e+02 3.581396e+01 -1.173842e+02
      vertex   2.260201e+02 3.582589e+01 -1.162541e+02
    endloop
  endfacet
  facet normal 3.825828e-01 9.239124e-01 -4.042294e-03
    outer loop
      vertex   2.260201e+02 3.582589e+01 -1.162541e+02
      vertex   2.260370e+02 3.581396e+01 -1.173842e+02
      vertex   2.259888e+02 3.583393e+01 -1.173827e+02
    endloop
  endfacet
  facet normal 1.305262e-01 9.914389e-01 3.442599e-03
    outer loop
      vertex   2.260201e+02 3.582589e+01 -1.162541e+02
      vertex   2.259888e+02 3.583393e+01 -1.173827e+02
      vertex   2.258743e+02 3.585683e+01 -1.196383e+02
    endloop
  endfacet
  facet normal 6.085669e-01 7.934228e-01 -1.125171e-02
    outer loop
      vertex   2.261725e+02 3.575804e+01 -1.139998e+02
      vertex   2.261624e+02 3.578177e+01 -1.128699e+02
      vertex   2.262038e+02 3.575000e+01 -1.128713e+02
    endloop
  endfacet
  facet normal 6.085669e-01 7.934228e-01 -1.125171e-02
    outer loop
      vertex   2.262038e+02 3.575000e+01 -1.128713e+02
      vertex   2.261624e+02 3.578177e+01 -1.128699e+02
      vertex   2.261938e+02 3.577373e+01 -1.117413e+02
    endloop
  endfacet
  facet normal 6.085669e-01 7.934228e-01 -1.125171e-02
    outer loop
      vertex   2.262038e+02 3.575000e+01 -1.128713e+02
      vertex   2.261938e+02 3.577373e+01 -1.117413e+02
      vertex   2.262352e+02 3.574195e+01 -1.117427e+02
    endloop
  endfacet
  facet normal 6.085669e-01 7.934228e-01 -1.125171e-02
    outer loop
      vertex   2.262352e+02 3.574195e+01 -1.117427e+02
      vertex   2.261938e+02 3.577373e+01 -1.117413e+02
      vertex   2.262251e+02 3.576568e+01 -1.106127e+02
    endloop
  endfacet
  facet normal 6.085669e-01 7.934228e-01 -1.125171e-02
    outer loop
      vertex   2.263606e+02 3.570976e+01 -1.072284e+02
      vertex   2.263293e+02 3.571781e+01 -1.083570e+02
      vertex   2.263192e+02 3.574154e+01 -1.072270e+02
    endloop
  endfacet
  facet normal 6.085669e-01 7.934228e-01 -1.125171e-02
    outer loop
      vertex   2.263192e+02 3.574154e+01 -1.072270e+02
      vertex   2.263293e+02 3.571781e+01 -1.083570e+02
      vertex   2.262879e+02 3.574958e+01 -1.083556e+02
    endloop
  endfacet
  facet normal 3.825828e-01 9.239124e-01 -4.042294e-03
    outer loop
      vertex   2.263192e+02 3.574154e+01 -1.072270e+02
      vertex   2.262879e+02 3.574958e+01 -1.083556e+02
      vertex   2.262710e+02 3.576151e+01 -1.072256e+02
    endloop
  endfacet
  facet normal 3.825828e-01 9.239124e-01 -4.042294e-03
    outer loop
      vertex   2.262710e+02 3.576151e+01 -1.072256e+02
      vertex   2.262879e+02 3.574958e+01 -1.083556e+02
      vertex   2.262396e+02 3.576956e+01 -1.083541e+02
    endloop
  endfacet
  facet normal 1.305262e-01 9.914389e-01 3.442599e-03
    outer loop
      vertex   2.262710e+02 3.576151e+01 -1.072256e+02
      vertex   2.262396e+02 3.576956e+01 -1.083541e+02
      vertex   2.258743e+02 3.585683e+01 -1.196383e+02
    endloop
  endfacet
  facet normal 6.085669e-01 7.934228e-01 -1.125171e-02
    outer loop
      vertex   2.264233e+02 3.569367e+01 -1.049713e+02
      vertex   2.264133e+02 3.571740e+01 -1.038413e+02
      vertex   2.264547e+02 3.568562e+01 -1.038427e+02
    endloop
  endfacet
  facet normal 6.085669e-01 7.934228e-01 -1.125171e-02
    outer loop
      vertex   2.264547e+02 3.568562e+01 -1.038427e+02
      vertex   2.264133e+02 3.571740e+01 -1.038413e+02
      vertex   2.264446e+02 3.570935e+01 -1.027128e+02
    endloop
  endfacet
  facet normal 6.085669e-01 7.934228e-01 -1.125171e-02
    outer loop
      vertex   2.264547e+02 3.568562e+01 -1.038427e+02
      vertex   2.264446e+02 3.570935e+01 -1.027128e+02
      vertex   2.264860e+02 3.567757e+01 -1.027141e+02
    endloop
  endfacet
  facet normal 6.085669e-01 7.934228e-01 -1.125171e-02
    outer loop
      vertex   2.264860e+02 3.567757e+01 -1.027141e+02
      vertex   2.264446e+02 3.570935e+01 -1.027128e+02
      vertex   2.264760e+02 3.570130e+01 -1.015842e+02
    endloop
  endfacet
  facet normal 6.085669e-01 7.934228e-01 -1.125171e-02
    outer loop
      vertex   2.265387e+02 3.568521e+01 -9.932707e+01
      vertex   2.265488e+02 3.566148e+01 -1.004570e+02
      vertex   2.265074e+02 3.569325e+01 -1.004556e+02
    endloop
  endfacet
  facet normal 6.085669e-01 7.934228e-01 -1.125171e-02
    outer loop
      vertex   2.265074e+02 3.569325e+01 -1.004556e+02
      vertex   2.265488e+02 3.566148e+01 -1.004570e+02
      vertex   2.265174e+02 3.566952e+01 -1.015856e+02
    endloop
  endfacet
  facet normal 6.085669e-01 7.934228e-01 -1.125171e-02
    outer loop
      vertex   2.266115e+02 3.564538e+01 -9.819987e+01
      vertex   2.266014e+02 3.566911e+01 -9.706993e+01
      vertex   2.266428e+02 3.563734e+01 -9.707131e+01
    endloop
  endfacet
  facet normal 6.085669e-01 7.934228e-01 -1.125171e-02
    outer loop
      vertex   2.266428e+02 3.563734e+01 -9.707131e+01
      vertex   2.266014e+02 3.566911e+01 -9.706993e+01
      vertex   2.266328e+02 3.566107e+01 -9.594136e+01
    endloop
  endfacet
  facet normal 6.085669e-01 7.934228e-01 -1.125171e-02
    outer loop
      vertex   2.266428e+02 3.563734e+01 -9.707131e+01
      vertex   2.266328e+02 3.566107e+01 -9.594136e+01
      vertex   2.266742e+02 3.562929e+01 -9.594274e+01
    endloop
  endfacet
  facet normal 6.085669e-01 7.934228e-01 -1.125171e-02
    outer loop
      vertex   2.266742e+02 3.562929e+01 -9.594274e+01
      vertex   2.266328e+02 3.566107e+01 -9.594136e+01
      vertex   2.266641e+02 3.565302e+01 -9.481279e+01
    endloop
  endfacet
  facet normal 6.085669e-01 7.934228e-01 -1.125171e-02
    outer loop
      vertex   2.267996e+02 3.559710e+01 -9.142847e+01
      vertex   2.267683e+02 3.560515e+01 -9.255703e+01
      vertex   2.267582e+02 3.562888e+01 -9.142709e+01
    endloop
  endfacet
  facet normal 6.085669e-01 7.934228e-01 -1.125171e-02
    outer loop
      vertex   2.267582e+02 3.562888e+01 -9.142709e+01
      vertex   2.267683e+02 3.560515e+01 -9.255703e+01
      vertex   2.267269e+02 3.563693e+01 -9.255566e+01
    endloop
  endfacet
  facet normal 3.825828e-01 9.239124e-01 -4.042294e-03
    outer loop
      vertex   2.267582e+02 3.562888e+01 -9.142709e+01
      vertex   2.267269e+02 3.563693e+01 -9.255566e+01
      vertex   2.267100e+02 3.564885e+01 -9.142561e+01
    endloop
  endfacet
  facet normal 3.825828e-01 9.239124e-01 -4.042294e-03
    outer loop
      vertex   2.267100e+02 3.564885e+01 -9.142561e+01
      vertex   2.267269e+02 3.563693e+01 -9.255566e+01
      vertex   2.266786e+02 3.565690e+01 -9.255418e+01
    endloop
  endfacet
  facet normal 1.305262e-01 9.914389e-01 3.442599e-03
    outer loop
      vertex   2.267100e+02 3.564885e+01 -9.142561e+01
      vertex   2.266786e+02 3.565690e+01 -9.255418e+01
      vertex   2.268464e+02 3.560738e+01 -8.465271e+01
    endloop
  endfacet
  facet normal 6.085669e-01 7.934228e-01 -1.125171e-02
    outer loop
      vertex   2.268623e+02 3.558101e+01 -8.917133e+01
      vertex   2.268523e+02 3.560474e+01 -8.804139e+01
      vertex   2.268937e+02 3.557296e+01 -8.804276e+01
    endloop
  endfacet
  facet normal 6.085669e-01 7.934228e-01 -1.125171e-02
    outer loop
      vertex   2.268937e+02 3.557296e+01 -8.804276e+01
      vertex   2.268523e+02 3.560474e+01 -8.804139e+01
      vertex   2.268836e+02 3.559669e+01 -8.691282e+01
    endloop
  endfacet
  facet normal 6.085669e-01 7.934228e-01 -1.125171e-02
    outer loop
      vertex   2.268937e+02 3.557296e+01 -8.804276e+01
      vertex   2.268836e+02 3.559669e+01 -8.691282e+01
      vertex   2.269250e+02 3.556491e+01 -8.691419e+01
    endloop
  endfacet
  facet normal 6.085669e-01 7.934228e-01 -1.125171e-02
    outer loop
      vertex   2.269250e+02 3.556491e+01 -8.691419e+01
      vertex   2.268836e+02 3.559669e+01 -8.691282e+01
      vertex   2.269150e+02 3.558864e+01 -8.578425e+01
    endloop
  endfacet
  facet normal 6.085669e-01 7.934228e-01 -1.125171e-02
    outer loop
      vertex   2.261098e+02 3.577414e+01 -1.162570e+02
      vertex   2.260684e+02 3.580591e+01 -1.162556e+02
      vertex   2.260997e+02 3.579787e+01 -1.151270e+02
    endloop
  endfacet
  facet normal 3.825828e-01 9.239124e-01 -4.042294e-03
    outer loop
      vertex   2.260997e+02 3.579787e+01 -1.151270e+02
      vertex   2.260684e+02 3.580591e+01 -1.162556e+02
      vertex   2.260515e+02 3.581784e+01 -1.151255e+02
    endloop
  endfacet
  facet normal 3.825828e-01 9.239124e-01 -4.042294e-03
    outer loop
      vertex   2.260997e+02 3.579787e+01 -1.151270e+02
      vertex   2.260515e+02 3.581784e+01 -1.151255e+02
      vertex   2.260829e+02 3.580979e+01 -1.139970e+02
    endloop
  endfacet
  facet normal 1.305262e-01 9.914389e-01 3.442599e-03
    outer loop
      vertex   2.260829e+02 3.580979e+01 -1.139970e+02
      vertex   2.260515e+02 3.581784e+01 -1.151255e+02
      vertex   2.258743e+02 3.585683e+01 -1.196383e+02
    endloop
  endfacet
  facet normal 3.825828e-01 9.239124e-01 -4.042294e-03
    outer loop
      vertex   2.260515e+02 3.581784e+01 -1.151255e+02
      vertex   2.260684e+02 3.580591e+01 -1.162556e+02
      vertex   2.260201e+02 3.582589e+01 -1.162541e+02
    endloop
  endfacet
  facet normal 3.825828e-01 9.239124e-01 -4.042294e-03
    outer loop
      vertex   2.261769e+02 3.578565e+01 -1.106113e+02
      vertex   2.262251e+02 3.576568e+01 -1.106127e+02
      vertex   2.261938e+02 3.577373e+01 -1.117413e+02
    endloop
  endfacet
  facet normal 3.825828e-01 9.239124e-01 -4.042294e-03
    outer loop
      vertex   2.261769e+02 3.578565e+01 -1.106113e+02
      vertex   2.261938e+02 3.577373e+01 -1.117413e+02
      vertex   2.261456e+02 3.579370e+01 -1.117398e+02
    endloop
  endfacet
  facet normal 3.825828e-01 9.239124e-01 -4.042294e-03
    outer loop
      vertex   2.261456e+02 3.579370e+01 -1.117398e+02
      vertex   2.261938e+02 3.577373e+01 -1.117413e+02
      vertex   2.261624e+02 3.578177e+01 -1.128699e+02
    endloop
  endfacet
  facet normal 6.085669e-01 7.934228e-01 -1.125171e-02
    outer loop
      vertex   2.263606e+02 3.570976e+01 -1.072284e+02
      vertex   2.263192e+02 3.574154e+01 -1.072270e+02
      vertex   2.263506e+02 3.573349e+01 -1.060985e+02
    endloop
  endfacet
  facet normal 3.825828e-01 9.239124e-01 -4.042294e-03
    outer loop
      vertex   2.263506e+02 3.573349e+01 -1.060985e+02
      vertex   2.263192e+02 3.574154e+01 -1.072270e+02
      vertex   2.263024e+02 3.575346e+01 -1.060970e+02
    endloop
  endfacet
  facet normal 3.825828e-01 9.239124e-01 -4.042294e-03
    outer loop
      vertex   2.263506e+02 3.573349e+01 -1.060985e+02
      vertex   2.263024e+02 3.575346e+01 -1.060970e+02
      vertex   2.263337e+02 3.574542e+01 -1.049684e+02
    endloop
  endfacet
  facet normal 1.305262e-01 9.914389e-01 3.442599e-03
    outer loop
      vertex   2.263337e+02 3.574542e+01 -1.049684e+02
      vertex   2.263024e+02 3.575346e+01 -1.060970e+02
      vertex   2.258743e+02 3.585683e+01 -1.196383e+02
    endloop
  endfacet
  facet normal 3.825828e-01 9.239124e-01 -4.042294e-03
    outer loop
      vertex   2.263024e+02 3.575346e+01 -1.060970e+02
      vertex   2.263192e+02 3.574154e+01 -1.072270e+02
      vertex   2.262710e+02 3.576151e+01 -1.072256e+02
    endloop
  endfacet
  facet normal 3.825828e-01 9.239124e-01 -4.042294e-03
    outer loop
      vertex   2.264133e+02 3.571740e+01 -1.038413e+02
      vertex   2.263964e+02 3.572932e+01 -1.027113e+02
      vertex   2.264446e+02 3.570935e+01 -1.027128e+02
    endloop
  endfacet
  facet normal 3.825828e-01 9.239124e-01 -4.042294e-03
    outer loop
      vertex   2.264446e+02 3.570935e+01 -1.027128e+02
      vertex   2.263964e+02 3.572932e+01 -1.027113e+02
      vertex   2.264278e+02 3.572127e+01 -1.015827e+02
    endloop
  endfacet
  facet normal 3.825828e-01 9.239124e-01 -4.042294e-03
    outer loop
      vertex   2.264446e+02 3.570935e+01 -1.027128e+02
      vertex   2.264278e+02 3.572127e+01 -1.015827e+02
      vertex   2.264760e+02 3.570130e+01 -1.015842e+02
    endloop
  endfacet
  facet normal 3.825828e-01 9.239124e-01 -4.042294e-03
    outer loop
      vertex   2.264760e+02 3.570130e+01 -1.015842e+02
      vertex   2.264278e+02 3.572127e+01 -1.015827e+02
      vertex   2.264591e+02 3.571323e+01 -1.004542e+02
    endloop
  endfacet
  facet normal 3.825828e-01 9.239124e-01 -4.042294e-03
    outer loop
      vertex   2.265219e+02 3.569713e+01 -9.819702e+01
      vertex   2.265387e+02 3.568521e+01 -9.932707e+01
      vertex   2.264905e+02 3.570518e+01 -9.932558e+01
    endloop
  endfacet
  facet normal 3.825828e-01 9.239124e-01 -4.042294e-03
    outer loop
      vertex   2.264905e+02 3.570518e+01 -9.932558e+01
      vertex   2.265387e+02 3.568521e+01 -9.932707e+01
      vertex   2.265074e+02 3.569325e+01 -1.004556e+02
    endloop
  endfacet
  facet normal 3.825828e-01 9.239124e-01 -4.042294e-03
    outer loop
      vertex   2.266159e+02 3.567299e+01 -9.481131e+01
      vertex   2.266641e+02 3.565302e+01 -9.481279e+01
      vertex   2.266328e+02 3.566107e+01 -9.594136e+01
    endloop
  endfacet
  facet normal 3.825828e-01 9.239124e-01 -4.042294e-03
    outer loop
      vertex   2.266159e+02 3.567299e+01 -9.481131e+01
      vertex   2.266328e+02 3.566107e+01 -9.594136e+01
      vertex   2.265846e+02 3.568104e+01 -9.593988e+01
    endloop
  endfacet
  facet normal 3.825828e-01 9.239124e-01 -4.042294e-03
    outer loop
      vertex   2.265846e+02 3.568104e+01 -9.593988e+01
      vertex   2.266328e+02 3.566107e+01 -9.594136e+01
      vertex   2.266014e+02 3.566911e+01 -9.706993e+01
    endloop
  endfacet
  facet normal 6.085669e-01 7.934228e-01 -1.125171e-02
    outer loop
      vertex   2.267996e+02 3.559710e+01 -9.142847e+01
      vertex   2.267582e+02 3.562888e+01 -9.142709e+01
      vertex   2.267896e+02 3.562083e+01 -9.029852e+01
    endloop
  endfacet
  facet normal 3.825828e-01 9.239124e-01 -4.042294e-03
    outer loop
      vertex   2.267896e+02 3.562083e+01 -9.029852e+01
      vertex   2.267582e+02 3.562888e+01 -9.142709e+01
      vertex   2.267414e+02 3.564080e+01 -9.029704e+01
    endloop
  endfacet
  facet normal 3.825828e-01 9.239124e-01 -4.042294e-03
    outer loop
      vertex   2.267896e+02 3.562083e+01 -9.029852e+01
      vertex   2.267414e+02 3.564080e+01 -9.029704e+01
      vertex   2.267727e+02 3.563276e+01 -8.916847e+01
    endloop
  endfacet
  facet normal 1.305262e-01 9.914389e-01 3.442599e-03
    outer loop
      vertex   2.267727e+02 3.563276e+01 -8.916847e+01
      vertex   2.267414e+02 3.564080e+01 -9.029704e+01
      vertex   2.268464e+02 3.560738e+01 -8.465271e+01
    endloop
  endfacet
  facet normal 3.825828e-01 9.239124e-01 -4.042294e-03
    outer loop
      vertex   2.267414e+02 3.564080e+01 -9.029704e+01
      vertex   2.267582e+02 3.562888e+01 -9.142709e+01
      vertex   2.267100e+02 3.564885e+01 -9.142561e+01
    endloop
  endfacet
  facet normal 3.825828e-01 9.239124e-01 -4.042294e-03
    outer loop
      vertex   2.268668e+02 3.560862e+01 -8.578277e+01
      vertex   2.269150e+02 3.558864e+01 -8.578425e+01
      vertex   2.268836e+02 3.559669e+01 -8.691282e+01
    endloop
  endfacet
  facet normal 3.825828e-01 9.239124e-01 -4.042294e-03
    outer loop
      vertex   2.268668e+02 3.560862e+01 -8.578277e+01
      vertex   2.268836e+02 3.559669e+01 -8.691282e+01
      vertex   2.268354e+02 3.561666e+01 -8.691134e+01
    endloop
  endfacet
  facet normal 3.825828e-01 9.239124e-01 -4.042294e-03
    outer loop
      vertex   2.268354e+02 3.561666e+01 -8.691134e+01
      vertex   2.268836e+02 3.559669e+01 -8.691282e+01
      vertex   2.268523e+02 3.560474e+01 -8.804139e+01
    endloop
  endfacet
  facet normal 1.305262e-01 9.914389e-01 3.442599e-03
    outer loop
      vertex   2.258743e+02 3.585683e+01 -1.196383e+02
      vertex   2.260515e+02 3.581784e+01 -1.151255e+02
      vertex   2.260201e+02 3.582589e+01 -1.162541e+02
    endloop
  endfacet
  facet normal 1.305262e-01 9.914389e-01 3.442599e-03
    outer loop
      vertex   2.258743e+02 3.585683e+01 -1.196383e+02
      vertex   2.263024e+02 3.575346e+01 -1.060970e+02
      vertex   2.262710e+02 3.576151e+01 -1.072256e+02
    endloop
  endfacet
  facet normal 1.305262e-01 9.914389e-01 3.442599e-03
    outer loop
      vertex   2.268464e+02 3.560738e+01 -8.465271e+01
      vertex   2.264591e+02 3.571323e+01 -1.004542e+02
      vertex   2.264278e+02 3.572127e+01 -1.015827e+02
    endloop
  endfacet
  facet normal 1.305262e-01 9.914389e-01 3.442599e-03
    outer loop
      vertex   2.264278e+02 3.572127e+01 -1.015827e+02
      vertex   2.263964e+02 3.572932e+01 -1.027113e+02
      vertex   2.268464e+02 3.560738e+01 -8.465271e+01
    endloop
  endfacet
  facet normal 1.305262e-01 9.914389e-01 3.442599e-03
    outer loop
      vertex   2.268464e+02 3.560738e+01 -8.465271e+01
      vertex   2.267414e+02 3.564080e+01 -9.029704e+01
      vertex   2.267100e+02 3.564885e+01 -9.142561e+01
    endloop
  endfacet
  facet normal -1.276160e-01 9.916078e-01 2.069391e-02
    outer loop
      vertex   2.232778e+02 3.560484e+01 -8.427188e+01
      vertex   2.232478e+02 3.560685e+01 -8.455273e+01
      vertex   2.232244e+02 3.559806e+01 -8.427604e+01
    endloop
  endfacet
  facet normal -1.301476e-01 9.912833e-01 2.046947e-02
    outer loop
      vertex   2.232244e+02 3.559806e+01 -8.427604e+01
      vertex   2.232478e+02 3.560685e+01 -8.455273e+01
      vertex   2.231960e+02 3.560002e+01 -8.455134e+01
    endloop
  endfacet
  facet normal -3.815355e-01 9.232158e-01 4.586198e-02
    outer loop
      vertex   2.232244e+02 3.559806e+01 -8.427604e+01
      vertex   2.231960e+02 3.560002e+01 -8.455134e+01
      vertex   2.231478e+02 3.558004e+01 -8.455014e+01
    endloop
  endfacet
  facet normal -3.815355e-01 9.232158e-01 4.586198e-02
    outer loop
      vertex   2.232244e+02 3.559806e+01 -8.427604e+01
      vertex   2.231478e+02 3.558004e+01 -8.455014e+01
      vertex   2.231769e+02 3.557802e+01 -8.426767e+01
    endloop
  endfacet
  facet normal -6.065883e-01 7.920946e-01 6.809370e-02
    outer loop
      vertex   2.231769e+02 3.557802e+01 -8.426767e+01
      vertex   2.231478e+02 3.558004e+01 -8.455014e+01
      vertex   2.231064e+02 3.554825e+01 -8.454922e+01
    endloop
  endfacet
  facet normal -6.065883e-01 7.920946e-01 6.809370e-02
    outer loop
      vertex   2.231769e+02 3.557802e+01 -8.426767e+01
      vertex   2.231064e+02 3.554825e+01 -8.454922e+01
      vertex   2.231361e+02 3.554619e+01 -8.426059e+01
    endloop
  endfacet
  facet normal -7.899702e-01 6.071334e-01 8.565166e-02
    outer loop
      vertex   2.231361e+02 3.554619e+01 -8.426059e+01
      vertex   2.231064e+02 3.554825e+01 -8.454922e+01
      vertex   2.230746e+02 3.550682e+01 -8.454863e+01
    endloop
  endfacet
  facet normal -7.899702e-01 6.071334e-01 8.565166e-02
    outer loop
      vertex   2.231361e+02 3.554619e+01 -8.426059e+01
      vertex   2.230746e+02 3.550682e+01 -8.454863e+01
      vertex   2.231048e+02 3.550473e+01 -8.425527e+01
    endloop
  endfacet
  facet normal -9.193799e-01 3.811319e-01 9.736089e-02
    outer loop
      vertex   2.231048e+02 3.550473e+01 -8.425527e+01
      vertex   2.230746e+02 3.550682e+01 -8.454863e+01
      vertex   2.230547e+02 3.545858e+01 -8.454842e+01
    endloop
  endfacet
  facet normal -9.193799e-01 3.811319e-01 9.736089e-02
    outer loop
      vertex   2.231048e+02 3.550473e+01 -8.425527e+01
      vertex   2.230547e+02 3.545858e+01 -8.454842e+01
      vertex   2.230852e+02 3.545647e+01 -8.425209e+01
    endloop
  endfacet
  facet normal -9.862737e-01 1.294905e-01 1.024518e-01
    outer loop
      vertex   2.230852e+02 3.545647e+01 -8.425209e+01
      vertex   2.230547e+02 3.545858e+01 -8.454842e+01
      vertex   2.230479e+02 3.540682e+01 -8.454860e+01
    endloop
  endfacet
  facet normal -9.862737e-01 1.294905e-01 1.024518e-01
    outer loop
      vertex   2.230852e+02 3.545647e+01 -8.425209e+01
      vertex   2.230479e+02 3.540682e+01 -8.454860e+01
      vertex   2.230785e+02 3.540470e+01 -8.425126e+01
    endloop
  endfacet
  facet normal -9.601261e-01 1.284493e-01 2.483115e-01
    outer loop
      vertex   2.230852e+02 3.545647e+01 -8.425209e+01
      vertex   2.230785e+02 3.540470e+01 -8.425126e+01
      vertex   2.231595e+02 3.545441e+01 -8.396362e+01
    endloop
  endfacet
  facet normal -9.601261e-01 1.284493e-01 2.483115e-01
    outer loop
      vertex   2.231595e+02 3.545441e+01 -8.396362e+01
      vertex   2.230785e+02 3.540470e+01 -8.425126e+01
      vertex   2.231530e+02 3.540263e+01 -8.396180e+01
    endloop
  endfacet
  facet normal -9.125307e-01 1.274465e-01 3.886452e-01
    outer loop
      vertex   2.231595e+02 3.545441e+01 -8.396362e+01
      vertex   2.231530e+02 3.540263e+01 -8.396180e+01
      vertex   2.232760e+02 3.545245e+01 -8.368945e+01
    endloop
  endfacet
  facet normal -9.125307e-01 1.274465e-01 3.886452e-01
    outer loop
      vertex   2.232760e+02 3.545245e+01 -8.368945e+01
      vertex   2.231530e+02 3.540263e+01 -8.396180e+01
      vertex   2.232699e+02 3.540067e+01 -8.368669e+01
    endloop
  endfacet
  facet normal -8.445508e-01 1.265043e-01 5.203179e-01
    outer loop
      vertex   2.232760e+02 3.545245e+01 -8.368945e+01
      vertex   2.232699e+02 3.540067e+01 -8.368669e+01
      vertex   2.234321e+02 3.545063e+01 -8.343570e+01
    endloop
  endfacet
  facet normal -8.445508e-01 1.265043e-01 5.203179e-01
    outer loop
      vertex   2.234321e+02 3.545063e+01 -8.343570e+01
      vertex   2.232699e+02 3.540067e+01 -8.368669e+01
      vertex   2.234265e+02 3.539884e+01 -8.343208e+01
    endloop
  endfacet
  facet normal -7.577048e-01 1.256440e-01 6.403882e-01
    outer loop
      vertex   2.234321e+02 3.545063e+01 -8.343570e+01
      vertex   2.234265e+02 3.539884e+01 -8.343208e+01
      vertex   2.236242e+02 3.544900e+01 -8.320805e+01
    endloop
  endfacet
  facet normal -7.577048e-01 1.256440e-01 6.403882e-01
    outer loop
      vertex   2.236242e+02 3.544900e+01 -8.320805e+01
      vertex   2.234265e+02 3.539884e+01 -8.343208e+01
      vertex   2.236193e+02 3.539720e+01 -8.320364e+01
    endloop
  endfacet
  facet normal -6.539328e-01 1.248845e-01 7.461741e-01
    outer loop
      vertex   2.236242e+02 3.544900e+01 -8.320805e+01
      vertex   2.236193e+02 3.539720e+01 -8.320364e+01
      vertex   2.238481e+02 3.544759e+01 -8.301157e+01
    endloop
  endfacet
  facet normal -6.539328e-01 1.248845e-01 7.461741e-01
    outer loop
      vertex   2.238481e+02 3.544759e+01 -8.301157e+01
      vertex   2.236193e+02 3.539720e+01 -8.320364e+01
      vertex   2.238440e+02 3.539579e+01 -8.300649e+01
    endloop
  endfacet
  facet normal -5.355529e-01 1.242431e-01 8.353124e-01
    outer loop
      vertex   2.238481e+02 3.544759e+01 -8.301157e+01
      vertex   2.238440e+02 3.539579e+01 -8.300649e+01
      vertex   2.240988e+02 3.544643e+01 -8.285066e+01
    endloop
  endfacet
  facet normal -5.355529e-01 1.242431e-01 8.353124e-01
    outer loop
      vertex   2.240988e+02 3.544643e+01 -8.285066e+01
      vertex   2.238440e+02 3.539579e+01 -8.300649e+01
      vertex   2.240956e+02 3.539462e+01 -8.284503e+01
    endloop
  endfacet
  facet normal -4.052094e-01 1.237339e-01 9.058119e-01
    outer loop
      vertex   2.240988e+02 3.544643e+01 -8.285066e+01
      vertex   2.240956e+02 3.539462e+01 -8.284503e+01
      vertex   2.243707e+02 3.544555e+01 -8.272891e+01
    endloop
  endfacet
  facet normal -4.052094e-01 1.237339e-01 9.058119e-01
    outer loop
      vertex   2.243707e+02 3.544555e+01 -8.272891e+01
      vertex   2.240956e+02 3.539462e+01 -8.284503e+01
      vertex   2.243684e+02 3.539374e+01 -8.272287e+01
    endloop
  endfacet
  facet normal -2.658141e-01 1.233683e-01 9.560979e-01
    outer loop
      vertex   2.243707e+02 3.544555e+01 -8.272891e+01
      vertex   2.243684e+02 3.539374e+01 -8.272287e+01
      vertex   2.246577e+02 3.544496e+01 -8.264905e+01
    endloop
  endfacet
  facet normal -2.658141e-01 1.233683e-01 9.560979e-01
    outer loop
      vertex   2.246577e+02 3.544496e+01 -8.264905e+01
      vertex   2.243684e+02 3.539374e+01 -8.272287e+01
      vertex   2.246564e+02 3.539315e+01 -8.264273e+01
    endloop
  endfacet
  facet normal -1.204808e-01 1.231545e-01 9.850469e-01
    outer loop
      vertex   2.246577e+02 3.544496e+01 -8.264905e+01
      vertex   2.246564e+02 3.539315e+01 -8.264273e+01
      vertex   2.249534e+02 3.544469e+01 -8.261285e+01
    endloop
  endfacet
  facet normal -1.204808e-01 1.231545e-01 9.850469e-01
    outer loop
      vertex   2.249534e+02 3.544469e+01 -8.261285e+01
      vertex   2.246564e+02 3.539315e+01 -8.264273e+01
      vertex   2.249531e+02 3.539288e+01 -8.260641e+01
    endloop
  endfacet
  facet normal 2.754396e-02 1.230973e-01 9.920123e-01
    outer loop
      vertex   2.249534e+02 3.544469e+01 -8.261285e+01
      vertex   2.249531e+02 3.539288e+01 -8.260641e+01
      vertex   2.252512e+02 3.544473e+01 -8.262112e+01
    endloop
  endfacet
  facet normal 2.754396e-02 1.230973e-01 9.920123e-01
    outer loop
      vertex   2.252512e+02 3.544473e+01 -8.262112e+01
      vertex   2.249531e+02 3.539288e+01 -8.260641e+01
      vertex   2.252519e+02 3.539292e+01 -8.261471e+01
    endloop
  endfacet
  facet normal 1.749536e-01 1.231980e-01 9.768385e-01
    outer loop
      vertex   2.252512e+02 3.544473e+01 -8.262112e+01
      vertex   2.252519e+02 3.539292e+01 -8.261471e+01
      vertex   2.255444e+02 3.544509e+01 -8.267368e+01
    endloop
  endfacet
  facet normal 1.749536e-01 1.231980e-01 9.768385e-01
    outer loop
      vertex   2.255444e+02 3.544509e+01 -8.267368e+01
      vertex   2.252519e+02 3.539292e+01 -8.261471e+01
      vertex   2.255461e+02 3.539328e+01 -8.266745e+01
    endloop
  endfacet
  facet normal 3.184552e-01 1.234543e-01 9.398645e-01
    outer loop
      vertex   2.255444e+02 3.544509e+01 -8.267368e+01
      vertex   2.255461e+02 3.539328e+01 -8.266745e+01
      vertex   2.258265e+02 3.544576e+01 -8.276936e+01
    endloop
  endfacet
  facet normal 3.184552e-01 1.234543e-01 9.398645e-01
    outer loop
      vertex   2.258265e+02 3.544576e+01 -8.276936e+01
      vertex   2.255461e+02 3.539328e+01 -8.266745e+01
      vertex   2.258292e+02 3.539395e+01 -8.276346e+01
    endloop
  endfacet
  facet normal 4.548432e-01 1.238605e-01 8.819162e-01
    outer loop
      vertex   2.258265e+02 3.544576e+01 -8.276936e+01
      vertex   2.258292e+02 3.539395e+01 -8.276346e+01
      vertex   2.260912e+02 3.544672e+01 -8.290602e+01
    endloop
  endfacet
  facet normal 4.548432e-01 1.238605e-01 8.819162e-01
    outer loop
      vertex   2.260912e+02 3.544672e+01 -8.290602e+01
      vertex   2.258292e+02 3.539395e+01 -8.276346e+01
      vertex   2.260948e+02 3.539492e+01 -8.290058e+01
    endloop
  endfacet
  facet normal 5.810709e-01 1.244075e-01 8.042881e-01
    outer loop
      vertex   2.260912e+02 3.544672e+01 -8.290602e+01
      vertex   2.260948e+02 3.539492e+01 -8.290058e+01
      vertex   2.263326e+02 3.544795e+01 -8.308060e+01
    endloop
  endfacet
  facet normal 5.810709e-01 1.244075e-01 8.042881e-01
    outer loop
      vertex   2.263326e+02 3.544795e+01 -8.308060e+01
      vertex   2.260948e+02 3.539492e+01 -8.290058e+01
      vertex   2.263370e+02 3.539615e+01 -8.307576e+01
    endloop
  endfacet
  facet normal 6.943186e-01 1.250831e-01 7.087143e-01
    outer loop
      vertex   2.263326e+02 3.544795e+01 -8.308060e+01
      vertex   2.263370e+02 3.539615e+01 -8.307576e+01
      vertex   2.265453e+02 3.544943e+01 -8.328920e+01
    endloop
  endfacet
  facet normal 6.943186e-01 1.250831e-01 7.087143e-01
    outer loop
      vertex   2.265453e+02 3.544943e+01 -8.328920e+01
      vertex   2.263370e+02 3.539615e+01 -8.307576e+01
      vertex   2.265504e+02 3.539764e+01 -8.328508e+01
    endloop
  endfacet
  facet normal 7.920565e-01 1.258722e-01 5.973296e-01
    outer loop
      vertex   2.265453e+02 3.544943e+01 -8.328920e+01
      vertex   2.265504e+02 3.539764e+01 -8.328508e+01
      vertex   2.267245e+02 3.545112e+01 -8.352718e+01
    endloop
  endfacet
  facet normal 7.920565e-01 1.258722e-01 5.973296e-01
    outer loop
      vertex   2.267245e+02 3.545112e+01 -8.352718e+01
      vertex   2.265504e+02 3.539764e+01 -8.328508e+01
      vertex   2.267302e+02 3.539933e+01 -8.352386e+01
    endloop
  endfacet
  facet normal 8.721013e-01 1.267571e-01 4.726224e-01
    outer loop
      vertex   2.267245e+02 3.545112e+01 -8.352718e+01
      vertex   2.267302e+02 3.539933e+01 -8.352386e+01
      vertex   2.268662e+02 3.545298e+01 -8.378920e+01
    endloop
  endfacet
  facet normal 8.721013e-01 1.267571e-01 4.726224e-01
    outer loop
      vertex   2.268662e+02 3.545298e+01 -8.378920e+01
      vertex   2.267302e+02 3.539933e+01 -8.352386e+01
      vertex   2.268724e+02 3.540120e+01 -8.378678e+01
    endloop
  endfacet
  facet normal 9.326650e-01 1.277182e-01 3.373782e-01
    outer loop
      vertex   2.268662e+02 3.545298e+01 -8.378920e+01
      vertex   2.268724e+02 3.540120e+01 -8.378678e+01
      vertex   2.269673e+02 3.545497e+01 -8.406942e+01
    endloop
  endfacet
  facet normal 9.326650e-01 1.277182e-01 3.373782e-01
    outer loop
      vertex   2.269673e+02 3.545497e+01 -8.406942e+01
      vertex   2.268724e+02 3.540120e+01 -8.378678e+01
      vertex   2.269739e+02 3.540320e+01 -8.406796e+01
    endloop
  endfacet
  facet normal 9.723946e-01 1.287339e-01 1.946184e-01
    outer loop
      vertex   2.269673e+02 3.545497e+01 -8.406942e+01
      vertex   2.269739e+02 3.540320e+01 -8.406796e+01
      vertex   2.270255e+02 3.545705e+01 -8.436157e+01
    endloop
  endfacet
  facet normal 9.723946e-01 1.287339e-01 1.946184e-01
    outer loop
      vertex   2.270255e+02 3.545705e+01 -8.436157e+01
      vertex   2.269739e+02 3.540320e+01 -8.406796e+01
      vertex   2.270323e+02 3.540528e+01 -8.436111e+01
    endloop
  endfacet
  facet normal 9.904027e-01 1.297815e-01 4.753175e-02
    outer loop
      vertex   2.270255e+02 3.545705e+01 -8.436157e+01
      vertex   2.270323e+02 3.540528e+01 -8.436111e+01
      vertex   2.270395e+02 3.545917e+01 -8.465914e+01
    endloop
  endfacet
  facet normal 9.904027e-01 1.297815e-01 4.753175e-02
    outer loop
      vertex   2.270395e+02 3.545917e+01 -8.465914e+01
      vertex   2.270323e+02 3.540528e+01 -8.436111e+01
      vertex   2.270463e+02 3.540741e+01 -8.465969e+01
    endloop
  endfacet
  facet normal 9.232553e-01 3.814032e-01 4.616508e-02
    outer loop
      vertex   2.270395e+02 3.545917e+01 -8.465914e+01
      vertex   2.270195e+02 3.550740e+01 -8.465824e+01
      vertex   2.270255e+02 3.545705e+01 -8.436157e+01
    endloop
  endfacet
  facet normal 9.232553e-01 3.814032e-01 4.616508e-02
    outer loop
      vertex   2.270255e+02 3.545705e+01 -8.436157e+01
      vertex   2.270195e+02 3.550740e+01 -8.465824e+01
      vertex   2.270057e+02 3.550530e+01 -8.436365e+01
    endloop
  endfacet
  facet normal 9.064684e-01 3.804266e-01 1.832775e-01
    outer loop
      vertex   2.270255e+02 3.545705e+01 -8.436157e+01
      vertex   2.270057e+02 3.550530e+01 -8.436365e+01
      vertex   2.269673e+02 3.545497e+01 -8.406942e+01
    endloop
  endfacet
  facet normal 9.064684e-01 3.804266e-01 1.832775e-01
    outer loop
      vertex   2.269673e+02 3.545497e+01 -8.406942e+01
      vertex   2.270057e+02 3.550530e+01 -8.436365e+01
      vertex   2.269481e+02 3.550325e+01 -8.407443e+01
    endloop
  endfacet
  facet normal 8.694329e-01 3.794798e-01 3.163567e-01
    outer loop
      vertex   2.269673e+02 3.545497e+01 -8.406942e+01
      vertex   2.269481e+02 3.550325e+01 -8.407443e+01
      vertex   2.268662e+02 3.545298e+01 -8.378920e+01
    endloop
  endfacet
  facet normal 8.694329e-01 3.794798e-01 3.163567e-01
    outer loop
      vertex   2.268662e+02 3.545298e+01 -8.378920e+01
      vertex   2.269481e+02 3.550325e+01 -8.407443e+01
      vertex   2.268480e+02 3.550127e+01 -8.379702e+01
    endloop
  endfacet
  facet normal 8.129761e-01 3.785839e-01 4.424297e-01
    outer loop
      vertex   2.268662e+02 3.545298e+01 -8.378920e+01
      vertex   2.268480e+02 3.550127e+01 -8.379702e+01
      vertex   2.267245e+02 3.545112e+01 -8.352718e+01
    endloop
  endfacet
  facet normal 8.129761e-01 3.785839e-01 4.424297e-01
    outer loop
      vertex   2.267245e+02 3.545112e+01 -8.352718e+01
      vertex   2.268480e+02 3.550127e+01 -8.379702e+01
      vertex   2.267077e+02 3.549943e+01 -8.353762e+01
    endloop
  endfacet
  facet normal 7.383593e-01 3.777589e-01 5.586804e-01
    outer loop
      vertex   2.267245e+02 3.545112e+01 -8.352718e+01
      vertex   2.267077e+02 3.549943e+01 -8.353762e+01
      vertex   2.265453e+02 3.544943e+01 -8.328920e+01
    endloop
  endfacet
  facet normal 7.383593e-01 3.777589e-01 5.586804e-01
    outer loop
      vertex   2.265453e+02 3.544943e+01 -8.328920e+01
      vertex   2.267077e+02 3.549943e+01 -8.353762e+01
      vertex   2.265303e+02 3.549776e+01 -8.330204e+01
    endloop
  endfacet
  facet normal 6.472491e-01 3.770233e-01 6.625119e-01
    outer loop
      vertex   2.265453e+02 3.544943e+01 -8.328920e+01
      vertex   2.265303e+02 3.549776e+01 -8.330204e+01
      vertex   2.263326e+02 3.544795e+01 -8.308060e+01
    endloop
  endfacet
  facet normal 6.472491e-01 3.770233e-01 6.625119e-01
    outer loop
      vertex   2.263326e+02 3.544795e+01 -8.308060e+01
      vertex   2.265303e+02 3.549776e+01 -8.330204e+01
      vertex   2.263197e+02 3.549630e+01 -8.309552e+01
    endloop
  endfacet
  facet normal 5.416809e-01 3.763936e-01 7.516047e-01
    outer loop
      vertex   2.263326e+02 3.544795e+01 -8.308060e+01
      vertex   2.263197e+02 3.549630e+01 -8.309552e+01
      vertex   2.260912e+02 3.544672e+01 -8.290602e+01
    endloop
  endfacet
  facet normal 5.416809e-01 3.763936e-01 7.516047e-01
    outer loop
      vertex   2.260912e+02 3.544672e+01 -8.290602e+01
      vertex   2.263197e+02 3.549630e+01 -8.309552e+01
      vertex   2.260808e+02 3.549508e+01 -8.292269e+01
    endloop
  endfacet
  facet normal 4.240129e-01 3.758837e-01 8.239688e-01
    outer loop
      vertex   2.260912e+02 3.544672e+01 -8.290602e+01
      vertex   2.260808e+02 3.549508e+01 -8.292269e+01
      vertex   2.258265e+02 3.544576e+01 -8.276936e+01
    endloop
  endfacet
  facet normal 4.240129e-01 3.758837e-01 8.239688e-01
    outer loop
      vertex   2.258265e+02 3.544576e+01 -8.276936e+01
      vertex   2.260808e+02 3.549508e+01 -8.292269e+01
      vertex   2.258187e+02 3.549413e+01 -8.278741e+01
    endloop
  endfacet
  facet normal 2.968736e-01 3.755050e-01 8.779875e-01
    outer loop
      vertex   2.258265e+02 3.544576e+01 -8.276936e+01
      vertex   2.258187e+02 3.549413e+01 -8.278741e+01
      vertex   2.255444e+02 3.544509e+01 -8.267368e+01
    endloop
  endfacet
  facet normal 2.968736e-01 3.755050e-01 8.779875e-01
    outer loop
      vertex   2.255444e+02 3.544509e+01 -8.267368e+01
      vertex   2.258187e+02 3.549413e+01 -8.278741e+01
      vertex   2.255394e+02 3.549347e+01 -8.269269e+01
    endloop
  endfacet
  facet normal 1.631030e-01 3.752661e-01 9.124542e-01
    outer loop
      vertex   2.255444e+02 3.544509e+01 -8.267368e+01
      vertex   2.255394e+02 3.549347e+01 -8.269269e+01
      vertex   2.252512e+02 3.544473e+01 -8.262112e+01
    endloop
  endfacet
  facet normal 1.631030e-01 3.752661e-01 9.124542e-01
    outer loop
      vertex   2.252512e+02 3.544473e+01 -8.262112e+01
      vertex   2.255394e+02 3.549347e+01 -8.269269e+01
      vertex   2.252491e+02 3.549311e+01 -8.264065e+01
    endloop
  endfacet
  facet normal 2.568940e-02 3.751723e-01 9.265991e-01
    outer loop
      vertex   2.252512e+02 3.544473e+01 -8.262112e+01
      vertex   2.252491e+02 3.549311e+01 -8.264065e+01
      vertex   2.249534e+02 3.544469e+01 -8.261285e+01
    endloop
  endfacet
  facet normal 2.568940e-02 3.751723e-01 9.265991e-01
    outer loop
      vertex   2.249534e+02 3.544469e+01 -8.261285e+01
      vertex   2.252491e+02 3.549311e+01 -8.264065e+01
      vertex   2.249543e+02 3.549307e+01 -8.263246e+01
    endloop
  endfacet
  facet normal -1.122976e-01 3.752256e-01 9.201060e-01
    outer loop
      vertex   2.249534e+02 3.544469e+01 -8.261285e+01
      vertex   2.249543e+02 3.549307e+01 -8.263246e+01
      vertex   2.246577e+02 3.544496e+01 -8.264905e+01
    endloop
  endfacet
  facet normal -1.122976e-01 3.752256e-01 9.201060e-01
    outer loop
      vertex   2.246577e+02 3.544496e+01 -8.264905e+01
      vertex   2.249543e+02 3.549307e+01 -8.263246e+01
      vertex   2.246616e+02 3.549334e+01 -8.266830e+01
    endloop
  endfacet
  facet normal -2.477757e-01 3.754248e-01 8.931200e-01
    outer loop
      vertex   2.246577e+02 3.544496e+01 -8.264905e+01
      vertex   2.246616e+02 3.549334e+01 -8.266830e+01
      vertex   2.243707e+02 3.544555e+01 -8.272891e+01
    endloop
  endfacet
  facet normal -2.477757e-01 3.754248e-01 8.931200e-01
    outer loop
      vertex   2.243707e+02 3.544555e+01 -8.272891e+01
      vertex   2.246616e+02 3.549334e+01 -8.266830e+01
      vertex   2.243775e+02 3.549392e+01 -8.274736e+01
    endloop
  endfacet
  facet normal -3.777184e-01 3.757656e-01 8.462441e-01
    outer loop
      vertex   2.243707e+02 3.544555e+01 -8.272891e+01
      vertex   2.243775e+02 3.549392e+01 -8.274736e+01
      vertex   2.240988e+02 3.544643e+01 -8.285066e+01
    endloop
  endfacet
  facet normal -3.777184e-01 3.757656e-01 8.462441e-01
    outer loop
      vertex   2.240988e+02 3.544643e+01 -8.285066e+01
      vertex   2.243775e+02 3.549392e+01 -8.274736e+01
      vertex   2.241083e+02 3.549479e+01 -8.286789e+01
    endloop
  endfacet
  facet normal -4.992230e-01 3.762403e-01 7.805252e-01
    outer loop
      vertex   2.240988e+02 3.544643e+01 -8.285066e+01
      vertex   2.241083e+02 3.549479e+01 -8.286789e+01
      vertex   2.238481e+02 3.544759e+01 -8.301157e+01
    endloop
  endfacet
  facet normal -4.992230e-01 3.762403e-01 7.805252e-01
    outer loop
      vertex   2.238481e+02 3.544759e+01 -8.301157e+01
      vertex   2.241083e+02 3.549479e+01 -8.286789e+01
      vertex   2.238601e+02 3.549594e+01 -8.302719e+01
    endloop
  endfacet
  facet normal -6.095754e-01 3.768383e-01 6.974315e-01
    outer loop
      vertex   2.238481e+02 3.544759e+01 -8.301157e+01
      vertex   2.238601e+02 3.549594e+01 -8.302719e+01
      vertex   2.236242e+02 3.544900e+01 -8.320805e+01
    endloop
  endfacet
  facet normal -6.095754e-01 3.768383e-01 6.974315e-01
    outer loop
      vertex   2.236242e+02 3.544900e+01 -8.320805e+01
      vertex   2.238601e+02 3.549594e+01 -8.302719e+01
      vertex   2.236385e+02 3.549733e+01 -8.322169e+01
    endloop
  endfacet
  facet normal -7.063105e-01 3.775462e-01 5.988191e-01
    outer loop
      vertex   2.236242e+02 3.544900e+01 -8.320805e+01
      vertex   2.236385e+02 3.549733e+01 -8.322169e+01
      vertex   2.234321e+02 3.545063e+01 -8.343570e+01
    endloop
  endfacet
  facet normal -7.063105e-01 3.775462e-01 5.988191e-01
    outer loop
      vertex   2.234321e+02 3.545063e+01 -8.343570e+01
      vertex   2.236385e+02 3.549733e+01 -8.322169e+01
      vertex   2.234483e+02 3.549895e+01 -8.344707e+01
    endloop
  endfacet
  facet normal -7.872673e-01 3.783482e-01 4.868909e-01
    outer loop
      vertex   2.234321e+02 3.545063e+01 -8.343570e+01
      vertex   2.234483e+02 3.549895e+01 -8.344707e+01
      vertex   2.232760e+02 3.545245e+01 -8.368945e+01
    endloop
  endfacet
  facet normal -7.872673e-01 3.783482e-01 4.868909e-01
    outer loop
      vertex   2.232760e+02 3.545245e+01 -8.368945e+01
      vertex   2.234483e+02 3.549895e+01 -8.344707e+01
      vertex   2.232938e+02 3.550075e+01 -8.369827e+01
    endloop
  endfacet
  facet normal -8.506375e-01 3.792265e-01 3.641471e-01
    outer loop
      vertex   2.232760e+02 3.545245e+01 -8.368945e+01
      vertex   2.232938e+02 3.550075e+01 -8.369827e+01
      vertex   2.231595e+02 3.545441e+01 -8.396362e+01
    endloop
  endfacet
  facet normal -8.506375e-01 3.792265e-01 3.641471e-01
    outer loop
      vertex   2.231595e+02 3.545441e+01 -8.396362e+01
      vertex   2.232938e+02 3.550075e+01 -8.369827e+01
      vertex   2.231784e+02 3.550269e+01 -8.396969e+01
    endloop
  endfacet
  facet normal -8.950054e-01 3.801613e-01 2.333297e-01
    outer loop
      vertex   2.231595e+02 3.545441e+01 -8.396362e+01
      vertex   2.231784e+02 3.550269e+01 -8.396969e+01
      vertex   2.230852e+02 3.545647e+01 -8.425209e+01
    endloop
  endfacet
  facet normal -8.950054e-01 3.801613e-01 2.333297e-01
    outer loop
      vertex   2.230852e+02 3.545647e+01 -8.425209e+01
      vertex   2.231784e+02 3.550269e+01 -8.396969e+01
      vertex   2.231048e+02 3.550473e+01 -8.425527e+01
    endloop
  endfacet
  facet normal 7.933286e-01 6.073665e-01 4.166126e-02
    outer loop
      vertex   2.270195e+02 3.550740e+01 -8.465824e+01
      vertex   2.269878e+02 3.554882e+01 -8.465706e+01
      vertex   2.270057e+02 3.550530e+01 -8.436365e+01
    endloop
  endfacet
  facet normal 7.933286e-01 6.073665e-01 4.166126e-02
    outer loop
      vertex   2.270057e+02 3.550530e+01 -8.436365e+01
      vertex   2.269878e+02 3.554882e+01 -8.465706e+01
      vertex   2.269741e+02 3.554675e+01 -8.436722e+01
    endloop
  endfacet
  facet normal 7.789043e-01 6.065273e-01 1.594762e-01
    outer loop
      vertex   2.270057e+02 3.550530e+01 -8.436365e+01
      vertex   2.269741e+02 3.554675e+01 -8.436722e+01
      vertex   2.269481e+02 3.550325e+01 -8.407443e+01
    endloop
  endfacet
  facet normal 7.789043e-01 6.065273e-01 1.594762e-01
    outer loop
      vertex   2.269481e+02 3.550325e+01 -8.407443e+01
      vertex   2.269741e+02 3.554675e+01 -8.436722e+01
      vertex   2.269174e+02 3.554473e+01 -8.408265e+01
    endloop
  endfacet
  facet normal 7.470813e-01 6.057138e-01 2.738255e-01
    outer loop
      vertex   2.269481e+02 3.550325e+01 -8.407443e+01
      vertex   2.269174e+02 3.554473e+01 -8.408265e+01
      vertex   2.268480e+02 3.550127e+01 -8.379702e+01
    endloop
  endfacet
  facet normal 7.470813e-01 6.057138e-01 2.738255e-01
    outer loop
      vertex   2.268480e+02 3.550127e+01 -8.379702e+01
      vertex   2.269174e+02 3.554473e+01 -8.408265e+01
      vertex   2.268190e+02 3.554279e+01 -8.380971e+01
    endloop
  endfacet
  facet normal 6.985704e-01 6.049440e-01 3.821547e-01
    outer loop
      vertex   2.268480e+02 3.550127e+01 -8.379702e+01
      vertex   2.268190e+02 3.554279e+01 -8.380971e+01
      vertex   2.267077e+02 3.549943e+01 -8.353762e+01
    endloop
  endfacet
  facet normal 6.985704e-01 6.049440e-01 3.821547e-01
    outer loop
      vertex   2.267077e+02 3.549943e+01 -8.353762e+01
      vertex   2.268190e+02 3.554279e+01 -8.380971e+01
      vertex   2.266809e+02 3.554097e+01 -8.355450e+01
    endloop
  endfacet
  facet normal 6.344552e-01 6.042351e-01 4.820441e-01
    outer loop
      vertex   2.267077e+02 3.549943e+01 -8.353762e+01
      vertex   2.266809e+02 3.554097e+01 -8.355450e+01
      vertex   2.265303e+02 3.549776e+01 -8.330204e+01
    endloop
  endfacet
  facet normal 6.344552e-01 6.042351e-01 4.820441e-01
    outer loop
      vertex   2.265303e+02 3.549776e+01 -8.330204e+01
      vertex   2.266809e+02 3.554097e+01 -8.355450e+01
      vertex   2.265064e+02 3.553933e+01 -8.332271e+01
    endloop
  endfacet
  facet normal 5.561681e-01 6.036031e-01 5.712621e-01
    outer loop
      vertex   2.265303e+02 3.549776e+01 -8.330204e+01
      vertex   2.265064e+02 3.553933e+01 -8.332271e+01
      vertex   2.263197e+02 3.549630e+01 -8.309552e+01
    endloop
  endfacet
  facet normal 5.561681e-01 6.036031e-01 5.712621e-01
    outer loop
      vertex   2.263197e+02 3.549630e+01 -8.309552e+01
      vertex   2.265064e+02 3.553933e+01 -8.332271e+01
      vertex   2.262992e+02 3.553789e+01 -8.311952e+01
    endloop
  endfacet
  facet normal 4.654578e-01 6.030619e-01 6.478158e-01
    outer loop
      vertex   2.263197e+02 3.549630e+01 -8.309552e+01
      vertex   2.262992e+02 3.553789e+01 -8.311952e+01
      vertex   2.260808e+02 3.549508e+01 -8.292269e+01
    endloop
  endfacet
  facet normal 4.654578e-01 6.030619e-01 6.478158e-01
    outer loop
      vertex   2.260808e+02 3.549508e+01 -8.292269e+01
      vertex   2.262992e+02 3.553789e+01 -8.311952e+01
      vertex   2.260641e+02 3.553669e+01 -8.294947e+01
    endloop
  endfacet
  facet normal 3.643506e-01 6.026238e-01 7.099952e-01
    outer loop
      vertex   2.260808e+02 3.549508e+01 -8.292269e+01
      vertex   2.260641e+02 3.553669e+01 -8.294947e+01
      vertex   2.258187e+02 3.549413e+01 -8.278741e+01
    endloop
  endfacet
  facet normal 3.643506e-01 6.026238e-01 7.099952e-01
    outer loop
      vertex   2.258187e+02 3.549413e+01 -8.278741e+01
      vertex   2.260641e+02 3.553669e+01 -8.294947e+01
      vertex   2.258063e+02 3.553576e+01 -8.281636e+01
    endloop
  endfacet
  facet normal 2.551052e-01 6.022985e-01 7.564112e-01
    outer loop
      vertex   2.258187e+02 3.549413e+01 -8.278741e+01
      vertex   2.258063e+02 3.553576e+01 -8.281636e+01
      vertex   2.255394e+02 3.549347e+01 -8.269269e+01
    endloop
  endfacet
  facet normal 2.551052e-01 6.022985e-01 7.564112e-01
    outer loop
      vertex   2.255394e+02 3.549347e+01 -8.269269e+01
      vertex   2.258063e+02 3.553576e+01 -8.281636e+01
      vertex   2.255315e+02 3.553511e+01 -8.272317e+01
    endloop
  endfacet
  facet normal 1.401617e-01 6.020932e-01 7.860270e-01
    outer loop
      vertex   2.255394e+02 3.549347e+01 -8.269269e+01
      vertex   2.255315e+02 3.553511e+01 -8.272317e+01
      vertex   2.252491e+02 3.549311e+01 -8.264065e+01
    endloop
  endfacet
  facet normal 1.401617e-01 6.020932e-01 7.860270e-01
    outer loop
      vertex   2.252491e+02 3.549311e+01 -8.264065e+01
      vertex   2.255315e+02 3.553511e+01 -8.272317e+01
      vertex   2.252459e+02 3.553476e+01 -8.267197e+01
    endloop
  endfacet
  facet normal 2.208803e-02 6.020125e-01 7.981811e-01
    outer loop
      vertex   2.252491e+02 3.549311e+01 -8.264065e+01
      vertex   2.252459e+02 3.553476e+01 -8.267197e+01
      vertex   2.249543e+02 3.549307e+01 -8.263246e+01
    endloop
  endfacet
  facet normal 2.208803e-02 6.020125e-01 7.981811e-01
    outer loop
      vertex   2.249543e+02 3.549307e+01 -8.263246e+01
      vertex   2.252459e+02 3.553476e+01 -8.267197e+01
      vertex   2.249558e+02 3.553471e+01 -8.266391e+01
    endloop
  endfacet
  facet normal -9.647840e-02 6.020583e-01 7.926018e-01
    outer loop
      vertex   2.249543e+02 3.549307e+01 -8.263246e+01
      vertex   2.249558e+02 3.553471e+01 -8.266391e+01
      vertex   2.246616e+02 3.549334e+01 -8.266830e+01
    endloop
  endfacet
  facet normal -9.647840e-02 6.020583e-01 7.926018e-01
    outer loop
      vertex   2.246616e+02 3.549334e+01 -8.266830e+01
      vertex   2.249558e+02 3.553471e+01 -8.266391e+01
      vertex   2.246678e+02 3.553498e+01 -8.269917e+01
    endloop
  endfacet
  facet normal -2.128890e-01 6.022295e-01 7.694140e-01
    outer loop
      vertex   2.246616e+02 3.549334e+01 -8.266830e+01
      vertex   2.246678e+02 3.553498e+01 -8.269917e+01
      vertex   2.243775e+02 3.549392e+01 -8.274736e+01
    endloop
  endfacet
  facet normal -2.128890e-01 6.022295e-01 7.694140e-01
    outer loop
      vertex   2.243775e+02 3.549392e+01 -8.274736e+01
      vertex   2.246678e+02 3.553498e+01 -8.269917e+01
      vertex   2.243883e+02 3.553555e+01 -8.277696e+01
    endloop
  endfacet
  facet normal -3.245433e-01 6.025224e-01 7.291354e-01
    outer loop
      vertex   2.243775e+02 3.549392e+01 -8.274736e+01
      vertex   2.243883e+02 3.553555e+01 -8.277696e+01
      vertex   2.241083e+02 3.549479e+01 -8.286789e+01
    endloop
  endfacet
  facet normal -3.245433e-01 6.025224e-01 7.291354e-01
    outer loop
      vertex   2.241083e+02 3.549479e+01 -8.286789e+01
      vertex   2.243883e+02 3.553555e+01 -8.277696e+01
      vertex   2.241235e+02 3.553641e+01 -8.289555e+01
    endloop
  endfacet
  facet normal -4.289471e-01 6.029302e-01 6.726660e-01
    outer loop
      vertex   2.241083e+02 3.549479e+01 -8.286789e+01
      vertex   2.241235e+02 3.553641e+01 -8.289555e+01
      vertex   2.238601e+02 3.549594e+01 -8.302719e+01
    endloop
  endfacet
  facet normal -4.289471e-01 6.029302e-01 6.726660e-01
    outer loop
      vertex   2.238601e+02 3.549594e+01 -8.302719e+01
      vertex   2.241235e+02 3.553641e+01 -8.289555e+01
      vertex   2.238793e+02 3.553754e+01 -8.305228e+01
    endloop
  endfacet
  facet normal -5.237683e-01 6.034441e-01 6.012671e-01
    outer loop
      vertex   2.238601e+02 3.549594e+01 -8.302719e+01
      vertex   2.238793e+02 3.553754e+01 -8.305228e+01
      vertex   2.236385e+02 3.549733e+01 -8.322169e+01
    endloop
  endfacet
  facet normal -5.237683e-01 6.034441e-01 6.012671e-01
    outer loop
      vertex   2.236385e+02 3.549733e+01 -8.322169e+01
      vertex   2.238793e+02 3.553754e+01 -8.305228e+01
      vertex   2.236612e+02 3.553891e+01 -8.324365e+01
    endloop
  endfacet
  facet normal -6.068887e-01 6.040523e-01 5.165336e-01
    outer loop
      vertex   2.236385e+02 3.549733e+01 -8.322169e+01
      vertex   2.236612e+02 3.553891e+01 -8.324365e+01
      vertex   2.234483e+02 3.549895e+01 -8.344707e+01
    endloop
  endfacet
  facet normal -6.068887e-01 6.040523e-01 5.165336e-01
    outer loop
      vertex   2.234483e+02 3.549895e+01 -8.344707e+01
      vertex   2.236612e+02 3.553891e+01 -8.324365e+01
      vertex   2.234740e+02 3.554050e+01 -8.346540e+01
    endloop
  endfacet
  facet normal -6.764514e-01 6.047415e-01 4.203584e-01
    outer loop
      vertex   2.234483e+02 3.549895e+01 -8.344707e+01
      vertex   2.234740e+02 3.554050e+01 -8.346540e+01
      vertex   2.232938e+02 3.550075e+01 -8.369827e+01
    endloop
  endfacet
  facet normal -6.764514e-01 6.047415e-01 4.203584e-01
    outer loop
      vertex   2.232938e+02 3.550075e+01 -8.369827e+01
      vertex   2.234740e+02 3.554050e+01 -8.346540e+01
      vertex   2.233220e+02 3.554227e+01 -8.371255e+01
    endloop
  endfacet
  facet normal -7.309027e-01 6.054961e-01 3.148898e-01
    outer loop
      vertex   2.232938e+02 3.550075e+01 -8.369827e+01
      vertex   2.233220e+02 3.554227e+01 -8.371255e+01
      vertex   2.231784e+02 3.550269e+01 -8.396969e+01
    endloop
  endfacet
  facet normal -7.309027e-01 6.054961e-01 3.148898e-01
    outer loop
      vertex   2.231784e+02 3.550269e+01 -8.396969e+01
      vertex   2.233220e+02 3.554227e+01 -8.371255e+01
      vertex   2.232085e+02 3.554418e+01 -8.397961e+01
    endloop
  endfacet
  facet normal -7.690262e-01 6.062994e-01 2.024839e-01
    outer loop
      vertex   2.231784e+02 3.550269e+01 -8.396969e+01
      vertex   2.232085e+02 3.554418e+01 -8.397961e+01
      vertex   2.231048e+02 3.550473e+01 -8.425527e+01
    endloop
  endfacet
  facet normal -7.690262e-01 6.062994e-01 2.024839e-01
    outer loop
      vertex   2.231048e+02 3.550473e+01 -8.425527e+01
      vertex   2.232085e+02 3.554418e+01 -8.397961e+01
      vertex   2.231361e+02 3.554619e+01 -8.426059e+01
    endloop
  endfacet
  facet normal 6.092003e-01 7.922736e-01 3.431420e-02
    outer loop
      vertex   2.269878e+02 3.554882e+01 -8.465706e+01
      vertex   2.269464e+02 3.558060e+01 -8.465568e+01
      vertex   2.269741e+02 3.554675e+01 -8.436722e+01
    endloop
  endfacet
  facet normal 6.092003e-01 7.922736e-01 3.431420e-02
    outer loop
      vertex   2.269741e+02 3.554675e+01 -8.436722e+01
      vertex   2.269464e+02 3.558060e+01 -8.465568e+01
      vertex   2.269330e+02 3.557857e+01 -8.437203e+01
    endloop
  endfacet
  facet normal 5.981242e-01 7.916292e-01 1.247823e-01
    outer loop
      vertex   2.269741e+02 3.554675e+01 -8.436722e+01
      vertex   2.269330e+02 3.557857e+01 -8.437203e+01
      vertex   2.269174e+02 3.554473e+01 -8.408265e+01
    endloop
  endfacet
  facet normal 5.981242e-01 7.916292e-01 1.247823e-01
    outer loop
      vertex   2.269174e+02 3.554473e+01 -8.408265e+01
      vertex   2.269330e+02 3.557857e+01 -8.437203e+01
      vertex   2.268775e+02 3.557659e+01 -8.409353e+01
    endloop
  endfacet
  facet normal 5.736878e-01 7.910045e-01 2.125892e-01
    outer loop
      vertex   2.269174e+02 3.554473e+01 -8.408265e+01
      vertex   2.268775e+02 3.557659e+01 -8.409353e+01
      vertex   2.268190e+02 3.554279e+01 -8.380971e+01
    endloop
  endfacet
  facet normal 5.736878e-01 7.910045e-01 2.125892e-01
    outer loop
      vertex   2.268190e+02 3.554279e+01 -8.380971e+01
      vertex   2.268775e+02 3.557659e+01 -8.409353e+01
      vertex   2.267812e+02 3.557469e+01 -8.382642e+01
    endloop
  endfacet
  facet normal 5.364371e-01 7.904134e-01 2.957735e-01
    outer loop
      vertex   2.268190e+02 3.554279e+01 -8.380971e+01
      vertex   2.267812e+02 3.557469e+01 -8.382642e+01
      vertex   2.266809e+02 3.554097e+01 -8.355450e+01
    endloop
  endfacet
  facet normal 5.364371e-01 7.904134e-01 2.957735e-01
    outer loop
      vertex   2.266809e+02 3.554097e+01 -8.355450e+01
      vertex   2.267812e+02 3.557469e+01 -8.382642e+01
      vertex   2.266461e+02 3.557292e+01 -8.357664e+01
    endloop
  endfacet
  facet normal 4.872041e-01 7.898691e-01 3.724768e-01
    outer loop
      vertex   2.266809e+02 3.554097e+01 -8.355450e+01
      vertex   2.266461e+02 3.557292e+01 -8.357664e+01
      vertex   2.265064e+02 3.553933e+01 -8.332271e+01
    endloop
  endfacet
  facet normal 4.872041e-01 7.898691e-01 3.724768e-01
    outer loop
      vertex   2.265064e+02 3.553933e+01 -8.332271e+01
      vertex   2.266461e+02 3.557292e+01 -8.357664e+01
      vertex   2.264752e+02 3.557131e+01 -8.334980e+01
    endloop
  endfacet
  facet normal 4.270888e-01 7.893837e-01 4.409858e-01
    outer loop
      vertex   2.265064e+02 3.553933e+01 -8.332271e+01
      vertex   2.264752e+02 3.557131e+01 -8.334980e+01
      vertex   2.262992e+02 3.553789e+01 -8.311952e+01
    endloop
  endfacet
  facet normal 4.270888e-01 7.893837e-01 4.409858e-01
    outer loop
      vertex   2.262992e+02 3.553789e+01 -8.311952e+01
      vertex   2.264752e+02 3.557131e+01 -8.334980e+01
      vertex   2.262725e+02 3.556990e+01 -8.315094e+01
    endloop
  endfacet
  facet normal 3.574338e-01 7.889682e-01 4.997702e-01
    outer loop
      vertex   2.262992e+02 3.553789e+01 -8.311952e+01
      vertex   2.262725e+02 3.556990e+01 -8.315094e+01
      vertex   2.260641e+02 3.553669e+01 -8.294947e+01
    endloop
  endfacet
  facet normal 3.574338e-01 7.889682e-01 4.997702e-01
    outer loop
      vertex   2.260641e+02 3.553669e+01 -8.294947e+01
      vertex   2.262725e+02 3.556990e+01 -8.315094e+01
      vertex   2.260424e+02 3.556873e+01 -8.298452e+01
    endloop
  endfacet
  facet normal 2.797953e-01 7.886318e-01 5.475167e-01
    outer loop
      vertex   2.260641e+02 3.553669e+01 -8.294947e+01
      vertex   2.260424e+02 3.556873e+01 -8.298452e+01
      vertex   2.258063e+02 3.553576e+01 -8.281636e+01
    endloop
  endfacet
  facet normal 2.797953e-01 7.886318e-01 5.475167e-01
    outer loop
      vertex   2.258063e+02 3.553576e+01 -8.281636e+01
      vertex   2.260424e+02 3.556873e+01 -8.298452e+01
      vertex   2.257901e+02 3.556781e+01 -8.285426e+01
    endloop
  endfacet
  facet normal 1.959075e-01 7.883820e-01 5.831588e-01
    outer loop
      vertex   2.258063e+02 3.553576e+01 -8.281636e+01
      vertex   2.257901e+02 3.556781e+01 -8.285426e+01
      vertex   2.255315e+02 3.553511e+01 -8.272317e+01
    endloop
  endfacet
  facet normal 1.959075e-01 7.883820e-01 5.831588e-01
    outer loop
      vertex   2.255315e+02 3.553511e+01 -8.272317e+01
      vertex   2.257901e+02 3.556781e+01 -8.285426e+01
      vertex   2.255212e+02 3.556718e+01 -8.276305e+01
    endloop
  endfacet
  facet normal 1.076444e-01 7.882243e-01 6.059002e-01
    outer loop
      vertex   2.255315e+02 3.553511e+01 -8.272317e+01
      vertex   2.255212e+02 3.556718e+01 -8.276305e+01
      vertex   2.252459e+02 3.553476e+01 -8.267197e+01
    endloop
  endfacet
  facet normal 1.076444e-01 7.882243e-01 6.059002e-01
    outer loop
      vertex   2.252459e+02 3.553476e+01 -8.267197e+01
      vertex   2.255212e+02 3.556718e+01 -8.276305e+01
      vertex   2.252416e+02 3.556683e+01 -8.271295e+01
    endloop
  endfacet
  facet normal 1.697759e-02 7.881624e-01 6.152331e-01
    outer loop
      vertex   2.252459e+02 3.553476e+01 -8.267197e+01
      vertex   2.252416e+02 3.556683e+01 -8.271295e+01
      vertex   2.249558e+02 3.553471e+01 -8.266391e+01
    endloop
  endfacet
  facet normal 1.697759e-02 7.881624e-01 6.152331e-01
    outer loop
      vertex   2.249558e+02 3.553471e+01 -8.266391e+01
      vertex   2.252416e+02 3.556683e+01 -8.271295e+01
      vertex   2.249578e+02 3.556679e+01 -8.270506e+01
    endloop
  endfacet
  facet normal -7.406759e-02 7.881976e-01 6.109489e-01
    outer loop
      vertex   2.249558e+02 3.553471e+01 -8.266391e+01
      vertex   2.249578e+02 3.556679e+01 -8.270506e+01
      vertex   2.246678e+02 3.553498e+01 -8.269917e+01
    endloop
  endfacet
  facet normal -7.406759e-02 7.881976e-01 6.109489e-01
    outer loop
      vertex   2.246678e+02 3.553498e+01 -8.269917e+01
      vertex   2.249578e+02 3.556679e+01 -8.270506e+01
      vertex   2.246759e+02 3.556705e+01 -8.273957e+01
    endloop
  endfacet
  facet normal -1.634573e-01 7.883290e-01 5.931434e-01
    outer loop
      vertex   2.246678e+02 3.553498e+01 -8.269917e+01
      vertex   2.246759e+02 3.556705e+01 -8.273957e+01
      vertex   2.243883e+02 3.553555e+01 -8.277696e+01
    endloop
  endfacet
  facet normal -1.634573e-01 7.883290e-01 5.931434e-01
    outer loop
      vertex   2.243883e+02 3.553555e+01 -8.277696e+01
      vertex   2.246759e+02 3.556705e+01 -8.273957e+01
      vertex   2.244023e+02 3.556761e+01 -8.281570e+01
    endloop
  endfacet
  facet normal -2.491948e-01 7.885539e-01 5.622141e-01
    outer loop
      vertex   2.243883e+02 3.553555e+01 -8.277696e+01
      vertex   2.244023e+02 3.556761e+01 -8.281570e+01
      vertex   2.241235e+02 3.553641e+01 -8.289555e+01
    endloop
  endfacet
  facet normal -2.491948e-01 7.885539e-01 5.622141e-01
    outer loop
      vertex   2.241235e+02 3.553641e+01 -8.289555e+01
      vertex   2.244023e+02 3.556761e+01 -8.281570e+01
      vertex   2.241432e+02 3.556845e+01 -8.293176e+01
    endloop
  endfacet
  facet normal -3.293647e-01 7.888671e-01 5.188522e-01
    outer loop
      vertex   2.241235e+02 3.553641e+01 -8.289555e+01
      vertex   2.241432e+02 3.556845e+01 -8.293176e+01
      vertex   2.238793e+02 3.553754e+01 -8.305228e+01
    endloop
  endfacet
  facet normal -3.293647e-01 7.888671e-01 5.188522e-01
    outer loop
      vertex   2.238793e+02 3.553754e+01 -8.305228e+01
      vertex   2.241432e+02 3.556845e+01 -8.293176e+01
      vertex   2.239042e+02 3.556955e+01 -8.308514e+01
    endloop
  endfacet
  facet normal -4.021763e-01 7.892616e-01 4.640261e-01
    outer loop
      vertex   2.238793e+02 3.553754e+01 -8.305228e+01
      vertex   2.239042e+02 3.556955e+01 -8.308514e+01
      vertex   2.236612e+02 3.553891e+01 -8.324365e+01
    endloop
  endfacet
  facet normal -4.021763e-01 7.892616e-01 4.640261e-01
    outer loop
      vertex   2.236612e+02 3.553891e+01 -8.324365e+01
      vertex   2.239042e+02 3.556955e+01 -8.308514e+01
      vertex   2.236907e+02 3.557090e+01 -8.327243e+01
    endloop
  endfacet
  facet normal -4.660031e-01 7.897287e-01 3.989607e-01
    outer loop
      vertex   2.236612e+02 3.553891e+01 -8.324365e+01
      vertex   2.236907e+02 3.557090e+01 -8.327243e+01
      vertex   2.234740e+02 3.554050e+01 -8.346540e+01
    endloop
  endfacet
  facet normal -4.660031e-01 7.897287e-01 3.989607e-01
    outer loop
      vertex   2.234740e+02 3.554050e+01 -8.346540e+01
      vertex   2.236907e+02 3.557090e+01 -8.327243e+01
      vertex   2.235076e+02 3.557246e+01 -8.348944e+01
    endloop
  endfacet
  facet normal -5.194192e-01 7.902579e-01 3.251094e-01
    outer loop
      vertex   2.234740e+02 3.554050e+01 -8.346540e+01
      vertex   2.235076e+02 3.557246e+01 -8.348944e+01
      vertex   2.233220e+02 3.554227e+01 -8.371255e+01
    endloop
  endfacet
  facet normal -5.194192e-01 7.902579e-01 3.251094e-01
    outer loop
      vertex   2.233220e+02 3.554227e+01 -8.371255e+01
      vertex   2.235076e+02 3.557246e+01 -8.348944e+01
      vertex   2.233588e+02 3.557419e+01 -8.373133e+01
    endloop
  endfacet
  facet normal -5.612314e-01 7.908374e-01 2.441219e-01
    outer loop
      vertex   2.233220e+02 3.554227e+01 -8.371255e+01
      vertex   2.233588e+02 3.557419e+01 -8.373133e+01
      vertex   2.232085e+02 3.554418e+01 -8.397961e+01
    endloop
  endfacet
  facet normal -5.612314e-01 7.908374e-01 2.441219e-01
    outer loop
      vertex   2.232085e+02 3.554418e+01 -8.397961e+01
      vertex   2.233588e+02 3.557419e+01 -8.373133e+01
      vertex   2.232478e+02 3.557606e+01 -8.399268e+01
    endloop
  endfacet
  facet normal -5.905058e-01 7.914542e-01 1.578073e-01
    outer loop
      vertex   2.232085e+02 3.554418e+01 -8.397961e+01
      vertex   2.232478e+02 3.557606e+01 -8.399268e+01
      vertex   2.231361e+02 3.554619e+01 -8.426059e+01
    endloop
  endfacet
  facet normal -5.905058e-01 7.914542e-01 1.578073e-01
    outer loop
      vertex   2.231361e+02 3.554619e+01 -8.426059e+01
      vertex   2.232478e+02 3.557606e+01 -8.399268e+01
      vertex   2.231769e+02 3.557802e+01 -8.426767e+01
    endloop
  endfacet
  facet normal 3.832217e-01 9.233284e-01 2.461395e-02
    outer loop
      vertex   2.269464e+02 3.558060e+01 -8.465568e+01
      vertex   2.268981e+02 3.560057e+01 -8.465420e+01
      vertex   2.269330e+02 3.557857e+01 -8.437203e+01
    endloop
  endfacet
  facet normal 3.832217e-01 9.233284e-01 2.461395e-02
    outer loop
      vertex   2.269330e+02 3.557857e+01 -8.437203e+01
      vertex   2.268981e+02 3.560057e+01 -8.465420e+01
      vertex   2.268851e+02 3.559860e+01 -8.437775e+01
    endloop
  endfacet
  facet normal 3.762545e-01 9.229230e-01 8.152035e-02
    outer loop
      vertex   2.269330e+02 3.557857e+01 -8.437203e+01
      vertex   2.268851e+02 3.559860e+01 -8.437775e+01
      vertex   2.268775e+02 3.557659e+01 -8.409353e+01
    endloop
  endfacet
  facet normal 3.762545e-01 9.229230e-01 8.152035e-02
    outer loop
      vertex   2.268775e+02 3.557659e+01 -8.409353e+01
      vertex   2.268851e+02 3.559860e+01 -8.437775e+01
      vertex   2.268311e+02 3.559667e+01 -8.410632e+01
    endloop
  endfacet
  facet normal 3.608835e-01 9.225301e-01 1.367528e-01
    outer loop
      vertex   2.268775e+02 3.557659e+01 -8.409353e+01
      vertex   2.268311e+02 3.559667e+01 -8.410632e+01
      vertex   2.267812e+02 3.557469e+01 -8.382642e+01
    endloop
  endfacet
  facet normal 3.608835e-01 9.225301e-01 1.367528e-01
    outer loop
      vertex   2.267812e+02 3.557469e+01 -8.382642e+01
      vertex   2.268311e+02 3.559667e+01 -8.410632e+01
      vertex   2.267371e+02 3.559481e+01 -8.384599e+01
    endloop
  endfacet
  facet normal 3.374520e-01 9.221583e-01 1.890774e-01
    outer loop
      vertex   2.267812e+02 3.557469e+01 -8.382642e+01
      vertex   2.267371e+02 3.559481e+01 -8.384599e+01
      vertex   2.266461e+02 3.557292e+01 -8.357664e+01
    endloop
  endfacet
  facet normal 3.374520e-01 9.221583e-01 1.890774e-01
    outer loop
      vertex   2.266461e+02 3.557292e+01 -8.357664e+01
      vertex   2.267371e+02 3.559481e+01 -8.384599e+01
      vertex   2.266055e+02 3.559309e+01 -8.360256e+01
    endloop
  endfacet
  facet normal 3.064835e-01 9.218159e-01 2.373255e-01
    outer loop
      vertex   2.266461e+02 3.557292e+01 -8.357664e+01
      vertex   2.266055e+02 3.559309e+01 -8.360256e+01
      vertex   2.264752e+02 3.557131e+01 -8.334980e+01
    endloop
  endfacet
  facet normal 3.064835e-01 9.218159e-01 2.373255e-01
    outer loop
      vertex   2.264752e+02 3.557131e+01 -8.334980e+01
      vertex   2.266055e+02 3.559309e+01 -8.360256e+01
      vertex   2.264390e+02 3.559152e+01 -8.338147e+01
    endloop
  endfacet
  facet normal 2.686696e-01 9.215106e-01 2.804191e-01
    outer loop
      vertex   2.264752e+02 3.557131e+01 -8.334980e+01
      vertex   2.264390e+02 3.559152e+01 -8.338147e+01
      vertex   2.262725e+02 3.556990e+01 -8.315094e+01
    endloop
  endfacet
  facet normal 2.686696e-01 9.215106e-01 2.804191e-01
    outer loop
      vertex   2.262725e+02 3.556990e+01 -8.315094e+01
      vertex   2.264390e+02 3.559152e+01 -8.338147e+01
      vertex   2.262414e+02 3.559015e+01 -8.318766e+01
    endloop
  endfacet
  facet normal 2.248552e-01 9.212492e-01 3.173957e-01
    outer loop
      vertex   2.262725e+02 3.556990e+01 -8.315094e+01
      vertex   2.262414e+02 3.559015e+01 -8.318766e+01
      vertex   2.260424e+02 3.556873e+01 -8.298452e+01
    endloop
  endfacet
  facet normal 2.248552e-01 9.212492e-01 3.173957e-01
    outer loop
      vertex   2.260424e+02 3.556873e+01 -8.298452e+01
      vertex   2.262414e+02 3.559015e+01 -8.318766e+01
      vertex   2.260172e+02 3.558900e+01 -8.302547e+01
    endloop
  endfacet
  facet normal 1.760189e-01 9.210376e-01 3.474293e-01
    outer loop
      vertex   2.260424e+02 3.556873e+01 -8.298452e+01
      vertex   2.260172e+02 3.558900e+01 -8.302547e+01
      vertex   2.257901e+02 3.556781e+01 -8.285426e+01
    endloop
  endfacet
  facet normal 1.760189e-01 9.210376e-01 3.474293e-01
    outer loop
      vertex   2.257901e+02 3.556781e+01 -8.285426e+01
      vertex   2.260172e+02 3.558900e+01 -8.302547e+01
      vertex   2.257712e+02 3.558811e+01 -8.289851e+01
    endloop
  endfacet
  facet normal 1.232517e-01 9.208804e-01 3.698490e-01
    outer loop
      vertex   2.257901e+02 3.556781e+01 -8.285426e+01
      vertex   2.257712e+02 3.558811e+01 -8.289851e+01
      vertex   2.255212e+02 3.556718e+01 -8.276305e+01
    endloop
  endfacet
  facet normal 1.232517e-01 9.208804e-01 3.698490e-01
    outer loop
      vertex   2.255212e+02 3.556718e+01 -8.276305e+01
      vertex   2.257712e+02 3.558811e+01 -8.289851e+01
      vertex   2.255091e+02 3.558749e+01 -8.280962e+01
    endloop
  endfacet
  facet normal 6.773225e-02 9.207813e-01 3.841539e-01
    outer loop
      vertex   2.255212e+02 3.556718e+01 -8.276305e+01
      vertex   2.255091e+02 3.558749e+01 -8.280962e+01
      vertex   2.252416e+02 3.556683e+01 -8.271295e+01
    endloop
  endfacet
  facet normal 6.773225e-02 9.207813e-01 3.841539e-01
    outer loop
      vertex   2.252416e+02 3.556683e+01 -8.271295e+01
      vertex   2.255091e+02 3.558749e+01 -8.280962e+01
      vertex   2.252367e+02 3.558715e+01 -8.276079e+01
    endloop
  endfacet
  facet normal 1.070087e-02 9.207423e-01 3.900244e-01
    outer loop
      vertex   2.252416e+02 3.556683e+01 -8.271295e+01
      vertex   2.252367e+02 3.558715e+01 -8.276079e+01
      vertex   2.249578e+02 3.556679e+01 -8.270506e+01
    endloop
  endfacet
  facet normal 1.070087e-02 9.207423e-01 3.900244e-01
    outer loop
      vertex   2.249578e+02 3.556679e+01 -8.270506e+01
      vertex   2.252367e+02 3.558715e+01 -8.276079e+01
      vertex   2.249601e+02 3.558711e+01 -8.275310e+01
    endloop
  endfacet
  facet normal -4.656851e-02 9.207644e-01 3.873296e-01
    outer loop
      vertex   2.249578e+02 3.556679e+01 -8.270506e+01
      vertex   2.249601e+02 3.558711e+01 -8.275310e+01
      vertex   2.246759e+02 3.556705e+01 -8.273957e+01
    endloop
  endfacet
  facet normal -4.656851e-02 9.207644e-01 3.873296e-01
    outer loop
      vertex   2.246759e+02 3.556705e+01 -8.273957e+01
      vertex   2.249601e+02 3.558711e+01 -8.275310e+01
      vertex   2.246853e+02 3.558737e+01 -8.278673e+01
    endloop
  endfacet
  facet normal -1.027966e-01 9.208471e-01 3.761295e-01
    outer loop
      vertex   2.246759e+02 3.556705e+01 -8.273957e+01
      vertex   2.246853e+02 3.558737e+01 -8.278673e+01
      vertex   2.244023e+02 3.556761e+01 -8.281570e+01
    endloop
  endfacet
  facet normal -1.027966e-01 9.208471e-01 3.761295e-01
    outer loop
      vertex   2.244023e+02 3.556761e+01 -8.281570e+01
      vertex   2.246853e+02 3.558737e+01 -8.278673e+01
      vertex   2.244187e+02 3.558791e+01 -8.286093e+01
    endloop
  endfacet
  facet normal -1.567273e-01 9.209886e-01 3.566743e-01
    outer loop
      vertex   2.244023e+02 3.556761e+01 -8.281570e+01
      vertex   2.244187e+02 3.558791e+01 -8.286093e+01
      vertex   2.241432e+02 3.556845e+01 -8.293176e+01
    endloop
  endfacet
  facet normal -1.567273e-01 9.209886e-01 3.566743e-01
    outer loop
      vertex   2.241432e+02 3.556845e+01 -8.293176e+01
      vertex   2.244187e+02 3.558791e+01 -8.286093e+01
      vertex   2.241661e+02 3.558873e+01 -8.297404e+01
    endloop
  endfacet
  facet normal -2.071559e-01 9.211856e-01 3.293988e-01
    outer loop
      vertex   2.241432e+02 3.556845e+01 -8.293176e+01
      vertex   2.241661e+02 3.558873e+01 -8.297404e+01
      vertex   2.239042e+02 3.556955e+01 -8.308514e+01
    endloop
  endfacet
  facet normal -2.071559e-01 9.211856e-01 3.293988e-01
    outer loop
      vertex   2.239042e+02 3.556955e+01 -8.308514e+01
      vertex   2.241661e+02 3.558873e+01 -8.297404e+01
      vertex   2.239332e+02 3.558981e+01 -8.312353e+01
    endloop
  endfacet
  facet normal -2.529560e-01 9.214338e-01 2.949120e-01
    outer loop
      vertex   2.239042e+02 3.556955e+01 -8.308514e+01
      vertex   2.239332e+02 3.558981e+01 -8.312353e+01
      vertex   2.236907e+02 3.557090e+01 -8.327243e+01
    endloop
  endfacet
  facet normal -2.529560e-01 9.214338e-01 2.949120e-01
    outer loop
      vertex   2.236907e+02 3.557090e+01 -8.327243e+01
      vertex   2.239332e+02 3.558981e+01 -8.312353e+01
      vertex   2.237252e+02 3.559112e+01 -8.330607e+01
    endloop
  endfacet
  facet normal -2.931044e-01 9.217276e-01 2.539844e-01
    outer loop
      vertex   2.236907e+02 3.557090e+01 -8.327243e+01
      vertex   2.237252e+02 3.559112e+01 -8.330607e+01
      vertex   2.235076e+02 3.557246e+01 -8.348944e+01
    endloop
  endfacet
  facet normal -2.931044e-01 9.217276e-01 2.539844e-01
    outer loop
      vertex   2.235076e+02 3.557246e+01 -8.348944e+01
      vertex   2.237252e+02 3.559112e+01 -8.330607e+01
      vertex   2.235467e+02 3.559264e+01 -8.351757e+01
    endloop
  endfacet
  facet normal -3.267042e-01 9.220605e-01 2.075304e-01
    outer loop
      vertex   2.235076e+02 3.557246e+01 -8.348944e+01
      vertex   2.235467e+02 3.559264e+01 -8.351757e+01
      vertex   2.233588e+02 3.557419e+01 -8.373133e+01
    endloop
  endfacet
  facet normal -3.267042e-01 9.220605e-01 2.075304e-01
    outer loop
      vertex   2.233588e+02 3.557419e+01 -8.373133e+01
      vertex   2.235467e+02 3.559264e+01 -8.351757e+01
      vertex   2.234017e+02 3.559432e+01 -8.375331e+01
    endloop
  endfacet
  facet normal -3.530050e-01 9.224250e-01 1.565875e-01
    outer loop
      vertex   2.233588e+02 3.557419e+01 -8.373133e+01
      vertex   2.234017e+02 3.559432e+01 -8.375331e+01
      vertex   2.232478e+02 3.557606e+01 -8.399268e+01
    endloop
  endfacet
  facet normal -3.530050e-01 9.224250e-01 1.565875e-01
    outer loop
      vertex   2.232478e+02 3.557606e+01 -8.399268e+01
      vertex   2.234017e+02 3.559432e+01 -8.375331e+01
      vertex   2.232934e+02 3.559615e+01 -8.400803e+01
    endloop
  endfacet
  facet normal -3.714192e-01 9.228130e-01 1.022937e-01
    outer loop
      vertex   2.232478e+02 3.557606e+01 -8.399268e+01
      vertex   2.232934e+02 3.559615e+01 -8.400803e+01
      vertex   2.231769e+02 3.557802e+01 -8.426767e+01
    endloop
  endfacet
  facet normal -3.714192e-01 9.228130e-01 1.022937e-01
    outer loop
      vertex   2.231769e+02 3.557802e+01 -8.426767e+01
      vertex   2.232934e+02 3.559615e+01 -8.400803e+01
      vertex   2.232244e+02 3.559806e+01 -8.427604e+01
    endloop
  endfacet
  facet normal 1.307916e-01 9.913217e-01 1.321953e-02
    outer loop
      vertex   2.268981e+02 3.560057e+01 -8.465420e+01
      vertex   2.268464e+02 3.560738e+01 -8.465271e+01
      vertex   2.268851e+02 3.559860e+01 -8.437775e+01
    endloop
  endfacet
  facet normal 1.282763e-01 9.916454e-01 1.358419e-02
    outer loop
      vertex   2.268851e+02 3.559860e+01 -8.437775e+01
      vertex   2.268464e+02 3.560738e+01 -8.465271e+01
      vertex   2.268321e+02 3.560537e+01 -8.437063e+01
    endloop
  endfacet
  facet normal 1.307938e-01 9.908566e-01 3.310794e-02
    outer loop
      vertex   2.268851e+02 3.559860e+01 -8.437775e+01
      vertex   2.268321e+02 3.560537e+01 -8.437063e+01
      vertex   2.268311e+02 3.559667e+01 -8.410632e+01
    endloop
  endfacet
  facet normal 1.235286e-01 9.917885e-01 3.311106e-02
    outer loop
      vertex   2.268311e+02 3.559667e+01 -8.410632e+01
      vertex   2.268321e+02 3.560537e+01 -8.437063e+01
      vertex   2.267738e+02 3.560340e+01 -8.409426e+01
    endloop
  endfacet
  facet normal 1.275664e-01 9.904095e-01 5.306350e-02
    outer loop
      vertex   2.268311e+02 3.559667e+01 -8.410632e+01
      vertex   2.267738e+02 3.560340e+01 -8.409426e+01
      vertex   2.267371e+02 3.559481e+01 -8.384599e+01
    endloop
  endfacet
  facet normal 1.161677e-01 9.918970e-01 5.143286e-02
    outer loop
      vertex   2.267371e+02 3.559481e+01 -8.384599e+01
      vertex   2.267738e+02 3.560340e+01 -8.409426e+01
      vertex   2.266730e+02 3.560152e+01 -8.383042e+01
    endloop
  endfacet
  facet normal 1.210865e-01 9.899889e-01 7.252639e-02
    outer loop
      vertex   2.267371e+02 3.559481e+01 -8.384599e+01
      vertex   2.266730e+02 3.560152e+01 -8.383042e+01
      vertex   2.266055e+02 3.559309e+01 -8.360256e+01
    endloop
  endfacet
  facet normal 1.064031e-01 9.919780e-01 6.824975e-02
    outer loop
      vertex   2.266055e+02 3.559309e+01 -8.360256e+01
      vertex   2.266730e+02 3.560152e+01 -8.383042e+01
      vertex   2.265321e+02 3.559978e+01 -8.358559e+01
    endloop
  endfacet
  facet normal 1.114348e-01 9.896030e-01 9.092993e-02
    outer loop
      vertex   2.266055e+02 3.559309e+01 -8.360256e+01
      vertex   2.265321e+02 3.559978e+01 -8.358559e+01
      vertex   2.264390e+02 3.559152e+01 -8.338147e+01
    endloop
  endfacet
  facet normal 9.447513e-02 9.920371e-01 8.328828e-02
    outer loop
      vertex   2.264390e+02 3.559152e+01 -8.338147e+01
      vertex   2.265321e+02 3.559978e+01 -8.358559e+01
      vertex   2.263547e+02 3.559823e+01 -8.336580e+01
    endloop
  endfacet
  facet normal 9.879781e-02 9.892599e-01 1.077214e-01
    outer loop
      vertex   2.264390e+02 3.559152e+01 -8.338147e+01
      vertex   2.263547e+02 3.559823e+01 -8.336580e+01
      vertex   2.262414e+02 3.559015e+01 -8.318766e+01
    endloop
  endfacet
  facet normal 8.065222e-02 9.920789e-01 9.630501e-02
    outer loop
      vertex   2.262414e+02 3.559015e+01 -8.318766e+01
      vertex   2.263547e+02 3.559823e+01 -8.336580e+01
      vertex   2.261451e+02 3.559689e+01 -8.317647e+01
    endloop
  endfacet
  facet normal 8.346551e-02 9.889671e-01 1.223832e-01
    outer loop
      vertex   2.262414e+02 3.559015e+01 -8.318766e+01
      vertex   2.261451e+02 3.559689e+01 -8.317647e+01
      vertex   2.260172e+02 3.558900e+01 -8.302547e+01
    endloop
  endfacet
  facet normal 6.522810e-02 9.921074e-01 1.070898e-01
    outer loop
      vertex   2.260172e+02 3.558900e+01 -8.302547e+01
      vertex   2.261451e+02 3.559689e+01 -8.317647e+01
      vertex   2.259085e+02 3.559580e+01 -8.302226e+01
    endloop
  endfacet
  facet normal 6.582398e-02 9.887311e-01 1.344543e-01
    outer loop
      vertex   2.260172e+02 3.558900e+01 -8.302547e+01
      vertex   2.259085e+02 3.559580e+01 -8.302226e+01
      vertex   2.257712e+02 3.558811e+01 -8.289851e+01
    endloop
  endfacet
  facet normal 4.851792e-02 9.921255e-01 1.154689e-01
    outer loop
      vertex   2.257712e+02 3.558811e+01 -8.289851e+01
      vertex   2.259085e+02 3.559580e+01 -8.302226e+01
      vertex   2.256507e+02 3.559499e+01 -8.290697e+01
    endloop
  endfacet
  facet normal 4.634364e-02 9.885575e-01 1.435489e-01
    outer loop
      vertex   2.257712e+02 3.558811e+01 -8.289851e+01
      vertex   2.256507e+02 3.559499e+01 -8.290697e+01
      vertex   2.255091e+02 3.558749e+01 -8.280962e+01
    endloop
  endfacet
  facet normal 3.085432e-02 9.921354e-01 1.213072e-01
    outer loop
      vertex   2.255091e+02 3.558749e+01 -8.280962e+01
      vertex   2.256507e+02 3.559499e+01 -8.290697e+01
      vertex   2.253779e+02 3.559448e+01 -8.283343e+01
    endloop
  endfacet
  facet normal 2.556325e-02 9.884504e-01 1.493733e-01
    outer loop
      vertex   2.255091e+02 3.558749e+01 -8.280962e+01
      vertex   2.253779e+02 3.559448e+01 -8.283343e+01
      vertex   2.252367e+02 3.558715e+01 -8.276079e+01
    endloop
  endfacet
  facet normal 1.258296e-02 9.921386e-01 1.245099e-01
    outer loop
      vertex   2.252367e+02 3.558715e+01 -8.276079e+01
      vertex   2.253779e+02 3.559448e+01 -8.283343e+01
      vertex   2.250971e+02 3.559428e+01 -8.280346e+01
    endloop
  endfacet
  facet normal 4.070375e-03 9.884122e-01 1.517390e-01
    outer loop
      vertex   2.252367e+02 3.558715e+01 -8.276079e+01
      vertex   2.250971e+02 3.559428e+01 -8.280346e+01
      vertex   2.249601e+02 3.558711e+01 -8.275310e+01
    endloop
  endfacet
  facet normal -5.942071e-03 9.921358e-01 1.250246e-01
    outer loop
      vertex   2.249601e+02 3.558711e+01 -8.275310e+01
      vertex   2.250971e+02 3.559428e+01 -8.280346e+01
      vertex   2.248150e+02 3.559440e+01 -8.281779e+01
    endloop
  endfacet
  facet normal -1.752070e-02 9.884440e-01 1.505704e-01
    outer loop
      vertex   2.249601e+02 3.558711e+01 -8.275310e+01
      vertex   2.248150e+02 3.559440e+01 -8.281779e+01
      vertex   2.246853e+02 3.558737e+01 -8.278673e+01
    endloop
  endfacet
  facet normal -2.436308e-02 9.921272e-01 1.228413e-01
    outer loop
      vertex   2.246853e+02 3.558737e+01 -8.278673e+01
      vertex   2.248150e+02 3.559440e+01 -8.281779e+01
      vertex   2.245386e+02 3.559483e+01 -8.287607e+01
    endloop
  endfacet
  facet normal -3.859247e-02 9.885450e-01 1.459088e-01
    outer loop
      vertex   2.246853e+02 3.558737e+01 -8.278673e+01
      vertex   2.245386e+02 3.559483e+01 -8.287607e+01
      vertex   2.244187e+02 3.558791e+01 -8.286093e+01
    endloop
  endfacet
  facet normal -4.232359e-02 9.921121e-01 1.179929e-01
    outer loop
      vertex   2.244187e+02 3.558791e+01 -8.286093e+01
      vertex   2.245386e+02 3.559483e+01 -8.287607e+01
      vertex   2.242748e+02 3.559556e+01 -8.297687e+01
    endloop
  endfacet
  facet normal -5.854778e-02 9.887128e-01 1.379099e-01
    outer loop
      vertex   2.244187e+02 3.558791e+01 -8.286093e+01
      vertex   2.242748e+02 3.559556e+01 -8.297687e+01
      vertex   2.241661e+02 3.558873e+01 -8.297404e+01
    endloop
  endfacet
  facet normal -5.947323e-02 9.920890e-01 1.105546e-01
    outer loop
      vertex   2.241661e+02 3.558873e+01 -8.297404e+01
      vertex   2.242748e+02 3.559556e+01 -8.297687e+01
      vertex   2.240299e+02 3.559658e+01 -8.311770e+01
    endloop
  endfacet
  facet normal -7.683242e-02 9.889435e-01 1.268370e-01
    outer loop
      vertex   2.241661e+02 3.558873e+01 -8.297404e+01
      vertex   2.240299e+02 3.559658e+01 -8.311770e+01
      vertex   2.239332e+02 3.558981e+01 -8.312353e+01
    endloop
  endfacet
  facet normal -7.547238e-02 9.920559e-01 1.006428e-01
    outer loop
      vertex   2.239332e+02 3.558981e+01 -8.312353e+01
      vertex   2.240299e+02 3.559658e+01 -8.311770e+01
      vertex   2.238101e+02 3.559785e+01 -8.329510e+01
    endloop
  endfacet
  facet normal -9.295525e-02 9.892316e-01 1.130490e-01
    outer loop
      vertex   2.239332e+02 3.558981e+01 -8.312353e+01
      vertex   2.238101e+02 3.559785e+01 -8.329510e+01
      vertex   2.237252e+02 3.559112e+01 -8.330607e+01
    endloop
  endfacet
  facet normal -8.999671e-02 9.920099e-01 8.841365e-02
    outer loop
      vertex   2.237252e+02 3.559112e+01 -8.330607e+01
      vertex   2.238101e+02 3.559785e+01 -8.329510e+01
      vertex   2.236208e+02 3.559936e+01 -8.350470e+01
    endloop
  endfacet
  facet normal -1.065052e-01 9.895709e-01 9.698517e-02
    outer loop
      vertex   2.237252e+02 3.559112e+01 -8.330607e+01
      vertex   2.236208e+02 3.559936e+01 -8.350470e+01
      vertex   2.235467e+02 3.559264e+01 -8.351757e+01
    endloop
  endfacet
  facet normal -1.027413e-01 9.919472e-01 7.406062e-02
    outer loop
      vertex   2.235467e+02 3.559264e+01 -8.351757e+01
      vertex   2.236208e+02 3.559936e+01 -8.350470e+01
      vertex   2.234666e+02 3.560105e+01 -8.374133e+01
    endloop
  endfacet
  facet normal -1.171640e-01 9.899538e-01 7.914594e-02
    outer loop
      vertex   2.235467e+02 3.559264e+01 -8.351757e+01
      vertex   2.234666e+02 3.560105e+01 -8.374133e+01
      vertex   2.234017e+02 3.559432e+01 -8.375331e+01
    endloop
  endfacet
  facet normal -1.134246e-01 9.918632e-01 5.781185e-02
    outer loop
      vertex   2.234017e+02 3.559432e+01 -8.375331e+01
      vertex   2.234666e+02 3.560105e+01 -8.374133e+01
      vertex   2.233513e+02 3.560289e+01 -8.399917e+01
    endloop
  endfacet
  facet normal -1.247147e-01 9.903724e-01 6.007289e-02
    outer loop
      vertex   2.234017e+02 3.559432e+01 -8.375331e+01
      vertex   2.233513e+02 3.560289e+01 -8.399917e+01
      vertex   2.232934e+02 3.559615e+01 -8.400803e+01
    endloop
  endfacet
  facet normal -1.217914e-01 9.917523e-01 3.992704e-02
    outer loop
      vertex   2.232934e+02 3.559615e+01 -8.400803e+01
      vertex   2.233513e+02 3.560289e+01 -8.399917e+01
      vertex   2.232778e+02 3.560484e+01 -8.427188e+01
    endloop
  endfacet
  facet normal -1.290453e-01 9.908184e-01 4.032731e-02
    outer loop
      vertex   2.232934e+02 3.559615e+01 -8.400803e+01
      vertex   2.232778e+02 3.560484e+01 -8.427188e+01
      vertex   2.232244e+02 3.559806e+01 -8.427604e+01
    endloop
  endfacet
  facet normal -1.304255e-01 9.914005e-01 1.069288e-02
    outer loop
      vertex   2.222240e+02 3.584948e+01 -1.195369e+02
      vertex   2.222553e+02 3.584143e+01 -1.184084e+02
      vertex   2.222757e+02 3.585630e+01 -1.195383e+02
    endloop
  endfacet
  facet normal -1.304255e-01 9.914005e-01 1.069288e-02
    outer loop
      vertex   2.222757e+02 3.585630e+01 -1.195383e+02
      vertex   2.222553e+02 3.584143e+01 -1.184084e+02
      vertex   2.222867e+02 3.583339e+01 -1.172798e+02
    endloop
  endfacet
  facet normal -1.304255e-01 9.914005e-01 1.069288e-02
    outer loop
      vertex   2.222757e+02 3.585630e+01 -1.195383e+02
      vertex   2.222867e+02 3.583339e+01 -1.172798e+02
      vertex   2.223180e+02 3.582534e+01 -1.161512e+02
    endloop
  endfacet
  facet normal -3.824889e-01 9.237997e-01 1.721447e-02
    outer loop
      vertex   2.223180e+02 3.582534e+01 -1.161512e+02
      vertex   2.222867e+02 3.583339e+01 -1.172798e+02
      vertex   2.222698e+02 3.580535e+01 -1.161500e+02
    endloop
  endfacet
  facet normal -3.824889e-01 9.237997e-01 1.721447e-02
    outer loop
      vertex   2.223180e+02 3.582534e+01 -1.161512e+02
      vertex   2.222698e+02 3.580535e+01 -1.161500e+02
      vertex   2.223012e+02 3.579731e+01 -1.150215e+02
    endloop
  endfacet
  facet normal -6.084863e-01 7.932436e-01 2.256291e-02
    outer loop
      vertex   2.223012e+02 3.579731e+01 -1.150215e+02
      vertex   2.222698e+02 3.580535e+01 -1.161500e+02
      vertex   2.222598e+02 3.576552e+01 -1.150206e+02
    endloop
  endfacet
  facet normal -6.084863e-01 7.932436e-01 2.256291e-02
    outer loop
      vertex   2.223012e+02 3.579731e+01 -1.150215e+02
      vertex   2.222598e+02 3.576552e+01 -1.150206e+02
      vertex   2.222911e+02 3.575747e+01 -1.138920e+02
    endloop
  endfacet
  facet normal -7.930164e-01 6.086292e-01 2.637373e-02
    outer loop
      vertex   2.222911e+02 3.575747e+01 -1.138920e+02
      vertex   2.222598e+02 3.576552e+01 -1.150206e+02
      vertex   2.222594e+02 3.571605e+01 -1.138914e+02
    endloop
  endfacet
  facet normal -7.930164e-01 6.086292e-01 2.637373e-02
    outer loop
      vertex   2.222911e+02 3.575747e+01 -1.138920e+02
      vertex   2.222594e+02 3.571605e+01 -1.138914e+02
      vertex   2.222907e+02 3.570800e+01 -1.127628e+02
    endloop
  endfacet
  facet normal -9.235037e-01 3.825377e-01 2.838723e-02
    outer loop
      vertex   2.222907e+02 3.570800e+01 -1.127628e+02
      vertex   2.222594e+02 3.571605e+01 -1.138914e+02
      vertex   2.222707e+02 3.565976e+01 -1.127626e+02
    endloop
  endfacet
  facet normal -9.235037e-01 3.825377e-01 2.838723e-02
    outer loop
      vertex   2.222907e+02 3.570800e+01 -1.127628e+02
      vertex   2.222707e+02 3.565976e+01 -1.127626e+02
      vertex   2.223021e+02 3.565171e+01 -1.116341e+02
    endloop
  endfacet
  facet normal -9.910558e-01 1.303769e-01 2.846618e-02
    outer loop
      vertex   2.223021e+02 3.565171e+01 -1.116341e+02
      vertex   2.222707e+02 3.565976e+01 -1.127626e+02
      vertex   2.220758e+02 3.565628e+01 -1.195342e+02
    endloop
  endfacet
  facet normal -9.910558e-01 1.303769e-01 2.846618e-02
    outer loop
      vertex   2.223021e+02 3.565171e+01 -1.116341e+02
      vertex   2.220758e+02 3.565628e+01 -1.195342e+02
      vertex   2.223335e+02 3.564367e+01 -1.105055e+02
    endloop
  endfacet
  facet normal -9.910558e-01 1.303769e-01 2.846618e-02
    outer loop
      vertex   2.223335e+02 3.564367e+01 -1.105055e+02
      vertex   2.220758e+02 3.565628e+01 -1.195342e+02
      vertex   2.223648e+02 3.563562e+01 -1.093769e+02
    endloop
  endfacet
  facet normal -9.235037e-01 3.825377e-01 2.838723e-02
    outer loop
      vertex   2.223335e+02 3.564367e+01 -1.105055e+02
      vertex   2.223648e+02 3.563562e+01 -1.093769e+02
      vertex   2.223534e+02 3.569190e+01 -1.105057e+02
    endloop
  endfacet
  facet normal -9.235037e-01 3.825377e-01 2.838723e-02
    outer loop
      vertex   2.223534e+02 3.569190e+01 -1.105057e+02
      vertex   2.223648e+02 3.563562e+01 -1.093769e+02
      vertex   2.223848e+02 3.568386e+01 -1.093771e+02
    endloop
  endfacet
  facet normal -7.930164e-01 6.086292e-01 2.637373e-02
    outer loop
      vertex   2.223534e+02 3.569190e+01 -1.105057e+02
      vertex   2.223848e+02 3.568386e+01 -1.093771e+02
      vertex   2.223852e+02 3.573333e+01 -1.105063e+02
    endloop
  endfacet
  facet normal -7.930164e-01 6.086292e-01 2.637373e-02
    outer loop
      vertex   2.223852e+02 3.573333e+01 -1.105063e+02
      vertex   2.223848e+02 3.568386e+01 -1.093771e+02
      vertex   2.224166e+02 3.572528e+01 -1.093777e+02
    endloop
  endfacet
  facet normal -6.084863e-01 7.932436e-01 2.256291e-02
    outer loop
      vertex   2.223852e+02 3.573333e+01 -1.105063e+02
      vertex   2.224166e+02 3.572528e+01 -1.093777e+02
      vertex   2.224266e+02 3.576512e+01 -1.105072e+02
    endloop
  endfacet
  facet normal -6.084863e-01 7.932436e-01 2.256291e-02
    outer loop
      vertex   2.224266e+02 3.576512e+01 -1.105072e+02
      vertex   2.224166e+02 3.572528e+01 -1.093777e+02
      vertex   2.224580e+02 3.575707e+01 -1.093786e+02
    endloop
  endfacet
  facet normal -3.824889e-01 9.237997e-01 1.721447e-02
    outer loop
      vertex   2.224266e+02 3.576512e+01 -1.105072e+02
      vertex   2.224580e+02 3.575707e+01 -1.093786e+02
      vertex   2.224748e+02 3.578511e+01 -1.105084e+02
    endloop
  endfacet
  facet normal -3.824889e-01 9.237997e-01 1.721447e-02
    outer loop
      vertex   2.224748e+02 3.578511e+01 -1.105084e+02
      vertex   2.224580e+02 3.575707e+01 -1.093786e+02
      vertex   2.225062e+02 3.577706e+01 -1.093798e+02
    endloop
  endfacet
  facet normal -1.304255e-01 9.914005e-01 1.069288e-02
    outer loop
      vertex   2.224748e+02 3.578511e+01 -1.105084e+02
      vertex   2.225062e+02 3.577706e+01 -1.093798e+02
      vertex   2.222757e+02 3.585630e+01 -1.195383e+02
    endloop
  endfacet
  facet normal -1.304255e-01 9.914005e-01 1.069288e-02
    outer loop
      vertex   2.222757e+02 3.585630e+01 -1.195383e+02
      vertex   2.225062e+02 3.577706e+01 -1.093798e+02
      vertex   2.225375e+02 3.576901e+01 -1.082513e+02
    endloop
  endfacet
  facet normal -1.304255e-01 9.914005e-01 1.069288e-02
    outer loop
      vertex   2.222757e+02 3.585630e+01 -1.195383e+02
      vertex   2.225375e+02 3.576901e+01 -1.082513e+02
      vertex   2.225689e+02 3.576096e+01 -1.071227e+02
    endloop
  endfacet
  facet normal -3.824889e-01 9.237997e-01 1.721447e-02
    outer loop
      vertex   2.225689e+02 3.576096e+01 -1.071227e+02
      vertex   2.225375e+02 3.576901e+01 -1.082513e+02
      vertex   2.225207e+02 3.574098e+01 -1.071215e+02
    endloop
  endfacet
  facet normal -3.824889e-01 9.237997e-01 1.721447e-02
    outer loop
      vertex   2.225689e+02 3.576096e+01 -1.071227e+02
      vertex   2.225207e+02 3.574098e+01 -1.071215e+02
      vertex   2.225520e+02 3.573293e+01 -1.059929e+02
    endloop
  endfacet
  facet normal -6.084863e-01 7.932436e-01 2.256291e-02
    outer loop
      vertex   2.225520e+02 3.573293e+01 -1.059929e+02
      vertex   2.225207e+02 3.574098e+01 -1.071215e+02
      vertex   2.225106e+02 3.570114e+01 -1.059920e+02
    endloop
  endfacet
  facet normal -6.084863e-01 7.932436e-01 2.256291e-02
    outer loop
      vertex   2.225520e+02 3.573293e+01 -1.059929e+02
      vertex   2.225106e+02 3.570114e+01 -1.059920e+02
      vertex   2.225420e+02 3.569309e+01 -1.048634e+02
    endloop
  endfacet
  facet normal -7.930164e-01 6.086292e-01 2.637373e-02
    outer loop
      vertex   2.225420e+02 3.569309e+01 -1.048634e+02
      vertex   2.225106e+02 3.570114e+01 -1.059920e+02
      vertex   2.225102e+02 3.565167e+01 -1.048629e+02
    endloop
  endfacet
  facet normal -7.930164e-01 6.086292e-01 2.637373e-02
    outer loop
      vertex   2.225420e+02 3.569309e+01 -1.048634e+02
      vertex   2.225102e+02 3.565167e+01 -1.048629e+02
      vertex   2.225416e+02 3.564362e+01 -1.037343e+02
    endloop
  endfacet
  facet normal -9.235037e-01 3.825377e-01 2.838723e-02
    outer loop
      vertex   2.225416e+02 3.564362e+01 -1.037343e+02
      vertex   2.225102e+02 3.565167e+01 -1.048629e+02
      vertex   2.225216e+02 3.559538e+01 -1.037341e+02
    endloop
  endfacet
  facet normal -9.235037e-01 3.825377e-01 2.838723e-02
    outer loop
      vertex   2.225416e+02 3.564362e+01 -1.037343e+02
      vertex   2.225216e+02 3.559538e+01 -1.037341e+02
      vertex   2.225530e+02 3.558734e+01 -1.026055e+02
    endloop
  endfacet
  facet normal -9.910558e-01 1.303769e-01 2.846618e-02
    outer loop
      vertex   2.225530e+02 3.558734e+01 -1.026055e+02
      vertex   2.225216e+02 3.559538e+01 -1.037341e+02
      vertex   2.220758e+02 3.565628e+01 -1.195342e+02
    endloop
  endfacet
  facet normal -9.910558e-01 1.303769e-01 2.846618e-02
    outer loop
      vertex   2.225530e+02 3.558734e+01 -1.026055e+02
      vertex   2.220758e+02 3.565628e+01 -1.195342e+02
      vertex   2.230479e+02 3.540682e+01 -8.454860e+01
    endloop
  endfacet
  facet normal -3.824889e-01 9.237997e-01 1.721447e-02
    outer loop
      vertex   2.222553e+02 3.584143e+01 -1.184084e+02
      vertex   2.222240e+02 3.584948e+01 -1.195369e+02
      vertex   2.222071e+02 3.582145e+01 -1.184072e+02
    endloop
  endfacet
  facet normal -3.824889e-01 9.237997e-01 1.721447e-02
    outer loop
      vertex   2.222071e+02 3.582145e+01 -1.184072e+02
      vertex   2.222240e+02 3.584948e+01 -1.195369e+02
      vertex   2.221757e+02 3.582950e+01 -1.195358e+02
    endloop
  endfacet
  facet normal -6.084863e-01 7.932436e-01 2.256291e-02
    outer loop
      vertex   2.222071e+02 3.582145e+01 -1.184072e+02
      vertex   2.221757e+02 3.582950e+01 -1.195358e+02
      vertex   2.221657e+02 3.578966e+01 -1.184063e+02
    endloop
  endfacet
  facet normal -6.084863e-01 7.932436e-01 2.256291e-02
    outer loop
      vertex   2.221657e+02 3.578966e+01 -1.184063e+02
      vertex   2.221757e+02 3.582950e+01 -1.195358e+02
      vertex   2.221343e+02 3.579771e+01 -1.195348e+02
    endloop
  endfacet
  facet normal -7.930164e-01 6.086292e-01 2.637373e-02
    outer loop
      vertex   2.221657e+02 3.578966e+01 -1.184063e+02
      vertex   2.221343e+02 3.579771e+01 -1.195348e+02
      vertex   2.221339e+02 3.574823e+01 -1.184057e+02
    endloop
  endfacet
  facet normal -7.930164e-01 6.086292e-01 2.637373e-02
    outer loop
      vertex   2.221339e+02 3.574823e+01 -1.184057e+02
      vertex   2.221343e+02 3.579771e+01 -1.195348e+02
      vertex   2.221026e+02 3.575628e+01 -1.195342e+02
    endloop
  endfacet
  facet normal -9.235037e-01 3.825377e-01 2.838723e-02
    outer loop
      vertex   2.221339e+02 3.574823e+01 -1.184057e+02
      vertex   2.221026e+02 3.575628e+01 -1.195342e+02
      vertex   2.221139e+02 3.570000e+01 -1.184055e+02
    endloop
  endfacet
  facet normal -9.235037e-01 3.825377e-01 2.838723e-02
    outer loop
      vertex   2.221139e+02 3.570000e+01 -1.184055e+02
      vertex   2.221026e+02 3.575628e+01 -1.195342e+02
      vertex   2.220826e+02 3.570804e+01 -1.195340e+02
    endloop
  endfacet
  facet normal -9.910558e-01 1.303769e-01 2.846618e-02
    outer loop
      vertex   2.221139e+02 3.570000e+01 -1.184055e+02
      vertex   2.220826e+02 3.570804e+01 -1.195340e+02
      vertex   2.220758e+02 3.565628e+01 -1.195342e+02
    endloop
  endfacet
  facet normal -9.910558e-01 1.303769e-01 2.846618e-02
    outer loop
      vertex   2.230547e+02 3.545858e+01 -8.454842e+01
      vertex   2.230233e+02 3.546663e+01 -8.567699e+01
      vertex   2.230479e+02 3.540682e+01 -8.454860e+01
    endloop
  endfacet
  facet normal -9.910558e-01 1.303769e-01 2.846618e-02
    outer loop
      vertex   2.230479e+02 3.540682e+01 -8.454860e+01
      vertex   2.230233e+02 3.546663e+01 -8.567699e+01
      vertex   2.229920e+02 3.547468e+01 -8.680556e+01
    endloop
  endfacet
  facet normal -9.910558e-01 1.303769e-01 2.846618e-02
    outer loop
      vertex   2.230479e+02 3.540682e+01 -8.454860e+01
      vertex   2.229920e+02 3.547468e+01 -8.680556e+01
      vertex   2.229606e+02 3.548273e+01 -8.793412e+01
    endloop
  endfacet
  facet normal -9.235037e-01 3.825377e-01 2.838723e-02
    outer loop
      vertex   2.229606e+02 3.548273e+01 -8.793412e+01
      vertex   2.229920e+02 3.547468e+01 -8.680556e+01
      vertex   2.229806e+02 3.553096e+01 -8.793434e+01
    endloop
  endfacet
  facet normal -9.235037e-01 3.825377e-01 2.838723e-02
    outer loop
      vertex   2.229606e+02 3.548273e+01 -8.793412e+01
      vertex   2.229806e+02 3.553096e+01 -8.793434e+01
      vertex   2.229492e+02 3.553901e+01 -8.906290e+01
    endloop
  endfacet
  facet normal -7.930164e-01 6.086292e-01 2.637373e-02
    outer loop
      vertex   2.229492e+02 3.553901e+01 -8.906290e+01
      vertex   2.229806e+02 3.553096e+01 -8.793434e+01
      vertex   2.229810e+02 3.558044e+01 -8.906349e+01
    endloop
  endfacet
  facet normal -7.930164e-01 6.086292e-01 2.637373e-02
    outer loop
      vertex   2.229492e+02 3.553901e+01 -8.906290e+01
      vertex   2.229810e+02 3.558044e+01 -8.906349e+01
      vertex   2.229496e+02 3.558848e+01 -9.019206e+01
    endloop
  endfacet
  facet normal -6.084863e-01 7.932436e-01 2.256291e-02
    outer loop
      vertex   2.229496e+02 3.558848e+01 -9.019206e+01
      vertex   2.229810e+02 3.558044e+01 -8.906349e+01
      vertex   2.229910e+02 3.562027e+01 -9.019298e+01
    endloop
  endfacet
  facet normal -6.084863e-01 7.932436e-01 2.256291e-02
    outer loop
      vertex   2.229496e+02 3.558848e+01 -9.019206e+01
      vertex   2.229910e+02 3.562027e+01 -9.019298e+01
      vertex   2.229597e+02 3.562832e+01 -9.132155e+01
    endloop
  endfacet
  facet normal -3.824889e-01 9.237997e-01 1.721447e-02
    outer loop
      vertex   2.229597e+02 3.562832e+01 -9.132155e+01
      vertex   2.229910e+02 3.562027e+01 -9.019298e+01
      vertex   2.230079e+02 3.564831e+01 -9.132275e+01
    endloop
  endfacet
  facet normal -3.824889e-01 9.237997e-01 1.721447e-02
    outer loop
      vertex   2.229597e+02 3.562832e+01 -9.132155e+01
      vertex   2.230079e+02 3.564831e+01 -9.132275e+01
      vertex   2.229765e+02 3.565635e+01 -9.245132e+01
    endloop
  endfacet
  facet normal -1.304255e-01 9.914005e-01 1.069288e-02
    outer loop
      vertex   2.229765e+02 3.565635e+01 -9.245132e+01
      vertex   2.230079e+02 3.564831e+01 -9.132275e+01
      vertex   2.232478e+02 3.560685e+01 -8.455273e+01
    endloop
  endfacet
  facet normal -1.304255e-01 9.914005e-01 1.069288e-02
    outer loop
      vertex   2.229765e+02 3.565635e+01 -9.245132e+01
      vertex   2.232478e+02 3.560685e+01 -8.455273e+01
      vertex   2.229452e+02 3.566440e+01 -9.357988e+01
    endloop
  endfacet
  facet normal -1.304255e-01 9.914005e-01 1.069288e-02
    outer loop
      vertex   2.229452e+02 3.566440e+01 -9.357988e+01
      vertex   2.232478e+02 3.560685e+01 -8.455273e+01
      vertex   2.229138e+02 3.567245e+01 -9.470845e+01
    endloop
  endfacet
  facet normal -3.824889e-01 9.237997e-01 1.721447e-02
    outer loop
      vertex   2.229452e+02 3.566440e+01 -9.357988e+01
      vertex   2.229138e+02 3.567245e+01 -9.470845e+01
      vertex   2.228970e+02 3.564441e+01 -9.357869e+01
    endloop
  endfacet
  facet normal -3.824889e-01 9.237997e-01 1.721447e-02
    outer loop
      vertex   2.228970e+02 3.564441e+01 -9.357869e+01
      vertex   2.229138e+02 3.567245e+01 -9.470845e+01
      vertex   2.228656e+02 3.565246e+01 -9.470726e+01
    endloop
  endfacet
  facet normal -6.084863e-01 7.932436e-01 2.256291e-02
    outer loop
      vertex   2.228970e+02 3.564441e+01 -9.357869e+01
      vertex   2.228656e+02 3.565246e+01 -9.470726e+01
      vertex   2.228556e+02 3.561262e+01 -9.357776e+01
    endloop
  endfacet
  facet normal -6.084863e-01 7.932436e-01 2.256291e-02
    outer loop
      vertex   2.228556e+02 3.561262e+01 -9.357776e+01
      vertex   2.228656e+02 3.565246e+01 -9.470726e+01
      vertex   2.228242e+02 3.562067e+01 -9.470633e+01
    endloop
  endfacet
  facet normal -7.930164e-01 6.086292e-01 2.637373e-02
    outer loop
      vertex   2.228556e+02 3.561262e+01 -9.357776e+01
      vertex   2.228242e+02 3.562067e+01 -9.470633e+01
      vertex   2.228238e+02 3.557120e+01 -9.357718e+01
    endloop
  endfacet
  facet normal -7.930164e-01 6.086292e-01 2.637373e-02
    outer loop
      vertex   2.228238e+02 3.557120e+01 -9.357718e+01
      vertex   2.228242e+02 3.562067e+01 -9.470633e+01
      vertex   2.227924e+02 3.557925e+01 -9.470574e+01
    endloop
  endfacet
  facet normal -9.235037e-01 3.825377e-01 2.838723e-02
    outer loop
      vertex   2.228238e+02 3.557120e+01 -9.357718e+01
      vertex   2.227924e+02 3.557925e+01 -9.470574e+01
      vertex   2.228038e+02 3.552296e+01 -9.357696e+01
    endloop
  endfacet
  facet normal -9.235037e-01 3.825377e-01 2.838723e-02
    outer loop
      vertex   2.228038e+02 3.552296e+01 -9.357696e+01
      vertex   2.227924e+02 3.557925e+01 -9.470574e+01
      vertex   2.227725e+02 3.553101e+01 -9.470553e+01
    endloop
  endfacet
  facet normal -9.910558e-01 1.303769e-01 2.846618e-02
    outer loop
      vertex   2.228038e+02 3.552296e+01 -9.357696e+01
      vertex   2.227725e+02 3.553101e+01 -9.470553e+01
      vertex   2.230479e+02 3.540682e+01 -8.454860e+01
    endloop
  endfacet
  facet normal -9.910558e-01 1.303769e-01 2.846618e-02
    outer loop
      vertex   2.230479e+02 3.540682e+01 -8.454860e+01
      vertex   2.227725e+02 3.553101e+01 -9.470553e+01
      vertex   2.227411e+02 3.553906e+01 -9.583410e+01
    endloop
  endfacet
  facet normal -9.910558e-01 1.303769e-01 2.846618e-02
    outer loop
      vertex   2.230479e+02 3.540682e+01 -8.454860e+01
      vertex   2.227411e+02 3.553906e+01 -9.583410e+01
      vertex   2.227097e+02 3.554710e+01 -9.696267e+01
    endloop
  endfacet
  facet normal -9.235037e-01 3.825377e-01 2.838723e-02
    outer loop
      vertex   2.227097e+02 3.554710e+01 -9.696267e+01
      vertex   2.227411e+02 3.553906e+01 -9.583410e+01
      vertex   2.227297e+02 3.559534e+01 -9.696288e+01
    endloop
  endfacet
  facet normal -9.235037e-01 3.825377e-01 2.838723e-02
    outer loop
      vertex   2.227097e+02 3.554710e+01 -9.696267e+01
      vertex   2.227297e+02 3.559534e+01 -9.696288e+01
      vertex   2.226984e+02 3.560339e+01 -9.809145e+01
    endloop
  endfacet
  facet normal -7.930164e-01 6.086292e-01 2.637373e-02
    outer loop
      vertex   2.226984e+02 3.560339e+01 -9.809145e+01
      vertex   2.227297e+02 3.559534e+01 -9.696288e+01
      vertex   2.227301e+02 3.564481e+01 -9.809204e+01
    endloop
  endfacet
  facet normal -7.930164e-01 6.086292e-01 2.637373e-02
    outer loop
      vertex   2.226984e+02 3.560339e+01 -9.809145e+01
      vertex   2.227301e+02 3.564481e+01 -9.809204e+01
      vertex   2.226988e+02 3.565286e+01 -9.922060e+01
    endloop
  endfacet
  facet normal -6.084863e-01 7.932436e-01 2.256291e-02
    outer loop
      vertex   2.226988e+02 3.565286e+01 -9.922060e+01
      vertex   2.227301e+02 3.564481e+01 -9.809204e+01
      vertex   2.227402e+02 3.568465e+01 -9.922153e+01
    endloop
  endfacet
  facet normal -6.084863e-01 7.932436e-01 2.256291e-02
    outer loop
      vertex   2.226988e+02 3.565286e+01 -9.922060e+01
      vertex   2.227402e+02 3.568465e+01 -9.922153e+01
      vertex   2.227088e+02 3.569270e+01 -1.003501e+02
    endloop
  endfacet
  facet normal -3.824889e-01 9.237997e-01 1.721447e-02
    outer loop
      vertex   2.227088e+02 3.569270e+01 -1.003501e+02
      vertex   2.227402e+02 3.568465e+01 -9.922153e+01
      vertex   2.227570e+02 3.571268e+01 -1.003513e+02
    endloop
  endfacet
  facet normal -3.824889e-01 9.237997e-01 1.721447e-02
    outer loop
      vertex   2.227088e+02 3.569270e+01 -1.003501e+02
      vertex   2.227570e+02 3.571268e+01 -1.003513e+02
      vertex   2.227257e+02 3.572073e+01 -1.014799e+02
    endloop
  endfacet
  facet normal -1.304255e-01 9.914005e-01 1.069288e-02
    outer loop
      vertex   2.227257e+02 3.572073e+01 -1.014799e+02
      vertex   2.227570e+02 3.571268e+01 -1.003513e+02
      vertex   2.232478e+02 3.560685e+01 -8.455273e+01
    endloop
  endfacet
  facet normal -1.304255e-01 9.914005e-01 1.069288e-02
    outer loop
      vertex   2.227257e+02 3.572073e+01 -1.014799e+02
      vertex   2.232478e+02 3.560685e+01 -8.455273e+01
      vertex   2.222757e+02 3.585630e+01 -1.195383e+02
    endloop
  endfacet
  facet normal -9.235037e-01 3.825377e-01 2.838723e-02
    outer loop
      vertex   2.230233e+02 3.546663e+01 -8.567699e+01
      vertex   2.230547e+02 3.545858e+01 -8.454842e+01
      vertex   2.230433e+02 3.551487e+01 -8.567720e+01
    endloop
  endfacet
  facet normal -9.235037e-01 3.825377e-01 2.838723e-02
    outer loop
      vertex   2.230433e+02 3.551487e+01 -8.567720e+01
      vertex   2.230547e+02 3.545858e+01 -8.454842e+01
      vertex   2.230746e+02 3.550682e+01 -8.454863e+01
    endloop
  endfacet
  facet normal -7.930164e-01 6.086292e-01 2.637373e-02
    outer loop
      vertex   2.230433e+02 3.551487e+01 -8.567720e+01
      vertex   2.230746e+02 3.550682e+01 -8.454863e+01
      vertex   2.230751e+02 3.555629e+01 -8.567779e+01
    endloop
  endfacet
  facet normal -7.930164e-01 6.086292e-01 2.637373e-02
    outer loop
      vertex   2.230751e+02 3.555629e+01 -8.567779e+01
      vertex   2.230746e+02 3.550682e+01 -8.454863e+01
      vertex   2.231064e+02 3.554825e+01 -8.454922e+01
    endloop
  endfacet
  facet normal -6.084863e-01 7.932436e-01 2.256291e-02
    outer loop
      vertex   2.230751e+02 3.555629e+01 -8.567779e+01
      vertex   2.231064e+02 3.554825e+01 -8.454922e+01
      vertex   2.231165e+02 3.558808e+01 -8.567871e+01
    endloop
  endfacet
  facet normal -6.084863e-01 7.932436e-01 2.256291e-02
    outer loop
      vertex   2.231165e+02 3.558808e+01 -8.567871e+01
      vertex   2.231064e+02 3.554825e+01 -8.454922e+01
      vertex   2.231478e+02 3.558004e+01 -8.455014e+01
    endloop
  endfacet
  facet normal -3.824889e-01 9.237997e-01 1.721447e-02
    outer loop
      vertex   2.231165e+02 3.558808e+01 -8.567871e+01
      vertex   2.231478e+02 3.558004e+01 -8.455014e+01
      vertex   2.231647e+02 3.560807e+01 -8.567991e+01
    endloop
  endfacet
  facet normal -3.824889e-01 9.237997e-01 1.721447e-02
    outer loop
      vertex   2.231647e+02 3.560807e+01 -8.567991e+01
      vertex   2.231478e+02 3.558004e+01 -8.455014e+01
      vertex   2.231960e+02 3.560002e+01 -8.455134e+01
    endloop
  endfacet
  facet normal -1.304255e-01 9.914005e-01 1.069288e-02
    outer loop
      vertex   2.231647e+02 3.560807e+01 -8.567991e+01
      vertex   2.231960e+02 3.560002e+01 -8.455134e+01
      vertex   2.232478e+02 3.560685e+01 -8.455273e+01
    endloop
  endfacet
  facet normal -3.824889e-01 9.237997e-01 1.721447e-02
    outer loop
      vertex   2.222867e+02 3.583339e+01 -1.172798e+02
      vertex   2.222553e+02 3.584143e+01 -1.184084e+02
      vertex   2.222385e+02 3.581340e+01 -1.172786e+02
    endloop
  endfacet
  facet normal -3.824889e-01 9.237997e-01 1.721447e-02
    outer loop
      vertex   2.222385e+02 3.581340e+01 -1.172786e+02
      vertex   2.222553e+02 3.584143e+01 -1.184084e+02
      vertex   2.222071e+02 3.582145e+01 -1.184072e+02
    endloop
  endfacet
  facet normal -6.084863e-01 7.932436e-01 2.256291e-02
    outer loop
      vertex   2.222385e+02 3.581340e+01 -1.172786e+02
      vertex   2.222071e+02 3.582145e+01 -1.184072e+02
      vertex   2.221971e+02 3.578161e+01 -1.172777e+02
    endloop
  endfacet
  facet normal -6.084863e-01 7.932436e-01 2.256291e-02
    outer loop
      vertex   2.221971e+02 3.578161e+01 -1.172777e+02
      vertex   2.222071e+02 3.582145e+01 -1.184072e+02
      vertex   2.221657e+02 3.578966e+01 -1.184063e+02
    endloop
  endfacet
  facet normal -7.930164e-01 6.086292e-01 2.637373e-02
    outer loop
      vertex   2.221971e+02 3.578161e+01 -1.172777e+02
      vertex   2.221657e+02 3.578966e+01 -1.184063e+02
      vertex   2.221653e+02 3.574019e+01 -1.172771e+02
    endloop
  endfacet
  facet normal -7.930164e-01 6.086292e-01 2.637373e-02
    outer loop
      vertex   2.221653e+02 3.574019e+01 -1.172771e+02
      vertex   2.221657e+02 3.578966e+01 -1.184063e+02
      vertex   2.221339e+02 3.574823e+01 -1.184057e+02
    endloop
  endfacet
  facet normal -9.235037e-01 3.825377e-01 2.838723e-02
    outer loop
      vertex   2.221653e+02 3.574019e+01 -1.172771e+02
      vertex   2.221339e+02 3.574823e+01 -1.184057e+02
      vertex   2.221453e+02 3.569195e+01 -1.172769e+02
    endloop
  endfacet
  facet normal -9.235037e-01 3.825377e-01 2.838723e-02
    outer loop
      vertex   2.221453e+02 3.569195e+01 -1.172769e+02
      vertex   2.221339e+02 3.574823e+01 -1.184057e+02
      vertex   2.221139e+02 3.570000e+01 -1.184055e+02
    endloop
  endfacet
  facet normal -9.910558e-01 1.303769e-01 2.846618e-02
    outer loop
      vertex   2.221453e+02 3.569195e+01 -1.172769e+02
      vertex   2.221139e+02 3.570000e+01 -1.184055e+02
      vertex   2.220758e+02 3.565628e+01 -1.195342e+02
    endloop
  endfacet
  facet normal -1.304255e-01 9.914005e-01 1.069288e-02
    outer loop
      vertex   2.223180e+02 3.582534e+01 -1.161512e+02
      vertex   2.223494e+02 3.581729e+01 -1.150227e+02
      vertex   2.222757e+02 3.585630e+01 -1.195383e+02
    endloop
  endfacet
  facet normal -1.304255e-01 9.914005e-01 1.069288e-02
    outer loop
      vertex   2.222757e+02 3.585630e+01 -1.195383e+02
      vertex   2.223494e+02 3.581729e+01 -1.150227e+02
      vertex   2.223808e+02 3.580925e+01 -1.138941e+02
    endloop
  endfacet
  facet normal -1.304255e-01 9.914005e-01 1.069288e-02
    outer loop
      vertex   2.222757e+02 3.585630e+01 -1.195383e+02
      vertex   2.223808e+02 3.580925e+01 -1.138941e+02
      vertex   2.224121e+02 3.580120e+01 -1.127655e+02
    endloop
  endfacet
  facet normal -3.824889e-01 9.237997e-01 1.721447e-02
    outer loop
      vertex   2.224121e+02 3.580120e+01 -1.127655e+02
      vertex   2.223808e+02 3.580925e+01 -1.138941e+02
      vertex   2.223639e+02 3.578121e+01 -1.127643e+02
    endloop
  endfacet
  facet normal -3.824889e-01 9.237997e-01 1.721447e-02
    outer loop
      vertex   2.224121e+02 3.580120e+01 -1.127655e+02
      vertex   2.223639e+02 3.578121e+01 -1.127643e+02
      vertex   2.223952e+02 3.577317e+01 -1.116358e+02
    endloop
  endfacet
  facet normal -6.084863e-01 7.932436e-01 2.256291e-02
    outer loop
      vertex   2.223952e+02 3.577317e+01 -1.116358e+02
      vertex   2.223639e+02 3.578121e+01 -1.127643e+02
      vertex   2.223538e+02 3.574138e+01 -1.116349e+02
    endloop
  endfacet
  facet normal -6.084863e-01 7.932436e-01 2.256291e-02
    outer loop
      vertex   2.223952e+02 3.577317e+01 -1.116358e+02
      vertex   2.223538e+02 3.574138e+01 -1.116349e+02
      vertex   2.223852e+02 3.573333e+01 -1.105063e+02
    endloop
  endfacet
  facet normal -7.930164e-01 6.086292e-01 2.637373e-02
    outer loop
      vertex   2.223852e+02 3.573333e+01 -1.105063e+02
      vertex   2.223538e+02 3.574138e+01 -1.116349e+02
      vertex   2.223534e+02 3.569190e+01 -1.105057e+02
    endloop
  endfacet
  facet normal -3.824889e-01 9.237997e-01 1.721447e-02
    outer loop
      vertex   2.223180e+02 3.582534e+01 -1.161512e+02
      vertex   2.223012e+02 3.579731e+01 -1.150215e+02
      vertex   2.223494e+02 3.581729e+01 -1.150227e+02
    endloop
  endfacet
  facet normal -3.824889e-01 9.237997e-01 1.721447e-02
    outer loop
      vertex   2.223494e+02 3.581729e+01 -1.150227e+02
      vertex   2.223012e+02 3.579731e+01 -1.150215e+02
      vertex   2.223325e+02 3.578926e+01 -1.138929e+02
    endloop
  endfacet
  facet normal -3.824889e-01 9.237997e-01 1.721447e-02
    outer loop
      vertex   2.223494e+02 3.581729e+01 -1.150227e+02
      vertex   2.223325e+02 3.578926e+01 -1.138929e+02
      vertex   2.223808e+02 3.580925e+01 -1.138941e+02
    endloop
  endfacet
  facet normal -3.824889e-01 9.237997e-01 1.721447e-02
    outer loop
      vertex   2.223808e+02 3.580925e+01 -1.138941e+02
      vertex   2.223325e+02 3.578926e+01 -1.138929e+02
      vertex   2.223639e+02 3.578121e+01 -1.127643e+02
    endloop
  endfacet
  facet normal -1.304255e-01 9.914005e-01 1.069288e-02
    outer loop
      vertex   2.224748e+02 3.578511e+01 -1.105084e+02
      vertex   2.222757e+02 3.585630e+01 -1.195383e+02
      vertex   2.224435e+02 3.579315e+01 -1.116370e+02
    endloop
  endfacet
  facet normal -1.304255e-01 9.914005e-01 1.069288e-02
    outer loop
      vertex   2.224435e+02 3.579315e+01 -1.116370e+02
      vertex   2.222757e+02 3.585630e+01 -1.195383e+02
      vertex   2.224121e+02 3.580120e+01 -1.127655e+02
    endloop
  endfacet
  facet normal -3.824889e-01 9.237997e-01 1.721447e-02
    outer loop
      vertex   2.224435e+02 3.579315e+01 -1.116370e+02
      vertex   2.224121e+02 3.580120e+01 -1.127655e+02
      vertex   2.223952e+02 3.577317e+01 -1.116358e+02
    endloop
  endfacet
  facet normal -3.824889e-01 9.237997e-01 1.721447e-02
    outer loop
      vertex   2.224266e+02 3.576512e+01 -1.105072e+02
      vertex   2.224748e+02 3.578511e+01 -1.105084e+02
      vertex   2.224435e+02 3.579315e+01 -1.116370e+02
    endloop
  endfacet
  facet normal -3.824889e-01 9.237997e-01 1.721447e-02
    outer loop
      vertex   2.224266e+02 3.576512e+01 -1.105072e+02
      vertex   2.224435e+02 3.579315e+01 -1.116370e+02
      vertex   2.223952e+02 3.577317e+01 -1.116358e+02
    endloop
  endfacet
  facet normal -3.824889e-01 9.237997e-01 1.721447e-02
    outer loop
      vertex   2.225375e+02 3.576901e+01 -1.082513e+02
      vertex   2.225062e+02 3.577706e+01 -1.093798e+02
      vertex   2.224893e+02 3.574902e+01 -1.082501e+02
    endloop
  endfacet
  facet normal -3.824889e-01 9.237997e-01 1.721447e-02
    outer loop
      vertex   2.224893e+02 3.574902e+01 -1.082501e+02
      vertex   2.225062e+02 3.577706e+01 -1.093798e+02
      vertex   2.224580e+02 3.575707e+01 -1.093786e+02
    endloop
  endfacet
  facet normal -6.084863e-01 7.932436e-01 2.256291e-02
    outer loop
      vertex   2.224893e+02 3.574902e+01 -1.082501e+02
      vertex   2.224580e+02 3.575707e+01 -1.093786e+02
      vertex   2.224479e+02 3.571724e+01 -1.082491e+02
    endloop
  endfacet
  facet normal -6.084863e-01 7.932436e-01 2.256291e-02
    outer loop
      vertex   2.224479e+02 3.571724e+01 -1.082491e+02
      vertex   2.224580e+02 3.575707e+01 -1.093786e+02
      vertex   2.224166e+02 3.572528e+01 -1.093777e+02
    endloop
  endfacet
  facet normal -7.930164e-01 6.086292e-01 2.637373e-02
    outer loop
      vertex   2.224479e+02 3.571724e+01 -1.082491e+02
      vertex   2.224166e+02 3.572528e+01 -1.093777e+02
      vertex   2.224161e+02 3.567581e+01 -1.082486e+02
    endloop
  endfacet
  facet normal -7.930164e-01 6.086292e-01 2.637373e-02
    outer loop
      vertex   2.224161e+02 3.567581e+01 -1.082486e+02
      vertex   2.224166e+02 3.572528e+01 -1.093777e+02
      vertex   2.223848e+02 3.568386e+01 -1.093771e+02
    endloop
  endfacet
  facet normal -9.235037e-01 3.825377e-01 2.838723e-02
    outer loop
      vertex   2.224161e+02 3.567581e+01 -1.082486e+02
      vertex   2.223848e+02 3.568386e+01 -1.093771e+02
      vertex   2.223962e+02 3.562757e+01 -1.082483e+02
    endloop
  endfacet
  facet normal -9.235037e-01 3.825377e-01 2.838723e-02
    outer loop
      vertex   2.223962e+02 3.562757e+01 -1.082483e+02
      vertex   2.223848e+02 3.568386e+01 -1.093771e+02
      vertex   2.223648e+02 3.563562e+01 -1.093769e+02
    endloop
  endfacet
  facet normal -9.910558e-01 1.303769e-01 2.846618e-02
    outer loop
      vertex   2.223962e+02 3.562757e+01 -1.082483e+02
      vertex   2.223648e+02 3.563562e+01 -1.093769e+02
      vertex   2.220758e+02 3.565628e+01 -1.195342e+02
    endloop
  endfacet
  facet normal -1.304255e-01 9.914005e-01 1.069288e-02
    outer loop
      vertex   2.225689e+02 3.576096e+01 -1.071227e+02
      vertex   2.226003e+02 3.575292e+01 -1.059941e+02
      vertex   2.222757e+02 3.585630e+01 -1.195383e+02
    endloop
  endfacet
  facet normal -1.304255e-01 9.914005e-01 1.069288e-02
    outer loop
      vertex   2.222757e+02 3.585630e+01 -1.195383e+02
      vertex   2.226003e+02 3.575292e+01 -1.059941e+02
      vertex   2.226316e+02 3.574487e+01 -1.048656e+02
    endloop
  endfacet
  facet normal -1.304255e-01 9.914005e-01 1.069288e-02
    outer loop
      vertex   2.222757e+02 3.585630e+01 -1.195383e+02
      vertex   2.226316e+02 3.574487e+01 -1.048656e+02
      vertex   2.226630e+02 3.573682e+01 -1.037370e+02
    endloop
  endfacet
  facet normal -3.824889e-01 9.237997e-01 1.721447e-02
    outer loop
      vertex   2.226630e+02 3.573682e+01 -1.037370e+02
      vertex   2.226316e+02 3.574487e+01 -1.048656e+02
      vertex   2.226148e+02 3.571684e+01 -1.037358e+02
    endloop
  endfacet
  facet normal -3.824889e-01 9.237997e-01 1.721447e-02
    outer loop
      vertex   2.226630e+02 3.573682e+01 -1.037370e+02
      vertex   2.226148e+02 3.571684e+01 -1.037358e+02
      vertex   2.226461e+02 3.570879e+01 -1.026072e+02
    endloop
  endfacet
  facet normal -6.084863e-01 7.932436e-01 2.256291e-02
    outer loop
      vertex   2.226461e+02 3.570879e+01 -1.026072e+02
      vertex   2.226148e+02 3.571684e+01 -1.037358e+02
      vertex   2.226047e+02 3.567700e+01 -1.026063e+02
    endloop
  endfacet
  facet normal -6.084863e-01 7.932436e-01 2.256291e-02
    outer loop
      vertex   2.226461e+02 3.570879e+01 -1.026072e+02
      vertex   2.226047e+02 3.567700e+01 -1.026063e+02
      vertex   2.226361e+02 3.566895e+01 -1.014777e+02
    endloop
  endfacet
  facet normal -7.930164e-01 6.086292e-01 2.637373e-02
    outer loop
      vertex   2.226361e+02 3.566895e+01 -1.014777e+02
      vertex   2.226047e+02 3.567700e+01 -1.026063e+02
      vertex   2.226043e+02 3.562753e+01 -1.014772e+02
    endloop
  endfacet
  facet normal -7.930164e-01 6.086292e-01 2.637373e-02
    outer loop
      vertex   2.226361e+02 3.566895e+01 -1.014777e+02
      vertex   2.226043e+02 3.562753e+01 -1.014772e+02
      vertex   2.226356e+02 3.561948e+01 -1.003486e+02
    endloop
  endfacet
  facet normal -9.235037e-01 3.825377e-01 2.838723e-02
    outer loop
      vertex   2.226356e+02 3.561948e+01 -1.003486e+02
      vertex   2.226043e+02 3.562753e+01 -1.014772e+02
      vertex   2.226157e+02 3.557124e+01 -1.003484e+02
    endloop
  endfacet
  facet normal -9.235037e-01 3.825377e-01 2.838723e-02
    outer loop
      vertex   2.226356e+02 3.561948e+01 -1.003486e+02
      vertex   2.226157e+02 3.557124e+01 -1.003484e+02
      vertex   2.226470e+02 3.556320e+01 -9.921980e+01
    endloop
  endfacet
  facet normal -9.910558e-01 1.303769e-01 2.846618e-02
    outer loop
      vertex   2.226470e+02 3.556320e+01 -9.921980e+01
      vertex   2.226157e+02 3.557124e+01 -1.003484e+02
      vertex   2.230479e+02 3.540682e+01 -8.454860e+01
    endloop
  endfacet
  facet normal -9.910558e-01 1.303769e-01 2.846618e-02
    outer loop
      vertex   2.226470e+02 3.556320e+01 -9.921980e+01
      vertex   2.230479e+02 3.540682e+01 -8.454860e+01
      vertex   2.226784e+02 3.555515e+01 -9.809124e+01
    endloop
  endfacet
  facet normal -9.910558e-01 1.303769e-01 2.846618e-02
    outer loop
      vertex   2.226784e+02 3.555515e+01 -9.809124e+01
      vertex   2.230479e+02 3.540682e+01 -8.454860e+01
      vertex   2.227097e+02 3.554710e+01 -9.696267e+01
    endloop
  endfacet
  facet normal -9.235037e-01 3.825377e-01 2.838723e-02
    outer loop
      vertex   2.226784e+02 3.555515e+01 -9.809124e+01
      vertex   2.227097e+02 3.554710e+01 -9.696267e+01
      vertex   2.226984e+02 3.560339e+01 -9.809145e+01
    endloop
  endfacet
  facet normal -3.824889e-01 9.237997e-01 1.721447e-02
    outer loop
      vertex   2.225689e+02 3.576096e+01 -1.071227e+02
      vertex   2.225520e+02 3.573293e+01 -1.059929e+02
      vertex   2.226003e+02 3.575292e+01 -1.059941e+02
    endloop
  endfacet
  facet normal -3.824889e-01 9.237997e-01 1.721447e-02
    outer loop
      vertex   2.226003e+02 3.575292e+01 -1.059941e+02
      vertex   2.225520e+02 3.573293e+01 -1.059929e+02
      vertex   2.225834e+02 3.572488e+01 -1.048644e+02
    endloop
  endfacet
  facet normal -3.824889e-01 9.237997e-01 1.721447e-02
    outer loop
      vertex   2.226003e+02 3.575292e+01 -1.059941e+02
      vertex   2.225834e+02 3.572488e+01 -1.048644e+02
      vertex   2.226316e+02 3.574487e+01 -1.048656e+02
    endloop
  endfacet
  facet normal -3.824889e-01 9.237997e-01 1.721447e-02
    outer loop
      vertex   2.226316e+02 3.574487e+01 -1.048656e+02
      vertex   2.225834e+02 3.572488e+01 -1.048644e+02
      vertex   2.226148e+02 3.571684e+01 -1.037358e+02
    endloop
  endfacet
  facet normal -1.304255e-01 9.914005e-01 1.069288e-02
    outer loop
      vertex   2.227257e+02 3.572073e+01 -1.014799e+02
      vertex   2.222757e+02 3.585630e+01 -1.195383e+02
      vertex   2.226943e+02 3.572878e+01 -1.026084e+02
    endloop
  endfacet
  facet normal -1.304255e-01 9.914005e-01 1.069288e-02
    outer loop
      vertex   2.226943e+02 3.572878e+01 -1.026084e+02
      vertex   2.222757e+02 3.585630e+01 -1.195383e+02
      vertex   2.226630e+02 3.573682e+01 -1.037370e+02
    endloop
  endfacet
  facet normal -3.824889e-01 9.237997e-01 1.721447e-02
    outer loop
      vertex   2.226943e+02 3.572878e+01 -1.026084e+02
      vertex   2.226630e+02 3.573682e+01 -1.037370e+02
      vertex   2.226461e+02 3.570879e+01 -1.026072e+02
    endloop
  endfacet
  facet normal -3.824889e-01 9.237997e-01 1.721447e-02
    outer loop
      vertex   2.227257e+02 3.572073e+01 -1.014799e+02
      vertex   2.226943e+02 3.572878e+01 -1.026084e+02
      vertex   2.226775e+02 3.570074e+01 -1.014787e+02
    endloop
  endfacet
  facet normal -3.824889e-01 9.237997e-01 1.721447e-02
    outer loop
      vertex   2.226775e+02 3.570074e+01 -1.014787e+02
      vertex   2.226943e+02 3.572878e+01 -1.026084e+02
      vertex   2.226461e+02 3.570879e+01 -1.026072e+02
    endloop
  endfacet
  facet normal -6.084863e-01 7.932436e-01 2.256291e-02
    outer loop
      vertex   2.226775e+02 3.570074e+01 -1.014787e+02
      vertex   2.226461e+02 3.570879e+01 -1.026072e+02
      vertex   2.226361e+02 3.566895e+01 -1.014777e+02
    endloop
  endfacet
  facet normal -1.304255e-01 9.914005e-01 1.069288e-02
    outer loop
      vertex   2.227570e+02 3.571268e+01 -1.003513e+02
      vertex   2.227884e+02 3.570463e+01 -9.922272e+01
      vertex   2.232478e+02 3.560685e+01 -8.455273e+01
    endloop
  endfacet
  facet normal -1.304255e-01 9.914005e-01 1.069288e-02
    outer loop
      vertex   2.232478e+02 3.560685e+01 -8.455273e+01
      vertex   2.227884e+02 3.570463e+01 -9.922272e+01
      vertex   2.228198e+02 3.569659e+01 -9.809416e+01
    endloop
  endfacet
  facet normal -1.304255e-01 9.914005e-01 1.069288e-02
    outer loop
      vertex   2.232478e+02 3.560685e+01 -8.455273e+01
      vertex   2.228198e+02 3.569659e+01 -9.809416e+01
      vertex   2.228511e+02 3.568854e+01 -9.696559e+01
    endloop
  endfacet
  facet normal -3.824889e-01 9.237997e-01 1.721447e-02
    outer loop
      vertex   2.228511e+02 3.568854e+01 -9.696559e+01
      vertex   2.228198e+02 3.569659e+01 -9.809416e+01
      vertex   2.228029e+02 3.566855e+01 -9.696439e+01
    endloop
  endfacet
  facet normal -3.824889e-01 9.237997e-01 1.721447e-02
    outer loop
      vertex   2.228511e+02 3.568854e+01 -9.696559e+01
      vertex   2.228029e+02 3.566855e+01 -9.696439e+01
      vertex   2.228343e+02 3.566051e+01 -9.583582e+01
    endloop
  endfacet
  facet normal -6.084863e-01 7.932436e-01 2.256291e-02
    outer loop
      vertex   2.228343e+02 3.566051e+01 -9.583582e+01
      vertex   2.228029e+02 3.566855e+01 -9.696439e+01
      vertex   2.227928e+02 3.562872e+01 -9.583490e+01
    endloop
  endfacet
  facet normal -6.084863e-01 7.932436e-01 2.256291e-02
    outer loop
      vertex   2.228343e+02 3.566051e+01 -9.583582e+01
      vertex   2.227928e+02 3.562872e+01 -9.583490e+01
      vertex   2.228242e+02 3.562067e+01 -9.470633e+01
    endloop
  endfacet
  facet normal -7.930164e-01 6.086292e-01 2.637373e-02
    outer loop
      vertex   2.228242e+02 3.562067e+01 -9.470633e+01
      vertex   2.227928e+02 3.562872e+01 -9.583490e+01
      vertex   2.227924e+02 3.557925e+01 -9.470574e+01
    endloop
  endfacet
  facet normal -3.824889e-01 9.237997e-01 1.721447e-02
    outer loop
      vertex   2.227570e+02 3.571268e+01 -1.003513e+02
      vertex   2.227402e+02 3.568465e+01 -9.922153e+01
      vertex   2.227884e+02 3.570463e+01 -9.922272e+01
    endloop
  endfacet
  facet normal -3.824889e-01 9.237997e-01 1.721447e-02
    outer loop
      vertex   2.227884e+02 3.570463e+01 -9.922272e+01
      vertex   2.227402e+02 3.568465e+01 -9.922153e+01
      vertex   2.227715e+02 3.567660e+01 -9.809296e+01
    endloop
  endfacet
  facet normal -3.824889e-01 9.237997e-01 1.721447e-02
    outer loop
      vertex   2.227884e+02 3.570463e+01 -9.922272e+01
      vertex   2.227715e+02 3.567660e+01 -9.809296e+01
      vertex   2.228198e+02 3.569659e+01 -9.809416e+01
    endloop
  endfacet
  facet normal -3.824889e-01 9.237997e-01 1.721447e-02
    outer loop
      vertex   2.228198e+02 3.569659e+01 -9.809416e+01
      vertex   2.227715e+02 3.567660e+01 -9.809296e+01
      vertex   2.228029e+02 3.566855e+01 -9.696439e+01
    endloop
  endfacet
  facet normal -1.304255e-01 9.914005e-01 1.069288e-02
    outer loop
      vertex   2.229138e+02 3.567245e+01 -9.470845e+01
      vertex   2.232478e+02 3.560685e+01 -8.455273e+01
      vertex   2.228825e+02 3.568049e+01 -9.583702e+01
    endloop
  endfacet
  facet normal -1.304255e-01 9.914005e-01 1.069288e-02
    outer loop
      vertex   2.228825e+02 3.568049e+01 -9.583702e+01
      vertex   2.232478e+02 3.560685e+01 -8.455273e+01
      vertex   2.228511e+02 3.568854e+01 -9.696559e+01
    endloop
  endfacet
  facet normal -3.824889e-01 9.237997e-01 1.721447e-02
    outer loop
      vertex   2.228825e+02 3.568049e+01 -9.583702e+01
      vertex   2.228511e+02 3.568854e+01 -9.696559e+01
      vertex   2.228343e+02 3.566051e+01 -9.583582e+01
    endloop
  endfacet
  facet normal -3.824889e-01 9.237997e-01 1.721447e-02
    outer loop
      vertex   2.228656e+02 3.565246e+01 -9.470726e+01
      vertex   2.229138e+02 3.567245e+01 -9.470845e+01
      vertex   2.228825e+02 3.568049e+01 -9.583702e+01
    endloop
  endfacet
  facet normal -3.824889e-01 9.237997e-01 1.721447e-02
    outer loop
      vertex   2.228656e+02 3.565246e+01 -9.470726e+01
      vertex   2.228825e+02 3.568049e+01 -9.583702e+01
      vertex   2.228343e+02 3.566051e+01 -9.583582e+01
    endloop
  endfacet
  facet normal -3.824889e-01 9.237997e-01 1.721447e-02
    outer loop
      vertex   2.229765e+02 3.565635e+01 -9.245132e+01
      vertex   2.229452e+02 3.566440e+01 -9.357988e+01
      vertex   2.229283e+02 3.563637e+01 -9.245012e+01
    endloop
  endfacet
  facet normal -3.824889e-01 9.237997e-01 1.721447e-02
    outer loop
      vertex   2.229283e+02 3.563637e+01 -9.245012e+01
      vertex   2.229452e+02 3.566440e+01 -9.357988e+01
      vertex   2.228970e+02 3.564441e+01 -9.357869e+01
    endloop
  endfacet
  facet normal -6.084863e-01 7.932436e-01 2.256291e-02
    outer loop
      vertex   2.229283e+02 3.563637e+01 -9.245012e+01
      vertex   2.228970e+02 3.564441e+01 -9.357869e+01
      vertex   2.228869e+02 3.560458e+01 -9.244920e+01
    endloop
  endfacet
  facet normal -6.084863e-01 7.932436e-01 2.256291e-02
    outer loop
      vertex   2.228869e+02 3.560458e+01 -9.244920e+01
      vertex   2.228970e+02 3.564441e+01 -9.357869e+01
      vertex   2.228556e+02 3.561262e+01 -9.357776e+01
    endloop
  endfacet
  facet normal -7.930164e-01 6.086292e-01 2.637373e-02
    outer loop
      vertex   2.228869e+02 3.560458e+01 -9.244920e+01
      vertex   2.228556e+02 3.561262e+01 -9.357776e+01
      vertex   2.228551e+02 3.556315e+01 -9.244861e+01
    endloop
  endfacet
  facet normal -7.930164e-01 6.086292e-01 2.637373e-02
    outer loop
      vertex   2.228551e+02 3.556315e+01 -9.244861e+01
      vertex   2.228556e+02 3.561262e+01 -9.357776e+01
      vertex   2.228238e+02 3.557120e+01 -9.357718e+01
    endloop
  endfacet
  facet normal -9.235037e-01 3.825377e-01 2.838723e-02
    outer loop
      vertex   2.228551e+02 3.556315e+01 -9.244861e+01
      vertex   2.228238e+02 3.557120e+01 -9.357718e+01
      vertex   2.228352e+02 3.551491e+01 -9.244840e+01
    endloop
  endfacet
  facet normal -9.235037e-01 3.825377e-01 2.838723e-02
    outer loop
      vertex   2.228352e+02 3.551491e+01 -9.244840e+01
      vertex   2.228238e+02 3.557120e+01 -9.357718e+01
      vertex   2.228038e+02 3.552296e+01 -9.357696e+01
    endloop
  endfacet
  facet normal -9.910558e-01 1.303769e-01 2.846618e-02
    outer loop
      vertex   2.228352e+02 3.551491e+01 -9.244840e+01
      vertex   2.228038e+02 3.552296e+01 -9.357696e+01
      vertex   2.230479e+02 3.540682e+01 -8.454860e+01
    endloop
  endfacet
  facet normal -1.304255e-01 9.914005e-01 1.069288e-02
    outer loop
      vertex   2.230079e+02 3.564831e+01 -9.132275e+01
      vertex   2.230393e+02 3.564026e+01 -9.019418e+01
      vertex   2.232478e+02 3.560685e+01 -8.455273e+01
    endloop
  endfacet
  facet normal -1.304255e-01 9.914005e-01 1.069288e-02
    outer loop
      vertex   2.232478e+02 3.560685e+01 -8.455273e+01
      vertex   2.230393e+02 3.564026e+01 -9.019418e+01
      vertex   2.230706e+02 3.563221e+01 -8.906561e+01
    endloop
  endfacet
  facet normal -1.304255e-01 9.914005e-01 1.069288e-02
    outer loop
      vertex   2.232478e+02 3.560685e+01 -8.455273e+01
      vertex   2.230706e+02 3.563221e+01 -8.906561e+01
      vertex   2.231020e+02 3.562416e+01 -8.793704e+01
    endloop
  endfacet
  facet normal -3.824889e-01 9.237997e-01 1.721447e-02
    outer loop
      vertex   2.231020e+02 3.562416e+01 -8.793704e+01
      vertex   2.230706e+02 3.563221e+01 -8.906561e+01
      vertex   2.230538e+02 3.560418e+01 -8.793585e+01
    endloop
  endfacet
  facet normal -3.824889e-01 9.237997e-01 1.721447e-02
    outer loop
      vertex   2.231020e+02 3.562416e+01 -8.793704e+01
      vertex   2.230538e+02 3.560418e+01 -8.793585e+01
      vertex   2.230851e+02 3.559613e+01 -8.680728e+01
    endloop
  endfacet
  facet normal -6.084863e-01 7.932436e-01 2.256291e-02
    outer loop
      vertex   2.230851e+02 3.559613e+01 -8.680728e+01
      vertex   2.230538e+02 3.560418e+01 -8.793585e+01
      vertex   2.230437e+02 3.556434e+01 -8.680635e+01
    endloop
  endfacet
  facet normal -6.084863e-01 7.932436e-01 2.256291e-02
    outer loop
      vertex   2.230851e+02 3.559613e+01 -8.680728e+01
      vertex   2.230437e+02 3.556434e+01 -8.680635e+01
      vertex   2.230751e+02 3.555629e+01 -8.567779e+01
    endloop
  endfacet
  facet normal -7.930164e-01 6.086292e-01 2.637373e-02
    outer loop
      vertex   2.230751e+02 3.555629e+01 -8.567779e+01
      vertex   2.230437e+02 3.556434e+01 -8.680635e+01
      vertex   2.230433e+02 3.551487e+01 -8.567720e+01
    endloop
  endfacet
  facet normal -3.824889e-01 9.237997e-01 1.721447e-02
    outer loop
      vertex   2.230079e+02 3.564831e+01 -9.132275e+01
      vertex   2.229910e+02 3.562027e+01 -9.019298e+01
      vertex   2.230393e+02 3.564026e+01 -9.019418e+01
    endloop
  endfacet
  facet normal -3.824889e-01 9.237997e-01 1.721447e-02
    outer loop
      vertex   2.230393e+02 3.564026e+01 -9.019418e+01
      vertex   2.229910e+02 3.562027e+01 -9.019298e+01
      vertex   2.230224e+02 3.561222e+01 -8.906441e+01
    endloop
  endfacet
  facet normal -3.824889e-01 9.237997e-01 1.721447e-02
    outer loop
      vertex   2.230393e+02 3.564026e+01 -9.019418e+01
      vertex   2.230224e+02 3.561222e+01 -8.906441e+01
      vertex   2.230706e+02 3.563221e+01 -8.906561e+01
    endloop
  endfacet
  facet normal -3.824889e-01 9.237997e-01 1.721447e-02
    outer loop
      vertex   2.230706e+02 3.563221e+01 -8.906561e+01
      vertex   2.230224e+02 3.561222e+01 -8.906441e+01
      vertex   2.230538e+02 3.560418e+01 -8.793585e+01
    endloop
  endfacet
  facet normal -1.304255e-01 9.914005e-01 1.069288e-02
    outer loop
      vertex   2.231647e+02 3.560807e+01 -8.567991e+01
      vertex   2.232478e+02 3.560685e+01 -8.455273e+01
      vertex   2.231333e+02 3.561612e+01 -8.680848e+01
    endloop
  endfacet
  facet normal -1.304255e-01 9.914005e-01 1.069288e-02
    outer loop
      vertex   2.231333e+02 3.561612e+01 -8.680848e+01
      vertex   2.232478e+02 3.560685e+01 -8.455273e+01
      vertex   2.231020e+02 3.562416e+01 -8.793704e+01
    endloop
  endfacet
  facet normal -3.824889e-01 9.237997e-01 1.721447e-02
    outer loop
      vertex   2.231333e+02 3.561612e+01 -8.680848e+01
      vertex   2.231020e+02 3.562416e+01 -8.793704e+01
      vertex   2.230851e+02 3.559613e+01 -8.680728e+01
    endloop
  endfacet
  facet normal -3.824889e-01 9.237997e-01 1.721447e-02
    outer loop
      vertex   2.231165e+02 3.558808e+01 -8.567871e+01
      vertex   2.231647e+02 3.560807e+01 -8.567991e+01
      vertex   2.231333e+02 3.561612e+01 -8.680848e+01
    endloop
  endfacet
  facet normal -3.824889e-01 9.237997e-01 1.721447e-02
    outer loop
      vertex   2.231165e+02 3.558808e+01 -8.567871e+01
      vertex   2.231333e+02 3.561612e+01 -8.680848e+01
      vertex   2.230851e+02 3.559613e+01 -8.680728e+01
    endloop
  endfacet
  facet normal -3.824889e-01 9.237997e-01 1.721447e-02
    outer loop
      vertex   2.222867e+02 3.583339e+01 -1.172798e+02
      vertex   2.222385e+02 3.581340e+01 -1.172786e+02
      vertex   2.222698e+02 3.580535e+01 -1.161500e+02
    endloop
  endfacet
  facet normal -6.084863e-01 7.932436e-01 2.256291e-02
    outer loop
      vertex   2.222698e+02 3.580535e+01 -1.161500e+02
      vertex   2.222385e+02 3.581340e+01 -1.172786e+02
      vertex   2.222284e+02 3.577357e+01 -1.161491e+02
    endloop
  endfacet
  facet normal -6.084863e-01 7.932436e-01 2.256291e-02
    outer loop
      vertex   2.222698e+02 3.580535e+01 -1.161500e+02
      vertex   2.222284e+02 3.577357e+01 -1.161491e+02
      vertex   2.222598e+02 3.576552e+01 -1.150206e+02
    endloop
  endfacet
  facet normal -7.930164e-01 6.086292e-01 2.637373e-02
    outer loop
      vertex   2.222598e+02 3.576552e+01 -1.150206e+02
      vertex   2.222284e+02 3.577357e+01 -1.161491e+02
      vertex   2.222280e+02 3.572409e+01 -1.150200e+02
    endloop
  endfacet
  facet normal -7.930164e-01 6.086292e-01 2.637373e-02
    outer loop
      vertex   2.222598e+02 3.576552e+01 -1.150206e+02
      vertex   2.222280e+02 3.572409e+01 -1.150200e+02
      vertex   2.222594e+02 3.571605e+01 -1.138914e+02
    endloop
  endfacet
  facet normal -9.235037e-01 3.825377e-01 2.838723e-02
    outer loop
      vertex   2.222594e+02 3.571605e+01 -1.138914e+02
      vertex   2.222280e+02 3.572409e+01 -1.150200e+02
      vertex   2.222394e+02 3.566781e+01 -1.138912e+02
    endloop
  endfacet
  facet normal -9.235037e-01 3.825377e-01 2.838723e-02
    outer loop
      vertex   2.222594e+02 3.571605e+01 -1.138914e+02
      vertex   2.222394e+02 3.566781e+01 -1.138912e+02
      vertex   2.222707e+02 3.565976e+01 -1.127626e+02
    endloop
  endfacet
  facet normal -9.910558e-01 1.303769e-01 2.846618e-02
    outer loop
      vertex   2.222707e+02 3.565976e+01 -1.127626e+02
      vertex   2.222394e+02 3.566781e+01 -1.138912e+02
      vertex   2.220758e+02 3.565628e+01 -1.195342e+02
    endloop
  endfacet
  facet normal -6.084863e-01 7.932436e-01 2.256291e-02
    outer loop
      vertex   2.222284e+02 3.577357e+01 -1.161491e+02
      vertex   2.222385e+02 3.581340e+01 -1.172786e+02
      vertex   2.221971e+02 3.578161e+01 -1.172777e+02
    endloop
  endfacet
  facet normal -6.084863e-01 7.932436e-01 2.256291e-02
    outer loop
      vertex   2.223012e+02 3.579731e+01 -1.150215e+02
      vertex   2.222911e+02 3.575747e+01 -1.138920e+02
      vertex   2.223325e+02 3.578926e+01 -1.138929e+02
    endloop
  endfacet
  facet normal -6.084863e-01 7.932436e-01 2.256291e-02
    outer loop
      vertex   2.223325e+02 3.578926e+01 -1.138929e+02
      vertex   2.222911e+02 3.575747e+01 -1.138920e+02
      vertex   2.223225e+02 3.574942e+01 -1.127634e+02
    endloop
  endfacet
  facet normal -6.084863e-01 7.932436e-01 2.256291e-02
    outer loop
      vertex   2.223325e+02 3.578926e+01 -1.138929e+02
      vertex   2.223225e+02 3.574942e+01 -1.127634e+02
      vertex   2.223639e+02 3.578121e+01 -1.127643e+02
    endloop
  endfacet
  facet normal -6.084863e-01 7.932436e-01 2.256291e-02
    outer loop
      vertex   2.223639e+02 3.578121e+01 -1.127643e+02
      vertex   2.223225e+02 3.574942e+01 -1.127634e+02
      vertex   2.223538e+02 3.574138e+01 -1.116349e+02
    endloop
  endfacet
  facet normal -6.084863e-01 7.932436e-01 2.256291e-02
    outer loop
      vertex   2.223852e+02 3.573333e+01 -1.105063e+02
      vertex   2.224266e+02 3.576512e+01 -1.105072e+02
      vertex   2.223952e+02 3.577317e+01 -1.116358e+02
    endloop
  endfacet
  facet normal -3.824889e-01 9.237997e-01 1.721447e-02
    outer loop
      vertex   2.225375e+02 3.576901e+01 -1.082513e+02
      vertex   2.224893e+02 3.574902e+01 -1.082501e+02
      vertex   2.225207e+02 3.574098e+01 -1.071215e+02
    endloop
  endfacet
  facet normal -6.084863e-01 7.932436e-01 2.256291e-02
    outer loop
      vertex   2.225207e+02 3.574098e+01 -1.071215e+02
      vertex   2.224893e+02 3.574902e+01 -1.082501e+02
      vertex   2.224793e+02 3.570919e+01 -1.071206e+02
    endloop
  endfacet
  facet normal -6.084863e-01 7.932436e-01 2.256291e-02
    outer loop
      vertex   2.225207e+02 3.574098e+01 -1.071215e+02
      vertex   2.224793e+02 3.570919e+01 -1.071206e+02
      vertex   2.225106e+02 3.570114e+01 -1.059920e+02
    endloop
  endfacet
  facet normal -7.930164e-01 6.086292e-01 2.637373e-02
    outer loop
      vertex   2.225106e+02 3.570114e+01 -1.059920e+02
      vertex   2.224793e+02 3.570919e+01 -1.071206e+02
      vertex   2.224789e+02 3.565972e+01 -1.059914e+02
    endloop
  endfacet
  facet normal -7.930164e-01 6.086292e-01 2.637373e-02
    outer loop
      vertex   2.225106e+02 3.570114e+01 -1.059920e+02
      vertex   2.224789e+02 3.565972e+01 -1.059914e+02
      vertex   2.225102e+02 3.565167e+01 -1.048629e+02
    endloop
  endfacet
  facet normal -9.235037e-01 3.825377e-01 2.838723e-02
    outer loop
      vertex   2.225102e+02 3.565167e+01 -1.048629e+02
      vertex   2.224789e+02 3.565972e+01 -1.059914e+02
      vertex   2.224902e+02 3.560343e+01 -1.048626e+02
    endloop
  endfacet
  facet normal -9.235037e-01 3.825377e-01 2.838723e-02
    outer loop
      vertex   2.225102e+02 3.565167e+01 -1.048629e+02
      vertex   2.224902e+02 3.560343e+01 -1.048626e+02
      vertex   2.225216e+02 3.559538e+01 -1.037341e+02
    endloop
  endfacet
  facet normal -9.910558e-01 1.303769e-01 2.846618e-02
    outer loop
      vertex   2.225216e+02 3.559538e+01 -1.037341e+02
      vertex   2.224902e+02 3.560343e+01 -1.048626e+02
      vertex   2.220758e+02 3.565628e+01 -1.195342e+02
    endloop
  endfacet
  facet normal -6.084863e-01 7.932436e-01 2.256291e-02
    outer loop
      vertex   2.224793e+02 3.570919e+01 -1.071206e+02
      vertex   2.224893e+02 3.574902e+01 -1.082501e+02
      vertex   2.224479e+02 3.571724e+01 -1.082491e+02
    endloop
  endfacet
  facet normal -6.084863e-01 7.932436e-01 2.256291e-02
    outer loop
      vertex   2.225520e+02 3.573293e+01 -1.059929e+02
      vertex   2.225420e+02 3.569309e+01 -1.048634e+02
      vertex   2.225834e+02 3.572488e+01 -1.048644e+02
    endloop
  endfacet
  facet normal -6.084863e-01 7.932436e-01 2.256291e-02
    outer loop
      vertex   2.225834e+02 3.572488e+01 -1.048644e+02
      vertex   2.225420e+02 3.569309e+01 -1.048634e+02
      vertex   2.225733e+02 3.568505e+01 -1.037349e+02
    endloop
  endfacet
  facet normal -6.084863e-01 7.932436e-01 2.256291e-02
    outer loop
      vertex   2.225834e+02 3.572488e+01 -1.048644e+02
      vertex   2.225733e+02 3.568505e+01 -1.037349e+02
      vertex   2.226148e+02 3.571684e+01 -1.037358e+02
    endloop
  endfacet
  facet normal -6.084863e-01 7.932436e-01 2.256291e-02
    outer loop
      vertex   2.226148e+02 3.571684e+01 -1.037358e+02
      vertex   2.225733e+02 3.568505e+01 -1.037349e+02
      vertex   2.226047e+02 3.567700e+01 -1.026063e+02
    endloop
  endfacet
  facet normal -3.824889e-01 9.237997e-01 1.721447e-02
    outer loop
      vertex   2.227257e+02 3.572073e+01 -1.014799e+02
      vertex   2.226775e+02 3.570074e+01 -1.014787e+02
      vertex   2.227088e+02 3.569270e+01 -1.003501e+02
    endloop
  endfacet
  facet normal -6.084863e-01 7.932436e-01 2.256291e-02
    outer loop
      vertex   2.227088e+02 3.569270e+01 -1.003501e+02
      vertex   2.226775e+02 3.570074e+01 -1.014787e+02
      vertex   2.226674e+02 3.566091e+01 -1.003492e+02
    endloop
  endfacet
  facet normal -6.084863e-01 7.932436e-01 2.256291e-02
    outer loop
      vertex   2.227088e+02 3.569270e+01 -1.003501e+02
      vertex   2.226674e+02 3.566091e+01 -1.003492e+02
      vertex   2.226988e+02 3.565286e+01 -9.922060e+01
    endloop
  endfacet
  facet normal -7.930164e-01 6.086292e-01 2.637373e-02
    outer loop
      vertex   2.226988e+02 3.565286e+01 -9.922060e+01
      vertex   2.226674e+02 3.566091e+01 -1.003492e+02
      vertex   2.226670e+02 3.561143e+01 -9.922002e+01
    endloop
  endfacet
  facet normal -7.930164e-01 6.086292e-01 2.637373e-02
    outer loop
      vertex   2.226988e+02 3.565286e+01 -9.922060e+01
      vertex   2.226670e+02 3.561143e+01 -9.922002e+01
      vertex   2.226984e+02 3.560339e+01 -9.809145e+01
    endloop
  endfacet
  facet normal -9.235037e-01 3.825377e-01 2.838723e-02
    outer loop
      vertex   2.226984e+02 3.560339e+01 -9.809145e+01
      vertex   2.226670e+02 3.561143e+01 -9.922002e+01
      vertex   2.226784e+02 3.555515e+01 -9.809124e+01
    endloop
  endfacet
  facet normal -6.084863e-01 7.932436e-01 2.256291e-02
    outer loop
      vertex   2.226674e+02 3.566091e+01 -1.003492e+02
      vertex   2.226775e+02 3.570074e+01 -1.014787e+02
      vertex   2.226361e+02 3.566895e+01 -1.014777e+02
    endloop
  endfacet
  facet normal -6.084863e-01 7.932436e-01 2.256291e-02
    outer loop
      vertex   2.227402e+02 3.568465e+01 -9.922153e+01
      vertex   2.227301e+02 3.564481e+01 -9.809204e+01
      vertex   2.227715e+02 3.567660e+01 -9.809296e+01
    endloop
  endfacet
  facet normal -6.084863e-01 7.932436e-01 2.256291e-02
    outer loop
      vertex   2.227715e+02 3.567660e+01 -9.809296e+01
      vertex   2.227301e+02 3.564481e+01 -9.809204e+01
      vertex   2.227615e+02 3.563677e+01 -9.696347e+01
    endloop
  endfacet
  facet normal -6.084863e-01 7.932436e-01 2.256291e-02
    outer loop
      vertex   2.227715e+02 3.567660e+01 -9.809296e+01
      vertex   2.227615e+02 3.563677e+01 -9.696347e+01
      vertex   2.228029e+02 3.566855e+01 -9.696439e+01
    endloop
  endfacet
  facet normal -6.084863e-01 7.932436e-01 2.256291e-02
    outer loop
      vertex   2.228029e+02 3.566855e+01 -9.696439e+01
      vertex   2.227615e+02 3.563677e+01 -9.696347e+01
      vertex   2.227928e+02 3.562872e+01 -9.583490e+01
    endloop
  endfacet
  facet normal -6.084863e-01 7.932436e-01 2.256291e-02
    outer loop
      vertex   2.228242e+02 3.562067e+01 -9.470633e+01
      vertex   2.228656e+02 3.565246e+01 -9.470726e+01
      vertex   2.228343e+02 3.566051e+01 -9.583582e+01
    endloop
  endfacet
  facet normal -3.824889e-01 9.237997e-01 1.721447e-02
    outer loop
      vertex   2.229765e+02 3.565635e+01 -9.245132e+01
      vertex   2.229283e+02 3.563637e+01 -9.245012e+01
      vertex   2.229597e+02 3.562832e+01 -9.132155e+01
    endloop
  endfacet
  facet normal -6.084863e-01 7.932436e-01 2.256291e-02
    outer loop
      vertex   2.229597e+02 3.562832e+01 -9.132155e+01
      vertex   2.229283e+02 3.563637e+01 -9.245012e+01
      vertex   2.229183e+02 3.559653e+01 -9.132063e+01
    endloop
  endfacet
  facet normal -6.084863e-01 7.932436e-01 2.256291e-02
    outer loop
      vertex   2.229597e+02 3.562832e+01 -9.132155e+01
      vertex   2.229183e+02 3.559653e+01 -9.132063e+01
      vertex   2.229496e+02 3.558848e+01 -9.019206e+01
    endloop
  endfacet
  facet normal -7.930164e-01 6.086292e-01 2.637373e-02
    outer loop
      vertex   2.229496e+02 3.558848e+01 -9.019206e+01
      vertex   2.229183e+02 3.559653e+01 -9.132063e+01
      vertex   2.229179e+02 3.554706e+01 -9.019147e+01
    endloop
  endfacet
  facet normal -7.930164e-01 6.086292e-01 2.637373e-02
    outer loop
      vertex   2.229496e+02 3.558848e+01 -9.019206e+01
      vertex   2.229179e+02 3.554706e+01 -9.019147e+01
      vertex   2.229492e+02 3.553901e+01 -8.906290e+01
    endloop
  endfacet
  facet normal -9.235037e-01 3.825377e-01 2.838723e-02
    outer loop
      vertex   2.229492e+02 3.553901e+01 -8.906290e+01
      vertex   2.229179e+02 3.554706e+01 -9.019147e+01
      vertex   2.229292e+02 3.549077e+01 -8.906269e+01
    endloop
  endfacet
  facet normal -9.235037e-01 3.825377e-01 2.838723e-02
    outer loop
      vertex   2.229492e+02 3.553901e+01 -8.906290e+01
      vertex   2.229292e+02 3.549077e+01 -8.906269e+01
      vertex   2.229606e+02 3.548273e+01 -8.793412e+01
    endloop
  endfacet
  facet normal -9.910558e-01 1.303769e-01 2.846618e-02
    outer loop
      vertex   2.229606e+02 3.548273e+01 -8.793412e+01
      vertex   2.229292e+02 3.549077e+01 -8.906269e+01
      vertex   2.230479e+02 3.540682e+01 -8.454860e+01
    endloop
  endfacet
  facet normal -6.084863e-01 7.932436e-01 2.256291e-02
    outer loop
      vertex   2.229183e+02 3.559653e+01 -9.132063e+01
      vertex   2.229283e+02 3.563637e+01 -9.245012e+01
      vertex   2.228869e+02 3.560458e+01 -9.244920e+01
    endloop
  endfacet
  facet normal -6.084863e-01 7.932436e-01 2.256291e-02
    outer loop
      vertex   2.229910e+02 3.562027e+01 -9.019298e+01
      vertex   2.229810e+02 3.558044e+01 -8.906349e+01
      vertex   2.230224e+02 3.561222e+01 -8.906441e+01
    endloop
  endfacet
  facet normal -6.084863e-01 7.932436e-01 2.256291e-02
    outer loop
      vertex   2.230224e+02 3.561222e+01 -8.906441e+01
      vertex   2.229810e+02 3.558044e+01 -8.906349e+01
      vertex   2.230123e+02 3.557239e+01 -8.793492e+01
    endloop
  endfacet
  facet normal -6.084863e-01 7.932436e-01 2.256291e-02
    outer loop
      vertex   2.230224e+02 3.561222e+01 -8.906441e+01
      vertex   2.230123e+02 3.557239e+01 -8.793492e+01
      vertex   2.230538e+02 3.560418e+01 -8.793585e+01
    endloop
  endfacet
  facet normal -6.084863e-01 7.932436e-01 2.256291e-02
    outer loop
      vertex   2.230538e+02 3.560418e+01 -8.793585e+01
      vertex   2.230123e+02 3.557239e+01 -8.793492e+01
      vertex   2.230437e+02 3.556434e+01 -8.680635e+01
    endloop
  endfacet
  facet normal -6.084863e-01 7.932436e-01 2.256291e-02
    outer loop
      vertex   2.230751e+02 3.555629e+01 -8.567779e+01
      vertex   2.231165e+02 3.558808e+01 -8.567871e+01
      vertex   2.230851e+02 3.559613e+01 -8.680728e+01
    endloop
  endfacet
  facet normal -7.930164e-01 6.086292e-01 2.637373e-02
    outer loop
      vertex   2.222284e+02 3.577357e+01 -1.161491e+02
      vertex   2.221971e+02 3.578161e+01 -1.172777e+02
      vertex   2.221966e+02 3.573214e+01 -1.161485e+02
    endloop
  endfacet
  facet normal -7.930164e-01 6.086292e-01 2.637373e-02
    outer loop
      vertex   2.221966e+02 3.573214e+01 -1.161485e+02
      vertex   2.221971e+02 3.578161e+01 -1.172777e+02
      vertex   2.221653e+02 3.574019e+01 -1.172771e+02
    endloop
  endfacet
  facet normal -9.235037e-01 3.825377e-01 2.838723e-02
    outer loop
      vertex   2.221966e+02 3.573214e+01 -1.161485e+02
      vertex   2.221653e+02 3.574019e+01 -1.172771e+02
      vertex   2.221767e+02 3.568390e+01 -1.161483e+02
    endloop
  endfacet
  facet normal -9.235037e-01 3.825377e-01 2.838723e-02
    outer loop
      vertex   2.221767e+02 3.568390e+01 -1.161483e+02
      vertex   2.221653e+02 3.574019e+01 -1.172771e+02
      vertex   2.221453e+02 3.569195e+01 -1.172769e+02
    endloop
  endfacet
  facet normal -9.910558e-01 1.303769e-01 2.846618e-02
    outer loop
      vertex   2.221767e+02 3.568390e+01 -1.161483e+02
      vertex   2.221453e+02 3.569195e+01 -1.172769e+02
      vertex   2.220758e+02 3.565628e+01 -1.195342e+02
    endloop
  endfacet
  facet normal -7.930164e-01 6.086292e-01 2.637373e-02
    outer loop
      vertex   2.222911e+02 3.575747e+01 -1.138920e+02
      vertex   2.222907e+02 3.570800e+01 -1.127628e+02
      vertex   2.223225e+02 3.574942e+01 -1.127634e+02
    endloop
  endfacet
  facet normal -7.930164e-01 6.086292e-01 2.637373e-02
    outer loop
      vertex   2.223225e+02 3.574942e+01 -1.127634e+02
      vertex   2.222907e+02 3.570800e+01 -1.127628e+02
      vertex   2.223221e+02 3.569995e+01 -1.116343e+02
    endloop
  endfacet
  facet normal -7.930164e-01 6.086292e-01 2.637373e-02
    outer loop
      vertex   2.223225e+02 3.574942e+01 -1.127634e+02
      vertex   2.223221e+02 3.569995e+01 -1.116343e+02
      vertex   2.223538e+02 3.574138e+01 -1.116349e+02
    endloop
  endfacet
  facet normal -7.930164e-01 6.086292e-01 2.637373e-02
    outer loop
      vertex   2.223538e+02 3.574138e+01 -1.116349e+02
      vertex   2.223221e+02 3.569995e+01 -1.116343e+02
      vertex   2.223534e+02 3.569190e+01 -1.105057e+02
    endloop
  endfacet
  facet normal -7.930164e-01 6.086292e-01 2.637373e-02
    outer loop
      vertex   2.224793e+02 3.570919e+01 -1.071206e+02
      vertex   2.224479e+02 3.571724e+01 -1.082491e+02
      vertex   2.224475e+02 3.566776e+01 -1.071200e+02
    endloop
  endfacet
  facet normal -7.930164e-01 6.086292e-01 2.637373e-02
    outer loop
      vertex   2.224475e+02 3.566776e+01 -1.071200e+02
      vertex   2.224479e+02 3.571724e+01 -1.082491e+02
      vertex   2.224161e+02 3.567581e+01 -1.082486e+02
    endloop
  endfacet
  facet normal -9.235037e-01 3.825377e-01 2.838723e-02
    outer loop
      vertex   2.224475e+02 3.566776e+01 -1.071200e+02
      vertex   2.224161e+02 3.567581e+01 -1.082486e+02
      vertex   2.224275e+02 3.561953e+01 -1.071198e+02
    endloop
  endfacet
  facet normal -9.235037e-01 3.825377e-01 2.838723e-02
    outer loop
      vertex   2.224275e+02 3.561953e+01 -1.071198e+02
      vertex   2.224161e+02 3.567581e+01 -1.082486e+02
      vertex   2.223962e+02 3.562757e+01 -1.082483e+02
    endloop
  endfacet
  facet normal -9.910558e-01 1.303769e-01 2.846618e-02
    outer loop
      vertex   2.224275e+02 3.561953e+01 -1.071198e+02
      vertex   2.223962e+02 3.562757e+01 -1.082483e+02
      vertex   2.220758e+02 3.565628e+01 -1.195342e+02
    endloop
  endfacet
  facet normal -7.930164e-01 6.086292e-01 2.637373e-02
    outer loop
      vertex   2.225420e+02 3.569309e+01 -1.048634e+02
      vertex   2.225416e+02 3.564362e+01 -1.037343e+02
      vertex   2.225733e+02 3.568505e+01 -1.037349e+02
    endloop
  endfacet
  facet normal -7.930164e-01 6.086292e-01 2.637373e-02
    outer loop
      vertex   2.225733e+02 3.568505e+01 -1.037349e+02
      vertex   2.225416e+02 3.564362e+01 -1.037343e+02
      vertex   2.225729e+02 3.563558e+01 -1.026057e+02
    endloop
  endfacet
  facet normal -7.930164e-01 6.086292e-01 2.637373e-02
    outer loop
      vertex   2.225733e+02 3.568505e+01 -1.037349e+02
      vertex   2.225729e+02 3.563558e+01 -1.026057e+02
      vertex   2.226047e+02 3.567700e+01 -1.026063e+02
    endloop
  endfacet
  facet normal -7.930164e-01 6.086292e-01 2.637373e-02
    outer loop
      vertex   2.226047e+02 3.567700e+01 -1.026063e+02
      vertex   2.225729e+02 3.563558e+01 -1.026057e+02
      vertex   2.226043e+02 3.562753e+01 -1.014772e+02
    endloop
  endfacet
  facet normal -7.930164e-01 6.086292e-01 2.637373e-02
    outer loop
      vertex   2.226670e+02 3.561143e+01 -9.922002e+01
      vertex   2.226674e+02 3.566091e+01 -1.003492e+02
      vertex   2.226356e+02 3.561948e+01 -1.003486e+02
    endloop
  endfacet
  facet normal -7.930164e-01 6.086292e-01 2.637373e-02
    outer loop
      vertex   2.226356e+02 3.561948e+01 -1.003486e+02
      vertex   2.226674e+02 3.566091e+01 -1.003492e+02
      vertex   2.226361e+02 3.566895e+01 -1.014777e+02
    endloop
  endfacet
  facet normal -7.930164e-01 6.086292e-01 2.637373e-02
    outer loop
      vertex   2.227301e+02 3.564481e+01 -9.809204e+01
      vertex   2.227297e+02 3.559534e+01 -9.696288e+01
      vertex   2.227615e+02 3.563677e+01 -9.696347e+01
    endloop
  endfacet
  facet normal -7.930164e-01 6.086292e-01 2.637373e-02
    outer loop
      vertex   2.227615e+02 3.563677e+01 -9.696347e+01
      vertex   2.227297e+02 3.559534e+01 -9.696288e+01
      vertex   2.227611e+02 3.558729e+01 -9.583431e+01
    endloop
  endfacet
  facet normal -7.930164e-01 6.086292e-01 2.637373e-02
    outer loop
      vertex   2.227615e+02 3.563677e+01 -9.696347e+01
      vertex   2.227611e+02 3.558729e+01 -9.583431e+01
      vertex   2.227928e+02 3.562872e+01 -9.583490e+01
    endloop
  endfacet
  facet normal -7.930164e-01 6.086292e-01 2.637373e-02
    outer loop
      vertex   2.227928e+02 3.562872e+01 -9.583490e+01
      vertex   2.227611e+02 3.558729e+01 -9.583431e+01
      vertex   2.227924e+02 3.557925e+01 -9.470574e+01
    endloop
  endfacet
  facet normal -7.930164e-01 6.086292e-01 2.637373e-02
    outer loop
      vertex   2.229183e+02 3.559653e+01 -9.132063e+01
      vertex   2.228869e+02 3.560458e+01 -9.244920e+01
      vertex   2.228865e+02 3.555510e+01 -9.132004e+01
    endloop
  endfacet
  facet normal -7.930164e-01 6.086292e-01 2.637373e-02
    outer loop
      vertex   2.228865e+02 3.555510e+01 -9.132004e+01
      vertex   2.228869e+02 3.560458e+01 -9.244920e+01
      vertex   2.228551e+02 3.556315e+01 -9.244861e+01
    endloop
  endfacet
  facet normal -9.235037e-01 3.825377e-01 2.838723e-02
    outer loop
      vertex   2.228865e+02 3.555510e+01 -9.132004e+01
      vertex   2.228551e+02 3.556315e+01 -9.244861e+01
      vertex   2.228665e+02 3.550687e+01 -9.131983e+01
    endloop
  endfacet
  facet normal -9.235037e-01 3.825377e-01 2.838723e-02
    outer loop
      vertex   2.228665e+02 3.550687e+01 -9.131983e+01
      vertex   2.228551e+02 3.556315e+01 -9.244861e+01
      vertex   2.228352e+02 3.551491e+01 -9.244840e+01
    endloop
  endfacet
  facet normal -9.910558e-01 1.303769e-01 2.846618e-02
    outer loop
      vertex   2.228665e+02 3.550687e+01 -9.131983e+01
      vertex   2.228352e+02 3.551491e+01 -9.244840e+01
      vertex   2.230479e+02 3.540682e+01 -8.454860e+01
    endloop
  endfacet
  facet normal -7.930164e-01 6.086292e-01 2.637373e-02
    outer loop
      vertex   2.229810e+02 3.558044e+01 -8.906349e+01
      vertex   2.229806e+02 3.553096e+01 -8.793434e+01
      vertex   2.230123e+02 3.557239e+01 -8.793492e+01
    endloop
  endfacet
  facet normal -7.930164e-01 6.086292e-01 2.637373e-02
    outer loop
      vertex   2.230123e+02 3.557239e+01 -8.793492e+01
      vertex   2.229806e+02 3.553096e+01 -8.793434e+01
      vertex   2.230119e+02 3.552292e+01 -8.680577e+01
    endloop
  endfacet
  facet normal -7.930164e-01 6.086292e-01 2.637373e-02
    outer loop
      vertex   2.230123e+02 3.557239e+01 -8.793492e+01
      vertex   2.230119e+02 3.552292e+01 -8.680577e+01
      vertex   2.230437e+02 3.556434e+01 -8.680635e+01
    endloop
  endfacet
  facet normal -7.930164e-01 6.086292e-01 2.637373e-02
    outer loop
      vertex   2.230437e+02 3.556434e+01 -8.680635e+01
      vertex   2.230119e+02 3.552292e+01 -8.680577e+01
      vertex   2.230433e+02 3.551487e+01 -8.567720e+01
    endloop
  endfacet
  facet normal -7.930164e-01 6.086292e-01 2.637373e-02
    outer loop
      vertex   2.222284e+02 3.577357e+01 -1.161491e+02
      vertex   2.221966e+02 3.573214e+01 -1.161485e+02
      vertex   2.222280e+02 3.572409e+01 -1.150200e+02
    endloop
  endfacet
  facet normal -9.235037e-01 3.825377e-01 2.838723e-02
    outer loop
      vertex   2.222280e+02 3.572409e+01 -1.150200e+02
      vertex   2.221966e+02 3.573214e+01 -1.161485e+02
      vertex   2.222080e+02 3.567586e+01 -1.150198e+02
    endloop
  endfacet
  facet normal -9.235037e-01 3.825377e-01 2.838723e-02
    outer loop
      vertex   2.222280e+02 3.572409e+01 -1.150200e+02
      vertex   2.222080e+02 3.567586e+01 -1.150198e+02
      vertex   2.222394e+02 3.566781e+01 -1.138912e+02
    endloop
  endfacet
  facet normal -9.910558e-01 1.303769e-01 2.846618e-02
    outer loop
      vertex   2.222394e+02 3.566781e+01 -1.138912e+02
      vertex   2.222080e+02 3.567586e+01 -1.150198e+02
      vertex   2.220758e+02 3.565628e+01 -1.195342e+02
    endloop
  endfacet
  facet normal -9.235037e-01 3.825377e-01 2.838723e-02
    outer loop
      vertex   2.222080e+02 3.567586e+01 -1.150198e+02
      vertex   2.221966e+02 3.573214e+01 -1.161485e+02
      vertex   2.221767e+02 3.568390e+01 -1.161483e+02
    endloop
  endfacet
  facet normal -9.235037e-01 3.825377e-01 2.838723e-02
    outer loop
      vertex   2.223335e+02 3.564367e+01 -1.105055e+02
      vertex   2.223534e+02 3.569190e+01 -1.105057e+02
      vertex   2.223221e+02 3.569995e+01 -1.116343e+02
    endloop
  endfacet
  facet normal -9.235037e-01 3.825377e-01 2.838723e-02
    outer loop
      vertex   2.223335e+02 3.564367e+01 -1.105055e+02
      vertex   2.223221e+02 3.569995e+01 -1.116343e+02
      vertex   2.223021e+02 3.565171e+01 -1.116341e+02
    endloop
  endfacet
  facet normal -9.235037e-01 3.825377e-01 2.838723e-02
    outer loop
      vertex   2.223021e+02 3.565171e+01 -1.116341e+02
      vertex   2.223221e+02 3.569995e+01 -1.116343e+02
      vertex   2.222907e+02 3.570800e+01 -1.127628e+02
    endloop
  endfacet
  facet normal -7.930164e-01 6.086292e-01 2.637373e-02
    outer loop
      vertex   2.224793e+02 3.570919e+01 -1.071206e+02
      vertex   2.224475e+02 3.566776e+01 -1.071200e+02
      vertex   2.224789e+02 3.565972e+01 -1.059914e+02
    endloop
  endfacet
  facet normal -9.235037e-01 3.825377e-01 2.838723e-02
    outer loop
      vertex   2.224789e+02 3.565972e+01 -1.059914e+02
      vertex   2.224475e+02 3.566776e+01 -1.071200e+02
      vertex   2.224589e+02 3.561148e+01 -1.059912e+02
    endloop
  endfacet
  facet normal -9.235037e-01 3.825377e-01 2.838723e-02
    outer loop
      vertex   2.224789e+02 3.565972e+01 -1.059914e+02
      vertex   2.224589e+02 3.561148e+01 -1.059912e+02
      vertex   2.224902e+02 3.560343e+01 -1.048626e+02
    endloop
  endfacet
  facet normal -9.910558e-01 1.303769e-01 2.846618e-02
    outer loop
      vertex   2.224902e+02 3.560343e+01 -1.048626e+02
      vertex   2.224589e+02 3.561148e+01 -1.059912e+02
      vertex   2.220758e+02 3.565628e+01 -1.195342e+02
    endloop
  endfacet
  facet normal -9.235037e-01 3.825377e-01 2.838723e-02
    outer loop
      vertex   2.224589e+02 3.561148e+01 -1.059912e+02
      vertex   2.224475e+02 3.566776e+01 -1.071200e+02
      vertex   2.224275e+02 3.561953e+01 -1.071198e+02
    endloop
  endfacet
  facet normal -9.235037e-01 3.825377e-01 2.838723e-02
    outer loop
      vertex   2.225416e+02 3.564362e+01 -1.037343e+02
      vertex   2.225530e+02 3.558734e+01 -1.026055e+02
      vertex   2.225729e+02 3.563558e+01 -1.026057e+02
    endloop
  endfacet
  facet normal -9.235037e-01 3.825377e-01 2.838723e-02
    outer loop
      vertex   2.225729e+02 3.563558e+01 -1.026057e+02
      vertex   2.225530e+02 3.558734e+01 -1.026055e+02
      vertex   2.225843e+02 3.557929e+01 -1.014769e+02
    endloop
  endfacet
  facet normal -9.235037e-01 3.825377e-01 2.838723e-02
    outer loop
      vertex   2.225729e+02 3.563558e+01 -1.026057e+02
      vertex   2.225843e+02 3.557929e+01 -1.014769e+02
      vertex   2.226043e+02 3.562753e+01 -1.014772e+02
    endloop
  endfacet
  facet normal -9.235037e-01 3.825377e-01 2.838723e-02
    outer loop
      vertex   2.226043e+02 3.562753e+01 -1.014772e+02
      vertex   2.225843e+02 3.557929e+01 -1.014769e+02
      vertex   2.226157e+02 3.557124e+01 -1.003484e+02
    endloop
  endfacet
  facet normal -9.235037e-01 3.825377e-01 2.838723e-02
    outer loop
      vertex   2.226784e+02 3.555515e+01 -9.809124e+01
      vertex   2.226670e+02 3.561143e+01 -9.922002e+01
      vertex   2.226470e+02 3.556320e+01 -9.921980e+01
    endloop
  endfacet
  facet normal -9.235037e-01 3.825377e-01 2.838723e-02
    outer loop
      vertex   2.226470e+02 3.556320e+01 -9.921980e+01
      vertex   2.226670e+02 3.561143e+01 -9.922002e+01
      vertex   2.226356e+02 3.561948e+01 -1.003486e+02
    endloop
  endfacet
  facet normal -9.235037e-01 3.825377e-01 2.838723e-02
    outer loop
      vertex   2.227725e+02 3.553101e+01 -9.470553e+01
      vertex   2.227924e+02 3.557925e+01 -9.470574e+01
      vertex   2.227611e+02 3.558729e+01 -9.583431e+01
    endloop
  endfacet
  facet normal -9.235037e-01 3.825377e-01 2.838723e-02
    outer loop
      vertex   2.227725e+02 3.553101e+01 -9.470553e+01
      vertex   2.227611e+02 3.558729e+01 -9.583431e+01
      vertex   2.227411e+02 3.553906e+01 -9.583410e+01
    endloop
  endfacet
  facet normal -9.235037e-01 3.825377e-01 2.838723e-02
    outer loop
      vertex   2.227411e+02 3.553906e+01 -9.583410e+01
      vertex   2.227611e+02 3.558729e+01 -9.583431e+01
      vertex   2.227297e+02 3.559534e+01 -9.696288e+01
    endloop
  endfacet
  facet normal -7.930164e-01 6.086292e-01 2.637373e-02
    outer loop
      vertex   2.229183e+02 3.559653e+01 -9.132063e+01
      vertex   2.228865e+02 3.555510e+01 -9.132004e+01
      vertex   2.229179e+02 3.554706e+01 -9.019147e+01
    endloop
  endfacet
  facet normal -9.235037e-01 3.825377e-01 2.838723e-02
    outer loop
      vertex   2.229179e+02 3.554706e+01 -9.019147e+01
      vertex   2.228865e+02 3.555510e+01 -9.132004e+01
      vertex   2.228979e+02 3.549882e+01 -9.019126e+01
    endloop
  endfacet
  facet normal -9.235037e-01 3.825377e-01 2.838723e-02
    outer loop
      vertex   2.229179e+02 3.554706e+01 -9.019147e+01
      vertex   2.228979e+02 3.549882e+01 -9.019126e+01
      vertex   2.229292e+02 3.549077e+01 -8.906269e+01
    endloop
  endfacet
  facet normal -9.910558e-01 1.303769e-01 2.846618e-02
    outer loop
      vertex   2.229292e+02 3.549077e+01 -8.906269e+01
      vertex   2.228979e+02 3.549882e+01 -9.019126e+01
      vertex   2.230479e+02 3.540682e+01 -8.454860e+01
    endloop
  endfacet
  facet normal -9.235037e-01 3.825377e-01 2.838723e-02
    outer loop
      vertex   2.228979e+02 3.549882e+01 -9.019126e+01
      vertex   2.228865e+02 3.555510e+01 -9.132004e+01
      vertex   2.228665e+02 3.550687e+01 -9.131983e+01
    endloop
  endfacet
  facet normal -9.235037e-01 3.825377e-01 2.838723e-02
    outer loop
      vertex   2.230233e+02 3.546663e+01 -8.567699e+01
      vertex   2.230433e+02 3.551487e+01 -8.567720e+01
      vertex   2.230119e+02 3.552292e+01 -8.680577e+01
    endloop
  endfacet
  facet normal -9.235037e-01 3.825377e-01 2.838723e-02
    outer loop
      vertex   2.230233e+02 3.546663e+01 -8.567699e+01
      vertex   2.230119e+02 3.552292e+01 -8.680577e+01
      vertex   2.229920e+02 3.547468e+01 -8.680556e+01
    endloop
  endfacet
  facet normal -9.235037e-01 3.825377e-01 2.838723e-02
    outer loop
      vertex   2.229920e+02 3.547468e+01 -8.680556e+01
      vertex   2.230119e+02 3.552292e+01 -8.680577e+01
      vertex   2.229806e+02 3.553096e+01 -8.793434e+01
    endloop
  endfacet
  facet normal -9.910558e-01 1.303769e-01 2.846618e-02
    outer loop
      vertex   2.220758e+02 3.565628e+01 -1.195342e+02
      vertex   2.222080e+02 3.567586e+01 -1.150198e+02
      vertex   2.221767e+02 3.568390e+01 -1.161483e+02
    endloop
  endfacet
  facet normal -9.910558e-01 1.303769e-01 2.846618e-02
    outer loop
      vertex   2.220758e+02 3.565628e+01 -1.195342e+02
      vertex   2.224589e+02 3.561148e+01 -1.059912e+02
      vertex   2.224275e+02 3.561953e+01 -1.071198e+02
    endloop
  endfacet
  facet normal -9.910558e-01 1.303769e-01 2.846618e-02
    outer loop
      vertex   2.230479e+02 3.540682e+01 -8.454860e+01
      vertex   2.226157e+02 3.557124e+01 -1.003484e+02
      vertex   2.225843e+02 3.557929e+01 -1.014769e+02
    endloop
  endfacet
  facet normal -9.910558e-01 1.303769e-01 2.846618e-02
    outer loop
      vertex   2.225843e+02 3.557929e+01 -1.014769e+02
      vertex   2.225530e+02 3.558734e+01 -1.026055e+02
      vertex   2.230479e+02 3.540682e+01 -8.454860e+01
    endloop
  endfacet
  facet normal -9.910558e-01 1.303769e-01 2.846618e-02
    outer loop
      vertex   2.230479e+02 3.540682e+01 -8.454860e+01
      vertex   2.228979e+02 3.549882e+01 -9.019126e+01
      vertex   2.228665e+02 3.550687e+01 -9.131983e+01
    endloop
  endfacet
  facet normal 5.081545e-05 9.999746e-01 7.128729e-03
    outer loop
      vertex   2.232478e+02 3.560685e+01 -8.455273e+01
      vertex   2.235421e+02 3.561617e+01 -8.586278e+01
      vertex   2.222757e+02 3.585630e+01 -1.195383e+02
    endloop
  endfacet
  facet normal 5.081992e-05 9.999746e-01 7.128729e-03
    outer loop
      vertex   2.222757e+02 3.585630e+01 -1.195383e+02
      vertex   2.235421e+02 3.561617e+01 -8.586278e+01
      vertex   2.236098e+02 3.561797e+01 -8.611533e+01
    endloop
  endfacet
  facet normal 5.081998e-05 9.999746e-01 7.128729e-03
    outer loop
      vertex   2.222757e+02 3.585630e+01 -1.195383e+02
      vertex   2.236098e+02 3.561797e+01 -8.611533e+01
      vertex   2.237203e+02 3.561965e+01 -8.635229e+01
    endloop
  endfacet
  facet normal 5.082007e-05 9.999746e-01 7.128729e-03
    outer loop
      vertex   2.232778e+02 3.560484e+01 -8.427188e+01
      vertex   2.233513e+02 3.560289e+01 -8.399917e+01
      vertex   2.232478e+02 3.560685e+01 -8.455273e+01
    endloop
  endfacet
  facet normal 5.081680e-05 9.999746e-01 7.128730e-03
    outer loop
      vertex   2.232478e+02 3.560685e+01 -8.455273e+01
      vertex   2.233513e+02 3.560289e+01 -8.399917e+01
      vertex   2.235193e+02 3.561431e+01 -8.560231e+01
    endloop
  endfacet
  facet normal 5.081156e-05 9.999746e-01 7.128728e-03
    outer loop
      vertex   2.232478e+02 3.560685e+01 -8.455273e+01
      vertex   2.235193e+02 3.561431e+01 -8.560231e+01
      vertex   2.235421e+02 3.561617e+01 -8.586278e+01
    endloop
  endfacet
  facet normal 5.081834e-05 9.999746e-01 7.128730e-03
    outer loop
      vertex   2.233513e+02 3.560289e+01 -8.399917e+01
      vertex   2.234666e+02 3.560105e+01 -8.374133e+01
      vertex   2.235193e+02 3.561431e+01 -8.560231e+01
    endloop
  endfacet
  facet normal 5.081298e-05 9.999746e-01 7.128730e-03
    outer loop
      vertex   2.235193e+02 3.561431e+01 -8.560231e+01
      vertex   2.234666e+02 3.560105e+01 -8.374133e+01
      vertex   2.235421e+02 3.561246e+01 -8.534184e+01
    endloop
  endfacet
  facet normal 5.081870e-05 9.999746e-01 7.128730e-03
    outer loop
      vertex   2.235421e+02 3.561246e+01 -8.534184e+01
      vertex   2.234666e+02 3.560105e+01 -8.374133e+01
      vertex   2.236208e+02 3.559936e+01 -8.350470e+01
    endloop
  endfacet
  facet normal 5.081637e-05 9.999746e-01 7.128730e-03
    outer loop
      vertex   2.235421e+02 3.561246e+01 -8.534184e+01
      vertex   2.236208e+02 3.559936e+01 -8.350470e+01
      vertex   2.236098e+02 3.561065e+01 -8.508929e+01
    endloop
  endfacet
  facet normal 5.081797e-05 9.999746e-01 7.128730e-03
    outer loop
      vertex   2.236098e+02 3.561065e+01 -8.508929e+01
      vertex   2.236208e+02 3.559936e+01 -8.350470e+01
      vertex   2.237203e+02 3.560896e+01 -8.485233e+01
    endloop
  endfacet
  facet normal 5.081891e-05 9.999746e-01 7.128730e-03
    outer loop
      vertex   2.237203e+02 3.560896e+01 -8.485233e+01
      vertex   2.236208e+02 3.559936e+01 -8.350470e+01
      vertex   2.238101e+02 3.559785e+01 -8.329510e+01
    endloop
  endfacet
  facet normal 5.081854e-05 9.999746e-01 7.128730e-03
    outer loop
      vertex   2.237203e+02 3.560896e+01 -8.485233e+01
      vertex   2.238101e+02 3.559785e+01 -8.329510e+01
      vertex   2.238703e+02 3.560742e+01 -8.463815e+01
    endloop
  endfacet
  facet normal 5.081918e-05 9.999746e-01 7.128730e-03
    outer loop
      vertex   2.238703e+02 3.560742e+01 -8.463815e+01
      vertex   2.238101e+02 3.559785e+01 -8.329510e+01
      vertex   2.240299e+02 3.559658e+01 -8.311770e+01
    endloop
  endfacet
  facet normal 5.081894e-05 9.999746e-01 7.128730e-03
    outer loop
      vertex   2.238703e+02 3.560742e+01 -8.463815e+01
      vertex   2.240299e+02 3.559658e+01 -8.311770e+01
      vertex   2.240551e+02 3.560610e+01 -8.445327e+01
    endloop
  endfacet
  facet normal 5.081942e-05 9.999746e-01 7.128730e-03
    outer loop
      vertex   2.240551e+02 3.560610e+01 -8.445327e+01
      vertex   2.240299e+02 3.559658e+01 -8.311770e+01
      vertex   2.242748e+02 3.559556e+01 -8.297687e+01
    endloop
  endfacet
  facet normal 5.081926e-05 9.999746e-01 7.128730e-03
    outer loop
      vertex   2.240551e+02 3.560610e+01 -8.445327e+01
      vertex   2.242748e+02 3.559556e+01 -8.297687e+01
      vertex   2.242693e+02 3.560502e+01 -8.430330e+01
    endloop
  endfacet
  facet normal 5.081963e-05 9.999746e-01 7.128730e-03
    outer loop
      vertex   2.242693e+02 3.560502e+01 -8.430330e+01
      vertex   2.242748e+02 3.559556e+01 -8.297687e+01
      vertex   2.245386e+02 3.559483e+01 -8.287607e+01
    endloop
  endfacet
  facet normal 5.081952e-05 9.999746e-01 7.128730e-03
    outer loop
      vertex   2.242693e+02 3.560502e+01 -8.430330e+01
      vertex   2.245386e+02 3.559483e+01 -8.287607e+01
      vertex   2.245063e+02 3.560422e+01 -8.419281e+01
    endloop
  endfacet
  facet normal 5.081975e-05 9.999746e-01 7.128730e-03
    outer loop
      vertex   2.245063e+02 3.560422e+01 -8.419281e+01
      vertex   2.245386e+02 3.559483e+01 -8.287607e+01
      vertex   2.247588e+02 3.560372e+01 -8.412514e+01
    endloop
  endfacet
  facet normal 5.081982e-05 9.999746e-01 7.128730e-03
    outer loop
      vertex   2.247588e+02 3.560372e+01 -8.412514e+01
      vertex   2.245386e+02 3.559483e+01 -8.287607e+01
      vertex   2.248150e+02 3.559440e+01 -8.281779e+01
    endloop
  endfacet
  facet normal 5.081996e-05 9.999746e-01 7.128730e-03
    outer loop
      vertex   2.247588e+02 3.560372e+01 -8.412514e+01
      vertex   2.248150e+02 3.559440e+01 -8.281779e+01
      vertex   2.250193e+02 3.560354e+01 -8.410235e+01
    endloop
  endfacet
  facet normal 5.082001e-05 9.999746e-01 7.128730e-03
    outer loop
      vertex   2.250193e+02 3.560354e+01 -8.410235e+01
      vertex   2.248150e+02 3.559440e+01 -8.281779e+01
      vertex   2.250971e+02 3.559428e+01 -8.280346e+01
    endloop
  endfacet
  facet normal 5.082017e-05 9.999746e-01 7.128730e-03
    outer loop
      vertex   2.250193e+02 3.560354e+01 -8.410235e+01
      vertex   2.250971e+02 3.559428e+01 -8.280346e+01
      vertex   2.252798e+02 3.560369e+01 -8.412514e+01
    endloop
  endfacet
  facet normal 5.082019e-05 9.999746e-01 7.128730e-03
    outer loop
      vertex   2.252798e+02 3.560369e+01 -8.412514e+01
      vertex   2.250971e+02 3.559428e+01 -8.280346e+01
      vertex   2.253779e+02 3.559448e+01 -8.283343e+01
    endloop
  endfacet
  facet normal 5.082038e-05 9.999746e-01 7.128730e-03
    outer loop
      vertex   2.252798e+02 3.560369e+01 -8.412514e+01
      vertex   2.253779e+02 3.559448e+01 -8.283343e+01
      vertex   2.255323e+02 3.560416e+01 -8.419281e+01
    endloop
  endfacet
  facet normal 5.082038e-05 9.999746e-01 7.128730e-03
    outer loop
      vertex   2.255323e+02 3.560416e+01 -8.419281e+01
      vertex   2.253779e+02 3.559448e+01 -8.283343e+01
      vertex   2.256507e+02 3.559499e+01 -8.290697e+01
    endloop
  endfacet
  facet normal 5.082060e-05 9.999746e-01 7.128730e-03
    outer loop
      vertex   2.255323e+02 3.560416e+01 -8.419281e+01
      vertex   2.256507e+02 3.559499e+01 -8.290697e+01
      vertex   2.257693e+02 3.560494e+01 -8.430330e+01
    endloop
  endfacet
  facet normal 5.082058e-05 9.999746e-01 7.128730e-03
    outer loop
      vertex   2.257693e+02 3.560494e+01 -8.430330e+01
      vertex   2.256507e+02 3.559499e+01 -8.290697e+01
      vertex   2.259085e+02 3.559580e+01 -8.302226e+01
    endloop
  endfacet
  facet normal 5.082084e-05 9.999746e-01 7.128730e-03
    outer loop
      vertex   2.257693e+02 3.560494e+01 -8.430330e+01
      vertex   2.259085e+02 3.559580e+01 -8.302226e+01
      vertex   2.259835e+02 3.560600e+01 -8.445327e+01
    endloop
  endfacet
  facet normal 5.082079e-05 9.999746e-01 7.128730e-03
    outer loop
      vertex   2.259835e+02 3.560600e+01 -8.445327e+01
      vertex   2.259085e+02 3.559580e+01 -8.302226e+01
      vertex   2.261451e+02 3.559689e+01 -8.317647e+01
    endloop
  endfacet
  facet normal 5.082113e-05 9.999746e-01 7.128730e-03
    outer loop
      vertex   2.259835e+02 3.560600e+01 -8.445327e+01
      vertex   2.261451e+02 3.559689e+01 -8.317647e+01
      vertex   2.261684e+02 3.560731e+01 -8.463815e+01
    endloop
  endfacet
  facet normal 5.082103e-05 9.999746e-01 7.128730e-03
    outer loop
      vertex   2.261684e+02 3.560731e+01 -8.463815e+01
      vertex   2.261451e+02 3.559689e+01 -8.317647e+01
      vertex   2.263547e+02 3.559823e+01 -8.336580e+01
    endloop
  endfacet
  facet normal 5.082149e-05 9.999746e-01 7.128730e-03
    outer loop
      vertex   2.261684e+02 3.560731e+01 -8.463815e+01
      vertex   2.263547e+02 3.559823e+01 -8.336580e+01
      vertex   2.263184e+02 3.560883e+01 -8.485233e+01
    endloop
  endfacet
  facet normal 5.082216e-05 9.999746e-01 7.128730e-03
    outer loop
      vertex   2.263184e+02 3.560883e+01 -8.485233e+01
      vertex   2.263547e+02 3.559823e+01 -8.336580e+01
      vertex   2.264289e+02 3.561051e+01 -8.508929e+01
    endloop
  endfacet
  facet normal 5.082123e-05 9.999746e-01 7.128730e-03
    outer loop
      vertex   2.264289e+02 3.561051e+01 -8.508929e+01
      vertex   2.263547e+02 3.559823e+01 -8.336580e+01
      vertex   2.265321e+02 3.559978e+01 -8.358559e+01
    endloop
  endfacet
  facet normal 5.082309e-05 9.999746e-01 7.128730e-03
    outer loop
      vertex   2.264289e+02 3.561051e+01 -8.508929e+01
      vertex   2.265321e+02 3.559978e+01 -8.358559e+01
      vertex   2.264965e+02 3.561231e+01 -8.534184e+01
    endloop
  endfacet
  facet normal 5.082153e-05 9.999746e-01 7.128730e-03
    outer loop
      vertex   2.264965e+02 3.561231e+01 -8.534184e+01
      vertex   2.265321e+02 3.559978e+01 -8.358559e+01
      vertex   2.266730e+02 3.560152e+01 -8.383042e+01
    endloop
  endfacet
  facet normal 5.092587e-05 9.999746e-01 7.128718e-03
    outer loop
      vertex   2.264965e+02 3.561231e+01 -8.534184e+01
      vertex   2.266730e+02 3.560152e+01 -8.383042e+01
      vertex   2.265193e+02 3.561416e+01 -8.560231e+01
    endloop
  endfacet
  facet normal 5.081545e-05 9.999746e-01 7.128727e-03
    outer loop
      vertex   2.265193e+02 3.561416e+01 -8.560231e+01
      vertex   2.266730e+02 3.560152e+01 -8.383042e+01
      vertex   2.267738e+02 3.560340e+01 -8.409426e+01
    endloop
  endfacet
  facet normal 5.081155e-05 9.999746e-01 7.128728e-03
    outer loop
      vertex   2.265193e+02 3.561416e+01 -8.560231e+01
      vertex   2.267738e+02 3.560340e+01 -8.409426e+01
      vertex   2.268464e+02 3.560738e+01 -8.465271e+01
    endloop
  endfacet
  facet normal 5.082007e-05 9.999746e-01 7.128729e-03
    outer loop
      vertex   2.268464e+02 3.560738e+01 -8.465271e+01
      vertex   2.267738e+02 3.560340e+01 -8.409426e+01
      vertex   2.268321e+02 3.560537e+01 -8.437063e+01
    endloop
  endfacet
  facet normal 5.072419e-05 9.999746e-01 7.128758e-03
    outer loop
      vertex   2.265193e+02 3.561416e+01 -8.560231e+01
      vertex   2.268464e+02 3.560738e+01 -8.465271e+01
      vertex   2.264965e+02 3.561602e+01 -8.586278e+01
    endloop
  endfacet
  facet normal 5.082490e-05 9.999746e-01 7.128729e-03
    outer loop
      vertex   2.264965e+02 3.561602e+01 -8.586278e+01
      vertex   2.268464e+02 3.560738e+01 -8.465271e+01
      vertex   2.258743e+02 3.585683e+01 -1.196383e+02
    endloop
  endfacet
  facet normal 5.082025e-05 9.999746e-01 7.128729e-03
    outer loop
      vertex   2.264965e+02 3.561602e+01 -8.586278e+01
      vertex   2.258743e+02 3.585683e+01 -1.196383e+02
      vertex   2.264289e+02 3.561782e+01 -8.611533e+01
    endloop
  endfacet
  facet normal 5.082017e-05 9.999746e-01 7.128729e-03
    outer loop
      vertex   2.264289e+02 3.561782e+01 -8.611533e+01
      vertex   2.258743e+02 3.585683e+01 -1.196383e+02
      vertex   2.263184e+02 3.561952e+01 -8.635229e+01
    endloop
  endfacet
  facet normal 5.082013e-05 9.999746e-01 7.128729e-03
    outer loop
      vertex   2.263184e+02 3.561952e+01 -8.635229e+01
      vertex   2.258743e+02 3.585683e+01 -1.196383e+02
      vertex   2.261684e+02 3.562105e+01 -8.656647e+01
    endloop
  endfacet
  facet normal 5.082011e-05 9.999746e-01 7.128729e-03
    outer loop
      vertex   2.261684e+02 3.562105e+01 -8.656647e+01
      vertex   2.258743e+02 3.585683e+01 -1.196383e+02
      vertex   2.259835e+02 3.562238e+01 -8.675135e+01
    endloop
  endfacet
  facet normal 5.082010e-05 9.999746e-01 7.128729e-03
    outer loop
      vertex   2.259835e+02 3.562238e+01 -8.675135e+01
      vertex   2.258743e+02 3.585683e+01 -1.196383e+02
      vertex   2.257693e+02 3.562346e+01 -8.690131e+01
    endloop
  endfacet
  facet normal 5.082009e-05 9.999746e-01 7.128729e-03
    outer loop
      vertex   2.257693e+02 3.562346e+01 -8.690131e+01
      vertex   2.258743e+02 3.585683e+01 -1.196383e+02
      vertex   2.255324e+02 3.562426e+01 -8.701181e+01
    endloop
  endfacet
  facet normal 5.082008e-05 9.999746e-01 7.128729e-03
    outer loop
      vertex   2.255324e+02 3.562426e+01 -8.701181e+01
      vertex   2.258743e+02 3.585683e+01 -1.196383e+02
      vertex   2.252798e+02 3.562476e+01 -8.707948e+01
    endloop
  endfacet
  facet normal 5.082007e-05 9.999746e-01 7.128729e-03
    outer loop
      vertex   2.252798e+02 3.562476e+01 -8.707948e+01
      vertex   2.258743e+02 3.585683e+01 -1.196383e+02
      vertex   2.250193e+02 3.562493e+01 -8.710227e+01
    endloop
  endfacet
  facet normal 5.082007e-05 9.999746e-01 7.128729e-03
    outer loop
      vertex   2.250193e+02 3.562493e+01 -8.710227e+01
      vertex   2.258743e+02 3.585683e+01 -1.196383e+02
      vertex   2.222757e+02 3.585630e+01 -1.195383e+02
    endloop
  endfacet
  facet normal 5.082006e-05 9.999746e-01 7.128729e-03
    outer loop
      vertex   2.250193e+02 3.562493e+01 -8.710227e+01
      vertex   2.222757e+02 3.585630e+01 -1.195383e+02
      vertex   2.247588e+02 3.562478e+01 -8.707948e+01
    endloop
  endfacet
  facet normal 5.082005e-05 9.999746e-01 7.128729e-03
    outer loop
      vertex   2.247588e+02 3.562478e+01 -8.707948e+01
      vertex   2.222757e+02 3.585630e+01 -1.195383e+02
      vertex   2.245063e+02 3.562431e+01 -8.701181e+01
    endloop
  endfacet
  facet normal 5.082005e-05 9.999746e-01 7.128729e-03
    outer loop
      vertex   2.245063e+02 3.562431e+01 -8.701181e+01
      vertex   2.222757e+02 3.585630e+01 -1.195383e+02
      vertex   2.242693e+02 3.562354e+01 -8.690131e+01
    endloop
  endfacet
  facet normal 5.082004e-05 9.999746e-01 7.128729e-03
    outer loop
      vertex   2.242693e+02 3.562354e+01 -8.690131e+01
      vertex   2.222757e+02 3.585630e+01 -1.195383e+02
      vertex   2.240551e+02 3.562248e+01 -8.675135e+01
    endloop
  endfacet
  facet normal 5.082002e-05 9.999746e-01 7.128729e-03
    outer loop
      vertex   2.240551e+02 3.562248e+01 -8.675135e+01
      vertex   2.222757e+02 3.585630e+01 -1.195383e+02
      vertex   2.238703e+02 3.562117e+01 -8.656647e+01
    endloop
  endfacet
  facet normal 5.082001e-05 9.999746e-01 7.128729e-03
    outer loop
      vertex   2.238703e+02 3.562117e+01 -8.656647e+01
      vertex   2.222757e+02 3.585630e+01 -1.195383e+02
      vertex   2.237203e+02 3.561965e+01 -8.635229e+01
    endloop
  endfacet
  facet normal 9.996142e-01 1.471916e-04 -2.777330e-02
    outer loop
      vertex   2.270462e+02 3.280748e+01 -8.467823e+01
      vertex   2.260741e+02 3.305693e+01 -1.196638e+02
      vertex   2.270463e+02 3.540741e+01 -8.465969e+01
    endloop
  endfacet
  facet normal 9.996142e-01 1.471916e-04 -2.777330e-02
    outer loop
      vertex   2.270463e+02 3.540741e+01 -8.465969e+01
      vertex   2.260741e+02 3.305693e+01 -1.196638e+02
      vertex   2.260742e+02 3.565687e+01 -1.196453e+02
    endloop
  endfacet
  facet normal -9.947436e-01 -6.794106e-04 1.023950e-01
    outer loop
      vertex   2.230479e+02 3.540682e+01 -8.454860e+01
      vertex   2.230477e+02 3.280689e+01 -8.456713e+01
      vertex   2.230785e+02 3.540470e+01 -8.425126e+01
    endloop
  endfacet
  facet normal -9.947436e-01 -6.794106e-04 1.023950e-01
    outer loop
      vertex   2.230785e+02 3.540470e+01 -8.425126e+01
      vertex   2.230477e+02 3.280689e+01 -8.456713e+01
      vertex   2.230783e+02 3.280477e+01 -8.426979e+01
    endloop
  endfacet
  facet normal -9.683716e-01 -1.729495e-03 2.495064e-01
    outer loop
      vertex   2.230785e+02 3.540470e+01 -8.425126e+01
      vertex   2.230783e+02 3.280477e+01 -8.426979e+01
      vertex   2.231530e+02 3.540263e+01 -8.396180e+01
    endloop
  endfacet
  facet normal -9.683716e-01 -1.729495e-03 2.495064e-01
    outer loop
      vertex   2.231530e+02 3.540263e+01 -8.396180e+01
      vertex   2.230783e+02 3.280477e+01 -8.426979e+01
      vertex   2.231529e+02 3.280270e+01 -8.398033e+01
    endloop
  endfacet
  facet normal -9.203678e-01 -2.740945e-03 3.910442e-01
    outer loop
      vertex   2.231530e+02 3.540263e+01 -8.396180e+01
      vertex   2.231529e+02 3.280270e+01 -8.398033e+01
      vertex   2.232699e+02 3.540067e+01 -8.368669e+01
    endloop
  endfacet
  facet normal -9.203678e-01 -2.740945e-03 3.910442e-01
    outer loop
      vertex   2.232699e+02 3.540067e+01 -8.368669e+01
      vertex   2.231529e+02 3.280270e+01 -8.398033e+01
      vertex   2.232698e+02 3.280073e+01 -8.370522e+01
    endloop
  endfacet
  facet normal -8.518045e-01 -3.691167e-03 5.238468e-01
    outer loop
      vertex   2.232699e+02 3.540067e+01 -8.368669e+01
      vertex   2.232698e+02 3.280073e+01 -8.370522e+01
      vertex   2.234265e+02 3.539884e+01 -8.343208e+01
    endloop
  endfacet
  facet normal -8.518045e-01 -3.691167e-03 5.238468e-01
    outer loop
      vertex   2.234265e+02 3.539884e+01 -8.343208e+01
      vertex   2.232698e+02 3.280073e+01 -8.370522e+01
      vertex   2.234264e+02 3.279891e+01 -8.345061e+01
    endloop
  endfacet
  facet normal -7.642133e-01 -4.558934e-03 6.449475e-01
    outer loop
      vertex   2.234265e+02 3.539884e+01 -8.343208e+01
      vertex   2.234264e+02 3.279891e+01 -8.345061e+01
      vertex   2.236193e+02 3.539720e+01 -8.320364e+01
    endloop
  endfacet
  facet normal -7.642133e-01 -4.558934e-03 6.449475e-01
    outer loop
      vertex   2.236193e+02 3.539720e+01 -8.320364e+01
      vertex   2.234264e+02 3.279891e+01 -8.345061e+01
      vertex   2.236192e+02 3.279727e+01 -8.322218e+01
    endloop
  endfacet
  facet normal -6.595508e-01 -5.324863e-03 7.516411e-01
    outer loop
      vertex   2.236193e+02 3.539720e+01 -8.320364e+01
      vertex   2.236192e+02 3.279727e+01 -8.322218e+01
      vertex   2.238440e+02 3.539579e+01 -8.300649e+01
    endloop
  endfacet
  facet normal -6.595508e-01 -5.324863e-03 7.516411e-01
    outer loop
      vertex   2.238440e+02 3.539579e+01 -8.300649e+01
      vertex   2.236192e+02 3.279727e+01 -8.322218e+01
      vertex   2.238439e+02 3.279585e+01 -8.302503e+01
    endloop
  endfacet
  facet normal -5.401551e-01 -5.971842e-03 8.415443e-01
    outer loop
      vertex   2.238440e+02 3.539579e+01 -8.300649e+01
      vertex   2.238439e+02 3.279585e+01 -8.302503e+01
      vertex   2.240956e+02 3.539462e+01 -8.284503e+01
    endloop
  endfacet
  facet normal -5.401551e-01 -5.971842e-03 8.415443e-01
    outer loop
      vertex   2.240956e+02 3.539462e+01 -8.284503e+01
      vertex   2.238439e+02 3.279585e+01 -8.302503e+01
      vertex   2.240954e+02 3.279469e+01 -8.286357e+01
    endloop
  endfacet
  facet normal -4.086932e-01 -6.485421e-03 9.126488e-01
    outer loop
      vertex   2.240956e+02 3.539462e+01 -8.284503e+01
      vertex   2.240954e+02 3.279469e+01 -8.286357e+01
      vertex   2.243684e+02 3.539374e+01 -8.272287e+01
    endloop
  endfacet
  facet normal -4.086932e-01 -6.485421e-03 9.126488e-01
    outer loop
      vertex   2.243684e+02 3.539374e+01 -8.272287e+01
      vertex   2.240954e+02 3.279469e+01 -8.286357e+01
      vertex   2.243683e+02 3.279380e+01 -8.274141e+01
    endloop
  endfacet
  facet normal -2.681017e-01 -6.854126e-03 9.633662e-01
    outer loop
      vertex   2.243684e+02 3.539374e+01 -8.272287e+01
      vertex   2.243683e+02 3.279380e+01 -8.274141e+01
      vertex   2.246564e+02 3.539315e+01 -8.264273e+01
    endloop
  endfacet
  facet normal -2.681017e-01 -6.854126e-03 9.633662e-01
    outer loop
      vertex   2.246564e+02 3.539315e+01 -8.264273e+01
      vertex   2.243683e+02 3.279380e+01 -8.274141e+01
      vertex   2.246562e+02 3.279322e+01 -8.266127e+01
    endloop
  endfacet
  facet normal -1.215213e-01 -7.069721e-03 9.925636e-01
    outer loop
      vertex   2.246564e+02 3.539315e+01 -8.264273e+01
      vertex   2.246562e+02 3.279322e+01 -8.266127e+01
      vertex   2.249531e+02 3.539288e+01 -8.260641e+01
    endloop
  endfacet
  facet normal -1.215213e-01 -7.069721e-03 9.925636e-01
    outer loop
      vertex   2.249531e+02 3.539288e+01 -8.260641e+01
      vertex   2.246562e+02 3.279322e+01 -8.266127e+01
      vertex   2.249529e+02 3.279294e+01 -8.262494e+01
    endloop
  endfacet
  facet normal 2.777364e-02 -7.127390e-03 9.995888e-01
    outer loop
      vertex   2.249531e+02 3.539288e+01 -8.260641e+01
      vertex   2.249529e+02 3.279294e+01 -8.262494e+01
      vertex   2.252519e+02 3.539292e+01 -8.261471e+01
    endloop
  endfacet
  facet normal 2.777364e-02 -7.127390e-03 9.995888e-01
    outer loop
      vertex   2.252519e+02 3.539292e+01 -8.261471e+01
      vertex   2.249529e+02 3.279294e+01 -8.262494e+01
      vertex   2.252517e+02 3.279299e+01 -8.263324e+01
    endloop
  endfacet
  facet normal 1.764482e-01 -7.025846e-03 9.842849e-01
    outer loop
      vertex   2.252519e+02 3.539292e+01 -8.261471e+01
      vertex   2.252517e+02 3.279299e+01 -8.263324e+01
      vertex   2.255461e+02 3.539328e+01 -8.266745e+01
    endloop
  endfacet
  facet normal 1.764482e-01 -7.025846e-03 9.842849e-01
    outer loop
      vertex   2.255461e+02 3.539328e+01 -8.266745e+01
      vertex   2.252517e+02 3.279299e+01 -8.263324e+01
      vertex   2.255460e+02 3.279335e+01 -8.268599e+01
    endloop
  endfacet
  facet normal 3.211812e-01 -6.767355e-03 9.469936e-01
    outer loop
      vertex   2.255461e+02 3.539328e+01 -8.266745e+01
      vertex   2.255460e+02 3.279335e+01 -8.268599e+01
      vertex   2.258292e+02 3.539395e+01 -8.276346e+01
    endloop
  endfacet
  facet normal 3.211812e-01 -6.767355e-03 9.469936e-01
    outer loop
      vertex   2.258292e+02 3.539395e+01 -8.276346e+01
      vertex   2.255460e+02 3.279335e+01 -8.268599e+01
      vertex   2.258291e+02 3.279402e+01 -8.278199e+01
    endloop
  endfacet
  facet normal 4.587395e-01 -6.357693e-03 8.885480e-01
    outer loop
      vertex   2.258292e+02 3.539395e+01 -8.276346e+01
      vertex   2.258291e+02 3.279402e+01 -8.278199e+01
      vertex   2.260948e+02 3.539492e+01 -8.290058e+01
    endloop
  endfacet
  facet normal 4.587395e-01 -6.357693e-03 8.885480e-01
    outer loop
      vertex   2.260948e+02 3.539492e+01 -8.290058e+01
      vertex   2.258291e+02 3.279402e+01 -8.278199e+01
      vertex   2.260947e+02 3.279498e+01 -8.291912e+01
    endloop
  endfacet
  facet normal 5.860504e-01 -5.806010e-03 8.102538e-01
    outer loop
      vertex   2.260948e+02 3.539492e+01 -8.290058e+01
      vertex   2.260947e+02 3.279498e+01 -8.291912e+01
      vertex   2.263370e+02 3.539615e+01 -8.307576e+01
    endloop
  endfacet
  facet normal 5.860504e-01 -5.806010e-03 8.102538e-01
    outer loop
      vertex   2.263370e+02 3.539615e+01 -8.307576e+01
      vertex   2.260947e+02 3.279498e+01 -8.291912e+01
      vertex   2.263369e+02 3.279622e+01 -8.309429e+01
    endloop
  endfacet
  facet normal 7.002699e-01 -5.124631e-03 7.138598e-01
    outer loop
      vertex   2.263370e+02 3.539615e+01 -8.307576e+01
      vertex   2.263369e+02 3.279622e+01 -8.309429e+01
      vertex   2.265504e+02 3.539764e+01 -8.328508e+01
    endloop
  endfacet
  facet normal 7.002699e-01 -5.124631e-03 7.138598e-01
    outer loop
      vertex   2.265504e+02 3.539764e+01 -8.328508e+01
      vertex   2.263369e+02 3.279622e+01 -8.309429e+01
      vertex   2.265503e+02 3.279770e+01 -8.330361e+01
    endloop
  endfacet
  facet normal 7.988465e-01 -4.328776e-03 6.015194e-01
    outer loop
      vertex   2.265504e+02 3.539764e+01 -8.328508e+01
      vertex   2.265503e+02 3.279770e+01 -8.330361e+01
      vertex   2.267302e+02 3.539933e+01 -8.352386e+01
    endloop
  endfacet
  facet normal 7.988465e-01 -4.328776e-03 6.015194e-01
    outer loop
      vertex   2.267302e+02 3.539933e+01 -8.352386e+01
      vertex   2.265503e+02 3.279770e+01 -8.330361e+01
      vertex   2.267301e+02 3.279939e+01 -8.354240e+01
    endloop
  endfacet
  facet normal 8.795781e-01 -3.436224e-03 4.757420e-01
    outer loop
      vertex   2.267302e+02 3.539933e+01 -8.352386e+01
      vertex   2.267301e+02 3.279939e+01 -8.354240e+01
      vertex   2.268724e+02 3.540120e+01 -8.378678e+01
    endloop
  endfacet
  facet normal 8.795781e-01 -3.436224e-03 4.757420e-01
    outer loop
      vertex   2.268724e+02 3.540120e+01 -8.378678e+01
      vertex   2.267301e+02 3.279939e+01 -8.354240e+01
      vertex   2.268723e+02 3.280126e+01 -8.380532e+01
    endloop
  endfacet
  facet normal 9.406615e-01 -2.466911e-03 3.393374e-01
    outer loop
      vertex   2.268724e+02 3.540120e+01 -8.378678e+01
      vertex   2.268723e+02 3.280126e+01 -8.380532e+01
      vertex   2.269739e+02 3.540320e+01 -8.406796e+01
    endloop
  endfacet
  facet normal 9.406615e-01 -2.466911e-03 3.393374e-01
    outer loop
      vertex   2.269739e+02 3.540320e+01 -8.406796e+01
      vertex   2.268723e+02 3.280126e+01 -8.380532e+01
      vertex   2.269737e+02 3.280326e+01 -8.408649e+01
    endloop
  endfacet
  facet normal 9.807320e-01 -1.442492e-03 1.953525e-01
    outer loop
      vertex   2.269739e+02 3.540320e+01 -8.406796e+01
      vertex   2.269737e+02 3.280326e+01 -8.408649e+01
      vertex   2.270323e+02 3.540528e+01 -8.436111e+01
    endloop
  endfacet
  facet normal 9.807320e-01 -1.442492e-03 1.953525e-01
    outer loop
      vertex   2.270323e+02 3.540528e+01 -8.436111e+01
      vertex   2.269737e+02 3.280326e+01 -8.408649e+01
      vertex   2.270321e+02 3.280535e+01 -8.437965e+01
    endloop
  endfacet
  facet normal 9.988946e-01 -3.858505e-04 4.700373e-02
    outer loop
      vertex   2.270323e+02 3.540528e+01 -8.436111e+01
      vertex   2.270321e+02 3.280535e+01 -8.437965e+01
      vertex   2.270463e+02 3.540741e+01 -8.465969e+01
    endloop
  endfacet
  facet normal 9.988946e-01 -3.858505e-04 4.700373e-02
    outer loop
      vertex   2.270463e+02 3.540741e+01 -8.465969e+01
      vertex   2.270321e+02 3.280535e+01 -8.437965e+01
      vertex   2.270462e+02 3.280748e+01 -8.467823e+01
    endloop
  endfacet
  facet normal -9.961947e-01 -5.706817e-04 8.715353e-02
    outer loop
      vertex   2.264964e+02 3.261610e+01 -8.588416e+01
      vertex   2.265192e+02 3.261424e+01 -8.562370e+01
      vertex   2.265193e+02 3.561416e+01 -8.560231e+01
    endloop
  endfacet
  facet normal -9.961947e-01 6.719376e-04 -8.715353e-02
    outer loop
      vertex   2.265193e+02 3.561416e+01 -8.560231e+01
      vertex   2.265192e+02 3.261424e+01 -8.562370e+01
      vertex   2.264964e+02 3.261238e+01 -8.536323e+01
    endloop
  endfacet
  facet normal -9.961947e-01 6.719376e-04 -8.715353e-02
    outer loop
      vertex   2.265193e+02 3.561416e+01 -8.560231e+01
      vertex   2.264964e+02 3.261238e+01 -8.536323e+01
      vertex   2.264965e+02 3.561231e+01 -8.534184e+01
    endloop
  endfacet
  facet normal -9.659257e-01 1.894140e-03 -2.588125e-01
    outer loop
      vertex   2.264965e+02 3.561231e+01 -8.534184e+01
      vertex   2.264964e+02 3.261238e+01 -8.536323e+01
      vertex   2.264289e+02 3.561051e+01 -8.508929e+01
    endloop
  endfacet
  facet normal -9.659257e-01 1.894140e-03 -2.588125e-01
    outer loop
      vertex   2.264289e+02 3.561051e+01 -8.508929e+01
      vertex   2.264964e+02 3.261238e+01 -8.536323e+01
      vertex   2.264287e+02 3.261059e+01 -8.511068e+01
    endloop
  endfacet
  facet normal -9.063076e-01 3.058791e-03 -4.226075e-01
    outer loop
      vertex   2.264289e+02 3.561051e+01 -8.508929e+01
      vertex   2.264287e+02 3.261059e+01 -8.511068e+01
      vertex   2.263184e+02 3.560883e+01 -8.485233e+01
    endloop
  endfacet
  facet normal -9.063076e-01 3.058791e-03 -4.226075e-01
    outer loop
      vertex   2.263184e+02 3.560883e+01 -8.485233e+01
      vertex   2.264287e+02 3.261059e+01 -8.511068e+01
      vertex   2.263182e+02 3.260890e+01 -8.487372e+01
    endloop
  endfacet
  facet normal -8.191518e-01 4.130501e-03 -5.735619e-01
    outer loop
      vertex   2.263184e+02 3.560883e+01 -8.485233e+01
      vertex   2.263182e+02 3.260890e+01 -8.487372e+01
      vertex   2.261684e+02 3.560731e+01 -8.463815e+01
    endloop
  endfacet
  facet normal -8.191518e-01 4.130501e-03 -5.735619e-01
    outer loop
      vertex   2.261684e+02 3.560731e+01 -8.463815e+01
      vertex   2.263182e+02 3.260890e+01 -8.487372e+01
      vertex   2.261682e+02 3.260738e+01 -8.465954e+01
    endloop
  endfacet
  facet normal -7.071065e-01 5.076709e-03 -7.070888e-01
    outer loop
      vertex   2.261684e+02 3.560731e+01 -8.463815e+01
      vertex   2.261682e+02 3.260738e+01 -8.465954e+01
      vertex   2.259835e+02 3.560600e+01 -8.445327e+01
    endloop
  endfacet
  facet normal -7.071065e-01 5.076709e-03 -7.070888e-01
    outer loop
      vertex   2.259835e+02 3.560600e+01 -8.445327e+01
      vertex   2.261682e+02 3.260738e+01 -8.465954e+01
      vertex   2.259833e+02 3.260607e+01 -8.447466e+01
    endloop
  endfacet
  facet normal -5.735761e-01 5.868663e-03 -8.191312e-01
    outer loop
      vertex   2.259835e+02 3.560600e+01 -8.445327e+01
      vertex   2.259833e+02 3.260607e+01 -8.447466e+01
      vertex   2.257693e+02 3.560494e+01 -8.430330e+01
    endloop
  endfacet
  facet normal -5.735761e-01 5.868663e-03 -8.191312e-01
    outer loop
      vertex   2.257693e+02 3.560494e+01 -8.430330e+01
      vertex   2.259833e+02 3.260607e+01 -8.447466e+01
      vertex   2.257692e+02 3.260502e+01 -8.432469e+01
    endloop
  endfacet
  facet normal -4.226179e-01 6.482301e-03 -9.062848e-01
    outer loop
      vertex   2.257693e+02 3.560494e+01 -8.430330e+01
      vertex   2.257692e+02 3.260502e+01 -8.432469e+01
      vertex   2.255323e+02 3.560416e+01 -8.419281e+01
    endloop
  endfacet
  facet normal -4.226179e-01 6.482301e-03 -9.062848e-01
    outer loop
      vertex   2.255323e+02 3.560416e+01 -8.419281e+01
      vertex   2.257692e+02 3.260502e+01 -8.432469e+01
      vertex   2.255322e+02 3.260424e+01 -8.421419e+01
    endloop
  endfacet
  facet normal -2.588187e-01 6.898977e-03 -9.659013e-01
    outer loop
      vertex   2.255323e+02 3.560416e+01 -8.419281e+01
      vertex   2.255322e+02 3.260424e+01 -8.421419e+01
      vertex   2.252798e+02 3.560369e+01 -8.412514e+01
    endloop
  endfacet
  facet normal -2.588187e-01 6.898977e-03 -9.659013e-01
    outer loop
      vertex   2.252798e+02 3.560369e+01 -8.412514e+01
      vertex   2.255322e+02 3.260424e+01 -8.421419e+01
      vertex   2.252796e+02 3.260377e+01 -8.414652e+01
    endloop
  endfacet
  facet normal -8.715538e-02 7.106031e-03 -9.961694e-01
    outer loop
      vertex   2.252798e+02 3.560369e+01 -8.412514e+01
      vertex   2.252796e+02 3.260377e+01 -8.414652e+01
      vertex   2.250193e+02 3.560354e+01 -8.410235e+01
    endloop
  endfacet
  facet normal -8.715538e-02 7.106031e-03 -9.961694e-01
    outer loop
      vertex   2.250193e+02 3.560354e+01 -8.410235e+01
      vertex   2.252796e+02 3.260377e+01 -8.414652e+01
      vertex   2.250192e+02 3.260362e+01 -8.412373e+01
    endloop
  endfacet
  facet normal 8.715610e-02 7.097173e-03 -9.961694e-01
    outer loop
      vertex   2.250193e+02 3.560354e+01 -8.410235e+01
      vertex   2.250192e+02 3.260362e+01 -8.412373e+01
      vertex   2.247588e+02 3.560372e+01 -8.412514e+01
    endloop
  endfacet
  facet normal 8.715610e-02 7.097173e-03 -9.961694e-01
    outer loop
      vertex   2.247588e+02 3.560372e+01 -8.412514e+01
      vertex   2.250192e+02 3.260362e+01 -8.412373e+01
      vertex   2.247587e+02 3.260380e+01 -8.414652e+01
    endloop
  endfacet
  facet normal 2.588194e-01 6.872670e-03 -9.659013e-01
    outer loop
      vertex   2.247588e+02 3.560372e+01 -8.412514e+01
      vertex   2.247587e+02 3.260380e+01 -8.414652e+01
      vertex   2.245063e+02 3.560422e+01 -8.419281e+01
    endloop
  endfacet
  facet normal 2.588194e-01 6.872670e-03 -9.659013e-01
    outer loop
      vertex   2.245063e+02 3.560422e+01 -8.419281e+01
      vertex   2.247587e+02 3.260380e+01 -8.414652e+01
      vertex   2.245061e+02 3.260429e+01 -8.421419e+01
    endloop
  endfacet
  facet normal 4.226186e-01 6.439344e-03 -9.062848e-01
    outer loop
      vertex   2.245063e+02 3.560422e+01 -8.419281e+01
      vertex   2.245061e+02 3.260429e+01 -8.421419e+01
      vertex   2.242693e+02 3.560502e+01 -8.430330e+01
    endloop
  endfacet
  facet normal 4.226186e-01 6.439344e-03 -9.062848e-01
    outer loop
      vertex   2.242693e+02 3.560502e+01 -8.430330e+01
      vertex   2.245061e+02 3.260429e+01 -8.421419e+01
      vertex   2.242692e+02 3.260509e+01 -8.432469e+01
    endloop
  endfacet
  facet normal 5.735767e-01 5.810363e-03 -8.191312e-01
    outer loop
      vertex   2.242693e+02 3.560502e+01 -8.430330e+01
      vertex   2.242692e+02 3.260509e+01 -8.432469e+01
      vertex   2.240551e+02 3.560610e+01 -8.445327e+01
    endloop
  endfacet
  facet normal 5.735767e-01 5.810363e-03 -8.191312e-01
    outer loop
      vertex   2.240551e+02 3.560610e+01 -8.445327e+01
      vertex   2.242692e+02 3.260509e+01 -8.432469e+01
      vertex   2.240550e+02 3.260617e+01 -8.447466e+01
    endloop
  endfacet
  facet normal 7.071070e-01 5.004836e-03 -7.070888e-01
    outer loop
      vertex   2.240551e+02 3.560610e+01 -8.445327e+01
      vertex   2.240550e+02 3.260617e+01 -8.447466e+01
      vertex   2.238703e+02 3.560742e+01 -8.463815e+01
    endloop
  endfacet
  facet normal 7.071070e-01 5.004836e-03 -7.070888e-01
    outer loop
      vertex   2.238703e+02 3.560742e+01 -8.463815e+01
      vertex   2.240550e+02 3.260617e+01 -8.447466e+01
      vertex   2.238701e+02 3.260750e+01 -8.465954e+01
    endloop
  endfacet
  facet normal 8.191523e-01 4.047240e-03 -5.735619e-01
    outer loop
      vertex   2.238703e+02 3.560742e+01 -8.463815e+01
      vertex   2.238701e+02 3.260750e+01 -8.465954e+01
      vertex   2.237203e+02 3.560896e+01 -8.485233e+01
    endloop
  endfacet
  facet normal 8.191523e-01 4.047240e-03 -5.735619e-01
    outer loop
      vertex   2.237203e+02 3.560896e+01 -8.485233e+01
      vertex   2.238701e+02 3.260750e+01 -8.465954e+01
      vertex   2.237201e+02 3.260903e+01 -8.487372e+01
    endloop
  endfacet
  facet normal 9.063079e-01 2.966671e-03 -4.226075e-01
    outer loop
      vertex   2.237203e+02 3.560896e+01 -8.485233e+01
      vertex   2.237201e+02 3.260903e+01 -8.487372e+01
      vertex   2.236098e+02 3.561065e+01 -8.508929e+01
    endloop
  endfacet
  facet normal 9.063079e-01 2.966671e-03 -4.226075e-01
    outer loop
      vertex   2.236098e+02 3.561065e+01 -8.508929e+01
      vertex   2.237201e+02 3.260903e+01 -8.487372e+01
      vertex   2.236096e+02 3.261073e+01 -8.511068e+01
    endloop
  endfacet
  facet normal 9.659259e-01 1.795961e-03 -2.588125e-01
    outer loop
      vertex   2.236098e+02 3.561065e+01 -8.508929e+01
      vertex   2.236096e+02 3.261073e+01 -8.511068e+01
      vertex   2.235421e+02 3.561246e+01 -8.534184e+01
    endloop
  endfacet
  facet normal 9.659259e-01 1.795961e-03 -2.588125e-01
    outer loop
      vertex   2.235421e+02 3.561246e+01 -8.534184e+01
      vertex   2.236096e+02 3.261073e+01 -8.511068e+01
      vertex   2.235420e+02 3.261253e+01 -8.536323e+01
    endloop
  endfacet
  facet normal 9.961947e-01 5.706817e-04 -8.715353e-02
    outer loop
      vertex   2.235421e+02 3.561246e+01 -8.534184e+01
      vertex   2.235420e+02 3.261253e+01 -8.536323e+01
      vertex   2.235193e+02 3.561431e+01 -8.560231e+01
    endloop
  endfacet
  facet normal 9.961947e-01 5.706817e-04 -8.715353e-02
    outer loop
      vertex   2.235193e+02 3.561431e+01 -8.560231e+01
      vertex   2.235420e+02 3.261253e+01 -8.536323e+01
      vertex   2.235192e+02 3.261439e+01 -8.562370e+01
    endloop
  endfacet
  facet normal 9.961947e-01 -6.719376e-04 8.715353e-02
    outer loop
      vertex   2.235193e+02 3.561431e+01 -8.560231e+01
      vertex   2.235192e+02 3.261439e+01 -8.562370e+01
      vertex   2.235421e+02 3.561617e+01 -8.586278e+01
    endloop
  endfacet
  facet normal 9.961947e-01 -6.719376e-04 8.715353e-02
    outer loop
      vertex   2.235421e+02 3.561617e+01 -8.586278e+01
      vertex   2.235192e+02 3.261439e+01 -8.562370e+01
      vertex   2.235420e+02 3.261625e+01 -8.588416e+01
    endloop
  endfacet
  facet normal 9.659257e-01 -1.894140e-03 2.588125e-01
    outer loop
      vertex   2.235421e+02 3.561617e+01 -8.586278e+01
      vertex   2.235420e+02 3.261625e+01 -8.588416e+01
      vertex   2.236098e+02 3.561797e+01 -8.611533e+01
    endloop
  endfacet
  facet normal 9.659257e-01 -1.894140e-03 2.588125e-01
    outer loop
      vertex   2.236098e+02 3.561797e+01 -8.611533e+01
      vertex   2.235420e+02 3.261625e+01 -8.588416e+01
      vertex   2.236096e+02 3.261804e+01 -8.613671e+01
    endloop
  endfacet
  facet normal 9.063076e-01 -3.058791e-03 4.226075e-01
    outer loop
      vertex   2.236098e+02 3.561797e+01 -8.611533e+01
      vertex   2.236096e+02 3.261804e+01 -8.613671e+01
      vertex   2.237203e+02 3.561965e+01 -8.635229e+01
    endloop
  endfacet
  facet normal 9.063076e-01 -3.058791e-03 4.226075e-01
    outer loop
      vertex   2.237203e+02 3.561965e+01 -8.635229e+01
      vertex   2.236096e+02 3.261804e+01 -8.613671e+01
      vertex   2.237201e+02 3.261973e+01 -8.637368e+01
    endloop
  endfacet
  facet normal 8.191518e-01 -4.130501e-03 5.735619e-01
    outer loop
      vertex   2.237203e+02 3.561965e+01 -8.635229e+01
      vertex   2.237201e+02 3.261973e+01 -8.637368e+01
      vertex   2.238703e+02 3.562117e+01 -8.656647e+01
    endloop
  endfacet
  facet normal 8.191518e-01 -4.130501e-03 5.735619e-01
    outer loop
      vertex   2.238703e+02 3.562117e+01 -8.656647e+01
      vertex   2.237201e+02 3.261973e+01 -8.637368e+01
      vertex   2.238701e+02 3.262125e+01 -8.658785e+01
    endloop
  endfacet
  facet normal 7.071065e-01 -5.076709e-03 7.070888e-01
    outer loop
      vertex   2.238703e+02 3.562117e+01 -8.656647e+01
      vertex   2.238701e+02 3.262125e+01 -8.658785e+01
      vertex   2.240551e+02 3.562248e+01 -8.675135e+01
    endloop
  endfacet
  facet normal 7.071065e-01 -5.076709e-03 7.070888e-01
    outer loop
      vertex   2.240551e+02 3.562248e+01 -8.675135e+01
      vertex   2.238701e+02 3.262125e+01 -8.658785e+01
      vertex   2.240550e+02 3.262255e+01 -8.677273e+01
    endloop
  endfacet
  facet normal 5.735761e-01 -5.868663e-03 8.191312e-01
    outer loop
      vertex   2.240551e+02 3.562248e+01 -8.675135e+01
      vertex   2.240550e+02 3.262255e+01 -8.677273e+01
      vertex   2.242693e+02 3.562354e+01 -8.690131e+01
    endloop
  endfacet
  facet normal 5.735761e-01 -5.868663e-03 8.191312e-01
    outer loop
      vertex   2.242693e+02 3.562354e+01 -8.690131e+01
      vertex   2.240550e+02 3.262255e+01 -8.677273e+01
      vertex   2.242692e+02 3.262361e+01 -8.692270e+01
    endloop
  endfacet
  facet normal 4.226179e-01 -6.482301e-03 9.062848e-01
    outer loop
      vertex   2.242693e+02 3.562354e+01 -8.690131e+01
      vertex   2.242692e+02 3.262361e+01 -8.692270e+01
      vertex   2.245063e+02 3.562431e+01 -8.701181e+01
    endloop
  endfacet
  facet normal 4.226179e-01 -6.482301e-03 9.062848e-01
    outer loop
      vertex   2.245063e+02 3.562431e+01 -8.701181e+01
      vertex   2.242692e+02 3.262361e+01 -8.692270e+01
      vertex   2.245061e+02 3.262439e+01 -8.703320e+01
    endloop
  endfacet
  facet normal 2.588187e-01 -6.898977e-03 9.659013e-01
    outer loop
      vertex   2.245063e+02 3.562431e+01 -8.701181e+01
      vertex   2.245061e+02 3.262439e+01 -8.703320e+01
      vertex   2.247588e+02 3.562478e+01 -8.707948e+01
    endloop
  endfacet
  facet normal 2.588187e-01 -6.898977e-03 9.659013e-01
    outer loop
      vertex   2.247588e+02 3.562478e+01 -8.707948e+01
      vertex   2.245061e+02 3.262439e+01 -8.703320e+01
      vertex   2.247587e+02 3.262486e+01 -8.710087e+01
    endloop
  endfacet
  facet normal 8.715538e-02 -7.106031e-03 9.961694e-01
    outer loop
      vertex   2.247588e+02 3.562478e+01 -8.707948e+01
      vertex   2.247587e+02 3.262486e+01 -8.710087e+01
      vertex   2.250193e+02 3.562493e+01 -8.710227e+01
    endloop
  endfacet
  facet normal 8.715538e-02 -7.106031e-03 9.961694e-01
    outer loop
      vertex   2.250193e+02 3.562493e+01 -8.710227e+01
      vertex   2.247587e+02 3.262486e+01 -8.710087e+01
      vertex   2.250192e+02 3.262501e+01 -8.712366e+01
    endloop
  endfacet
  facet normal -8.715610e-02 -7.097173e-03 9.961694e-01
    outer loop
      vertex   2.250193e+02 3.562493e+01 -8.710227e+01
      vertex   2.250192e+02 3.262501e+01 -8.712366e+01
      vertex   2.252798e+02 3.562476e+01 -8.707948e+01
    endloop
  endfacet
  facet normal -8.715610e-02 -7.097173e-03 9.961694e-01
    outer loop
      vertex   2.252798e+02 3.562476e+01 -8.707948e+01
      vertex   2.250192e+02 3.262501e+01 -8.712366e+01
      vertex   2.252796e+02 3.262483e+01 -8.710087e+01
    endloop
  endfacet
  facet normal -2.588194e-01 -6.872670e-03 9.659013e-01
    outer loop
      vertex   2.252798e+02 3.562476e+01 -8.707948e+01
      vertex   2.252796e+02 3.262483e+01 -8.710087e+01
      vertex   2.255324e+02 3.562426e+01 -8.701181e+01
    endloop
  endfacet
  facet normal -2.588194e-01 -6.872670e-03 9.659013e-01
    outer loop
      vertex   2.255324e+02 3.562426e+01 -8.701181e+01
      vertex   2.252796e+02 3.262483e+01 -8.710087e+01
      vertex   2.255322e+02 3.262434e+01 -8.703320e+01
    endloop
  endfacet
  facet normal -4.226186e-01 -6.439344e-03 9.062848e-01
    outer loop
      vertex   2.255324e+02 3.562426e+01 -8.701181e+01
      vertex   2.255322e+02 3.262434e+01 -8.703320e+01
      vertex   2.257693e+02 3.562346e+01 -8.690131e+01
    endloop
  endfacet
  facet normal -4.226186e-01 -6.439344e-03 9.062848e-01
    outer loop
      vertex   2.257693e+02 3.562346e+01 -8.690131e+01
      vertex   2.255322e+02 3.262434e+01 -8.703320e+01
      vertex   2.257692e+02 3.262354e+01 -8.692270e+01
    endloop
  endfacet
  facet normal -5.735767e-01 -5.810363e-03 8.191312e-01
    outer loop
      vertex   2.257693e+02 3.562346e+01 -8.690131e+01
      vertex   2.257692e+02 3.262354e+01 -8.692270e+01
      vertex   2.259835e+02 3.562238e+01 -8.675135e+01
    endloop
  endfacet
  facet normal -5.735767e-01 -5.810363e-03 8.191312e-01
    outer loop
      vertex   2.259835e+02 3.562238e+01 -8.675135e+01
      vertex   2.257692e+02 3.262354e+01 -8.692270e+01
      vertex   2.259833e+02 3.262246e+01 -8.677273e+01
    endloop
  endfacet
  facet normal -7.071070e-01 -5.004836e-03 7.070888e-01
    outer loop
      vertex   2.259835e+02 3.562238e+01 -8.675135e+01
      vertex   2.259833e+02 3.262246e+01 -8.677273e+01
      vertex   2.261684e+02 3.562105e+01 -8.656647e+01
    endloop
  endfacet
  facet normal -7.071070e-01 -5.004836e-03 7.070888e-01
    outer loop
      vertex   2.261684e+02 3.562105e+01 -8.656647e+01
      vertex   2.259833e+02 3.262246e+01 -8.677273e+01
      vertex   2.261682e+02 3.262113e+01 -8.658785e+01
    endloop
  endfacet
  facet normal -8.191523e-01 -4.047240e-03 5.735619e-01
    outer loop
      vertex   2.261684e+02 3.562105e+01 -8.656647e+01
      vertex   2.261682e+02 3.262113e+01 -8.658785e+01
      vertex   2.263184e+02 3.561952e+01 -8.635229e+01
    endloop
  endfacet
  facet normal -8.191523e-01 -4.047240e-03 5.735619e-01
    outer loop
      vertex   2.263184e+02 3.561952e+01 -8.635229e+01
      vertex   2.261682e+02 3.262113e+01 -8.658785e+01
      vertex   2.263182e+02 3.261959e+01 -8.637368e+01
    endloop
  endfacet
  facet normal -9.063079e-01 -2.966671e-03 4.226075e-01
    outer loop
      vertex   2.263184e+02 3.561952e+01 -8.635229e+01
      vertex   2.263182e+02 3.261959e+01 -8.637368e+01
      vertex   2.264289e+02 3.561782e+01 -8.611533e+01
    endloop
  endfacet
  facet normal -9.063079e-01 -2.966671e-03 4.226075e-01
    outer loop
      vertex   2.264289e+02 3.561782e+01 -8.611533e+01
      vertex   2.263182e+02 3.261959e+01 -8.637368e+01
      vertex   2.264287e+02 3.261790e+01 -8.613671e+01
    endloop
  endfacet
  facet normal -9.659259e-01 -1.795961e-03 2.588125e-01
    outer loop
      vertex   2.264289e+02 3.561782e+01 -8.611533e+01
      vertex   2.264287e+02 3.261790e+01 -8.613671e+01
      vertex   2.264965e+02 3.561602e+01 -8.586278e+01
    endloop
  endfacet
  facet normal -9.659259e-01 -1.795961e-03 2.588125e-01
    outer loop
      vertex   2.264965e+02 3.561602e+01 -8.586278e+01
      vertex   2.264287e+02 3.261790e+01 -8.613671e+01
      vertex   2.264964e+02 3.261610e+01 -8.588416e+01
    endloop
  endfacet
  facet normal -9.961947e-01 -5.706817e-04 8.715353e-02
    outer loop
      vertex   2.264965e+02 3.561602e+01 -8.586278e+01
      vertex   2.264964e+02 3.261610e+01 -8.588416e+01
      vertex   2.265193e+02 3.561416e+01 -8.560231e+01
    endloop
  endfacet
  facet normal -9.996142e-01 -1.471916e-04 2.777330e-02
    outer loop
      vertex   2.230477e+02 3.280689e+01 -8.456713e+01
      vertex   2.230479e+02 3.540682e+01 -8.454860e+01
      vertex   2.220756e+02 3.305635e+01 -1.195527e+02
    endloop
  endfacet
  facet normal -9.996142e-01 -1.471916e-04 2.777330e-02
    outer loop
      vertex   2.220756e+02 3.305635e+01 -1.195527e+02
      vertex   2.230479e+02 3.540682e+01 -8.454860e+01
      vertex   2.220758e+02 3.565628e+01 -1.195342e+02
    endloop
  endfacet
endsolid
