solid ASCII
  facet normal 8.496611e-02 9.946981e-01 5.793457e-02
    outer loop
      vertex   2.331029e+02 3.722239e+01 1.079641e+02
      vertex   2.331417e+02 3.722613e+01 1.078429e+02
      vertex   2.331029e+02 3.723186e+01 1.078016e+02
    endloop
  endfacet
  facet normal 1.761210e-01 9.839362e-01 -2.917012e-02
    outer loop
      vertex   2.331029e+02 3.723186e+01 1.078016e+02
      vertex   2.331417e+02 3.722613e+01 1.078429e+02
      vertex   2.331417e+02 3.722123e+01 1.076777e+02
    endloop
  endfacet
  facet normal 8.727760e-02 9.944986e-01 -5.792295e-02
    outer loop
      vertex   2.331029e+02 3.723186e+01 1.078016e+02
      vertex   2.331417e+02 3.722123e+01 1.076777e+02
      vertex   2.331029e+02 3.722239e+01 1.076390e+02
    endloop
  endfacet
  facet normal 1.737989e-01 9.739881e-01 -1.453996e-01
    outer loop
      vertex   2.331029e+02 3.722239e+01 1.076390e+02
      vertex   2.331417e+02 3.722123e+01 1.076777e+02
      vertex   2.331417e+02 3.719683e+01 1.075143e+02
    endloop
  endfacet
  facet normal 8.975869e-02 9.808326e-01 -1.729473e-01
    outer loop
      vertex   2.331029e+02 3.722239e+01 1.076390e+02
      vertex   2.331417e+02 3.719683e+01 1.075143e+02
      vertex   2.331029e+02 3.719412e+01 1.074787e+02
    endloop
  endfacet
  facet normal 1.713079e-01 9.503759e-01 -2.596907e-01
    outer loop
      vertex   2.331029e+02 3.719412e+01 1.074787e+02
      vertex   2.331417e+02 3.719683e+01 1.075143e+02
      vertex   2.331417e+02 3.715327e+01 1.073548e+02
    endloop
  endfacet
  facet normal 9.240898e-02 9.538904e-01 -2.855760e-01
    outer loop
      vertex   2.331029e+02 3.719412e+01 1.074787e+02
      vertex   2.331417e+02 3.715327e+01 1.073548e+02
      vertex   2.331029e+02 3.714743e+01 1.073227e+02
    endloop
  endfacet
  facet normal 1.686472e-01 9.134161e-01 -3.704444e-01
    outer loop
      vertex   2.331029e+02 3.714743e+01 1.073227e+02
      vertex   2.331417e+02 3.715327e+01 1.073548e+02
      vertex   2.331417e+02 3.709116e+01 1.072017e+02
    endloop
  endfacet
  facet normal 9.522802e-02 9.140433e-01 -3.942798e-01
    outer loop
      vertex   2.331029e+02 3.714743e+01 1.073227e+02
      vertex   2.331417e+02 3.709116e+01 1.072017e+02
      vertex   2.331029e+02 3.708294e+01 1.071733e+02
    endloop
  endfacet
  facet normal 1.658163e-01 8.636118e-01 -4.761087e-01
    outer loop
      vertex   2.331029e+02 3.708294e+01 1.071733e+02
      vertex   2.331417e+02 3.709116e+01 1.072017e+02
      vertex   2.331417e+02 3.701137e+01 1.070570e+02
    endloop
  endfacet
  facet normal 9.821533e-02 8.618383e-01 -4.975826e-01
    outer loop
      vertex   2.331029e+02 3.708294e+01 1.071733e+02
      vertex   2.331417e+02 3.701137e+01 1.070570e+02
      vertex   2.331029e+02 3.700154e+01 1.070323e+02
    endloop
  endfacet
  facet normal 1.628144e-01 8.016456e-01 -5.752006e-01
    outer loop
      vertex   2.331029e+02 3.700154e+01 1.070323e+02
      vertex   2.331417e+02 3.701137e+01 1.070570e+02
      vertex   2.331417e+02 3.691502e+01 1.069227e+02
    endloop
  endfacet
  facet normal 1.013704e-01 7.979913e-01 -5.940825e-01
    outer loop
      vertex   2.331029e+02 3.700154e+01 1.070323e+02
      vertex   2.331417e+02 3.691502e+01 1.069227e+02
      vertex   2.331029e+02 3.690432e+01 1.069017e+02
    endloop
  endfacet
  facet normal 1.596410e-01 7.283707e-01 -6.663264e-01
    outer loop
      vertex   2.331029e+02 3.690432e+01 1.069017e+02
      vertex   2.331417e+02 3.691502e+01 1.069227e+02
      vertex   2.331417e+02 3.680347e+01 1.068007e+02
    endloop
  endfacet
  facet normal 1.046925e-01 7.233765e-01 -6.824705e-01
    outer loop
      vertex   2.331029e+02 3.690432e+01 1.069017e+02
      vertex   2.331417e+02 3.680347e+01 1.068007e+02
      vertex   2.331029e+02 3.679259e+01 1.067833e+02
    endloop
  endfacet
  facet normal 1.562953e-01 6.447992e-01 -7.482017e-01
    outer loop
      vertex   2.331029e+02 3.679259e+01 1.067833e+02
      vertex   2.331417e+02 3.680347e+01 1.068007e+02
      vertex   2.331417e+02 3.667827e+01 1.066928e+02
    endloop
  endfacet
  facet normal 1.081812e-01 6.390152e-01 -7.615487e-01
    outer loop
      vertex   2.331029e+02 3.679259e+01 1.067833e+02
      vertex   2.331417e+02 3.667827e+01 1.066928e+02
      vertex   2.331029e+02 3.666788e+01 1.066786e+02
    endloop
  endfacet
  facet normal 1.527766e-01 5.520887e-01 -8.196691e-01
    outer loop
      vertex   2.331029e+02 3.666788e+01 1.066786e+02
      vertex   2.331417e+02 3.667827e+01 1.066928e+02
      vertex   2.331417e+02 3.654120e+01 1.066005e+02
    endloop
  endfacet
  facet normal 1.118356e-01 5.460618e-01 -8.302466e-01
    outer loop
      vertex   2.331029e+02 3.666788e+01 1.066786e+02
      vertex   2.331417e+02 3.654120e+01 1.066005e+02
      vertex   2.331029e+02 3.653186e+01 1.065891e+02
    endloop
  endfacet
  facet normal 1.490842e-01 4.515262e-01 -8.797147e-01
    outer loop
      vertex   2.331029e+02 3.653186e+01 1.065891e+02
      vertex   2.331417e+02 3.654120e+01 1.066005e+02
      vertex   2.331417e+02 3.639417e+01 1.065250e+02
    endloop
  endfacet
  facet normal 1.156550e-01 4.457875e-01 -8.876359e-01
    outer loop
      vertex   2.331029e+02 3.653186e+01 1.065891e+02
      vertex   2.331417e+02 3.639417e+01 1.065250e+02
      vertex   2.331029e+02 3.638637e+01 1.065161e+02
    endloop
  endfacet
  facet normal 1.452175e-01 3.445106e-01 -9.274828e-01
    outer loop
      vertex   2.331029e+02 3.638637e+01 1.065161e+02
      vertex   2.331417e+02 3.639417e+01 1.065250e+02
      vertex   2.331417e+02 3.623924e+01 1.064675e+02
    endloop
  endfacet
  facet normal 1.196385e-01 3.395636e-01 -9.329433e-01
    outer loop
      vertex   2.331029e+02 3.638637e+01 1.065161e+02
      vertex   2.331417e+02 3.623924e+01 1.064675e+02
      vertex   2.331029e+02 3.623338e+01 1.064604e+02
    endloop
  endfacet
  facet normal 1.411757e-01 2.325336e-01 -9.622877e-01
    outer loop
      vertex   2.331029e+02 3.623338e+01 1.064604e+02
      vertex   2.331417e+02 3.623924e+01 1.064675e+02
      vertex   2.331417e+02 3.607860e+01 1.064287e+02
    endloop
  endfacet
  facet normal 1.237852e-01 2.288422e-01 -9.655612e-01
    outer loop
      vertex   2.331029e+02 3.623338e+01 1.064604e+02
      vertex   2.331417e+02 3.607860e+01 1.064287e+02
      vertex   2.331029e+02 3.607496e+01 1.064228e+02
    endloop
  endfacet
  facet normal 1.370074e-01 1.167080e-01 -9.836708e-01
    outer loop
      vertex   2.331029e+02 3.607496e+01 1.064228e+02
      vertex   2.331417e+02 3.607860e+01 1.064287e+02
      vertex   2.331417e+02 3.591322e+01 1.064091e+02
    endloop
  endfacet
  facet normal 1.299372e-01 1.151087e-01 -9.848179e-01
    outer loop
      vertex   2.331029e+02 3.607496e+01 1.064228e+02
      vertex   2.331417e+02 3.591322e+01 1.064091e+02
      vertex   2.331029e+02 3.591326e+01 1.064039e+02
    endloop
  endfacet
  facet normal 1.306822e-01 0.000000e+00 -9.914243e-01
    outer loop
      vertex   2.331029e+02 3.591326e+01 1.064039e+02
      vertex   2.331417e+02 3.591322e+01 1.064091e+02
      vertex   2.331417e+02 3.575050e+01 1.064091e+02
    endloop
  endfacet
  facet normal 1.306822e-01 0.000000e+00 -9.914243e-01
    outer loop
      vertex   2.331029e+02 3.591326e+01 1.064039e+02
      vertex   2.331417e+02 3.575050e+01 1.064091e+02
      vertex   2.331029e+02 3.575045e+01 1.064039e+02
    endloop
  endfacet
  facet normal 1.299372e-01 -1.151087e-01 -9.848179e-01
    outer loop
      vertex   2.331029e+02 3.575045e+01 1.064039e+02
      vertex   2.331417e+02 3.575050e+01 1.064091e+02
      vertex   2.331029e+02 3.558875e+01 1.064228e+02
    endloop
  endfacet
  facet normal 1.370074e-01 -1.167080e-01 -9.836708e-01
    outer loop
      vertex   2.331029e+02 3.558875e+01 1.064228e+02
      vertex   2.331417e+02 3.575050e+01 1.064091e+02
      vertex   2.331417e+02 3.558511e+01 1.064287e+02
    endloop
  endfacet
  facet normal 1.237852e-01 -2.288422e-01 -9.655612e-01
    outer loop
      vertex   2.331029e+02 3.558875e+01 1.064228e+02
      vertex   2.331417e+02 3.558511e+01 1.064287e+02
      vertex   2.331029e+02 3.543033e+01 1.064604e+02
    endloop
  endfacet
  facet normal 1.411757e-01 -2.325336e-01 -9.622877e-01
    outer loop
      vertex   2.331029e+02 3.543033e+01 1.064604e+02
      vertex   2.331417e+02 3.558511e+01 1.064287e+02
      vertex   2.331417e+02 3.542447e+01 1.064675e+02
    endloop
  endfacet
  facet normal 1.196385e-01 -3.395636e-01 -9.329433e-01
    outer loop
      vertex   2.331029e+02 3.543033e+01 1.064604e+02
      vertex   2.331417e+02 3.542447e+01 1.064675e+02
      vertex   2.331029e+02 3.527734e+01 1.065161e+02
    endloop
  endfacet
  facet normal 1.452175e-01 -3.445106e-01 -9.274828e-01
    outer loop
      vertex   2.331029e+02 3.527734e+01 1.065161e+02
      vertex   2.331417e+02 3.542447e+01 1.064675e+02
      vertex   2.331417e+02 3.526954e+01 1.065250e+02
    endloop
  endfacet
  facet normal 1.156550e-01 -4.457875e-01 -8.876359e-01
    outer loop
      vertex   2.331029e+02 3.527734e+01 1.065161e+02
      vertex   2.331417e+02 3.526954e+01 1.065250e+02
      vertex   2.331029e+02 3.513186e+01 1.065891e+02
    endloop
  endfacet
  facet normal 1.490842e-01 -4.515262e-01 -8.797147e-01
    outer loop
      vertex   2.331029e+02 3.513186e+01 1.065891e+02
      vertex   2.331417e+02 3.526954e+01 1.065250e+02
      vertex   2.331417e+02 3.512251e+01 1.066005e+02
    endloop
  endfacet
  facet normal 1.118356e-01 -5.460618e-01 -8.302466e-01
    outer loop
      vertex   2.331029e+02 3.513186e+01 1.065891e+02
      vertex   2.331417e+02 3.512251e+01 1.066005e+02
      vertex   2.331029e+02 3.499583e+01 1.066786e+02
    endloop
  endfacet
  facet normal 1.527766e-01 -5.520887e-01 -8.196691e-01
    outer loop
      vertex   2.331029e+02 3.499583e+01 1.066786e+02
      vertex   2.331417e+02 3.512251e+01 1.066005e+02
      vertex   2.331417e+02 3.498544e+01 1.066928e+02
    endloop
  endfacet
  facet normal 1.081812e-01 -6.390152e-01 -7.615487e-01
    outer loop
      vertex   2.331029e+02 3.499583e+01 1.066786e+02
      vertex   2.331417e+02 3.498544e+01 1.066928e+02
      vertex   2.331029e+02 3.487112e+01 1.067833e+02
    endloop
  endfacet
  facet normal 1.561202e-01 -6.447810e-01 -7.482539e-01
    outer loop
      vertex   2.331029e+02 3.487112e+01 1.067833e+02
      vertex   2.331417e+02 3.498544e+01 1.066928e+02
      vertex   2.331417e+02 3.486034e+01 1.068006e+02
    endloop
  endfacet
  facet normal 1.048429e-01 -7.233649e-01 -6.824596e-01
    outer loop
      vertex   2.331029e+02 3.487112e+01 1.067833e+02
      vertex   2.331417e+02 3.486034e+01 1.068006e+02
      vertex   2.331029e+02 3.475939e+01 1.069017e+02
    endloop
  endfacet
  facet normal 1.596682e-01 -7.283351e-01 -6.663587e-01
    outer loop
      vertex   2.331029e+02 3.475939e+01 1.069017e+02
      vertex   2.331417e+02 3.486034e+01 1.068006e+02
      vertex   2.331417e+02 3.474869e+01 1.069227e+02
    endloop
  endfacet
  facet normal 1.013704e-01 -7.979913e-01 -5.940825e-01
    outer loop
      vertex   2.331029e+02 3.475939e+01 1.069017e+02
      vertex   2.331417e+02 3.474869e+01 1.069227e+02
      vertex   2.331029e+02 3.466217e+01 1.070323e+02
    endloop
  endfacet
  facet normal 1.628144e-01 -8.016456e-01 -5.752006e-01
    outer loop
      vertex   2.331029e+02 3.466217e+01 1.070323e+02
      vertex   2.331417e+02 3.474869e+01 1.069227e+02
      vertex   2.331417e+02 3.465234e+01 1.070570e+02
    endloop
  endfacet
  facet normal 9.821533e-02 -8.618383e-01 -4.975826e-01
    outer loop
      vertex   2.331029e+02 3.466217e+01 1.070323e+02
      vertex   2.331417e+02 3.465234e+01 1.070570e+02
      vertex   2.331029e+02 3.458077e+01 1.071733e+02
    endloop
  endfacet
  facet normal 1.658163e-01 -8.636118e-01 -4.761087e-01
    outer loop
      vertex   2.331029e+02 3.458077e+01 1.071733e+02
      vertex   2.331417e+02 3.465234e+01 1.070570e+02
      vertex   2.331417e+02 3.457255e+01 1.072017e+02
    endloop
  endfacet
  facet normal 9.522802e-02 -9.140433e-01 -3.942798e-01
    outer loop
      vertex   2.331029e+02 3.458077e+01 1.071733e+02
      vertex   2.331417e+02 3.457255e+01 1.072017e+02
      vertex   2.331029e+02 3.451629e+01 1.073227e+02
    endloop
  endfacet
  facet normal 1.686472e-01 -9.134161e-01 -3.704444e-01
    outer loop
      vertex   2.331029e+02 3.451629e+01 1.073227e+02
      vertex   2.331417e+02 3.457255e+01 1.072017e+02
      vertex   2.331417e+02 3.451044e+01 1.073548e+02
    endloop
  endfacet
  facet normal 9.240898e-02 -9.538904e-01 -2.855760e-01
    outer loop
      vertex   2.331029e+02 3.451629e+01 1.073227e+02
      vertex   2.331417e+02 3.451044e+01 1.073548e+02
      vertex   2.331029e+02 3.446959e+01 1.074787e+02
    endloop
  endfacet
  facet normal 1.713079e-01 -9.503759e-01 -2.596907e-01
    outer loop
      vertex   2.331029e+02 3.446959e+01 1.074787e+02
      vertex   2.331417e+02 3.451044e+01 1.073548e+02
      vertex   2.331417e+02 3.446688e+01 1.075143e+02
    endloop
  endfacet
  facet normal 8.975869e-02 -9.808326e-01 -1.729473e-01
    outer loop
      vertex   2.331029e+02 3.446959e+01 1.074787e+02
      vertex   2.331417e+02 3.446688e+01 1.075143e+02
      vertex   2.331029e+02 3.444132e+01 1.076390e+02
    endloop
  endfacet
  facet normal 1.737989e-01 -9.739881e-01 -1.453996e-01
    outer loop
      vertex   2.331029e+02 3.444132e+01 1.076390e+02
      vertex   2.331417e+02 3.446688e+01 1.075143e+02
      vertex   2.331417e+02 3.444248e+01 1.076777e+02
    endloop
  endfacet
  facet normal 8.727760e-02 -9.944986e-01 -5.792295e-02
    outer loop
      vertex   2.331029e+02 3.444132e+01 1.076390e+02
      vertex   2.331417e+02 3.444248e+01 1.076777e+02
      vertex   2.331029e+02 3.443186e+01 1.078016e+02
    endloop
  endfacet
  facet normal 1.761210e-01 -9.839362e-01 -2.917012e-02
    outer loop
      vertex   2.331029e+02 3.443186e+01 1.078016e+02
      vertex   2.331417e+02 3.444248e+01 1.076777e+02
      vertex   2.331417e+02 3.443758e+01 1.078429e+02
    endloop
  endfacet
  facet normal 8.496611e-02 -9.946981e-01 5.793457e-02
    outer loop
      vertex   2.331029e+02 3.443186e+01 1.078016e+02
      vertex   2.331417e+02 3.443758e+01 1.078429e+02
      vertex   2.331029e+02 3.444132e+01 1.079641e+02
    endloop
  endfacet
  facet normal 1.782745e-01 -9.800939e-01 8.737345e-02
    outer loop
      vertex   2.331029e+02 3.444132e+01 1.079641e+02
      vertex   2.331417e+02 3.443758e+01 1.078429e+02
      vertex   2.331417e+02 3.445225e+01 1.080075e+02
    endloop
  endfacet
  facet normal 8.282457e-02 -9.814241e-01 1.730515e-01
    outer loop
      vertex   2.331029e+02 3.444132e+01 1.079641e+02
      vertex   2.331417e+02 3.445225e+01 1.080075e+02
      vertex   2.331029e+02 3.446959e+01 1.081244e+02
    endloop
  endfacet
  facet normal 1.802602e-01 -9.625267e-01 2.026045e-01
    outer loop
      vertex   2.331029e+02 3.446959e+01 1.081244e+02
      vertex   2.331417e+02 3.445225e+01 1.080075e+02
      vertex   2.331417e+02 3.448630e+01 1.081692e+02
    endloop
  endfacet
  facet normal 8.085329e-02 -9.548531e-01 2.858642e-01
    outer loop
      vertex   2.331029e+02 3.446959e+01 1.081244e+02
      vertex   2.331417e+02 3.448630e+01 1.081692e+02
      vertex   2.331029e+02 3.451629e+01 1.082804e+02
    endloop
  endfacet
  facet normal 1.820786e-01 -9.314908e-01 3.149162e-01
    outer loop
      vertex   2.331029e+02 3.451629e+01 1.082804e+02
      vertex   2.331417e+02 3.448630e+01 1.081692e+02
      vertex   2.331417e+02 3.453923e+01 1.083258e+02
    endloop
  endfacet
  facet normal 7.905258e-02 -9.153425e-01 3.948402e-01
    outer loop
      vertex   2.331029e+02 3.451629e+01 1.082804e+02
      vertex   2.331417e+02 3.453923e+01 1.083258e+02
      vertex   2.331029e+02 3.458077e+01 1.084299e+02
    endloop
  endfacet
  facet normal 1.837300e-01 -8.874293e-01 4.227441e-01
    outer loop
      vertex   2.331029e+02 3.458077e+01 1.084299e+02
      vertex   2.331417e+02 3.453923e+01 1.083258e+02
      vertex   2.331417e+02 3.461030e+01 1.084750e+02
    endloop
  endfacet
  facet normal 7.742266e-02 -8.634259e-01 4.984992e-01
    outer loop
      vertex   2.331029e+02 3.458077e+01 1.084299e+02
      vertex   2.331417e+02 3.461030e+01 1.084750e+02
      vertex   2.331029e+02 3.466217e+01 1.085709e+02
    endloop
  endfacet
  facet normal 1.852150e-01 -8.309655e-01 5.245872e-01
    outer loop
      vertex   2.331029e+02 3.466217e+01 1.085709e+02
      vertex   2.331417e+02 3.461030e+01 1.084750e+02
      vertex   2.331417e+02 3.469853e+01 1.086148e+02
    endloop
  endfacet
  facet normal 7.596377e-02 -7.998055e-01 5.954331e-01
    outer loop
      vertex   2.331029e+02 3.466217e+01 1.085709e+02
      vertex   2.331417e+02 3.469853e+01 1.086148e+02
      vertex   2.331029e+02 3.475939e+01 1.087015e+02
    endloop
  endfacet
  facet normal 1.865339e-01 -7.628947e-01 6.190289e-01
    outer loop
      vertex   2.331029e+02 3.475939e+01 1.087015e+02
      vertex   2.331417e+02 3.469853e+01 1.086148e+02
      vertex   2.331417e+02 3.480266e+01 1.087431e+02
    endloop
  endfacet
  facet normal 7.467609e-02 -7.253427e-01 6.843255e-01
    outer loop
      vertex   2.331029e+02 3.475939e+01 1.087015e+02
      vertex   2.331417e+02 3.480266e+01 1.087431e+02
      vertex   2.331029e+02 3.487112e+01 1.088199e+02
    endloop
  endfacet
  facet normal 1.876872e-01 -6.841725e-01 7.047563e-01
    outer loop
      vertex   2.331029e+02 3.487112e+01 1.088199e+02
      vertex   2.331417e+02 3.480266e+01 1.087431e+02
      vertex   2.331417e+02 3.492124e+01 1.088582e+02
    endloop
  endfacet
  facet normal 7.355979e-02 -6.410462e-01 7.639691e-01
    outer loop
      vertex   2.331029e+02 3.487112e+01 1.088199e+02
      vertex   2.331417e+02 3.492124e+01 1.088582e+02
      vertex   2.331029e+02 3.499583e+01 1.089245e+02
    endloop
  endfacet
  facet normal 1.886751e-01 -5.959018e-01 7.805785e-01
    outer loop
      vertex   2.331029e+02 3.499583e+01 1.089245e+02
      vertex   2.331417e+02 3.492124e+01 1.088582e+02
      vertex   2.331417e+02 3.505261e+01 1.089585e+02
    endloop
  endfacet
  facet normal 7.261500e-02 -5.480583e-01 8.332822e-01
    outer loop
      vertex   2.331029e+02 3.499583e+01 1.089245e+02
      vertex   2.331417e+02 3.505261e+01 1.089585e+02
      vertex   2.331029e+02 3.513186e+01 1.090140e+02
    endloop
  endfacet
  facet normal 1.894979e-01 -4.993171e-01 8.454425e-01
    outer loop
      vertex   2.331029e+02 3.513186e+01 1.090140e+02
      vertex   2.331417e+02 3.505261e+01 1.089585e+02
      vertex   2.331417e+02 3.519491e+01 1.090425e+02
    endloop
  endfacet
  facet normal 7.184184e-02 -4.476395e-01 8.913235e-01
    outer loop
      vertex   2.331029e+02 3.513186e+01 1.090140e+02
      vertex   2.331417e+02 3.519491e+01 1.090425e+02
      vertex   2.331029e+02 3.527734e+01 1.090871e+02
    endloop
  endfacet
  facet normal 1.901558e-01 -3.957680e-01 8.984478e-01
    outer loop
      vertex   2.331029e+02 3.527734e+01 1.090871e+02
      vertex   2.331417e+02 3.519491e+01 1.090425e+02
      vertex   2.331417e+02 3.534615e+01 1.091092e+02
    endloop
  endfacet
  facet normal 7.124039e-02 -3.411511e-01 9.373050e-01
    outer loop
      vertex   2.331029e+02 3.527734e+01 1.090871e+02
      vertex   2.331417e+02 3.534615e+01 1.091092e+02
      vertex   2.331029e+02 3.543033e+01 1.091428e+02
    endloop
  endfacet
  facet normal 1.906492e-01 -2.866999e-01 9.388589e-01
    outer loop
      vertex   2.331029e+02 3.543033e+01 1.091428e+02
      vertex   2.331417e+02 3.534615e+01 1.091092e+02
      vertex   2.331417e+02 3.550422e+01 1.091574e+02
    endloop
  endfacet
  facet normal 7.081074e-02 -2.300370e-01 9.706023e-01
    outer loop
      vertex   2.331029e+02 3.543033e+01 1.091428e+02
      vertex   2.331417e+02 3.550422e+01 1.091574e+02
      vertex   2.331029e+02 3.558875e+01 1.091803e+02
    endloop
  endfacet
  facet normal 1.909780e-01 -1.736345e-01 9.661152e-01
    outer loop
      vertex   2.331029e+02 3.558875e+01 1.091803e+02
      vertex   2.331417e+02 3.550422e+01 1.091574e+02
      vertex   2.331417e+02 3.566688e+01 1.091867e+02
    endloop
  endfacet
  facet normal 7.055293e-02 -1.158036e-01 9.907632e-01
    outer loop
      vertex   2.331029e+02 3.558875e+01 1.091803e+02
      vertex   2.331417e+02 3.566688e+01 1.091867e+02
      vertex   2.331029e+02 3.575045e+01 1.091992e+02
    endloop
  endfacet
  facet normal 1.911423e-01 -5.814837e-02 9.798384e-01
    outer loop
      vertex   2.331029e+02 3.575045e+01 1.091992e+02
      vertex   2.331417e+02 3.566688e+01 1.091867e+02
      vertex   2.331417e+02 3.583186e+01 1.091965e+02
    endloop
  endfacet
  facet normal 7.046699e-02 -0.000000e+00 9.975141e-01
    outer loop
      vertex   2.331029e+02 3.575045e+01 1.091992e+02
      vertex   2.331417e+02 3.583186e+01 1.091965e+02
      vertex   2.331029e+02 3.591326e+01 1.091992e+02
    endloop
  endfacet
  facet normal 1.911423e-01 5.814837e-02 9.798384e-01
    outer loop
      vertex   2.331029e+02 3.591326e+01 1.091992e+02
      vertex   2.331417e+02 3.583186e+01 1.091965e+02
      vertex   2.331417e+02 3.599683e+01 1.091867e+02
    endloop
  endfacet
  facet normal 7.055293e-02 1.158036e-01 9.907632e-01
    outer loop
      vertex   2.331029e+02 3.591326e+01 1.091992e+02
      vertex   2.331417e+02 3.599683e+01 1.091867e+02
      vertex   2.331029e+02 3.607496e+01 1.091803e+02
    endloop
  endfacet
  facet normal 1.909780e-01 1.736345e-01 9.661152e-01
    outer loop
      vertex   2.331029e+02 3.607496e+01 1.091803e+02
      vertex   2.331417e+02 3.599683e+01 1.091867e+02
      vertex   2.331417e+02 3.615950e+01 1.091574e+02
    endloop
  endfacet
  facet normal 7.081074e-02 2.300370e-01 9.706023e-01
    outer loop
      vertex   2.331029e+02 3.607496e+01 1.091803e+02
      vertex   2.331417e+02 3.615950e+01 1.091574e+02
      vertex   2.331029e+02 3.623338e+01 1.091428e+02
    endloop
  endfacet
  facet normal 1.906492e-01 2.866999e-01 9.388589e-01
    outer loop
      vertex   2.331029e+02 3.623338e+01 1.091428e+02
      vertex   2.331417e+02 3.615950e+01 1.091574e+02
      vertex   2.331417e+02 3.631756e+01 1.091092e+02
    endloop
  endfacet
  facet normal 7.124039e-02 3.411511e-01 9.373050e-01
    outer loop
      vertex   2.331029e+02 3.623338e+01 1.091428e+02
      vertex   2.331417e+02 3.631756e+01 1.091092e+02
      vertex   2.331029e+02 3.638637e+01 1.090871e+02
    endloop
  endfacet
  facet normal 1.901558e-01 3.957680e-01 8.984478e-01
    outer loop
      vertex   2.331029e+02 3.638637e+01 1.090871e+02
      vertex   2.331417e+02 3.631756e+01 1.091092e+02
      vertex   2.331417e+02 3.646880e+01 1.090425e+02
    endloop
  endfacet
  facet normal 7.184184e-02 4.476395e-01 8.913235e-01
    outer loop
      vertex   2.331029e+02 3.638637e+01 1.090871e+02
      vertex   2.331417e+02 3.646880e+01 1.090425e+02
      vertex   2.331029e+02 3.653186e+01 1.090140e+02
    endloop
  endfacet
  facet normal 1.894979e-01 4.993171e-01 8.454425e-01
    outer loop
      vertex   2.331029e+02 3.653186e+01 1.090140e+02
      vertex   2.331417e+02 3.646880e+01 1.090425e+02
      vertex   2.331417e+02 3.661111e+01 1.089585e+02
    endloop
  endfacet
  facet normal 7.261500e-02 5.480583e-01 8.332822e-01
    outer loop
      vertex   2.331029e+02 3.653186e+01 1.090140e+02
      vertex   2.331417e+02 3.661111e+01 1.089585e+02
      vertex   2.331029e+02 3.666788e+01 1.089245e+02
    endloop
  endfacet
  facet normal 1.886751e-01 5.959018e-01 7.805785e-01
    outer loop
      vertex   2.331029e+02 3.666788e+01 1.089245e+02
      vertex   2.331417e+02 3.661111e+01 1.089585e+02
      vertex   2.331417e+02 3.674247e+01 1.088582e+02
    endloop
  endfacet
  facet normal 7.355979e-02 6.410462e-01 7.639691e-01
    outer loop
      vertex   2.331029e+02 3.666788e+01 1.089245e+02
      vertex   2.331417e+02 3.674247e+01 1.088582e+02
      vertex   2.331029e+02 3.679259e+01 1.088199e+02
    endloop
  endfacet
  facet normal 1.876872e-01 6.841725e-01 7.047563e-01
    outer loop
      vertex   2.331029e+02 3.679259e+01 1.088199e+02
      vertex   2.331417e+02 3.674247e+01 1.088582e+02
      vertex   2.331417e+02 3.686105e+01 1.087431e+02
    endloop
  endfacet
  facet normal 7.467609e-02 7.253427e-01 6.843255e-01
    outer loop
      vertex   2.331029e+02 3.679259e+01 1.088199e+02
      vertex   2.331417e+02 3.686105e+01 1.087431e+02
      vertex   2.331029e+02 3.690432e+01 1.087015e+02
    endloop
  endfacet
  facet normal 1.865339e-01 7.628947e-01 6.190289e-01
    outer loop
      vertex   2.331029e+02 3.690432e+01 1.087015e+02
      vertex   2.331417e+02 3.686105e+01 1.087431e+02
      vertex   2.331417e+02 3.696518e+01 1.086148e+02
    endloop
  endfacet
  facet normal 7.596377e-02 7.998055e-01 5.954331e-01
    outer loop
      vertex   2.331029e+02 3.690432e+01 1.087015e+02
      vertex   2.331417e+02 3.696518e+01 1.086148e+02
      vertex   2.331029e+02 3.700154e+01 1.085709e+02
    endloop
  endfacet
  facet normal 1.852150e-01 8.309655e-01 5.245872e-01
    outer loop
      vertex   2.331029e+02 3.700154e+01 1.085709e+02
      vertex   2.331417e+02 3.696518e+01 1.086148e+02
      vertex   2.331417e+02 3.705341e+01 1.084750e+02
    endloop
  endfacet
  facet normal 7.742266e-02 8.634259e-01 4.984992e-01
    outer loop
      vertex   2.331029e+02 3.700154e+01 1.085709e+02
      vertex   2.331417e+02 3.705341e+01 1.084750e+02
      vertex   2.331029e+02 3.708294e+01 1.084299e+02
    endloop
  endfacet
  facet normal 1.837300e-01 8.874293e-01 4.227441e-01
    outer loop
      vertex   2.331029e+02 3.708294e+01 1.084299e+02
      vertex   2.331417e+02 3.705341e+01 1.084750e+02
      vertex   2.331417e+02 3.712448e+01 1.083258e+02
    endloop
  endfacet
  facet normal 7.905258e-02 9.153425e-01 3.948402e-01
    outer loop
      vertex   2.331029e+02 3.708294e+01 1.084299e+02
      vertex   2.331417e+02 3.712448e+01 1.083258e+02
      vertex   2.331029e+02 3.714743e+01 1.082804e+02
    endloop
  endfacet
  facet normal 1.820786e-01 9.314908e-01 3.149162e-01
    outer loop
      vertex   2.331029e+02 3.714743e+01 1.082804e+02
      vertex   2.331417e+02 3.712448e+01 1.083258e+02
      vertex   2.331417e+02 3.717742e+01 1.081692e+02
    endloop
  endfacet
  facet normal 8.085329e-02 9.548531e-01 2.858642e-01
    outer loop
      vertex   2.331029e+02 3.714743e+01 1.082804e+02
      vertex   2.331417e+02 3.717742e+01 1.081692e+02
      vertex   2.331029e+02 3.719412e+01 1.081244e+02
    endloop
  endfacet
  facet normal 1.802602e-01 9.625267e-01 2.026045e-01
    outer loop
      vertex   2.331029e+02 3.719412e+01 1.081244e+02
      vertex   2.331417e+02 3.717742e+01 1.081692e+02
      vertex   2.331417e+02 3.721146e+01 1.080075e+02
    endloop
  endfacet
  facet normal 8.282457e-02 9.814241e-01 1.730515e-01
    outer loop
      vertex   2.331029e+02 3.719412e+01 1.081244e+02
      vertex   2.331417e+02 3.721146e+01 1.080075e+02
      vertex   2.331029e+02 3.722239e+01 1.079641e+02
    endloop
  endfacet
  facet normal 1.782745e-01 9.800939e-01 8.737345e-02
    outer loop
      vertex   2.331029e+02 3.722239e+01 1.079641e+02
      vertex   2.331417e+02 3.721146e+01 1.080075e+02
      vertex   2.331417e+02 3.722613e+01 1.078429e+02
    endloop
  endfacet
  facet normal 9.922117e-01 1.243264e-01 -7.668192e-03
    outer loop
      vertex   2.332529e+02 3.707238e+01 1.076480e+02
      vertex   2.332478e+02 3.711559e+01 1.076871e+02
      vertex   2.332529e+02 3.708186e+01 1.078016e+02
    endloop
  endfacet
  facet normal 9.906473e-01 1.363873e-01 -4.043385e-03
    outer loop
      vertex   2.332529e+02 3.708186e+01 1.078016e+02
      vertex   2.332478e+02 3.711559e+01 1.076871e+02
      vertex   2.332478e+02 3.712011e+01 1.078398e+02
    endloop
  endfacet
  facet normal 9.921442e-01 1.248625e-01 7.701256e-03
    outer loop
      vertex   2.332529e+02 3.708186e+01 1.078016e+02
      vertex   2.332478e+02 3.712011e+01 1.078398e+02
      vertex   2.332529e+02 3.707238e+01 1.079552e+02
    endloop
  endfacet
  facet normal 9.907390e-01 1.352440e-01 1.205674e-02
    outer loop
      vertex   2.332529e+02 3.707238e+01 1.079552e+02
      vertex   2.332478e+02 3.712011e+01 1.078398e+02
      vertex   2.332478e+02 3.710655e+01 1.079919e+02
    endloop
  endfacet
  facet normal 9.920649e-01 1.235861e-01 2.310225e-02
    outer loop
      vertex   2.332529e+02 3.707238e+01 1.079552e+02
      vertex   2.332478e+02 3.710655e+01 1.079919e+02
      vertex   2.332529e+02 3.704410e+01 1.081065e+02
    endloop
  endfacet
  facet normal 9.908423e-01 1.321290e-01 2.781213e-02
    outer loop
      vertex   2.332529e+02 3.704410e+01 1.081065e+02
      vertex   2.332478e+02 3.710655e+01 1.079919e+02
      vertex   2.332478e+02 3.707510e+01 1.081413e+02
    endloop
  endfacet
  facet normal 9.919734e-01 1.204962e-01 3.833261e-02
    outer loop
      vertex   2.332529e+02 3.704410e+01 1.081065e+02
      vertex   2.332478e+02 3.707510e+01 1.081413e+02
      vertex   2.332529e+02 3.699745e+01 1.082531e+02
    endloop
  endfacet
  facet normal 9.909567e-01 1.271145e-01 4.297457e-02
    outer loop
      vertex   2.332529e+02 3.699745e+01 1.082531e+02
      vertex   2.332478e+02 3.707510e+01 1.081413e+02
      vertex   2.332478e+02 3.702619e+01 1.082859e+02
    endloop
  endfacet
  facet normal 9.918692e-01 1.156130e-01 5.319040e-02
    outer loop
      vertex   2.332529e+02 3.699745e+01 1.082531e+02
      vertex   2.332478e+02 3.702619e+01 1.082859e+02
      vertex   2.332529e+02 3.693312e+01 1.083929e+02
    endloop
  endfacet
  facet normal 9.910814e-01 1.203048e-01 5.730951e-02
    outer loop
      vertex   2.332529e+02 3.693312e+01 1.083929e+02
      vertex   2.332478e+02 3.702619e+01 1.082859e+02
      vertex   2.332478e+02 3.696052e+01 1.084238e+02
    endloop
  endfacet
  facet normal 9.917514e-01 1.089777e-01 6.747612e-02
    outer loop
      vertex   2.332529e+02 3.693312e+01 1.083929e+02
      vertex   2.332478e+02 3.696052e+01 1.084238e+02
      vertex   2.332529e+02 3.685210e+01 1.085238e+02
    endloop
  endfacet
  facet normal 9.912159e-01 1.118335e-01 7.060029e-02
    outer loop
      vertex   2.332529e+02 3.685210e+01 1.085238e+02
      vertex   2.332478e+02 3.696052e+01 1.084238e+02
      vertex   2.332478e+02 3.687901e+01 1.085529e+02
    endloop
  endfacet
  facet normal 9.916194e-01 1.006524e-01 8.099472e-02
    outer loop
      vertex   2.332529e+02 3.685210e+01 1.085238e+02
      vertex   2.332478e+02 3.687901e+01 1.085529e+02
      vertex   2.332529e+02 3.675562e+01 1.086437e+02
    endloop
  endfacet
  facet normal 9.913592e-01 1.018606e-01 8.265183e-02
    outer loop
      vertex   2.332529e+02 3.675562e+01 1.086437e+02
      vertex   2.332478e+02 3.687901e+01 1.085529e+02
      vertex   2.332478e+02 3.678279e+01 1.086715e+02
    endloop
  endfacet
  facet normal 9.914721e-01 9.077379e-02 9.350478e-02
    outer loop
      vertex   2.332529e+02 3.675562e+01 1.086437e+02
      vertex   2.332478e+02 3.678279e+01 1.086715e+02
      vertex   2.332478e+02 3.667323e+01 1.087779e+02
    endloop
  endfacet
  facet normal 9.236414e-01 2.669587e-01 2.749903e-01
    outer loop
      vertex   2.332478e+02 3.667323e+01 1.087779e+02
      vertex   2.332478e+02 3.678279e+01 1.086715e+02
      vertex   2.332328e+02 3.680948e+01 1.086959e+02
    endloop
  endfacet
  facet normal 9.236414e-01 2.669587e-01 2.749903e-01
    outer loop
      vertex   2.332478e+02 3.667323e+01 1.087779e+02
      vertex   2.332328e+02 3.680948e+01 1.086959e+02
      vertex   2.332328e+02 3.669685e+01 1.088053e+02
    endloop
  endfacet
  facet normal 7.928361e-01 4.245025e-01 4.372740e-01
    outer loop
      vertex   2.332328e+02 3.669685e+01 1.088053e+02
      vertex   2.332328e+02 3.680948e+01 1.086959e+02
      vertex   2.332089e+02 3.683241e+01 1.087169e+02
    endloop
  endfacet
  facet normal 7.928361e-01 4.245025e-01 4.372740e-01
    outer loop
      vertex   2.332328e+02 3.669685e+01 1.088053e+02
      vertex   2.332089e+02 3.683241e+01 1.087169e+02
      vertex   2.332089e+02 3.671713e+01 1.088288e+02
    endloop
  endfacet
  facet normal 6.080878e-01 5.529708e-01 5.696073e-01
    outer loop
      vertex   2.332089e+02 3.671713e+01 1.088288e+02
      vertex   2.332089e+02 3.683241e+01 1.087169e+02
      vertex   2.331779e+02 3.684999e+01 1.087330e+02
    endloop
  endfacet
  facet normal 6.080878e-01 5.529708e-01 5.696073e-01
    outer loop
      vertex   2.332089e+02 3.671713e+01 1.088288e+02
      vertex   2.331779e+02 3.684999e+01 1.087330e+02
      vertex   2.331779e+02 3.673269e+01 1.088469e+02
    endloop
  endfacet
  facet normal 3.821095e-01 6.436947e-01 6.630607e-01
    outer loop
      vertex   2.331779e+02 3.673269e+01 1.088469e+02
      vertex   2.331779e+02 3.684999e+01 1.087330e+02
      vertex   2.331417e+02 3.686105e+01 1.087431e+02
    endloop
  endfacet
  facet normal 3.821095e-01 6.436947e-01 6.630607e-01
    outer loop
      vertex   2.331779e+02 3.673269e+01 1.088469e+02
      vertex   2.331417e+02 3.686105e+01 1.087431e+02
      vertex   2.331417e+02 3.674247e+01 1.088582e+02
    endloop
  endfacet
  facet normal 9.905680e-01 1.355206e-01 -2.023087e-02
    outer loop
      vertex   2.332478e+02 3.711559e+01 1.076871e+02
      vertex   2.332529e+02 3.707238e+01 1.076480e+02
      vertex   2.332478e+02 3.709304e+01 1.075361e+02
    endloop
  endfacet
  facet normal 9.922680e-01 1.220001e-01 -2.280577e-02
    outer loop
      vertex   2.332478e+02 3.709304e+01 1.075361e+02
      vertex   2.332529e+02 3.707238e+01 1.076480e+02
      vertex   2.332529e+02 3.704410e+01 1.074967e+02
    endloop
  endfacet
  facet normal 9.905013e-01 1.326405e-01 -3.624407e-02
    outer loop
      vertex   2.332478e+02 3.709304e+01 1.075361e+02
      vertex   2.332529e+02 3.704410e+01 1.074967e+02
      vertex   2.332478e+02 3.705279e+01 1.073888e+02
    endloop
  endfacet
  facet normal 9.923134e-01 1.179266e-01 -3.751514e-02
    outer loop
      vertex   2.332478e+02 3.705279e+01 1.073888e+02
      vertex   2.332529e+02 3.704410e+01 1.074967e+02
      vertex   2.332529e+02 3.699745e+01 1.073500e+02
    endloop
  endfacet
  facet normal 9.904479e-01 1.277792e-01 -5.182205e-02
    outer loop
      vertex   2.332478e+02 3.705279e+01 1.073888e+02
      vertex   2.332529e+02 3.699745e+01 1.073500e+02
      vertex   2.332478e+02 3.699540e+01 1.072473e+02
    endloop
  endfacet
  facet normal 9.923482e-01 1.121692e-01 -5.160602e-02
    outer loop
      vertex   2.332478e+02 3.699540e+01 1.072473e+02
      vertex   2.332529e+02 3.699745e+01 1.073500e+02
      vertex   2.332529e+02 3.693312e+01 1.072102e+02
    endloop
  endfacet
  facet normal 9.904079e-01 1.210043e-01 -6.670961e-02
    outer loop
      vertex   2.332478e+02 3.699540e+01 1.072473e+02
      vertex   2.332529e+02 3.693312e+01 1.072102e+02
      vertex   2.332478e+02 3.692168e+01 1.071136e+02
    endloop
  endfacet
  facet normal 9.923725e-01 1.048110e-01 -6.489623e-02
    outer loop
      vertex   2.332478e+02 3.692168e+01 1.071136e+02
      vertex   2.332529e+02 3.693312e+01 1.072102e+02
      vertex   2.332529e+02 3.685210e+01 1.070794e+02
    endloop
  endfacet
  facet normal 9.903817e-01 1.124175e-01 -8.066235e-02
    outer loop
      vertex   2.332478e+02 3.692168e+01 1.071136e+02
      vertex   2.332529e+02 3.685210e+01 1.070794e+02
      vertex   2.332478e+02 3.683266e+01 1.069895e+02
    endloop
  endfacet
  facet normal 9.923865e-01 9.595365e-02 -7.721361e-02
    outer loop
      vertex   2.332478e+02 3.683266e+01 1.069895e+02
      vertex   2.332529e+02 3.685210e+01 1.070794e+02
      vertex   2.332529e+02 3.675562e+01 1.069595e+02
    endloop
  endfacet
  facet normal 9.903694e-01 1.021530e-01 -9.345139e-02
    outer loop
      vertex   2.332478e+02 3.683266e+01 1.069895e+02
      vertex   2.332529e+02 3.675562e+01 1.069595e+02
      vertex   2.332478e+02 3.672959e+01 1.068768e+02
    endloop
  endfacet
  facet normal 9.923903e-01 8.571631e-02 -8.839787e-02
    outer loop
      vertex   2.332478e+02 3.672959e+01 1.068768e+02
      vertex   2.332529e+02 3.675562e+01 1.069595e+02
      vertex   2.332529e+02 3.664513e+01 1.068523e+02
    endloop
  endfacet
  facet normal 9.903712e-01 9.037503e-02 -1.048679e-01
    outer loop
      vertex   2.332478e+02 3.672959e+01 1.068768e+02
      vertex   2.332529e+02 3.664513e+01 1.068523e+02
      vertex   2.332478e+02 3.661391e+01 1.067771e+02
    endloop
  endfacet
  facet normal 9.923839e-01 7.423446e-02 -9.830231e-02
    outer loop
      vertex   2.332478e+02 3.661391e+01 1.067771e+02
      vertex   2.332529e+02 3.664513e+01 1.068523e+02
      vertex   2.332529e+02 3.652231e+01 1.067596e+02
    endloop
  endfacet
  facet normal 9.903869e-01 7.727463e-02 -1.147273e-01
    outer loop
      vertex   2.332478e+02 3.661391e+01 1.067771e+02
      vertex   2.332529e+02 3.652231e+01 1.067596e+02
      vertex   2.332478e+02 3.648726e+01 1.066918e+02
    endloop
  endfacet
  facet normal 9.923674e-01 6.165835e-02 -1.067954e-01
    outer loop
      vertex   2.332478e+02 3.648726e+01 1.066918e+02
      vertex   2.332529e+02 3.652231e+01 1.067596e+02
      vertex   2.332529e+02 3.638903e+01 1.066826e+02
    endloop
  endfacet
  facet normal 9.904166e-01 6.306604e-02 -1.228724e-01
    outer loop
      vertex   2.332478e+02 3.648726e+01 1.066918e+02
      vertex   2.332529e+02 3.638903e+01 1.066826e+02
      vertex   2.332478e+02 3.635141e+01 1.066221e+02
    endloop
  endfacet
  facet normal 9.923405e-01 4.815141e-02 -1.137622e-01
    outer loop
      vertex   2.332478e+02 3.635141e+01 1.066221e+02
      vertex   2.332529e+02 3.638903e+01 1.066826e+02
      vertex   2.332529e+02 3.624730e+01 1.066226e+02
    endloop
  endfacet
  facet normal 9.904600e-01 4.798246e-02 -1.291772e-01
    outer loop
      vertex   2.332478e+02 3.635141e+01 1.066221e+02
      vertex   2.332529e+02 3.624730e+01 1.066226e+02
      vertex   2.332478e+02 3.620827e+01 1.065689e+02
    endloop
  endfacet
  facet normal 9.923031e-01 3.388847e-02 -1.191056e-01
    outer loop
      vertex   2.332478e+02 3.620827e+01 1.065689e+02
      vertex   2.332529e+02 3.624730e+01 1.066226e+02
      vertex   2.332529e+02 3.609927e+01 1.065805e+02
    endloop
  endfacet
  facet normal 9.905168e-01 3.227144e-02 -1.335481e-01
    outer loop
      vertex   2.332478e+02 3.620827e+01 1.065689e+02
      vertex   2.332529e+02 3.609927e+01 1.065805e+02
      vertex   2.332478e+02 3.605984e+01 1.065331e+02
    endloop
  endfacet
  facet normal 9.922550e-01 1.905394e-02 -1.227475e-01
    outer loop
      vertex   2.332478e+02 3.605984e+01 1.065331e+02
      vertex   2.332529e+02 3.609927e+01 1.065805e+02
      vertex   2.332529e+02 3.594719e+01 1.065569e+02
    endloop
  endfacet
  facet normal 9.905816e-01 1.618194e-02 -1.359639e-01
    outer loop
      vertex   2.332478e+02 3.605984e+01 1.065331e+02
      vertex   2.332529e+02 3.594719e+01 1.065569e+02
      vertex   2.332478e+02 3.590797e+01 1.065150e+02
    endloop
  endfacet
  facet normal 9.921985e-01 3.839172e-03 -1.246093e-01
    outer loop
      vertex   2.332478e+02 3.590797e+01 1.065150e+02
      vertex   2.332529e+02 3.594719e+01 1.065569e+02
      vertex   2.332529e+02 3.579336e+01 1.065522e+02
    endloop
  endfacet
  facet normal 9.906760e-01 0.000000e+00 -1.362388e-01
    outer loop
      vertex   2.332478e+02 3.590797e+01 1.065150e+02
      vertex   2.332529e+02 3.579336e+01 1.065522e+02
      vertex   2.332478e+02 3.575574e+01 1.065150e+02
    endloop
  endfacet
  facet normal 9.921225e-01 -1.155863e-02 -1.247375e-01
    outer loop
      vertex   2.332478e+02 3.575574e+01 1.065150e+02
      vertex   2.332529e+02 3.579336e+01 1.065522e+02
      vertex   2.332529e+02 3.564012e+01 1.065664e+02
    endloop
  endfacet
  facet normal 9.907623e-01 -1.602671e-02 -1.346597e-01
    outer loop
      vertex   2.332478e+02 3.575574e+01 1.065150e+02
      vertex   2.332529e+02 3.564012e+01 1.065664e+02
      vertex   2.332478e+02 3.560388e+01 1.065331e+02
    endloop
  endfacet
  facet normal 9.920432e-01 -2.693375e-02 -1.229832e-01
    outer loop
      vertex   2.332478e+02 3.560388e+01 1.065331e+02
      vertex   2.332529e+02 3.564012e+01 1.065664e+02
      vertex   2.332529e+02 3.548978e+01 1.065993e+02
    endloop
  endfacet
  facet normal 9.908699e-01 -3.166776e-02 -1.310499e-01
    outer loop
      vertex   2.332478e+02 3.560388e+01 1.065331e+02
      vertex   2.332529e+02 3.548978e+01 1.065993e+02
      vertex   2.332478e+02 3.545545e+01 1.065689e+02
    endloop
  endfacet
  facet normal 9.919486e-01 -4.208983e-02 -1.194423e-01
    outer loop
      vertex   2.332478e+02 3.545545e+01 1.065689e+02
      vertex   2.332529e+02 3.548978e+01 1.065993e+02
      vertex   2.332529e+02 3.534462e+01 1.066504e+02
    endloop
  endfacet
  facet normal 9.909869e-01 -4.664468e-02 -1.255756e-01
    outer loop
      vertex   2.332478e+02 3.545545e+01 1.065689e+02
      vertex   2.332529e+02 3.534462e+01 1.066504e+02
      vertex   2.332478e+02 3.531230e+01 1.066221e+02
    endloop
  endfacet
  facet normal 9.918410e-01 -5.682318e-02 -1.141163e-01
    outer loop
      vertex   2.332478e+02 3.531230e+01 1.066221e+02
      vertex   2.332529e+02 3.534462e+01 1.066504e+02
      vertex   2.332529e+02 3.520686e+01 1.067190e+02
    endloop
  endfacet
  facet normal 9.911142e-01 -6.073811e-02 -1.183369e-01
    outer loop
      vertex   2.332478e+02 3.531230e+01 1.066221e+02
      vertex   2.332529e+02 3.520686e+01 1.067190e+02
      vertex   2.332478e+02 3.517645e+01 1.066918e+02
    endloop
  endfacet
  facet normal 9.917198e-01 -7.093518e-02 -1.070519e-01
    outer loop
      vertex   2.332478e+02 3.517645e+01 1.066918e+02
      vertex   2.332529e+02 3.520686e+01 1.067190e+02
      vertex   2.332529e+02 3.507856e+01 1.068041e+02
    endloop
  endfacet
  facet normal 9.912509e-01 -7.373645e-02 -1.094742e-01
    outer loop
      vertex   2.332478e+02 3.517645e+01 1.066918e+02
      vertex   2.332529e+02 3.507856e+01 1.068041e+02
      vertex   2.332478e+02 3.504980e+01 1.067771e+02
    endloop
  endfacet
  facet normal 9.915840e-01 -8.423225e-02 -9.831630e-02
    outer loop
      vertex   2.332478e+02 3.504980e+01 1.067771e+02
      vertex   2.332529e+02 3.507856e+01 1.068041e+02
      vertex   2.332529e+02 3.496169e+01 1.069042e+02
    endloop
  endfacet
  facet normal 9.914122e-01 -8.534800e-02 -9.908325e-02
    outer loop
      vertex   2.332478e+02 3.504980e+01 1.067771e+02
      vertex   2.332529e+02 3.496169e+01 1.069042e+02
      vertex   2.332478e+02 3.493457e+01 1.068764e+02
    endloop
  endfacet
  facet normal 9.914180e-01 -9.643548e-02 -8.826379e-02
    outer loop
      vertex   2.332478e+02 3.493457e+01 1.068764e+02
      vertex   2.332529e+02 3.496169e+01 1.069042e+02
      vertex   2.332478e+02 3.483105e+01 1.069895e+02
    endloop
  endfacet
  facet normal 9.236681e-01 -2.826703e-01 -2.587176e-01
    outer loop
      vertex   2.332478e+02 3.493457e+01 1.068764e+02
      vertex   2.332478e+02 3.483105e+01 1.069895e+02
      vertex   2.332328e+02 3.490929e+01 1.068505e+02
    endloop
  endfacet
  facet normal 9.236398e-01 -2.827331e-01 -2.587499e-01
    outer loop
      vertex   2.332328e+02 3.490929e+01 1.068505e+02
      vertex   2.332478e+02 3.483105e+01 1.069895e+02
      vertex   2.332328e+02 3.480296e+01 1.069667e+02
    endloop
  endfacet
  facet normal 7.929068e-01 -4.495138e-01 -4.113832e-01
    outer loop
      vertex   2.332328e+02 3.490929e+01 1.068505e+02
      vertex   2.332328e+02 3.480296e+01 1.069667e+02
      vertex   2.332089e+02 3.488757e+01 1.068283e+02
    endloop
  endfacet
  facet normal 7.928336e-01 -4.496040e-01 -4.114257e-01
    outer loop
      vertex   2.332089e+02 3.488757e+01 1.068283e+02
      vertex   2.332328e+02 3.480296e+01 1.069667e+02
      vertex   2.332089e+02 3.477884e+01 1.069471e+02
    endloop
  endfacet
  facet normal 6.082122e-01 -5.855954e-01 -5.358693e-01
    outer loop
      vertex   2.332089e+02 3.488757e+01 1.068283e+02
      vertex   2.332089e+02 3.477884e+01 1.069471e+02
      vertex   2.331779e+02 3.487087e+01 1.068113e+02
    endloop
  endfacet
  facet normal 6.080856e-01 -5.856929e-01 -5.359065e-01
    outer loop
      vertex   2.331779e+02 3.487087e+01 1.068113e+02
      vertex   2.332089e+02 3.477884e+01 1.069471e+02
      vertex   2.331779e+02 3.476033e+01 1.069321e+02
    endloop
  endfacet
  facet normal 3.822824e-01 -6.817311e-01 -6.237811e-01
    outer loop
      vertex   2.331779e+02 3.487087e+01 1.068113e+02
      vertex   2.331779e+02 3.476033e+01 1.069321e+02
      vertex   2.331417e+02 3.486034e+01 1.068006e+02
    endloop
  endfacet
  facet normal 3.821086e-01 -6.818144e-01 -6.237966e-01
    outer loop
      vertex   2.331417e+02 3.486034e+01 1.068006e+02
      vertex   2.331779e+02 3.476033e+01 1.069321e+02
      vertex   2.331417e+02 3.474869e+01 1.069227e+02
    endloop
  endfacet
  facet normal 9.915477e-01 -9.588106e-02 -8.740714e-02
    outer loop
      vertex   2.332529e+02 3.496169e+01 1.069042e+02
      vertex   2.332529e+02 3.485801e+01 1.070179e+02
      vertex   2.332478e+02 3.483105e+01 1.069895e+02
    endloop
  endfacet
  facet normal 9.912865e-01 -1.070238e-01 -7.679222e-02
    outer loop
      vertex   2.332478e+02 3.483105e+01 1.069895e+02
      vertex   2.332529e+02 3.485801e+01 1.070179e+02
      vertex   2.332478e+02 3.474203e+01 1.071136e+02
    endloop
  endfacet
  facet normal 9.236414e-01 -3.113920e-01 -2.234315e-01
    outer loop
      vertex   2.332478e+02 3.483105e+01 1.069895e+02
      vertex   2.332478e+02 3.474203e+01 1.071136e+02
      vertex   2.332328e+02 3.471144e+01 1.070943e+02
    endloop
  endfacet
  facet normal 9.236414e-01 -3.356323e-01 -1.850339e-01
    outer loop
      vertex   2.332328e+02 3.471144e+01 1.070943e+02
      vertex   2.332478e+02 3.474203e+01 1.071136e+02
      vertex   2.332328e+02 3.463565e+01 1.072317e+02
    endloop
  endfacet
  facet normal 7.928361e-01 -5.337034e-01 -2.942304e-01
    outer loop
      vertex   2.332328e+02 3.471144e+01 1.070943e+02
      vertex   2.332328e+02 3.463565e+01 1.072317e+02
      vertex   2.332089e+02 3.460760e+01 1.072184e+02
    endloop
  endfacet
  facet normal 7.928361e-01 -5.647570e-01 -2.290424e-01
    outer loop
      vertex   2.332089e+02 3.460760e+01 1.072184e+02
      vertex   2.332328e+02 3.463565e+01 1.072317e+02
      vertex   2.332089e+02 3.454722e+01 1.073673e+02
    endloop
  endfacet
  facet normal 6.080878e-01 -7.356708e-01 -2.983581e-01
    outer loop
      vertex   2.332089e+02 3.460760e+01 1.072184e+02
      vertex   2.332089e+02 3.454722e+01 1.073673e+02
      vertex   2.331779e+02 3.452464e+01 1.073596e+02
    endloop
  endfacet
  facet normal 6.080878e-01 -7.657950e-01 -2.092539e-01
    outer loop
      vertex   2.331779e+02 3.452464e+01 1.073596e+02
      vertex   2.332089e+02 3.454722e+01 1.073673e+02
      vertex   2.331779e+02 3.448154e+01 1.075173e+02
    endloop
  endfacet
  facet normal 3.821095e-01 -8.914362e-01 -2.435854e-01
    outer loop
      vertex   2.331779e+02 3.452464e+01 1.073596e+02
      vertex   2.331779e+02 3.448154e+01 1.075173e+02
      vertex   2.331417e+02 3.446688e+01 1.075143e+02
    endloop
  endfacet
  facet normal 3.821095e-01 -9.139889e-01 -1.364427e-01
    outer loop
      vertex   2.331417e+02 3.446688e+01 1.075143e+02
      vertex   2.331779e+02 3.448154e+01 1.075173e+02
      vertex   2.331417e+02 3.444248e+01 1.076777e+02
    endloop
  endfacet
  facet normal 9.916872e-01 -1.050216e-01 -7.434327e-02
    outer loop
      vertex   2.332529e+02 3.485801e+01 1.070179e+02
      vertex   2.332529e+02 3.476908e+01 1.071435e+02
      vertex   2.332478e+02 3.474203e+01 1.071136e+02
    endloop
  endfacet
  facet normal 9.911475e-01 -1.162674e-01 -6.409816e-02
    outer loop
      vertex   2.332478e+02 3.474203e+01 1.071136e+02
      vertex   2.332529e+02 3.476908e+01 1.071435e+02
      vertex   2.332478e+02 3.466831e+01 1.072473e+02
    endloop
  endfacet
  facet normal 9.236414e-01 -3.356323e-01 -1.850339e-01
    outer loop
      vertex   2.332478e+02 3.474203e+01 1.071136e+02
      vertex   2.332478e+02 3.466831e+01 1.072473e+02
      vertex   2.332328e+02 3.463565e+01 1.072317e+02
    endloop
  endfacet
  facet normal 9.236414e-01 -3.551611e-01 -1.440389e-01
    outer loop
      vertex   2.332328e+02 3.463565e+01 1.072317e+02
      vertex   2.332478e+02 3.466831e+01 1.072473e+02
      vertex   2.332328e+02 3.457665e+01 1.073772e+02
    endloop
  endfacet
  facet normal 7.928361e-01 -5.647570e-01 -2.290424e-01
    outer loop
      vertex   2.332328e+02 3.463565e+01 1.072317e+02
      vertex   2.332328e+02 3.457665e+01 1.073772e+02
      vertex   2.332089e+02 3.454722e+01 1.073673e+02
    endloop
  endfacet
  facet normal 7.928361e-01 -5.878826e-01 -1.606392e-01
    outer loop
      vertex   2.332089e+02 3.454722e+01 1.073673e+02
      vertex   2.332328e+02 3.457665e+01 1.073772e+02
      vertex   2.332089e+02 3.450487e+01 1.075223e+02
    endloop
  endfacet
  facet normal 6.080878e-01 -7.657950e-01 -2.092539e-01
    outer loop
      vertex   2.332089e+02 3.454722e+01 1.073673e+02
      vertex   2.332089e+02 3.450487e+01 1.075223e+02
      vertex   2.331779e+02 3.448154e+01 1.075173e+02
    endloop
  endfacet
  facet normal 6.080878e-01 -7.851691e-01 -1.172121e-01
    outer loop
      vertex   2.331779e+02 3.448154e+01 1.075173e+02
      vertex   2.332089e+02 3.450487e+01 1.075223e+02
      vertex   2.331779e+02 3.445740e+01 1.076790e+02
    endloop
  endfacet
  facet normal 3.821095e-01 -9.139889e-01 -1.364427e-01
    outer loop
      vertex   2.331779e+02 3.448154e+01 1.075173e+02
      vertex   2.331779e+02 3.445740e+01 1.076790e+02
      vertex   2.331417e+02 3.444248e+01 1.076777e+02
    endloop
  endfacet
  facet normal 3.821095e-01 -9.237112e-01 -2.738466e-02
    outer loop
      vertex   2.331417e+02 3.444248e+01 1.076777e+02
      vertex   2.331779e+02 3.445740e+01 1.076790e+02
      vertex   2.331417e+02 3.443758e+01 1.078429e+02
    endloop
  endfacet
  facet normal 9.918120e-01 -1.125109e-01 -6.041709e-02
    outer loop
      vertex   2.332529e+02 3.476908e+01 1.071435e+02
      vertex   2.332529e+02 3.469627e+01 1.072791e+02
      vertex   2.332478e+02 3.466831e+01 1.072473e+02
    endloop
  endfacet
  facet normal 9.910178e-01 -1.239263e-01 -5.025948e-02
    outer loop
      vertex   2.332478e+02 3.466831e+01 1.072473e+02
      vertex   2.332529e+02 3.469627e+01 1.072791e+02
      vertex   2.332478e+02 3.461092e+01 1.073888e+02
    endloop
  endfacet
  facet normal 9.236414e-01 -3.551611e-01 -1.440389e-01
    outer loop
      vertex   2.332478e+02 3.466831e+01 1.072473e+02
      vertex   2.332478e+02 3.461092e+01 1.073888e+02
      vertex   2.332328e+02 3.457665e+01 1.073772e+02
    endloop
  endfacet
  facet normal 9.236414e-01 -3.697042e-01 -1.010219e-01
    outer loop
      vertex   2.332328e+02 3.457665e+01 1.073772e+02
      vertex   2.332478e+02 3.461092e+01 1.073888e+02
      vertex   2.332328e+02 3.453527e+01 1.075287e+02
    endloop
  endfacet
  facet normal 7.928361e-01 -5.878826e-01 -1.606392e-01
    outer loop
      vertex   2.332328e+02 3.457665e+01 1.073772e+02
      vertex   2.332328e+02 3.453527e+01 1.075287e+02
      vertex   2.332089e+02 3.450487e+01 1.075223e+02
    endloop
  endfacet
  facet normal 7.928361e-01 -6.027556e-01 -8.998097e-02
    outer loop
      vertex   2.332089e+02 3.450487e+01 1.075223e+02
      vertex   2.332328e+02 3.453527e+01 1.075287e+02
      vertex   2.332089e+02 3.448115e+01 1.076812e+02
    endloop
  endfacet
  facet normal 6.080878e-01 -7.851691e-01 -1.172121e-01
    outer loop
      vertex   2.332089e+02 3.450487e+01 1.075223e+02
      vertex   2.332089e+02 3.448115e+01 1.076812e+02
      vertex   2.331779e+02 3.445740e+01 1.076790e+02
    endloop
  endfacet
  facet normal 6.080878e-01 -7.935211e-01 -2.352500e-02
    outer loop
      vertex   2.331779e+02 3.445740e+01 1.076790e+02
      vertex   2.332089e+02 3.448115e+01 1.076812e+02
      vertex   2.331779e+02 3.445256e+01 1.078425e+02
    endloop
  endfacet
  facet normal 3.821095e-01 -9.237112e-01 -2.738466e-02
    outer loop
      vertex   2.331779e+02 3.445740e+01 1.076790e+02
      vertex   2.331779e+02 3.445256e+01 1.078425e+02
      vertex   2.331417e+02 3.443758e+01 1.078429e+02
    endloop
  endfacet
  facet normal 3.821095e-01 -9.204666e-01 8.205780e-02
    outer loop
      vertex   2.331417e+02 3.443758e+01 1.078429e+02
      vertex   2.331779e+02 3.445256e+01 1.078425e+02
      vertex   2.331417e+02 3.445225e+01 1.080075e+02
    endloop
  endfacet
  facet normal 9.919229e-01 -1.182767e-01 -4.582062e-02
    outer loop
      vertex   2.332529e+02 3.469627e+01 1.072791e+02
      vertex   2.332529e+02 3.464068e+01 1.074226e+02
      vertex   2.332478e+02 3.461092e+01 1.073888e+02
    endloop
  endfacet
  facet normal 9.908981e-01 -1.298534e-01 -3.548250e-02
    outer loop
      vertex   2.332478e+02 3.461092e+01 1.073888e+02
      vertex   2.332529e+02 3.464068e+01 1.074226e+02
      vertex   2.332478e+02 3.457067e+01 1.075361e+02
    endloop
  endfacet
  facet normal 9.236414e-01 -3.697042e-01 -1.010219e-01
    outer loop
      vertex   2.332478e+02 3.461092e+01 1.073888e+02
      vertex   2.332478e+02 3.457067e+01 1.075361e+02
      vertex   2.332328e+02 3.453527e+01 1.075287e+02
    endloop
  endfacet
  facet normal 9.236414e-01 -3.790575e-01 -5.658671e-02
    outer loop
      vertex   2.332328e+02 3.453527e+01 1.075287e+02
      vertex   2.332478e+02 3.457067e+01 1.075361e+02
      vertex   2.332328e+02 3.451209e+01 1.076839e+02
    endloop
  endfacet
  facet normal 7.928361e-01 -6.027556e-01 -8.998097e-02
    outer loop
      vertex   2.332328e+02 3.453527e+01 1.075287e+02
      vertex   2.332328e+02 3.451209e+01 1.076839e+02
      vertex   2.332089e+02 3.448115e+01 1.076812e+02
    endloop
  endfacet
  facet normal 7.928361e-01 -6.091672e-01 -1.805958e-02
    outer loop
      vertex   2.332089e+02 3.448115e+01 1.076812e+02
      vertex   2.332328e+02 3.451209e+01 1.076839e+02
      vertex   2.332089e+02 3.447639e+01 1.078418e+02
    endloop
  endfacet
  facet normal 6.080878e-01 -7.935211e-01 -2.352500e-02
    outer loop
      vertex   2.332089e+02 3.448115e+01 1.076812e+02
      vertex   2.332089e+02 3.447639e+01 1.078418e+02
      vertex   2.331779e+02 3.445256e+01 1.078425e+02
    endloop
  endfacet
  facet normal 6.080878e-01 -7.907338e-01 7.049238e-02
    outer loop
      vertex   2.331779e+02 3.445256e+01 1.078425e+02
      vertex   2.332089e+02 3.447639e+01 1.078418e+02
      vertex   2.331779e+02 3.446708e+01 1.080053e+02
    endloop
  endfacet
  facet normal 3.821095e-01 -9.204666e-01 8.205780e-02
    outer loop
      vertex   2.331779e+02 3.445256e+01 1.078425e+02
      vertex   2.331779e+02 3.446708e+01 1.080053e+02
      vertex   2.331417e+02 3.445225e+01 1.080075e+02
    endloop
  endfacet
  facet normal 3.821095e-01 -9.043007e-01 1.903484e-01
    outer loop
      vertex   2.331417e+02 3.445225e+01 1.080075e+02
      vertex   2.331779e+02 3.446708e+01 1.080053e+02
      vertex   2.331417e+02 3.448630e+01 1.081692e+02
    endloop
  endfacet
  facet normal 9.920207e-01 -1.222671e-01 -3.075141e-02
    outer loop
      vertex   2.332529e+02 3.464068e+01 1.074226e+02
      vertex   2.332529e+02 3.460314e+01 1.075719e+02
      vertex   2.332478e+02 3.457067e+01 1.075361e+02
    endloop
  endfacet
  facet normal 9.907892e-01 -1.339292e-01 -1.999331e-02
    outer loop
      vertex   2.332478e+02 3.457067e+01 1.075361e+02
      vertex   2.332529e+02 3.460314e+01 1.075719e+02
      vertex   2.332478e+02 3.454812e+01 1.076871e+02
    endloop
  endfacet
  facet normal 9.236414e-01 -3.790575e-01 -5.658671e-02
    outer loop
      vertex   2.332478e+02 3.457067e+01 1.075361e+02
      vertex   2.332478e+02 3.454812e+01 1.076871e+02
      vertex   2.332328e+02 3.451209e+01 1.076839e+02
    endloop
  endfacet
  facet normal 9.236414e-01 -3.830896e-01 -1.135721e-02
    outer loop
      vertex   2.332328e+02 3.451209e+01 1.076839e+02
      vertex   2.332478e+02 3.454812e+01 1.076871e+02
      vertex   2.332328e+02 3.450744e+01 1.078408e+02
    endloop
  endfacet
  facet normal 7.928361e-01 -6.091672e-01 -1.805958e-02
    outer loop
      vertex   2.332328e+02 3.451209e+01 1.076839e+02
      vertex   2.332328e+02 3.450744e+01 1.078408e+02
      vertex   2.332089e+02 3.447639e+01 1.078418e+02
    endloop
  endfacet
  facet normal 7.928361e-01 -6.070275e-01 5.411532e-02
    outer loop
      vertex   2.332089e+02 3.447639e+01 1.078418e+02
      vertex   2.332328e+02 3.450744e+01 1.078408e+02
      vertex   2.332089e+02 3.449065e+01 1.080018e+02
    endloop
  endfacet
  facet normal 6.080878e-01 -7.907338e-01 7.049238e-02
    outer loop
      vertex   2.332089e+02 3.447639e+01 1.078418e+02
      vertex   2.332089e+02 3.449065e+01 1.080018e+02
      vertex   2.331779e+02 3.446708e+01 1.080053e+02
    endloop
  endfacet
  facet normal 6.080878e-01 -7.768464e-01 1.635202e-01
    outer loop
      vertex   2.331779e+02 3.446708e+01 1.080053e+02
      vertex   2.332089e+02 3.449065e+01 1.080018e+02
      vertex   2.331779e+02 3.450075e+01 1.081653e+02
    endloop
  endfacet
  facet normal 3.821095e-01 -9.043007e-01 1.903484e-01
    outer loop
      vertex   2.331779e+02 3.446708e+01 1.080053e+02
      vertex   2.331779e+02 3.450075e+01 1.081653e+02
      vertex   2.331417e+02 3.448630e+01 1.081692e+02
    endloop
  endfacet
  facet normal 3.821095e-01 -8.754404e-01 2.959668e-01
    outer loop
      vertex   2.331417e+02 3.448630e+01 1.081692e+02
      vertex   2.331779e+02 3.450075e+01 1.081653e+02
      vertex   2.331417e+02 3.453923e+01 1.083258e+02
    endloop
  endfacet
  facet normal 9.921060e-01 -1.244514e-01 -1.541043e-02
    outer loop
      vertex   2.332529e+02 3.460314e+01 1.075719e+02
      vertex   2.332529e+02 3.458423e+01 1.077246e+02
      vertex   2.332478e+02 3.454812e+01 1.076871e+02
    endloop
  endfacet
  facet normal 9.906917e-01 -1.360653e-01 -4.033839e-03
    outer loop
      vertex   2.332478e+02 3.454812e+01 1.076871e+02
      vertex   2.332529e+02 3.458423e+01 1.077246e+02
      vertex   2.332478e+02 3.454360e+01 1.078398e+02
    endloop
  endfacet
  facet normal 9.236414e-01 -3.830896e-01 -1.135721e-02
    outer loop
      vertex   2.332478e+02 3.454812e+01 1.076871e+02
      vertex   2.332478e+02 3.454360e+01 1.078398e+02
      vertex   2.332328e+02 3.450744e+01 1.078408e+02
    endloop
  endfacet
  facet normal 9.236414e-01 -3.817440e-01 3.403173e-02
    outer loop
      vertex   2.332328e+02 3.450744e+01 1.078408e+02
      vertex   2.332478e+02 3.454360e+01 1.078398e+02
      vertex   2.332328e+02 3.452138e+01 1.079972e+02
    endloop
  endfacet
  facet normal 7.928361e-01 -6.070275e-01 5.411532e-02
    outer loop
      vertex   2.332328e+02 3.450744e+01 1.078408e+02
      vertex   2.332328e+02 3.452138e+01 1.079972e+02
      vertex   2.332089e+02 3.449065e+01 1.080018e+02
    endloop
  endfacet
  facet normal 7.928361e-01 -5.963665e-01 1.255306e-01
    outer loop
      vertex   2.332089e+02 3.449065e+01 1.080018e+02
      vertex   2.332328e+02 3.452138e+01 1.079972e+02
      vertex   2.332089e+02 3.452375e+01 1.081590e+02
    endloop
  endfacet
  facet normal 6.080878e-01 -7.768464e-01 1.635202e-01
    outer loop
      vertex   2.332089e+02 3.449065e+01 1.080018e+02
      vertex   2.332089e+02 3.452375e+01 1.081590e+02
      vertex   2.331779e+02 3.450075e+01 1.081653e+02
    endloop
  endfacet
  facet normal 6.080878e-01 -7.520537e-01 2.542525e-01
    outer loop
      vertex   2.331779e+02 3.450075e+01 1.081653e+02
      vertex   2.332089e+02 3.452375e+01 1.081590e+02
      vertex   2.331779e+02 3.455311e+01 1.083202e+02
    endloop
  endfacet
  facet normal 3.821095e-01 -8.754404e-01 2.959668e-01
    outer loop
      vertex   2.331779e+02 3.450075e+01 1.081653e+02
      vertex   2.331779e+02 3.455311e+01 1.083202e+02
      vertex   2.331417e+02 3.453923e+01 1.083258e+02
    endloop
  endfacet
  facet normal 3.821095e-01 -8.342909e-01 3.974306e-01
    outer loop
      vertex   2.331417e+02 3.453923e+01 1.083258e+02
      vertex   2.331779e+02 3.455311e+01 1.083202e+02
      vertex   2.331417e+02 3.461030e+01 1.084750e+02
    endloop
  endfacet
  facet normal 9.921794e-01 -1.248201e-01 0.000000e+00
    outer loop
      vertex   2.332529e+02 3.458423e+01 1.077246e+02
      vertex   2.332529e+02 3.458423e+01 1.078785e+02
      vertex   2.332478e+02 3.454360e+01 1.078398e+02
    endloop
  endfacet
  facet normal 9.906061e-01 -1.362062e-01 1.214252e-02
    outer loop
      vertex   2.332478e+02 3.454360e+01 1.078398e+02
      vertex   2.332529e+02 3.458423e+01 1.078785e+02
      vertex   2.332478e+02 3.455716e+01 1.079919e+02
    endloop
  endfacet
  facet normal 9.236414e-01 -3.817440e-01 3.403173e-02
    outer loop
      vertex   2.332478e+02 3.454360e+01 1.078398e+02
      vertex   2.332478e+02 3.455716e+01 1.079919e+02
      vertex   2.332328e+02 3.452138e+01 1.079972e+02
    endloop
  endfacet
  facet normal 9.236414e-01 -3.750395e-01 7.894293e-02
    outer loop
      vertex   2.332328e+02 3.452138e+01 1.079972e+02
      vertex   2.332478e+02 3.455716e+01 1.079919e+02
      vertex   2.332328e+02 3.455371e+01 1.081508e+02
    endloop
  endfacet
  facet normal 7.928361e-01 -5.963665e-01 1.255306e-01
    outer loop
      vertex   2.332328e+02 3.452138e+01 1.079972e+02
      vertex   2.332328e+02 3.455371e+01 1.081508e+02
      vertex   2.332089e+02 3.452375e+01 1.081590e+02
    endloop
  endfacet
  facet normal 7.928361e-01 -5.773337e-01 1.951836e-01
    outer loop
      vertex   2.332089e+02 3.452375e+01 1.081590e+02
      vertex   2.332328e+02 3.455371e+01 1.081508e+02
      vertex   2.332089e+02 3.457520e+01 1.083112e+02
    endloop
  endfacet
  facet normal 6.080878e-01 -7.520537e-01 2.542525e-01
    outer loop
      vertex   2.332089e+02 3.452375e+01 1.081590e+02
      vertex   2.332089e+02 3.457520e+01 1.083112e+02
      vertex   2.331779e+02 3.455311e+01 1.083202e+02
    endloop
  endfacet
  facet normal 6.080878e-01 -7.167039e-01 3.414158e-01
    outer loop
      vertex   2.331779e+02 3.455311e+01 1.083202e+02
      vertex   2.332089e+02 3.457520e+01 1.083112e+02
      vertex   2.331779e+02 3.462343e+01 1.084678e+02
    endloop
  endfacet
  facet normal 3.821095e-01 -8.342909e-01 3.974306e-01
    outer loop
      vertex   2.331779e+02 3.455311e+01 1.083202e+02
      vertex   2.331779e+02 3.462343e+01 1.084678e+02
      vertex   2.331417e+02 3.461030e+01 1.084750e+02
    endloop
  endfacet
  facet normal 3.821095e-01 -7.814297e-01 4.933153e-01
    outer loop
      vertex   2.331417e+02 3.461030e+01 1.084750e+02
      vertex   2.331779e+02 3.462343e+01 1.084678e+02
      vertex   2.331417e+02 3.469853e+01 1.086148e+02
    endloop
  endfacet
  facet normal 9.922413e-01 -1.233848e-01 1.527835e-02
    outer loop
      vertex   2.332529e+02 3.458423e+01 1.078785e+02
      vertex   2.332529e+02 3.460314e+01 1.080313e+02
      vertex   2.332478e+02 3.455716e+01 1.079919e+02
    endloop
  endfacet
  facet normal 9.905330e-01 -1.343310e-01 2.827564e-02
    outer loop
      vertex   2.332478e+02 3.455716e+01 1.079919e+02
      vertex   2.332529e+02 3.460314e+01 1.080313e+02
      vertex   2.332478e+02 3.458861e+01 1.081413e+02
    endloop
  endfacet
  facet normal 9.236414e-01 -3.750395e-01 7.894293e-02
    outer loop
      vertex   2.332478e+02 3.455716e+01 1.079919e+02
      vertex   2.332478e+02 3.458861e+01 1.081413e+02
      vertex   2.332328e+02 3.455371e+01 1.081508e+02
    endloop
  endfacet
  facet normal 9.236414e-01 -3.630703e-01 1.227459e-01
    outer loop
      vertex   2.332328e+02 3.455371e+01 1.081508e+02
      vertex   2.332478e+02 3.458861e+01 1.081413e+02
      vertex   2.332328e+02 3.460399e+01 1.082995e+02
    endloop
  endfacet
  facet normal 7.928361e-01 -5.773337e-01 1.951836e-01
    outer loop
      vertex   2.332328e+02 3.455371e+01 1.081508e+02
      vertex   2.332328e+02 3.460399e+01 1.082995e+02
      vertex   2.332089e+02 3.457520e+01 1.083112e+02
    endloop
  endfacet
  facet normal 7.928361e-01 -5.501965e-01 2.620967e-01
    outer loop
      vertex   2.332089e+02 3.457520e+01 1.083112e+02
      vertex   2.332328e+02 3.460399e+01 1.082995e+02
      vertex   2.332089e+02 3.464430e+01 1.084563e+02
    endloop
  endfacet
  facet normal 6.080878e-01 -7.167039e-01 3.414158e-01
    outer loop
      vertex   2.332089e+02 3.457520e+01 1.083112e+02
      vertex   2.332089e+02 3.464430e+01 1.084563e+02
      vertex   2.331779e+02 3.462343e+01 1.084678e+02
    endloop
  endfacet
  facet normal 6.080878e-01 -6.712931e-01 4.237862e-01
    outer loop
      vertex   2.331779e+02 3.462343e+01 1.084678e+02
      vertex   2.332089e+02 3.464430e+01 1.084563e+02
      vertex   2.331779e+02 3.471070e+01 1.086060e+02
    endloop
  endfacet
  facet normal 3.821095e-01 -7.814297e-01 4.933153e-01
    outer loop
      vertex   2.331779e+02 3.462343e+01 1.084678e+02
      vertex   2.331779e+02 3.471070e+01 1.086060e+02
      vertex   2.331417e+02 3.469853e+01 1.086148e+02
    endloop
  endfacet
  facet normal 3.821095e-01 -7.175989e-01 5.822749e-01
    outer loop
      vertex   2.331417e+02 3.469853e+01 1.086148e+02
      vertex   2.331779e+02 3.471070e+01 1.086060e+02
      vertex   2.331417e+02 3.480266e+01 1.087431e+02
    endloop
  endfacet
  facet normal 9.922921e-01 -1.201782e-01 3.022604e-02
    outer loop
      vertex   2.332529e+02 3.460314e+01 1.080313e+02
      vertex   2.332529e+02 3.464068e+01 1.081805e+02
      vertex   2.332478e+02 3.458861e+01 1.081413e+02
    endloop
  endfacet
  facet normal 9.904729e-01 -1.304541e-01 4.410361e-02
    outer loop
      vertex   2.332478e+02 3.458861e+01 1.081413e+02
      vertex   2.332529e+02 3.464068e+01 1.081805e+02
      vertex   2.332478e+02 3.463752e+01 1.082859e+02
    endloop
  endfacet
  facet normal 9.236414e-01 -3.630703e-01 1.227459e-01
    outer loop
      vertex   2.332478e+02 3.458861e+01 1.081413e+02
      vertex   2.332478e+02 3.463752e+01 1.082859e+02
      vertex   2.332328e+02 3.460399e+01 1.082995e+02
    endloop
  endfacet
  facet normal 9.236414e-01 -3.460044e-01 1.648259e-01
    outer loop
      vertex   2.332328e+02 3.460399e+01 1.082995e+02
      vertex   2.332478e+02 3.463752e+01 1.082859e+02
      vertex   2.332328e+02 3.467151e+01 1.084413e+02
    endloop
  endfacet
  facet normal 7.928361e-01 -5.501965e-01 2.620967e-01
    outer loop
      vertex   2.332328e+02 3.460399e+01 1.082995e+02
      vertex   2.332328e+02 3.467151e+01 1.084413e+02
      vertex   2.332089e+02 3.464430e+01 1.084563e+02
    endloop
  endfacet
  facet normal 7.928361e-01 -5.153357e-01 3.253306e-01
    outer loop
      vertex   2.332089e+02 3.464430e+01 1.084563e+02
      vertex   2.332328e+02 3.467151e+01 1.084413e+02
      vertex   2.332089e+02 3.473007e+01 1.085921e+02
    endloop
  endfacet
  facet normal 6.080878e-01 -6.712931e-01 4.237862e-01
    outer loop
      vertex   2.332089e+02 3.464430e+01 1.084563e+02
      vertex   2.332089e+02 3.473007e+01 1.085921e+02
      vertex   2.331779e+02 3.471070e+01 1.086060e+02
    endloop
  endfacet
  facet normal 6.080878e-01 -6.164588e-01 5.002077e-01
    outer loop
      vertex   2.331779e+02 3.471070e+01 1.086060e+02
      vertex   2.332089e+02 3.473007e+01 1.085921e+02
      vertex   2.331779e+02 3.481372e+01 1.087330e+02
    endloop
  endfacet
  facet normal 3.821095e-01 -7.175989e-01 5.822749e-01
    outer loop
      vertex   2.331779e+02 3.471070e+01 1.086060e+02
      vertex   2.331779e+02 3.481372e+01 1.087330e+02
      vertex   2.331417e+02 3.480266e+01 1.087431e+02
    endloop
  endfacet
  facet normal 3.821095e-01 -6.436947e-01 6.630607e-01
    outer loop
      vertex   2.331417e+02 3.480266e+01 1.087431e+02
      vertex   2.331779e+02 3.481372e+01 1.087330e+02
      vertex   2.331417e+02 3.492124e+01 1.088582e+02
    endloop
  endfacet
  facet normal 9.923321e-01 -1.152536e-01 4.464949e-02
    outer loop
      vertex   2.332529e+02 3.464068e+01 1.081805e+02
      vertex   2.332529e+02 3.469627e+01 1.083240e+02
      vertex   2.332478e+02 3.463752e+01 1.082859e+02
    endloop
  endfacet
  facet normal 9.904262e-01 -1.246254e-01 5.936771e-02
    outer loop
      vertex   2.332478e+02 3.463752e+01 1.082859e+02
      vertex   2.332529e+02 3.469627e+01 1.083240e+02
      vertex   2.332478e+02 3.470319e+01 1.084238e+02
    endloop
  endfacet
  facet normal 9.236414e-01 -3.460044e-01 1.648259e-01
    outer loop
      vertex   2.332478e+02 3.463752e+01 1.082859e+02
      vertex   2.332478e+02 3.470319e+01 1.084238e+02
      vertex   2.332328e+02 3.467151e+01 1.084413e+02
    endloop
  endfacet
  facet normal 9.236414e-01 -3.240813e-01 2.045920e-01
    outer loop
      vertex   2.332328e+02 3.467151e+01 1.084413e+02
      vertex   2.332478e+02 3.470319e+01 1.084238e+02
      vertex   2.332328e+02 3.475531e+01 1.085740e+02
    endloop
  endfacet
  facet normal 7.928361e-01 -5.153357e-01 3.253306e-01
    outer loop
      vertex   2.332328e+02 3.467151e+01 1.084413e+02
      vertex   2.332328e+02 3.475531e+01 1.085740e+02
      vertex   2.332089e+02 3.473007e+01 1.085921e+02
    endloop
  endfacet
  facet normal 7.928361e-01 -4.732407e-01 3.839975e-01
    outer loop
      vertex   2.332089e+02 3.473007e+01 1.085921e+02
      vertex   2.332328e+02 3.475531e+01 1.085740e+02
      vertex   2.332089e+02 3.483131e+01 1.087169e+02
    endloop
  endfacet
  facet normal 6.080878e-01 -6.164588e-01 5.002077e-01
    outer loop
      vertex   2.332089e+02 3.473007e+01 1.085921e+02
      vertex   2.332089e+02 3.483131e+01 1.087169e+02
      vertex   2.331779e+02 3.481372e+01 1.087330e+02
    endloop
  endfacet
  facet normal 6.080878e-01 -5.529708e-01 5.696073e-01
    outer loop
      vertex   2.331779e+02 3.481372e+01 1.087330e+02
      vertex   2.332089e+02 3.483131e+01 1.087169e+02
      vertex   2.331779e+02 3.493102e+01 1.088469e+02
    endloop
  endfacet
  facet normal 3.821095e-01 -6.436947e-01 6.630607e-01
    outer loop
      vertex   2.331779e+02 3.481372e+01 1.087330e+02
      vertex   2.331779e+02 3.493102e+01 1.088469e+02
      vertex   2.331417e+02 3.492124e+01 1.088582e+02
    endloop
  endfacet
  facet normal 3.821095e-01 -5.607544e-01 7.345385e-01
    outer loop
      vertex   2.331417e+02 3.492124e+01 1.088582e+02
      vertex   2.331779e+02 3.493102e+01 1.088469e+02
      vertex   2.331417e+02 3.505261e+01 1.089585e+02
    endloop
  endfacet
  facet normal 9.923616e-01 -1.086843e-01 5.836223e-02
    outer loop
      vertex   2.332529e+02 3.469627e+01 1.083240e+02
      vertex   2.332529e+02 3.476908e+01 1.084596e+02
      vertex   2.332478e+02 3.470319e+01 1.084238e+02
    endloop
  endfacet
  facet normal 9.903931e-01 -1.169297e-01 7.381756e-02
    outer loop
      vertex   2.332478e+02 3.470319e+01 1.084238e+02
      vertex   2.332529e+02 3.476908e+01 1.084596e+02
      vertex   2.332478e+02 3.478470e+01 1.085529e+02
    endloop
  endfacet
  facet normal 9.236414e-01 -3.240813e-01 2.045920e-01
    outer loop
      vertex   2.332478e+02 3.470319e+01 1.084238e+02
      vertex   2.332478e+02 3.478470e+01 1.085529e+02
      vertex   2.332328e+02 3.475531e+01 1.085740e+02
    endloop
  endfacet
  facet normal 9.236414e-01 -2.976089e-01 2.414861e-01
    outer loop
      vertex   2.332328e+02 3.475531e+01 1.085740e+02
      vertex   2.332478e+02 3.478470e+01 1.085529e+02
      vertex   2.332328e+02 3.485423e+01 1.086959e+02
    endloop
  endfacet
  facet normal 7.928361e-01 -4.732407e-01 3.839975e-01
    outer loop
      vertex   2.332328e+02 3.475531e+01 1.085740e+02
      vertex   2.332328e+02 3.485423e+01 1.086959e+02
      vertex   2.332089e+02 3.483131e+01 1.087169e+02
    endloop
  endfacet
  facet normal 7.928361e-01 -4.245025e-01 4.372740e-01
    outer loop
      vertex   2.332089e+02 3.483131e+01 1.087169e+02
      vertex   2.332328e+02 3.485423e+01 1.086959e+02
      vertex   2.332089e+02 3.494659e+01 1.088288e+02
    endloop
  endfacet
  facet normal 6.080878e-01 -5.529708e-01 5.696073e-01
    outer loop
      vertex   2.332089e+02 3.483131e+01 1.087169e+02
      vertex   2.332089e+02 3.494659e+01 1.088288e+02
      vertex   2.331779e+02 3.493102e+01 1.088469e+02
    endloop
  endfacet
  facet normal 6.080878e-01 -4.817203e-01 6.310109e-01
    outer loop
      vertex   2.331779e+02 3.493102e+01 1.088469e+02
      vertex   2.332089e+02 3.494659e+01 1.088288e+02
      vertex   2.331779e+02 3.506098e+01 1.089461e+02
    endloop
  endfacet
  facet normal 3.821095e-01 -5.607544e-01 7.345385e-01
    outer loop
      vertex   2.331779e+02 3.493102e+01 1.088469e+02
      vertex   2.331779e+02 3.506098e+01 1.089461e+02
      vertex   2.331417e+02 3.505261e+01 1.089585e+02
    endloop
  endfacet
  facet normal 3.821095e-01 -4.699423e-01 7.957051e-01
    outer loop
      vertex   2.331417e+02 3.505261e+01 1.089585e+02
      vertex   2.331779e+02 3.506098e+01 1.089461e+02
      vertex   2.331417e+02 3.519491e+01 1.090425e+02
    endloop
  endfacet
  facet normal 9.923808e-01 -1.005627e-01 7.118685e-02
    outer loop
      vertex   2.332529e+02 3.476908e+01 1.084596e+02
      vertex   2.332529e+02 3.485801e+01 1.085852e+02
      vertex   2.332478e+02 3.478470e+01 1.085529e+02
    endloop
  endfacet
  facet normal 9.903738e-01 -1.074854e-01 8.721590e-02
    outer loop
      vertex   2.332478e+02 3.478470e+01 1.085529e+02
      vertex   2.332529e+02 3.485801e+01 1.085852e+02
      vertex   2.332478e+02 3.488092e+01 1.086715e+02
    endloop
  endfacet
  facet normal 9.236414e-01 -2.976089e-01 2.414861e-01
    outer loop
      vertex   2.332478e+02 3.478470e+01 1.085529e+02
      vertex   2.332478e+02 3.488092e+01 1.086715e+02
      vertex   2.332328e+02 3.485423e+01 1.086959e+02
    endloop
  endfacet
  facet normal 9.236414e-01 -2.669587e-01 2.749903e-01
    outer loop
      vertex   2.332328e+02 3.485423e+01 1.086959e+02
      vertex   2.332478e+02 3.488092e+01 1.086715e+02
      vertex   2.332328e+02 3.496687e+01 1.088053e+02
    endloop
  endfacet
  facet normal 7.928361e-01 -4.245025e-01 4.372740e-01
    outer loop
      vertex   2.332328e+02 3.485423e+01 1.086959e+02
      vertex   2.332328e+02 3.496687e+01 1.088053e+02
      vertex   2.332089e+02 3.494659e+01 1.088288e+02
    endloop
  endfacet
  facet normal 7.928361e-01 -3.698052e-01 4.844120e-01
    outer loop
      vertex   2.332089e+02 3.494659e+01 1.088288e+02
      vertex   2.332328e+02 3.496687e+01 1.088053e+02
      vertex   2.332089e+02 3.507429e+01 1.089263e+02
    endloop
  endfacet
  facet normal 6.080878e-01 -4.817203e-01 6.310109e-01
    outer loop
      vertex   2.332089e+02 3.494659e+01 1.088288e+02
      vertex   2.332089e+02 3.507429e+01 1.089263e+02
      vertex   2.331779e+02 3.506098e+01 1.089461e+02
    endloop
  endfacet
  facet normal 6.080878e-01 -4.037075e-01 6.835565e-01
    outer loop
      vertex   2.331779e+02 3.506098e+01 1.089461e+02
      vertex   2.332089e+02 3.507429e+01 1.089263e+02
      vertex   2.331779e+02 3.520175e+01 1.090292e+02
    endloop
  endfacet
  facet normal 3.821095e-01 -4.699423e-01 7.957051e-01
    outer loop
      vertex   2.331779e+02 3.506098e+01 1.089461e+02
      vertex   2.331779e+02 3.520175e+01 1.090292e+02
      vertex   2.331417e+02 3.519491e+01 1.090425e+02
    endloop
  endfacet
  facet normal 3.821095e-01 -3.725332e-01 8.457017e-01
    outer loop
      vertex   2.331417e+02 3.519491e+01 1.090425e+02
      vertex   2.331779e+02 3.520175e+01 1.090292e+02
      vertex   2.331417e+02 3.534615e+01 1.091092e+02
    endloop
  endfacet
  facet normal 9.923897e-01 -9.099937e-02 8.295689e-02
    outer loop
      vertex   2.332529e+02 3.485801e+01 1.085852e+02
      vertex   2.332529e+02 3.496169e+01 1.086990e+02
      vertex   2.332478e+02 3.488092e+01 1.086715e+02
    endloop
  endfacet
  facet normal 9.903685e-01 -9.644185e-02 9.934337e-02
    outer loop
      vertex   2.332478e+02 3.488092e+01 1.086715e+02
      vertex   2.332529e+02 3.496169e+01 1.086990e+02
      vertex   2.332478e+02 3.499048e+01 1.087779e+02
    endloop
  endfacet
  facet normal 9.236414e-01 -2.669587e-01 2.749903e-01
    outer loop
      vertex   2.332478e+02 3.488092e+01 1.086715e+02
      vertex   2.332478e+02 3.499048e+01 1.087779e+02
      vertex   2.332328e+02 3.496687e+01 1.088053e+02
    endloop
  endfacet
  facet normal 9.236414e-01 -2.325609e-01 3.046342e-01
    outer loop
      vertex   2.332328e+02 3.496687e+01 1.088053e+02
      vertex   2.332478e+02 3.499048e+01 1.087779e+02
      vertex   2.332328e+02 3.509165e+01 1.089005e+02
    endloop
  endfacet
  facet normal 7.928361e-01 -3.698052e-01 4.844120e-01
    outer loop
      vertex   2.332328e+02 3.496687e+01 1.088053e+02
      vertex   2.332328e+02 3.509165e+01 1.089005e+02
      vertex   2.332089e+02 3.507429e+01 1.089263e+02
    endloop
  endfacet
  facet normal 7.928361e-01 -3.099166e-01 5.247500e-01
    outer loop
      vertex   2.332089e+02 3.507429e+01 1.089263e+02
      vertex   2.332328e+02 3.509165e+01 1.089005e+02
      vertex   2.332089e+02 3.521264e+01 1.090080e+02
    endloop
  endfacet
  facet normal 6.080878e-01 -4.037075e-01 6.835565e-01
    outer loop
      vertex   2.332089e+02 3.507429e+01 1.089263e+02
      vertex   2.332089e+02 3.521264e+01 1.090080e+02
      vertex   2.331779e+02 3.520175e+01 1.090292e+02
    endloop
  endfacet
  facet normal 6.080878e-01 -3.200275e-01 7.265064e-01
    outer loop
      vertex   2.331779e+02 3.520175e+01 1.090292e+02
      vertex   2.332089e+02 3.521264e+01 1.090080e+02
      vertex   2.331779e+02 3.535137e+01 1.090951e+02
    endloop
  endfacet
  facet normal 3.821095e-01 -3.725332e-01 8.457017e-01
    outer loop
      vertex   2.331779e+02 3.520175e+01 1.090292e+02
      vertex   2.331779e+02 3.535137e+01 1.090951e+02
      vertex   2.331417e+02 3.534615e+01 1.091092e+02
    endloop
  endfacet
  facet normal 3.821095e-01 -2.698946e-01 8.838264e-01
    outer loop
      vertex   2.331417e+02 3.534615e+01 1.091092e+02
      vertex   2.331779e+02 3.535137e+01 1.090951e+02
      vertex   2.331417e+02 3.550422e+01 1.091574e+02
    endloop
  endfacet
  facet normal 9.923884e-01 -8.012188e-02 9.351866e-02
    outer loop
      vertex   2.332529e+02 3.496169e+01 1.086990e+02
      vertex   2.332529e+02 3.507856e+01 1.087991e+02
      vertex   2.332478e+02 3.499048e+01 1.087779e+02
    endloop
  endfacet
  facet normal 9.903773e-01 -8.397724e-02 1.100027e-01
    outer loop
      vertex   2.332478e+02 3.499048e+01 1.087779e+02
      vertex   2.332529e+02 3.507856e+01 1.087991e+02
      vertex   2.332478e+02 3.511186e+01 1.088705e+02
    endloop
  endfacet
  facet normal 9.236414e-01 -2.325609e-01 3.046342e-01
    outer loop
      vertex   2.332478e+02 3.499048e+01 1.087779e+02
      vertex   2.332478e+02 3.511186e+01 1.088705e+02
      vertex   2.332328e+02 3.509165e+01 1.089005e+02
    endloop
  endfacet
  facet normal 9.236414e-01 -1.948986e-01 3.300018e-01
    outer loop
      vertex   2.332328e+02 3.509165e+01 1.089005e+02
      vertex   2.332478e+02 3.511186e+01 1.088705e+02
      vertex   2.332328e+02 3.522682e+01 1.089804e+02
    endloop
  endfacet
  facet normal 7.928361e-01 -3.099166e-01 5.247500e-01
    outer loop
      vertex   2.332328e+02 3.509165e+01 1.089005e+02
      vertex   2.332328e+02 3.522682e+01 1.089804e+02
      vertex   2.332089e+02 3.521264e+01 1.090080e+02
    endloop
  endfacet
  facet normal 7.928361e-01 -2.456775e-01 5.577217e-01
    outer loop
      vertex   2.332089e+02 3.521264e+01 1.090080e+02
      vertex   2.332328e+02 3.522682e+01 1.089804e+02
      vertex   2.332089e+02 3.535967e+01 1.090728e+02
    endloop
  endfacet
  facet normal 6.080878e-01 -3.200275e-01 7.265064e-01
    outer loop
      vertex   2.332089e+02 3.521264e+01 1.090080e+02
      vertex   2.332089e+02 3.535967e+01 1.090728e+02
      vertex   2.331779e+02 3.535137e+01 1.090951e+02
    endloop
  endfacet
  facet normal 6.080878e-01 -2.318550e-01 7.592578e-01
    outer loop
      vertex   2.331779e+02 3.535137e+01 1.090951e+02
      vertex   2.332089e+02 3.535967e+01 1.090728e+02
      vertex   2.331779e+02 3.550774e+01 1.091429e+02
    endloop
  endfacet
  facet normal 3.821095e-01 -2.698946e-01 8.838264e-01
    outer loop
      vertex   2.331779e+02 3.535137e+01 1.090951e+02
      vertex   2.331779e+02 3.550774e+01 1.091429e+02
      vertex   2.331417e+02 3.550422e+01 1.091574e+02
    endloop
  endfacet
  facet normal 3.821095e-01 -1.634673e-01 9.095442e-01
    outer loop
      vertex   2.331417e+02 3.550422e+01 1.091574e+02
      vertex   2.331779e+02 3.550774e+01 1.091429e+02
      vertex   2.331417e+02 3.566688e+01 1.091867e+02
    endloop
  endfacet
  facet normal 9.923769e-01 -6.807326e-02 1.027329e-01
    outer loop
      vertex   2.332529e+02 3.507856e+01 1.087991e+02
      vertex   2.332529e+02 3.520686e+01 1.088841e+02
      vertex   2.332478e+02 3.511186e+01 1.088705e+02
    endloop
  endfacet
  facet normal 9.904000e-01 -7.029468e-02 1.190228e-01
    outer loop
      vertex   2.332478e+02 3.511186e+01 1.088705e+02
      vertex   2.332529e+02 3.520686e+01 1.088841e+02
      vertex   2.332478e+02 3.524334e+01 1.089482e+02
    endloop
  endfacet
  facet normal 9.236414e-01 -1.948986e-01 3.300018e-01
    outer loop
      vertex   2.332478e+02 3.511186e+01 1.088705e+02
      vertex   2.332478e+02 3.524334e+01 1.089482e+02
      vertex   2.332328e+02 3.522682e+01 1.089804e+02
    endloop
  endfacet
  facet normal 9.236414e-01 -1.545002e-01 3.507368e-01
    outer loop
      vertex   2.332328e+02 3.522682e+01 1.089804e+02
      vertex   2.332478e+02 3.524334e+01 1.089482e+02
      vertex   2.332328e+02 3.537049e+01 1.090437e+02
    endloop
  endfacet
  facet normal 7.928361e-01 -2.456775e-01 5.577217e-01
    outer loop
      vertex   2.332328e+02 3.522682e+01 1.089804e+02
      vertex   2.332328e+02 3.537049e+01 1.090437e+02
      vertex   2.332089e+02 3.535967e+01 1.090728e+02
    endloop
  endfacet
  facet normal 7.928361e-01 -1.779896e-01 5.828641e-01
    outer loop
      vertex   2.332089e+02 3.535967e+01 1.090728e+02
      vertex   2.332328e+02 3.537049e+01 1.090437e+02
      vertex   2.332089e+02 3.551333e+01 1.091197e+02
    endloop
  endfacet
  facet normal 6.080878e-01 -2.318550e-01 7.592578e-01
    outer loop
      vertex   2.332089e+02 3.535967e+01 1.090728e+02
      vertex   2.332089e+02 3.551333e+01 1.091197e+02
      vertex   2.331779e+02 3.550774e+01 1.091429e+02
    endloop
  endfacet
  facet normal 6.080878e-01 -1.404278e-01 7.813509e-01
    outer loop
      vertex   2.331779e+02 3.550774e+01 1.091429e+02
      vertex   2.332089e+02 3.551333e+01 1.091197e+02
      vertex   2.331779e+02 3.566865e+01 1.091718e+02
    endloop
  endfacet
  facet normal 3.821095e-01 -1.634673e-01 9.095442e-01
    outer loop
      vertex   2.331779e+02 3.550774e+01 1.091429e+02
      vertex   2.331779e+02 3.566865e+01 1.091718e+02
      vertex   2.331417e+02 3.566688e+01 1.091867e+02
    endloop
  endfacet
  facet normal 3.821095e-01 -5.474527e-02 9.224940e-01
    outer loop
      vertex   2.331417e+02 3.566688e+01 1.091867e+02
      vertex   2.331779e+02 3.566865e+01 1.091718e+02
      vertex   2.331417e+02 3.583186e+01 1.091965e+02
    endloop
  endfacet
  facet normal 9.923552e-01 -5.501055e-02 1.104761e-01
    outer loop
      vertex   2.332529e+02 3.520686e+01 1.088841e+02
      vertex   2.332529e+02 3.534462e+01 1.089527e+02
      vertex   2.332478e+02 3.524334e+01 1.089482e+02
    endloop
  endfacet
  facet normal 9.904366e-01 -5.561843e-02 1.262615e-01
    outer loop
      vertex   2.332478e+02 3.524334e+01 1.089482e+02
      vertex   2.332529e+02 3.534462e+01 1.089527e+02
      vertex   2.332478e+02 3.538309e+01 1.090097e+02
    endloop
  endfacet
  facet normal 9.236414e-01 -1.545002e-01 3.507368e-01
    outer loop
      vertex   2.332478e+02 3.524334e+01 1.089482e+02
      vertex   2.332478e+02 3.538309e+01 1.090097e+02
      vertex   2.332328e+02 3.537049e+01 1.090437e+02
    endloop
  endfacet
  facet normal 9.236414e-01 -1.119331e-01 3.665482e-01
    outer loop
      vertex   2.332328e+02 3.537049e+01 1.090437e+02
      vertex   2.332478e+02 3.538309e+01 1.090097e+02
      vertex   2.332328e+02 3.552063e+01 1.090895e+02
    endloop
  endfacet
  facet normal 7.928361e-01 -1.779896e-01 5.828641e-01
    outer loop
      vertex   2.332328e+02 3.537049e+01 1.090437e+02
      vertex   2.332328e+02 3.552063e+01 1.090895e+02
      vertex   2.332089e+02 3.551333e+01 1.091197e+02
    endloop
  endfacet
  facet normal 7.928361e-01 -1.078031e-01 5.998245e-01
    outer loop
      vertex   2.332089e+02 3.551333e+01 1.091197e+02
      vertex   2.332328e+02 3.552063e+01 1.090895e+02
      vertex   2.332089e+02 3.567147e+01 1.091481e+02
    endloop
  endfacet
  facet normal 6.080878e-01 -1.404278e-01 7.813509e-01
    outer loop
      vertex   2.332089e+02 3.551333e+01 1.091197e+02
      vertex   2.332089e+02 3.567147e+01 1.091481e+02
      vertex   2.331779e+02 3.566865e+01 1.091718e+02
    endloop
  endfacet
  facet normal 6.080878e-01 -4.702934e-02 7.924755e-01
    outer loop
      vertex   2.331779e+02 3.566865e+01 1.091718e+02
      vertex   2.332089e+02 3.567147e+01 1.091481e+02
      vertex   2.331779e+02 3.583186e+01 1.091815e+02
    endloop
  endfacet
  facet normal 3.821095e-01 -5.474527e-02 9.224940e-01
    outer loop
      vertex   2.331779e+02 3.566865e+01 1.091718e+02
      vertex   2.331779e+02 3.583186e+01 1.091815e+02
      vertex   2.331417e+02 3.583186e+01 1.091965e+02
    endloop
  endfacet
  facet normal 3.821095e-01 5.474527e-02 9.224940e-01
    outer loop
      vertex   2.331417e+02 3.583186e+01 1.091965e+02
      vertex   2.331779e+02 3.583186e+01 1.091815e+02
      vertex   2.331417e+02 3.599683e+01 1.091867e+02
    endloop
  endfacet
  facet normal 9.923231e-01 -4.110311e-02 1.166422e-01
    outer loop
      vertex   2.332529e+02 3.534462e+01 1.089527e+02
      vertex   2.332529e+02 3.548978e+01 1.090039e+02
      vertex   2.332478e+02 3.538309e+01 1.090097e+02
    endloop
  endfacet
  facet normal 9.904867e-01 -4.018948e-02 1.316088e-01
    outer loop
      vertex   2.332478e+02 3.538309e+01 1.090097e+02
      vertex   2.332529e+02 3.548978e+01 1.090039e+02
      vertex   2.332478e+02 3.552913e+01 1.090543e+02
    endloop
  endfacet
  facet normal 9.236414e-01 -1.119331e-01 3.665482e-01
    outer loop
      vertex   2.332478e+02 3.538309e+01 1.090097e+02
      vertex   2.332478e+02 3.552913e+01 1.090543e+02
      vertex   2.332328e+02 3.552063e+01 1.090895e+02
    endloop
  endfacet
  facet normal 9.236414e-01 -6.779459e-02 3.772141e-01
    outer loop
      vertex   2.332328e+02 3.552063e+01 1.090895e+02
      vertex   2.332478e+02 3.552913e+01 1.090543e+02
      vertex   2.332328e+02 3.567514e+01 1.091173e+02
    endloop
  endfacet
  facet normal 7.928361e-01 -1.078031e-01 5.998245e-01
    outer loop
      vertex   2.332328e+02 3.552063e+01 1.090895e+02
      vertex   2.332328e+02 3.567514e+01 1.091173e+02
      vertex   2.332089e+02 3.567147e+01 1.091481e+02
    endloop
  endfacet
  facet normal 7.928361e-01 -3.610331e-02 6.083646e-01
    outer loop
      vertex   2.332089e+02 3.567147e+01 1.091481e+02
      vertex   2.332328e+02 3.567514e+01 1.091173e+02
      vertex   2.332089e+02 3.583186e+01 1.091576e+02
    endloop
  endfacet
  facet normal 6.080878e-01 -4.702934e-02 7.924755e-01
    outer loop
      vertex   2.332089e+02 3.567147e+01 1.091481e+02
      vertex   2.332089e+02 3.583186e+01 1.091576e+02
      vertex   2.331779e+02 3.583186e+01 1.091815e+02
    endloop
  endfacet
  facet normal 6.080878e-01 4.702934e-02 7.924755e-01
    outer loop
      vertex   2.331779e+02 3.583186e+01 1.091815e+02
      vertex   2.332089e+02 3.583186e+01 1.091576e+02
      vertex   2.331779e+02 3.599506e+01 1.091718e+02
    endloop
  endfacet
  facet normal 3.821095e-01 5.474527e-02 9.224940e-01
    outer loop
      vertex   2.331779e+02 3.583186e+01 1.091815e+02
      vertex   2.331779e+02 3.599506e+01 1.091718e+02
      vertex   2.331417e+02 3.599683e+01 1.091867e+02
    endloop
  endfacet
  facet normal 3.821095e-01 1.634673e-01 9.095442e-01
    outer loop
      vertex   2.331417e+02 3.599683e+01 1.091867e+02
      vertex   2.331779e+02 3.599506e+01 1.091718e+02
      vertex   2.331417e+02 3.615950e+01 1.091574e+02
    endloop
  endfacet
  facet normal 9.922804e-01 -2.653081e-02 1.211434e-01
    outer loop
      vertex   2.332529e+02 3.548978e+01 1.090039e+02
      vertex   2.332529e+02 3.564012e+01 1.090368e+02
      vertex   2.332478e+02 3.552913e+01 1.090543e+02
    endloop
  endfacet
  facet normal 9.905501e-01 -2.426076e-02 1.349886e-01
    outer loop
      vertex   2.332478e+02 3.552913e+01 1.090543e+02
      vertex   2.332529e+02 3.564012e+01 1.090368e+02
      vertex   2.332478e+02 3.567942e+01 1.090814e+02
    endloop
  endfacet
  facet normal 9.236414e-01 -6.779459e-02 3.772141e-01
    outer loop
      vertex   2.332478e+02 3.552913e+01 1.090543e+02
      vertex   2.332478e+02 3.567942e+01 1.090814e+02
      vertex   2.332328e+02 3.567514e+01 1.091173e+02
    endloop
  endfacet
  facet normal 9.236414e-01 -2.270444e-02 3.825848e-01
    outer loop
      vertex   2.332328e+02 3.567514e+01 1.091173e+02
      vertex   2.332478e+02 3.567942e+01 1.090814e+02
      vertex   2.332328e+02 3.583186e+01 1.091266e+02
    endloop
  endfacet
  facet normal 7.928361e-01 -3.610331e-02 6.083646e-01
    outer loop
      vertex   2.332328e+02 3.567514e+01 1.091173e+02
      vertex   2.332328e+02 3.583186e+01 1.091266e+02
      vertex   2.332089e+02 3.583186e+01 1.091576e+02
    endloop
  endfacet
  facet normal 7.928361e-01 3.610331e-02 6.083646e-01
    outer loop
      vertex   2.332089e+02 3.583186e+01 1.091576e+02
      vertex   2.332328e+02 3.583186e+01 1.091266e+02
      vertex   2.332089e+02 3.599224e+01 1.091481e+02
    endloop
  endfacet
  facet normal 6.080878e-01 4.702934e-02 7.924755e-01
    outer loop
      vertex   2.332089e+02 3.583186e+01 1.091576e+02
      vertex   2.332089e+02 3.599224e+01 1.091481e+02
      vertex   2.331779e+02 3.599506e+01 1.091718e+02
    endloop
  endfacet
  facet normal 6.080878e-01 1.404278e-01 7.813509e-01
    outer loop
      vertex   2.331779e+02 3.599506e+01 1.091718e+02
      vertex   2.332089e+02 3.599224e+01 1.091481e+02
      vertex   2.331779e+02 3.615598e+01 1.091429e+02
    endloop
  endfacet
  facet normal 3.821095e-01 1.634673e-01 9.095442e-01
    outer loop
      vertex   2.331779e+02 3.599506e+01 1.091718e+02
      vertex   2.331779e+02 3.615598e+01 1.091429e+02
      vertex   2.331417e+02 3.615950e+01 1.091574e+02
    endloop
  endfacet
  facet normal 3.821095e-01 2.698946e-01 8.838264e-01
    outer loop
      vertex   2.331417e+02 3.615950e+01 1.091574e+02
      vertex   2.331779e+02 3.615598e+01 1.091429e+02
      vertex   2.331417e+02 3.631756e+01 1.091092e+02
    endloop
  endfacet
  facet normal 9.922269e-01 -1.148208e-02 1.239114e-01
    outer loop
      vertex   2.332529e+02 3.564012e+01 1.090368e+02
      vertex   2.332529e+02 3.579336e+01 1.090510e+02
      vertex   2.332478e+02 3.567942e+01 1.090814e+02
    endloop
  endfacet
  facet normal 9.906263e-01 -8.092252e-03 1.363598e-01
    outer loop
      vertex   2.332478e+02 3.567942e+01 1.090814e+02
      vertex   2.332529e+02 3.579336e+01 1.090510e+02
      vertex   2.332478e+02 3.583186e+01 1.090904e+02
    endloop
  endfacet
  facet normal 9.236414e-01 -2.270444e-02 3.825848e-01
    outer loop
      vertex   2.332478e+02 3.567942e+01 1.090814e+02
      vertex   2.332478e+02 3.583186e+01 1.090904e+02
      vertex   2.332328e+02 3.583186e+01 1.091266e+02
    endloop
  endfacet
  facet normal 9.236414e-01 2.270444e-02 3.825848e-01
    outer loop
      vertex   2.332328e+02 3.583186e+01 1.091266e+02
      vertex   2.332478e+02 3.583186e+01 1.090904e+02
      vertex   2.332328e+02 3.598857e+01 1.091173e+02
    endloop
  endfacet
  facet normal 7.928361e-01 3.610331e-02 6.083646e-01
    outer loop
      vertex   2.332328e+02 3.583186e+01 1.091266e+02
      vertex   2.332328e+02 3.598857e+01 1.091173e+02
      vertex   2.332089e+02 3.599224e+01 1.091481e+02
    endloop
  endfacet
  facet normal 7.928361e-01 1.078031e-01 5.998245e-01
    outer loop
      vertex   2.332089e+02 3.599224e+01 1.091481e+02
      vertex   2.332328e+02 3.598857e+01 1.091173e+02
      vertex   2.332089e+02 3.615038e+01 1.091197e+02
    endloop
  endfacet
  facet normal 6.080878e-01 1.404278e-01 7.813509e-01
    outer loop
      vertex   2.332089e+02 3.599224e+01 1.091481e+02
      vertex   2.332089e+02 3.615038e+01 1.091197e+02
      vertex   2.331779e+02 3.615598e+01 1.091429e+02
    endloop
  endfacet
  facet normal 6.080878e-01 2.318550e-01 7.592578e-01
    outer loop
      vertex   2.331779e+02 3.615598e+01 1.091429e+02
      vertex   2.332089e+02 3.615038e+01 1.091197e+02
      vertex   2.331779e+02 3.631234e+01 1.090951e+02
    endloop
  endfacet
  facet normal 3.821095e-01 2.698946e-01 8.838264e-01
    outer loop
      vertex   2.331779e+02 3.615598e+01 1.091429e+02
      vertex   2.331779e+02 3.631234e+01 1.090951e+02
      vertex   2.331417e+02 3.631756e+01 1.091092e+02
    endloop
  endfacet
  facet normal 3.821095e-01 3.725332e-01 8.457017e-01
    outer loop
      vertex   2.331417e+02 3.631756e+01 1.091092e+02
      vertex   2.331779e+02 3.631234e+01 1.090951e+02
      vertex   2.331417e+02 3.646880e+01 1.090425e+02
    endloop
  endfacet
  facet normal 9.921621e-01 3.848063e-03 1.248979e-01
    outer loop
      vertex   2.332529e+02 3.579336e+01 1.090510e+02
      vertex   2.332529e+02 3.594719e+01 1.090462e+02
      vertex   2.332478e+02 3.583186e+01 1.090904e+02
    endloop
  endfacet
  facet normal 9.907149e-01 8.054090e-03 1.357167e-01
    outer loop
      vertex   2.332478e+02 3.583186e+01 1.090904e+02
      vertex   2.332529e+02 3.594719e+01 1.090462e+02
      vertex   2.332478e+02 3.598429e+01 1.090814e+02
    endloop
  endfacet
  facet normal 9.236414e-01 2.270444e-02 3.825848e-01
    outer loop
      vertex   2.332478e+02 3.583186e+01 1.090904e+02
      vertex   2.332478e+02 3.598429e+01 1.090814e+02
      vertex   2.332328e+02 3.598857e+01 1.091173e+02
    endloop
  endfacet
  facet normal 9.236414e-01 6.779459e-02 3.772141e-01
    outer loop
      vertex   2.332328e+02 3.598857e+01 1.091173e+02
      vertex   2.332478e+02 3.598429e+01 1.090814e+02
      vertex   2.332328e+02 3.614308e+01 1.090895e+02
    endloop
  endfacet
  facet normal 7.928361e-01 1.078031e-01 5.998245e-01
    outer loop
      vertex   2.332328e+02 3.598857e+01 1.091173e+02
      vertex   2.332328e+02 3.614308e+01 1.090895e+02
      vertex   2.332089e+02 3.615038e+01 1.091197e+02
    endloop
  endfacet
  facet normal 7.928361e-01 1.779896e-01 5.828641e-01
    outer loop
      vertex   2.332089e+02 3.615038e+01 1.091197e+02
      vertex   2.332328e+02 3.614308e+01 1.090895e+02
      vertex   2.332089e+02 3.630404e+01 1.090728e+02
    endloop
  endfacet
  facet normal 6.080878e-01 2.318550e-01 7.592578e-01
    outer loop
      vertex   2.332089e+02 3.615038e+01 1.091197e+02
      vertex   2.332089e+02 3.630404e+01 1.090728e+02
      vertex   2.331779e+02 3.631234e+01 1.090951e+02
    endloop
  endfacet
  facet normal 6.080878e-01 3.200275e-01 7.265064e-01
    outer loop
      vertex   2.331779e+02 3.631234e+01 1.090951e+02
      vertex   2.332089e+02 3.630404e+01 1.090728e+02
      vertex   2.331779e+02 3.646196e+01 1.090292e+02
    endloop
  endfacet
  facet normal 3.821095e-01 3.725332e-01 8.457017e-01
    outer loop
      vertex   2.331779e+02 3.631234e+01 1.090951e+02
      vertex   2.331779e+02 3.646196e+01 1.090292e+02
      vertex   2.331417e+02 3.646880e+01 1.090425e+02
    endloop
  endfacet
  facet normal 3.821095e-01 4.699423e-01 7.957051e-01
    outer loop
      vertex   2.331417e+02 3.646880e+01 1.090425e+02
      vertex   2.331779e+02 3.646196e+01 1.090292e+02
      vertex   2.331417e+02 3.661111e+01 1.089585e+02
    endloop
  endfacet
  facet normal 9.920858e-01 1.926009e-02 1.240756e-01
    outer loop
      vertex   2.332529e+02 3.594719e+01 1.090462e+02
      vertex   2.332529e+02 3.609927e+01 1.090226e+02
      vertex   2.332478e+02 3.598429e+01 1.090814e+02
    endloop
  endfacet
  facet normal 9.908154e-01 2.391937e-02 1.330892e-01
    outer loop
      vertex   2.332478e+02 3.598429e+01 1.090814e+02
      vertex   2.332529e+02 3.609927e+01 1.090226e+02
      vertex   2.332478e+02 3.613458e+01 1.090543e+02
    endloop
  endfacet
  facet normal 9.236414e-01 6.779459e-02 3.772141e-01
    outer loop
      vertex   2.332478e+02 3.598429e+01 1.090814e+02
      vertex   2.332478e+02 3.613458e+01 1.090543e+02
      vertex   2.332328e+02 3.614308e+01 1.090895e+02
    endloop
  endfacet
  facet normal 9.236414e-01 1.119331e-01 3.665482e-01
    outer loop
      vertex   2.332328e+02 3.614308e+01 1.090895e+02
      vertex   2.332478e+02 3.613458e+01 1.090543e+02
      vertex   2.332328e+02 3.629322e+01 1.090437e+02
    endloop
  endfacet
  facet normal 7.928361e-01 1.779896e-01 5.828641e-01
    outer loop
      vertex   2.332328e+02 3.614308e+01 1.090895e+02
      vertex   2.332328e+02 3.629322e+01 1.090437e+02
      vertex   2.332089e+02 3.630404e+01 1.090728e+02
    endloop
  endfacet
  facet normal 7.928361e-01 2.456775e-01 5.577217e-01
    outer loop
      vertex   2.332089e+02 3.630404e+01 1.090728e+02
      vertex   2.332328e+02 3.629322e+01 1.090437e+02
      vertex   2.332089e+02 3.645108e+01 1.090080e+02
    endloop
  endfacet
  facet normal 6.080878e-01 3.200275e-01 7.265064e-01
    outer loop
      vertex   2.332089e+02 3.630404e+01 1.090728e+02
      vertex   2.332089e+02 3.645108e+01 1.090080e+02
      vertex   2.331779e+02 3.646196e+01 1.090292e+02
    endloop
  endfacet
  facet normal 6.080878e-01 4.037075e-01 6.835565e-01
    outer loop
      vertex   2.331779e+02 3.646196e+01 1.090292e+02
      vertex   2.332089e+02 3.645108e+01 1.090080e+02
      vertex   2.331779e+02 3.660273e+01 1.089461e+02
    endloop
  endfacet
  facet normal 3.821095e-01 4.699423e-01 7.957051e-01
    outer loop
      vertex   2.331779e+02 3.646196e+01 1.090292e+02
      vertex   2.331779e+02 3.660273e+01 1.089461e+02
      vertex   2.331417e+02 3.661111e+01 1.089585e+02
    endloop
  endfacet
  facet normal 3.821095e-01 5.607544e-01 7.345385e-01
    outer loop
      vertex   2.331417e+02 3.661111e+01 1.089585e+02
      vertex   2.331779e+02 3.660273e+01 1.089461e+02
      vertex   2.331417e+02 3.674247e+01 1.088582e+02
    endloop
  endfacet
  facet normal 9.919975e-01 3.455208e-02 1.214380e-01
    outer loop
      vertex   2.332529e+02 3.609927e+01 1.090226e+02
      vertex   2.332529e+02 3.624730e+01 1.089805e+02
      vertex   2.332478e+02 3.613458e+01 1.090543e+02
    endloop
  endfacet
  facet normal 9.909271e-01 3.925265e-02 1.285410e-01
    outer loop
      vertex   2.332478e+02 3.613458e+01 1.090543e+02
      vertex   2.332529e+02 3.624730e+01 1.089805e+02
      vertex   2.332478e+02 3.628063e+01 1.090097e+02
    endloop
  endfacet
  facet normal 9.236414e-01 1.119331e-01 3.665482e-01
    outer loop
      vertex   2.332478e+02 3.613458e+01 1.090543e+02
      vertex   2.332478e+02 3.628063e+01 1.090097e+02
      vertex   2.332328e+02 3.629322e+01 1.090437e+02
    endloop
  endfacet
  facet normal 9.236414e-01 1.545002e-01 3.507368e-01
    outer loop
      vertex   2.332328e+02 3.629322e+01 1.090437e+02
      vertex   2.332478e+02 3.628063e+01 1.090097e+02
      vertex   2.332328e+02 3.643689e+01 1.089804e+02
    endloop
  endfacet
  facet normal 7.928361e-01 2.456775e-01 5.577217e-01
    outer loop
      vertex   2.332328e+02 3.629322e+01 1.090437e+02
      vertex   2.332328e+02 3.643689e+01 1.089804e+02
      vertex   2.332089e+02 3.645108e+01 1.090080e+02
    endloop
  endfacet
  facet normal 7.928361e-01 3.099166e-01 5.247500e-01
    outer loop
      vertex   2.332089e+02 3.645108e+01 1.090080e+02
      vertex   2.332328e+02 3.643689e+01 1.089804e+02
      vertex   2.332089e+02 3.658942e+01 1.089263e+02
    endloop
  endfacet
  facet normal 6.080878e-01 4.037075e-01 6.835565e-01
    outer loop
      vertex   2.332089e+02 3.645108e+01 1.090080e+02
      vertex   2.332089e+02 3.658942e+01 1.089263e+02
      vertex   2.331779e+02 3.660273e+01 1.089461e+02
    endloop
  endfacet
  facet normal 6.080878e-01 4.817203e-01 6.310109e-01
    outer loop
      vertex   2.331779e+02 3.660273e+01 1.089461e+02
      vertex   2.332089e+02 3.658942e+01 1.089263e+02
      vertex   2.331779e+02 3.673269e+01 1.088469e+02
    endloop
  endfacet
  facet normal 3.821095e-01 5.607544e-01 7.345385e-01
    outer loop
      vertex   2.331779e+02 3.660273e+01 1.089461e+02
      vertex   2.331779e+02 3.673269e+01 1.088469e+02
      vertex   2.331417e+02 3.674247e+01 1.088582e+02
    endloop
  endfacet
  facet normal 9.918965e-01 4.952185e-02 1.170000e-01
    outer loop
      vertex   2.332529e+02 3.624730e+01 1.089805e+02
      vertex   2.332529e+02 3.638903e+01 1.089205e+02
      vertex   2.332478e+02 3.628063e+01 1.090097e+02
    endloop
  endfacet
  facet normal 9.910493e-01 5.381554e-02 1.221687e-01
    outer loop
      vertex   2.332478e+02 3.628063e+01 1.090097e+02
      vertex   2.332529e+02 3.638903e+01 1.089205e+02
      vertex   2.332478e+02 3.642037e+01 1.089482e+02
    endloop
  endfacet
  facet normal 9.236414e-01 1.545002e-01 3.507368e-01
    outer loop
      vertex   2.332478e+02 3.628063e+01 1.090097e+02
      vertex   2.332478e+02 3.642037e+01 1.089482e+02
      vertex   2.332328e+02 3.643689e+01 1.089804e+02
    endloop
  endfacet
  facet normal 9.236414e-01 1.948986e-01 3.300018e-01
    outer loop
      vertex   2.332328e+02 3.643689e+01 1.089804e+02
      vertex   2.332478e+02 3.642037e+01 1.089482e+02
      vertex   2.332328e+02 3.657206e+01 1.089005e+02
    endloop
  endfacet
  facet normal 7.928361e-01 3.099166e-01 5.247500e-01
    outer loop
      vertex   2.332328e+02 3.643689e+01 1.089804e+02
      vertex   2.332328e+02 3.657206e+01 1.089005e+02
      vertex   2.332089e+02 3.658942e+01 1.089263e+02
    endloop
  endfacet
  facet normal 7.928361e-01 3.698052e-01 4.844120e-01
    outer loop
      vertex   2.332089e+02 3.658942e+01 1.089263e+02
      vertex   2.332328e+02 3.657206e+01 1.089005e+02
      vertex   2.332089e+02 3.671713e+01 1.088288e+02
    endloop
  endfacet
  facet normal 6.080878e-01 4.817203e-01 6.310109e-01
    outer loop
      vertex   2.332089e+02 3.658942e+01 1.089263e+02
      vertex   2.332089e+02 3.671713e+01 1.088288e+02
      vertex   2.331779e+02 3.673269e+01 1.088469e+02
    endloop
  endfacet
  facet normal 9.917821e-01 6.396908e-02 1.107977e-01
    outer loop
      vertex   2.332529e+02 3.638903e+01 1.089205e+02
      vertex   2.332529e+02 3.652231e+01 1.088436e+02
      vertex   2.332478e+02 3.642037e+01 1.089482e+02
    endloop
  endfacet
  facet normal 9.911814e-01 6.738655e-02 1.140987e-01
    outer loop
      vertex   2.332478e+02 3.642037e+01 1.089482e+02
      vertex   2.332529e+02 3.652231e+01 1.088436e+02
      vertex   2.332478e+02 3.655185e+01 1.088705e+02
    endloop
  endfacet
  facet normal 9.236414e-01 1.948986e-01 3.300018e-01
    outer loop
      vertex   2.332478e+02 3.642037e+01 1.089482e+02
      vertex   2.332478e+02 3.655185e+01 1.088705e+02
      vertex   2.332328e+02 3.657206e+01 1.089005e+02
    endloop
  endfacet
  facet normal 9.236414e-01 2.325609e-01 3.046342e-01
    outer loop
      vertex   2.332328e+02 3.657206e+01 1.089005e+02
      vertex   2.332478e+02 3.655185e+01 1.088705e+02
      vertex   2.332328e+02 3.669685e+01 1.088053e+02
    endloop
  endfacet
  facet normal 7.928361e-01 3.698052e-01 4.844120e-01
    outer loop
      vertex   2.332328e+02 3.657206e+01 1.089005e+02
      vertex   2.332328e+02 3.669685e+01 1.088053e+02
      vertex   2.332089e+02 3.671713e+01 1.088288e+02
    endloop
  endfacet
  facet normal 9.916538e-01 7.769743e-02 1.028880e-01
    outer loop
      vertex   2.332529e+02 3.652231e+01 1.088436e+02
      vertex   2.332529e+02 3.664513e+01 1.087508e+02
      vertex   2.332478e+02 3.655185e+01 1.088705e+02
    endloop
  endfacet
  facet normal 9.913226e-01 7.976489e-02 1.044849e-01
    outer loop
      vertex   2.332478e+02 3.655185e+01 1.088705e+02
      vertex   2.332529e+02 3.664513e+01 1.087508e+02
      vertex   2.332478e+02 3.667323e+01 1.087779e+02
    endloop
  endfacet
  facet normal 9.236414e-01 2.325609e-01 3.046342e-01
    outer loop
      vertex   2.332478e+02 3.655185e+01 1.088705e+02
      vertex   2.332478e+02 3.667323e+01 1.087779e+02
      vertex   2.332328e+02 3.669685e+01 1.088053e+02
    endloop
  endfacet
  facet normal 9.915104e-01 9.051656e-02 9.334829e-02
    outer loop
      vertex   2.332529e+02 3.664513e+01 1.087508e+02
      vertex   2.332529e+02 3.675562e+01 1.086437e+02
      vertex   2.332478e+02 3.667323e+01 1.087779e+02
    endloop
  endfacet
  facet normal 3.821095e-01 9.237112e-01 -2.738466e-02
    outer loop
      vertex   2.331417e+02 3.722613e+01 1.078429e+02
      vertex   2.331779e+02 3.721115e+01 1.078425e+02
      vertex   2.331417e+02 3.722123e+01 1.076777e+02
    endloop
  endfacet
  facet normal 3.821095e-01 9.237112e-01 -2.738466e-02
    outer loop
      vertex   2.331417e+02 3.722123e+01 1.076777e+02
      vertex   2.331779e+02 3.721115e+01 1.078425e+02
      vertex   2.331779e+02 3.720631e+01 1.076790e+02
    endloop
  endfacet
  facet normal 3.821095e-01 9.139889e-01 -1.364427e-01
    outer loop
      vertex   2.331417e+02 3.722123e+01 1.076777e+02
      vertex   2.331779e+02 3.720631e+01 1.076790e+02
      vertex   2.331417e+02 3.719683e+01 1.075143e+02
    endloop
  endfacet
  facet normal 3.821095e-01 9.139889e-01 -1.364427e-01
    outer loop
      vertex   2.331417e+02 3.719683e+01 1.075143e+02
      vertex   2.331779e+02 3.720631e+01 1.076790e+02
      vertex   2.331779e+02 3.718217e+01 1.075173e+02
    endloop
  endfacet
  facet normal 3.821095e-01 8.914362e-01 -2.435854e-01
    outer loop
      vertex   2.331417e+02 3.719683e+01 1.075143e+02
      vertex   2.331779e+02 3.718217e+01 1.075173e+02
      vertex   2.331417e+02 3.715327e+01 1.073548e+02
    endloop
  endfacet
  facet normal 3.821095e-01 8.914362e-01 -2.435854e-01
    outer loop
      vertex   2.331417e+02 3.715327e+01 1.073548e+02
      vertex   2.331779e+02 3.718217e+01 1.075173e+02
      vertex   2.331779e+02 3.713907e+01 1.073596e+02
    endloop
  endfacet
  facet normal 3.821095e-01 8.563697e-01 -3.473087e-01
    outer loop
      vertex   2.331417e+02 3.715327e+01 1.073548e+02
      vertex   2.331779e+02 3.713907e+01 1.073596e+02
      vertex   2.331417e+02 3.709116e+01 1.072017e+02
    endloop
  endfacet
  facet normal 3.821095e-01 8.563697e-01 -3.473087e-01
    outer loop
      vertex   2.331417e+02 3.709116e+01 1.072017e+02
      vertex   2.331779e+02 3.713907e+01 1.073596e+02
      vertex   2.331779e+02 3.707763e+01 1.072081e+02
    endloop
  endfacet
  facet normal 3.821095e-01 8.092816e-01 -4.461565e-01
    outer loop
      vertex   2.331417e+02 3.709116e+01 1.072017e+02
      vertex   2.331779e+02 3.707763e+01 1.072081e+02
      vertex   2.331417e+02 3.701137e+01 1.070570e+02
    endloop
  endfacet
  facet normal 3.821095e-01 8.092816e-01 -4.461565e-01
    outer loop
      vertex   2.331417e+02 3.701137e+01 1.070570e+02
      vertex   2.331779e+02 3.707763e+01 1.072081e+02
      vertex   2.331779e+02 3.699870e+01 1.070649e+02
    endloop
  endfacet
  facet normal 3.821095e-01 7.508330e-01 -5.387413e-01
    outer loop
      vertex   2.331417e+02 3.701137e+01 1.070570e+02
      vertex   2.331779e+02 3.699870e+01 1.070649e+02
      vertex   2.331417e+02 3.691502e+01 1.069227e+02
    endloop
  endfacet
  facet normal 3.821095e-01 7.508330e-01 -5.387413e-01
    outer loop
      vertex   2.331417e+02 3.691502e+01 1.069227e+02
      vertex   2.331779e+02 3.699870e+01 1.070649e+02
      vertex   2.331779e+02 3.690338e+01 1.069321e+02
    endloop
  endfacet
  facet normal 3.821095e-01 6.818443e-01 -6.237633e-01
    outer loop
      vertex   2.331417e+02 3.691502e+01 1.069227e+02
      vertex   2.331779e+02 3.690338e+01 1.069321e+02
      vertex   2.331417e+02 3.680347e+01 1.068007e+02
    endloop
  endfacet
  facet normal 3.821095e-01 6.818443e-01 -6.237633e-01
    outer loop
      vertex   2.331417e+02 3.680347e+01 1.068007e+02
      vertex   2.331779e+02 3.690338e+01 1.069321e+02
      vertex   2.331779e+02 3.679303e+01 1.068115e+02
    endloop
  endfacet
  facet normal 3.821095e-01 6.032840e-01 -7.000290e-01
    outer loop
      vertex   2.331417e+02 3.680347e+01 1.068007e+02
      vertex   2.331779e+02 3.679303e+01 1.068115e+02
      vertex   2.331417e+02 3.667827e+01 1.066928e+02
    endloop
  endfacet
  facet normal 3.821095e-01 6.032840e-01 -7.000290e-01
    outer loop
      vertex   2.331417e+02 3.667827e+01 1.066928e+02
      vertex   2.331779e+02 3.679303e+01 1.068115e+02
      vertex   2.331779e+02 3.666918e+01 1.067048e+02
    endloop
  endfacet
  facet normal 3.821095e-01 5.162550e-01 -7.664679e-01
    outer loop
      vertex   2.331417e+02 3.667827e+01 1.066928e+02
      vertex   2.331779e+02 3.666918e+01 1.067048e+02
      vertex   2.331417e+02 3.654120e+01 1.066005e+02
    endloop
  endfacet
  facet normal 3.821095e-01 5.162550e-01 -7.664679e-01
    outer loop
      vertex   2.331417e+02 3.654120e+01 1.066005e+02
      vertex   2.331779e+02 3.666918e+01 1.067048e+02
      vertex   2.331779e+02 3.653358e+01 1.066134e+02
    endloop
  endfacet
  facet normal 3.821095e-01 4.219789e-01 -8.221473e-01
    outer loop
      vertex   2.331417e+02 3.654120e+01 1.066005e+02
      vertex   2.331779e+02 3.653358e+01 1.066134e+02
      vertex   2.331417e+02 3.639417e+01 1.065250e+02
    endloop
  endfacet
  facet normal 3.821095e-01 4.219789e-01 -8.221473e-01
    outer loop
      vertex   2.331417e+02 3.639417e+01 1.065250e+02
      vertex   2.331779e+02 3.653358e+01 1.066134e+02
      vertex   2.331779e+02 3.638813e+01 1.065388e+02
    endloop
  endfacet
  facet normal 3.821095e-01 3.217791e-01 -8.662855e-01
    outer loop
      vertex   2.331417e+02 3.639417e+01 1.065250e+02
      vertex   2.331779e+02 3.638813e+01 1.065388e+02
      vertex   2.331417e+02 3.623924e+01 1.064675e+02
    endloop
  endfacet
  facet normal 3.821095e-01 3.217791e-01 -8.662855e-01
    outer loop
      vertex   2.331417e+02 3.623924e+01 1.064675e+02
      vertex   2.331779e+02 3.638813e+01 1.065388e+02
      vertex   2.331779e+02 3.623487e+01 1.064818e+02
    endloop
  endfacet
  facet normal 3.821095e-01 2.170622e-01 -8.982629e-01
    outer loop
      vertex   2.331417e+02 3.623924e+01 1.064675e+02
      vertex   2.331779e+02 3.623487e+01 1.064818e+02
      vertex   2.331417e+02 3.607860e+01 1.064287e+02
    endloop
  endfacet
  facet normal 3.821095e-01 2.170622e-01 -8.982629e-01
    outer loop
      vertex   2.331417e+02 3.607860e+01 1.064287e+02
      vertex   2.331779e+02 3.623487e+01 1.064818e+02
      vertex   2.331779e+02 3.607595e+01 1.064434e+02
    endloop
  endfacet
  facet normal 3.821024e-01 1.089628e-01 -9.176736e-01
    outer loop
      vertex   2.331417e+02 3.607860e+01 1.064287e+02
      vertex   2.331779e+02 3.607595e+01 1.064434e+02
      vertex   2.331779e+02 3.591259e+01 1.064240e+02
    endloop
  endfacet
  facet normal 6.078416e-01 9.362728e-02 -7.885192e-01
    outer loop
      vertex   2.331779e+02 3.591259e+01 1.064240e+02
      vertex   2.331779e+02 3.607595e+01 1.064434e+02
      vertex   2.332089e+02 3.591145e+01 1.064478e+02
    endloop
  endfacet
  facet normal 6.083384e-01 0.000000e+00 -7.936777e-01
    outer loop
      vertex   2.331779e+02 3.591259e+01 1.064240e+02
      vertex   2.332089e+02 3.591145e+01 1.064478e+02
      vertex   2.332089e+02 3.575226e+01 1.064478e+02
    endloop
  endfacet
  facet normal 7.929809e-01 0.000000e+00 -6.092465e-01
    outer loop
      vertex   2.332089e+02 3.575226e+01 1.064478e+02
      vertex   2.332089e+02 3.591145e+01 1.064478e+02
      vertex   2.332328e+02 3.575385e+01 1.064789e+02
    endloop
  endfacet
  facet normal 7.926945e-01 -7.193546e-02 -6.053600e-01
    outer loop
      vertex   2.332089e+02 3.575226e+01 1.064478e+02
      vertex   2.332328e+02 3.575385e+01 1.064789e+02
      vertex   2.332089e+02 3.559198e+01 1.064669e+02
    endloop
  endfacet
  facet normal 7.928329e-01 -7.196957e-02 -6.051746e-01
    outer loop
      vertex   2.332089e+02 3.559198e+01 1.064669e+02
      vertex   2.332328e+02 3.575385e+01 1.064789e+02
      vertex   2.332328e+02 3.559748e+01 1.064975e+02
    endloop
  endfacet
  facet normal 7.928361e-01 -1.431478e-01 -5.923847e-01
    outer loop
      vertex   2.332089e+02 3.559198e+01 1.064669e+02
      vertex   2.332328e+02 3.559748e+01 1.064975e+02
      vertex   2.332089e+02 3.543581e+01 1.065046e+02
    endloop
  endfacet
  facet normal 7.928361e-01 -1.431478e-01 -5.923847e-01
    outer loop
      vertex   2.332089e+02 3.543581e+01 1.065046e+02
      vertex   2.332328e+02 3.559748e+01 1.064975e+02
      vertex   2.332328e+02 3.544488e+01 1.065343e+02
    endloop
  endfacet
  facet normal 7.928361e-01 -2.122062e-01 -5.712962e-01
    outer loop
      vertex   2.332089e+02 3.543581e+01 1.065046e+02
      vertex   2.332328e+02 3.544488e+01 1.065343e+02
      vertex   2.332089e+02 3.528519e+01 1.065606e+02
    endloop
  endfacet
  facet normal 7.928361e-01 -2.122062e-01 -5.712962e-01
    outer loop
      vertex   2.332089e+02 3.528519e+01 1.065606e+02
      vertex   2.332328e+02 3.544488e+01 1.065343e+02
      vertex   2.332328e+02 3.529772e+01 1.065890e+02
    endloop
  endfacet
  facet normal 7.928361e-01 -2.782858e-01 -5.421881e-01
    outer loop
      vertex   2.332089e+02 3.528519e+01 1.065606e+02
      vertex   2.332328e+02 3.529772e+01 1.065890e+02
      vertex   2.332089e+02 3.514225e+01 1.066339e+02
    endloop
  endfacet
  facet normal 7.928361e-01 -2.782858e-01 -5.421881e-01
    outer loop
      vertex   2.332089e+02 3.514225e+01 1.066339e+02
      vertex   2.332328e+02 3.529772e+01 1.065890e+02
      vertex   2.332328e+02 3.515805e+01 1.066607e+02
    endloop
  endfacet
  facet normal 7.928361e-01 -3.404588e-01 -5.054688e-01
    outer loop
      vertex   2.332089e+02 3.514225e+01 1.066339e+02
      vertex   2.332328e+02 3.515805e+01 1.066607e+02
      vertex   2.332089e+02 3.500899e+01 1.067237e+02
    endloop
  endfacet
  facet normal 7.928361e-01 -3.404588e-01 -5.054688e-01
    outer loop
      vertex   2.332089e+02 3.500899e+01 1.067237e+02
      vertex   2.332328e+02 3.515805e+01 1.066607e+02
      vertex   2.332328e+02 3.502785e+01 1.067484e+02
    endloop
  endfacet
  facet normal 7.928395e-01 -3.977603e-01 -4.617275e-01
    outer loop
      vertex   2.332089e+02 3.500899e+01 1.067237e+02
      vertex   2.332328e+02 3.502785e+01 1.067484e+02
      vertex   2.332328e+02 3.490929e+01 1.068505e+02
    endloop
  endfacet
  facet normal 9.236153e-01 -2.501841e-01 -2.904183e-01
    outer loop
      vertex   2.332328e+02 3.490929e+01 1.068505e+02
      vertex   2.332328e+02 3.502785e+01 1.067484e+02
      vertex   2.332478e+02 3.493457e+01 1.068764e+02
    endloop
  endfacet
  facet normal 6.080878e-01 7.935211e-01 -2.352500e-02
    outer loop
      vertex   2.331779e+02 3.721115e+01 1.078425e+02
      vertex   2.332089e+02 3.718733e+01 1.078418e+02
      vertex   2.331779e+02 3.720631e+01 1.076790e+02
    endloop
  endfacet
  facet normal 6.080878e-01 7.935211e-01 -2.352500e-02
    outer loop
      vertex   2.331779e+02 3.720631e+01 1.076790e+02
      vertex   2.332089e+02 3.718733e+01 1.078418e+02
      vertex   2.332089e+02 3.718257e+01 1.076812e+02
    endloop
  endfacet
  facet normal 6.080878e-01 7.851691e-01 -1.172121e-01
    outer loop
      vertex   2.331779e+02 3.720631e+01 1.076790e+02
      vertex   2.332089e+02 3.718257e+01 1.076812e+02
      vertex   2.331779e+02 3.718217e+01 1.075173e+02
    endloop
  endfacet
  facet normal 6.080878e-01 7.851691e-01 -1.172121e-01
    outer loop
      vertex   2.331779e+02 3.718217e+01 1.075173e+02
      vertex   2.332089e+02 3.718257e+01 1.076812e+02
      vertex   2.332089e+02 3.715884e+01 1.075223e+02
    endloop
  endfacet
  facet normal 6.080878e-01 7.657950e-01 -2.092539e-01
    outer loop
      vertex   2.331779e+02 3.718217e+01 1.075173e+02
      vertex   2.332089e+02 3.715884e+01 1.075223e+02
      vertex   2.331779e+02 3.713907e+01 1.073596e+02
    endloop
  endfacet
  facet normal 6.080878e-01 7.657950e-01 -2.092539e-01
    outer loop
      vertex   2.331779e+02 3.713907e+01 1.073596e+02
      vertex   2.332089e+02 3.715884e+01 1.075223e+02
      vertex   2.332089e+02 3.711649e+01 1.073673e+02
    endloop
  endfacet
  facet normal 6.080878e-01 7.356708e-01 -2.983581e-01
    outer loop
      vertex   2.331779e+02 3.713907e+01 1.073596e+02
      vertex   2.332089e+02 3.711649e+01 1.073673e+02
      vertex   2.331779e+02 3.707763e+01 1.072081e+02
    endloop
  endfacet
  facet normal 6.080878e-01 7.356708e-01 -2.983581e-01
    outer loop
      vertex   2.331779e+02 3.707763e+01 1.072081e+02
      vertex   2.332089e+02 3.711649e+01 1.073673e+02
      vertex   2.332089e+02 3.705611e+01 1.072184e+02
    endloop
  endfacet
  facet normal 6.080878e-01 6.952195e-01 -3.832741e-01
    outer loop
      vertex   2.331779e+02 3.707763e+01 1.072081e+02
      vertex   2.332089e+02 3.705611e+01 1.072184e+02
      vertex   2.331779e+02 3.699870e+01 1.070649e+02
    endloop
  endfacet
  facet normal 6.080878e-01 6.952195e-01 -3.832741e-01
    outer loop
      vertex   2.331779e+02 3.699870e+01 1.070649e+02
      vertex   2.332089e+02 3.705611e+01 1.072184e+02
      vertex   2.332089e+02 3.697854e+01 1.070777e+02
    endloop
  endfacet
  facet normal 6.080878e-01 6.450088e-01 -4.628098e-01
    outer loop
      vertex   2.331779e+02 3.699870e+01 1.070649e+02
      vertex   2.332089e+02 3.697854e+01 1.070777e+02
      vertex   2.331779e+02 3.690338e+01 1.069321e+02
    endloop
  endfacet
  facet normal 6.080878e-01 6.450088e-01 -4.628098e-01
    outer loop
      vertex   2.331779e+02 3.690338e+01 1.069321e+02
      vertex   2.332089e+02 3.697854e+01 1.070777e+02
      vertex   2.332089e+02 3.688487e+01 1.069471e+02
    endloop
  endfacet
  facet normal 6.080878e-01 5.857435e-01 -5.358486e-01
    outer loop
      vertex   2.331779e+02 3.690338e+01 1.069321e+02
      vertex   2.332089e+02 3.688487e+01 1.069471e+02
      vertex   2.331779e+02 3.679303e+01 1.068115e+02
    endloop
  endfacet
  facet normal 6.080878e-01 5.857435e-01 -5.358486e-01
    outer loop
      vertex   2.331779e+02 3.679303e+01 1.068115e+02
      vertex   2.332089e+02 3.688487e+01 1.069471e+02
      vertex   2.332089e+02 3.677642e+01 1.068286e+02
    endloop
  endfacet
  facet normal 6.080878e-01 5.182557e-01 -6.013653e-01
    outer loop
      vertex   2.331779e+02 3.679303e+01 1.068115e+02
      vertex   2.332089e+02 3.677642e+01 1.068286e+02
      vertex   2.331779e+02 3.666918e+01 1.067048e+02
    endloop
  endfacet
  facet normal 6.080878e-01 5.182557e-01 -6.013653e-01
    outer loop
      vertex   2.331779e+02 3.666918e+01 1.067048e+02
      vertex   2.332089e+02 3.677642e+01 1.068286e+02
      vertex   2.332089e+02 3.665472e+01 1.067237e+02
    endloop
  endfacet
  facet normal 6.080878e-01 4.434928e-01 -6.584401e-01
    outer loop
      vertex   2.331779e+02 3.666918e+01 1.067048e+02
      vertex   2.332089e+02 3.665472e+01 1.067237e+02
      vertex   2.331779e+02 3.653358e+01 1.066134e+02
    endloop
  endfacet
  facet normal 6.080878e-01 4.434928e-01 -6.584401e-01
    outer loop
      vertex   2.331779e+02 3.653358e+01 1.066134e+02
      vertex   2.332089e+02 3.665472e+01 1.067237e+02
      vertex   2.332089e+02 3.652146e+01 1.066339e+02
    endloop
  endfacet
  facet normal 6.080878e-01 3.625041e-01 -7.062719e-01
    outer loop
      vertex   2.331779e+02 3.653358e+01 1.066134e+02
      vertex   2.332089e+02 3.652146e+01 1.066339e+02
      vertex   2.331779e+02 3.638813e+01 1.065388e+02
    endloop
  endfacet
  facet normal 6.080878e-01 3.625041e-01 -7.062719e-01
    outer loop
      vertex   2.331779e+02 3.638813e+01 1.065388e+02
      vertex   2.332089e+02 3.652146e+01 1.066339e+02
      vertex   2.332089e+02 3.637852e+01 1.065606e+02
    endloop
  endfacet
  facet normal 6.080878e-01 2.764267e-01 -7.441891e-01
    outer loop
      vertex   2.331779e+02 3.638813e+01 1.065388e+02
      vertex   2.332089e+02 3.637852e+01 1.065606e+02
      vertex   2.331779e+02 3.623487e+01 1.064818e+02
    endloop
  endfacet
  facet normal 6.080878e-01 2.764267e-01 -7.441891e-01
    outer loop
      vertex   2.331779e+02 3.623487e+01 1.064818e+02
      vertex   2.332089e+02 3.637852e+01 1.065606e+02
      vertex   2.332089e+02 3.622790e+01 1.065046e+02
    endloop
  endfacet
  facet normal 6.080878e-01 1.864689e-01 -7.716596e-01
    outer loop
      vertex   2.331779e+02 3.623487e+01 1.064818e+02
      vertex   2.332089e+02 3.622790e+01 1.065046e+02
      vertex   2.331779e+02 3.607595e+01 1.064434e+02
    endloop
  endfacet
  facet normal 6.080878e-01 1.864689e-01 -7.716596e-01
    outer loop
      vertex   2.331779e+02 3.607595e+01 1.064434e+02
      vertex   2.332089e+02 3.622790e+01 1.065046e+02
      vertex   2.332089e+02 3.607173e+01 1.064669e+02
    endloop
  endfacet
  facet normal 6.080816e-01 9.367773e-02 -7.883281e-01
    outer loop
      vertex   2.331779e+02 3.607595e+01 1.064434e+02
      vertex   2.332089e+02 3.607173e+01 1.064669e+02
      vertex   2.332089e+02 3.591145e+01 1.064478e+02
    endloop
  endfacet
  facet normal 7.926945e-01 7.193546e-02 -6.053600e-01
    outer loop
      vertex   2.332089e+02 3.591145e+01 1.064478e+02
      vertex   2.332089e+02 3.607173e+01 1.064669e+02
      vertex   2.332328e+02 3.590987e+01 1.064789e+02
    endloop
  endfacet
  facet normal 7.929809e-01 0.000000e+00 -6.092465e-01
    outer loop
      vertex   2.332089e+02 3.591145e+01 1.064478e+02
      vertex   2.332328e+02 3.590987e+01 1.064789e+02
      vertex   2.332328e+02 3.575385e+01 1.064789e+02
    endloop
  endfacet
  facet normal 9.236965e-01 0.000000e+00 -3.831250e-01
    outer loop
      vertex   2.332328e+02 3.575385e+01 1.064789e+02
      vertex   2.332328e+02 3.590987e+01 1.064789e+02
      vertex   2.332478e+02 3.575574e+01 1.065150e+02
    endloop
  endfacet
  facet normal 9.235873e-01 -4.527488e-02 -3.807055e-01
    outer loop
      vertex   2.332328e+02 3.575385e+01 1.064789e+02
      vertex   2.332478e+02 3.575574e+01 1.065150e+02
      vertex   2.332328e+02 3.559748e+01 1.064975e+02
    endloop
  endfacet
  facet normal 9.236406e-01 -4.529452e-02 -3.805737e-01
    outer loop
      vertex   2.332328e+02 3.559748e+01 1.064975e+02
      vertex   2.332478e+02 3.575574e+01 1.065150e+02
      vertex   2.332478e+02 3.560388e+01 1.065331e+02
    endloop
  endfacet
  facet normal 9.236414e-01 -9.002193e-02 -3.725354e-01
    outer loop
      vertex   2.332328e+02 3.559748e+01 1.064975e+02
      vertex   2.332478e+02 3.560388e+01 1.065331e+02
      vertex   2.332328e+02 3.544488e+01 1.065343e+02
    endloop
  endfacet
  facet normal 9.236414e-01 -9.002193e-02 -3.725354e-01
    outer loop
      vertex   2.332328e+02 3.544488e+01 1.065343e+02
      vertex   2.332478e+02 3.560388e+01 1.065331e+02
      vertex   2.332478e+02 3.545545e+01 1.065689e+02
    endloop
  endfacet
  facet normal 9.236414e-01 -1.334510e-01 -3.592735e-01
    outer loop
      vertex   2.332328e+02 3.544488e+01 1.065343e+02
      vertex   2.332478e+02 3.545545e+01 1.065689e+02
      vertex   2.332328e+02 3.529772e+01 1.065890e+02
    endloop
  endfacet
  facet normal 9.236414e-01 -1.334510e-01 -3.592735e-01
    outer loop
      vertex   2.332328e+02 3.529772e+01 1.065890e+02
      vertex   2.332478e+02 3.545545e+01 1.065689e+02
      vertex   2.332478e+02 3.531230e+01 1.066221e+02
    endloop
  endfacet
  facet normal 9.236414e-01 -1.750068e-01 -3.409681e-01
    outer loop
      vertex   2.332328e+02 3.529772e+01 1.065890e+02
      vertex   2.332478e+02 3.531230e+01 1.066221e+02
      vertex   2.332328e+02 3.515805e+01 1.066607e+02
    endloop
  endfacet
  facet normal 9.236414e-01 -1.750068e-01 -3.409681e-01
    outer loop
      vertex   2.332328e+02 3.515805e+01 1.066607e+02
      vertex   2.332478e+02 3.531230e+01 1.066221e+02
      vertex   2.332478e+02 3.517645e+01 1.066918e+02
    endloop
  endfacet
  facet normal 9.236414e-01 -2.141058e-01 -3.178763e-01
    outer loop
      vertex   2.332328e+02 3.515805e+01 1.066607e+02
      vertex   2.332478e+02 3.517645e+01 1.066918e+02
      vertex   2.332328e+02 3.502785e+01 1.067484e+02
    endloop
  endfacet
  facet normal 9.236414e-01 -2.141058e-01 -3.178763e-01
    outer loop
      vertex   2.332328e+02 3.502785e+01 1.067484e+02
      vertex   2.332478e+02 3.517645e+01 1.066918e+02
      vertex   2.332478e+02 3.504980e+01 1.067771e+02
    endloop
  endfacet
  facet normal 9.236433e-01 -2.501259e-01 -2.903792e-01
    outer loop
      vertex   2.332328e+02 3.502785e+01 1.067484e+02
      vertex   2.332478e+02 3.504980e+01 1.067771e+02
      vertex   2.332478e+02 3.493457e+01 1.068764e+02
    endloop
  endfacet
  facet normal 3.821095e-01 9.204666e-01 8.205780e-02
    outer loop
      vertex   2.331779e+02 3.721115e+01 1.078425e+02
      vertex   2.331417e+02 3.722613e+01 1.078429e+02
      vertex   2.331779e+02 3.719664e+01 1.080053e+02
    endloop
  endfacet
  facet normal 3.821095e-01 9.204666e-01 8.205780e-02
    outer loop
      vertex   2.331779e+02 3.719664e+01 1.080053e+02
      vertex   2.331417e+02 3.722613e+01 1.078429e+02
      vertex   2.331417e+02 3.721146e+01 1.080075e+02
    endloop
  endfacet
  facet normal 3.821095e-01 9.043007e-01 1.903484e-01
    outer loop
      vertex   2.331779e+02 3.719664e+01 1.080053e+02
      vertex   2.331417e+02 3.721146e+01 1.080075e+02
      vertex   2.331779e+02 3.716296e+01 1.081653e+02
    endloop
  endfacet
  facet normal 3.821095e-01 9.043007e-01 1.903484e-01
    outer loop
      vertex   2.331779e+02 3.716296e+01 1.081653e+02
      vertex   2.331417e+02 3.721146e+01 1.080075e+02
      vertex   2.331417e+02 3.717742e+01 1.081692e+02
    endloop
  endfacet
  facet normal 3.821095e-01 8.754404e-01 2.959668e-01
    outer loop
      vertex   2.331779e+02 3.716296e+01 1.081653e+02
      vertex   2.331417e+02 3.717742e+01 1.081692e+02
      vertex   2.331779e+02 3.711060e+01 1.083202e+02
    endloop
  endfacet
  facet normal 3.821095e-01 8.754404e-01 2.959668e-01
    outer loop
      vertex   2.331779e+02 3.711060e+01 1.083202e+02
      vertex   2.331417e+02 3.717742e+01 1.081692e+02
      vertex   2.331417e+02 3.712448e+01 1.083258e+02
    endloop
  endfacet
  facet normal 3.821095e-01 8.342909e-01 3.974306e-01
    outer loop
      vertex   2.331779e+02 3.711060e+01 1.083202e+02
      vertex   2.331417e+02 3.712448e+01 1.083258e+02
      vertex   2.331779e+02 3.704029e+01 1.084678e+02
    endloop
  endfacet
  facet normal 3.821095e-01 8.342909e-01 3.974306e-01
    outer loop
      vertex   2.331779e+02 3.704029e+01 1.084678e+02
      vertex   2.331417e+02 3.712448e+01 1.083258e+02
      vertex   2.331417e+02 3.705341e+01 1.084750e+02
    endloop
  endfacet
  facet normal 3.821095e-01 7.814297e-01 4.933153e-01
    outer loop
      vertex   2.331779e+02 3.704029e+01 1.084678e+02
      vertex   2.331417e+02 3.705341e+01 1.084750e+02
      vertex   2.331779e+02 3.695301e+01 1.086060e+02
    endloop
  endfacet
  facet normal 3.821095e-01 7.814297e-01 4.933153e-01
    outer loop
      vertex   2.331779e+02 3.695301e+01 1.086060e+02
      vertex   2.331417e+02 3.705341e+01 1.084750e+02
      vertex   2.331417e+02 3.696518e+01 1.086148e+02
    endloop
  endfacet
  facet normal 3.821095e-01 7.175989e-01 5.822749e-01
    outer loop
      vertex   2.331779e+02 3.695301e+01 1.086060e+02
      vertex   2.331417e+02 3.696518e+01 1.086148e+02
      vertex   2.331779e+02 3.684999e+01 1.087330e+02
    endloop
  endfacet
  facet normal 3.821095e-01 7.175989e-01 5.822749e-01
    outer loop
      vertex   2.331779e+02 3.684999e+01 1.087330e+02
      vertex   2.331417e+02 3.696518e+01 1.086148e+02
      vertex   2.331417e+02 3.686105e+01 1.087431e+02
    endloop
  endfacet
  facet normal 7.928361e-01 6.091672e-01 -1.805958e-02
    outer loop
      vertex   2.332089e+02 3.718733e+01 1.078418e+02
      vertex   2.332328e+02 3.715627e+01 1.078408e+02
      vertex   2.332089e+02 3.718257e+01 1.076812e+02
    endloop
  endfacet
  facet normal 7.928361e-01 6.091672e-01 -1.805958e-02
    outer loop
      vertex   2.332089e+02 3.718257e+01 1.076812e+02
      vertex   2.332328e+02 3.715627e+01 1.078408e+02
      vertex   2.332328e+02 3.715162e+01 1.076839e+02
    endloop
  endfacet
  facet normal 7.928361e-01 6.027556e-01 -8.998097e-02
    outer loop
      vertex   2.332089e+02 3.718257e+01 1.076812e+02
      vertex   2.332328e+02 3.715162e+01 1.076839e+02
      vertex   2.332089e+02 3.715884e+01 1.075223e+02
    endloop
  endfacet
  facet normal 7.928361e-01 6.027556e-01 -8.998097e-02
    outer loop
      vertex   2.332089e+02 3.715884e+01 1.075223e+02
      vertex   2.332328e+02 3.715162e+01 1.076839e+02
      vertex   2.332328e+02 3.712844e+01 1.075287e+02
    endloop
  endfacet
  facet normal 7.928361e-01 5.878826e-01 -1.606392e-01
    outer loop
      vertex   2.332089e+02 3.715884e+01 1.075223e+02
      vertex   2.332328e+02 3.712844e+01 1.075287e+02
      vertex   2.332089e+02 3.711649e+01 1.073673e+02
    endloop
  endfacet
  facet normal 7.928361e-01 5.878826e-01 -1.606392e-01
    outer loop
      vertex   2.332089e+02 3.711649e+01 1.073673e+02
      vertex   2.332328e+02 3.712844e+01 1.075287e+02
      vertex   2.332328e+02 3.708706e+01 1.073772e+02
    endloop
  endfacet
  facet normal 7.928361e-01 5.647570e-01 -2.290424e-01
    outer loop
      vertex   2.332089e+02 3.711649e+01 1.073673e+02
      vertex   2.332328e+02 3.708706e+01 1.073772e+02
      vertex   2.332089e+02 3.705611e+01 1.072184e+02
    endloop
  endfacet
  facet normal 7.928361e-01 5.647570e-01 -2.290424e-01
    outer loop
      vertex   2.332089e+02 3.705611e+01 1.072184e+02
      vertex   2.332328e+02 3.708706e+01 1.073772e+02
      vertex   2.332328e+02 3.702806e+01 1.072317e+02
    endloop
  endfacet
  facet normal 7.928361e-01 5.337034e-01 -2.942304e-01
    outer loop
      vertex   2.332089e+02 3.705611e+01 1.072184e+02
      vertex   2.332328e+02 3.702806e+01 1.072317e+02
      vertex   2.332089e+02 3.697854e+01 1.070777e+02
    endloop
  endfacet
  facet normal 7.928361e-01 5.337034e-01 -2.942304e-01
    outer loop
      vertex   2.332089e+02 3.697854e+01 1.070777e+02
      vertex   2.332328e+02 3.702806e+01 1.072317e+02
      vertex   2.332328e+02 3.695227e+01 1.070943e+02
    endloop
  endfacet
  facet normal 7.928361e-01 4.951578e-01 -3.552880e-01
    outer loop
      vertex   2.332089e+02 3.697854e+01 1.070777e+02
      vertex   2.332328e+02 3.695227e+01 1.070943e+02
      vertex   2.332089e+02 3.688487e+01 1.069471e+02
    endloop
  endfacet
  facet normal 7.928361e-01 4.951578e-01 -3.552880e-01
    outer loop
      vertex   2.332089e+02 3.688487e+01 1.069471e+02
      vertex   2.332328e+02 3.695227e+01 1.070943e+02
      vertex   2.332328e+02 3.686075e+01 1.069667e+02
    endloop
  endfacet
  facet normal 7.928361e-01 4.496613e-01 -4.113582e-01
    outer loop
      vertex   2.332089e+02 3.688487e+01 1.069471e+02
      vertex   2.332328e+02 3.686075e+01 1.069667e+02
      vertex   2.332089e+02 3.677642e+01 1.068286e+02
    endloop
  endfacet
  facet normal 7.928361e-01 4.496613e-01 -4.113582e-01
    outer loop
      vertex   2.332089e+02 3.677642e+01 1.068286e+02
      vertex   2.332328e+02 3.686075e+01 1.069667e+02
      vertex   2.332328e+02 3.675479e+01 1.068509e+02
    endloop
  endfacet
  facet normal 7.928361e-01 3.978526e-01 -4.616538e-01
    outer loop
      vertex   2.332089e+02 3.677642e+01 1.068286e+02
      vertex   2.332328e+02 3.675479e+01 1.068509e+02
      vertex   2.332089e+02 3.665472e+01 1.067237e+02
    endloop
  endfacet
  facet normal 7.928361e-01 3.978526e-01 -4.616538e-01
    outer loop
      vertex   2.332089e+02 3.665472e+01 1.067237e+02
      vertex   2.332328e+02 3.675479e+01 1.068509e+02
      vertex   2.332328e+02 3.663587e+01 1.067484e+02
    endloop
  endfacet
  facet normal 7.928361e-01 3.404588e-01 -5.054688e-01
    outer loop
      vertex   2.332089e+02 3.665472e+01 1.067237e+02
      vertex   2.332328e+02 3.663587e+01 1.067484e+02
      vertex   2.332089e+02 3.652146e+01 1.066339e+02
    endloop
  endfacet
  facet normal 7.928361e-01 3.404588e-01 -5.054688e-01
    outer loop
      vertex   2.332089e+02 3.652146e+01 1.066339e+02
      vertex   2.332328e+02 3.663587e+01 1.067484e+02
      vertex   2.332328e+02 3.650566e+01 1.066607e+02
    endloop
  endfacet
  facet normal 7.928361e-01 2.782858e-01 -5.421881e-01
    outer loop
      vertex   2.332089e+02 3.652146e+01 1.066339e+02
      vertex   2.332328e+02 3.650566e+01 1.066607e+02
      vertex   2.332089e+02 3.637852e+01 1.065606e+02
    endloop
  endfacet
  facet normal 7.928361e-01 2.782858e-01 -5.421881e-01
    outer loop
      vertex   2.332089e+02 3.637852e+01 1.065606e+02
      vertex   2.332328e+02 3.650566e+01 1.066607e+02
      vertex   2.332328e+02 3.636599e+01 1.065890e+02
    endloop
  endfacet
  facet normal 7.928361e-01 2.122062e-01 -5.712962e-01
    outer loop
      vertex   2.332089e+02 3.637852e+01 1.065606e+02
      vertex   2.332328e+02 3.636599e+01 1.065890e+02
      vertex   2.332089e+02 3.622790e+01 1.065046e+02
    endloop
  endfacet
  facet normal 7.928361e-01 2.122062e-01 -5.712962e-01
    outer loop
      vertex   2.332089e+02 3.622790e+01 1.065046e+02
      vertex   2.332328e+02 3.636599e+01 1.065890e+02
      vertex   2.332328e+02 3.621883e+01 1.065343e+02
    endloop
  endfacet
  facet normal 7.928361e-01 1.431478e-01 -5.923847e-01
    outer loop
      vertex   2.332089e+02 3.622790e+01 1.065046e+02
      vertex   2.332328e+02 3.621883e+01 1.065343e+02
      vertex   2.332089e+02 3.607173e+01 1.064669e+02
    endloop
  endfacet
  facet normal 7.928361e-01 1.431478e-01 -5.923847e-01
    outer loop
      vertex   2.332089e+02 3.607173e+01 1.064669e+02
      vertex   2.332328e+02 3.621883e+01 1.065343e+02
      vertex   2.332328e+02 3.606624e+01 1.064975e+02
    endloop
  endfacet
  facet normal 7.928329e-01 7.196957e-02 -6.051746e-01
    outer loop
      vertex   2.332089e+02 3.607173e+01 1.064669e+02
      vertex   2.332328e+02 3.606624e+01 1.064975e+02
      vertex   2.332328e+02 3.590987e+01 1.064789e+02
    endloop
  endfacet
  facet normal 9.235873e-01 4.527488e-02 -3.807055e-01
    outer loop
      vertex   2.332328e+02 3.590987e+01 1.064789e+02
      vertex   2.332328e+02 3.606624e+01 1.064975e+02
      vertex   2.332478e+02 3.590797e+01 1.065150e+02
    endloop
  endfacet
  facet normal 9.236965e-01 0.000000e+00 -3.831250e-01
    outer loop
      vertex   2.332328e+02 3.590987e+01 1.064789e+02
      vertex   2.332478e+02 3.590797e+01 1.065150e+02
      vertex   2.332478e+02 3.575574e+01 1.065150e+02
    endloop
  endfacet
  facet normal 6.080878e-01 7.907338e-01 7.049238e-02
    outer loop
      vertex   2.332089e+02 3.718733e+01 1.078418e+02
      vertex   2.331779e+02 3.721115e+01 1.078425e+02
      vertex   2.332089e+02 3.717306e+01 1.080018e+02
    endloop
  endfacet
  facet normal 6.080878e-01 7.907338e-01 7.049238e-02
    outer loop
      vertex   2.332089e+02 3.717306e+01 1.080018e+02
      vertex   2.331779e+02 3.721115e+01 1.078425e+02
      vertex   2.331779e+02 3.719664e+01 1.080053e+02
    endloop
  endfacet
  facet normal 6.080878e-01 7.768464e-01 1.635202e-01
    outer loop
      vertex   2.332089e+02 3.717306e+01 1.080018e+02
      vertex   2.331779e+02 3.719664e+01 1.080053e+02
      vertex   2.332089e+02 3.713997e+01 1.081590e+02
    endloop
  endfacet
  facet normal 6.080878e-01 7.768464e-01 1.635202e-01
    outer loop
      vertex   2.332089e+02 3.713997e+01 1.081590e+02
      vertex   2.331779e+02 3.719664e+01 1.080053e+02
      vertex   2.331779e+02 3.716296e+01 1.081653e+02
    endloop
  endfacet
  facet normal 6.080878e-01 7.520537e-01 2.542525e-01
    outer loop
      vertex   2.332089e+02 3.713997e+01 1.081590e+02
      vertex   2.331779e+02 3.716296e+01 1.081653e+02
      vertex   2.332089e+02 3.708851e+01 1.083112e+02
    endloop
  endfacet
  facet normal 6.080878e-01 7.520537e-01 2.542525e-01
    outer loop
      vertex   2.332089e+02 3.708851e+01 1.083112e+02
      vertex   2.331779e+02 3.716296e+01 1.081653e+02
      vertex   2.331779e+02 3.711060e+01 1.083202e+02
    endloop
  endfacet
  facet normal 6.080878e-01 7.167039e-01 3.414158e-01
    outer loop
      vertex   2.332089e+02 3.708851e+01 1.083112e+02
      vertex   2.331779e+02 3.711060e+01 1.083202e+02
      vertex   2.332089e+02 3.701941e+01 1.084563e+02
    endloop
  endfacet
  facet normal 6.080878e-01 7.167039e-01 3.414158e-01
    outer loop
      vertex   2.332089e+02 3.701941e+01 1.084563e+02
      vertex   2.331779e+02 3.711060e+01 1.083202e+02
      vertex   2.331779e+02 3.704029e+01 1.084678e+02
    endloop
  endfacet
  facet normal 6.080878e-01 6.712931e-01 4.237862e-01
    outer loop
      vertex   2.332089e+02 3.701941e+01 1.084563e+02
      vertex   2.331779e+02 3.704029e+01 1.084678e+02
      vertex   2.332089e+02 3.693364e+01 1.085921e+02
    endloop
  endfacet
  facet normal 6.080878e-01 6.712931e-01 4.237862e-01
    outer loop
      vertex   2.332089e+02 3.693364e+01 1.085921e+02
      vertex   2.331779e+02 3.704029e+01 1.084678e+02
      vertex   2.331779e+02 3.695301e+01 1.086060e+02
    endloop
  endfacet
  facet normal 6.080878e-01 6.164588e-01 5.002077e-01
    outer loop
      vertex   2.332089e+02 3.693364e+01 1.085921e+02
      vertex   2.331779e+02 3.695301e+01 1.086060e+02
      vertex   2.332089e+02 3.683241e+01 1.087169e+02
    endloop
  endfacet
  facet normal 6.080878e-01 6.164588e-01 5.002077e-01
    outer loop
      vertex   2.332089e+02 3.683241e+01 1.087169e+02
      vertex   2.331779e+02 3.695301e+01 1.086060e+02
      vertex   2.331779e+02 3.684999e+01 1.087330e+02
    endloop
  endfacet
  facet normal 9.236414e-01 3.830896e-01 -1.135721e-02
    outer loop
      vertex   2.332328e+02 3.715627e+01 1.078408e+02
      vertex   2.332478e+02 3.712011e+01 1.078398e+02
      vertex   2.332328e+02 3.715162e+01 1.076839e+02
    endloop
  endfacet
  facet normal 9.236414e-01 3.830896e-01 -1.135721e-02
    outer loop
      vertex   2.332328e+02 3.715162e+01 1.076839e+02
      vertex   2.332478e+02 3.712011e+01 1.078398e+02
      vertex   2.332478e+02 3.711559e+01 1.076871e+02
    endloop
  endfacet
  facet normal 9.236414e-01 3.790575e-01 -5.658671e-02
    outer loop
      vertex   2.332328e+02 3.715162e+01 1.076839e+02
      vertex   2.332478e+02 3.711559e+01 1.076871e+02
      vertex   2.332328e+02 3.712844e+01 1.075287e+02
    endloop
  endfacet
  facet normal 9.236414e-01 3.790575e-01 -5.658671e-02
    outer loop
      vertex   2.332328e+02 3.712844e+01 1.075287e+02
      vertex   2.332478e+02 3.711559e+01 1.076871e+02
      vertex   2.332478e+02 3.709304e+01 1.075361e+02
    endloop
  endfacet
  facet normal 9.236414e-01 3.697042e-01 -1.010219e-01
    outer loop
      vertex   2.332328e+02 3.712844e+01 1.075287e+02
      vertex   2.332478e+02 3.709304e+01 1.075361e+02
      vertex   2.332328e+02 3.708706e+01 1.073772e+02
    endloop
  endfacet
  facet normal 9.236414e-01 3.697042e-01 -1.010219e-01
    outer loop
      vertex   2.332328e+02 3.708706e+01 1.073772e+02
      vertex   2.332478e+02 3.709304e+01 1.075361e+02
      vertex   2.332478e+02 3.705279e+01 1.073888e+02
    endloop
  endfacet
  facet normal 9.236414e-01 3.551611e-01 -1.440389e-01
    outer loop
      vertex   2.332328e+02 3.708706e+01 1.073772e+02
      vertex   2.332478e+02 3.705279e+01 1.073888e+02
      vertex   2.332328e+02 3.702806e+01 1.072317e+02
    endloop
  endfacet
  facet normal 9.236414e-01 3.551611e-01 -1.440389e-01
    outer loop
      vertex   2.332328e+02 3.702806e+01 1.072317e+02
      vertex   2.332478e+02 3.705279e+01 1.073888e+02
      vertex   2.332478e+02 3.699540e+01 1.072473e+02
    endloop
  endfacet
  facet normal 9.236414e-01 3.356323e-01 -1.850339e-01
    outer loop
      vertex   2.332328e+02 3.702806e+01 1.072317e+02
      vertex   2.332478e+02 3.699540e+01 1.072473e+02
      vertex   2.332328e+02 3.695227e+01 1.070943e+02
    endloop
  endfacet
  facet normal 9.236414e-01 3.356323e-01 -1.850339e-01
    outer loop
      vertex   2.332328e+02 3.695227e+01 1.070943e+02
      vertex   2.332478e+02 3.699540e+01 1.072473e+02
      vertex   2.332478e+02 3.692168e+01 1.071136e+02
    endloop
  endfacet
  facet normal 9.236414e-01 3.113920e-01 -2.234315e-01
    outer loop
      vertex   2.332328e+02 3.695227e+01 1.070943e+02
      vertex   2.332478e+02 3.692168e+01 1.071136e+02
      vertex   2.332328e+02 3.686075e+01 1.069667e+02
    endloop
  endfacet
  facet normal 9.236414e-01 3.113920e-01 -2.234315e-01
    outer loop
      vertex   2.332328e+02 3.686075e+01 1.069667e+02
      vertex   2.332478e+02 3.692168e+01 1.071136e+02
      vertex   2.332478e+02 3.683266e+01 1.069895e+02
    endloop
  endfacet
  facet normal 9.236414e-01 2.827804e-01 -2.586926e-01
    outer loop
      vertex   2.332328e+02 3.686075e+01 1.069667e+02
      vertex   2.332478e+02 3.683266e+01 1.069895e+02
      vertex   2.332328e+02 3.675479e+01 1.068509e+02
    endloop
  endfacet
  facet normal 9.236414e-01 2.827804e-01 -2.586926e-01
    outer loop
      vertex   2.332328e+02 3.675479e+01 1.068509e+02
      vertex   2.332478e+02 3.683266e+01 1.069895e+02
      vertex   2.332478e+02 3.672959e+01 1.068768e+02
    endloop
  endfacet
  facet normal 9.236414e-01 2.501992e-01 -2.903222e-01
    outer loop
      vertex   2.332328e+02 3.675479e+01 1.068509e+02
      vertex   2.332478e+02 3.672959e+01 1.068768e+02
      vertex   2.332328e+02 3.663587e+01 1.067484e+02
    endloop
  endfacet
  facet normal 9.236414e-01 2.501992e-01 -2.903222e-01
    outer loop
      vertex   2.332328e+02 3.663587e+01 1.067484e+02
      vertex   2.332478e+02 3.672959e+01 1.068768e+02
      vertex   2.332478e+02 3.661391e+01 1.067771e+02
    endloop
  endfacet
  facet normal 9.236414e-01 2.141058e-01 -3.178763e-01
    outer loop
      vertex   2.332328e+02 3.663587e+01 1.067484e+02
      vertex   2.332478e+02 3.661391e+01 1.067771e+02
      vertex   2.332328e+02 3.650566e+01 1.066607e+02
    endloop
  endfacet
  facet normal 9.236414e-01 2.141058e-01 -3.178763e-01
    outer loop
      vertex   2.332328e+02 3.650566e+01 1.066607e+02
      vertex   2.332478e+02 3.661391e+01 1.067771e+02
      vertex   2.332478e+02 3.648726e+01 1.066918e+02
    endloop
  endfacet
  facet normal 9.236414e-01 1.750068e-01 -3.409681e-01
    outer loop
      vertex   2.332328e+02 3.650566e+01 1.066607e+02
      vertex   2.332478e+02 3.648726e+01 1.066918e+02
      vertex   2.332328e+02 3.636599e+01 1.065890e+02
    endloop
  endfacet
  facet normal 9.236414e-01 1.750068e-01 -3.409681e-01
    outer loop
      vertex   2.332328e+02 3.636599e+01 1.065890e+02
      vertex   2.332478e+02 3.648726e+01 1.066918e+02
      vertex   2.332478e+02 3.635141e+01 1.066221e+02
    endloop
  endfacet
  facet normal 9.236414e-01 1.334510e-01 -3.592735e-01
    outer loop
      vertex   2.332328e+02 3.636599e+01 1.065890e+02
      vertex   2.332478e+02 3.635141e+01 1.066221e+02
      vertex   2.332328e+02 3.621883e+01 1.065343e+02
    endloop
  endfacet
  facet normal 9.236414e-01 1.334510e-01 -3.592735e-01
    outer loop
      vertex   2.332328e+02 3.621883e+01 1.065343e+02
      vertex   2.332478e+02 3.635141e+01 1.066221e+02
      vertex   2.332478e+02 3.620827e+01 1.065689e+02
    endloop
  endfacet
  facet normal 9.236414e-01 9.002193e-02 -3.725354e-01
    outer loop
      vertex   2.332328e+02 3.621883e+01 1.065343e+02
      vertex   2.332478e+02 3.620827e+01 1.065689e+02
      vertex   2.332328e+02 3.606624e+01 1.064975e+02
    endloop
  endfacet
  facet normal 9.236414e-01 9.002193e-02 -3.725354e-01
    outer loop
      vertex   2.332328e+02 3.606624e+01 1.064975e+02
      vertex   2.332478e+02 3.620827e+01 1.065689e+02
      vertex   2.332478e+02 3.605984e+01 1.065331e+02
    endloop
  endfacet
  facet normal 9.236406e-01 4.529452e-02 -3.805737e-01
    outer loop
      vertex   2.332328e+02 3.606624e+01 1.064975e+02
      vertex   2.332478e+02 3.605984e+01 1.065331e+02
      vertex   2.332478e+02 3.590797e+01 1.065150e+02
    endloop
  endfacet
  facet normal 7.928361e-01 6.070275e-01 5.411532e-02
    outer loop
      vertex   2.332328e+02 3.715627e+01 1.078408e+02
      vertex   2.332089e+02 3.718733e+01 1.078418e+02
      vertex   2.332328e+02 3.714233e+01 1.079972e+02
    endloop
  endfacet
  facet normal 7.928361e-01 6.070275e-01 5.411532e-02
    outer loop
      vertex   2.332328e+02 3.714233e+01 1.079972e+02
      vertex   2.332089e+02 3.718733e+01 1.078418e+02
      vertex   2.332089e+02 3.717306e+01 1.080018e+02
    endloop
  endfacet
  facet normal 7.928361e-01 5.963665e-01 1.255306e-01
    outer loop
      vertex   2.332328e+02 3.714233e+01 1.079972e+02
      vertex   2.332089e+02 3.717306e+01 1.080018e+02
      vertex   2.332328e+02 3.711000e+01 1.081508e+02
    endloop
  endfacet
  facet normal 7.928361e-01 5.963665e-01 1.255306e-01
    outer loop
      vertex   2.332328e+02 3.711000e+01 1.081508e+02
      vertex   2.332089e+02 3.717306e+01 1.080018e+02
      vertex   2.332089e+02 3.713997e+01 1.081590e+02
    endloop
  endfacet
  facet normal 7.928361e-01 5.773337e-01 1.951836e-01
    outer loop
      vertex   2.332328e+02 3.711000e+01 1.081508e+02
      vertex   2.332089e+02 3.713997e+01 1.081590e+02
      vertex   2.332328e+02 3.705972e+01 1.082995e+02
    endloop
  endfacet
  facet normal 7.928361e-01 5.773337e-01 1.951836e-01
    outer loop
      vertex   2.332328e+02 3.705972e+01 1.082995e+02
      vertex   2.332089e+02 3.713997e+01 1.081590e+02
      vertex   2.332089e+02 3.708851e+01 1.083112e+02
    endloop
  endfacet
  facet normal 7.928361e-01 5.501965e-01 2.620967e-01
    outer loop
      vertex   2.332328e+02 3.705972e+01 1.082995e+02
      vertex   2.332089e+02 3.708851e+01 1.083112e+02
      vertex   2.332328e+02 3.699220e+01 1.084413e+02
    endloop
  endfacet
  facet normal 7.928361e-01 5.501965e-01 2.620967e-01
    outer loop
      vertex   2.332328e+02 3.699220e+01 1.084413e+02
      vertex   2.332089e+02 3.708851e+01 1.083112e+02
      vertex   2.332089e+02 3.701941e+01 1.084563e+02
    endloop
  endfacet
  facet normal 7.928361e-01 5.153357e-01 3.253306e-01
    outer loop
      vertex   2.332328e+02 3.699220e+01 1.084413e+02
      vertex   2.332089e+02 3.701941e+01 1.084563e+02
      vertex   2.332328e+02 3.690840e+01 1.085740e+02
    endloop
  endfacet
  facet normal 7.928361e-01 5.153357e-01 3.253306e-01
    outer loop
      vertex   2.332328e+02 3.690840e+01 1.085740e+02
      vertex   2.332089e+02 3.701941e+01 1.084563e+02
      vertex   2.332089e+02 3.693364e+01 1.085921e+02
    endloop
  endfacet
  facet normal 7.928361e-01 4.732407e-01 3.839975e-01
    outer loop
      vertex   2.332328e+02 3.690840e+01 1.085740e+02
      vertex   2.332089e+02 3.693364e+01 1.085921e+02
      vertex   2.332328e+02 3.680948e+01 1.086959e+02
    endloop
  endfacet
  facet normal 7.928361e-01 4.732407e-01 3.839975e-01
    outer loop
      vertex   2.332328e+02 3.680948e+01 1.086959e+02
      vertex   2.332089e+02 3.693364e+01 1.085921e+02
      vertex   2.332089e+02 3.683241e+01 1.087169e+02
    endloop
  endfacet
  facet normal 9.236414e-01 3.817440e-01 3.403173e-02
    outer loop
      vertex   2.332478e+02 3.712011e+01 1.078398e+02
      vertex   2.332328e+02 3.715627e+01 1.078408e+02
      vertex   2.332478e+02 3.710655e+01 1.079919e+02
    endloop
  endfacet
  facet normal 9.236414e-01 3.817440e-01 3.403173e-02
    outer loop
      vertex   2.332478e+02 3.710655e+01 1.079919e+02
      vertex   2.332328e+02 3.715627e+01 1.078408e+02
      vertex   2.332328e+02 3.714233e+01 1.079972e+02
    endloop
  endfacet
  facet normal 9.236414e-01 3.750395e-01 7.894293e-02
    outer loop
      vertex   2.332478e+02 3.710655e+01 1.079919e+02
      vertex   2.332328e+02 3.714233e+01 1.079972e+02
      vertex   2.332478e+02 3.707510e+01 1.081413e+02
    endloop
  endfacet
  facet normal 9.236414e-01 3.750395e-01 7.894293e-02
    outer loop
      vertex   2.332478e+02 3.707510e+01 1.081413e+02
      vertex   2.332328e+02 3.714233e+01 1.079972e+02
      vertex   2.332328e+02 3.711000e+01 1.081508e+02
    endloop
  endfacet
  facet normal 9.236414e-01 3.630703e-01 1.227459e-01
    outer loop
      vertex   2.332478e+02 3.707510e+01 1.081413e+02
      vertex   2.332328e+02 3.711000e+01 1.081508e+02
      vertex   2.332478e+02 3.702619e+01 1.082859e+02
    endloop
  endfacet
  facet normal 9.236414e-01 3.630703e-01 1.227459e-01
    outer loop
      vertex   2.332478e+02 3.702619e+01 1.082859e+02
      vertex   2.332328e+02 3.711000e+01 1.081508e+02
      vertex   2.332328e+02 3.705972e+01 1.082995e+02
    endloop
  endfacet
  facet normal 9.236414e-01 3.460044e-01 1.648259e-01
    outer loop
      vertex   2.332478e+02 3.702619e+01 1.082859e+02
      vertex   2.332328e+02 3.705972e+01 1.082995e+02
      vertex   2.332478e+02 3.696052e+01 1.084238e+02
    endloop
  endfacet
  facet normal 9.236414e-01 3.460044e-01 1.648259e-01
    outer loop
      vertex   2.332478e+02 3.696052e+01 1.084238e+02
      vertex   2.332328e+02 3.705972e+01 1.082995e+02
      vertex   2.332328e+02 3.699220e+01 1.084413e+02
    endloop
  endfacet
  facet normal 9.236414e-01 3.240813e-01 2.045920e-01
    outer loop
      vertex   2.332478e+02 3.696052e+01 1.084238e+02
      vertex   2.332328e+02 3.699220e+01 1.084413e+02
      vertex   2.332478e+02 3.687901e+01 1.085529e+02
    endloop
  endfacet
  facet normal 9.236414e-01 3.240813e-01 2.045920e-01
    outer loop
      vertex   2.332478e+02 3.687901e+01 1.085529e+02
      vertex   2.332328e+02 3.699220e+01 1.084413e+02
      vertex   2.332328e+02 3.690840e+01 1.085740e+02
    endloop
  endfacet
  facet normal 9.236414e-01 2.976089e-01 2.414861e-01
    outer loop
      vertex   2.332478e+02 3.687901e+01 1.085529e+02
      vertex   2.332328e+02 3.690840e+01 1.085740e+02
      vertex   2.332478e+02 3.678279e+01 1.086715e+02
    endloop
  endfacet
  facet normal 9.236414e-01 2.976089e-01 2.414861e-01
    outer loop
      vertex   2.332478e+02 3.678279e+01 1.086715e+02
      vertex   2.332328e+02 3.690840e+01 1.085740e+02
      vertex   2.332328e+02 3.680948e+01 1.086959e+02
    endloop
  endfacet
  facet normal 3.821095e-01 -8.914362e-01 -2.435854e-01
    outer loop
      vertex   2.331417e+02 3.446688e+01 1.075143e+02
      vertex   2.331417e+02 3.451044e+01 1.073548e+02
      vertex   2.331779e+02 3.452464e+01 1.073596e+02
    endloop
  endfacet
  facet normal 3.821095e-01 -8.563697e-01 -3.473087e-01
    outer loop
      vertex   2.331779e+02 3.452464e+01 1.073596e+02
      vertex   2.331417e+02 3.451044e+01 1.073548e+02
      vertex   2.331779e+02 3.458608e+01 1.072081e+02
    endloop
  endfacet
  facet normal 6.080878e-01 -7.356708e-01 -2.983581e-01
    outer loop
      vertex   2.331779e+02 3.452464e+01 1.073596e+02
      vertex   2.331779e+02 3.458608e+01 1.072081e+02
      vertex   2.332089e+02 3.460760e+01 1.072184e+02
    endloop
  endfacet
  facet normal 6.080878e-01 -6.952195e-01 -3.832741e-01
    outer loop
      vertex   2.332089e+02 3.460760e+01 1.072184e+02
      vertex   2.331779e+02 3.458608e+01 1.072081e+02
      vertex   2.332089e+02 3.468517e+01 1.070777e+02
    endloop
  endfacet
  facet normal 7.928361e-01 -5.337034e-01 -2.942304e-01
    outer loop
      vertex   2.332089e+02 3.460760e+01 1.072184e+02
      vertex   2.332089e+02 3.468517e+01 1.070777e+02
      vertex   2.332328e+02 3.471144e+01 1.070943e+02
    endloop
  endfacet
  facet normal 7.928361e-01 -4.951578e-01 -3.552880e-01
    outer loop
      vertex   2.332328e+02 3.471144e+01 1.070943e+02
      vertex   2.332089e+02 3.468517e+01 1.070777e+02
      vertex   2.332328e+02 3.480296e+01 1.069667e+02
    endloop
  endfacet
  facet normal 9.236414e-01 -3.113920e-01 -2.234315e-01
    outer loop
      vertex   2.332328e+02 3.471144e+01 1.070943e+02
      vertex   2.332328e+02 3.480296e+01 1.069667e+02
      vertex   2.332478e+02 3.483105e+01 1.069895e+02
    endloop
  endfacet
  facet normal 3.821095e-01 -8.563697e-01 -3.473087e-01
    outer loop
      vertex   2.331417e+02 3.451044e+01 1.073548e+02
      vertex   2.331417e+02 3.457255e+01 1.072017e+02
      vertex   2.331779e+02 3.458608e+01 1.072081e+02
    endloop
  endfacet
  facet normal 3.821095e-01 -8.092816e-01 -4.461565e-01
    outer loop
      vertex   2.331779e+02 3.458608e+01 1.072081e+02
      vertex   2.331417e+02 3.457255e+01 1.072017e+02
      vertex   2.331779e+02 3.466501e+01 1.070649e+02
    endloop
  endfacet
  facet normal 6.080878e-01 -6.952195e-01 -3.832741e-01
    outer loop
      vertex   2.331779e+02 3.458608e+01 1.072081e+02
      vertex   2.331779e+02 3.466501e+01 1.070649e+02
      vertex   2.332089e+02 3.468517e+01 1.070777e+02
    endloop
  endfacet
  facet normal 6.080878e-01 -6.450088e-01 -4.628098e-01
    outer loop
      vertex   2.332089e+02 3.468517e+01 1.070777e+02
      vertex   2.331779e+02 3.466501e+01 1.070649e+02
      vertex   2.332089e+02 3.477884e+01 1.069471e+02
    endloop
  endfacet
  facet normal 7.928361e-01 -4.951578e-01 -3.552880e-01
    outer loop
      vertex   2.332089e+02 3.468517e+01 1.070777e+02
      vertex   2.332089e+02 3.477884e+01 1.069471e+02
      vertex   2.332328e+02 3.480296e+01 1.069667e+02
    endloop
  endfacet
  facet normal 3.821095e-01 -8.092816e-01 -4.461565e-01
    outer loop
      vertex   2.331417e+02 3.457255e+01 1.072017e+02
      vertex   2.331417e+02 3.465234e+01 1.070570e+02
      vertex   2.331779e+02 3.466501e+01 1.070649e+02
    endloop
  endfacet
  facet normal 3.821095e-01 -7.508330e-01 -5.387413e-01
    outer loop
      vertex   2.331779e+02 3.466501e+01 1.070649e+02
      vertex   2.331417e+02 3.465234e+01 1.070570e+02
      vertex   2.331779e+02 3.476033e+01 1.069321e+02
    endloop
  endfacet
  facet normal 6.080878e-01 -6.450088e-01 -4.628098e-01
    outer loop
      vertex   2.331779e+02 3.466501e+01 1.070649e+02
      vertex   2.331779e+02 3.476033e+01 1.069321e+02
      vertex   2.332089e+02 3.477884e+01 1.069471e+02
    endloop
  endfacet
  facet normal 3.821095e-01 -7.508330e-01 -5.387413e-01
    outer loop
      vertex   2.331417e+02 3.474869e+01 1.069227e+02
      vertex   2.331779e+02 3.476033e+01 1.069321e+02
      vertex   2.331417e+02 3.465234e+01 1.070570e+02
    endloop
  endfacet
  facet normal 3.819380e-01 -6.032964e-01 -7.001120e-01
    outer loop
      vertex   2.331417e+02 3.486034e+01 1.068006e+02
      vertex   2.331417e+02 3.498544e+01 1.066928e+02
      vertex   2.331779e+02 3.487087e+01 1.068113e+02
    endloop
  endfacet
  facet normal 3.821114e-01 -6.032157e-01 -7.000869e-01
    outer loop
      vertex   2.331779e+02 3.487087e+01 1.068113e+02
      vertex   2.331417e+02 3.498544e+01 1.066928e+02
      vertex   2.331779e+02 3.499453e+01 1.067048e+02
    endloop
  endfacet
  facet normal 6.079650e-01 -5.182589e-01 -6.014867e-01
    outer loop
      vertex   2.331779e+02 3.487087e+01 1.068113e+02
      vertex   2.331779e+02 3.499453e+01 1.067048e+02
      vertex   2.332089e+02 3.488757e+01 1.068283e+02
    endloop
  endfacet
  facet normal 6.080911e-01 -5.181667e-01 -6.014386e-01
    outer loop
      vertex   2.332089e+02 3.488757e+01 1.068283e+02
      vertex   2.331779e+02 3.499453e+01 1.067048e+02
      vertex   2.332089e+02 3.500899e+01 1.067237e+02
    endloop
  endfacet
  facet normal 7.927667e-01 -3.978445e-01 -4.617800e-01
    outer loop
      vertex   2.332089e+02 3.488757e+01 1.068283e+02
      vertex   2.332089e+02 3.500899e+01 1.067237e+02
      vertex   2.332328e+02 3.490929e+01 1.068505e+02
    endloop
  endfacet
  facet normal 6.080878e-01 -4.434928e-01 -6.584401e-01
    outer loop
      vertex   2.332089e+02 3.514225e+01 1.066339e+02
      vertex   2.332089e+02 3.500899e+01 1.067237e+02
      vertex   2.331779e+02 3.499453e+01 1.067048e+02
    endloop
  endfacet
  facet normal 3.821095e-01 -5.162550e-01 -7.664679e-01
    outer loop
      vertex   2.331779e+02 3.499453e+01 1.067048e+02
      vertex   2.331417e+02 3.498544e+01 1.066928e+02
      vertex   2.331779e+02 3.513013e+01 1.066134e+02
    endloop
  endfacet
  facet normal 3.821095e-01 -5.162550e-01 -7.664679e-01
    outer loop
      vertex   2.331779e+02 3.513013e+01 1.066134e+02
      vertex   2.331417e+02 3.498544e+01 1.066928e+02
      vertex   2.331417e+02 3.512251e+01 1.066005e+02
    endloop
  endfacet
  facet normal 3.821095e-01 -4.219789e-01 -8.221473e-01
    outer loop
      vertex   2.331779e+02 3.513013e+01 1.066134e+02
      vertex   2.331417e+02 3.512251e+01 1.066005e+02
      vertex   2.331779e+02 3.527558e+01 1.065388e+02
    endloop
  endfacet
  facet normal 3.821095e-01 -4.219789e-01 -8.221473e-01
    outer loop
      vertex   2.331779e+02 3.527558e+01 1.065388e+02
      vertex   2.331417e+02 3.512251e+01 1.066005e+02
      vertex   2.331417e+02 3.526954e+01 1.065250e+02
    endloop
  endfacet
  facet normal 3.821095e-01 -3.217791e-01 -8.662855e-01
    outer loop
      vertex   2.331779e+02 3.527558e+01 1.065388e+02
      vertex   2.331417e+02 3.526954e+01 1.065250e+02
      vertex   2.331779e+02 3.542885e+01 1.064818e+02
    endloop
  endfacet
  facet normal 3.821095e-01 -3.217791e-01 -8.662855e-01
    outer loop
      vertex   2.331779e+02 3.542885e+01 1.064818e+02
      vertex   2.331417e+02 3.526954e+01 1.065250e+02
      vertex   2.331417e+02 3.542447e+01 1.064675e+02
    endloop
  endfacet
  facet normal 3.821095e-01 -2.170622e-01 -8.982629e-01
    outer loop
      vertex   2.331779e+02 3.542885e+01 1.064818e+02
      vertex   2.331417e+02 3.542447e+01 1.064675e+02
      vertex   2.331779e+02 3.558776e+01 1.064434e+02
    endloop
  endfacet
  facet normal 3.821095e-01 -2.170622e-01 -8.982629e-01
    outer loop
      vertex   2.331779e+02 3.558776e+01 1.064434e+02
      vertex   2.331417e+02 3.542447e+01 1.064675e+02
      vertex   2.331417e+02 3.558511e+01 1.064287e+02
    endloop
  endfacet
  facet normal 3.821024e-01 -1.089628e-01 -9.176736e-01
    outer loop
      vertex   2.331779e+02 3.558776e+01 1.064434e+02
      vertex   2.331417e+02 3.558511e+01 1.064287e+02
      vertex   2.331779e+02 3.575112e+01 1.064240e+02
    endloop
  endfacet
  facet normal 3.817723e-01 -1.088950e-01 -9.178190e-01
    outer loop
      vertex   2.331779e+02 3.575112e+01 1.064240e+02
      vertex   2.331417e+02 3.558511e+01 1.064287e+02
      vertex   2.331417e+02 3.575050e+01 1.064091e+02
    endloop
  endfacet
  facet normal 3.824488e-01 0.000000e+00 -9.239767e-01
    outer loop
      vertex   2.331779e+02 3.575112e+01 1.064240e+02
      vertex   2.331417e+02 3.575050e+01 1.064091e+02
      vertex   2.331417e+02 3.591322e+01 1.064091e+02
    endloop
  endfacet
  facet normal 6.080878e-01 -3.625041e-01 -7.062719e-01
    outer loop
      vertex   2.332089e+02 3.528519e+01 1.065606e+02
      vertex   2.332089e+02 3.514225e+01 1.066339e+02
      vertex   2.331779e+02 3.513013e+01 1.066134e+02
    endloop
  endfacet
  facet normal 6.080878e-01 -4.434928e-01 -6.584401e-01
    outer loop
      vertex   2.331779e+02 3.513013e+01 1.066134e+02
      vertex   2.332089e+02 3.514225e+01 1.066339e+02
      vertex   2.331779e+02 3.499453e+01 1.067048e+02
    endloop
  endfacet
  facet normal 6.080878e-01 -3.625041e-01 -7.062719e-01
    outer loop
      vertex   2.332089e+02 3.528519e+01 1.065606e+02
      vertex   2.331779e+02 3.513013e+01 1.066134e+02
      vertex   2.331779e+02 3.527558e+01 1.065388e+02
    endloop
  endfacet
  facet normal 6.080878e-01 -2.764267e-01 -7.441891e-01
    outer loop
      vertex   2.332089e+02 3.543581e+01 1.065046e+02
      vertex   2.332089e+02 3.528519e+01 1.065606e+02
      vertex   2.331779e+02 3.527558e+01 1.065388e+02
    endloop
  endfacet
  facet normal 6.080878e-01 -2.764267e-01 -7.441891e-01
    outer loop
      vertex   2.332089e+02 3.543581e+01 1.065046e+02
      vertex   2.331779e+02 3.527558e+01 1.065388e+02
      vertex   2.331779e+02 3.542885e+01 1.064818e+02
    endloop
  endfacet
  facet normal 6.080878e-01 -1.864689e-01 -7.716596e-01
    outer loop
      vertex   2.332089e+02 3.559198e+01 1.064669e+02
      vertex   2.332089e+02 3.543581e+01 1.065046e+02
      vertex   2.331779e+02 3.542885e+01 1.064818e+02
    endloop
  endfacet
  facet normal 6.080878e-01 -1.864689e-01 -7.716596e-01
    outer loop
      vertex   2.332089e+02 3.559198e+01 1.064669e+02
      vertex   2.331779e+02 3.542885e+01 1.064818e+02
      vertex   2.331779e+02 3.558776e+01 1.064434e+02
    endloop
  endfacet
  facet normal 6.080816e-01 -9.367773e-02 -7.883281e-01
    outer loop
      vertex   2.332089e+02 3.575226e+01 1.064478e+02
      vertex   2.332089e+02 3.559198e+01 1.064669e+02
      vertex   2.331779e+02 3.558776e+01 1.064434e+02
    endloop
  endfacet
  facet normal 6.078416e-01 -9.362728e-02 -7.885192e-01
    outer loop
      vertex   2.332089e+02 3.575226e+01 1.064478e+02
      vertex   2.331779e+02 3.558776e+01 1.064434e+02
      vertex   2.331779e+02 3.575112e+01 1.064240e+02
    endloop
  endfacet
  facet normal 6.083384e-01 0.000000e+00 -7.936777e-01
    outer loop
      vertex   2.331779e+02 3.591259e+01 1.064240e+02
      vertex   2.332089e+02 3.575226e+01 1.064478e+02
      vertex   2.331779e+02 3.575112e+01 1.064240e+02
    endloop
  endfacet
  facet normal 3.824488e-01 0.000000e+00 -9.239767e-01
    outer loop
      vertex   2.331779e+02 3.591259e+01 1.064240e+02
      vertex   2.331779e+02 3.575112e+01 1.064240e+02
      vertex   2.331417e+02 3.591322e+01 1.064091e+02
    endloop
  endfacet
  facet normal 3.817723e-01 1.088950e-01 -9.178190e-01
    outer loop
      vertex   2.331417e+02 3.607860e+01 1.064287e+02
      vertex   2.331779e+02 3.591259e+01 1.064240e+02
      vertex   2.331417e+02 3.591322e+01 1.064091e+02
    endloop
  endfacet
  facet normal 0.000000e+00 9.983082e-01 -5.814483e-02
    outer loop
      vertex   2.184029e+02 3.722239e+01 1.076390e+02
      vertex   2.184029e+02 3.723186e+01 1.078016e+02
      vertex   2.213429e+02 3.723186e+01 1.078016e+02
    endloop
  endfacet
  facet normal 0.000000e+00 9.983082e-01 5.814483e-02
    outer loop
      vertex   2.213429e+02 3.723186e+01 1.078016e+02
      vertex   2.184029e+02 3.723186e+01 1.078016e+02
      vertex   2.184029e+02 3.722239e+01 1.079641e+02
    endloop
  endfacet
  facet normal 6.078577e-05 9.982437e-01 5.924063e-02
    outer loop
      vertex   2.213429e+02 3.723186e+01 1.078016e+02
      vertex   2.184029e+02 3.722239e+01 1.079641e+02
      vertex   2.213429e+02 3.722203e+01 1.079672e+02
    endloop
  endfacet
  facet normal -5.964013e-05 9.848078e-01 1.736482e-01
    outer loop
      vertex   2.213429e+02 3.722203e+01 1.079672e+02
      vertex   2.184029e+02 3.722239e+01 1.079641e+02
      vertex   2.184029e+02 3.719412e+01 1.081244e+02
    endloop
  endfacet
  facet normal 1.192802e-04 9.842306e-01 1.768903e-01
    outer loop
      vertex   2.213429e+02 3.722203e+01 1.079672e+02
      vertex   2.184029e+02 3.719412e+01 1.081244e+02
      vertex   2.213429e+02 3.719269e+01 1.081304e+02
    endloop
  endfacet
  facet normal -1.169888e-04 9.579895e-01 2.868032e-01
    outer loop
      vertex   2.213429e+02 3.719269e+01 1.081304e+02
      vertex   2.184029e+02 3.719412e+01 1.081244e+02
      vertex   2.184029e+02 3.714743e+01 1.082804e+02
    endloop
  endfacet
  facet normal 1.754830e-04 9.564010e-01 2.920568e-01
    outer loop
      vertex   2.213429e+02 3.719269e+01 1.081304e+02
      vertex   2.184029e+02 3.714743e+01 1.082804e+02
      vertex   2.213429e+02 3.714424e+01 1.082891e+02
    endloop
  endfacet
  facet normal -1.720456e-04 9.182161e-01 3.960798e-01
    outer loop
      vertex   2.213429e+02 3.714424e+01 1.082891e+02
      vertex   2.184029e+02 3.714743e+01 1.082804e+02
      vertex   2.184029e+02 3.708294e+01 1.084299e+02
    endloop
  endfacet
  facet normal 2.293938e-04 9.151456e-01 4.031234e-01
    outer loop
      vertex   2.213429e+02 3.714424e+01 1.082891e+02
      vertex   2.184029e+02 3.708294e+01 1.084299e+02
      vertex   2.213429e+02 3.707738e+01 1.084409e+02
    endloop
  endfacet
  facet normal -2.248104e-04 8.660254e-01 5.000000e-01
    outer loop
      vertex   2.213429e+02 3.707738e+01 1.084409e+02
      vertex   2.184029e+02 3.708294e+01 1.084299e+02
      vertex   2.184029e+02 3.700154e+01 1.085709e+02
    endloop
  endfacet
  facet normal 2.810125e-04 8.610436e-01 5.085311e-01
    outer loop
      vertex   2.213429e+02 3.707738e+01 1.084409e+02
      vertex   2.184029e+02 3.700154e+01 1.085709e+02
      vertex   2.213429e+02 3.699302e+01 1.085837e+02
    endloop
  endfacet
  facet normal -2.752829e-04 8.021232e-01 5.971586e-01
    outer loop
      vertex   2.213429e+02 3.699302e+01 1.085837e+02
      vertex   2.184029e+02 3.700154e+01 1.085709e+02
      vertex   2.184029e+02 3.690432e+01 1.087015e+02
    endloop
  endfacet
  facet normal 3.303388e-04 7.948544e-01 6.068001e-01
    outer loop
      vertex   2.213429e+02 3.699302e+01 1.085837e+02
      vertex   2.184029e+02 3.690432e+01 1.087015e+02
      vertex   2.213429e+02 3.689237e+01 1.087155e+02
    endloop
  endfacet
  facet normal -3.234629e-04 7.273736e-01 6.862416e-01
    outer loop
      vertex   2.213429e+02 3.689237e+01 1.087155e+02
      vertex   2.184029e+02 3.690432e+01 1.087015e+02
      vertex   2.184029e+02 3.679259e+01 1.088199e+02
    endloop
  endfacet
  facet normal 3.773724e-04 7.175072e-01 6.965510e-01
    outer loop
      vertex   2.213429e+02 3.689237e+01 1.087155e+02
      vertex   2.184029e+02 3.679259e+01 1.088199e+02
      vertex   2.213429e+02 3.677683e+01 1.088345e+02
    endloop
  endfacet
  facet normal -3.693501e-04 6.427876e-01 7.660444e-01
    outer loop
      vertex   2.213429e+02 3.677683e+01 1.088345e+02
      vertex   2.184029e+02 3.679259e+01 1.088199e+02
      vertex   2.184029e+02 3.666788e+01 1.089245e+02
    endloop
  endfacet
  facet normal 4.221131e-04 6.300878e-01 7.765238e-01
    outer loop
      vertex   2.213429e+02 3.677683e+01 1.088345e+02
      vertex   2.184029e+02 3.666788e+01 1.089245e+02
      vertex   2.213429e+02 3.664803e+01 1.089391e+02
    endloop
  endfacet
  facet normal -4.129443e-04 5.495089e-01 8.354877e-01
    outer loop
      vertex   2.213429e+02 3.664803e+01 1.089391e+02
      vertex   2.184029e+02 3.666788e+01 1.089245e+02
      vertex   2.184029e+02 3.653186e+01 1.090140e+02
    endloop
  endfacet
  facet normal 4.645607e-04 5.338233e-01 8.455959e-01
    outer loop
      vertex   2.213429e+02 3.664803e+01 1.089391e+02
      vertex   2.184029e+02 3.653186e+01 1.090140e+02
      vertex   2.213429e+02 3.650776e+01 1.090276e+02
    endloop
  endfacet
  facet normal -4.542453e-04 4.487991e-01 8.936325e-01
    outer loop
      vertex   2.213429e+02 3.650776e+01 1.090276e+02
      vertex   2.184029e+02 3.653186e+01 1.090140e+02
      vertex   2.184029e+02 3.638637e+01 1.090871e+02
    endloop
  endfacet
  facet normal 5.047150e-04 4.300651e-01 9.027977e-01
    outer loop
      vertex   2.213429e+02 3.650776e+01 1.090276e+02
      vertex   2.184029e+02 3.638637e+01 1.090871e+02
      vertex   2.213429e+02 3.635801e+01 1.090989e+02
    endloop
  endfacet
  facet normal -4.932528e-04 3.420201e-01 9.396925e-01
    outer loop
      vertex   2.213429e+02 3.635801e+01 1.090989e+02
      vertex   2.184029e+02 3.638637e+01 1.090871e+02
      vertex   2.184029e+02 3.623338e+01 1.091428e+02
    endloop
  endfacet
  facet normal 5.425758e-04 3.202698e-01 9.473262e-01
    outer loop
      vertex   2.213429e+02 3.635801e+01 1.090989e+02
      vertex   2.184029e+02 3.623338e+01 1.091428e+02
      vertex   2.213429e+02 3.620088e+01 1.091521e+02
    endloop
  endfacet
  facet normal -5.299668e-04 2.306158e-01 9.730447e-01
    outer loop
      vertex   2.213429e+02 3.620088e+01 1.091521e+02
      vertex   2.184029e+02 3.623338e+01 1.091428e+02
      vertex   2.184029e+02 3.607496e+01 1.091803e+02
    endloop
  endfacet
  facet normal 5.781429e-04 2.059786e-01 9.785563e-01
    outer loop
      vertex   2.213429e+02 3.620088e+01 1.091521e+02
      vertex   2.184029e+02 3.607496e+01 1.091803e+02
      vertex   2.213429e+02 3.603856e+01 1.091862e+02
    endloop
  endfacet
  facet normal -5.643871e-04 1.160929e-01 9.932382e-01
    outer loop
      vertex   2.213429e+02 3.603856e+01 1.091862e+02
      vertex   2.184029e+02 3.607496e+01 1.091803e+02
      vertex   2.184029e+02 3.591326e+01 1.091992e+02
    endloop
  endfacet
  facet normal 6.114162e-04 8.879588e-02 9.960497e-01
    outer loop
      vertex   2.213429e+02 3.603856e+01 1.091862e+02
      vertex   2.184029e+02 3.591326e+01 1.091992e+02
      vertex   2.213429e+02 3.587334e+01 1.092010e+02
    endloop
  endfacet
  facet normal -5.965133e-04 0.000000e+00 9.999998e-01
    outer loop
      vertex   2.213429e+02 3.587334e+01 1.092010e+02
      vertex   2.184029e+02 3.591326e+01 1.091992e+02
      vertex   2.184029e+02 3.575045e+01 1.091992e+02
    endloop
  endfacet
  facet normal 6.423955e-04 -2.963332e-02 9.995606e-01
    outer loop
      vertex   2.213429e+02 3.587334e+01 1.092010e+02
      vertex   2.184029e+02 3.575045e+01 1.091992e+02
      vertex   2.213429e+02 3.570754e+01 1.091960e+02
    endloop
  endfacet
  facet normal -6.263455e-04 -1.160929e-01 9.932382e-01
    outer loop
      vertex   2.213429e+02 3.570754e+01 1.091960e+02
      vertex   2.184029e+02 3.575045e+01 1.091992e+02
      vertex   2.184029e+02 3.558875e+01 1.091803e+02
    endloop
  endfacet
  facet normal 6.710806e-04 -1.476465e-01 9.890400e-01
    outer loop
      vertex   2.213429e+02 3.570754e+01 1.091960e+02
      vertex   2.184029e+02 3.558875e+01 1.091803e+02
      vertex   2.213429e+02 3.554349e+01 1.091716e+02
    endloop
  endfacet
  facet normal -6.538835e-04 -2.306158e-01 9.730447e-01
    outer loop
      vertex   2.213429e+02 3.554349e+01 1.091716e+02
      vertex   2.184029e+02 3.558875e+01 1.091803e+02
      vertex   2.184029e+02 3.543033e+01 1.091428e+02
    endloop
  endfacet
  facet normal 6.974714e-04 -2.635871e-01 9.646353e-01
    outer loop
      vertex   2.213429e+02 3.554349e+01 1.091716e+02
      vertex   2.184029e+02 3.543033e+01 1.091428e+02
      vertex   2.213429e+02 3.538348e+01 1.091278e+02
    endloop
  endfacet
  facet normal -6.791271e-04 -3.420201e-01 9.396924e-01
    outer loop
      vertex   2.213429e+02 3.538348e+01 1.091278e+02
      vertex   2.184029e+02 3.543033e+01 1.091428e+02
      vertex   2.184029e+02 3.527734e+01 1.090871e+02
    endloop
  endfacet
  facet normal 7.215677e-04 -3.758275e-01 9.266894e-01
    outer loop
      vertex   2.213429e+02 3.538348e+01 1.091278e+02
      vertex   2.184029e+02 3.527734e+01 1.090871e+02
      vertex   2.213429e+02 3.522976e+01 1.090655e+02
    endloop
  endfacet
  facet normal -7.020762e-04 -4.487991e-01 8.936324e-01
    outer loop
      vertex   2.213429e+02 3.522976e+01 1.090655e+02
      vertex   2.184029e+02 3.527734e+01 1.090871e+02
      vertex   2.184029e+02 3.513186e+01 1.090140e+02
    endloop
  endfacet
  facet normal 7.433696e-04 -4.827921e-01 8.757347e-01
    outer loop
      vertex   2.213429e+02 3.522976e+01 1.090655e+02
      vertex   2.184029e+02 3.513186e+01 1.090140e+02
      vertex   2.213429e+02 3.508450e+01 1.089854e+02
    endloop
  endfacet
  facet normal -7.227307e-04 -5.495088e-01 8.354876e-01
    outer loop
      vertex   2.213429e+02 3.508450e+01 1.089854e+02
      vertex   2.184029e+02 3.513186e+01 1.090140e+02
      vertex   2.184029e+02 3.499583e+01 1.089245e+02
    endloop
  endfacet
  facet normal 7.628767e-04 -5.829793e-01 8.124866e-01
    outer loop
      vertex   2.213429e+02 3.508450e+01 1.089854e+02
      vertex   2.184029e+02 3.499583e+01 1.089245e+02
      vertex   2.213429e+02 3.494973e+01 1.088887e+02
    endloop
  endfacet
  facet normal -7.410905e-04 -6.427874e-01 7.660442e-01
    outer loop
      vertex   2.213429e+02 3.494973e+01 1.088887e+02
      vertex   2.184029e+02 3.499583e+01 1.089245e+02
      vertex   2.184029e+02 3.487112e+01 1.088199e+02
    endloop
  endfacet
  facet normal 7.800892e-04 -6.749828e-01 7.378331e-01
    outer loop
      vertex   2.213429e+02 3.494973e+01 1.088887e+02
      vertex   2.184029e+02 3.487112e+01 1.088199e+02
      vertex   2.213429e+02 3.482735e+01 1.087767e+02
    endloop
  endfacet
  facet normal -7.571556e-04 -7.273734e-01 6.862414e-01
    outer loop
      vertex   2.213429e+02 3.482735e+01 1.087767e+02
      vertex   2.184029e+02 3.487112e+01 1.088199e+02
      vertex   2.184029e+02 3.475939e+01 1.087015e+02
    endloop
  endfacet
  facet normal 7.950068e-04 -7.575110e-01 6.528219e-01
    outer loop
      vertex   2.213429e+02 3.482735e+01 1.087767e+02
      vertex   2.184029e+02 3.475939e+01 1.087015e+02
      vertex   2.213429e+02 3.471906e+01 1.086511e+02
    endloop
  endfacet
  facet normal -7.709258e-04 -8.021230e-01 5.971584e-01
    outer loop
      vertex   2.213429e+02 3.471906e+01 1.086511e+02
      vertex   2.184029e+02 3.475939e+01 1.087015e+02
      vertex   2.184029e+02 3.466217e+01 1.085709e+02
    endloop
  endfacet
  facet normal 8.076295e-04 -8.294054e-01 5.586466e-01
    outer loop
      vertex   2.213429e+02 3.471906e+01 1.086511e+02
      vertex   2.184029e+02 3.466217e+01 1.085709e+02
      vertex   2.213429e+02 3.462639e+01 1.085135e+02
    endloop
  endfacet
  facet normal -7.824010e-04 -8.660251e-01 4.999998e-01
    outer loop
      vertex   2.213429e+02 3.462639e+01 1.085135e+02
      vertex   2.184029e+02 3.466217e+01 1.085709e+02
      vertex   2.184029e+02 3.458077e+01 1.084299e+02
    endloop
  endfacet
  facet normal 8.179573e-04 -8.896568e-01 4.566291e-01
    outer loop
      vertex   2.213429e+02 3.462639e+01 1.085135e+02
      vertex   2.184029e+02 3.458077e+01 1.084299e+02
      vertex   2.213429e+02 3.455065e+01 1.083659e+02
    endloop
  endfacet
  facet normal -7.915813e-04 -9.182158e-01 3.960796e-01
    outer loop
      vertex   2.213429e+02 3.455065e+01 1.083659e+02
      vertex   2.184029e+02 3.458077e+01 1.084299e+02
      vertex   2.184029e+02 3.451629e+01 1.082804e+02
    endloop
  endfacet
  facet normal 8.259900e-04 -9.374193e-01 3.482015e-01
    outer loop
      vertex   2.213429e+02 3.455065e+01 1.083659e+02
      vertex   2.184029e+02 3.451629e+01 1.082804e+02
      vertex   2.213429e+02 3.449289e+01 1.082105e+02
    endloop
  endfacet
  facet normal -7.984665e-04 -9.579892e-01 2.868031e-01
    outer loop
      vertex   2.213429e+02 3.449289e+01 1.082105e+02
      vertex   2.184029e+02 3.451629e+01 1.082804e+02
      vertex   2.184029e+02 3.446959e+01 1.081244e+02
    endloop
  endfacet
  facet normal 8.317277e-04 -9.720226e-01 2.348860e-01
    outer loop
      vertex   2.213429e+02 3.449289e+01 1.082105e+02
      vertex   2.184029e+02 3.446959e+01 1.081244e+02
      vertex   2.213429e+02 3.445393e+01 1.080492e+02
    endloop
  endfacet
  facet normal -8.030567e-04 -9.848074e-01 1.736481e-01
    outer loop
      vertex   2.213429e+02 3.445393e+01 1.080492e+02
      vertex   2.184029e+02 3.446959e+01 1.081244e+02
      vertex   2.184029e+02 3.444132e+01 1.079641e+02
    endloop
  endfacet
  facet normal 8.351704e-04 -9.929807e-01 1.182731e-01
    outer loop
      vertex   2.213429e+02 3.445393e+01 1.080492e+02
      vertex   2.184029e+02 3.444132e+01 1.079641e+02
      vertex   2.213429e+02 3.443431e+01 1.078845e+02
    endloop
  endfacet
  facet normal -8.053518e-04 -9.983078e-01 5.814481e-02
    outer loop
      vertex   2.213429e+02 3.443431e+01 1.078845e+02
      vertex   2.184029e+02 3.444132e+01 1.079641e+02
      vertex   2.184029e+02 3.443186e+01 1.078016e+02
    endloop
  endfacet
  facet normal 8.363179e-04 -9.999997e-01 4.283634e-14
    outer loop
      vertex   2.213429e+02 3.443431e+01 1.078845e+02
      vertex   2.184029e+02 3.443186e+01 1.078016e+02
      vertex   2.213429e+02 3.443431e+01 1.077186e+02
    endloop
  endfacet
  facet normal -8.053518e-04 -9.983078e-01 -5.814481e-02
    outer loop
      vertex   2.213429e+02 3.443431e+01 1.077186e+02
      vertex   2.184029e+02 3.443186e+01 1.078016e+02
      vertex   2.184029e+02 3.444132e+01 1.076390e+02
    endloop
  endfacet
  facet normal 8.351704e-04 -9.929807e-01 -1.182731e-01
    outer loop
      vertex   2.213429e+02 3.443431e+01 1.077186e+02
      vertex   2.184029e+02 3.444132e+01 1.076390e+02
      vertex   2.213429e+02 3.445393e+01 1.075539e+02
    endloop
  endfacet
  facet normal -8.030567e-04 -9.848074e-01 -1.736481e-01
    outer loop
      vertex   2.213429e+02 3.445393e+01 1.075539e+02
      vertex   2.184029e+02 3.444132e+01 1.076390e+02
      vertex   2.184029e+02 3.446959e+01 1.074787e+02
    endloop
  endfacet
  facet normal 8.317277e-04 -9.720226e-01 -2.348860e-01
    outer loop
      vertex   2.213429e+02 3.445393e+01 1.075539e+02
      vertex   2.184029e+02 3.446959e+01 1.074787e+02
      vertex   2.213429e+02 3.449289e+01 1.073927e+02
    endloop
  endfacet
  facet normal -7.984665e-04 -9.579892e-01 -2.868031e-01
    outer loop
      vertex   2.213429e+02 3.449289e+01 1.073927e+02
      vertex   2.184029e+02 3.446959e+01 1.074787e+02
      vertex   2.184029e+02 3.451629e+01 1.073227e+02
    endloop
  endfacet
  facet normal 8.259900e-04 -9.374193e-01 -3.482015e-01
    outer loop
      vertex   2.213429e+02 3.449289e+01 1.073927e+02
      vertex   2.184029e+02 3.451629e+01 1.073227e+02
      vertex   2.213429e+02 3.455065e+01 1.072372e+02
    endloop
  endfacet
  facet normal -7.915813e-04 -9.182158e-01 -3.960796e-01
    outer loop
      vertex   2.213429e+02 3.455065e+01 1.072372e+02
      vertex   2.184029e+02 3.451629e+01 1.073227e+02
      vertex   2.184029e+02 3.458077e+01 1.071733e+02
    endloop
  endfacet
  facet normal 8.179573e-04 -8.896568e-01 -4.566291e-01
    outer loop
      vertex   2.213429e+02 3.455065e+01 1.072372e+02
      vertex   2.184029e+02 3.458077e+01 1.071733e+02
      vertex   2.213429e+02 3.462639e+01 1.070896e+02
    endloop
  endfacet
  facet normal -7.824010e-04 -8.660251e-01 -4.999998e-01
    outer loop
      vertex   2.213429e+02 3.462639e+01 1.070896e+02
      vertex   2.184029e+02 3.458077e+01 1.071733e+02
      vertex   2.184029e+02 3.466217e+01 1.070323e+02
    endloop
  endfacet
  facet normal 8.076295e-04 -8.294054e-01 -5.586466e-01
    outer loop
      vertex   2.213429e+02 3.462639e+01 1.070896e+02
      vertex   2.184029e+02 3.466217e+01 1.070323e+02
      vertex   2.213429e+02 3.471906e+01 1.069521e+02
    endloop
  endfacet
  facet normal -7.709258e-04 -8.021230e-01 -5.971584e-01
    outer loop
      vertex   2.213429e+02 3.471906e+01 1.069521e+02
      vertex   2.184029e+02 3.466217e+01 1.070323e+02
      vertex   2.184029e+02 3.475939e+01 1.069017e+02
    endloop
  endfacet
  facet normal 7.950068e-04 -7.575110e-01 -6.528219e-01
    outer loop
      vertex   2.213429e+02 3.471906e+01 1.069521e+02
      vertex   2.184029e+02 3.475939e+01 1.069017e+02
      vertex   2.213429e+02 3.482735e+01 1.068264e+02
    endloop
  endfacet
  facet normal -7.571556e-04 -7.273734e-01 -6.862414e-01
    outer loop
      vertex   2.213429e+02 3.482735e+01 1.068264e+02
      vertex   2.184029e+02 3.475939e+01 1.069017e+02
      vertex   2.184029e+02 3.487112e+01 1.067833e+02
    endloop
  endfacet
  facet normal 7.800892e-04 -6.749828e-01 -7.378331e-01
    outer loop
      vertex   2.213429e+02 3.482735e+01 1.068264e+02
      vertex   2.184029e+02 3.487112e+01 1.067833e+02
      vertex   2.213429e+02 3.494973e+01 1.067144e+02
    endloop
  endfacet
  facet normal -7.410905e-04 -6.427874e-01 -7.660442e-01
    outer loop
      vertex   2.213429e+02 3.494973e+01 1.067144e+02
      vertex   2.184029e+02 3.487112e+01 1.067833e+02
      vertex   2.184029e+02 3.499583e+01 1.066786e+02
    endloop
  endfacet
  facet normal 7.628767e-04 -5.829793e-01 -8.124866e-01
    outer loop
      vertex   2.213429e+02 3.494973e+01 1.067144e+02
      vertex   2.184029e+02 3.499583e+01 1.066786e+02
      vertex   2.213429e+02 3.508450e+01 1.066177e+02
    endloop
  endfacet
  facet normal -7.227307e-04 -5.495088e-01 -8.354876e-01
    outer loop
      vertex   2.213429e+02 3.508450e+01 1.066177e+02
      vertex   2.184029e+02 3.499583e+01 1.066786e+02
      vertex   2.184029e+02 3.513186e+01 1.065891e+02
    endloop
  endfacet
  facet normal 7.433696e-04 -4.827921e-01 -8.757347e-01
    outer loop
      vertex   2.213429e+02 3.508450e+01 1.066177e+02
      vertex   2.184029e+02 3.513186e+01 1.065891e+02
      vertex   2.213429e+02 3.522976e+01 1.065377e+02
    endloop
  endfacet
  facet normal -7.020762e-04 -4.487991e-01 -8.936324e-01
    outer loop
      vertex   2.213429e+02 3.522976e+01 1.065377e+02
      vertex   2.184029e+02 3.513186e+01 1.065891e+02
      vertex   2.184029e+02 3.527734e+01 1.065161e+02
    endloop
  endfacet
  facet normal 7.215677e-04 -3.758275e-01 -9.266894e-01
    outer loop
      vertex   2.213429e+02 3.522976e+01 1.065377e+02
      vertex   2.184029e+02 3.527734e+01 1.065161e+02
      vertex   2.213429e+02 3.538348e+01 1.064753e+02
    endloop
  endfacet
  facet normal -6.791271e-04 -3.420201e-01 -9.396924e-01
    outer loop
      vertex   2.213429e+02 3.538348e+01 1.064753e+02
      vertex   2.184029e+02 3.527734e+01 1.065161e+02
      vertex   2.184029e+02 3.543033e+01 1.064604e+02
    endloop
  endfacet
  facet normal 6.974714e-04 -2.635871e-01 -9.646353e-01
    outer loop
      vertex   2.213429e+02 3.538348e+01 1.064753e+02
      vertex   2.184029e+02 3.543033e+01 1.064604e+02
      vertex   2.213429e+02 3.554349e+01 1.064316e+02
    endloop
  endfacet
  facet normal -6.538835e-04 -2.306158e-01 -9.730447e-01
    outer loop
      vertex   2.213429e+02 3.554349e+01 1.064316e+02
      vertex   2.184029e+02 3.543033e+01 1.064604e+02
      vertex   2.184029e+02 3.558875e+01 1.064228e+02
    endloop
  endfacet
  facet normal 6.710806e-04 -1.476465e-01 -9.890400e-01
    outer loop
      vertex   2.213429e+02 3.554349e+01 1.064316e+02
      vertex   2.184029e+02 3.558875e+01 1.064228e+02
      vertex   2.213429e+02 3.570754e+01 1.064071e+02
    endloop
  endfacet
  facet normal -6.263455e-04 -1.160929e-01 -9.932382e-01
    outer loop
      vertex   2.213429e+02 3.570754e+01 1.064071e+02
      vertex   2.184029e+02 3.558875e+01 1.064228e+02
      vertex   2.184029e+02 3.575045e+01 1.064039e+02
    endloop
  endfacet
  facet normal 6.423955e-04 -2.963332e-02 -9.995606e-01
    outer loop
      vertex   2.213429e+02 3.570754e+01 1.064071e+02
      vertex   2.184029e+02 3.575045e+01 1.064039e+02
      vertex   2.213429e+02 3.587334e+01 1.064022e+02
    endloop
  endfacet
  facet normal -5.965133e-04 0.000000e+00 -9.999998e-01
    outer loop
      vertex   2.213429e+02 3.587334e+01 1.064022e+02
      vertex   2.184029e+02 3.575045e+01 1.064039e+02
      vertex   2.184029e+02 3.591326e+01 1.064039e+02
    endloop
  endfacet
  facet normal 6.114162e-04 8.879588e-02 -9.960497e-01
    outer loop
      vertex   2.213429e+02 3.587334e+01 1.064022e+02
      vertex   2.184029e+02 3.591326e+01 1.064039e+02
      vertex   2.213429e+02 3.603856e+01 1.064169e+02
    endloop
  endfacet
  facet normal -5.643871e-04 1.160929e-01 -9.932382e-01
    outer loop
      vertex   2.213429e+02 3.603856e+01 1.064169e+02
      vertex   2.184029e+02 3.591326e+01 1.064039e+02
      vertex   2.184029e+02 3.607496e+01 1.064228e+02
    endloop
  endfacet
  facet normal 5.781429e-04 2.059786e-01 -9.785563e-01
    outer loop
      vertex   2.213429e+02 3.603856e+01 1.064169e+02
      vertex   2.184029e+02 3.607496e+01 1.064228e+02
      vertex   2.213429e+02 3.620088e+01 1.064511e+02
    endloop
  endfacet
  facet normal -5.299668e-04 2.306158e-01 -9.730447e-01
    outer loop
      vertex   2.213429e+02 3.620088e+01 1.064511e+02
      vertex   2.184029e+02 3.607496e+01 1.064228e+02
      vertex   2.184029e+02 3.623338e+01 1.064604e+02
    endloop
  endfacet
  facet normal 5.425758e-04 3.202698e-01 -9.473262e-01
    outer loop
      vertex   2.213429e+02 3.620088e+01 1.064511e+02
      vertex   2.184029e+02 3.623338e+01 1.064604e+02
      vertex   2.213429e+02 3.635801e+01 1.065042e+02
    endloop
  endfacet
  facet normal -4.932528e-04 3.420201e-01 -9.396925e-01
    outer loop
      vertex   2.213429e+02 3.635801e+01 1.065042e+02
      vertex   2.184029e+02 3.623338e+01 1.064604e+02
      vertex   2.184029e+02 3.638637e+01 1.065161e+02
    endloop
  endfacet
  facet normal 5.047150e-04 4.300651e-01 -9.027977e-01
    outer loop
      vertex   2.213429e+02 3.635801e+01 1.065042e+02
      vertex   2.184029e+02 3.638637e+01 1.065161e+02
      vertex   2.213429e+02 3.650776e+01 1.065755e+02
    endloop
  endfacet
  facet normal -4.542453e-04 4.487991e-01 -8.936325e-01
    outer loop
      vertex   2.213429e+02 3.650776e+01 1.065755e+02
      vertex   2.184029e+02 3.638637e+01 1.065161e+02
      vertex   2.184029e+02 3.653186e+01 1.065891e+02
    endloop
  endfacet
  facet normal 4.645607e-04 5.338233e-01 -8.455959e-01
    outer loop
      vertex   2.213429e+02 3.650776e+01 1.065755e+02
      vertex   2.184029e+02 3.653186e+01 1.065891e+02
      vertex   2.213429e+02 3.664803e+01 1.066641e+02
    endloop
  endfacet
  facet normal -4.129443e-04 5.495089e-01 -8.354877e-01
    outer loop
      vertex   2.213429e+02 3.664803e+01 1.066641e+02
      vertex   2.184029e+02 3.653186e+01 1.065891e+02
      vertex   2.184029e+02 3.666788e+01 1.066786e+02
    endloop
  endfacet
  facet normal 4.221131e-04 6.300878e-01 -7.765238e-01
    outer loop
      vertex   2.213429e+02 3.664803e+01 1.066641e+02
      vertex   2.184029e+02 3.666788e+01 1.066786e+02
      vertex   2.213429e+02 3.677683e+01 1.067686e+02
    endloop
  endfacet
  facet normal -3.693501e-04 6.427876e-01 -7.660444e-01
    outer loop
      vertex   2.213429e+02 3.677683e+01 1.067686e+02
      vertex   2.184029e+02 3.666788e+01 1.066786e+02
      vertex   2.184029e+02 3.679259e+01 1.067833e+02
    endloop
  endfacet
  facet normal 3.773724e-04 7.175072e-01 -6.965510e-01
    outer loop
      vertex   2.213429e+02 3.677683e+01 1.067686e+02
      vertex   2.184029e+02 3.679259e+01 1.067833e+02
      vertex   2.213429e+02 3.689237e+01 1.068876e+02
    endloop
  endfacet
  facet normal -3.234629e-04 7.273736e-01 -6.862416e-01
    outer loop
      vertex   2.213429e+02 3.689237e+01 1.068876e+02
      vertex   2.184029e+02 3.679259e+01 1.067833e+02
      vertex   2.184029e+02 3.690432e+01 1.069017e+02
    endloop
  endfacet
  facet normal 3.303388e-04 7.948544e-01 -6.068001e-01
    outer loop
      vertex   2.213429e+02 3.689237e+01 1.068876e+02
      vertex   2.184029e+02 3.690432e+01 1.069017e+02
      vertex   2.213429e+02 3.699302e+01 1.070195e+02
    endloop
  endfacet
  facet normal -2.752829e-04 8.021232e-01 -5.971586e-01
    outer loop
      vertex   2.213429e+02 3.699302e+01 1.070195e+02
      vertex   2.184029e+02 3.690432e+01 1.069017e+02
      vertex   2.184029e+02 3.700154e+01 1.070323e+02
    endloop
  endfacet
  facet normal 2.810125e-04 8.610436e-01 -5.085311e-01
    outer loop
      vertex   2.213429e+02 3.699302e+01 1.070195e+02
      vertex   2.184029e+02 3.700154e+01 1.070323e+02
      vertex   2.213429e+02 3.707738e+01 1.071623e+02
    endloop
  endfacet
  facet normal -2.248104e-04 8.660254e-01 -5.000000e-01
    outer loop
      vertex   2.213429e+02 3.707738e+01 1.071623e+02
      vertex   2.184029e+02 3.700154e+01 1.070323e+02
      vertex   2.184029e+02 3.708294e+01 1.071733e+02
    endloop
  endfacet
  facet normal 2.293938e-04 9.151456e-01 -4.031234e-01
    outer loop
      vertex   2.213429e+02 3.707738e+01 1.071623e+02
      vertex   2.184029e+02 3.708294e+01 1.071733e+02
      vertex   2.213429e+02 3.714424e+01 1.073141e+02
    endloop
  endfacet
  facet normal -1.720456e-04 9.182161e-01 -3.960798e-01
    outer loop
      vertex   2.213429e+02 3.714424e+01 1.073141e+02
      vertex   2.184029e+02 3.708294e+01 1.071733e+02
      vertex   2.184029e+02 3.714743e+01 1.073227e+02
    endloop
  endfacet
  facet normal 1.754830e-04 9.564010e-01 -2.920568e-01
    outer loop
      vertex   2.213429e+02 3.714424e+01 1.073141e+02
      vertex   2.184029e+02 3.714743e+01 1.073227e+02
      vertex   2.213429e+02 3.719269e+01 1.074727e+02
    endloop
  endfacet
  facet normal -1.169888e-04 9.579895e-01 -2.868032e-01
    outer loop
      vertex   2.213429e+02 3.719269e+01 1.074727e+02
      vertex   2.184029e+02 3.714743e+01 1.073227e+02
      vertex   2.184029e+02 3.719412e+01 1.074787e+02
    endloop
  endfacet
  facet normal 1.192802e-04 9.842306e-01 -1.768903e-01
    outer loop
      vertex   2.213429e+02 3.719269e+01 1.074727e+02
      vertex   2.184029e+02 3.719412e+01 1.074787e+02
      vertex   2.213429e+02 3.722203e+01 1.076360e+02
    endloop
  endfacet
  facet normal -5.964013e-05 9.848078e-01 -1.736482e-01
    outer loop
      vertex   2.213429e+02 3.722203e+01 1.076360e+02
      vertex   2.184029e+02 3.719412e+01 1.074787e+02
      vertex   2.184029e+02 3.722239e+01 1.076390e+02
    endloop
  endfacet
  facet normal 6.078577e-05 9.982437e-01 -5.924063e-02
    outer loop
      vertex   2.213429e+02 3.722203e+01 1.076360e+02
      vertex   2.184029e+02 3.722239e+01 1.076390e+02
      vertex   2.213429e+02 3.723186e+01 1.078016e+02
    endloop
  endfacet
  facet normal 2.808766e-16 9.983082e-01 5.814483e-02
    outer loop
      vertex   2.331029e+02 3.722239e+01 1.079641e+02
      vertex   2.331029e+02 3.723186e+01 1.078016e+02
      vertex   2.301629e+02 3.723186e+01 1.078016e+02
    endloop
  endfacet
  facet normal -2.810502e-16 9.983082e-01 -5.814483e-02
    outer loop
      vertex   2.301629e+02 3.723186e+01 1.078016e+02
      vertex   2.331029e+02 3.723186e+01 1.078016e+02
      vertex   2.331029e+02 3.722239e+01 1.076390e+02
    endloop
  endfacet
  facet normal -6.078577e-05 9.982437e-01 -5.924063e-02
    outer loop
      vertex   2.301629e+02 3.723186e+01 1.078016e+02
      vertex   2.331029e+02 3.722239e+01 1.076390e+02
      vertex   2.301629e+02 3.722203e+01 1.076360e+02
    endloop
  endfacet
  facet normal 5.964013e-05 9.848078e-01 -1.736482e-01
    outer loop
      vertex   2.301629e+02 3.722203e+01 1.076360e+02
      vertex   2.331029e+02 3.722239e+01 1.076390e+02
      vertex   2.331029e+02 3.719412e+01 1.074787e+02
    endloop
  endfacet
  facet normal -1.192802e-04 9.842306e-01 -1.768903e-01
    outer loop
      vertex   2.301629e+02 3.722203e+01 1.076360e+02
      vertex   2.331029e+02 3.719412e+01 1.074787e+02
      vertex   2.301629e+02 3.719269e+01 1.074727e+02
    endloop
  endfacet
  facet normal 1.169888e-04 9.579895e-01 -2.868032e-01
    outer loop
      vertex   2.301629e+02 3.719269e+01 1.074727e+02
      vertex   2.331029e+02 3.719412e+01 1.074787e+02
      vertex   2.331029e+02 3.714743e+01 1.073227e+02
    endloop
  endfacet
  facet normal -1.754830e-04 9.564010e-01 -2.920568e-01
    outer loop
      vertex   2.301629e+02 3.719269e+01 1.074727e+02
      vertex   2.331029e+02 3.714743e+01 1.073227e+02
      vertex   2.301629e+02 3.714424e+01 1.073141e+02
    endloop
  endfacet
  facet normal 1.720456e-04 9.182161e-01 -3.960798e-01
    outer loop
      vertex   2.301629e+02 3.714424e+01 1.073141e+02
      vertex   2.331029e+02 3.714743e+01 1.073227e+02
      vertex   2.331029e+02 3.708294e+01 1.071733e+02
    endloop
  endfacet
  facet normal -2.293938e-04 9.151456e-01 -4.031234e-01
    outer loop
      vertex   2.301629e+02 3.714424e+01 1.073141e+02
      vertex   2.331029e+02 3.708294e+01 1.071733e+02
      vertex   2.301629e+02 3.707738e+01 1.071623e+02
    endloop
  endfacet
  facet normal 2.248104e-04 8.660254e-01 -5.000000e-01
    outer loop
      vertex   2.301629e+02 3.707738e+01 1.071623e+02
      vertex   2.331029e+02 3.708294e+01 1.071733e+02
      vertex   2.331029e+02 3.700154e+01 1.070323e+02
    endloop
  endfacet
  facet normal -2.810125e-04 8.610436e-01 -5.085311e-01
    outer loop
      vertex   2.301629e+02 3.707738e+01 1.071623e+02
      vertex   2.331029e+02 3.700154e+01 1.070323e+02
      vertex   2.301629e+02 3.699302e+01 1.070195e+02
    endloop
  endfacet
  facet normal 2.752829e-04 8.021232e-01 -5.971586e-01
    outer loop
      vertex   2.301629e+02 3.699302e+01 1.070195e+02
      vertex   2.331029e+02 3.700154e+01 1.070323e+02
      vertex   2.331029e+02 3.690432e+01 1.069017e+02
    endloop
  endfacet
  facet normal -3.303388e-04 7.948544e-01 -6.068001e-01
    outer loop
      vertex   2.301629e+02 3.699302e+01 1.070195e+02
      vertex   2.331029e+02 3.690432e+01 1.069017e+02
      vertex   2.301629e+02 3.689237e+01 1.068876e+02
    endloop
  endfacet
  facet normal 3.234629e-04 7.273736e-01 -6.862416e-01
    outer loop
      vertex   2.301629e+02 3.689237e+01 1.068876e+02
      vertex   2.331029e+02 3.690432e+01 1.069017e+02
      vertex   2.331029e+02 3.679259e+01 1.067833e+02
    endloop
  endfacet
  facet normal -3.773724e-04 7.175072e-01 -6.965510e-01
    outer loop
      vertex   2.301629e+02 3.689237e+01 1.068876e+02
      vertex   2.331029e+02 3.679259e+01 1.067833e+02
      vertex   2.301629e+02 3.677683e+01 1.067686e+02
    endloop
  endfacet
  facet normal 3.693501e-04 6.427876e-01 -7.660444e-01
    outer loop
      vertex   2.301629e+02 3.677683e+01 1.067686e+02
      vertex   2.331029e+02 3.679259e+01 1.067833e+02
      vertex   2.331029e+02 3.666788e+01 1.066786e+02
    endloop
  endfacet
  facet normal -4.221131e-04 6.300878e-01 -7.765238e-01
    outer loop
      vertex   2.301629e+02 3.677683e+01 1.067686e+02
      vertex   2.331029e+02 3.666788e+01 1.066786e+02
      vertex   2.301629e+02 3.664803e+01 1.066641e+02
    endloop
  endfacet
  facet normal 4.129443e-04 5.495089e-01 -8.354877e-01
    outer loop
      vertex   2.301629e+02 3.664803e+01 1.066641e+02
      vertex   2.331029e+02 3.666788e+01 1.066786e+02
      vertex   2.331029e+02 3.653186e+01 1.065891e+02
    endloop
  endfacet
  facet normal -4.645607e-04 5.338233e-01 -8.455959e-01
    outer loop
      vertex   2.301629e+02 3.664803e+01 1.066641e+02
      vertex   2.331029e+02 3.653186e+01 1.065891e+02
      vertex   2.301629e+02 3.650776e+01 1.065755e+02
    endloop
  endfacet
  facet normal 4.542453e-04 4.487991e-01 -8.936325e-01
    outer loop
      vertex   2.301629e+02 3.650776e+01 1.065755e+02
      vertex   2.331029e+02 3.653186e+01 1.065891e+02
      vertex   2.331029e+02 3.638637e+01 1.065161e+02
    endloop
  endfacet
  facet normal -5.047150e-04 4.300651e-01 -9.027977e-01
    outer loop
      vertex   2.301629e+02 3.650776e+01 1.065755e+02
      vertex   2.331029e+02 3.638637e+01 1.065161e+02
      vertex   2.301629e+02 3.635801e+01 1.065042e+02
    endloop
  endfacet
  facet normal 4.932528e-04 3.420201e-01 -9.396925e-01
    outer loop
      vertex   2.301629e+02 3.635801e+01 1.065042e+02
      vertex   2.331029e+02 3.638637e+01 1.065161e+02
      vertex   2.331029e+02 3.623338e+01 1.064604e+02
    endloop
  endfacet
  facet normal -5.425758e-04 3.202698e-01 -9.473262e-01
    outer loop
      vertex   2.301629e+02 3.635801e+01 1.065042e+02
      vertex   2.331029e+02 3.623338e+01 1.064604e+02
      vertex   2.301629e+02 3.620088e+01 1.064511e+02
    endloop
  endfacet
  facet normal 5.299668e-04 2.306158e-01 -9.730447e-01
    outer loop
      vertex   2.301629e+02 3.620088e+01 1.064511e+02
      vertex   2.331029e+02 3.623338e+01 1.064604e+02
      vertex   2.331029e+02 3.607496e+01 1.064228e+02
    endloop
  endfacet
  facet normal -5.781429e-04 2.059786e-01 -9.785563e-01
    outer loop
      vertex   2.301629e+02 3.620088e+01 1.064511e+02
      vertex   2.331029e+02 3.607496e+01 1.064228e+02
      vertex   2.301629e+02 3.603856e+01 1.064169e+02
    endloop
  endfacet
  facet normal 5.643871e-04 1.160929e-01 -9.932382e-01
    outer loop
      vertex   2.301629e+02 3.603856e+01 1.064169e+02
      vertex   2.331029e+02 3.607496e+01 1.064228e+02
      vertex   2.331029e+02 3.591326e+01 1.064039e+02
    endloop
  endfacet
  facet normal -6.114162e-04 8.879588e-02 -9.960497e-01
    outer loop
      vertex   2.301629e+02 3.603856e+01 1.064169e+02
      vertex   2.331029e+02 3.591326e+01 1.064039e+02
      vertex   2.301629e+02 3.587334e+01 1.064022e+02
    endloop
  endfacet
  facet normal 5.965133e-04 0.000000e+00 -9.999998e-01
    outer loop
      vertex   2.301629e+02 3.587334e+01 1.064022e+02
      vertex   2.331029e+02 3.591326e+01 1.064039e+02
      vertex   2.331029e+02 3.575045e+01 1.064039e+02
    endloop
  endfacet
  facet normal -6.423955e-04 -2.963332e-02 -9.995606e-01
    outer loop
      vertex   2.301629e+02 3.587334e+01 1.064022e+02
      vertex   2.331029e+02 3.575045e+01 1.064039e+02
      vertex   2.301629e+02 3.570754e+01 1.064071e+02
    endloop
  endfacet
  facet normal 6.263455e-04 -1.160929e-01 -9.932382e-01
    outer loop
      vertex   2.301629e+02 3.570754e+01 1.064071e+02
      vertex   2.331029e+02 3.575045e+01 1.064039e+02
      vertex   2.331029e+02 3.558875e+01 1.064228e+02
    endloop
  endfacet
  facet normal -6.710806e-04 -1.476465e-01 -9.890400e-01
    outer loop
      vertex   2.301629e+02 3.570754e+01 1.064071e+02
      vertex   2.331029e+02 3.558875e+01 1.064228e+02
      vertex   2.301629e+02 3.554349e+01 1.064316e+02
    endloop
  endfacet
  facet normal 6.538835e-04 -2.306158e-01 -9.730447e-01
    outer loop
      vertex   2.301629e+02 3.554349e+01 1.064316e+02
      vertex   2.331029e+02 3.558875e+01 1.064228e+02
      vertex   2.331029e+02 3.543033e+01 1.064604e+02
    endloop
  endfacet
  facet normal -6.974714e-04 -2.635871e-01 -9.646353e-01
    outer loop
      vertex   2.301629e+02 3.554349e+01 1.064316e+02
      vertex   2.331029e+02 3.543033e+01 1.064604e+02
      vertex   2.301629e+02 3.538348e+01 1.064753e+02
    endloop
  endfacet
  facet normal 6.791271e-04 -3.420201e-01 -9.396924e-01
    outer loop
      vertex   2.301629e+02 3.538348e+01 1.064753e+02
      vertex   2.331029e+02 3.543033e+01 1.064604e+02
      vertex   2.331029e+02 3.527734e+01 1.065161e+02
    endloop
  endfacet
  facet normal -7.215677e-04 -3.758275e-01 -9.266894e-01
    outer loop
      vertex   2.301629e+02 3.538348e+01 1.064753e+02
      vertex   2.331029e+02 3.527734e+01 1.065161e+02
      vertex   2.301629e+02 3.522976e+01 1.065377e+02
    endloop
  endfacet
  facet normal 7.020762e-04 -4.487991e-01 -8.936324e-01
    outer loop
      vertex   2.301629e+02 3.522976e+01 1.065377e+02
      vertex   2.331029e+02 3.527734e+01 1.065161e+02
      vertex   2.331029e+02 3.513186e+01 1.065891e+02
    endloop
  endfacet
  facet normal -7.433696e-04 -4.827921e-01 -8.757347e-01
    outer loop
      vertex   2.301629e+02 3.522976e+01 1.065377e+02
      vertex   2.331029e+02 3.513186e+01 1.065891e+02
      vertex   2.301629e+02 3.508450e+01 1.066177e+02
    endloop
  endfacet
  facet normal 7.227307e-04 -5.495088e-01 -8.354876e-01
    outer loop
      vertex   2.301629e+02 3.508450e+01 1.066177e+02
      vertex   2.331029e+02 3.513186e+01 1.065891e+02
      vertex   2.331029e+02 3.499583e+01 1.066786e+02
    endloop
  endfacet
  facet normal -7.628767e-04 -5.829793e-01 -8.124866e-01
    outer loop
      vertex   2.301629e+02 3.508450e+01 1.066177e+02
      vertex   2.331029e+02 3.499583e+01 1.066786e+02
      vertex   2.301629e+02 3.494973e+01 1.067144e+02
    endloop
  endfacet
  facet normal 7.410905e-04 -6.427874e-01 -7.660442e-01
    outer loop
      vertex   2.301629e+02 3.494973e+01 1.067144e+02
      vertex   2.331029e+02 3.499583e+01 1.066786e+02
      vertex   2.331029e+02 3.487112e+01 1.067833e+02
    endloop
  endfacet
  facet normal -7.800892e-04 -6.749828e-01 -7.378331e-01
    outer loop
      vertex   2.301629e+02 3.494973e+01 1.067144e+02
      vertex   2.331029e+02 3.487112e+01 1.067833e+02
      vertex   2.301629e+02 3.482735e+01 1.068264e+02
    endloop
  endfacet
  facet normal 7.571556e-04 -7.273734e-01 -6.862414e-01
    outer loop
      vertex   2.301629e+02 3.482735e+01 1.068264e+02
      vertex   2.331029e+02 3.487112e+01 1.067833e+02
      vertex   2.331029e+02 3.475939e+01 1.069017e+02
    endloop
  endfacet
  facet normal -7.950068e-04 -7.575110e-01 -6.528219e-01
    outer loop
      vertex   2.301629e+02 3.482735e+01 1.068264e+02
      vertex   2.331029e+02 3.475939e+01 1.069017e+02
      vertex   2.301629e+02 3.471906e+01 1.069521e+02
    endloop
  endfacet
  facet normal 7.709258e-04 -8.021230e-01 -5.971584e-01
    outer loop
      vertex   2.301629e+02 3.471906e+01 1.069521e+02
      vertex   2.331029e+02 3.475939e+01 1.069017e+02
      vertex   2.331029e+02 3.466217e+01 1.070323e+02
    endloop
  endfacet
  facet normal -8.076295e-04 -8.294054e-01 -5.586466e-01
    outer loop
      vertex   2.301629e+02 3.471906e+01 1.069521e+02
      vertex   2.331029e+02 3.466217e+01 1.070323e+02
      vertex   2.301629e+02 3.462639e+01 1.070896e+02
    endloop
  endfacet
  facet normal 7.824010e-04 -8.660251e-01 -4.999998e-01
    outer loop
      vertex   2.301629e+02 3.462639e+01 1.070896e+02
      vertex   2.331029e+02 3.466217e+01 1.070323e+02
      vertex   2.331029e+02 3.458077e+01 1.071733e+02
    endloop
  endfacet
  facet normal -8.179573e-04 -8.896568e-01 -4.566291e-01
    outer loop
      vertex   2.301629e+02 3.462639e+01 1.070896e+02
      vertex   2.331029e+02 3.458077e+01 1.071733e+02
      vertex   2.301629e+02 3.455065e+01 1.072372e+02
    endloop
  endfacet
  facet normal 7.915813e-04 -9.182158e-01 -3.960796e-01
    outer loop
      vertex   2.301629e+02 3.455065e+01 1.072372e+02
      vertex   2.331029e+02 3.458077e+01 1.071733e+02
      vertex   2.331029e+02 3.451629e+01 1.073227e+02
    endloop
  endfacet
  facet normal -8.259900e-04 -9.374193e-01 -3.482015e-01
    outer loop
      vertex   2.301629e+02 3.455065e+01 1.072372e+02
      vertex   2.331029e+02 3.451629e+01 1.073227e+02
      vertex   2.301629e+02 3.449289e+01 1.073927e+02
    endloop
  endfacet
  facet normal 7.984665e-04 -9.579892e-01 -2.868031e-01
    outer loop
      vertex   2.301629e+02 3.449289e+01 1.073927e+02
      vertex   2.331029e+02 3.451629e+01 1.073227e+02
      vertex   2.331029e+02 3.446959e+01 1.074787e+02
    endloop
  endfacet
  facet normal -8.317277e-04 -9.720226e-01 -2.348860e-01
    outer loop
      vertex   2.301629e+02 3.449289e+01 1.073927e+02
      vertex   2.331029e+02 3.446959e+01 1.074787e+02
      vertex   2.301629e+02 3.445393e+01 1.075539e+02
    endloop
  endfacet
  facet normal 8.030567e-04 -9.848074e-01 -1.736481e-01
    outer loop
      vertex   2.301629e+02 3.445393e+01 1.075539e+02
      vertex   2.331029e+02 3.446959e+01 1.074787e+02
      vertex   2.331029e+02 3.444132e+01 1.076390e+02
    endloop
  endfacet
  facet normal -8.351704e-04 -9.929807e-01 -1.182731e-01
    outer loop
      vertex   2.301629e+02 3.445393e+01 1.075539e+02
      vertex   2.331029e+02 3.444132e+01 1.076390e+02
      vertex   2.301629e+02 3.443431e+01 1.077186e+02
    endloop
  endfacet
  facet normal 8.053518e-04 -9.983078e-01 -5.814481e-02
    outer loop
      vertex   2.301629e+02 3.443431e+01 1.077186e+02
      vertex   2.331029e+02 3.444132e+01 1.076390e+02
      vertex   2.331029e+02 3.443186e+01 1.078016e+02
    endloop
  endfacet
  facet normal -8.363179e-04 -9.999997e-01 4.283634e-14
    outer loop
      vertex   2.301629e+02 3.443431e+01 1.077186e+02
      vertex   2.331029e+02 3.443186e+01 1.078016e+02
      vertex   2.301629e+02 3.443431e+01 1.078845e+02
    endloop
  endfacet
  facet normal 8.053518e-04 -9.983078e-01 5.814481e-02
    outer loop
      vertex   2.301629e+02 3.443431e+01 1.078845e+02
      vertex   2.331029e+02 3.443186e+01 1.078016e+02
      vertex   2.331029e+02 3.444132e+01 1.079641e+02
    endloop
  endfacet
  facet normal -8.351704e-04 -9.929807e-01 1.182731e-01
    outer loop
      vertex   2.301629e+02 3.443431e+01 1.078845e+02
      vertex   2.331029e+02 3.444132e+01 1.079641e+02
      vertex   2.301629e+02 3.445393e+01 1.080492e+02
    endloop
  endfacet
  facet normal 8.030567e-04 -9.848074e-01 1.736481e-01
    outer loop
      vertex   2.301629e+02 3.445393e+01 1.080492e+02
      vertex   2.331029e+02 3.444132e+01 1.079641e+02
      vertex   2.331029e+02 3.446959e+01 1.081244e+02
    endloop
  endfacet
  facet normal -8.317277e-04 -9.720226e-01 2.348860e-01
    outer loop
      vertex   2.301629e+02 3.445393e+01 1.080492e+02
      vertex   2.331029e+02 3.446959e+01 1.081244e+02
      vertex   2.301629e+02 3.449289e+01 1.082105e+02
    endloop
  endfacet
  facet normal 7.984665e-04 -9.579892e-01 2.868031e-01
    outer loop
      vertex   2.301629e+02 3.449289e+01 1.082105e+02
      vertex   2.331029e+02 3.446959e+01 1.081244e+02
      vertex   2.331029e+02 3.451629e+01 1.082804e+02
    endloop
  endfacet
  facet normal -8.259900e-04 -9.374193e-01 3.482015e-01
    outer loop
      vertex   2.301629e+02 3.449289e+01 1.082105e+02
      vertex   2.331029e+02 3.451629e+01 1.082804e+02
      vertex   2.301629e+02 3.455065e+01 1.083659e+02
    endloop
  endfacet
  facet normal 7.915813e-04 -9.182158e-01 3.960796e-01
    outer loop
      vertex   2.301629e+02 3.455065e+01 1.083659e+02
      vertex   2.331029e+02 3.451629e+01 1.082804e+02
      vertex   2.331029e+02 3.458077e+01 1.084299e+02
    endloop
  endfacet
  facet normal -8.179573e-04 -8.896568e-01 4.566291e-01
    outer loop
      vertex   2.301629e+02 3.455065e+01 1.083659e+02
      vertex   2.331029e+02 3.458077e+01 1.084299e+02
      vertex   2.301629e+02 3.462639e+01 1.085135e+02
    endloop
  endfacet
  facet normal 7.824010e-04 -8.660251e-01 4.999998e-01
    outer loop
      vertex   2.301629e+02 3.462639e+01 1.085135e+02
      vertex   2.331029e+02 3.458077e+01 1.084299e+02
      vertex   2.331029e+02 3.466217e+01 1.085709e+02
    endloop
  endfacet
  facet normal -8.076295e-04 -8.294054e-01 5.586466e-01
    outer loop
      vertex   2.301629e+02 3.462639e+01 1.085135e+02
      vertex   2.331029e+02 3.466217e+01 1.085709e+02
      vertex   2.301629e+02 3.471906e+01 1.086511e+02
    endloop
  endfacet
  facet normal 7.709258e-04 -8.021230e-01 5.971584e-01
    outer loop
      vertex   2.301629e+02 3.471906e+01 1.086511e+02
      vertex   2.331029e+02 3.466217e+01 1.085709e+02
      vertex   2.331029e+02 3.475939e+01 1.087015e+02
    endloop
  endfacet
  facet normal -7.950068e-04 -7.575110e-01 6.528219e-01
    outer loop
      vertex   2.301629e+02 3.471906e+01 1.086511e+02
      vertex   2.331029e+02 3.475939e+01 1.087015e+02
      vertex   2.301629e+02 3.482735e+01 1.087767e+02
    endloop
  endfacet
  facet normal 7.571556e-04 -7.273734e-01 6.862414e-01
    outer loop
      vertex   2.301629e+02 3.482735e+01 1.087767e+02
      vertex   2.331029e+02 3.475939e+01 1.087015e+02
      vertex   2.331029e+02 3.487112e+01 1.088199e+02
    endloop
  endfacet
  facet normal -7.800892e-04 -6.749828e-01 7.378331e-01
    outer loop
      vertex   2.301629e+02 3.482735e+01 1.087767e+02
      vertex   2.331029e+02 3.487112e+01 1.088199e+02
      vertex   2.301629e+02 3.494973e+01 1.088887e+02
    endloop
  endfacet
  facet normal 7.410905e-04 -6.427874e-01 7.660442e-01
    outer loop
      vertex   2.301629e+02 3.494973e+01 1.088887e+02
      vertex   2.331029e+02 3.487112e+01 1.088199e+02
      vertex   2.331029e+02 3.499583e+01 1.089245e+02
    endloop
  endfacet
  facet normal -7.628767e-04 -5.829793e-01 8.124866e-01
    outer loop
      vertex   2.301629e+02 3.494973e+01 1.088887e+02
      vertex   2.331029e+02 3.499583e+01 1.089245e+02
      vertex   2.301629e+02 3.508450e+01 1.089854e+02
    endloop
  endfacet
  facet normal 7.227307e-04 -5.495088e-01 8.354876e-01
    outer loop
      vertex   2.301629e+02 3.508450e+01 1.089854e+02
      vertex   2.331029e+02 3.499583e+01 1.089245e+02
      vertex   2.331029e+02 3.513186e+01 1.090140e+02
    endloop
  endfacet
  facet normal -7.433696e-04 -4.827921e-01 8.757347e-01
    outer loop
      vertex   2.301629e+02 3.508450e+01 1.089854e+02
      vertex   2.331029e+02 3.513186e+01 1.090140e+02
      vertex   2.301629e+02 3.522976e+01 1.090655e+02
    endloop
  endfacet
  facet normal 7.020762e-04 -4.487991e-01 8.936324e-01
    outer loop
      vertex   2.301629e+02 3.522976e+01 1.090655e+02
      vertex   2.331029e+02 3.513186e+01 1.090140e+02
      vertex   2.331029e+02 3.527734e+01 1.090871e+02
    endloop
  endfacet
  facet normal -7.215677e-04 -3.758275e-01 9.266894e-01
    outer loop
      vertex   2.301629e+02 3.522976e+01 1.090655e+02
      vertex   2.331029e+02 3.527734e+01 1.090871e+02
      vertex   2.301629e+02 3.538348e+01 1.091278e+02
    endloop
  endfacet
  facet normal 6.791271e-04 -3.420201e-01 9.396924e-01
    outer loop
      vertex   2.301629e+02 3.538348e+01 1.091278e+02
      vertex   2.331029e+02 3.527734e+01 1.090871e+02
      vertex   2.331029e+02 3.543033e+01 1.091428e+02
    endloop
  endfacet
  facet normal -6.974714e-04 -2.635871e-01 9.646353e-01
    outer loop
      vertex   2.301629e+02 3.538348e+01 1.091278e+02
      vertex   2.331029e+02 3.543033e+01 1.091428e+02
      vertex   2.301629e+02 3.554349e+01 1.091716e+02
    endloop
  endfacet
  facet normal 6.538835e-04 -2.306158e-01 9.730447e-01
    outer loop
      vertex   2.301629e+02 3.554349e+01 1.091716e+02
      vertex   2.331029e+02 3.543033e+01 1.091428e+02
      vertex   2.331029e+02 3.558875e+01 1.091803e+02
    endloop
  endfacet
  facet normal -6.710806e-04 -1.476465e-01 9.890400e-01
    outer loop
      vertex   2.301629e+02 3.554349e+01 1.091716e+02
      vertex   2.331029e+02 3.558875e+01 1.091803e+02
      vertex   2.301629e+02 3.570754e+01 1.091960e+02
    endloop
  endfacet
  facet normal 6.263455e-04 -1.160929e-01 9.932382e-01
    outer loop
      vertex   2.301629e+02 3.570754e+01 1.091960e+02
      vertex   2.331029e+02 3.558875e+01 1.091803e+02
      vertex   2.331029e+02 3.575045e+01 1.091992e+02
    endloop
  endfacet
  facet normal -6.423955e-04 -2.963332e-02 9.995606e-01
    outer loop
      vertex   2.301629e+02 3.570754e+01 1.091960e+02
      vertex   2.331029e+02 3.575045e+01 1.091992e+02
      vertex   2.301629e+02 3.587334e+01 1.092010e+02
    endloop
  endfacet
  facet normal 5.965133e-04 0.000000e+00 9.999998e-01
    outer loop
      vertex   2.301629e+02 3.587334e+01 1.092010e+02
      vertex   2.331029e+02 3.575045e+01 1.091992e+02
      vertex   2.331029e+02 3.591326e+01 1.091992e+02
    endloop
  endfacet
  facet normal -6.114162e-04 8.879588e-02 9.960497e-01
    outer loop
      vertex   2.301629e+02 3.587334e+01 1.092010e+02
      vertex   2.331029e+02 3.591326e+01 1.091992e+02
      vertex   2.301629e+02 3.603856e+01 1.091862e+02
    endloop
  endfacet
  facet normal 5.643871e-04 1.160929e-01 9.932382e-01
    outer loop
      vertex   2.301629e+02 3.603856e+01 1.091862e+02
      vertex   2.331029e+02 3.591326e+01 1.091992e+02
      vertex   2.331029e+02 3.607496e+01 1.091803e+02
    endloop
  endfacet
  facet normal -5.781429e-04 2.059786e-01 9.785563e-01
    outer loop
      vertex   2.301629e+02 3.603856e+01 1.091862e+02
      vertex   2.331029e+02 3.607496e+01 1.091803e+02
      vertex   2.301629e+02 3.620088e+01 1.091521e+02
    endloop
  endfacet
  facet normal 5.299668e-04 2.306158e-01 9.730447e-01
    outer loop
      vertex   2.301629e+02 3.620088e+01 1.091521e+02
      vertex   2.331029e+02 3.607496e+01 1.091803e+02
      vertex   2.331029e+02 3.623338e+01 1.091428e+02
    endloop
  endfacet
  facet normal -5.425758e-04 3.202698e-01 9.473262e-01
    outer loop
      vertex   2.301629e+02 3.620088e+01 1.091521e+02
      vertex   2.331029e+02 3.623338e+01 1.091428e+02
      vertex   2.301629e+02 3.635801e+01 1.090989e+02
    endloop
  endfacet
  facet normal 4.932528e-04 3.420201e-01 9.396925e-01
    outer loop
      vertex   2.301629e+02 3.635801e+01 1.090989e+02
      vertex   2.331029e+02 3.623338e+01 1.091428e+02
      vertex   2.331029e+02 3.638637e+01 1.090871e+02
    endloop
  endfacet
  facet normal -5.047150e-04 4.300651e-01 9.027977e-01
    outer loop
      vertex   2.301629e+02 3.635801e+01 1.090989e+02
      vertex   2.331029e+02 3.638637e+01 1.090871e+02
      vertex   2.301629e+02 3.650776e+01 1.090276e+02
    endloop
  endfacet
  facet normal 4.542453e-04 4.487991e-01 8.936325e-01
    outer loop
      vertex   2.301629e+02 3.650776e+01 1.090276e+02
      vertex   2.331029e+02 3.638637e+01 1.090871e+02
      vertex   2.331029e+02 3.653186e+01 1.090140e+02
    endloop
  endfacet
  facet normal -4.645607e-04 5.338233e-01 8.455959e-01
    outer loop
      vertex   2.301629e+02 3.650776e+01 1.090276e+02
      vertex   2.331029e+02 3.653186e+01 1.090140e+02
      vertex   2.301629e+02 3.664803e+01 1.089391e+02
    endloop
  endfacet
  facet normal 4.129443e-04 5.495089e-01 8.354877e-01
    outer loop
      vertex   2.301629e+02 3.664803e+01 1.089391e+02
      vertex   2.331029e+02 3.653186e+01 1.090140e+02
      vertex   2.331029e+02 3.666788e+01 1.089245e+02
    endloop
  endfacet
  facet normal -4.221131e-04 6.300878e-01 7.765238e-01
    outer loop
      vertex   2.301629e+02 3.664803e+01 1.089391e+02
      vertex   2.331029e+02 3.666788e+01 1.089245e+02
      vertex   2.301629e+02 3.677683e+01 1.088345e+02
    endloop
  endfacet
  facet normal 3.693501e-04 6.427876e-01 7.660444e-01
    outer loop
      vertex   2.301629e+02 3.677683e+01 1.088345e+02
      vertex   2.331029e+02 3.666788e+01 1.089245e+02
      vertex   2.331029e+02 3.679259e+01 1.088199e+02
    endloop
  endfacet
  facet normal -3.773724e-04 7.175072e-01 6.965510e-01
    outer loop
      vertex   2.301629e+02 3.677683e+01 1.088345e+02
      vertex   2.331029e+02 3.679259e+01 1.088199e+02
      vertex   2.301629e+02 3.689237e+01 1.087155e+02
    endloop
  endfacet
  facet normal 3.234629e-04 7.273736e-01 6.862416e-01
    outer loop
      vertex   2.301629e+02 3.689237e+01 1.087155e+02
      vertex   2.331029e+02 3.679259e+01 1.088199e+02
      vertex   2.331029e+02 3.690432e+01 1.087015e+02
    endloop
  endfacet
  facet normal -3.303388e-04 7.948544e-01 6.068001e-01
    outer loop
      vertex   2.301629e+02 3.689237e+01 1.087155e+02
      vertex   2.331029e+02 3.690432e+01 1.087015e+02
      vertex   2.301629e+02 3.699302e+01 1.085837e+02
    endloop
  endfacet
  facet normal 2.752829e-04 8.021232e-01 5.971586e-01
    outer loop
      vertex   2.301629e+02 3.699302e+01 1.085837e+02
      vertex   2.331029e+02 3.690432e+01 1.087015e+02
      vertex   2.331029e+02 3.700154e+01 1.085709e+02
    endloop
  endfacet
  facet normal -2.810125e-04 8.610436e-01 5.085311e-01
    outer loop
      vertex   2.301629e+02 3.699302e+01 1.085837e+02
      vertex   2.331029e+02 3.700154e+01 1.085709e+02
      vertex   2.301629e+02 3.707738e+01 1.084409e+02
    endloop
  endfacet
  facet normal 2.248104e-04 8.660254e-01 5.000000e-01
    outer loop
      vertex   2.301629e+02 3.707738e+01 1.084409e+02
      vertex   2.331029e+02 3.700154e+01 1.085709e+02
      vertex   2.331029e+02 3.708294e+01 1.084299e+02
    endloop
  endfacet
  facet normal -2.293938e-04 9.151456e-01 4.031234e-01
    outer loop
      vertex   2.301629e+02 3.707738e+01 1.084409e+02
      vertex   2.331029e+02 3.708294e+01 1.084299e+02
      vertex   2.301629e+02 3.714424e+01 1.082891e+02
    endloop
  endfacet
  facet normal 1.720456e-04 9.182161e-01 3.960798e-01
    outer loop
      vertex   2.301629e+02 3.714424e+01 1.082891e+02
      vertex   2.331029e+02 3.708294e+01 1.084299e+02
      vertex   2.331029e+02 3.714743e+01 1.082804e+02
    endloop
  endfacet
  facet normal -1.754830e-04 9.564010e-01 2.920568e-01
    outer loop
      vertex   2.301629e+02 3.714424e+01 1.082891e+02
      vertex   2.331029e+02 3.714743e+01 1.082804e+02
      vertex   2.301629e+02 3.719269e+01 1.081304e+02
    endloop
  endfacet
  facet normal 1.169888e-04 9.579895e-01 2.868032e-01
    outer loop
      vertex   2.301629e+02 3.719269e+01 1.081304e+02
      vertex   2.331029e+02 3.714743e+01 1.082804e+02
      vertex   2.331029e+02 3.719412e+01 1.081244e+02
    endloop
  endfacet
  facet normal -1.192802e-04 9.842306e-01 1.768903e-01
    outer loop
      vertex   2.301629e+02 3.719269e+01 1.081304e+02
      vertex   2.331029e+02 3.719412e+01 1.081244e+02
      vertex   2.301629e+02 3.722203e+01 1.079672e+02
    endloop
  endfacet
  facet normal 5.964013e-05 9.848078e-01 1.736482e-01
    outer loop
      vertex   2.301629e+02 3.722203e+01 1.079672e+02
      vertex   2.331029e+02 3.719412e+01 1.081244e+02
      vertex   2.331029e+02 3.722239e+01 1.079641e+02
    endloop
  endfacet
  facet normal -6.078577e-05 9.982437e-01 5.924063e-02
    outer loop
      vertex   2.301629e+02 3.722203e+01 1.079672e+02
      vertex   2.331029e+02 3.722239e+01 1.079641e+02
      vertex   2.301629e+02 3.723186e+01 1.078016e+02
    endloop
  endfacet
  facet normal 0.000000e+00 9.982437e-01 -5.924063e-02
    outer loop
      vertex   2.213429e+02 3.723186e+01 1.078016e+02
      vertex   2.242829e+02 3.723186e+01 1.078016e+02
      vertex   2.213429e+02 3.722203e+01 1.076360e+02
    endloop
  endfacet
  facet normal 0.000000e+00 9.982437e-01 -5.924063e-02
    outer loop
      vertex   2.213429e+02 3.722203e+01 1.076360e+02
      vertex   2.242829e+02 3.723186e+01 1.078016e+02
      vertex   2.242829e+02 3.722203e+01 1.076360e+02
    endloop
  endfacet
  facet normal 0.000000e+00 9.842306e-01 -1.768903e-01
    outer loop
      vertex   2.213429e+02 3.722203e+01 1.076360e+02
      vertex   2.242829e+02 3.722203e+01 1.076360e+02
      vertex   2.213429e+02 3.719269e+01 1.074727e+02
    endloop
  endfacet
  facet normal 0.000000e+00 9.842306e-01 -1.768903e-01
    outer loop
      vertex   2.213429e+02 3.719269e+01 1.074727e+02
      vertex   2.242829e+02 3.722203e+01 1.076360e+02
      vertex   2.242829e+02 3.719269e+01 1.074727e+02
    endloop
  endfacet
  facet normal 0.000000e+00 9.564010e-01 -2.920568e-01
    outer loop
      vertex   2.213429e+02 3.719269e+01 1.074727e+02
      vertex   2.242829e+02 3.719269e+01 1.074727e+02
      vertex   2.213429e+02 3.714424e+01 1.073141e+02
    endloop
  endfacet
  facet normal 0.000000e+00 9.564010e-01 -2.920568e-01
    outer loop
      vertex   2.213429e+02 3.714424e+01 1.073141e+02
      vertex   2.242829e+02 3.719269e+01 1.074727e+02
      vertex   2.242829e+02 3.714424e+01 1.073141e+02
    endloop
  endfacet
  facet normal 0.000000e+00 9.151456e-01 -4.031234e-01
    outer loop
      vertex   2.213429e+02 3.714424e+01 1.073141e+02
      vertex   2.242829e+02 3.714424e+01 1.073141e+02
      vertex   2.213429e+02 3.707738e+01 1.071623e+02
    endloop
  endfacet
  facet normal 0.000000e+00 9.151456e-01 -4.031234e-01
    outer loop
      vertex   2.213429e+02 3.707738e+01 1.071623e+02
      vertex   2.242829e+02 3.714424e+01 1.073141e+02
      vertex   2.242829e+02 3.707738e+01 1.071623e+02
    endloop
  endfacet
  facet normal 0.000000e+00 8.610436e-01 -5.085311e-01
    outer loop
      vertex   2.213429e+02 3.707738e+01 1.071623e+02
      vertex   2.242829e+02 3.707738e+01 1.071623e+02
      vertex   2.213429e+02 3.699302e+01 1.070195e+02
    endloop
  endfacet
  facet normal 0.000000e+00 8.610436e-01 -5.085311e-01
    outer loop
      vertex   2.213429e+02 3.699302e+01 1.070195e+02
      vertex   2.242829e+02 3.707738e+01 1.071623e+02
      vertex   2.242829e+02 3.699302e+01 1.070195e+02
    endloop
  endfacet
  facet normal 0.000000e+00 7.948544e-01 -6.068001e-01
    outer loop
      vertex   2.213429e+02 3.699302e+01 1.070195e+02
      vertex   2.242829e+02 3.699302e+01 1.070195e+02
      vertex   2.213429e+02 3.689237e+01 1.068876e+02
    endloop
  endfacet
  facet normal 0.000000e+00 7.948544e-01 -6.068001e-01
    outer loop
      vertex   2.213429e+02 3.689237e+01 1.068876e+02
      vertex   2.242829e+02 3.699302e+01 1.070195e+02
      vertex   2.242829e+02 3.689237e+01 1.068876e+02
    endloop
  endfacet
  facet normal 0.000000e+00 7.175073e-01 -6.965510e-01
    outer loop
      vertex   2.213429e+02 3.689237e+01 1.068876e+02
      vertex   2.242829e+02 3.689237e+01 1.068876e+02
      vertex   2.213429e+02 3.677683e+01 1.067686e+02
    endloop
  endfacet
  facet normal 0.000000e+00 7.175073e-01 -6.965510e-01
    outer loop
      vertex   2.213429e+02 3.677683e+01 1.067686e+02
      vertex   2.242829e+02 3.689237e+01 1.068876e+02
      vertex   2.242829e+02 3.677683e+01 1.067686e+02
    endloop
  endfacet
  facet normal 0.000000e+00 6.300878e-01 -7.765239e-01
    outer loop
      vertex   2.213429e+02 3.677683e+01 1.067686e+02
      vertex   2.242829e+02 3.677683e+01 1.067686e+02
      vertex   2.213429e+02 3.664803e+01 1.066641e+02
    endloop
  endfacet
  facet normal 0.000000e+00 6.300878e-01 -7.765239e-01
    outer loop
      vertex   2.213429e+02 3.664803e+01 1.066641e+02
      vertex   2.242829e+02 3.677683e+01 1.067686e+02
      vertex   2.242829e+02 3.664803e+01 1.066641e+02
    endloop
  endfacet
  facet normal 0.000000e+00 5.338234e-01 -8.455960e-01
    outer loop
      vertex   2.213429e+02 3.664803e+01 1.066641e+02
      vertex   2.242829e+02 3.664803e+01 1.066641e+02
      vertex   2.213429e+02 3.650776e+01 1.065755e+02
    endloop
  endfacet
  facet normal 0.000000e+00 5.338234e-01 -8.455960e-01
    outer loop
      vertex   2.213429e+02 3.650776e+01 1.065755e+02
      vertex   2.242829e+02 3.664803e+01 1.066641e+02
      vertex   2.242829e+02 3.650776e+01 1.065755e+02
    endloop
  endfacet
  facet normal 0.000000e+00 4.300652e-01 -9.027978e-01
    outer loop
      vertex   2.213429e+02 3.650776e+01 1.065755e+02
      vertex   2.242829e+02 3.650776e+01 1.065755e+02
      vertex   2.213429e+02 3.635801e+01 1.065042e+02
    endloop
  endfacet
  facet normal 0.000000e+00 4.300652e-01 -9.027978e-01
    outer loop
      vertex   2.213429e+02 3.635801e+01 1.065042e+02
      vertex   2.242829e+02 3.650776e+01 1.065755e+02
      vertex   2.242829e+02 3.635801e+01 1.065042e+02
    endloop
  endfacet
  facet normal 0.000000e+00 3.202699e-01 -9.473264e-01
    outer loop
      vertex   2.213429e+02 3.635801e+01 1.065042e+02
      vertex   2.242829e+02 3.635801e+01 1.065042e+02
      vertex   2.213429e+02 3.620088e+01 1.064511e+02
    endloop
  endfacet
  facet normal 0.000000e+00 3.202699e-01 -9.473264e-01
    outer loop
      vertex   2.213429e+02 3.620088e+01 1.064511e+02
      vertex   2.242829e+02 3.635801e+01 1.065042e+02
      vertex   2.242829e+02 3.620088e+01 1.064511e+02
    endloop
  endfacet
  facet normal 0.000000e+00 2.059786e-01 -9.785565e-01
    outer loop
      vertex   2.213429e+02 3.620088e+01 1.064511e+02
      vertex   2.242829e+02 3.620088e+01 1.064511e+02
      vertex   2.213429e+02 3.603856e+01 1.064169e+02
    endloop
  endfacet
  facet normal 0.000000e+00 2.059786e-01 -9.785565e-01
    outer loop
      vertex   2.213429e+02 3.603856e+01 1.064169e+02
      vertex   2.242829e+02 3.620088e+01 1.064511e+02
      vertex   2.242829e+02 3.603856e+01 1.064169e+02
    endloop
  endfacet
  facet normal 0.000000e+00 8.879590e-02 -9.960498e-01
    outer loop
      vertex   2.213429e+02 3.603856e+01 1.064169e+02
      vertex   2.242829e+02 3.603856e+01 1.064169e+02
      vertex   2.213429e+02 3.587334e+01 1.064022e+02
    endloop
  endfacet
  facet normal 0.000000e+00 8.879590e-02 -9.960498e-01
    outer loop
      vertex   2.213429e+02 3.587334e+01 1.064022e+02
      vertex   2.242829e+02 3.603856e+01 1.064169e+02
      vertex   2.242829e+02 3.587334e+01 1.064022e+02
    endloop
  endfacet
  facet normal 0.000000e+00 -2.963333e-02 -9.995608e-01
    outer loop
      vertex   2.213429e+02 3.587334e+01 1.064022e+02
      vertex   2.242829e+02 3.587334e+01 1.064022e+02
      vertex   2.213429e+02 3.570754e+01 1.064071e+02
    endloop
  endfacet
  facet normal 0.000000e+00 -2.963333e-02 -9.995608e-01
    outer loop
      vertex   2.213429e+02 3.570754e+01 1.064071e+02
      vertex   2.242829e+02 3.587334e+01 1.064022e+02
      vertex   2.242829e+02 3.570754e+01 1.064071e+02
    endloop
  endfacet
  facet normal 0.000000e+00 -1.476466e-01 -9.890402e-01
    outer loop
      vertex   2.213429e+02 3.570754e+01 1.064071e+02
      vertex   2.242829e+02 3.570754e+01 1.064071e+02
      vertex   2.213429e+02 3.554349e+01 1.064316e+02
    endloop
  endfacet
  facet normal 0.000000e+00 -1.476466e-01 -9.890402e-01
    outer loop
      vertex   2.213429e+02 3.554349e+01 1.064316e+02
      vertex   2.242829e+02 3.570754e+01 1.064071e+02
      vertex   2.242829e+02 3.554349e+01 1.064316e+02
    endloop
  endfacet
  facet normal 0.000000e+00 -2.635872e-01 -9.646356e-01
    outer loop
      vertex   2.213429e+02 3.554349e+01 1.064316e+02
      vertex   2.242829e+02 3.554349e+01 1.064316e+02
      vertex   2.213429e+02 3.538348e+01 1.064753e+02
    endloop
  endfacet
  facet normal 0.000000e+00 -2.635872e-01 -9.646356e-01
    outer loop
      vertex   2.213429e+02 3.538348e+01 1.064753e+02
      vertex   2.242829e+02 3.554349e+01 1.064316e+02
      vertex   2.242829e+02 3.538348e+01 1.064753e+02
    endloop
  endfacet
  facet normal 0.000000e+00 -3.758276e-01 -9.266896e-01
    outer loop
      vertex   2.213429e+02 3.538348e+01 1.064753e+02
      vertex   2.242829e+02 3.538348e+01 1.064753e+02
      vertex   2.213429e+02 3.522976e+01 1.065377e+02
    endloop
  endfacet
  facet normal 0.000000e+00 -3.758276e-01 -9.266896e-01
    outer loop
      vertex   2.213429e+02 3.522976e+01 1.065377e+02
      vertex   2.242829e+02 3.538348e+01 1.064753e+02
      vertex   2.242829e+02 3.522976e+01 1.065377e+02
    endloop
  endfacet
  facet normal 0.000000e+00 -4.827922e-01 -8.757349e-01
    outer loop
      vertex   2.213429e+02 3.522976e+01 1.065377e+02
      vertex   2.242829e+02 3.522976e+01 1.065377e+02
      vertex   2.213429e+02 3.508450e+01 1.066177e+02
    endloop
  endfacet
  facet normal 0.000000e+00 -4.827922e-01 -8.757349e-01
    outer loop
      vertex   2.213429e+02 3.508450e+01 1.066177e+02
      vertex   2.242829e+02 3.522976e+01 1.065377e+02
      vertex   2.242829e+02 3.508450e+01 1.066177e+02
    endloop
  endfacet
  facet normal 0.000000e+00 -5.829795e-01 -8.124869e-01
    outer loop
      vertex   2.213429e+02 3.508450e+01 1.066177e+02
      vertex   2.242829e+02 3.508450e+01 1.066177e+02
      vertex   2.213429e+02 3.494973e+01 1.067144e+02
    endloop
  endfacet
  facet normal 0.000000e+00 -5.829795e-01 -8.124869e-01
    outer loop
      vertex   2.213429e+02 3.494973e+01 1.067144e+02
      vertex   2.242829e+02 3.508450e+01 1.066177e+02
      vertex   2.242829e+02 3.494973e+01 1.067144e+02
    endloop
  endfacet
  facet normal 0.000000e+00 -6.749830e-01 -7.378333e-01
    outer loop
      vertex   2.213429e+02 3.494973e+01 1.067144e+02
      vertex   2.242829e+02 3.494973e+01 1.067144e+02
      vertex   2.213429e+02 3.482735e+01 1.068264e+02
    endloop
  endfacet
  facet normal 0.000000e+00 -6.749830e-01 -7.378333e-01
    outer loop
      vertex   2.213429e+02 3.482735e+01 1.068264e+02
      vertex   2.242829e+02 3.494973e+01 1.067144e+02
      vertex   2.242829e+02 3.482735e+01 1.068264e+02
    endloop
  endfacet
  facet normal 0.000000e+00 -7.575112e-01 -6.528221e-01
    outer loop
      vertex   2.213429e+02 3.482735e+01 1.068264e+02
      vertex   2.242829e+02 3.482735e+01 1.068264e+02
      vertex   2.213429e+02 3.471906e+01 1.069521e+02
    endloop
  endfacet
  facet normal 0.000000e+00 -7.575112e-01 -6.528221e-01
    outer loop
      vertex   2.213429e+02 3.471906e+01 1.069521e+02
      vertex   2.242829e+02 3.482735e+01 1.068264e+02
      vertex   2.242829e+02 3.471906e+01 1.069521e+02
    endloop
  endfacet
  facet normal 0.000000e+00 -8.294057e-01 -5.586468e-01
    outer loop
      vertex   2.213429e+02 3.471906e+01 1.069521e+02
      vertex   2.242829e+02 3.471906e+01 1.069521e+02
      vertex   2.213429e+02 3.462639e+01 1.070896e+02
    endloop
  endfacet
  facet normal 0.000000e+00 -8.294057e-01 -5.586468e-01
    outer loop
      vertex   2.213429e+02 3.462639e+01 1.070896e+02
      vertex   2.242829e+02 3.471906e+01 1.069521e+02
      vertex   2.242829e+02 3.462639e+01 1.070896e+02
    endloop
  endfacet
  facet normal 0.000000e+00 -8.896571e-01 -4.566292e-01
    outer loop
      vertex   2.213429e+02 3.462639e+01 1.070896e+02
      vertex   2.242829e+02 3.462639e+01 1.070896e+02
      vertex   2.213429e+02 3.455065e+01 1.072372e+02
    endloop
  endfacet
  facet normal 0.000000e+00 -8.896571e-01 -4.566292e-01
    outer loop
      vertex   2.213429e+02 3.455065e+01 1.072372e+02
      vertex   2.242829e+02 3.462639e+01 1.070896e+02
      vertex   2.242829e+02 3.455065e+01 1.072372e+02
    endloop
  endfacet
  facet normal 0.000000e+00 -9.374197e-01 -3.482016e-01
    outer loop
      vertex   2.213429e+02 3.455065e+01 1.072372e+02
      vertex   2.242829e+02 3.455065e+01 1.072372e+02
      vertex   2.213429e+02 3.449289e+01 1.073927e+02
    endloop
  endfacet
  facet normal 0.000000e+00 -9.374197e-01 -3.482016e-01
    outer loop
      vertex   2.213429e+02 3.449289e+01 1.073927e+02
      vertex   2.242829e+02 3.455065e+01 1.072372e+02
      vertex   2.242829e+02 3.449289e+01 1.073927e+02
    endloop
  endfacet
  facet normal 0.000000e+00 -9.720229e-01 -2.348860e-01
    outer loop
      vertex   2.213429e+02 3.449289e+01 1.073927e+02
      vertex   2.242829e+02 3.449289e+01 1.073927e+02
      vertex   2.213429e+02 3.445393e+01 1.075539e+02
    endloop
  endfacet
  facet normal 0.000000e+00 -9.720229e-01 -2.348860e-01
    outer loop
      vertex   2.213429e+02 3.445393e+01 1.075539e+02
      vertex   2.242829e+02 3.449289e+01 1.073927e+02
      vertex   2.242829e+02 3.445393e+01 1.075539e+02
    endloop
  endfacet
  facet normal 0.000000e+00 -9.929811e-01 -1.182732e-01
    outer loop
      vertex   2.213429e+02 3.445393e+01 1.075539e+02
      vertex   2.242829e+02 3.445393e+01 1.075539e+02
      vertex   2.213429e+02 3.443431e+01 1.077186e+02
    endloop
  endfacet
  facet normal 0.000000e+00 -9.929811e-01 -1.182732e-01
    outer loop
      vertex   2.213429e+02 3.443431e+01 1.077186e+02
      vertex   2.242829e+02 3.445393e+01 1.075539e+02
      vertex   2.242829e+02 3.443431e+01 1.077186e+02
    endloop
  endfacet
  facet normal 0.000000e+00 -1.000000e+00 4.283636e-14
    outer loop
      vertex   2.213429e+02 3.443431e+01 1.077186e+02
      vertex   2.242829e+02 3.443431e+01 1.077186e+02
      vertex   2.213429e+02 3.443431e+01 1.078845e+02
    endloop
  endfacet
  facet normal 0.000000e+00 -1.000000e+00 4.283636e-14
    outer loop
      vertex   2.213429e+02 3.443431e+01 1.078845e+02
      vertex   2.242829e+02 3.443431e+01 1.077186e+02
      vertex   2.242829e+02 3.443431e+01 1.078845e+02
    endloop
  endfacet
  facet normal 0.000000e+00 -9.929811e-01 1.182732e-01
    outer loop
      vertex   2.213429e+02 3.443431e+01 1.078845e+02
      vertex   2.242829e+02 3.443431e+01 1.078845e+02
      vertex   2.213429e+02 3.445393e+01 1.080492e+02
    endloop
  endfacet
  facet normal 0.000000e+00 -9.929811e-01 1.182732e-01
    outer loop
      vertex   2.213429e+02 3.445393e+01 1.080492e+02
      vertex   2.242829e+02 3.443431e+01 1.078845e+02
      vertex   2.242829e+02 3.445393e+01 1.080492e+02
    endloop
  endfacet
  facet normal 0.000000e+00 -9.720229e-01 2.348860e-01
    outer loop
      vertex   2.213429e+02 3.445393e+01 1.080492e+02
      vertex   2.242829e+02 3.445393e+01 1.080492e+02
      vertex   2.213429e+02 3.449289e+01 1.082105e+02
    endloop
  endfacet
  facet normal 0.000000e+00 -9.720229e-01 2.348860e-01
    outer loop
      vertex   2.213429e+02 3.449289e+01 1.082105e+02
      vertex   2.242829e+02 3.445393e+01 1.080492e+02
      vertex   2.242829e+02 3.449289e+01 1.082105e+02
    endloop
  endfacet
  facet normal 0.000000e+00 -9.374197e-01 3.482016e-01
    outer loop
      vertex   2.213429e+02 3.449289e+01 1.082105e+02
      vertex   2.242829e+02 3.449289e+01 1.082105e+02
      vertex   2.213429e+02 3.455065e+01 1.083659e+02
    endloop
  endfacet
  facet normal 0.000000e+00 -9.374197e-01 3.482016e-01
    outer loop
      vertex   2.213429e+02 3.455065e+01 1.083659e+02
      vertex   2.242829e+02 3.449289e+01 1.082105e+02
      vertex   2.242829e+02 3.455065e+01 1.083659e+02
    endloop
  endfacet
  facet normal 0.000000e+00 -8.896571e-01 4.566292e-01
    outer loop
      vertex   2.213429e+02 3.455065e+01 1.083659e+02
      vertex   2.242829e+02 3.455065e+01 1.083659e+02
      vertex   2.213429e+02 3.462639e+01 1.085135e+02
    endloop
  endfacet
  facet normal 0.000000e+00 -8.896571e-01 4.566292e-01
    outer loop
      vertex   2.213429e+02 3.462639e+01 1.085135e+02
      vertex   2.242829e+02 3.455065e+01 1.083659e+02
      vertex   2.242829e+02 3.462639e+01 1.085135e+02
    endloop
  endfacet
  facet normal 0.000000e+00 -8.294057e-01 5.586468e-01
    outer loop
      vertex   2.213429e+02 3.462639e+01 1.085135e+02
      vertex   2.242829e+02 3.462639e+01 1.085135e+02
      vertex   2.213429e+02 3.471906e+01 1.086511e+02
    endloop
  endfacet
  facet normal 0.000000e+00 -8.294057e-01 5.586468e-01
    outer loop
      vertex   2.213429e+02 3.471906e+01 1.086511e+02
      vertex   2.242829e+02 3.462639e+01 1.085135e+02
      vertex   2.242829e+02 3.471906e+01 1.086511e+02
    endloop
  endfacet
  facet normal 0.000000e+00 -7.575112e-01 6.528221e-01
    outer loop
      vertex   2.213429e+02 3.471906e+01 1.086511e+02
      vertex   2.242829e+02 3.471906e+01 1.086511e+02
      vertex   2.213429e+02 3.482735e+01 1.087767e+02
    endloop
  endfacet
  facet normal 0.000000e+00 -7.575112e-01 6.528221e-01
    outer loop
      vertex   2.213429e+02 3.482735e+01 1.087767e+02
      vertex   2.242829e+02 3.471906e+01 1.086511e+02
      vertex   2.242829e+02 3.482735e+01 1.087767e+02
    endloop
  endfacet
  facet normal 0.000000e+00 -6.749830e-01 7.378333e-01
    outer loop
      vertex   2.213429e+02 3.482735e+01 1.087767e+02
      vertex   2.242829e+02 3.482735e+01 1.087767e+02
      vertex   2.213429e+02 3.494973e+01 1.088887e+02
    endloop
  endfacet
  facet normal 0.000000e+00 -6.749830e-01 7.378333e-01
    outer loop
      vertex   2.213429e+02 3.494973e+01 1.088887e+02
      vertex   2.242829e+02 3.482735e+01 1.087767e+02
      vertex   2.242829e+02 3.494973e+01 1.088887e+02
    endloop
  endfacet
  facet normal 0.000000e+00 -5.829795e-01 8.124869e-01
    outer loop
      vertex   2.213429e+02 3.494973e+01 1.088887e+02
      vertex   2.242829e+02 3.494973e+01 1.088887e+02
      vertex   2.213429e+02 3.508450e+01 1.089854e+02
    endloop
  endfacet
  facet normal 0.000000e+00 -5.829795e-01 8.124869e-01
    outer loop
      vertex   2.213429e+02 3.508450e+01 1.089854e+02
      vertex   2.242829e+02 3.494973e+01 1.088887e+02
      vertex   2.242829e+02 3.508450e+01 1.089854e+02
    endloop
  endfacet
  facet normal 0.000000e+00 -4.827922e-01 8.757349e-01
    outer loop
      vertex   2.213429e+02 3.508450e+01 1.089854e+02
      vertex   2.242829e+02 3.508450e+01 1.089854e+02
      vertex   2.213429e+02 3.522976e+01 1.090655e+02
    endloop
  endfacet
  facet normal 0.000000e+00 -4.827922e-01 8.757349e-01
    outer loop
      vertex   2.213429e+02 3.522976e+01 1.090655e+02
      vertex   2.242829e+02 3.508450e+01 1.089854e+02
      vertex   2.242829e+02 3.522976e+01 1.090655e+02
    endloop
  endfacet
  facet normal 0.000000e+00 -3.758276e-01 9.266896e-01
    outer loop
      vertex   2.213429e+02 3.522976e+01 1.090655e+02
      vertex   2.242829e+02 3.522976e+01 1.090655e+02
      vertex   2.213429e+02 3.538348e+01 1.091278e+02
    endloop
  endfacet
  facet normal 0.000000e+00 -3.758276e-01 9.266896e-01
    outer loop
      vertex   2.213429e+02 3.538348e+01 1.091278e+02
      vertex   2.242829e+02 3.522976e+01 1.090655e+02
      vertex   2.242829e+02 3.538348e+01 1.091278e+02
    endloop
  endfacet
  facet normal 0.000000e+00 -2.635872e-01 9.646356e-01
    outer loop
      vertex   2.213429e+02 3.538348e+01 1.091278e+02
      vertex   2.242829e+02 3.538348e+01 1.091278e+02
      vertex   2.213429e+02 3.554349e+01 1.091716e+02
    endloop
  endfacet
  facet normal 0.000000e+00 -2.635872e-01 9.646356e-01
    outer loop
      vertex   2.213429e+02 3.554349e+01 1.091716e+02
      vertex   2.242829e+02 3.538348e+01 1.091278e+02
      vertex   2.242829e+02 3.554349e+01 1.091716e+02
    endloop
  endfacet
  facet normal 0.000000e+00 -1.476466e-01 9.890402e-01
    outer loop
      vertex   2.213429e+02 3.554349e+01 1.091716e+02
      vertex   2.242829e+02 3.554349e+01 1.091716e+02
      vertex   2.213429e+02 3.570754e+01 1.091960e+02
    endloop
  endfacet
  facet normal 0.000000e+00 -1.476466e-01 9.890402e-01
    outer loop
      vertex   2.213429e+02 3.570754e+01 1.091960e+02
      vertex   2.242829e+02 3.554349e+01 1.091716e+02
      vertex   2.242829e+02 3.570754e+01 1.091960e+02
    endloop
  endfacet
  facet normal 0.000000e+00 -2.963333e-02 9.995608e-01
    outer loop
      vertex   2.213429e+02 3.570754e+01 1.091960e+02
      vertex   2.242829e+02 3.570754e+01 1.091960e+02
      vertex   2.213429e+02 3.587334e+01 1.092010e+02
    endloop
  endfacet
  facet normal 0.000000e+00 -2.963333e-02 9.995608e-01
    outer loop
      vertex   2.213429e+02 3.587334e+01 1.092010e+02
      vertex   2.242829e+02 3.570754e+01 1.091960e+02
      vertex   2.242829e+02 3.587334e+01 1.092010e+02
    endloop
  endfacet
  facet normal -0.000000e+00 8.879590e-02 9.960498e-01
    outer loop
      vertex   2.213429e+02 3.587334e+01 1.092010e+02
      vertex   2.242829e+02 3.587334e+01 1.092010e+02
      vertex   2.213429e+02 3.603856e+01 1.091862e+02
    endloop
  endfacet
  facet normal -0.000000e+00 8.879590e-02 9.960498e-01
    outer loop
      vertex   2.213429e+02 3.603856e+01 1.091862e+02
      vertex   2.242829e+02 3.587334e+01 1.092010e+02
      vertex   2.242829e+02 3.603856e+01 1.091862e+02
    endloop
  endfacet
  facet normal -0.000000e+00 2.059786e-01 9.785565e-01
    outer loop
      vertex   2.213429e+02 3.603856e+01 1.091862e+02
      vertex   2.242829e+02 3.603856e+01 1.091862e+02
      vertex   2.213429e+02 3.620088e+01 1.091521e+02
    endloop
  endfacet
  facet normal -0.000000e+00 2.059786e-01 9.785565e-01
    outer loop
      vertex   2.213429e+02 3.620088e+01 1.091521e+02
      vertex   2.242829e+02 3.603856e+01 1.091862e+02
      vertex   2.242829e+02 3.620088e+01 1.091521e+02
    endloop
  endfacet
  facet normal -0.000000e+00 3.202699e-01 9.473264e-01
    outer loop
      vertex   2.213429e+02 3.620088e+01 1.091521e+02
      vertex   2.242829e+02 3.620088e+01 1.091521e+02
      vertex   2.213429e+02 3.635801e+01 1.090989e+02
    endloop
  endfacet
  facet normal -0.000000e+00 3.202699e-01 9.473264e-01
    outer loop
      vertex   2.213429e+02 3.635801e+01 1.090989e+02
      vertex   2.242829e+02 3.620088e+01 1.091521e+02
      vertex   2.242829e+02 3.635801e+01 1.090989e+02
    endloop
  endfacet
  facet normal -0.000000e+00 4.300652e-01 9.027978e-01
    outer loop
      vertex   2.213429e+02 3.635801e+01 1.090989e+02
      vertex   2.242829e+02 3.635801e+01 1.090989e+02
      vertex   2.213429e+02 3.650776e+01 1.090276e+02
    endloop
  endfacet
  facet normal -0.000000e+00 4.300652e-01 9.027978e-01
    outer loop
      vertex   2.213429e+02 3.650776e+01 1.090276e+02
      vertex   2.242829e+02 3.635801e+01 1.090989e+02
      vertex   2.242829e+02 3.650776e+01 1.090276e+02
    endloop
  endfacet
  facet normal -0.000000e+00 5.338234e-01 8.455960e-01
    outer loop
      vertex   2.213429e+02 3.650776e+01 1.090276e+02
      vertex   2.242829e+02 3.650776e+01 1.090276e+02
      vertex   2.213429e+02 3.664803e+01 1.089391e+02
    endloop
  endfacet
  facet normal -0.000000e+00 5.338234e-01 8.455960e-01
    outer loop
      vertex   2.213429e+02 3.664803e+01 1.089391e+02
      vertex   2.242829e+02 3.650776e+01 1.090276e+02
      vertex   2.242829e+02 3.664803e+01 1.089391e+02
    endloop
  endfacet
  facet normal -0.000000e+00 6.300878e-01 7.765239e-01
    outer loop
      vertex   2.213429e+02 3.664803e+01 1.089391e+02
      vertex   2.242829e+02 3.664803e+01 1.089391e+02
      vertex   2.213429e+02 3.677683e+01 1.088345e+02
    endloop
  endfacet
  facet normal -0.000000e+00 6.300878e-01 7.765239e-01
    outer loop
      vertex   2.213429e+02 3.677683e+01 1.088345e+02
      vertex   2.242829e+02 3.664803e+01 1.089391e+02
      vertex   2.242829e+02 3.677683e+01 1.088345e+02
    endloop
  endfacet
  facet normal -0.000000e+00 7.175073e-01 6.965510e-01
    outer loop
      vertex   2.213429e+02 3.677683e+01 1.088345e+02
      vertex   2.242829e+02 3.677683e+01 1.088345e+02
      vertex   2.213429e+02 3.689237e+01 1.087155e+02
    endloop
  endfacet
  facet normal -0.000000e+00 7.175073e-01 6.965510e-01
    outer loop
      vertex   2.213429e+02 3.689237e+01 1.087155e+02
      vertex   2.242829e+02 3.677683e+01 1.088345e+02
      vertex   2.242829e+02 3.689237e+01 1.087155e+02
    endloop
  endfacet
  facet normal -0.000000e+00 7.948544e-01 6.068001e-01
    outer loop
      vertex   2.213429e+02 3.689237e+01 1.087155e+02
      vertex   2.242829e+02 3.689237e+01 1.087155e+02
      vertex   2.213429e+02 3.699302e+01 1.085837e+02
    endloop
  endfacet
  facet normal -0.000000e+00 7.948544e-01 6.068001e-01
    outer loop
      vertex   2.213429e+02 3.699302e+01 1.085837e+02
      vertex   2.242829e+02 3.689237e+01 1.087155e+02
      vertex   2.242829e+02 3.699302e+01 1.085837e+02
    endloop
  endfacet
  facet normal -0.000000e+00 8.610436e-01 5.085311e-01
    outer loop
      vertex   2.213429e+02 3.699302e+01 1.085837e+02
      vertex   2.242829e+02 3.699302e+01 1.085837e+02
      vertex   2.213429e+02 3.707738e+01 1.084409e+02
    endloop
  endfacet
  facet normal -0.000000e+00 8.610436e-01 5.085311e-01
    outer loop
      vertex   2.213429e+02 3.707738e+01 1.084409e+02
      vertex   2.242829e+02 3.699302e+01 1.085837e+02
      vertex   2.242829e+02 3.707738e+01 1.084409e+02
    endloop
  endfacet
  facet normal -0.000000e+00 9.151456e-01 4.031234e-01
    outer loop
      vertex   2.213429e+02 3.707738e+01 1.084409e+02
      vertex   2.242829e+02 3.707738e+01 1.084409e+02
      vertex   2.213429e+02 3.714424e+01 1.082891e+02
    endloop
  endfacet
  facet normal -0.000000e+00 9.151456e-01 4.031234e-01
    outer loop
      vertex   2.213429e+02 3.714424e+01 1.082891e+02
      vertex   2.242829e+02 3.707738e+01 1.084409e+02
      vertex   2.242829e+02 3.714424e+01 1.082891e+02
    endloop
  endfacet
  facet normal -0.000000e+00 9.564010e-01 2.920568e-01
    outer loop
      vertex   2.213429e+02 3.714424e+01 1.082891e+02
      vertex   2.242829e+02 3.714424e+01 1.082891e+02
      vertex   2.213429e+02 3.719269e+01 1.081304e+02
    endloop
  endfacet
  facet normal -0.000000e+00 9.564010e-01 2.920568e-01
    outer loop
      vertex   2.213429e+02 3.719269e+01 1.081304e+02
      vertex   2.242829e+02 3.714424e+01 1.082891e+02
      vertex   2.242829e+02 3.719269e+01 1.081304e+02
    endloop
  endfacet
  facet normal -0.000000e+00 9.842306e-01 1.768903e-01
    outer loop
      vertex   2.213429e+02 3.719269e+01 1.081304e+02
      vertex   2.242829e+02 3.719269e+01 1.081304e+02
      vertex   2.213429e+02 3.722203e+01 1.079672e+02
    endloop
  endfacet
  facet normal -0.000000e+00 9.842306e-01 1.768903e-01
    outer loop
      vertex   2.213429e+02 3.722203e+01 1.079672e+02
      vertex   2.242829e+02 3.719269e+01 1.081304e+02
      vertex   2.242829e+02 3.722203e+01 1.079672e+02
    endloop
  endfacet
  facet normal -0.000000e+00 9.982437e-01 5.924063e-02
    outer loop
      vertex   2.213429e+02 3.722203e+01 1.079672e+02
      vertex   2.242829e+02 3.722203e+01 1.079672e+02
      vertex   2.213429e+02 3.723186e+01 1.078016e+02
    endloop
  endfacet
  facet normal -0.000000e+00 9.982437e-01 5.924063e-02
    outer loop
      vertex   2.213429e+02 3.723186e+01 1.078016e+02
      vertex   2.242829e+02 3.722203e+01 1.079672e+02
      vertex   2.242829e+02 3.723186e+01 1.078016e+02
    endloop
  endfacet
  facet normal 0.000000e+00 9.982437e-01 -5.924063e-02
    outer loop
      vertex   2.242829e+02 3.723186e+01 1.078016e+02
      vertex   2.272229e+02 3.723186e+01 1.078016e+02
      vertex   2.242829e+02 3.722203e+01 1.076360e+02
    endloop
  endfacet
  facet normal 0.000000e+00 9.982437e-01 -5.924063e-02
    outer loop
      vertex   2.242829e+02 3.722203e+01 1.076360e+02
      vertex   2.272229e+02 3.723186e+01 1.078016e+02
      vertex   2.272229e+02 3.722203e+01 1.076360e+02
    endloop
  endfacet
  facet normal 0.000000e+00 9.842306e-01 -1.768903e-01
    outer loop
      vertex   2.242829e+02 3.722203e+01 1.076360e+02
      vertex   2.272229e+02 3.722203e+01 1.076360e+02
      vertex   2.242829e+02 3.719269e+01 1.074727e+02
    endloop
  endfacet
  facet normal 0.000000e+00 9.842306e-01 -1.768903e-01
    outer loop
      vertex   2.242829e+02 3.719269e+01 1.074727e+02
      vertex   2.272229e+02 3.722203e+01 1.076360e+02
      vertex   2.272229e+02 3.719269e+01 1.074727e+02
    endloop
  endfacet
  facet normal 0.000000e+00 9.564010e-01 -2.920568e-01
    outer loop
      vertex   2.242829e+02 3.719269e+01 1.074727e+02
      vertex   2.272229e+02 3.719269e+01 1.074727e+02
      vertex   2.242829e+02 3.714424e+01 1.073141e+02
    endloop
  endfacet
  facet normal 0.000000e+00 9.564010e-01 -2.920568e-01
    outer loop
      vertex   2.242829e+02 3.714424e+01 1.073141e+02
      vertex   2.272229e+02 3.719269e+01 1.074727e+02
      vertex   2.272229e+02 3.714424e+01 1.073141e+02
    endloop
  endfacet
  facet normal 0.000000e+00 9.151456e-01 -4.031234e-01
    outer loop
      vertex   2.242829e+02 3.714424e+01 1.073141e+02
      vertex   2.272229e+02 3.714424e+01 1.073141e+02
      vertex   2.242829e+02 3.707738e+01 1.071623e+02
    endloop
  endfacet
  facet normal 0.000000e+00 9.151456e-01 -4.031234e-01
    outer loop
      vertex   2.242829e+02 3.707738e+01 1.071623e+02
      vertex   2.272229e+02 3.714424e+01 1.073141e+02
      vertex   2.272229e+02 3.707738e+01 1.071623e+02
    endloop
  endfacet
  facet normal 0.000000e+00 8.610436e-01 -5.085311e-01
    outer loop
      vertex   2.242829e+02 3.707738e+01 1.071623e+02
      vertex   2.272229e+02 3.707738e+01 1.071623e+02
      vertex   2.242829e+02 3.699302e+01 1.070195e+02
    endloop
  endfacet
  facet normal 0.000000e+00 8.610436e-01 -5.085311e-01
    outer loop
      vertex   2.242829e+02 3.699302e+01 1.070195e+02
      vertex   2.272229e+02 3.707738e+01 1.071623e+02
      vertex   2.272229e+02 3.699302e+01 1.070195e+02
    endloop
  endfacet
  facet normal 0.000000e+00 7.948544e-01 -6.068001e-01
    outer loop
      vertex   2.242829e+02 3.699302e+01 1.070195e+02
      vertex   2.272229e+02 3.699302e+01 1.070195e+02
      vertex   2.242829e+02 3.689237e+01 1.068876e+02
    endloop
  endfacet
  facet normal 0.000000e+00 7.948544e-01 -6.068001e-01
    outer loop
      vertex   2.242829e+02 3.689237e+01 1.068876e+02
      vertex   2.272229e+02 3.699302e+01 1.070195e+02
      vertex   2.272229e+02 3.689237e+01 1.068876e+02
    endloop
  endfacet
  facet normal 0.000000e+00 7.175073e-01 -6.965510e-01
    outer loop
      vertex   2.242829e+02 3.689237e+01 1.068876e+02
      vertex   2.272229e+02 3.689237e+01 1.068876e+02
      vertex   2.242829e+02 3.677683e+01 1.067686e+02
    endloop
  endfacet
  facet normal 0.000000e+00 7.175073e-01 -6.965510e-01
    outer loop
      vertex   2.242829e+02 3.677683e+01 1.067686e+02
      vertex   2.272229e+02 3.689237e+01 1.068876e+02
      vertex   2.272229e+02 3.677683e+01 1.067686e+02
    endloop
  endfacet
  facet normal 0.000000e+00 6.300878e-01 -7.765239e-01
    outer loop
      vertex   2.242829e+02 3.677683e+01 1.067686e+02
      vertex   2.272229e+02 3.677683e+01 1.067686e+02
      vertex   2.242829e+02 3.664803e+01 1.066641e+02
    endloop
  endfacet
  facet normal 0.000000e+00 6.300878e-01 -7.765239e-01
    outer loop
      vertex   2.242829e+02 3.664803e+01 1.066641e+02
      vertex   2.272229e+02 3.677683e+01 1.067686e+02
      vertex   2.272229e+02 3.664803e+01 1.066641e+02
    endloop
  endfacet
  facet normal 0.000000e+00 5.338234e-01 -8.455960e-01
    outer loop
      vertex   2.242829e+02 3.664803e+01 1.066641e+02
      vertex   2.272229e+02 3.664803e+01 1.066641e+02
      vertex   2.242829e+02 3.650776e+01 1.065755e+02
    endloop
  endfacet
  facet normal 0.000000e+00 5.338234e-01 -8.455960e-01
    outer loop
      vertex   2.242829e+02 3.650776e+01 1.065755e+02
      vertex   2.272229e+02 3.664803e+01 1.066641e+02
      vertex   2.272229e+02 3.650776e+01 1.065755e+02
    endloop
  endfacet
  facet normal 0.000000e+00 4.300652e-01 -9.027978e-01
    outer loop
      vertex   2.242829e+02 3.650776e+01 1.065755e+02
      vertex   2.272229e+02 3.650776e+01 1.065755e+02
      vertex   2.242829e+02 3.635801e+01 1.065042e+02
    endloop
  endfacet
  facet normal 0.000000e+00 4.300652e-01 -9.027978e-01
    outer loop
      vertex   2.242829e+02 3.635801e+01 1.065042e+02
      vertex   2.272229e+02 3.650776e+01 1.065755e+02
      vertex   2.272229e+02 3.635801e+01 1.065042e+02
    endloop
  endfacet
  facet normal 0.000000e+00 3.202699e-01 -9.473264e-01
    outer loop
      vertex   2.242829e+02 3.635801e+01 1.065042e+02
      vertex   2.272229e+02 3.635801e+01 1.065042e+02
      vertex   2.242829e+02 3.620088e+01 1.064511e+02
    endloop
  endfacet
  facet normal 0.000000e+00 3.202699e-01 -9.473264e-01
    outer loop
      vertex   2.242829e+02 3.620088e+01 1.064511e+02
      vertex   2.272229e+02 3.635801e+01 1.065042e+02
      vertex   2.272229e+02 3.620088e+01 1.064511e+02
    endloop
  endfacet
  facet normal 0.000000e+00 2.059786e-01 -9.785565e-01
    outer loop
      vertex   2.242829e+02 3.620088e+01 1.064511e+02
      vertex   2.272229e+02 3.620088e+01 1.064511e+02
      vertex   2.242829e+02 3.603856e+01 1.064169e+02
    endloop
  endfacet
  facet normal 0.000000e+00 2.059786e-01 -9.785565e-01
    outer loop
      vertex   2.242829e+02 3.603856e+01 1.064169e+02
      vertex   2.272229e+02 3.620088e+01 1.064511e+02
      vertex   2.272229e+02 3.603856e+01 1.064169e+02
    endloop
  endfacet
  facet normal 0.000000e+00 8.879590e-02 -9.960498e-01
    outer loop
      vertex   2.242829e+02 3.603856e+01 1.064169e+02
      vertex   2.272229e+02 3.603856e+01 1.064169e+02
      vertex   2.242829e+02 3.587334e+01 1.064022e+02
    endloop
  endfacet
  facet normal 0.000000e+00 8.879590e-02 -9.960498e-01
    outer loop
      vertex   2.242829e+02 3.587334e+01 1.064022e+02
      vertex   2.272229e+02 3.603856e+01 1.064169e+02
      vertex   2.272229e+02 3.587334e+01 1.064022e+02
    endloop
  endfacet
  facet normal 0.000000e+00 -2.963333e-02 -9.995608e-01
    outer loop
      vertex   2.242829e+02 3.587334e+01 1.064022e+02
      vertex   2.272229e+02 3.587334e+01 1.064022e+02
      vertex   2.242829e+02 3.570754e+01 1.064071e+02
    endloop
  endfacet
  facet normal 0.000000e+00 -2.963333e-02 -9.995608e-01
    outer loop
      vertex   2.242829e+02 3.570754e+01 1.064071e+02
      vertex   2.272229e+02 3.587334e+01 1.064022e+02
      vertex   2.272229e+02 3.570754e+01 1.064071e+02
    endloop
  endfacet
  facet normal 0.000000e+00 -1.476466e-01 -9.890402e-01
    outer loop
      vertex   2.242829e+02 3.570754e+01 1.064071e+02
      vertex   2.272229e+02 3.570754e+01 1.064071e+02
      vertex   2.242829e+02 3.554349e+01 1.064316e+02
    endloop
  endfacet
  facet normal 0.000000e+00 -1.476466e-01 -9.890402e-01
    outer loop
      vertex   2.242829e+02 3.554349e+01 1.064316e+02
      vertex   2.272229e+02 3.570754e+01 1.064071e+02
      vertex   2.272229e+02 3.554349e+01 1.064316e+02
    endloop
  endfacet
  facet normal 0.000000e+00 -2.635872e-01 -9.646356e-01
    outer loop
      vertex   2.242829e+02 3.554349e+01 1.064316e+02
      vertex   2.272229e+02 3.554349e+01 1.064316e+02
      vertex   2.242829e+02 3.538348e+01 1.064753e+02
    endloop
  endfacet
  facet normal 0.000000e+00 -2.635872e-01 -9.646356e-01
    outer loop
      vertex   2.242829e+02 3.538348e+01 1.064753e+02
      vertex   2.272229e+02 3.554349e+01 1.064316e+02
      vertex   2.272229e+02 3.538348e+01 1.064753e+02
    endloop
  endfacet
  facet normal 0.000000e+00 -3.758276e-01 -9.266896e-01
    outer loop
      vertex   2.242829e+02 3.538348e+01 1.064753e+02
      vertex   2.272229e+02 3.538348e+01 1.064753e+02
      vertex   2.242829e+02 3.522976e+01 1.065377e+02
    endloop
  endfacet
  facet normal 0.000000e+00 -3.758276e-01 -9.266896e-01
    outer loop
      vertex   2.242829e+02 3.522976e+01 1.065377e+02
      vertex   2.272229e+02 3.538348e+01 1.064753e+02
      vertex   2.272229e+02 3.522976e+01 1.065377e+02
    endloop
  endfacet
  facet normal 0.000000e+00 -4.827922e-01 -8.757349e-01
    outer loop
      vertex   2.242829e+02 3.522976e+01 1.065377e+02
      vertex   2.272229e+02 3.522976e+01 1.065377e+02
      vertex   2.242829e+02 3.508450e+01 1.066177e+02
    endloop
  endfacet
  facet normal 0.000000e+00 -4.827922e-01 -8.757349e-01
    outer loop
      vertex   2.242829e+02 3.508450e+01 1.066177e+02
      vertex   2.272229e+02 3.522976e+01 1.065377e+02
      vertex   2.272229e+02 3.508450e+01 1.066177e+02
    endloop
  endfacet
  facet normal 0.000000e+00 -5.829795e-01 -8.124869e-01
    outer loop
      vertex   2.242829e+02 3.508450e+01 1.066177e+02
      vertex   2.272229e+02 3.508450e+01 1.066177e+02
      vertex   2.242829e+02 3.494973e+01 1.067144e+02
    endloop
  endfacet
  facet normal 0.000000e+00 -5.829795e-01 -8.124869e-01
    outer loop
      vertex   2.242829e+02 3.494973e+01 1.067144e+02
      vertex   2.272229e+02 3.508450e+01 1.066177e+02
      vertex   2.272229e+02 3.494973e+01 1.067144e+02
    endloop
  endfacet
  facet normal 0.000000e+00 -6.749830e-01 -7.378333e-01
    outer loop
      vertex   2.242829e+02 3.494973e+01 1.067144e+02
      vertex   2.272229e+02 3.494973e+01 1.067144e+02
      vertex   2.242829e+02 3.482735e+01 1.068264e+02
    endloop
  endfacet
  facet normal 0.000000e+00 -6.749830e-01 -7.378333e-01
    outer loop
      vertex   2.242829e+02 3.482735e+01 1.068264e+02
      vertex   2.272229e+02 3.494973e+01 1.067144e+02
      vertex   2.272229e+02 3.482735e+01 1.068264e+02
    endloop
  endfacet
  facet normal 0.000000e+00 -7.575112e-01 -6.528221e-01
    outer loop
      vertex   2.242829e+02 3.482735e+01 1.068264e+02
      vertex   2.272229e+02 3.482735e+01 1.068264e+02
      vertex   2.242829e+02 3.471906e+01 1.069521e+02
    endloop
  endfacet
  facet normal 0.000000e+00 -7.575112e-01 -6.528221e-01
    outer loop
      vertex   2.242829e+02 3.471906e+01 1.069521e+02
      vertex   2.272229e+02 3.482735e+01 1.068264e+02
      vertex   2.272229e+02 3.471906e+01 1.069521e+02
    endloop
  endfacet
  facet normal 0.000000e+00 -8.294057e-01 -5.586468e-01
    outer loop
      vertex   2.242829e+02 3.471906e+01 1.069521e+02
      vertex   2.272229e+02 3.471906e+01 1.069521e+02
      vertex   2.242829e+02 3.462639e+01 1.070896e+02
    endloop
  endfacet
  facet normal 0.000000e+00 -8.294057e-01 -5.586468e-01
    outer loop
      vertex   2.242829e+02 3.462639e+01 1.070896e+02
      vertex   2.272229e+02 3.471906e+01 1.069521e+02
      vertex   2.272229e+02 3.462639e+01 1.070896e+02
    endloop
  endfacet
  facet normal 0.000000e+00 -8.896571e-01 -4.566292e-01
    outer loop
      vertex   2.242829e+02 3.462639e+01 1.070896e+02
      vertex   2.272229e+02 3.462639e+01 1.070896e+02
      vertex   2.242829e+02 3.455065e+01 1.072372e+02
    endloop
  endfacet
  facet normal 0.000000e+00 -8.896571e-01 -4.566292e-01
    outer loop
      vertex   2.242829e+02 3.455065e+01 1.072372e+02
      vertex   2.272229e+02 3.462639e+01 1.070896e+02
      vertex   2.272229e+02 3.455065e+01 1.072372e+02
    endloop
  endfacet
  facet normal 0.000000e+00 -9.374197e-01 -3.482016e-01
    outer loop
      vertex   2.242829e+02 3.455065e+01 1.072372e+02
      vertex   2.272229e+02 3.455065e+01 1.072372e+02
      vertex   2.242829e+02 3.449289e+01 1.073927e+02
    endloop
  endfacet
  facet normal 0.000000e+00 -9.374197e-01 -3.482016e-01
    outer loop
      vertex   2.242829e+02 3.449289e+01 1.073927e+02
      vertex   2.272229e+02 3.455065e+01 1.072372e+02
      vertex   2.272229e+02 3.449289e+01 1.073927e+02
    endloop
  endfacet
  facet normal 0.000000e+00 -9.720229e-01 -2.348860e-01
    outer loop
      vertex   2.242829e+02 3.449289e+01 1.073927e+02
      vertex   2.272229e+02 3.449289e+01 1.073927e+02
      vertex   2.242829e+02 3.445393e+01 1.075539e+02
    endloop
  endfacet
  facet normal 0.000000e+00 -9.720229e-01 -2.348860e-01
    outer loop
      vertex   2.242829e+02 3.445393e+01 1.075539e+02
      vertex   2.272229e+02 3.449289e+01 1.073927e+02
      vertex   2.272229e+02 3.445393e+01 1.075539e+02
    endloop
  endfacet
  facet normal 0.000000e+00 -9.929811e-01 -1.182732e-01
    outer loop
      vertex   2.242829e+02 3.445393e+01 1.075539e+02
      vertex   2.272229e+02 3.445393e+01 1.075539e+02
      vertex   2.242829e+02 3.443431e+01 1.077186e+02
    endloop
  endfacet
  facet normal 0.000000e+00 -9.929811e-01 -1.182732e-01
    outer loop
      vertex   2.242829e+02 3.443431e+01 1.077186e+02
      vertex   2.272229e+02 3.445393e+01 1.075539e+02
      vertex   2.272229e+02 3.443431e+01 1.077186e+02
    endloop
  endfacet
  facet normal 0.000000e+00 -1.000000e+00 4.283636e-14
    outer loop
      vertex   2.242829e+02 3.443431e+01 1.077186e+02
      vertex   2.272229e+02 3.443431e+01 1.077186e+02
      vertex   2.242829e+02 3.443431e+01 1.078845e+02
    endloop
  endfacet
  facet normal 0.000000e+00 -1.000000e+00 4.283636e-14
    outer loop
      vertex   2.242829e+02 3.443431e+01 1.078845e+02
      vertex   2.272229e+02 3.443431e+01 1.077186e+02
      vertex   2.272229e+02 3.443431e+01 1.078845e+02
    endloop
  endfacet
  facet normal 0.000000e+00 -9.929811e-01 1.182732e-01
    outer loop
      vertex   2.242829e+02 3.443431e+01 1.078845e+02
      vertex   2.272229e+02 3.443431e+01 1.078845e+02
      vertex   2.242829e+02 3.445393e+01 1.080492e+02
    endloop
  endfacet
  facet normal 0.000000e+00 -9.929811e-01 1.182732e-01
    outer loop
      vertex   2.242829e+02 3.445393e+01 1.080492e+02
      vertex   2.272229e+02 3.443431e+01 1.078845e+02
      vertex   2.272229e+02 3.445393e+01 1.080492e+02
    endloop
  endfacet
  facet normal 0.000000e+00 -9.720229e-01 2.348860e-01
    outer loop
      vertex   2.242829e+02 3.445393e+01 1.080492e+02
      vertex   2.272229e+02 3.445393e+01 1.080492e+02
      vertex   2.242829e+02 3.449289e+01 1.082105e+02
    endloop
  endfacet
  facet normal 0.000000e+00 -9.720229e-01 2.348860e-01
    outer loop
      vertex   2.242829e+02 3.449289e+01 1.082105e+02
      vertex   2.272229e+02 3.445393e+01 1.080492e+02
      vertex   2.272229e+02 3.449289e+01 1.082105e+02
    endloop
  endfacet
  facet normal 0.000000e+00 -9.374197e-01 3.482016e-01
    outer loop
      vertex   2.242829e+02 3.449289e+01 1.082105e+02
      vertex   2.272229e+02 3.449289e+01 1.082105e+02
      vertex   2.242829e+02 3.455065e+01 1.083659e+02
    endloop
  endfacet
  facet normal 0.000000e+00 -9.374197e-01 3.482016e-01
    outer loop
      vertex   2.242829e+02 3.455065e+01 1.083659e+02
      vertex   2.272229e+02 3.449289e+01 1.082105e+02
      vertex   2.272229e+02 3.455065e+01 1.083659e+02
    endloop
  endfacet
  facet normal 0.000000e+00 -8.896571e-01 4.566292e-01
    outer loop
      vertex   2.242829e+02 3.455065e+01 1.083659e+02
      vertex   2.272229e+02 3.455065e+01 1.083659e+02
      vertex   2.242829e+02 3.462639e+01 1.085135e+02
    endloop
  endfacet
  facet normal 0.000000e+00 -8.896571e-01 4.566292e-01
    outer loop
      vertex   2.242829e+02 3.462639e+01 1.085135e+02
      vertex   2.272229e+02 3.455065e+01 1.083659e+02
      vertex   2.272229e+02 3.462639e+01 1.085135e+02
    endloop
  endfacet
  facet normal 0.000000e+00 -8.294057e-01 5.586468e-01
    outer loop
      vertex   2.242829e+02 3.462639e+01 1.085135e+02
      vertex   2.272229e+02 3.462639e+01 1.085135e+02
      vertex   2.242829e+02 3.471906e+01 1.086511e+02
    endloop
  endfacet
  facet normal 0.000000e+00 -8.294057e-01 5.586468e-01
    outer loop
      vertex   2.242829e+02 3.471906e+01 1.086511e+02
      vertex   2.272229e+02 3.462639e+01 1.085135e+02
      vertex   2.272229e+02 3.471906e+01 1.086511e+02
    endloop
  endfacet
  facet normal 0.000000e+00 -7.575112e-01 6.528221e-01
    outer loop
      vertex   2.242829e+02 3.471906e+01 1.086511e+02
      vertex   2.272229e+02 3.471906e+01 1.086511e+02
      vertex   2.242829e+02 3.482735e+01 1.087767e+02
    endloop
  endfacet
  facet normal 0.000000e+00 -7.575112e-01 6.528221e-01
    outer loop
      vertex   2.242829e+02 3.482735e+01 1.087767e+02
      vertex   2.272229e+02 3.471906e+01 1.086511e+02
      vertex   2.272229e+02 3.482735e+01 1.087767e+02
    endloop
  endfacet
  facet normal 0.000000e+00 -6.749830e-01 7.378333e-01
    outer loop
      vertex   2.242829e+02 3.482735e+01 1.087767e+02
      vertex   2.272229e+02 3.482735e+01 1.087767e+02
      vertex   2.242829e+02 3.494973e+01 1.088887e+02
    endloop
  endfacet
  facet normal 0.000000e+00 -6.749830e-01 7.378333e-01
    outer loop
      vertex   2.242829e+02 3.494973e+01 1.088887e+02
      vertex   2.272229e+02 3.482735e+01 1.087767e+02
      vertex   2.272229e+02 3.494973e+01 1.088887e+02
    endloop
  endfacet
  facet normal 0.000000e+00 -5.829795e-01 8.124869e-01
    outer loop
      vertex   2.242829e+02 3.494973e+01 1.088887e+02
      vertex   2.272229e+02 3.494973e+01 1.088887e+02
      vertex   2.242829e+02 3.508450e+01 1.089854e+02
    endloop
  endfacet
  facet normal 0.000000e+00 -5.829795e-01 8.124869e-01
    outer loop
      vertex   2.242829e+02 3.508450e+01 1.089854e+02
      vertex   2.272229e+02 3.494973e+01 1.088887e+02
      vertex   2.272229e+02 3.508450e+01 1.089854e+02
    endloop
  endfacet
  facet normal 0.000000e+00 -4.827922e-01 8.757349e-01
    outer loop
      vertex   2.242829e+02 3.508450e+01 1.089854e+02
      vertex   2.272229e+02 3.508450e+01 1.089854e+02
      vertex   2.242829e+02 3.522976e+01 1.090655e+02
    endloop
  endfacet
  facet normal 0.000000e+00 -4.827922e-01 8.757349e-01
    outer loop
      vertex   2.242829e+02 3.522976e+01 1.090655e+02
      vertex   2.272229e+02 3.508450e+01 1.089854e+02
      vertex   2.272229e+02 3.522976e+01 1.090655e+02
    endloop
  endfacet
  facet normal 0.000000e+00 -3.758276e-01 9.266896e-01
    outer loop
      vertex   2.242829e+02 3.522976e+01 1.090655e+02
      vertex   2.272229e+02 3.522976e+01 1.090655e+02
      vertex   2.242829e+02 3.538348e+01 1.091278e+02
    endloop
  endfacet
  facet normal 0.000000e+00 -3.758276e-01 9.266896e-01
    outer loop
      vertex   2.242829e+02 3.538348e+01 1.091278e+02
      vertex   2.272229e+02 3.522976e+01 1.090655e+02
      vertex   2.272229e+02 3.538348e+01 1.091278e+02
    endloop
  endfacet
  facet normal 0.000000e+00 -2.635872e-01 9.646356e-01
    outer loop
      vertex   2.242829e+02 3.538348e+01 1.091278e+02
      vertex   2.272229e+02 3.538348e+01 1.091278e+02
      vertex   2.242829e+02 3.554349e+01 1.091716e+02
    endloop
  endfacet
  facet normal 0.000000e+00 -2.635872e-01 9.646356e-01
    outer loop
      vertex   2.242829e+02 3.554349e+01 1.091716e+02
      vertex   2.272229e+02 3.538348e+01 1.091278e+02
      vertex   2.272229e+02 3.554349e+01 1.091716e+02
    endloop
  endfacet
  facet normal 0.000000e+00 -1.476466e-01 9.890402e-01
    outer loop
      vertex   2.242829e+02 3.554349e+01 1.091716e+02
      vertex   2.272229e+02 3.554349e+01 1.091716e+02
      vertex   2.242829e+02 3.570754e+01 1.091960e+02
    endloop
  endfacet
  facet normal 0.000000e+00 -1.476466e-01 9.890402e-01
    outer loop
      vertex   2.242829e+02 3.570754e+01 1.091960e+02
      vertex   2.272229e+02 3.554349e+01 1.091716e+02
      vertex   2.272229e+02 3.570754e+01 1.091960e+02
    endloop
  endfacet
  facet normal 0.000000e+00 -2.963333e-02 9.995608e-01
    outer loop
      vertex   2.242829e+02 3.570754e+01 1.091960e+02
      vertex   2.272229e+02 3.570754e+01 1.091960e+02
      vertex   2.242829e+02 3.587334e+01 1.092010e+02
    endloop
  endfacet
  facet normal 0.000000e+00 -2.963333e-02 9.995608e-01
    outer loop
      vertex   2.242829e+02 3.587334e+01 1.092010e+02
      vertex   2.272229e+02 3.570754e+01 1.091960e+02
      vertex   2.272229e+02 3.587334e+01 1.092010e+02
    endloop
  endfacet
  facet normal -0.000000e+00 8.879590e-02 9.960498e-01
    outer loop
      vertex   2.242829e+02 3.587334e+01 1.092010e+02
      vertex   2.272229e+02 3.587334e+01 1.092010e+02
      vertex   2.242829e+02 3.603856e+01 1.091862e+02
    endloop
  endfacet
  facet normal -0.000000e+00 8.879590e-02 9.960498e-01
    outer loop
      vertex   2.242829e+02 3.603856e+01 1.091862e+02
      vertex   2.272229e+02 3.587334e+01 1.092010e+02
      vertex   2.272229e+02 3.603856e+01 1.091862e+02
    endloop
  endfacet
  facet normal -0.000000e+00 2.059786e-01 9.785565e-01
    outer loop
      vertex   2.242829e+02 3.603856e+01 1.091862e+02
      vertex   2.272229e+02 3.603856e+01 1.091862e+02
      vertex   2.242829e+02 3.620088e+01 1.091521e+02
    endloop
  endfacet
  facet normal -0.000000e+00 2.059786e-01 9.785565e-01
    outer loop
      vertex   2.242829e+02 3.620088e+01 1.091521e+02
      vertex   2.272229e+02 3.603856e+01 1.091862e+02
      vertex   2.272229e+02 3.620088e+01 1.091521e+02
    endloop
  endfacet
  facet normal -0.000000e+00 3.202699e-01 9.473264e-01
    outer loop
      vertex   2.242829e+02 3.620088e+01 1.091521e+02
      vertex   2.272229e+02 3.620088e+01 1.091521e+02
      vertex   2.242829e+02 3.635801e+01 1.090989e+02
    endloop
  endfacet
  facet normal -0.000000e+00 3.202699e-01 9.473264e-01
    outer loop
      vertex   2.242829e+02 3.635801e+01 1.090989e+02
      vertex   2.272229e+02 3.620088e+01 1.091521e+02
      vertex   2.272229e+02 3.635801e+01 1.090989e+02
    endloop
  endfacet
  facet normal -0.000000e+00 4.300652e-01 9.027978e-01
    outer loop
      vertex   2.242829e+02 3.635801e+01 1.090989e+02
      vertex   2.272229e+02 3.635801e+01 1.090989e+02
      vertex   2.242829e+02 3.650776e+01 1.090276e+02
    endloop
  endfacet
  facet normal -0.000000e+00 4.300652e-01 9.027978e-01
    outer loop
      vertex   2.242829e+02 3.650776e+01 1.090276e+02
      vertex   2.272229e+02 3.635801e+01 1.090989e+02
      vertex   2.272229e+02 3.650776e+01 1.090276e+02
    endloop
  endfacet
  facet normal -0.000000e+00 5.338234e-01 8.455960e-01
    outer loop
      vertex   2.242829e+02 3.650776e+01 1.090276e+02
      vertex   2.272229e+02 3.650776e+01 1.090276e+02
      vertex   2.242829e+02 3.664803e+01 1.089391e+02
    endloop
  endfacet
  facet normal -0.000000e+00 5.338234e-01 8.455960e-01
    outer loop
      vertex   2.242829e+02 3.664803e+01 1.089391e+02
      vertex   2.272229e+02 3.650776e+01 1.090276e+02
      vertex   2.272229e+02 3.664803e+01 1.089391e+02
    endloop
  endfacet
  facet normal -0.000000e+00 6.300878e-01 7.765239e-01
    outer loop
      vertex   2.242829e+02 3.664803e+01 1.089391e+02
      vertex   2.272229e+02 3.664803e+01 1.089391e+02
      vertex   2.242829e+02 3.677683e+01 1.088345e+02
    endloop
  endfacet
  facet normal -0.000000e+00 6.300878e-01 7.765239e-01
    outer loop
      vertex   2.242829e+02 3.677683e+01 1.088345e+02
      vertex   2.272229e+02 3.664803e+01 1.089391e+02
      vertex   2.272229e+02 3.677683e+01 1.088345e+02
    endloop
  endfacet
  facet normal -0.000000e+00 7.175073e-01 6.965510e-01
    outer loop
      vertex   2.242829e+02 3.677683e+01 1.088345e+02
      vertex   2.272229e+02 3.677683e+01 1.088345e+02
      vertex   2.242829e+02 3.689237e+01 1.087155e+02
    endloop
  endfacet
  facet normal -0.000000e+00 7.175073e-01 6.965510e-01
    outer loop
      vertex   2.242829e+02 3.689237e+01 1.087155e+02
      vertex   2.272229e+02 3.677683e+01 1.088345e+02
      vertex   2.272229e+02 3.689237e+01 1.087155e+02
    endloop
  endfacet
  facet normal -0.000000e+00 7.948544e-01 6.068001e-01
    outer loop
      vertex   2.242829e+02 3.689237e+01 1.087155e+02
      vertex   2.272229e+02 3.689237e+01 1.087155e+02
      vertex   2.242829e+02 3.699302e+01 1.085837e+02
    endloop
  endfacet
  facet normal -0.000000e+00 7.948544e-01 6.068001e-01
    outer loop
      vertex   2.242829e+02 3.699302e+01 1.085837e+02
      vertex   2.272229e+02 3.689237e+01 1.087155e+02
      vertex   2.272229e+02 3.699302e+01 1.085837e+02
    endloop
  endfacet
  facet normal -0.000000e+00 8.610436e-01 5.085311e-01
    outer loop
      vertex   2.242829e+02 3.699302e+01 1.085837e+02
      vertex   2.272229e+02 3.699302e+01 1.085837e+02
      vertex   2.242829e+02 3.707738e+01 1.084409e+02
    endloop
  endfacet
  facet normal -0.000000e+00 8.610436e-01 5.085311e-01
    outer loop
      vertex   2.242829e+02 3.707738e+01 1.084409e+02
      vertex   2.272229e+02 3.699302e+01 1.085837e+02
      vertex   2.272229e+02 3.707738e+01 1.084409e+02
    endloop
  endfacet
  facet normal -0.000000e+00 9.151456e-01 4.031234e-01
    outer loop
      vertex   2.242829e+02 3.707738e+01 1.084409e+02
      vertex   2.272229e+02 3.707738e+01 1.084409e+02
      vertex   2.242829e+02 3.714424e+01 1.082891e+02
    endloop
  endfacet
  facet normal -0.000000e+00 9.151456e-01 4.031234e-01
    outer loop
      vertex   2.242829e+02 3.714424e+01 1.082891e+02
      vertex   2.272229e+02 3.707738e+01 1.084409e+02
      vertex   2.272229e+02 3.714424e+01 1.082891e+02
    endloop
  endfacet
  facet normal -0.000000e+00 9.564010e-01 2.920568e-01
    outer loop
      vertex   2.242829e+02 3.714424e+01 1.082891e+02
      vertex   2.272229e+02 3.714424e+01 1.082891e+02
      vertex   2.242829e+02 3.719269e+01 1.081304e+02
    endloop
  endfacet
  facet normal -0.000000e+00 9.564010e-01 2.920568e-01
    outer loop
      vertex   2.242829e+02 3.719269e+01 1.081304e+02
      vertex   2.272229e+02 3.714424e+01 1.082891e+02
      vertex   2.272229e+02 3.719269e+01 1.081304e+02
    endloop
  endfacet
  facet normal -0.000000e+00 9.842306e-01 1.768903e-01
    outer loop
      vertex   2.242829e+02 3.719269e+01 1.081304e+02
      vertex   2.272229e+02 3.719269e+01 1.081304e+02
      vertex   2.242829e+02 3.722203e+01 1.079672e+02
    endloop
  endfacet
  facet normal -0.000000e+00 9.842306e-01 1.768903e-01
    outer loop
      vertex   2.242829e+02 3.722203e+01 1.079672e+02
      vertex   2.272229e+02 3.719269e+01 1.081304e+02
      vertex   2.272229e+02 3.722203e+01 1.079672e+02
    endloop
  endfacet
  facet normal -0.000000e+00 9.982437e-01 5.924063e-02
    outer loop
      vertex   2.242829e+02 3.722203e+01 1.079672e+02
      vertex   2.272229e+02 3.722203e+01 1.079672e+02
      vertex   2.242829e+02 3.723186e+01 1.078016e+02
    endloop
  endfacet
  facet normal -0.000000e+00 9.982437e-01 5.924063e-02
    outer loop
      vertex   2.242829e+02 3.723186e+01 1.078016e+02
      vertex   2.272229e+02 3.722203e+01 1.079672e+02
      vertex   2.272229e+02 3.723186e+01 1.078016e+02
    endloop
  endfacet
  facet normal 0.000000e+00 9.982437e-01 -5.924063e-02
    outer loop
      vertex   2.272229e+02 3.723186e+01 1.078016e+02
      vertex   2.301629e+02 3.723186e+01 1.078016e+02
      vertex   2.272229e+02 3.722203e+01 1.076360e+02
    endloop
  endfacet
  facet normal 0.000000e+00 9.982437e-01 -5.924063e-02
    outer loop
      vertex   2.272229e+02 3.722203e+01 1.076360e+02
      vertex   2.301629e+02 3.723186e+01 1.078016e+02
      vertex   2.301629e+02 3.722203e+01 1.076360e+02
    endloop
  endfacet
  facet normal 0.000000e+00 9.842306e-01 -1.768903e-01
    outer loop
      vertex   2.272229e+02 3.722203e+01 1.076360e+02
      vertex   2.301629e+02 3.722203e+01 1.076360e+02
      vertex   2.272229e+02 3.719269e+01 1.074727e+02
    endloop
  endfacet
  facet normal 0.000000e+00 9.842306e-01 -1.768903e-01
    outer loop
      vertex   2.272229e+02 3.719269e+01 1.074727e+02
      vertex   2.301629e+02 3.722203e+01 1.076360e+02
      vertex   2.301629e+02 3.719269e+01 1.074727e+02
    endloop
  endfacet
  facet normal 0.000000e+00 9.564010e-01 -2.920568e-01
    outer loop
      vertex   2.272229e+02 3.719269e+01 1.074727e+02
      vertex   2.301629e+02 3.719269e+01 1.074727e+02
      vertex   2.272229e+02 3.714424e+01 1.073141e+02
    endloop
  endfacet
  facet normal 0.000000e+00 9.564010e-01 -2.920568e-01
    outer loop
      vertex   2.272229e+02 3.714424e+01 1.073141e+02
      vertex   2.301629e+02 3.719269e+01 1.074727e+02
      vertex   2.301629e+02 3.714424e+01 1.073141e+02
    endloop
  endfacet
  facet normal 0.000000e+00 9.151456e-01 -4.031234e-01
    outer loop
      vertex   2.272229e+02 3.714424e+01 1.073141e+02
      vertex   2.301629e+02 3.714424e+01 1.073141e+02
      vertex   2.272229e+02 3.707738e+01 1.071623e+02
    endloop
  endfacet
  facet normal 0.000000e+00 9.151456e-01 -4.031234e-01
    outer loop
      vertex   2.272229e+02 3.707738e+01 1.071623e+02
      vertex   2.301629e+02 3.714424e+01 1.073141e+02
      vertex   2.301629e+02 3.707738e+01 1.071623e+02
    endloop
  endfacet
  facet normal 0.000000e+00 8.610436e-01 -5.085311e-01
    outer loop
      vertex   2.272229e+02 3.707738e+01 1.071623e+02
      vertex   2.301629e+02 3.707738e+01 1.071623e+02
      vertex   2.272229e+02 3.699302e+01 1.070195e+02
    endloop
  endfacet
  facet normal 0.000000e+00 8.610436e-01 -5.085311e-01
    outer loop
      vertex   2.272229e+02 3.699302e+01 1.070195e+02
      vertex   2.301629e+02 3.707738e+01 1.071623e+02
      vertex   2.301629e+02 3.699302e+01 1.070195e+02
    endloop
  endfacet
  facet normal 0.000000e+00 7.948544e-01 -6.068001e-01
    outer loop
      vertex   2.272229e+02 3.699302e+01 1.070195e+02
      vertex   2.301629e+02 3.699302e+01 1.070195e+02
      vertex   2.272229e+02 3.689237e+01 1.068876e+02
    endloop
  endfacet
  facet normal 0.000000e+00 7.948544e-01 -6.068001e-01
    outer loop
      vertex   2.272229e+02 3.689237e+01 1.068876e+02
      vertex   2.301629e+02 3.699302e+01 1.070195e+02
      vertex   2.301629e+02 3.689237e+01 1.068876e+02
    endloop
  endfacet
  facet normal 0.000000e+00 7.175073e-01 -6.965510e-01
    outer loop
      vertex   2.272229e+02 3.689237e+01 1.068876e+02
      vertex   2.301629e+02 3.689237e+01 1.068876e+02
      vertex   2.272229e+02 3.677683e+01 1.067686e+02
    endloop
  endfacet
  facet normal 0.000000e+00 7.175073e-01 -6.965510e-01
    outer loop
      vertex   2.272229e+02 3.677683e+01 1.067686e+02
      vertex   2.301629e+02 3.689237e+01 1.068876e+02
      vertex   2.301629e+02 3.677683e+01 1.067686e+02
    endloop
  endfacet
  facet normal 0.000000e+00 6.300878e-01 -7.765239e-01
    outer loop
      vertex   2.272229e+02 3.677683e+01 1.067686e+02
      vertex   2.301629e+02 3.677683e+01 1.067686e+02
      vertex   2.272229e+02 3.664803e+01 1.066641e+02
    endloop
  endfacet
  facet normal 0.000000e+00 6.300878e-01 -7.765239e-01
    outer loop
      vertex   2.272229e+02 3.664803e+01 1.066641e+02
      vertex   2.301629e+02 3.677683e+01 1.067686e+02
      vertex   2.301629e+02 3.664803e+01 1.066641e+02
    endloop
  endfacet
  facet normal 0.000000e+00 5.338234e-01 -8.455960e-01
    outer loop
      vertex   2.272229e+02 3.664803e+01 1.066641e+02
      vertex   2.301629e+02 3.664803e+01 1.066641e+02
      vertex   2.272229e+02 3.650776e+01 1.065755e+02
    endloop
  endfacet
  facet normal 0.000000e+00 5.338234e-01 -8.455960e-01
    outer loop
      vertex   2.272229e+02 3.650776e+01 1.065755e+02
      vertex   2.301629e+02 3.664803e+01 1.066641e+02
      vertex   2.301629e+02 3.650776e+01 1.065755e+02
    endloop
  endfacet
  facet normal 0.000000e+00 4.300652e-01 -9.027978e-01
    outer loop
      vertex   2.272229e+02 3.650776e+01 1.065755e+02
      vertex   2.301629e+02 3.650776e+01 1.065755e+02
      vertex   2.272229e+02 3.635801e+01 1.065042e+02
    endloop
  endfacet
  facet normal 0.000000e+00 4.300652e-01 -9.027978e-01
    outer loop
      vertex   2.272229e+02 3.635801e+01 1.065042e+02
      vertex   2.301629e+02 3.650776e+01 1.065755e+02
      vertex   2.301629e+02 3.635801e+01 1.065042e+02
    endloop
  endfacet
  facet normal 0.000000e+00 3.202699e-01 -9.473264e-01
    outer loop
      vertex   2.272229e+02 3.635801e+01 1.065042e+02
      vertex   2.301629e+02 3.635801e+01 1.065042e+02
      vertex   2.272229e+02 3.620088e+01 1.064511e+02
    endloop
  endfacet
  facet normal 0.000000e+00 3.202699e-01 -9.473264e-01
    outer loop
      vertex   2.272229e+02 3.620088e+01 1.064511e+02
      vertex   2.301629e+02 3.635801e+01 1.065042e+02
      vertex   2.301629e+02 3.620088e+01 1.064511e+02
    endloop
  endfacet
  facet normal 0.000000e+00 2.059786e-01 -9.785565e-01
    outer loop
      vertex   2.272229e+02 3.620088e+01 1.064511e+02
      vertex   2.301629e+02 3.620088e+01 1.064511e+02
      vertex   2.272229e+02 3.603856e+01 1.064169e+02
    endloop
  endfacet
  facet normal 0.000000e+00 2.059786e-01 -9.785565e-01
    outer loop
      vertex   2.272229e+02 3.603856e+01 1.064169e+02
      vertex   2.301629e+02 3.620088e+01 1.064511e+02
      vertex   2.301629e+02 3.603856e+01 1.064169e+02
    endloop
  endfacet
  facet normal 0.000000e+00 8.879590e-02 -9.960498e-01
    outer loop
      vertex   2.272229e+02 3.603856e+01 1.064169e+02
      vertex   2.301629e+02 3.603856e+01 1.064169e+02
      vertex   2.272229e+02 3.587334e+01 1.064022e+02
    endloop
  endfacet
  facet normal 0.000000e+00 8.879590e-02 -9.960498e-01
    outer loop
      vertex   2.272229e+02 3.587334e+01 1.064022e+02
      vertex   2.301629e+02 3.603856e+01 1.064169e+02
      vertex   2.301629e+02 3.587334e+01 1.064022e+02
    endloop
  endfacet
  facet normal 0.000000e+00 -2.963333e-02 -9.995608e-01
    outer loop
      vertex   2.272229e+02 3.587334e+01 1.064022e+02
      vertex   2.301629e+02 3.587334e+01 1.064022e+02
      vertex   2.272229e+02 3.570754e+01 1.064071e+02
    endloop
  endfacet
  facet normal 0.000000e+00 -2.963333e-02 -9.995608e-01
    outer loop
      vertex   2.272229e+02 3.570754e+01 1.064071e+02
      vertex   2.301629e+02 3.587334e+01 1.064022e+02
      vertex   2.301629e+02 3.570754e+01 1.064071e+02
    endloop
  endfacet
  facet normal 0.000000e+00 -1.476466e-01 -9.890402e-01
    outer loop
      vertex   2.272229e+02 3.570754e+01 1.064071e+02
      vertex   2.301629e+02 3.570754e+01 1.064071e+02
      vertex   2.272229e+02 3.554349e+01 1.064316e+02
    endloop
  endfacet
  facet normal 0.000000e+00 -1.476466e-01 -9.890402e-01
    outer loop
      vertex   2.272229e+02 3.554349e+01 1.064316e+02
      vertex   2.301629e+02 3.570754e+01 1.064071e+02
      vertex   2.301629e+02 3.554349e+01 1.064316e+02
    endloop
  endfacet
  facet normal 0.000000e+00 -2.635872e-01 -9.646356e-01
    outer loop
      vertex   2.272229e+02 3.554349e+01 1.064316e+02
      vertex   2.301629e+02 3.554349e+01 1.064316e+02
      vertex   2.272229e+02 3.538348e+01 1.064753e+02
    endloop
  endfacet
  facet normal 0.000000e+00 -2.635872e-01 -9.646356e-01
    outer loop
      vertex   2.272229e+02 3.538348e+01 1.064753e+02
      vertex   2.301629e+02 3.554349e+01 1.064316e+02
      vertex   2.301629e+02 3.538348e+01 1.064753e+02
    endloop
  endfacet
  facet normal 0.000000e+00 -3.758276e-01 -9.266896e-01
    outer loop
      vertex   2.272229e+02 3.538348e+01 1.064753e+02
      vertex   2.301629e+02 3.538348e+01 1.064753e+02
      vertex   2.272229e+02 3.522976e+01 1.065377e+02
    endloop
  endfacet
  facet normal 0.000000e+00 -3.758276e-01 -9.266896e-01
    outer loop
      vertex   2.272229e+02 3.522976e+01 1.065377e+02
      vertex   2.301629e+02 3.538348e+01 1.064753e+02
      vertex   2.301629e+02 3.522976e+01 1.065377e+02
    endloop
  endfacet
  facet normal 0.000000e+00 -4.827922e-01 -8.757349e-01
    outer loop
      vertex   2.272229e+02 3.522976e+01 1.065377e+02
      vertex   2.301629e+02 3.522976e+01 1.065377e+02
      vertex   2.272229e+02 3.508450e+01 1.066177e+02
    endloop
  endfacet
  facet normal 0.000000e+00 -4.827922e-01 -8.757349e-01
    outer loop
      vertex   2.272229e+02 3.508450e+01 1.066177e+02
      vertex   2.301629e+02 3.522976e+01 1.065377e+02
      vertex   2.301629e+02 3.508450e+01 1.066177e+02
    endloop
  endfacet
  facet normal 0.000000e+00 -5.829795e-01 -8.124869e-01
    outer loop
      vertex   2.272229e+02 3.508450e+01 1.066177e+02
      vertex   2.301629e+02 3.508450e+01 1.066177e+02
      vertex   2.272229e+02 3.494973e+01 1.067144e+02
    endloop
  endfacet
  facet normal 0.000000e+00 -5.829795e-01 -8.124869e-01
    outer loop
      vertex   2.272229e+02 3.494973e+01 1.067144e+02
      vertex   2.301629e+02 3.508450e+01 1.066177e+02
      vertex   2.301629e+02 3.494973e+01 1.067144e+02
    endloop
  endfacet
  facet normal 0.000000e+00 -6.749830e-01 -7.378333e-01
    outer loop
      vertex   2.272229e+02 3.494973e+01 1.067144e+02
      vertex   2.301629e+02 3.494973e+01 1.067144e+02
      vertex   2.272229e+02 3.482735e+01 1.068264e+02
    endloop
  endfacet
  facet normal 0.000000e+00 -6.749830e-01 -7.378333e-01
    outer loop
      vertex   2.272229e+02 3.482735e+01 1.068264e+02
      vertex   2.301629e+02 3.494973e+01 1.067144e+02
      vertex   2.301629e+02 3.482735e+01 1.068264e+02
    endloop
  endfacet
  facet normal 0.000000e+00 -7.575112e-01 -6.528221e-01
    outer loop
      vertex   2.272229e+02 3.482735e+01 1.068264e+02
      vertex   2.301629e+02 3.482735e+01 1.068264e+02
      vertex   2.272229e+02 3.471906e+01 1.069521e+02
    endloop
  endfacet
  facet normal 0.000000e+00 -7.575112e-01 -6.528221e-01
    outer loop
      vertex   2.272229e+02 3.471906e+01 1.069521e+02
      vertex   2.301629e+02 3.482735e+01 1.068264e+02
      vertex   2.301629e+02 3.471906e+01 1.069521e+02
    endloop
  endfacet
  facet normal 0.000000e+00 -8.294057e-01 -5.586468e-01
    outer loop
      vertex   2.272229e+02 3.471906e+01 1.069521e+02
      vertex   2.301629e+02 3.471906e+01 1.069521e+02
      vertex   2.272229e+02 3.462639e+01 1.070896e+02
    endloop
  endfacet
  facet normal 0.000000e+00 -8.294057e-01 -5.586468e-01
    outer loop
      vertex   2.272229e+02 3.462639e+01 1.070896e+02
      vertex   2.301629e+02 3.471906e+01 1.069521e+02
      vertex   2.301629e+02 3.462639e+01 1.070896e+02
    endloop
  endfacet
  facet normal 0.000000e+00 -8.896571e-01 -4.566292e-01
    outer loop
      vertex   2.272229e+02 3.462639e+01 1.070896e+02
      vertex   2.301629e+02 3.462639e+01 1.070896e+02
      vertex   2.272229e+02 3.455065e+01 1.072372e+02
    endloop
  endfacet
  facet normal 0.000000e+00 -8.896571e-01 -4.566292e-01
    outer loop
      vertex   2.272229e+02 3.455065e+01 1.072372e+02
      vertex   2.301629e+02 3.462639e+01 1.070896e+02
      vertex   2.301629e+02 3.455065e+01 1.072372e+02
    endloop
  endfacet
  facet normal 0.000000e+00 -9.374197e-01 -3.482016e-01
    outer loop
      vertex   2.272229e+02 3.455065e+01 1.072372e+02
      vertex   2.301629e+02 3.455065e+01 1.072372e+02
      vertex   2.272229e+02 3.449289e+01 1.073927e+02
    endloop
  endfacet
  facet normal 0.000000e+00 -9.374197e-01 -3.482016e-01
    outer loop
      vertex   2.272229e+02 3.449289e+01 1.073927e+02
      vertex   2.301629e+02 3.455065e+01 1.072372e+02
      vertex   2.301629e+02 3.449289e+01 1.073927e+02
    endloop
  endfacet
  facet normal 0.000000e+00 -9.720229e-01 -2.348860e-01
    outer loop
      vertex   2.272229e+02 3.449289e+01 1.073927e+02
      vertex   2.301629e+02 3.449289e+01 1.073927e+02
      vertex   2.272229e+02 3.445393e+01 1.075539e+02
    endloop
  endfacet
  facet normal 0.000000e+00 -9.720229e-01 -2.348860e-01
    outer loop
      vertex   2.272229e+02 3.445393e+01 1.075539e+02
      vertex   2.301629e+02 3.449289e+01 1.073927e+02
      vertex   2.301629e+02 3.445393e+01 1.075539e+02
    endloop
  endfacet
  facet normal 0.000000e+00 -9.929811e-01 -1.182732e-01
    outer loop
      vertex   2.272229e+02 3.445393e+01 1.075539e+02
      vertex   2.301629e+02 3.445393e+01 1.075539e+02
      vertex   2.272229e+02 3.443431e+01 1.077186e+02
    endloop
  endfacet
  facet normal 0.000000e+00 -9.929811e-01 -1.182732e-01
    outer loop
      vertex   2.272229e+02 3.443431e+01 1.077186e+02
      vertex   2.301629e+02 3.445393e+01 1.075539e+02
      vertex   2.301629e+02 3.443431e+01 1.077186e+02
    endloop
  endfacet
  facet normal 0.000000e+00 -1.000000e+00 4.283636e-14
    outer loop
      vertex   2.272229e+02 3.443431e+01 1.077186e+02
      vertex   2.301629e+02 3.443431e+01 1.077186e+02
      vertex   2.272229e+02 3.443431e+01 1.078845e+02
    endloop
  endfacet
  facet normal 0.000000e+00 -1.000000e+00 4.283636e-14
    outer loop
      vertex   2.272229e+02 3.443431e+01 1.078845e+02
      vertex   2.301629e+02 3.443431e+01 1.077186e+02
      vertex   2.301629e+02 3.443431e+01 1.078845e+02
    endloop
  endfacet
  facet normal 0.000000e+00 -9.929811e-01 1.182732e-01
    outer loop
      vertex   2.272229e+02 3.443431e+01 1.078845e+02
      vertex   2.301629e+02 3.443431e+01 1.078845e+02
      vertex   2.272229e+02 3.445393e+01 1.080492e+02
    endloop
  endfacet
  facet normal 0.000000e+00 -9.929811e-01 1.182732e-01
    outer loop
      vertex   2.272229e+02 3.445393e+01 1.080492e+02
      vertex   2.301629e+02 3.443431e+01 1.078845e+02
      vertex   2.301629e+02 3.445393e+01 1.080492e+02
    endloop
  endfacet
  facet normal 0.000000e+00 -9.720229e-01 2.348860e-01
    outer loop
      vertex   2.272229e+02 3.445393e+01 1.080492e+02
      vertex   2.301629e+02 3.445393e+01 1.080492e+02
      vertex   2.272229e+02 3.449289e+01 1.082105e+02
    endloop
  endfacet
  facet normal 0.000000e+00 -9.720229e-01 2.348860e-01
    outer loop
      vertex   2.272229e+02 3.449289e+01 1.082105e+02
      vertex   2.301629e+02 3.445393e+01 1.080492e+02
      vertex   2.301629e+02 3.449289e+01 1.082105e+02
    endloop
  endfacet
  facet normal 0.000000e+00 -9.374197e-01 3.482016e-01
    outer loop
      vertex   2.272229e+02 3.449289e+01 1.082105e+02
      vertex   2.301629e+02 3.449289e+01 1.082105e+02
      vertex   2.272229e+02 3.455065e+01 1.083659e+02
    endloop
  endfacet
  facet normal 0.000000e+00 -9.374197e-01 3.482016e-01
    outer loop
      vertex   2.272229e+02 3.455065e+01 1.083659e+02
      vertex   2.301629e+02 3.449289e+01 1.082105e+02
      vertex   2.301629e+02 3.455065e+01 1.083659e+02
    endloop
  endfacet
  facet normal 0.000000e+00 -8.896571e-01 4.566292e-01
    outer loop
      vertex   2.272229e+02 3.455065e+01 1.083659e+02
      vertex   2.301629e+02 3.455065e+01 1.083659e+02
      vertex   2.272229e+02 3.462639e+01 1.085135e+02
    endloop
  endfacet
  facet normal 0.000000e+00 -8.896571e-01 4.566292e-01
    outer loop
      vertex   2.272229e+02 3.462639e+01 1.085135e+02
      vertex   2.301629e+02 3.455065e+01 1.083659e+02
      vertex   2.301629e+02 3.462639e+01 1.085135e+02
    endloop
  endfacet
  facet normal 0.000000e+00 -8.294057e-01 5.586468e-01
    outer loop
      vertex   2.272229e+02 3.462639e+01 1.085135e+02
      vertex   2.301629e+02 3.462639e+01 1.085135e+02
      vertex   2.272229e+02 3.471906e+01 1.086511e+02
    endloop
  endfacet
  facet normal 0.000000e+00 -8.294057e-01 5.586468e-01
    outer loop
      vertex   2.272229e+02 3.471906e+01 1.086511e+02
      vertex   2.301629e+02 3.462639e+01 1.085135e+02
      vertex   2.301629e+02 3.471906e+01 1.086511e+02
    endloop
  endfacet
  facet normal 0.000000e+00 -7.575112e-01 6.528221e-01
    outer loop
      vertex   2.272229e+02 3.471906e+01 1.086511e+02
      vertex   2.301629e+02 3.471906e+01 1.086511e+02
      vertex   2.272229e+02 3.482735e+01 1.087767e+02
    endloop
  endfacet
  facet normal 0.000000e+00 -7.575112e-01 6.528221e-01
    outer loop
      vertex   2.272229e+02 3.482735e+01 1.087767e+02
      vertex   2.301629e+02 3.471906e+01 1.086511e+02
      vertex   2.301629e+02 3.482735e+01 1.087767e+02
    endloop
  endfacet
  facet normal 0.000000e+00 -6.749830e-01 7.378333e-01
    outer loop
      vertex   2.272229e+02 3.482735e+01 1.087767e+02
      vertex   2.301629e+02 3.482735e+01 1.087767e+02
      vertex   2.272229e+02 3.494973e+01 1.088887e+02
    endloop
  endfacet
  facet normal 0.000000e+00 -6.749830e-01 7.378333e-01
    outer loop
      vertex   2.272229e+02 3.494973e+01 1.088887e+02
      vertex   2.301629e+02 3.482735e+01 1.087767e+02
      vertex   2.301629e+02 3.494973e+01 1.088887e+02
    endloop
  endfacet
  facet normal 0.000000e+00 -5.829795e-01 8.124869e-01
    outer loop
      vertex   2.272229e+02 3.494973e+01 1.088887e+02
      vertex   2.301629e+02 3.494973e+01 1.088887e+02
      vertex   2.272229e+02 3.508450e+01 1.089854e+02
    endloop
  endfacet
  facet normal 0.000000e+00 -5.829795e-01 8.124869e-01
    outer loop
      vertex   2.272229e+02 3.508450e+01 1.089854e+02
      vertex   2.301629e+02 3.494973e+01 1.088887e+02
      vertex   2.301629e+02 3.508450e+01 1.089854e+02
    endloop
  endfacet
  facet normal 0.000000e+00 -4.827922e-01 8.757349e-01
    outer loop
      vertex   2.272229e+02 3.508450e+01 1.089854e+02
      vertex   2.301629e+02 3.508450e+01 1.089854e+02
      vertex   2.272229e+02 3.522976e+01 1.090655e+02
    endloop
  endfacet
  facet normal 0.000000e+00 -4.827922e-01 8.757349e-01
    outer loop
      vertex   2.272229e+02 3.522976e+01 1.090655e+02
      vertex   2.301629e+02 3.508450e+01 1.089854e+02
      vertex   2.301629e+02 3.522976e+01 1.090655e+02
    endloop
  endfacet
  facet normal 0.000000e+00 -3.758276e-01 9.266896e-01
    outer loop
      vertex   2.272229e+02 3.522976e+01 1.090655e+02
      vertex   2.301629e+02 3.522976e+01 1.090655e+02
      vertex   2.272229e+02 3.538348e+01 1.091278e+02
    endloop
  endfacet
  facet normal 0.000000e+00 -3.758276e-01 9.266896e-01
    outer loop
      vertex   2.272229e+02 3.538348e+01 1.091278e+02
      vertex   2.301629e+02 3.522976e+01 1.090655e+02
      vertex   2.301629e+02 3.538348e+01 1.091278e+02
    endloop
  endfacet
  facet normal 0.000000e+00 -2.635872e-01 9.646356e-01
    outer loop
      vertex   2.272229e+02 3.538348e+01 1.091278e+02
      vertex   2.301629e+02 3.538348e+01 1.091278e+02
      vertex   2.272229e+02 3.554349e+01 1.091716e+02
    endloop
  endfacet
  facet normal 0.000000e+00 -2.635872e-01 9.646356e-01
    outer loop
      vertex   2.272229e+02 3.554349e+01 1.091716e+02
      vertex   2.301629e+02 3.538348e+01 1.091278e+02
      vertex   2.301629e+02 3.554349e+01 1.091716e+02
    endloop
  endfacet
  facet normal 0.000000e+00 -1.476466e-01 9.890402e-01
    outer loop
      vertex   2.272229e+02 3.554349e+01 1.091716e+02
      vertex   2.301629e+02 3.554349e+01 1.091716e+02
      vertex   2.272229e+02 3.570754e+01 1.091960e+02
    endloop
  endfacet
  facet normal 0.000000e+00 -1.476466e-01 9.890402e-01
    outer loop
      vertex   2.272229e+02 3.570754e+01 1.091960e+02
      vertex   2.301629e+02 3.554349e+01 1.091716e+02
      vertex   2.301629e+02 3.570754e+01 1.091960e+02
    endloop
  endfacet
  facet normal 0.000000e+00 -2.963333e-02 9.995608e-01
    outer loop
      vertex   2.272229e+02 3.570754e+01 1.091960e+02
      vertex   2.301629e+02 3.570754e+01 1.091960e+02
      vertex   2.272229e+02 3.587334e+01 1.092010e+02
    endloop
  endfacet
  facet normal 0.000000e+00 -2.963333e-02 9.995608e-01
    outer loop
      vertex   2.272229e+02 3.587334e+01 1.092010e+02
      vertex   2.301629e+02 3.570754e+01 1.091960e+02
      vertex   2.301629e+02 3.587334e+01 1.092010e+02
    endloop
  endfacet
  facet normal -0.000000e+00 8.879590e-02 9.960498e-01
    outer loop
      vertex   2.272229e+02 3.587334e+01 1.092010e+02
      vertex   2.301629e+02 3.587334e+01 1.092010e+02
      vertex   2.272229e+02 3.603856e+01 1.091862e+02
    endloop
  endfacet
  facet normal -0.000000e+00 8.879590e-02 9.960498e-01
    outer loop
      vertex   2.272229e+02 3.603856e+01 1.091862e+02
      vertex   2.301629e+02 3.587334e+01 1.092010e+02
      vertex   2.301629e+02 3.603856e+01 1.091862e+02
    endloop
  endfacet
  facet normal -0.000000e+00 2.059786e-01 9.785565e-01
    outer loop
      vertex   2.272229e+02 3.603856e+01 1.091862e+02
      vertex   2.301629e+02 3.603856e+01 1.091862e+02
      vertex   2.272229e+02 3.620088e+01 1.091521e+02
    endloop
  endfacet
  facet normal -0.000000e+00 2.059786e-01 9.785565e-01
    outer loop
      vertex   2.272229e+02 3.620088e+01 1.091521e+02
      vertex   2.301629e+02 3.603856e+01 1.091862e+02
      vertex   2.301629e+02 3.620088e+01 1.091521e+02
    endloop
  endfacet
  facet normal -0.000000e+00 3.202699e-01 9.473264e-01
    outer loop
      vertex   2.272229e+02 3.620088e+01 1.091521e+02
      vertex   2.301629e+02 3.620088e+01 1.091521e+02
      vertex   2.272229e+02 3.635801e+01 1.090989e+02
    endloop
  endfacet
  facet normal -0.000000e+00 3.202699e-01 9.473264e-01
    outer loop
      vertex   2.272229e+02 3.635801e+01 1.090989e+02
      vertex   2.301629e+02 3.620088e+01 1.091521e+02
      vertex   2.301629e+02 3.635801e+01 1.090989e+02
    endloop
  endfacet
  facet normal -0.000000e+00 4.300652e-01 9.027978e-01
    outer loop
      vertex   2.272229e+02 3.635801e+01 1.090989e+02
      vertex   2.301629e+02 3.635801e+01 1.090989e+02
      vertex   2.272229e+02 3.650776e+01 1.090276e+02
    endloop
  endfacet
  facet normal -0.000000e+00 4.300652e-01 9.027978e-01
    outer loop
      vertex   2.272229e+02 3.650776e+01 1.090276e+02
      vertex   2.301629e+02 3.635801e+01 1.090989e+02
      vertex   2.301629e+02 3.650776e+01 1.090276e+02
    endloop
  endfacet
  facet normal -0.000000e+00 5.338234e-01 8.455960e-01
    outer loop
      vertex   2.272229e+02 3.650776e+01 1.090276e+02
      vertex   2.301629e+02 3.650776e+01 1.090276e+02
      vertex   2.272229e+02 3.664803e+01 1.089391e+02
    endloop
  endfacet
  facet normal -0.000000e+00 5.338234e-01 8.455960e-01
    outer loop
      vertex   2.272229e+02 3.664803e+01 1.089391e+02
      vertex   2.301629e+02 3.650776e+01 1.090276e+02
      vertex   2.301629e+02 3.664803e+01 1.089391e+02
    endloop
  endfacet
  facet normal -0.000000e+00 6.300878e-01 7.765239e-01
    outer loop
      vertex   2.272229e+02 3.664803e+01 1.089391e+02
      vertex   2.301629e+02 3.664803e+01 1.089391e+02
      vertex   2.272229e+02 3.677683e+01 1.088345e+02
    endloop
  endfacet
  facet normal -0.000000e+00 6.300878e-01 7.765239e-01
    outer loop
      vertex   2.272229e+02 3.677683e+01 1.088345e+02
      vertex   2.301629e+02 3.664803e+01 1.089391e+02
      vertex   2.301629e+02 3.677683e+01 1.088345e+02
    endloop
  endfacet
  facet normal -0.000000e+00 7.175073e-01 6.965510e-01
    outer loop
      vertex   2.272229e+02 3.677683e+01 1.088345e+02
      vertex   2.301629e+02 3.677683e+01 1.088345e+02
      vertex   2.272229e+02 3.689237e+01 1.087155e+02
    endloop
  endfacet
  facet normal -0.000000e+00 7.175073e-01 6.965510e-01
    outer loop
      vertex   2.272229e+02 3.689237e+01 1.087155e+02
      vertex   2.301629e+02 3.677683e+01 1.088345e+02
      vertex   2.301629e+02 3.689237e+01 1.087155e+02
    endloop
  endfacet
  facet normal -0.000000e+00 7.948544e-01 6.068001e-01
    outer loop
      vertex   2.272229e+02 3.689237e+01 1.087155e+02
      vertex   2.301629e+02 3.689237e+01 1.087155e+02
      vertex   2.272229e+02 3.699302e+01 1.085837e+02
    endloop
  endfacet
  facet normal -0.000000e+00 7.948544e-01 6.068001e-01
    outer loop
      vertex   2.272229e+02 3.699302e+01 1.085837e+02
      vertex   2.301629e+02 3.689237e+01 1.087155e+02
      vertex   2.301629e+02 3.699302e+01 1.085837e+02
    endloop
  endfacet
  facet normal -0.000000e+00 8.610436e-01 5.085311e-01
    outer loop
      vertex   2.272229e+02 3.699302e+01 1.085837e+02
      vertex   2.301629e+02 3.699302e+01 1.085837e+02
      vertex   2.272229e+02 3.707738e+01 1.084409e+02
    endloop
  endfacet
  facet normal -0.000000e+00 8.610436e-01 5.085311e-01
    outer loop
      vertex   2.272229e+02 3.707738e+01 1.084409e+02
      vertex   2.301629e+02 3.699302e+01 1.085837e+02
      vertex   2.301629e+02 3.707738e+01 1.084409e+02
    endloop
  endfacet
  facet normal -0.000000e+00 9.151456e-01 4.031234e-01
    outer loop
      vertex   2.272229e+02 3.707738e+01 1.084409e+02
      vertex   2.301629e+02 3.707738e+01 1.084409e+02
      vertex   2.272229e+02 3.714424e+01 1.082891e+02
    endloop
  endfacet
  facet normal -0.000000e+00 9.151456e-01 4.031234e-01
    outer loop
      vertex   2.272229e+02 3.714424e+01 1.082891e+02
      vertex   2.301629e+02 3.707738e+01 1.084409e+02
      vertex   2.301629e+02 3.714424e+01 1.082891e+02
    endloop
  endfacet
  facet normal -0.000000e+00 9.564010e-01 2.920568e-01
    outer loop
      vertex   2.272229e+02 3.714424e+01 1.082891e+02
      vertex   2.301629e+02 3.714424e+01 1.082891e+02
      vertex   2.272229e+02 3.719269e+01 1.081304e+02
    endloop
  endfacet
  facet normal -0.000000e+00 9.564010e-01 2.920568e-01
    outer loop
      vertex   2.272229e+02 3.719269e+01 1.081304e+02
      vertex   2.301629e+02 3.714424e+01 1.082891e+02
      vertex   2.301629e+02 3.719269e+01 1.081304e+02
    endloop
  endfacet
  facet normal -0.000000e+00 9.842306e-01 1.768903e-01
    outer loop
      vertex   2.272229e+02 3.719269e+01 1.081304e+02
      vertex   2.301629e+02 3.719269e+01 1.081304e+02
      vertex   2.272229e+02 3.722203e+01 1.079672e+02
    endloop
  endfacet
  facet normal -0.000000e+00 9.842306e-01 1.768903e-01
    outer loop
      vertex   2.272229e+02 3.722203e+01 1.079672e+02
      vertex   2.301629e+02 3.719269e+01 1.081304e+02
      vertex   2.301629e+02 3.722203e+01 1.079672e+02
    endloop
  endfacet
  facet normal -0.000000e+00 9.982437e-01 5.924063e-02
    outer loop
      vertex   2.272229e+02 3.722203e+01 1.079672e+02
      vertex   2.301629e+02 3.722203e+01 1.079672e+02
      vertex   2.272229e+02 3.723186e+01 1.078016e+02
    endloop
  endfacet
  facet normal -0.000000e+00 9.982437e-01 5.924063e-02
    outer loop
      vertex   2.272229e+02 3.723186e+01 1.078016e+02
      vertex   2.301629e+02 3.722203e+01 1.079672e+02
      vertex   2.301629e+02 3.723186e+01 1.078016e+02
    endloop
  endfacet
  facet normal 1.000000e+00 0.000000e+00 0.000000e+00
    outer loop
      vertex   2.332529e+02 3.708186e+01 1.078016e+02
      vertex   2.332529e+02 3.707238e+01 1.079552e+02
      vertex   2.332529e+02 3.707238e+01 1.076480e+02
    endloop
  endfacet
  facet normal 1.000000e+00 0.000000e+00 -0.000000e+00
    outer loop
      vertex   2.332529e+02 3.707238e+01 1.076480e+02
      vertex   2.332529e+02 3.707238e+01 1.079552e+02
      vertex   2.332529e+02 3.704410e+01 1.081065e+02
    endloop
  endfacet
  facet normal 1.000000e+00 0.000000e+00 0.000000e+00
    outer loop
      vertex   2.332529e+02 3.707238e+01 1.076480e+02
      vertex   2.332529e+02 3.704410e+01 1.081065e+02
      vertex   2.332529e+02 3.704410e+01 1.074967e+02
    endloop
  endfacet
  facet normal 1.000000e+00 0.000000e+00 -0.000000e+00
    outer loop
      vertex   2.332529e+02 3.704410e+01 1.074967e+02
      vertex   2.332529e+02 3.704410e+01 1.081065e+02
      vertex   2.332529e+02 3.699745e+01 1.082531e+02
    endloop
  endfacet
  facet normal 1.000000e+00 0.000000e+00 0.000000e+00
    outer loop
      vertex   2.332529e+02 3.704410e+01 1.074967e+02
      vertex   2.332529e+02 3.699745e+01 1.082531e+02
      vertex   2.332529e+02 3.693312e+01 1.083929e+02
    endloop
  endfacet
  facet normal 1.000000e+00 0.000000e+00 0.000000e+00
    outer loop
      vertex   2.332529e+02 3.693312e+01 1.083929e+02
      vertex   2.332529e+02 3.685210e+01 1.085238e+02
      vertex   2.332529e+02 3.704410e+01 1.074967e+02
    endloop
  endfacet
  facet normal 1.000000e+00 0.000000e+00 0.000000e+00
    outer loop
      vertex   2.332529e+02 3.704410e+01 1.074967e+02
      vertex   2.332529e+02 3.685210e+01 1.085238e+02
      vertex   2.332529e+02 3.675562e+01 1.086437e+02
    endloop
  endfacet
  facet normal 1.000000e+00 0.000000e+00 0.000000e+00
    outer loop
      vertex   2.332529e+02 3.704410e+01 1.074967e+02
      vertex   2.332529e+02 3.675562e+01 1.086437e+02
      vertex   2.332529e+02 3.664513e+01 1.087508e+02
    endloop
  endfacet
  facet normal 1.000000e+00 0.000000e+00 0.000000e+00
    outer loop
      vertex   2.332529e+02 3.664513e+01 1.087508e+02
      vertex   2.332529e+02 3.652231e+01 1.088436e+02
      vertex   2.332529e+02 3.704410e+01 1.074967e+02
    endloop
  endfacet
  facet normal 1.000000e+00 0.000000e+00 0.000000e+00
    outer loop
      vertex   2.332529e+02 3.704410e+01 1.074967e+02
      vertex   2.332529e+02 3.652231e+01 1.088436e+02
      vertex   2.332529e+02 3.638903e+01 1.089205e+02
    endloop
  endfacet
  facet normal 1.000000e+00 0.000000e+00 0.000000e+00
    outer loop
      vertex   2.332529e+02 3.704410e+01 1.074967e+02
      vertex   2.332529e+02 3.638903e+01 1.089205e+02
      vertex   2.332529e+02 3.624730e+01 1.089805e+02
    endloop
  endfacet
  facet normal 1.000000e+00 0.000000e+00 0.000000e+00
    outer loop
      vertex   2.332529e+02 3.624730e+01 1.089805e+02
      vertex   2.332529e+02 3.609927e+01 1.090226e+02
      vertex   2.332529e+02 3.704410e+01 1.074967e+02
    endloop
  endfacet
  facet normal 1.000000e+00 0.000000e+00 0.000000e+00
    outer loop
      vertex   2.332529e+02 3.704410e+01 1.074967e+02
      vertex   2.332529e+02 3.609927e+01 1.090226e+02
      vertex   2.332529e+02 3.594719e+01 1.090462e+02
    endloop
  endfacet
  facet normal 1.000000e+00 0.000000e+00 0.000000e+00
    outer loop
      vertex   2.332529e+02 3.704410e+01 1.074967e+02
      vertex   2.332529e+02 3.594719e+01 1.090462e+02
      vertex   2.332529e+02 3.579336e+01 1.090510e+02
    endloop
  endfacet
  facet normal 1.000000e+00 0.000000e+00 0.000000e+00
    outer loop
      vertex   2.332529e+02 3.579336e+01 1.090510e+02
      vertex   2.332529e+02 3.564012e+01 1.090368e+02
      vertex   2.332529e+02 3.704410e+01 1.074967e+02
    endloop
  endfacet
  facet normal 1.000000e+00 0.000000e+00 0.000000e+00
    outer loop
      vertex   2.332529e+02 3.704410e+01 1.074967e+02
      vertex   2.332529e+02 3.564012e+01 1.090368e+02
      vertex   2.332529e+02 3.548978e+01 1.090039e+02
    endloop
  endfacet
  facet normal 1.000000e+00 0.000000e+00 0.000000e+00
    outer loop
      vertex   2.332529e+02 3.704410e+01 1.074967e+02
      vertex   2.332529e+02 3.548978e+01 1.090039e+02
      vertex   2.332529e+02 3.534462e+01 1.089527e+02
    endloop
  endfacet
  facet normal 1.000000e+00 0.000000e+00 0.000000e+00
    outer loop
      vertex   2.332529e+02 3.534462e+01 1.089527e+02
      vertex   2.332529e+02 3.520686e+01 1.088841e+02
      vertex   2.332529e+02 3.704410e+01 1.074967e+02
    endloop
  endfacet
  facet normal 1.000000e+00 0.000000e+00 0.000000e+00
    outer loop
      vertex   2.332529e+02 3.704410e+01 1.074967e+02
      vertex   2.332529e+02 3.520686e+01 1.088841e+02
      vertex   2.332529e+02 3.507856e+01 1.087991e+02
    endloop
  endfacet
  facet normal 1.000000e+00 0.000000e+00 0.000000e+00
    outer loop
      vertex   2.332529e+02 3.704410e+01 1.074967e+02
      vertex   2.332529e+02 3.507856e+01 1.087991e+02
      vertex   2.332529e+02 3.496169e+01 1.086990e+02
    endloop
  endfacet
  facet normal 1.000000e+00 0.000000e+00 0.000000e+00
    outer loop
      vertex   2.332529e+02 3.496169e+01 1.086990e+02
      vertex   2.332529e+02 3.485801e+01 1.085852e+02
      vertex   2.332529e+02 3.704410e+01 1.074967e+02
    endloop
  endfacet
  facet normal 1.000000e+00 0.000000e+00 0.000000e+00
    outer loop
      vertex   2.332529e+02 3.704410e+01 1.074967e+02
      vertex   2.332529e+02 3.485801e+01 1.085852e+02
      vertex   2.332529e+02 3.476908e+01 1.084596e+02
    endloop
  endfacet
  facet normal 1.000000e+00 0.000000e+00 0.000000e+00
    outer loop
      vertex   2.332529e+02 3.704410e+01 1.074967e+02
      vertex   2.332529e+02 3.476908e+01 1.084596e+02
      vertex   2.332529e+02 3.469627e+01 1.083240e+02
    endloop
  endfacet
  facet normal 1.000000e+00 0.000000e+00 0.000000e+00
    outer loop
      vertex   2.332529e+02 3.469627e+01 1.083240e+02
      vertex   2.332529e+02 3.464068e+01 1.081805e+02
      vertex   2.332529e+02 3.704410e+01 1.074967e+02
    endloop
  endfacet
  facet normal 1.000000e+00 0.000000e+00 0.000000e+00
    outer loop
      vertex   2.332529e+02 3.704410e+01 1.074967e+02
      vertex   2.332529e+02 3.464068e+01 1.081805e+02
      vertex   2.332529e+02 3.460314e+01 1.080313e+02
    endloop
  endfacet
  facet normal 1.000000e+00 0.000000e+00 0.000000e+00
    outer loop
      vertex   2.332529e+02 3.704410e+01 1.074967e+02
      vertex   2.332529e+02 3.460314e+01 1.080313e+02
      vertex   2.332529e+02 3.458423e+01 1.078785e+02
    endloop
  endfacet
  facet normal 1.000000e+00 0.000000e+00 0.000000e+00
    outer loop
      vertex   2.332529e+02 3.458423e+01 1.078785e+02
      vertex   2.332529e+02 3.458423e+01 1.077246e+02
      vertex   2.332529e+02 3.704410e+01 1.074967e+02
    endloop
  endfacet
  facet normal 1.000000e+00 0.000000e+00 0.000000e+00
    outer loop
      vertex   2.332529e+02 3.704410e+01 1.074967e+02
      vertex   2.332529e+02 3.458423e+01 1.077246e+02
      vertex   2.332529e+02 3.460314e+01 1.075719e+02
    endloop
  endfacet
  facet normal 1.000000e+00 0.000000e+00 0.000000e+00
    outer loop
      vertex   2.332529e+02 3.704410e+01 1.074967e+02
      vertex   2.332529e+02 3.460314e+01 1.075719e+02
      vertex   2.332529e+02 3.464068e+01 1.074226e+02
    endloop
  endfacet
  facet normal 1.000000e+00 0.000000e+00 0.000000e+00
    outer loop
      vertex   2.332529e+02 3.704410e+01 1.074967e+02
      vertex   2.332529e+02 3.464068e+01 1.074226e+02
      vertex   2.332529e+02 3.699745e+01 1.073500e+02
    endloop
  endfacet
  facet normal 1.000000e+00 0.000000e+00 0.000000e+00
    outer loop
      vertex   2.332529e+02 3.699745e+01 1.073500e+02
      vertex   2.332529e+02 3.464068e+01 1.074226e+02
      vertex   2.332529e+02 3.469627e+01 1.072791e+02
    endloop
  endfacet
  facet normal 1.000000e+00 0.000000e+00 0.000000e+00
    outer loop
      vertex   2.332529e+02 3.699745e+01 1.073500e+02
      vertex   2.332529e+02 3.469627e+01 1.072791e+02
      vertex   2.332529e+02 3.693312e+01 1.072102e+02
    endloop
  endfacet
  facet normal 1.000000e+00 0.000000e+00 0.000000e+00
    outer loop
      vertex   2.332529e+02 3.693312e+01 1.072102e+02
      vertex   2.332529e+02 3.469627e+01 1.072791e+02
      vertex   2.332529e+02 3.476908e+01 1.071435e+02
    endloop
  endfacet
  facet normal 1.000000e+00 0.000000e+00 0.000000e+00
    outer loop
      vertex   2.332529e+02 3.693312e+01 1.072102e+02
      vertex   2.332529e+02 3.476908e+01 1.071435e+02
      vertex   2.332529e+02 3.685210e+01 1.070794e+02
    endloop
  endfacet
  facet normal 1.000000e+00 0.000000e+00 0.000000e+00
    outer loop
      vertex   2.332529e+02 3.685210e+01 1.070794e+02
      vertex   2.332529e+02 3.476908e+01 1.071435e+02
      vertex   2.332529e+02 3.485801e+01 1.070179e+02
    endloop
  endfacet
  facet normal 1.000000e+00 0.000000e+00 0.000000e+00
    outer loop
      vertex   2.332529e+02 3.685210e+01 1.070794e+02
      vertex   2.332529e+02 3.485801e+01 1.070179e+02
      vertex   2.332529e+02 3.675562e+01 1.069595e+02
    endloop
  endfacet
  facet normal 1.000000e+00 0.000000e+00 0.000000e+00
    outer loop
      vertex   2.332529e+02 3.675562e+01 1.069595e+02
      vertex   2.332529e+02 3.485801e+01 1.070179e+02
      vertex   2.332529e+02 3.496169e+01 1.069042e+02
    endloop
  endfacet
  facet normal 1.000000e+00 0.000000e+00 0.000000e+00
    outer loop
      vertex   2.332529e+02 3.675562e+01 1.069595e+02
      vertex   2.332529e+02 3.496169e+01 1.069042e+02
      vertex   2.332529e+02 3.664513e+01 1.068523e+02
    endloop
  endfacet
  facet normal 1.000000e+00 0.000000e+00 0.000000e+00
    outer loop
      vertex   2.332529e+02 3.664513e+01 1.068523e+02
      vertex   2.332529e+02 3.496169e+01 1.069042e+02
      vertex   2.332529e+02 3.507856e+01 1.068041e+02
    endloop
  endfacet
  facet normal 1.000000e+00 0.000000e+00 0.000000e+00
    outer loop
      vertex   2.332529e+02 3.664513e+01 1.068523e+02
      vertex   2.332529e+02 3.507856e+01 1.068041e+02
      vertex   2.332529e+02 3.652231e+01 1.067596e+02
    endloop
  endfacet
  facet normal 1.000000e+00 0.000000e+00 0.000000e+00
    outer loop
      vertex   2.332529e+02 3.652231e+01 1.067596e+02
      vertex   2.332529e+02 3.507856e+01 1.068041e+02
      vertex   2.332529e+02 3.520686e+01 1.067190e+02
    endloop
  endfacet
  facet normal 1.000000e+00 0.000000e+00 0.000000e+00
    outer loop
      vertex   2.332529e+02 3.652231e+01 1.067596e+02
      vertex   2.332529e+02 3.520686e+01 1.067190e+02
      vertex   2.332529e+02 3.638903e+01 1.066826e+02
    endloop
  endfacet
  facet normal 1.000000e+00 0.000000e+00 0.000000e+00
    outer loop
      vertex   2.332529e+02 3.638903e+01 1.066826e+02
      vertex   2.332529e+02 3.520686e+01 1.067190e+02
      vertex   2.332529e+02 3.534462e+01 1.066504e+02
    endloop
  endfacet
  facet normal 1.000000e+00 0.000000e+00 0.000000e+00
    outer loop
      vertex   2.332529e+02 3.638903e+01 1.066826e+02
      vertex   2.332529e+02 3.534462e+01 1.066504e+02
      vertex   2.332529e+02 3.624730e+01 1.066226e+02
    endloop
  endfacet
  facet normal 1.000000e+00 0.000000e+00 0.000000e+00
    outer loop
      vertex   2.332529e+02 3.624730e+01 1.066226e+02
      vertex   2.332529e+02 3.534462e+01 1.066504e+02
      vertex   2.332529e+02 3.548978e+01 1.065993e+02
    endloop
  endfacet
  facet normal 1.000000e+00 0.000000e+00 0.000000e+00
    outer loop
      vertex   2.332529e+02 3.624730e+01 1.066226e+02
      vertex   2.332529e+02 3.548978e+01 1.065993e+02
      vertex   2.332529e+02 3.609927e+01 1.065805e+02
    endloop
  endfacet
  facet normal 1.000000e+00 0.000000e+00 0.000000e+00
    outer loop
      vertex   2.332529e+02 3.609927e+01 1.065805e+02
      vertex   2.332529e+02 3.548978e+01 1.065993e+02
      vertex   2.332529e+02 3.564012e+01 1.065664e+02
    endloop
  endfacet
  facet normal 1.000000e+00 0.000000e+00 0.000000e+00
    outer loop
      vertex   2.332529e+02 3.609927e+01 1.065805e+02
      vertex   2.332529e+02 3.564012e+01 1.065664e+02
      vertex   2.332529e+02 3.594719e+01 1.065569e+02
    endloop
  endfacet
  facet normal 1.000000e+00 0.000000e+00 0.000000e+00
    outer loop
      vertex   2.332529e+02 3.594719e+01 1.065569e+02
      vertex   2.332529e+02 3.564012e+01 1.065664e+02
      vertex   2.332529e+02 3.579336e+01 1.065522e+02
    endloop
  endfacet
  facet normal -8.496611e-02 9.946981e-01 -5.793457e-02
    outer loop
      vertex   2.184029e+02 3.722239e+01 1.076390e+02
      vertex   2.183640e+02 3.722613e+01 1.077602e+02
      vertex   2.184029e+02 3.723186e+01 1.078016e+02
    endloop
  endfacet
  facet normal -1.761210e-01 9.839362e-01 2.917012e-02
    outer loop
      vertex   2.184029e+02 3.723186e+01 1.078016e+02
      vertex   2.183640e+02 3.722613e+01 1.077602e+02
      vertex   2.183640e+02 3.722123e+01 1.079254e+02
    endloop
  endfacet
  facet normal -8.727760e-02 9.944986e-01 5.792295e-02
    outer loop
      vertex   2.184029e+02 3.723186e+01 1.078016e+02
      vertex   2.183640e+02 3.722123e+01 1.079254e+02
      vertex   2.184029e+02 3.722239e+01 1.079641e+02
    endloop
  endfacet
  facet normal -1.737989e-01 9.739881e-01 1.453996e-01
    outer loop
      vertex   2.184029e+02 3.722239e+01 1.079641e+02
      vertex   2.183640e+02 3.722123e+01 1.079254e+02
      vertex   2.183640e+02 3.719683e+01 1.080889e+02
    endloop
  endfacet
  facet normal -8.975869e-02 9.808326e-01 1.729473e-01
    outer loop
      vertex   2.184029e+02 3.722239e+01 1.079641e+02
      vertex   2.183640e+02 3.719683e+01 1.080889e+02
      vertex   2.184029e+02 3.719412e+01 1.081244e+02
    endloop
  endfacet
  facet normal -1.713079e-01 9.503759e-01 2.596907e-01
    outer loop
      vertex   2.184029e+02 3.719412e+01 1.081244e+02
      vertex   2.183640e+02 3.719683e+01 1.080889e+02
      vertex   2.183640e+02 3.715327e+01 1.082483e+02
    endloop
  endfacet
  facet normal -9.240898e-02 9.538904e-01 2.855760e-01
    outer loop
      vertex   2.184029e+02 3.719412e+01 1.081244e+02
      vertex   2.183640e+02 3.715327e+01 1.082483e+02
      vertex   2.184029e+02 3.714743e+01 1.082804e+02
    endloop
  endfacet
  facet normal -1.686472e-01 9.134161e-01 3.704444e-01
    outer loop
      vertex   2.184029e+02 3.714743e+01 1.082804e+02
      vertex   2.183640e+02 3.715327e+01 1.082483e+02
      vertex   2.183640e+02 3.709116e+01 1.084015e+02
    endloop
  endfacet
  facet normal -9.522802e-02 9.140433e-01 3.942798e-01
    outer loop
      vertex   2.184029e+02 3.714743e+01 1.082804e+02
      vertex   2.183640e+02 3.709116e+01 1.084015e+02
      vertex   2.184029e+02 3.708294e+01 1.084299e+02
    endloop
  endfacet
  facet normal -1.658163e-01 8.636118e-01 4.761087e-01
    outer loop
      vertex   2.184029e+02 3.708294e+01 1.084299e+02
      vertex   2.183640e+02 3.709116e+01 1.084015e+02
      vertex   2.183640e+02 3.701137e+01 1.085462e+02
    endloop
  endfacet
  facet normal -9.821533e-02 8.618383e-01 4.975826e-01
    outer loop
      vertex   2.184029e+02 3.708294e+01 1.084299e+02
      vertex   2.183640e+02 3.701137e+01 1.085462e+02
      vertex   2.184029e+02 3.700154e+01 1.085709e+02
    endloop
  endfacet
  facet normal -1.628144e-01 8.016456e-01 5.752006e-01
    outer loop
      vertex   2.184029e+02 3.700154e+01 1.085709e+02
      vertex   2.183640e+02 3.701137e+01 1.085462e+02
      vertex   2.183640e+02 3.691502e+01 1.086805e+02
    endloop
  endfacet
  facet normal -1.013704e-01 7.979913e-01 5.940825e-01
    outer loop
      vertex   2.184029e+02 3.700154e+01 1.085709e+02
      vertex   2.183640e+02 3.691502e+01 1.086805e+02
      vertex   2.184029e+02 3.690432e+01 1.087015e+02
    endloop
  endfacet
  facet normal -1.596410e-01 7.283707e-01 6.663264e-01
    outer loop
      vertex   2.184029e+02 3.690432e+01 1.087015e+02
      vertex   2.183640e+02 3.691502e+01 1.086805e+02
      vertex   2.183640e+02 3.680347e+01 1.088024e+02
    endloop
  endfacet
  facet normal -1.046925e-01 7.233765e-01 6.824705e-01
    outer loop
      vertex   2.184029e+02 3.690432e+01 1.087015e+02
      vertex   2.183640e+02 3.680347e+01 1.088024e+02
      vertex   2.184029e+02 3.679259e+01 1.088199e+02
    endloop
  endfacet
  facet normal -1.562953e-01 6.447992e-01 7.482017e-01
    outer loop
      vertex   2.184029e+02 3.679259e+01 1.088199e+02
      vertex   2.183640e+02 3.680347e+01 1.088024e+02
      vertex   2.183640e+02 3.667827e+01 1.089103e+02
    endloop
  endfacet
  facet normal -1.081812e-01 6.390152e-01 7.615487e-01
    outer loop
      vertex   2.184029e+02 3.679259e+01 1.088199e+02
      vertex   2.183640e+02 3.667827e+01 1.089103e+02
      vertex   2.184029e+02 3.666788e+01 1.089245e+02
    endloop
  endfacet
  facet normal -1.527766e-01 5.520887e-01 8.196691e-01
    outer loop
      vertex   2.184029e+02 3.666788e+01 1.089245e+02
      vertex   2.183640e+02 3.667827e+01 1.089103e+02
      vertex   2.183640e+02 3.654120e+01 1.090026e+02
    endloop
  endfacet
  facet normal -1.118356e-01 5.460618e-01 8.302466e-01
    outer loop
      vertex   2.184029e+02 3.666788e+01 1.089245e+02
      vertex   2.183640e+02 3.654120e+01 1.090026e+02
      vertex   2.184029e+02 3.653186e+01 1.090140e+02
    endloop
  endfacet
  facet normal -1.490842e-01 4.515262e-01 8.797147e-01
    outer loop
      vertex   2.184029e+02 3.653186e+01 1.090140e+02
      vertex   2.183640e+02 3.654120e+01 1.090026e+02
      vertex   2.183640e+02 3.639417e+01 1.090781e+02
    endloop
  endfacet
  facet normal -1.156550e-01 4.457875e-01 8.876359e-01
    outer loop
      vertex   2.184029e+02 3.653186e+01 1.090140e+02
      vertex   2.183640e+02 3.639417e+01 1.090781e+02
      vertex   2.184029e+02 3.638637e+01 1.090871e+02
    endloop
  endfacet
  facet normal -1.452175e-01 3.445106e-01 9.274828e-01
    outer loop
      vertex   2.184029e+02 3.638637e+01 1.090871e+02
      vertex   2.183640e+02 3.639417e+01 1.090781e+02
      vertex   2.183640e+02 3.623924e+01 1.091356e+02
    endloop
  endfacet
  facet normal -1.196385e-01 3.395636e-01 9.329433e-01
    outer loop
      vertex   2.184029e+02 3.638637e+01 1.090871e+02
      vertex   2.183640e+02 3.623924e+01 1.091356e+02
      vertex   2.184029e+02 3.623338e+01 1.091428e+02
    endloop
  endfacet
  facet normal -1.411757e-01 2.325336e-01 9.622877e-01
    outer loop
      vertex   2.184029e+02 3.623338e+01 1.091428e+02
      vertex   2.183640e+02 3.623924e+01 1.091356e+02
      vertex   2.183640e+02 3.607860e+01 1.091745e+02
    endloop
  endfacet
  facet normal -1.237852e-01 2.288422e-01 9.655612e-01
    outer loop
      vertex   2.184029e+02 3.623338e+01 1.091428e+02
      vertex   2.183640e+02 3.607860e+01 1.091745e+02
      vertex   2.184029e+02 3.607496e+01 1.091803e+02
    endloop
  endfacet
  facet normal -1.370074e-01 1.167080e-01 9.836708e-01
    outer loop
      vertex   2.184029e+02 3.607496e+01 1.091803e+02
      vertex   2.183640e+02 3.607860e+01 1.091745e+02
      vertex   2.183640e+02 3.591322e+01 1.091941e+02
    endloop
  endfacet
  facet normal -1.299372e-01 1.151087e-01 9.848179e-01
    outer loop
      vertex   2.184029e+02 3.607496e+01 1.091803e+02
      vertex   2.183640e+02 3.591322e+01 1.091941e+02
      vertex   2.184029e+02 3.591326e+01 1.091992e+02
    endloop
  endfacet
  facet normal -1.306822e-01 0.000000e+00 9.914243e-01
    outer loop
      vertex   2.184029e+02 3.591326e+01 1.091992e+02
      vertex   2.183640e+02 3.591322e+01 1.091941e+02
      vertex   2.183640e+02 3.575050e+01 1.091941e+02
    endloop
  endfacet
  facet normal -1.306822e-01 0.000000e+00 9.914243e-01
    outer loop
      vertex   2.184029e+02 3.591326e+01 1.091992e+02
      vertex   2.183640e+02 3.575050e+01 1.091941e+02
      vertex   2.184029e+02 3.575045e+01 1.091992e+02
    endloop
  endfacet
  facet normal -1.299372e-01 -1.151087e-01 9.848179e-01
    outer loop
      vertex   2.184029e+02 3.575045e+01 1.091992e+02
      vertex   2.183640e+02 3.575050e+01 1.091941e+02
      vertex   2.184029e+02 3.558875e+01 1.091803e+02
    endloop
  endfacet
  facet normal -1.370074e-01 -1.167080e-01 9.836708e-01
    outer loop
      vertex   2.184029e+02 3.558875e+01 1.091803e+02
      vertex   2.183640e+02 3.575050e+01 1.091941e+02
      vertex   2.183640e+02 3.558511e+01 1.091745e+02
    endloop
  endfacet
  facet normal -1.237852e-01 -2.288422e-01 9.655612e-01
    outer loop
      vertex   2.184029e+02 3.558875e+01 1.091803e+02
      vertex   2.183640e+02 3.558511e+01 1.091745e+02
      vertex   2.184029e+02 3.543033e+01 1.091428e+02
    endloop
  endfacet
  facet normal -1.411757e-01 -2.325336e-01 9.622877e-01
    outer loop
      vertex   2.184029e+02 3.543033e+01 1.091428e+02
      vertex   2.183640e+02 3.558511e+01 1.091745e+02
      vertex   2.183640e+02 3.542447e+01 1.091356e+02
    endloop
  endfacet
  facet normal -1.196385e-01 -3.395636e-01 9.329433e-01
    outer loop
      vertex   2.184029e+02 3.543033e+01 1.091428e+02
      vertex   2.183640e+02 3.542447e+01 1.091356e+02
      vertex   2.184029e+02 3.527734e+01 1.090871e+02
    endloop
  endfacet
  facet normal -1.452175e-01 -3.445106e-01 9.274828e-01
    outer loop
      vertex   2.184029e+02 3.527734e+01 1.090871e+02
      vertex   2.183640e+02 3.542447e+01 1.091356e+02
      vertex   2.183640e+02 3.526954e+01 1.090781e+02
    endloop
  endfacet
  facet normal -1.156550e-01 -4.457875e-01 8.876359e-01
    outer loop
      vertex   2.184029e+02 3.527734e+01 1.090871e+02
      vertex   2.183640e+02 3.526954e+01 1.090781e+02
      vertex   2.184029e+02 3.513186e+01 1.090140e+02
    endloop
  endfacet
  facet normal -1.490842e-01 -4.515262e-01 8.797147e-01
    outer loop
      vertex   2.184029e+02 3.513186e+01 1.090140e+02
      vertex   2.183640e+02 3.526954e+01 1.090781e+02
      vertex   2.183640e+02 3.512251e+01 1.090026e+02
    endloop
  endfacet
  facet normal -1.118356e-01 -5.460618e-01 8.302466e-01
    outer loop
      vertex   2.184029e+02 3.513186e+01 1.090140e+02
      vertex   2.183640e+02 3.512251e+01 1.090026e+02
      vertex   2.184029e+02 3.499583e+01 1.089245e+02
    endloop
  endfacet
  facet normal -1.527766e-01 -5.520887e-01 8.196691e-01
    outer loop
      vertex   2.184029e+02 3.499583e+01 1.089245e+02
      vertex   2.183640e+02 3.512251e+01 1.090026e+02
      vertex   2.183640e+02 3.498544e+01 1.089103e+02
    endloop
  endfacet
  facet normal -1.081812e-01 -6.390152e-01 7.615487e-01
    outer loop
      vertex   2.184029e+02 3.499583e+01 1.089245e+02
      vertex   2.183640e+02 3.498544e+01 1.089103e+02
      vertex   2.184029e+02 3.487112e+01 1.088199e+02
    endloop
  endfacet
  facet normal -1.561202e-01 -6.447810e-01 7.482539e-01
    outer loop
      vertex   2.184029e+02 3.487112e+01 1.088199e+02
      vertex   2.183640e+02 3.498544e+01 1.089103e+02
      vertex   2.183640e+02 3.486034e+01 1.088025e+02
    endloop
  endfacet
  facet normal -1.048429e-01 -7.233649e-01 6.824596e-01
    outer loop
      vertex   2.184029e+02 3.487112e+01 1.088199e+02
      vertex   2.183640e+02 3.486034e+01 1.088025e+02
      vertex   2.184029e+02 3.475939e+01 1.087015e+02
    endloop
  endfacet
  facet normal -1.596682e-01 -7.283351e-01 6.663587e-01
    outer loop
      vertex   2.184029e+02 3.475939e+01 1.087015e+02
      vertex   2.183640e+02 3.486034e+01 1.088025e+02
      vertex   2.183640e+02 3.474869e+01 1.086805e+02
    endloop
  endfacet
  facet normal -1.013704e-01 -7.979913e-01 5.940825e-01
    outer loop
      vertex   2.184029e+02 3.475939e+01 1.087015e+02
      vertex   2.183640e+02 3.474869e+01 1.086805e+02
      vertex   2.184029e+02 3.466217e+01 1.085709e+02
    endloop
  endfacet
  facet normal -1.628144e-01 -8.016456e-01 5.752006e-01
    outer loop
      vertex   2.184029e+02 3.466217e+01 1.085709e+02
      vertex   2.183640e+02 3.474869e+01 1.086805e+02
      vertex   2.183640e+02 3.465234e+01 1.085462e+02
    endloop
  endfacet
  facet normal -9.821533e-02 -8.618383e-01 4.975826e-01
    outer loop
      vertex   2.184029e+02 3.466217e+01 1.085709e+02
      vertex   2.183640e+02 3.465234e+01 1.085462e+02
      vertex   2.184029e+02 3.458077e+01 1.084299e+02
    endloop
  endfacet
  facet normal -1.658163e-01 -8.636118e-01 4.761087e-01
    outer loop
      vertex   2.184029e+02 3.458077e+01 1.084299e+02
      vertex   2.183640e+02 3.465234e+01 1.085462e+02
      vertex   2.183640e+02 3.457255e+01 1.084015e+02
    endloop
  endfacet
  facet normal -9.522802e-02 -9.140433e-01 3.942798e-01
    outer loop
      vertex   2.184029e+02 3.458077e+01 1.084299e+02
      vertex   2.183640e+02 3.457255e+01 1.084015e+02
      vertex   2.184029e+02 3.451629e+01 1.082804e+02
    endloop
  endfacet
  facet normal -1.686472e-01 -9.134161e-01 3.704444e-01
    outer loop
      vertex   2.184029e+02 3.451629e+01 1.082804e+02
      vertex   2.183640e+02 3.457255e+01 1.084015e+02
      vertex   2.183640e+02 3.451044e+01 1.082483e+02
    endloop
  endfacet
  facet normal -9.240898e-02 -9.538904e-01 2.855760e-01
    outer loop
      vertex   2.184029e+02 3.451629e+01 1.082804e+02
      vertex   2.183640e+02 3.451044e+01 1.082483e+02
      vertex   2.184029e+02 3.446959e+01 1.081244e+02
    endloop
  endfacet
  facet normal -1.713079e-01 -9.503759e-01 2.596907e-01
    outer loop
      vertex   2.184029e+02 3.446959e+01 1.081244e+02
      vertex   2.183640e+02 3.451044e+01 1.082483e+02
      vertex   2.183640e+02 3.446688e+01 1.080889e+02
    endloop
  endfacet
  facet normal -8.975869e-02 -9.808326e-01 1.729473e-01
    outer loop
      vertex   2.184029e+02 3.446959e+01 1.081244e+02
      vertex   2.183640e+02 3.446688e+01 1.080889e+02
      vertex   2.184029e+02 3.444132e+01 1.079641e+02
    endloop
  endfacet
  facet normal -1.737989e-01 -9.739881e-01 1.453996e-01
    outer loop
      vertex   2.184029e+02 3.444132e+01 1.079641e+02
      vertex   2.183640e+02 3.446688e+01 1.080889e+02
      vertex   2.183640e+02 3.444248e+01 1.079254e+02
    endloop
  endfacet
  facet normal -8.727760e-02 -9.944986e-01 5.792295e-02
    outer loop
      vertex   2.184029e+02 3.444132e+01 1.079641e+02
      vertex   2.183640e+02 3.444248e+01 1.079254e+02
      vertex   2.184029e+02 3.443186e+01 1.078016e+02
    endloop
  endfacet
  facet normal -1.761210e-01 -9.839362e-01 2.917012e-02
    outer loop
      vertex   2.184029e+02 3.443186e+01 1.078016e+02
      vertex   2.183640e+02 3.444248e+01 1.079254e+02
      vertex   2.183640e+02 3.443758e+01 1.077602e+02
    endloop
  endfacet
  facet normal -8.496611e-02 -9.946981e-01 -5.793457e-02
    outer loop
      vertex   2.184029e+02 3.443186e+01 1.078016e+02
      vertex   2.183640e+02 3.443758e+01 1.077602e+02
      vertex   2.184029e+02 3.444132e+01 1.076390e+02
    endloop
  endfacet
  facet normal -1.782745e-01 -9.800939e-01 -8.737345e-02
    outer loop
      vertex   2.184029e+02 3.444132e+01 1.076390e+02
      vertex   2.183640e+02 3.443758e+01 1.077602e+02
      vertex   2.183640e+02 3.445225e+01 1.075956e+02
    endloop
  endfacet
  facet normal -8.282457e-02 -9.814241e-01 -1.730515e-01
    outer loop
      vertex   2.184029e+02 3.444132e+01 1.076390e+02
      vertex   2.183640e+02 3.445225e+01 1.075956e+02
      vertex   2.184029e+02 3.446959e+01 1.074787e+02
    endloop
  endfacet
  facet normal -1.802602e-01 -9.625267e-01 -2.026045e-01
    outer loop
      vertex   2.184029e+02 3.446959e+01 1.074787e+02
      vertex   2.183640e+02 3.445225e+01 1.075956e+02
      vertex   2.183640e+02 3.448630e+01 1.074339e+02
    endloop
  endfacet
  facet normal -8.085329e-02 -9.548531e-01 -2.858642e-01
    outer loop
      vertex   2.184029e+02 3.446959e+01 1.074787e+02
      vertex   2.183640e+02 3.448630e+01 1.074339e+02
      vertex   2.184029e+02 3.451629e+01 1.073227e+02
    endloop
  endfacet
  facet normal -1.820786e-01 -9.314908e-01 -3.149162e-01
    outer loop
      vertex   2.184029e+02 3.451629e+01 1.073227e+02
      vertex   2.183640e+02 3.448630e+01 1.074339e+02
      vertex   2.183640e+02 3.453923e+01 1.072773e+02
    endloop
  endfacet
  facet normal -7.905258e-02 -9.153425e-01 -3.948402e-01
    outer loop
      vertex   2.184029e+02 3.451629e+01 1.073227e+02
      vertex   2.183640e+02 3.453923e+01 1.072773e+02
      vertex   2.184029e+02 3.458077e+01 1.071733e+02
    endloop
  endfacet
  facet normal -1.837300e-01 -8.874293e-01 -4.227441e-01
    outer loop
      vertex   2.184029e+02 3.458077e+01 1.071733e+02
      vertex   2.183640e+02 3.453923e+01 1.072773e+02
      vertex   2.183640e+02 3.461030e+01 1.071281e+02
    endloop
  endfacet
  facet normal -7.742266e-02 -8.634259e-01 -4.984992e-01
    outer loop
      vertex   2.184029e+02 3.458077e+01 1.071733e+02
      vertex   2.183640e+02 3.461030e+01 1.071281e+02
      vertex   2.184029e+02 3.466217e+01 1.070323e+02
    endloop
  endfacet
  facet normal -1.852150e-01 -8.309655e-01 -5.245872e-01
    outer loop
      vertex   2.184029e+02 3.466217e+01 1.070323e+02
      vertex   2.183640e+02 3.461030e+01 1.071281e+02
      vertex   2.183640e+02 3.469853e+01 1.069884e+02
    endloop
  endfacet
  facet normal -7.596377e-02 -7.998055e-01 -5.954331e-01
    outer loop
      vertex   2.184029e+02 3.466217e+01 1.070323e+02
      vertex   2.183640e+02 3.469853e+01 1.069884e+02
      vertex   2.184029e+02 3.475939e+01 1.069017e+02
    endloop
  endfacet
  facet normal -1.865339e-01 -7.628947e-01 -6.190289e-01
    outer loop
      vertex   2.184029e+02 3.475939e+01 1.069017e+02
      vertex   2.183640e+02 3.469853e+01 1.069884e+02
      vertex   2.183640e+02 3.480266e+01 1.068600e+02
    endloop
  endfacet
  facet normal -7.467609e-02 -7.253427e-01 -6.843255e-01
    outer loop
      vertex   2.184029e+02 3.475939e+01 1.069017e+02
      vertex   2.183640e+02 3.480266e+01 1.068600e+02
      vertex   2.184029e+02 3.487112e+01 1.067833e+02
    endloop
  endfacet
  facet normal -1.876872e-01 -6.841725e-01 -7.047563e-01
    outer loop
      vertex   2.184029e+02 3.487112e+01 1.067833e+02
      vertex   2.183640e+02 3.480266e+01 1.068600e+02
      vertex   2.183640e+02 3.492124e+01 1.067449e+02
    endloop
  endfacet
  facet normal -7.355979e-02 -6.410462e-01 -7.639691e-01
    outer loop
      vertex   2.184029e+02 3.487112e+01 1.067833e+02
      vertex   2.183640e+02 3.492124e+01 1.067449e+02
      vertex   2.184029e+02 3.499583e+01 1.066786e+02
    endloop
  endfacet
  facet normal -1.886751e-01 -5.959018e-01 -7.805785e-01
    outer loop
      vertex   2.184029e+02 3.499583e+01 1.066786e+02
      vertex   2.183640e+02 3.492124e+01 1.067449e+02
      vertex   2.183640e+02 3.505261e+01 1.066446e+02
    endloop
  endfacet
  facet normal -7.261500e-02 -5.480583e-01 -8.332822e-01
    outer loop
      vertex   2.184029e+02 3.499583e+01 1.066786e+02
      vertex   2.183640e+02 3.505261e+01 1.066446e+02
      vertex   2.184029e+02 3.513186e+01 1.065891e+02
    endloop
  endfacet
  facet normal -1.894979e-01 -4.993171e-01 -8.454425e-01
    outer loop
      vertex   2.184029e+02 3.513186e+01 1.065891e+02
      vertex   2.183640e+02 3.505261e+01 1.066446e+02
      vertex   2.183640e+02 3.519491e+01 1.065606e+02
    endloop
  endfacet
  facet normal -7.184184e-02 -4.476395e-01 -8.913235e-01
    outer loop
      vertex   2.184029e+02 3.513186e+01 1.065891e+02
      vertex   2.183640e+02 3.519491e+01 1.065606e+02
      vertex   2.184029e+02 3.527734e+01 1.065161e+02
    endloop
  endfacet
  facet normal -1.901558e-01 -3.957680e-01 -8.984478e-01
    outer loop
      vertex   2.184029e+02 3.527734e+01 1.065161e+02
      vertex   2.183640e+02 3.519491e+01 1.065606e+02
      vertex   2.183640e+02 3.534615e+01 1.064940e+02
    endloop
  endfacet
  facet normal -7.124039e-02 -3.411511e-01 -9.373050e-01
    outer loop
      vertex   2.184029e+02 3.527734e+01 1.065161e+02
      vertex   2.183640e+02 3.534615e+01 1.064940e+02
      vertex   2.184029e+02 3.543033e+01 1.064604e+02
    endloop
  endfacet
  facet normal -1.906492e-01 -2.866999e-01 -9.388589e-01
    outer loop
      vertex   2.184029e+02 3.543033e+01 1.064604e+02
      vertex   2.183640e+02 3.534615e+01 1.064940e+02
      vertex   2.183640e+02 3.550422e+01 1.064457e+02
    endloop
  endfacet
  facet normal -7.081074e-02 -2.300370e-01 -9.706023e-01
    outer loop
      vertex   2.184029e+02 3.543033e+01 1.064604e+02
      vertex   2.183640e+02 3.550422e+01 1.064457e+02
      vertex   2.184029e+02 3.558875e+01 1.064228e+02
    endloop
  endfacet
  facet normal -1.909780e-01 -1.736345e-01 -9.661152e-01
    outer loop
      vertex   2.184029e+02 3.558875e+01 1.064228e+02
      vertex   2.183640e+02 3.550422e+01 1.064457e+02
      vertex   2.183640e+02 3.566688e+01 1.064165e+02
    endloop
  endfacet
  facet normal -7.055293e-02 -1.158036e-01 -9.907632e-01
    outer loop
      vertex   2.184029e+02 3.558875e+01 1.064228e+02
      vertex   2.183640e+02 3.566688e+01 1.064165e+02
      vertex   2.184029e+02 3.575045e+01 1.064039e+02
    endloop
  endfacet
  facet normal -1.911423e-01 -5.814837e-02 -9.798384e-01
    outer loop
      vertex   2.184029e+02 3.575045e+01 1.064039e+02
      vertex   2.183640e+02 3.566688e+01 1.064165e+02
      vertex   2.183640e+02 3.583186e+01 1.064067e+02
    endloop
  endfacet
  facet normal -7.046699e-02 0.000000e+00 -9.975141e-01
    outer loop
      vertex   2.184029e+02 3.575045e+01 1.064039e+02
      vertex   2.183640e+02 3.583186e+01 1.064067e+02
      vertex   2.184029e+02 3.591326e+01 1.064039e+02
    endloop
  endfacet
  facet normal -1.911423e-01 5.814837e-02 -9.798384e-01
    outer loop
      vertex   2.184029e+02 3.591326e+01 1.064039e+02
      vertex   2.183640e+02 3.583186e+01 1.064067e+02
      vertex   2.183640e+02 3.599683e+01 1.064165e+02
    endloop
  endfacet
  facet normal -7.055293e-02 1.158036e-01 -9.907632e-01
    outer loop
      vertex   2.184029e+02 3.591326e+01 1.064039e+02
      vertex   2.183640e+02 3.599683e+01 1.064165e+02
      vertex   2.184029e+02 3.607496e+01 1.064228e+02
    endloop
  endfacet
  facet normal -1.909780e-01 1.736345e-01 -9.661152e-01
    outer loop
      vertex   2.184029e+02 3.607496e+01 1.064228e+02
      vertex   2.183640e+02 3.599683e+01 1.064165e+02
      vertex   2.183640e+02 3.615950e+01 1.064457e+02
    endloop
  endfacet
  facet normal -7.081074e-02 2.300370e-01 -9.706023e-01
    outer loop
      vertex   2.184029e+02 3.607496e+01 1.064228e+02
      vertex   2.183640e+02 3.615950e+01 1.064457e+02
      vertex   2.184029e+02 3.623338e+01 1.064604e+02
    endloop
  endfacet
  facet normal -1.906492e-01 2.866999e-01 -9.388589e-01
    outer loop
      vertex   2.184029e+02 3.623338e+01 1.064604e+02
      vertex   2.183640e+02 3.615950e+01 1.064457e+02
      vertex   2.183640e+02 3.631756e+01 1.064940e+02
    endloop
  endfacet
  facet normal -7.124039e-02 3.411511e-01 -9.373050e-01
    outer loop
      vertex   2.184029e+02 3.623338e+01 1.064604e+02
      vertex   2.183640e+02 3.631756e+01 1.064940e+02
      vertex   2.184029e+02 3.638637e+01 1.065161e+02
    endloop
  endfacet
  facet normal -1.901558e-01 3.957680e-01 -8.984478e-01
    outer loop
      vertex   2.184029e+02 3.638637e+01 1.065161e+02
      vertex   2.183640e+02 3.631756e+01 1.064940e+02
      vertex   2.183640e+02 3.646880e+01 1.065606e+02
    endloop
  endfacet
  facet normal -7.184184e-02 4.476395e-01 -8.913235e-01
    outer loop
      vertex   2.184029e+02 3.638637e+01 1.065161e+02
      vertex   2.183640e+02 3.646880e+01 1.065606e+02
      vertex   2.184029e+02 3.653186e+01 1.065891e+02
    endloop
  endfacet
  facet normal -1.894979e-01 4.993171e-01 -8.454425e-01
    outer loop
      vertex   2.184029e+02 3.653186e+01 1.065891e+02
      vertex   2.183640e+02 3.646880e+01 1.065606e+02
      vertex   2.183640e+02 3.661111e+01 1.066446e+02
    endloop
  endfacet
  facet normal -7.261500e-02 5.480583e-01 -8.332822e-01
    outer loop
      vertex   2.184029e+02 3.653186e+01 1.065891e+02
      vertex   2.183640e+02 3.661111e+01 1.066446e+02
      vertex   2.184029e+02 3.666788e+01 1.066786e+02
    endloop
  endfacet
  facet normal -1.886751e-01 5.959018e-01 -7.805785e-01
    outer loop
      vertex   2.184029e+02 3.666788e+01 1.066786e+02
      vertex   2.183640e+02 3.661111e+01 1.066446e+02
      vertex   2.183640e+02 3.674247e+01 1.067449e+02
    endloop
  endfacet
  facet normal -7.355979e-02 6.410462e-01 -7.639691e-01
    outer loop
      vertex   2.184029e+02 3.666788e+01 1.066786e+02
      vertex   2.183640e+02 3.674247e+01 1.067449e+02
      vertex   2.184029e+02 3.679259e+01 1.067833e+02
    endloop
  endfacet
  facet normal -1.876872e-01 6.841725e-01 -7.047563e-01
    outer loop
      vertex   2.184029e+02 3.679259e+01 1.067833e+02
      vertex   2.183640e+02 3.674247e+01 1.067449e+02
      vertex   2.183640e+02 3.686105e+01 1.068600e+02
    endloop
  endfacet
  facet normal -7.467609e-02 7.253427e-01 -6.843255e-01
    outer loop
      vertex   2.184029e+02 3.679259e+01 1.067833e+02
      vertex   2.183640e+02 3.686105e+01 1.068600e+02
      vertex   2.184029e+02 3.690432e+01 1.069017e+02
    endloop
  endfacet
  facet normal -1.865339e-01 7.628947e-01 -6.190289e-01
    outer loop
      vertex   2.184029e+02 3.690432e+01 1.069017e+02
      vertex   2.183640e+02 3.686105e+01 1.068600e+02
      vertex   2.183640e+02 3.696518e+01 1.069884e+02
    endloop
  endfacet
  facet normal -7.596377e-02 7.998055e-01 -5.954331e-01
    outer loop
      vertex   2.184029e+02 3.690432e+01 1.069017e+02
      vertex   2.183640e+02 3.696518e+01 1.069884e+02
      vertex   2.184029e+02 3.700154e+01 1.070323e+02
    endloop
  endfacet
  facet normal -1.852150e-01 8.309655e-01 -5.245872e-01
    outer loop
      vertex   2.184029e+02 3.700154e+01 1.070323e+02
      vertex   2.183640e+02 3.696518e+01 1.069884e+02
      vertex   2.183640e+02 3.705341e+01 1.071281e+02
    endloop
  endfacet
  facet normal -7.742266e-02 8.634259e-01 -4.984992e-01
    outer loop
      vertex   2.184029e+02 3.700154e+01 1.070323e+02
      vertex   2.183640e+02 3.705341e+01 1.071281e+02
      vertex   2.184029e+02 3.708294e+01 1.071733e+02
    endloop
  endfacet
  facet normal -1.837300e-01 8.874293e-01 -4.227441e-01
    outer loop
      vertex   2.184029e+02 3.708294e+01 1.071733e+02
      vertex   2.183640e+02 3.705341e+01 1.071281e+02
      vertex   2.183640e+02 3.712448e+01 1.072773e+02
    endloop
  endfacet
  facet normal -7.905258e-02 9.153425e-01 -3.948402e-01
    outer loop
      vertex   2.184029e+02 3.708294e+01 1.071733e+02
      vertex   2.183640e+02 3.712448e+01 1.072773e+02
      vertex   2.184029e+02 3.714743e+01 1.073227e+02
    endloop
  endfacet
  facet normal -1.820786e-01 9.314908e-01 -3.149162e-01
    outer loop
      vertex   2.184029e+02 3.714743e+01 1.073227e+02
      vertex   2.183640e+02 3.712448e+01 1.072773e+02
      vertex   2.183640e+02 3.717742e+01 1.074339e+02
    endloop
  endfacet
  facet normal -8.085329e-02 9.548531e-01 -2.858642e-01
    outer loop
      vertex   2.184029e+02 3.714743e+01 1.073227e+02
      vertex   2.183640e+02 3.717742e+01 1.074339e+02
      vertex   2.184029e+02 3.719412e+01 1.074787e+02
    endloop
  endfacet
  facet normal -1.802602e-01 9.625267e-01 -2.026045e-01
    outer loop
      vertex   2.184029e+02 3.719412e+01 1.074787e+02
      vertex   2.183640e+02 3.717742e+01 1.074339e+02
      vertex   2.183640e+02 3.721146e+01 1.075956e+02
    endloop
  endfacet
  facet normal -8.282457e-02 9.814241e-01 -1.730515e-01
    outer loop
      vertex   2.184029e+02 3.719412e+01 1.074787e+02
      vertex   2.183640e+02 3.721146e+01 1.075956e+02
      vertex   2.184029e+02 3.722239e+01 1.076390e+02
    endloop
  endfacet
  facet normal -1.782745e-01 9.800939e-01 -8.737345e-02
    outer loop
      vertex   2.184029e+02 3.722239e+01 1.076390e+02
      vertex   2.183640e+02 3.721146e+01 1.075956e+02
      vertex   2.183640e+02 3.722613e+01 1.077602e+02
    endloop
  endfacet
  facet normal -9.922117e-01 1.243264e-01 7.668192e-03
    outer loop
      vertex   2.182529e+02 3.707238e+01 1.079552e+02
      vertex   2.182580e+02 3.711559e+01 1.079160e+02
      vertex   2.182529e+02 3.708186e+01 1.078016e+02
    endloop
  endfacet
  facet normal -9.906473e-01 1.363873e-01 4.043385e-03
    outer loop
      vertex   2.182529e+02 3.708186e+01 1.078016e+02
      vertex   2.182580e+02 3.711559e+01 1.079160e+02
      vertex   2.182580e+02 3.712011e+01 1.077634e+02
    endloop
  endfacet
  facet normal -9.921442e-01 1.248625e-01 -7.701256e-03
    outer loop
      vertex   2.182529e+02 3.708186e+01 1.078016e+02
      vertex   2.182580e+02 3.712011e+01 1.077634e+02
      vertex   2.182529e+02 3.707238e+01 1.076480e+02
    endloop
  endfacet
  facet normal -9.907390e-01 1.352440e-01 -1.205674e-02
    outer loop
      vertex   2.182529e+02 3.707238e+01 1.076480e+02
      vertex   2.182580e+02 3.712011e+01 1.077634e+02
      vertex   2.182580e+02 3.710655e+01 1.076113e+02
    endloop
  endfacet
  facet normal -9.920649e-01 1.235861e-01 -2.310225e-02
    outer loop
      vertex   2.182529e+02 3.707238e+01 1.076480e+02
      vertex   2.182580e+02 3.710655e+01 1.076113e+02
      vertex   2.182529e+02 3.704410e+01 1.074967e+02
    endloop
  endfacet
  facet normal -9.908423e-01 1.321290e-01 -2.781213e-02
    outer loop
      vertex   2.182529e+02 3.704410e+01 1.074967e+02
      vertex   2.182580e+02 3.710655e+01 1.076113e+02
      vertex   2.182580e+02 3.707510e+01 1.074619e+02
    endloop
  endfacet
  facet normal -9.919734e-01 1.204962e-01 -3.833261e-02
    outer loop
      vertex   2.182529e+02 3.704410e+01 1.074967e+02
      vertex   2.182580e+02 3.707510e+01 1.074619e+02
      vertex   2.182529e+02 3.699745e+01 1.073500e+02
    endloop
  endfacet
  facet normal -9.909567e-01 1.271145e-01 -4.297457e-02
    outer loop
      vertex   2.182529e+02 3.699745e+01 1.073500e+02
      vertex   2.182580e+02 3.707510e+01 1.074619e+02
      vertex   2.182580e+02 3.702619e+01 1.073172e+02
    endloop
  endfacet
  facet normal -9.918692e-01 1.156130e-01 -5.319040e-02
    outer loop
      vertex   2.182529e+02 3.699745e+01 1.073500e+02
      vertex   2.182580e+02 3.702619e+01 1.073172e+02
      vertex   2.182529e+02 3.693312e+01 1.072102e+02
    endloop
  endfacet
  facet normal -9.910814e-01 1.203048e-01 -5.730951e-02
    outer loop
      vertex   2.182529e+02 3.693312e+01 1.072102e+02
      vertex   2.182580e+02 3.702619e+01 1.073172e+02
      vertex   2.182580e+02 3.696052e+01 1.071793e+02
    endloop
  endfacet
  facet normal -9.917514e-01 1.089777e-01 -6.747612e-02
    outer loop
      vertex   2.182529e+02 3.693312e+01 1.072102e+02
      vertex   2.182580e+02 3.696052e+01 1.071793e+02
      vertex   2.182529e+02 3.685210e+01 1.070794e+02
    endloop
  endfacet
  facet normal -9.912159e-01 1.118335e-01 -7.060029e-02
    outer loop
      vertex   2.182529e+02 3.685210e+01 1.070794e+02
      vertex   2.182580e+02 3.696052e+01 1.071793e+02
      vertex   2.182580e+02 3.687901e+01 1.070502e+02
    endloop
  endfacet
  facet normal -9.916194e-01 1.006524e-01 -8.099472e-02
    outer loop
      vertex   2.182529e+02 3.685210e+01 1.070794e+02
      vertex   2.182580e+02 3.687901e+01 1.070502e+02
      vertex   2.182529e+02 3.675562e+01 1.069595e+02
    endloop
  endfacet
  facet normal -9.913592e-01 1.018606e-01 -8.265183e-02
    outer loop
      vertex   2.182529e+02 3.675562e+01 1.069595e+02
      vertex   2.182580e+02 3.687901e+01 1.070502e+02
      vertex   2.182580e+02 3.678279e+01 1.069316e+02
    endloop
  endfacet
  facet normal -9.914721e-01 9.077379e-02 -9.350478e-02
    outer loop
      vertex   2.182529e+02 3.675562e+01 1.069595e+02
      vertex   2.182580e+02 3.678279e+01 1.069316e+02
      vertex   2.182580e+02 3.667323e+01 1.068253e+02
    endloop
  endfacet
  facet normal -9.236414e-01 2.669587e-01 -2.749903e-01
    outer loop
      vertex   2.182580e+02 3.667323e+01 1.068253e+02
      vertex   2.182580e+02 3.678279e+01 1.069316e+02
      vertex   2.182730e+02 3.680948e+01 1.069072e+02
    endloop
  endfacet
  facet normal -9.236414e-01 2.669587e-01 -2.749903e-01
    outer loop
      vertex   2.182580e+02 3.667323e+01 1.068253e+02
      vertex   2.182730e+02 3.680948e+01 1.069072e+02
      vertex   2.182730e+02 3.669685e+01 1.067979e+02
    endloop
  endfacet
  facet normal -7.928361e-01 4.245025e-01 -4.372740e-01
    outer loop
      vertex   2.182730e+02 3.669685e+01 1.067979e+02
      vertex   2.182730e+02 3.680948e+01 1.069072e+02
      vertex   2.182968e+02 3.683241e+01 1.068863e+02
    endloop
  endfacet
  facet normal -7.928361e-01 4.245025e-01 -4.372740e-01
    outer loop
      vertex   2.182730e+02 3.669685e+01 1.067979e+02
      vertex   2.182968e+02 3.683241e+01 1.068863e+02
      vertex   2.182968e+02 3.671713e+01 1.067743e+02
    endloop
  endfacet
  facet normal -6.080878e-01 5.529708e-01 -5.696073e-01
    outer loop
      vertex   2.182968e+02 3.671713e+01 1.067743e+02
      vertex   2.182968e+02 3.683241e+01 1.068863e+02
      vertex   2.183279e+02 3.684999e+01 1.068702e+02
    endloop
  endfacet
  facet normal -6.080878e-01 5.529708e-01 -5.696073e-01
    outer loop
      vertex   2.182968e+02 3.671713e+01 1.067743e+02
      vertex   2.183279e+02 3.684999e+01 1.068702e+02
      vertex   2.183279e+02 3.673269e+01 1.067563e+02
    endloop
  endfacet
  facet normal -3.821095e-01 6.436947e-01 -6.630607e-01
    outer loop
      vertex   2.183279e+02 3.673269e+01 1.067563e+02
      vertex   2.183279e+02 3.684999e+01 1.068702e+02
      vertex   2.183640e+02 3.686105e+01 1.068600e+02
    endloop
  endfacet
  facet normal -3.821095e-01 6.436947e-01 -6.630607e-01
    outer loop
      vertex   2.183279e+02 3.673269e+01 1.067563e+02
      vertex   2.183640e+02 3.686105e+01 1.068600e+02
      vertex   2.183640e+02 3.674247e+01 1.067449e+02
    endloop
  endfacet
  facet normal -9.905680e-01 1.355206e-01 2.023087e-02
    outer loop
      vertex   2.182580e+02 3.711559e+01 1.079160e+02
      vertex   2.182529e+02 3.707238e+01 1.079552e+02
      vertex   2.182580e+02 3.709304e+01 1.080670e+02
    endloop
  endfacet
  facet normal -9.922680e-01 1.220001e-01 2.280577e-02
    outer loop
      vertex   2.182580e+02 3.709304e+01 1.080670e+02
      vertex   2.182529e+02 3.707238e+01 1.079552e+02
      vertex   2.182529e+02 3.704410e+01 1.081065e+02
    endloop
  endfacet
  facet normal -9.905013e-01 1.326405e-01 3.624407e-02
    outer loop
      vertex   2.182580e+02 3.709304e+01 1.080670e+02
      vertex   2.182529e+02 3.704410e+01 1.081065e+02
      vertex   2.182580e+02 3.705279e+01 1.082143e+02
    endloop
  endfacet
  facet normal -9.923134e-01 1.179266e-01 3.751514e-02
    outer loop
      vertex   2.182580e+02 3.705279e+01 1.082143e+02
      vertex   2.182529e+02 3.704410e+01 1.081065e+02
      vertex   2.182529e+02 3.699745e+01 1.082531e+02
    endloop
  endfacet
  facet normal -9.904479e-01 1.277792e-01 5.182205e-02
    outer loop
      vertex   2.182580e+02 3.705279e+01 1.082143e+02
      vertex   2.182529e+02 3.699745e+01 1.082531e+02
      vertex   2.182580e+02 3.699540e+01 1.083559e+02
    endloop
  endfacet
  facet normal -9.923482e-01 1.121692e-01 5.160602e-02
    outer loop
      vertex   2.182580e+02 3.699540e+01 1.083559e+02
      vertex   2.182529e+02 3.699745e+01 1.082531e+02
      vertex   2.182529e+02 3.693312e+01 1.083929e+02
    endloop
  endfacet
  facet normal -9.904079e-01 1.210043e-01 6.670961e-02
    outer loop
      vertex   2.182580e+02 3.699540e+01 1.083559e+02
      vertex   2.182529e+02 3.693312e+01 1.083929e+02
      vertex   2.182580e+02 3.692168e+01 1.084896e+02
    endloop
  endfacet
  facet normal -9.923725e-01 1.048110e-01 6.489623e-02
    outer loop
      vertex   2.182580e+02 3.692168e+01 1.084896e+02
      vertex   2.182529e+02 3.693312e+01 1.083929e+02
      vertex   2.182529e+02 3.685210e+01 1.085238e+02
    endloop
  endfacet
  facet normal -9.903817e-01 1.124175e-01 8.066235e-02
    outer loop
      vertex   2.182580e+02 3.692168e+01 1.084896e+02
      vertex   2.182529e+02 3.685210e+01 1.085238e+02
      vertex   2.182580e+02 3.683266e+01 1.086136e+02
    endloop
  endfacet
  facet normal -9.923865e-01 9.595365e-02 7.721361e-02
    outer loop
      vertex   2.182580e+02 3.683266e+01 1.086136e+02
      vertex   2.182529e+02 3.685210e+01 1.085238e+02
      vertex   2.182529e+02 3.675562e+01 1.086437e+02
    endloop
  endfacet
  facet normal -9.903694e-01 1.021530e-01 9.345139e-02
    outer loop
      vertex   2.182580e+02 3.683266e+01 1.086136e+02
      vertex   2.182529e+02 3.675562e+01 1.086437e+02
      vertex   2.182580e+02 3.672959e+01 1.087263e+02
    endloop
  endfacet
  facet normal -9.923903e-01 8.571631e-02 8.839787e-02
    outer loop
      vertex   2.182580e+02 3.672959e+01 1.087263e+02
      vertex   2.182529e+02 3.675562e+01 1.086437e+02
      vertex   2.182529e+02 3.664513e+01 1.087508e+02
    endloop
  endfacet
  facet normal -9.903712e-01 9.037503e-02 1.048679e-01
    outer loop
      vertex   2.182580e+02 3.672959e+01 1.087263e+02
      vertex   2.182529e+02 3.664513e+01 1.087508e+02
      vertex   2.182580e+02 3.661391e+01 1.088260e+02
    endloop
  endfacet
  facet normal -9.923839e-01 7.423446e-02 9.830231e-02
    outer loop
      vertex   2.182580e+02 3.661391e+01 1.088260e+02
      vertex   2.182529e+02 3.664513e+01 1.087508e+02
      vertex   2.182529e+02 3.652231e+01 1.088436e+02
    endloop
  endfacet
  facet normal -9.903869e-01 7.727463e-02 1.147273e-01
    outer loop
      vertex   2.182580e+02 3.661391e+01 1.088260e+02
      vertex   2.182529e+02 3.652231e+01 1.088436e+02
      vertex   2.182580e+02 3.648726e+01 1.089113e+02
    endloop
  endfacet
  facet normal -9.923674e-01 6.165835e-02 1.067954e-01
    outer loop
      vertex   2.182580e+02 3.648726e+01 1.089113e+02
      vertex   2.182529e+02 3.652231e+01 1.088436e+02
      vertex   2.182529e+02 3.638903e+01 1.089205e+02
    endloop
  endfacet
  facet normal -9.904166e-01 6.306604e-02 1.228724e-01
    outer loop
      vertex   2.182580e+02 3.648726e+01 1.089113e+02
      vertex   2.182529e+02 3.638903e+01 1.089205e+02
      vertex   2.182580e+02 3.635141e+01 1.089810e+02
    endloop
  endfacet
  facet normal -9.923405e-01 4.815141e-02 1.137622e-01
    outer loop
      vertex   2.182580e+02 3.635141e+01 1.089810e+02
      vertex   2.182529e+02 3.638903e+01 1.089205e+02
      vertex   2.182529e+02 3.624730e+01 1.089805e+02
    endloop
  endfacet
  facet normal -9.904600e-01 4.798246e-02 1.291772e-01
    outer loop
      vertex   2.182580e+02 3.635141e+01 1.089810e+02
      vertex   2.182529e+02 3.624730e+01 1.089805e+02
      vertex   2.182580e+02 3.620827e+01 1.090342e+02
    endloop
  endfacet
  facet normal -9.923031e-01 3.388847e-02 1.191056e-01
    outer loop
      vertex   2.182580e+02 3.620827e+01 1.090342e+02
      vertex   2.182529e+02 3.624730e+01 1.089805e+02
      vertex   2.182529e+02 3.609927e+01 1.090226e+02
    endloop
  endfacet
  facet normal -9.905168e-01 3.227144e-02 1.335481e-01
    outer loop
      vertex   2.182580e+02 3.620827e+01 1.090342e+02
      vertex   2.182529e+02 3.609927e+01 1.090226e+02
      vertex   2.182580e+02 3.605984e+01 1.090701e+02
    endloop
  endfacet
  facet normal -9.922550e-01 1.905394e-02 1.227475e-01
    outer loop
      vertex   2.182580e+02 3.605984e+01 1.090701e+02
      vertex   2.182529e+02 3.609927e+01 1.090226e+02
      vertex   2.182529e+02 3.594719e+01 1.090462e+02
    endloop
  endfacet
  facet normal -9.905816e-01 1.618194e-02 1.359639e-01
    outer loop
      vertex   2.182580e+02 3.605984e+01 1.090701e+02
      vertex   2.182529e+02 3.594719e+01 1.090462e+02
      vertex   2.182580e+02 3.590797e+01 1.090881e+02
    endloop
  endfacet
  facet normal -9.921985e-01 3.839172e-03 1.246093e-01
    outer loop
      vertex   2.182580e+02 3.590797e+01 1.090881e+02
      vertex   2.182529e+02 3.594719e+01 1.090462e+02
      vertex   2.182529e+02 3.579336e+01 1.090510e+02
    endloop
  endfacet
  facet normal -9.906760e-01 0.000000e+00 1.362388e-01
    outer loop
      vertex   2.182580e+02 3.590797e+01 1.090881e+02
      vertex   2.182529e+02 3.579336e+01 1.090510e+02
      vertex   2.182580e+02 3.575574e+01 1.090881e+02
    endloop
  endfacet
  facet normal -9.921225e-01 -1.155863e-02 1.247375e-01
    outer loop
      vertex   2.182580e+02 3.575574e+01 1.090881e+02
      vertex   2.182529e+02 3.579336e+01 1.090510e+02
      vertex   2.182529e+02 3.564012e+01 1.090368e+02
    endloop
  endfacet
  facet normal -9.907623e-01 -1.602671e-02 1.346597e-01
    outer loop
      vertex   2.182580e+02 3.575574e+01 1.090881e+02
      vertex   2.182529e+02 3.564012e+01 1.090368e+02
      vertex   2.182580e+02 3.560388e+01 1.090701e+02
    endloop
  endfacet
  facet normal -9.920432e-01 -2.693375e-02 1.229832e-01
    outer loop
      vertex   2.182580e+02 3.560388e+01 1.090701e+02
      vertex   2.182529e+02 3.564012e+01 1.090368e+02
      vertex   2.182529e+02 3.548978e+01 1.090039e+02
    endloop
  endfacet
  facet normal -9.908699e-01 -3.166776e-02 1.310499e-01
    outer loop
      vertex   2.182580e+02 3.560388e+01 1.090701e+02
      vertex   2.182529e+02 3.548978e+01 1.090039e+02
      vertex   2.182580e+02 3.545545e+01 1.090342e+02
    endloop
  endfacet
  facet normal -9.919486e-01 -4.208983e-02 1.194423e-01
    outer loop
      vertex   2.182580e+02 3.545545e+01 1.090342e+02
      vertex   2.182529e+02 3.548978e+01 1.090039e+02
      vertex   2.182529e+02 3.534462e+01 1.089527e+02
    endloop
  endfacet
  facet normal -9.909869e-01 -4.664468e-02 1.255756e-01
    outer loop
      vertex   2.182580e+02 3.545545e+01 1.090342e+02
      vertex   2.182529e+02 3.534462e+01 1.089527e+02
      vertex   2.182580e+02 3.531230e+01 1.089810e+02
    endloop
  endfacet
  facet normal -9.918410e-01 -5.682318e-02 1.141163e-01
    outer loop
      vertex   2.182580e+02 3.531230e+01 1.089810e+02
      vertex   2.182529e+02 3.534462e+01 1.089527e+02
      vertex   2.182529e+02 3.520686e+01 1.088841e+02
    endloop
  endfacet
  facet normal -9.911142e-01 -6.073811e-02 1.183369e-01
    outer loop
      vertex   2.182580e+02 3.531230e+01 1.089810e+02
      vertex   2.182529e+02 3.520686e+01 1.088841e+02
      vertex   2.182580e+02 3.517645e+01 1.089113e+02
    endloop
  endfacet
  facet normal -9.917198e-01 -7.093518e-02 1.070519e-01
    outer loop
      vertex   2.182580e+02 3.517645e+01 1.089113e+02
      vertex   2.182529e+02 3.520686e+01 1.088841e+02
      vertex   2.182529e+02 3.507856e+01 1.087991e+02
    endloop
  endfacet
  facet normal -9.912509e-01 -7.373645e-02 1.094742e-01
    outer loop
      vertex   2.182580e+02 3.517645e+01 1.089113e+02
      vertex   2.182529e+02 3.507856e+01 1.087991e+02
      vertex   2.182580e+02 3.504980e+01 1.088260e+02
    endloop
  endfacet
  facet normal -9.915840e-01 -8.423225e-02 9.831630e-02
    outer loop
      vertex   2.182580e+02 3.504980e+01 1.088260e+02
      vertex   2.182529e+02 3.507856e+01 1.087991e+02
      vertex   2.182529e+02 3.496169e+01 1.086990e+02
    endloop
  endfacet
  facet normal -9.914122e-01 -8.534800e-02 9.908325e-02
    outer loop
      vertex   2.182580e+02 3.504980e+01 1.088260e+02
      vertex   2.182529e+02 3.496169e+01 1.086990e+02
      vertex   2.182580e+02 3.493457e+01 1.087267e+02
    endloop
  endfacet
  facet normal -9.914180e-01 -9.643548e-02 8.826379e-02
    outer loop
      vertex   2.182580e+02 3.493457e+01 1.087267e+02
      vertex   2.182529e+02 3.496169e+01 1.086990e+02
      vertex   2.182580e+02 3.483105e+01 1.086136e+02
    endloop
  endfacet
  facet normal -9.236681e-01 -2.826703e-01 2.587176e-01
    outer loop
      vertex   2.182580e+02 3.493457e+01 1.087267e+02
      vertex   2.182580e+02 3.483105e+01 1.086136e+02
      vertex   2.182730e+02 3.490929e+01 1.087526e+02
    endloop
  endfacet
  facet normal -9.236398e-01 -2.827331e-01 2.587499e-01
    outer loop
      vertex   2.182730e+02 3.490929e+01 1.087526e+02
      vertex   2.182580e+02 3.483105e+01 1.086136e+02
      vertex   2.182730e+02 3.480296e+01 1.086364e+02
    endloop
  endfacet
  facet normal -7.929068e-01 -4.495138e-01 4.113832e-01
    outer loop
      vertex   2.182730e+02 3.490929e+01 1.087526e+02
      vertex   2.182730e+02 3.480296e+01 1.086364e+02
      vertex   2.182968e+02 3.488757e+01 1.087748e+02
    endloop
  endfacet
  facet normal -7.928336e-01 -4.496040e-01 4.114257e-01
    outer loop
      vertex   2.182968e+02 3.488757e+01 1.087748e+02
      vertex   2.182730e+02 3.480296e+01 1.086364e+02
      vertex   2.182968e+02 3.477884e+01 1.086560e+02
    endloop
  endfacet
  facet normal -6.082122e-01 -5.855954e-01 5.358693e-01
    outer loop
      vertex   2.182968e+02 3.488757e+01 1.087748e+02
      vertex   2.182968e+02 3.477884e+01 1.086560e+02
      vertex   2.183279e+02 3.487087e+01 1.087919e+02
    endloop
  endfacet
  facet normal -6.080856e-01 -5.856929e-01 5.359065e-01
    outer loop
      vertex   2.183279e+02 3.487087e+01 1.087919e+02
      vertex   2.182968e+02 3.477884e+01 1.086560e+02
      vertex   2.183279e+02 3.476033e+01 1.086710e+02
    endloop
  endfacet
  facet normal -3.822824e-01 -6.817311e-01 6.237811e-01
    outer loop
      vertex   2.183279e+02 3.487087e+01 1.087919e+02
      vertex   2.183279e+02 3.476033e+01 1.086710e+02
      vertex   2.183640e+02 3.486034e+01 1.088025e+02
    endloop
  endfacet
  facet normal -3.821086e-01 -6.818144e-01 6.237966e-01
    outer loop
      vertex   2.183640e+02 3.486034e+01 1.088025e+02
      vertex   2.183279e+02 3.476033e+01 1.086710e+02
      vertex   2.183640e+02 3.474869e+01 1.086805e+02
    endloop
  endfacet
  facet normal -9.915477e-01 -9.588106e-02 8.740714e-02
    outer loop
      vertex   2.182529e+02 3.496169e+01 1.086990e+02
      vertex   2.182529e+02 3.485801e+01 1.085852e+02
      vertex   2.182580e+02 3.483105e+01 1.086136e+02
    endloop
  endfacet
  facet normal -9.912865e-01 -1.070238e-01 7.679222e-02
    outer loop
      vertex   2.182580e+02 3.483105e+01 1.086136e+02
      vertex   2.182529e+02 3.485801e+01 1.085852e+02
      vertex   2.182580e+02 3.474203e+01 1.084896e+02
    endloop
  endfacet
  facet normal -9.236414e-01 -3.113920e-01 2.234315e-01
    outer loop
      vertex   2.182580e+02 3.483105e+01 1.086136e+02
      vertex   2.182580e+02 3.474203e+01 1.084896e+02
      vertex   2.182730e+02 3.471144e+01 1.085089e+02
    endloop
  endfacet
  facet normal -9.236414e-01 -3.356323e-01 1.850339e-01
    outer loop
      vertex   2.182730e+02 3.471144e+01 1.085089e+02
      vertex   2.182580e+02 3.474203e+01 1.084896e+02
      vertex   2.182730e+02 3.463565e+01 1.083714e+02
    endloop
  endfacet
  facet normal -7.928361e-01 -5.337034e-01 2.942304e-01
    outer loop
      vertex   2.182730e+02 3.471144e+01 1.085089e+02
      vertex   2.182730e+02 3.463565e+01 1.083714e+02
      vertex   2.182968e+02 3.460760e+01 1.083848e+02
    endloop
  endfacet
  facet normal -7.928361e-01 -5.647570e-01 2.290424e-01
    outer loop
      vertex   2.182968e+02 3.460760e+01 1.083848e+02
      vertex   2.182730e+02 3.463565e+01 1.083714e+02
      vertex   2.182968e+02 3.454722e+01 1.082359e+02
    endloop
  endfacet
  facet normal -6.080878e-01 -7.356708e-01 2.983581e-01
    outer loop
      vertex   2.182968e+02 3.460760e+01 1.083848e+02
      vertex   2.182968e+02 3.454722e+01 1.082359e+02
      vertex   2.183279e+02 3.452464e+01 1.082435e+02
    endloop
  endfacet
  facet normal -6.080878e-01 -7.657950e-01 2.092539e-01
    outer loop
      vertex   2.183279e+02 3.452464e+01 1.082435e+02
      vertex   2.182968e+02 3.454722e+01 1.082359e+02
      vertex   2.183279e+02 3.448154e+01 1.080858e+02
    endloop
  endfacet
  facet normal -3.821095e-01 -8.914362e-01 2.435854e-01
    outer loop
      vertex   2.183279e+02 3.452464e+01 1.082435e+02
      vertex   2.183279e+02 3.448154e+01 1.080858e+02
      vertex   2.183640e+02 3.446688e+01 1.080889e+02
    endloop
  endfacet
  facet normal -3.821095e-01 -9.139889e-01 1.364427e-01
    outer loop
      vertex   2.183640e+02 3.446688e+01 1.080889e+02
      vertex   2.183279e+02 3.448154e+01 1.080858e+02
      vertex   2.183640e+02 3.444248e+01 1.079254e+02
    endloop
  endfacet
  facet normal -9.916872e-01 -1.050216e-01 7.434327e-02
    outer loop
      vertex   2.182529e+02 3.485801e+01 1.085852e+02
      vertex   2.182529e+02 3.476908e+01 1.084596e+02
      vertex   2.182580e+02 3.474203e+01 1.084896e+02
    endloop
  endfacet
  facet normal -9.911475e-01 -1.162674e-01 6.409816e-02
    outer loop
      vertex   2.182580e+02 3.474203e+01 1.084896e+02
      vertex   2.182529e+02 3.476908e+01 1.084596e+02
      vertex   2.182580e+02 3.466831e+01 1.083559e+02
    endloop
  endfacet
  facet normal -9.236414e-01 -3.356323e-01 1.850339e-01
    outer loop
      vertex   2.182580e+02 3.474203e+01 1.084896e+02
      vertex   2.182580e+02 3.466831e+01 1.083559e+02
      vertex   2.182730e+02 3.463565e+01 1.083714e+02
    endloop
  endfacet
  facet normal -9.236414e-01 -3.551611e-01 1.440389e-01
    outer loop
      vertex   2.182730e+02 3.463565e+01 1.083714e+02
      vertex   2.182580e+02 3.466831e+01 1.083559e+02
      vertex   2.182730e+02 3.457665e+01 1.082259e+02
    endloop
  endfacet
  facet normal -7.928361e-01 -5.647570e-01 2.290424e-01
    outer loop
      vertex   2.182730e+02 3.463565e+01 1.083714e+02
      vertex   2.182730e+02 3.457665e+01 1.082259e+02
      vertex   2.182968e+02 3.454722e+01 1.082359e+02
    endloop
  endfacet
  facet normal -7.928361e-01 -5.878826e-01 1.606392e-01
    outer loop
      vertex   2.182968e+02 3.454722e+01 1.082359e+02
      vertex   2.182730e+02 3.457665e+01 1.082259e+02
      vertex   2.182968e+02 3.450487e+01 1.080809e+02
    endloop
  endfacet
  facet normal -6.080878e-01 -7.657950e-01 2.092539e-01
    outer loop
      vertex   2.182968e+02 3.454722e+01 1.082359e+02
      vertex   2.182968e+02 3.450487e+01 1.080809e+02
      vertex   2.183279e+02 3.448154e+01 1.080858e+02
    endloop
  endfacet
  facet normal -6.080878e-01 -7.851691e-01 1.172121e-01
    outer loop
      vertex   2.183279e+02 3.448154e+01 1.080858e+02
      vertex   2.182968e+02 3.450487e+01 1.080809e+02
      vertex   2.183279e+02 3.445740e+01 1.079241e+02
    endloop
  endfacet
  facet normal -3.821095e-01 -9.139889e-01 1.364427e-01
    outer loop
      vertex   2.183279e+02 3.448154e+01 1.080858e+02
      vertex   2.183279e+02 3.445740e+01 1.079241e+02
      vertex   2.183640e+02 3.444248e+01 1.079254e+02
    endloop
  endfacet
  facet normal -3.821095e-01 -9.237112e-01 2.738466e-02
    outer loop
      vertex   2.183640e+02 3.444248e+01 1.079254e+02
      vertex   2.183279e+02 3.445740e+01 1.079241e+02
      vertex   2.183640e+02 3.443758e+01 1.077602e+02
    endloop
  endfacet
  facet normal -9.918120e-01 -1.125109e-01 6.041709e-02
    outer loop
      vertex   2.182529e+02 3.476908e+01 1.084596e+02
      vertex   2.182529e+02 3.469627e+01 1.083240e+02
      vertex   2.182580e+02 3.466831e+01 1.083559e+02
    endloop
  endfacet
  facet normal -9.910178e-01 -1.239263e-01 5.025948e-02
    outer loop
      vertex   2.182580e+02 3.466831e+01 1.083559e+02
      vertex   2.182529e+02 3.469627e+01 1.083240e+02
      vertex   2.182580e+02 3.461092e+01 1.082143e+02
    endloop
  endfacet
  facet normal -9.236414e-01 -3.551611e-01 1.440389e-01
    outer loop
      vertex   2.182580e+02 3.466831e+01 1.083559e+02
      vertex   2.182580e+02 3.461092e+01 1.082143e+02
      vertex   2.182730e+02 3.457665e+01 1.082259e+02
    endloop
  endfacet
  facet normal -9.236414e-01 -3.697042e-01 1.010219e-01
    outer loop
      vertex   2.182730e+02 3.457665e+01 1.082259e+02
      vertex   2.182580e+02 3.461092e+01 1.082143e+02
      vertex   2.182730e+02 3.453527e+01 1.080745e+02
    endloop
  endfacet
  facet normal -7.928361e-01 -5.878826e-01 1.606392e-01
    outer loop
      vertex   2.182730e+02 3.457665e+01 1.082259e+02
      vertex   2.182730e+02 3.453527e+01 1.080745e+02
      vertex   2.182968e+02 3.450487e+01 1.080809e+02
    endloop
  endfacet
  facet normal -7.928361e-01 -6.027556e-01 8.998097e-02
    outer loop
      vertex   2.182968e+02 3.450487e+01 1.080809e+02
      vertex   2.182730e+02 3.453527e+01 1.080745e+02
      vertex   2.182968e+02 3.448115e+01 1.079220e+02
    endloop
  endfacet
  facet normal -6.080878e-01 -7.851691e-01 1.172121e-01
    outer loop
      vertex   2.182968e+02 3.450487e+01 1.080809e+02
      vertex   2.182968e+02 3.448115e+01 1.079220e+02
      vertex   2.183279e+02 3.445740e+01 1.079241e+02
    endloop
  endfacet
  facet normal -6.080878e-01 -7.935211e-01 2.352500e-02
    outer loop
      vertex   2.183279e+02 3.445740e+01 1.079241e+02
      vertex   2.182968e+02 3.448115e+01 1.079220e+02
      vertex   2.183279e+02 3.445256e+01 1.077607e+02
    endloop
  endfacet
  facet normal -3.821095e-01 -9.237112e-01 2.738466e-02
    outer loop
      vertex   2.183279e+02 3.445740e+01 1.079241e+02
      vertex   2.183279e+02 3.445256e+01 1.077607e+02
      vertex   2.183640e+02 3.443758e+01 1.077602e+02
    endloop
  endfacet
  facet normal -3.821095e-01 -9.204666e-01 -8.205780e-02
    outer loop
      vertex   2.183640e+02 3.443758e+01 1.077602e+02
      vertex   2.183279e+02 3.445256e+01 1.077607e+02
      vertex   2.183640e+02 3.445225e+01 1.075956e+02
    endloop
  endfacet
  facet normal -9.919229e-01 -1.182767e-01 4.582062e-02
    outer loop
      vertex   2.182529e+02 3.469627e+01 1.083240e+02
      vertex   2.182529e+02 3.464068e+01 1.081805e+02
      vertex   2.182580e+02 3.461092e+01 1.082143e+02
    endloop
  endfacet
  facet normal -9.908981e-01 -1.298534e-01 3.548250e-02
    outer loop
      vertex   2.182580e+02 3.461092e+01 1.082143e+02
      vertex   2.182529e+02 3.464068e+01 1.081805e+02
      vertex   2.182580e+02 3.457067e+01 1.080670e+02
    endloop
  endfacet
  facet normal -9.236414e-01 -3.697042e-01 1.010219e-01
    outer loop
      vertex   2.182580e+02 3.461092e+01 1.082143e+02
      vertex   2.182580e+02 3.457067e+01 1.080670e+02
      vertex   2.182730e+02 3.453527e+01 1.080745e+02
    endloop
  endfacet
  facet normal -9.236414e-01 -3.790575e-01 5.658671e-02
    outer loop
      vertex   2.182730e+02 3.453527e+01 1.080745e+02
      vertex   2.182580e+02 3.457067e+01 1.080670e+02
      vertex   2.182730e+02 3.451209e+01 1.079192e+02
    endloop
  endfacet
  facet normal -7.928361e-01 -6.027556e-01 8.998097e-02
    outer loop
      vertex   2.182730e+02 3.453527e+01 1.080745e+02
      vertex   2.182730e+02 3.451209e+01 1.079192e+02
      vertex   2.182968e+02 3.448115e+01 1.079220e+02
    endloop
  endfacet
  facet normal -7.928361e-01 -6.091672e-01 1.805958e-02
    outer loop
      vertex   2.182968e+02 3.448115e+01 1.079220e+02
      vertex   2.182730e+02 3.451209e+01 1.079192e+02
      vertex   2.182968e+02 3.447639e+01 1.077614e+02
    endloop
  endfacet
  facet normal -6.080878e-01 -7.935211e-01 2.352500e-02
    outer loop
      vertex   2.182968e+02 3.448115e+01 1.079220e+02
      vertex   2.182968e+02 3.447639e+01 1.077614e+02
      vertex   2.183279e+02 3.445256e+01 1.077607e+02
    endloop
  endfacet
  facet normal -6.080878e-01 -7.907338e-01 -7.049238e-02
    outer loop
      vertex   2.183279e+02 3.445256e+01 1.077607e+02
      vertex   2.182968e+02 3.447639e+01 1.077614e+02
      vertex   2.183279e+02 3.446708e+01 1.075978e+02
    endloop
  endfacet
  facet normal -3.821095e-01 -9.204666e-01 -8.205780e-02
    outer loop
      vertex   2.183279e+02 3.445256e+01 1.077607e+02
      vertex   2.183279e+02 3.446708e+01 1.075978e+02
      vertex   2.183640e+02 3.445225e+01 1.075956e+02
    endloop
  endfacet
  facet normal -3.821095e-01 -9.043007e-01 -1.903484e-01
    outer loop
      vertex   2.183640e+02 3.445225e+01 1.075956e+02
      vertex   2.183279e+02 3.446708e+01 1.075978e+02
      vertex   2.183640e+02 3.448630e+01 1.074339e+02
    endloop
  endfacet
  facet normal -9.920207e-01 -1.222671e-01 3.075141e-02
    outer loop
      vertex   2.182529e+02 3.464068e+01 1.081805e+02
      vertex   2.182529e+02 3.460314e+01 1.080313e+02
      vertex   2.182580e+02 3.457067e+01 1.080670e+02
    endloop
  endfacet
  facet normal -9.907892e-01 -1.339292e-01 1.999331e-02
    outer loop
      vertex   2.182580e+02 3.457067e+01 1.080670e+02
      vertex   2.182529e+02 3.460314e+01 1.080313e+02
      vertex   2.182580e+02 3.454812e+01 1.079160e+02
    endloop
  endfacet
  facet normal -9.236414e-01 -3.790575e-01 5.658671e-02
    outer loop
      vertex   2.182580e+02 3.457067e+01 1.080670e+02
      vertex   2.182580e+02 3.454812e+01 1.079160e+02
      vertex   2.182730e+02 3.451209e+01 1.079192e+02
    endloop
  endfacet
  facet normal -9.236414e-01 -3.830896e-01 1.135721e-02
    outer loop
      vertex   2.182730e+02 3.451209e+01 1.079192e+02
      vertex   2.182580e+02 3.454812e+01 1.079160e+02
      vertex   2.182730e+02 3.450744e+01 1.077623e+02
    endloop
  endfacet
  facet normal -7.928361e-01 -6.091672e-01 1.805958e-02
    outer loop
      vertex   2.182730e+02 3.451209e+01 1.079192e+02
      vertex   2.182730e+02 3.450744e+01 1.077623e+02
      vertex   2.182968e+02 3.447639e+01 1.077614e+02
    endloop
  endfacet
  facet normal -7.928361e-01 -6.070275e-01 -5.411532e-02
    outer loop
      vertex   2.182968e+02 3.447639e+01 1.077614e+02
      vertex   2.182730e+02 3.450744e+01 1.077623e+02
      vertex   2.182968e+02 3.449065e+01 1.076014e+02
    endloop
  endfacet
  facet normal -6.080878e-01 -7.907338e-01 -7.049238e-02
    outer loop
      vertex   2.182968e+02 3.447639e+01 1.077614e+02
      vertex   2.182968e+02 3.449065e+01 1.076014e+02
      vertex   2.183279e+02 3.446708e+01 1.075978e+02
    endloop
  endfacet
  facet normal -6.080878e-01 -7.768464e-01 -1.635202e-01
    outer loop
      vertex   2.183279e+02 3.446708e+01 1.075978e+02
      vertex   2.182968e+02 3.449065e+01 1.076014e+02
      vertex   2.183279e+02 3.450075e+01 1.074378e+02
    endloop
  endfacet
  facet normal -3.821095e-01 -9.043007e-01 -1.903484e-01
    outer loop
      vertex   2.183279e+02 3.446708e+01 1.075978e+02
      vertex   2.183279e+02 3.450075e+01 1.074378e+02
      vertex   2.183640e+02 3.448630e+01 1.074339e+02
    endloop
  endfacet
  facet normal -3.821095e-01 -8.754404e-01 -2.959668e-01
    outer loop
      vertex   2.183640e+02 3.448630e+01 1.074339e+02
      vertex   2.183279e+02 3.450075e+01 1.074378e+02
      vertex   2.183640e+02 3.453923e+01 1.072773e+02
    endloop
  endfacet
  facet normal -9.921060e-01 -1.244514e-01 1.541043e-02
    outer loop
      vertex   2.182529e+02 3.460314e+01 1.080313e+02
      vertex   2.182529e+02 3.458423e+01 1.078785e+02
      vertex   2.182580e+02 3.454812e+01 1.079160e+02
    endloop
  endfacet
  facet normal -9.906917e-01 -1.360653e-01 4.033839e-03
    outer loop
      vertex   2.182580e+02 3.454812e+01 1.079160e+02
      vertex   2.182529e+02 3.458423e+01 1.078785e+02
      vertex   2.182580e+02 3.454360e+01 1.077634e+02
    endloop
  endfacet
  facet normal -9.236414e-01 -3.830896e-01 1.135721e-02
    outer loop
      vertex   2.182580e+02 3.454812e+01 1.079160e+02
      vertex   2.182580e+02 3.454360e+01 1.077634e+02
      vertex   2.182730e+02 3.450744e+01 1.077623e+02
    endloop
  endfacet
  facet normal -9.236414e-01 -3.817440e-01 -3.403173e-02
    outer loop
      vertex   2.182730e+02 3.450744e+01 1.077623e+02
      vertex   2.182580e+02 3.454360e+01 1.077634e+02
      vertex   2.182730e+02 3.452138e+01 1.076059e+02
    endloop
  endfacet
  facet normal -7.928361e-01 -6.070275e-01 -5.411532e-02
    outer loop
      vertex   2.182730e+02 3.450744e+01 1.077623e+02
      vertex   2.182730e+02 3.452138e+01 1.076059e+02
      vertex   2.182968e+02 3.449065e+01 1.076014e+02
    endloop
  endfacet
  facet normal -7.928361e-01 -5.963665e-01 -1.255306e-01
    outer loop
      vertex   2.182968e+02 3.449065e+01 1.076014e+02
      vertex   2.182730e+02 3.452138e+01 1.076059e+02
      vertex   2.182968e+02 3.452375e+01 1.074441e+02
    endloop
  endfacet
  facet normal -6.080878e-01 -7.768464e-01 -1.635202e-01
    outer loop
      vertex   2.182968e+02 3.449065e+01 1.076014e+02
      vertex   2.182968e+02 3.452375e+01 1.074441e+02
      vertex   2.183279e+02 3.450075e+01 1.074378e+02
    endloop
  endfacet
  facet normal -6.080878e-01 -7.520537e-01 -2.542525e-01
    outer loop
      vertex   2.183279e+02 3.450075e+01 1.074378e+02
      vertex   2.182968e+02 3.452375e+01 1.074441e+02
      vertex   2.183279e+02 3.455311e+01 1.072830e+02
    endloop
  endfacet
  facet normal -3.821095e-01 -8.754404e-01 -2.959668e-01
    outer loop
      vertex   2.183279e+02 3.450075e+01 1.074378e+02
      vertex   2.183279e+02 3.455311e+01 1.072830e+02
      vertex   2.183640e+02 3.453923e+01 1.072773e+02
    endloop
  endfacet
  facet normal -3.821095e-01 -8.342909e-01 -3.974306e-01
    outer loop
      vertex   2.183640e+02 3.453923e+01 1.072773e+02
      vertex   2.183279e+02 3.455311e+01 1.072830e+02
      vertex   2.183640e+02 3.461030e+01 1.071281e+02
    endloop
  endfacet
  facet normal -9.921794e-01 -1.248201e-01 -0.000000e+00
    outer loop
      vertex   2.182529e+02 3.458423e+01 1.078785e+02
      vertex   2.182529e+02 3.458423e+01 1.077246e+02
      vertex   2.182580e+02 3.454360e+01 1.077634e+02
    endloop
  endfacet
  facet normal -9.906061e-01 -1.362062e-01 -1.214252e-02
    outer loop
      vertex   2.182580e+02 3.454360e+01 1.077634e+02
      vertex   2.182529e+02 3.458423e+01 1.077246e+02
      vertex   2.182580e+02 3.455716e+01 1.076113e+02
    endloop
  endfacet
  facet normal -9.236414e-01 -3.817440e-01 -3.403173e-02
    outer loop
      vertex   2.182580e+02 3.454360e+01 1.077634e+02
      vertex   2.182580e+02 3.455716e+01 1.076113e+02
      vertex   2.182730e+02 3.452138e+01 1.076059e+02
    endloop
  endfacet
  facet normal -9.236414e-01 -3.750395e-01 -7.894293e-02
    outer loop
      vertex   2.182730e+02 3.452138e+01 1.076059e+02
      vertex   2.182580e+02 3.455716e+01 1.076113e+02
      vertex   2.182730e+02 3.455371e+01 1.074523e+02
    endloop
  endfacet
  facet normal -7.928361e-01 -5.963665e-01 -1.255306e-01
    outer loop
      vertex   2.182730e+02 3.452138e+01 1.076059e+02
      vertex   2.182730e+02 3.455371e+01 1.074523e+02
      vertex   2.182968e+02 3.452375e+01 1.074441e+02
    endloop
  endfacet
  facet normal -7.928361e-01 -5.773337e-01 -1.951836e-01
    outer loop
      vertex   2.182968e+02 3.452375e+01 1.074441e+02
      vertex   2.182730e+02 3.455371e+01 1.074523e+02
      vertex   2.182968e+02 3.457520e+01 1.072919e+02
    endloop
  endfacet
  facet normal -6.080878e-01 -7.520537e-01 -2.542525e-01
    outer loop
      vertex   2.182968e+02 3.452375e+01 1.074441e+02
      vertex   2.182968e+02 3.457520e+01 1.072919e+02
      vertex   2.183279e+02 3.455311e+01 1.072830e+02
    endloop
  endfacet
  facet normal -6.080878e-01 -7.167039e-01 -3.414158e-01
    outer loop
      vertex   2.183279e+02 3.455311e+01 1.072830e+02
      vertex   2.182968e+02 3.457520e+01 1.072919e+02
      vertex   2.183279e+02 3.462343e+01 1.071354e+02
    endloop
  endfacet
  facet normal -3.821095e-01 -8.342909e-01 -3.974306e-01
    outer loop
      vertex   2.183279e+02 3.455311e+01 1.072830e+02
      vertex   2.183279e+02 3.462343e+01 1.071354e+02
      vertex   2.183640e+02 3.461030e+01 1.071281e+02
    endloop
  endfacet
  facet normal -3.821095e-01 -7.814297e-01 -4.933153e-01
    outer loop
      vertex   2.183640e+02 3.461030e+01 1.071281e+02
      vertex   2.183279e+02 3.462343e+01 1.071354e+02
      vertex   2.183640e+02 3.469853e+01 1.069884e+02
    endloop
  endfacet
  facet normal -9.922413e-01 -1.233848e-01 -1.527835e-02
    outer loop
      vertex   2.182529e+02 3.458423e+01 1.077246e+02
      vertex   2.182529e+02 3.460314e+01 1.075719e+02
      vertex   2.182580e+02 3.455716e+01 1.076113e+02
    endloop
  endfacet
  facet normal -9.905330e-01 -1.343310e-01 -2.827564e-02
    outer loop
      vertex   2.182580e+02 3.455716e+01 1.076113e+02
      vertex   2.182529e+02 3.460314e+01 1.075719e+02
      vertex   2.182580e+02 3.458861e+01 1.074619e+02
    endloop
  endfacet
  facet normal -9.236414e-01 -3.750395e-01 -7.894293e-02
    outer loop
      vertex   2.182580e+02 3.455716e+01 1.076113e+02
      vertex   2.182580e+02 3.458861e+01 1.074619e+02
      vertex   2.182730e+02 3.455371e+01 1.074523e+02
    endloop
  endfacet
  facet normal -9.236414e-01 -3.630703e-01 -1.227459e-01
    outer loop
      vertex   2.182730e+02 3.455371e+01 1.074523e+02
      vertex   2.182580e+02 3.458861e+01 1.074619e+02
      vertex   2.182730e+02 3.460399e+01 1.073036e+02
    endloop
  endfacet
  facet normal -7.928361e-01 -5.773337e-01 -1.951836e-01
    outer loop
      vertex   2.182730e+02 3.455371e+01 1.074523e+02
      vertex   2.182730e+02 3.460399e+01 1.073036e+02
      vertex   2.182968e+02 3.457520e+01 1.072919e+02
    endloop
  endfacet
  facet normal -7.928361e-01 -5.501965e-01 -2.620967e-01
    outer loop
      vertex   2.182968e+02 3.457520e+01 1.072919e+02
      vertex   2.182730e+02 3.460399e+01 1.073036e+02
      vertex   2.182968e+02 3.464430e+01 1.071469e+02
    endloop
  endfacet
  facet normal -6.080878e-01 -7.167039e-01 -3.414158e-01
    outer loop
      vertex   2.182968e+02 3.457520e+01 1.072919e+02
      vertex   2.182968e+02 3.464430e+01 1.071469e+02
      vertex   2.183279e+02 3.462343e+01 1.071354e+02
    endloop
  endfacet
  facet normal -6.080878e-01 -6.712931e-01 -4.237862e-01
    outer loop
      vertex   2.183279e+02 3.462343e+01 1.071354e+02
      vertex   2.182968e+02 3.464430e+01 1.071469e+02
      vertex   2.183279e+02 3.471070e+01 1.069971e+02
    endloop
  endfacet
  facet normal -3.821095e-01 -7.814297e-01 -4.933153e-01
    outer loop
      vertex   2.183279e+02 3.462343e+01 1.071354e+02
      vertex   2.183279e+02 3.471070e+01 1.069971e+02
      vertex   2.183640e+02 3.469853e+01 1.069884e+02
    endloop
  endfacet
  facet normal -3.821095e-01 -7.175989e-01 -5.822749e-01
    outer loop
      vertex   2.183640e+02 3.469853e+01 1.069884e+02
      vertex   2.183279e+02 3.471070e+01 1.069971e+02
      vertex   2.183640e+02 3.480266e+01 1.068600e+02
    endloop
  endfacet
  facet normal -9.922921e-01 -1.201782e-01 -3.022604e-02
    outer loop
      vertex   2.182529e+02 3.460314e+01 1.075719e+02
      vertex   2.182529e+02 3.464068e+01 1.074226e+02
      vertex   2.182580e+02 3.458861e+01 1.074619e+02
    endloop
  endfacet
  facet normal -9.904729e-01 -1.304541e-01 -4.410361e-02
    outer loop
      vertex   2.182580e+02 3.458861e+01 1.074619e+02
      vertex   2.182529e+02 3.464068e+01 1.074226e+02
      vertex   2.182580e+02 3.463752e+01 1.073172e+02
    endloop
  endfacet
  facet normal -9.236414e-01 -3.630703e-01 -1.227459e-01
    outer loop
      vertex   2.182580e+02 3.458861e+01 1.074619e+02
      vertex   2.182580e+02 3.463752e+01 1.073172e+02
      vertex   2.182730e+02 3.460399e+01 1.073036e+02
    endloop
  endfacet
  facet normal -9.236414e-01 -3.460044e-01 -1.648259e-01
    outer loop
      vertex   2.182730e+02 3.460399e+01 1.073036e+02
      vertex   2.182580e+02 3.463752e+01 1.073172e+02
      vertex   2.182730e+02 3.467151e+01 1.071619e+02
    endloop
  endfacet
  facet normal -7.928361e-01 -5.501965e-01 -2.620967e-01
    outer loop
      vertex   2.182730e+02 3.460399e+01 1.073036e+02
      vertex   2.182730e+02 3.467151e+01 1.071619e+02
      vertex   2.182968e+02 3.464430e+01 1.071469e+02
    endloop
  endfacet
  facet normal -7.928361e-01 -5.153357e-01 -3.253306e-01
    outer loop
      vertex   2.182968e+02 3.464430e+01 1.071469e+02
      vertex   2.182730e+02 3.467151e+01 1.071619e+02
      vertex   2.182968e+02 3.473007e+01 1.070110e+02
    endloop
  endfacet
  facet normal -6.080878e-01 -6.712931e-01 -4.237862e-01
    outer loop
      vertex   2.182968e+02 3.464430e+01 1.071469e+02
      vertex   2.182968e+02 3.473007e+01 1.070110e+02
      vertex   2.183279e+02 3.471070e+01 1.069971e+02
    endloop
  endfacet
  facet normal -6.080878e-01 -6.164588e-01 -5.002077e-01
    outer loop
      vertex   2.183279e+02 3.471070e+01 1.069971e+02
      vertex   2.182968e+02 3.473007e+01 1.070110e+02
      vertex   2.183279e+02 3.481372e+01 1.068702e+02
    endloop
  endfacet
  facet normal -3.821095e-01 -7.175989e-01 -5.822749e-01
    outer loop
      vertex   2.183279e+02 3.471070e+01 1.069971e+02
      vertex   2.183279e+02 3.481372e+01 1.068702e+02
      vertex   2.183640e+02 3.480266e+01 1.068600e+02
    endloop
  endfacet
  facet normal -3.821095e-01 -6.436947e-01 -6.630607e-01
    outer loop
      vertex   2.183640e+02 3.480266e+01 1.068600e+02
      vertex   2.183279e+02 3.481372e+01 1.068702e+02
      vertex   2.183640e+02 3.492124e+01 1.067449e+02
    endloop
  endfacet
  facet normal -9.923321e-01 -1.152536e-01 -4.464949e-02
    outer loop
      vertex   2.182529e+02 3.464068e+01 1.074226e+02
      vertex   2.182529e+02 3.469627e+01 1.072791e+02
      vertex   2.182580e+02 3.463752e+01 1.073172e+02
    endloop
  endfacet
  facet normal -9.904262e-01 -1.246254e-01 -5.936771e-02
    outer loop
      vertex   2.182580e+02 3.463752e+01 1.073172e+02
      vertex   2.182529e+02 3.469627e+01 1.072791e+02
      vertex   2.182580e+02 3.470319e+01 1.071793e+02
    endloop
  endfacet
  facet normal -9.236414e-01 -3.460044e-01 -1.648259e-01
    outer loop
      vertex   2.182580e+02 3.463752e+01 1.073172e+02
      vertex   2.182580e+02 3.470319e+01 1.071793e+02
      vertex   2.182730e+02 3.467151e+01 1.071619e+02
    endloop
  endfacet
  facet normal -9.236414e-01 -3.240813e-01 -2.045920e-01
    outer loop
      vertex   2.182730e+02 3.467151e+01 1.071619e+02
      vertex   2.182580e+02 3.470319e+01 1.071793e+02
      vertex   2.182730e+02 3.475531e+01 1.070291e+02
    endloop
  endfacet
  facet normal -7.928361e-01 -5.153357e-01 -3.253306e-01
    outer loop
      vertex   2.182730e+02 3.467151e+01 1.071619e+02
      vertex   2.182730e+02 3.475531e+01 1.070291e+02
      vertex   2.182968e+02 3.473007e+01 1.070110e+02
    endloop
  endfacet
  facet normal -7.928361e-01 -4.732407e-01 -3.839975e-01
    outer loop
      vertex   2.182968e+02 3.473007e+01 1.070110e+02
      vertex   2.182730e+02 3.475531e+01 1.070291e+02
      vertex   2.182968e+02 3.483131e+01 1.068863e+02
    endloop
  endfacet
  facet normal -6.080878e-01 -6.164588e-01 -5.002077e-01
    outer loop
      vertex   2.182968e+02 3.473007e+01 1.070110e+02
      vertex   2.182968e+02 3.483131e+01 1.068863e+02
      vertex   2.183279e+02 3.481372e+01 1.068702e+02
    endloop
  endfacet
  facet normal -6.080878e-01 -5.529708e-01 -5.696073e-01
    outer loop
      vertex   2.183279e+02 3.481372e+01 1.068702e+02
      vertex   2.182968e+02 3.483131e+01 1.068863e+02
      vertex   2.183279e+02 3.493102e+01 1.067563e+02
    endloop
  endfacet
  facet normal -3.821095e-01 -6.436947e-01 -6.630607e-01
    outer loop
      vertex   2.183279e+02 3.481372e+01 1.068702e+02
      vertex   2.183279e+02 3.493102e+01 1.067563e+02
      vertex   2.183640e+02 3.492124e+01 1.067449e+02
    endloop
  endfacet
  facet normal -3.821095e-01 -5.607544e-01 -7.345385e-01
    outer loop
      vertex   2.183640e+02 3.492124e+01 1.067449e+02
      vertex   2.183279e+02 3.493102e+01 1.067563e+02
      vertex   2.183640e+02 3.505261e+01 1.066446e+02
    endloop
  endfacet
  facet normal -9.923616e-01 -1.086843e-01 -5.836223e-02
    outer loop
      vertex   2.182529e+02 3.469627e+01 1.072791e+02
      vertex   2.182529e+02 3.476908e+01 1.071435e+02
      vertex   2.182580e+02 3.470319e+01 1.071793e+02
    endloop
  endfacet
  facet normal -9.903931e-01 -1.169297e-01 -7.381756e-02
    outer loop
      vertex   2.182580e+02 3.470319e+01 1.071793e+02
      vertex   2.182529e+02 3.476908e+01 1.071435e+02
      vertex   2.182580e+02 3.478470e+01 1.070502e+02
    endloop
  endfacet
  facet normal -9.236414e-01 -3.240813e-01 -2.045920e-01
    outer loop
      vertex   2.182580e+02 3.470319e+01 1.071793e+02
      vertex   2.182580e+02 3.478470e+01 1.070502e+02
      vertex   2.182730e+02 3.475531e+01 1.070291e+02
    endloop
  endfacet
  facet normal -9.236414e-01 -2.976089e-01 -2.414861e-01
    outer loop
      vertex   2.182730e+02 3.475531e+01 1.070291e+02
      vertex   2.182580e+02 3.478470e+01 1.070502e+02
      vertex   2.182730e+02 3.485423e+01 1.069072e+02
    endloop
  endfacet
  facet normal -7.928361e-01 -4.732407e-01 -3.839975e-01
    outer loop
      vertex   2.182730e+02 3.475531e+01 1.070291e+02
      vertex   2.182730e+02 3.485423e+01 1.069072e+02
      vertex   2.182968e+02 3.483131e+01 1.068863e+02
    endloop
  endfacet
  facet normal -7.928361e-01 -4.245025e-01 -4.372740e-01
    outer loop
      vertex   2.182968e+02 3.483131e+01 1.068863e+02
      vertex   2.182730e+02 3.485423e+01 1.069072e+02
      vertex   2.182968e+02 3.494659e+01 1.067743e+02
    endloop
  endfacet
  facet normal -6.080878e-01 -5.529708e-01 -5.696073e-01
    outer loop
      vertex   2.182968e+02 3.483131e+01 1.068863e+02
      vertex   2.182968e+02 3.494659e+01 1.067743e+02
      vertex   2.183279e+02 3.493102e+01 1.067563e+02
    endloop
  endfacet
  facet normal -6.080878e-01 -4.817203e-01 -6.310109e-01
    outer loop
      vertex   2.183279e+02 3.493102e+01 1.067563e+02
      vertex   2.182968e+02 3.494659e+01 1.067743e+02
      vertex   2.183279e+02 3.506098e+01 1.066571e+02
    endloop
  endfacet
  facet normal -3.821095e-01 -5.607544e-01 -7.345385e-01
    outer loop
      vertex   2.183279e+02 3.493102e+01 1.067563e+02
      vertex   2.183279e+02 3.506098e+01 1.066571e+02
      vertex   2.183640e+02 3.505261e+01 1.066446e+02
    endloop
  endfacet
  facet normal -3.821095e-01 -4.699423e-01 -7.957051e-01
    outer loop
      vertex   2.183640e+02 3.505261e+01 1.066446e+02
      vertex   2.183279e+02 3.506098e+01 1.066571e+02
      vertex   2.183640e+02 3.519491e+01 1.065606e+02
    endloop
  endfacet
  facet normal -9.923808e-01 -1.005627e-01 -7.118685e-02
    outer loop
      vertex   2.182529e+02 3.476908e+01 1.071435e+02
      vertex   2.182529e+02 3.485801e+01 1.070179e+02
      vertex   2.182580e+02 3.478470e+01 1.070502e+02
    endloop
  endfacet
  facet normal -9.903738e-01 -1.074854e-01 -8.721590e-02
    outer loop
      vertex   2.182580e+02 3.478470e+01 1.070502e+02
      vertex   2.182529e+02 3.485801e+01 1.070179e+02
      vertex   2.182580e+02 3.488092e+01 1.069316e+02
    endloop
  endfacet
  facet normal -9.236414e-01 -2.976089e-01 -2.414861e-01
    outer loop
      vertex   2.182580e+02 3.478470e+01 1.070502e+02
      vertex   2.182580e+02 3.488092e+01 1.069316e+02
      vertex   2.182730e+02 3.485423e+01 1.069072e+02
    endloop
  endfacet
  facet normal -9.236414e-01 -2.669587e-01 -2.749903e-01
    outer loop
      vertex   2.182730e+02 3.485423e+01 1.069072e+02
      vertex   2.182580e+02 3.488092e+01 1.069316e+02
      vertex   2.182730e+02 3.496687e+01 1.067979e+02
    endloop
  endfacet
  facet normal -7.928361e-01 -4.245025e-01 -4.372740e-01
    outer loop
      vertex   2.182730e+02 3.485423e+01 1.069072e+02
      vertex   2.182730e+02 3.496687e+01 1.067979e+02
      vertex   2.182968e+02 3.494659e+01 1.067743e+02
    endloop
  endfacet
  facet normal -7.928361e-01 -3.698052e-01 -4.844120e-01
    outer loop
      vertex   2.182968e+02 3.494659e+01 1.067743e+02
      vertex   2.182730e+02 3.496687e+01 1.067979e+02
      vertex   2.182968e+02 3.507429e+01 1.066768e+02
    endloop
  endfacet
  facet normal -6.080878e-01 -4.817203e-01 -6.310109e-01
    outer loop
      vertex   2.182968e+02 3.494659e+01 1.067743e+02
      vertex   2.182968e+02 3.507429e+01 1.066768e+02
      vertex   2.183279e+02 3.506098e+01 1.066571e+02
    endloop
  endfacet
  facet normal -6.080878e-01 -4.037075e-01 -6.835565e-01
    outer loop
      vertex   2.183279e+02 3.506098e+01 1.066571e+02
      vertex   2.182968e+02 3.507429e+01 1.066768e+02
      vertex   2.183279e+02 3.520175e+01 1.065739e+02
    endloop
  endfacet
  facet normal -3.821095e-01 -4.699423e-01 -7.957051e-01
    outer loop
      vertex   2.183279e+02 3.506098e+01 1.066571e+02
      vertex   2.183279e+02 3.520175e+01 1.065739e+02
      vertex   2.183640e+02 3.519491e+01 1.065606e+02
    endloop
  endfacet
  facet normal -3.821095e-01 -3.725332e-01 -8.457017e-01
    outer loop
      vertex   2.183640e+02 3.519491e+01 1.065606e+02
      vertex   2.183279e+02 3.520175e+01 1.065739e+02
      vertex   2.183640e+02 3.534615e+01 1.064940e+02
    endloop
  endfacet
  facet normal -9.923897e-01 -9.099937e-02 -8.295689e-02
    outer loop
      vertex   2.182529e+02 3.485801e+01 1.070179e+02
      vertex   2.182529e+02 3.496169e+01 1.069042e+02
      vertex   2.182580e+02 3.488092e+01 1.069316e+02
    endloop
  endfacet
  facet normal -9.903685e-01 -9.644185e-02 -9.934337e-02
    outer loop
      vertex   2.182580e+02 3.488092e+01 1.069316e+02
      vertex   2.182529e+02 3.496169e+01 1.069042e+02
      vertex   2.182580e+02 3.499048e+01 1.068253e+02
    endloop
  endfacet
  facet normal -9.236414e-01 -2.669587e-01 -2.749903e-01
    outer loop
      vertex   2.182580e+02 3.488092e+01 1.069316e+02
      vertex   2.182580e+02 3.499048e+01 1.068253e+02
      vertex   2.182730e+02 3.496687e+01 1.067979e+02
    endloop
  endfacet
  facet normal -9.236414e-01 -2.325609e-01 -3.046342e-01
    outer loop
      vertex   2.182730e+02 3.496687e+01 1.067979e+02
      vertex   2.182580e+02 3.499048e+01 1.068253e+02
      vertex   2.182730e+02 3.509165e+01 1.067026e+02
    endloop
  endfacet
  facet normal -7.928361e-01 -3.698052e-01 -4.844120e-01
    outer loop
      vertex   2.182730e+02 3.496687e+01 1.067979e+02
      vertex   2.182730e+02 3.509165e+01 1.067026e+02
      vertex   2.182968e+02 3.507429e+01 1.066768e+02
    endloop
  endfacet
  facet normal -7.928361e-01 -3.099166e-01 -5.247500e-01
    outer loop
      vertex   2.182968e+02 3.507429e+01 1.066768e+02
      vertex   2.182730e+02 3.509165e+01 1.067026e+02
      vertex   2.182968e+02 3.521264e+01 1.065951e+02
    endloop
  endfacet
  facet normal -6.080878e-01 -4.037075e-01 -6.835565e-01
    outer loop
      vertex   2.182968e+02 3.507429e+01 1.066768e+02
      vertex   2.182968e+02 3.521264e+01 1.065951e+02
      vertex   2.183279e+02 3.520175e+01 1.065739e+02
    endloop
  endfacet
  facet normal -6.080878e-01 -3.200275e-01 -7.265064e-01
    outer loop
      vertex   2.183279e+02 3.520175e+01 1.065739e+02
      vertex   2.182968e+02 3.521264e+01 1.065951e+02
      vertex   2.183279e+02 3.535137e+01 1.065080e+02
    endloop
  endfacet
  facet normal -3.821095e-01 -3.725332e-01 -8.457017e-01
    outer loop
      vertex   2.183279e+02 3.520175e+01 1.065739e+02
      vertex   2.183279e+02 3.535137e+01 1.065080e+02
      vertex   2.183640e+02 3.534615e+01 1.064940e+02
    endloop
  endfacet
  facet normal -3.821095e-01 -2.698946e-01 -8.838264e-01
    outer loop
      vertex   2.183640e+02 3.534615e+01 1.064940e+02
      vertex   2.183279e+02 3.535137e+01 1.065080e+02
      vertex   2.183640e+02 3.550422e+01 1.064457e+02
    endloop
  endfacet
  facet normal -9.923884e-01 -8.012188e-02 -9.351866e-02
    outer loop
      vertex   2.182529e+02 3.496169e+01 1.069042e+02
      vertex   2.182529e+02 3.507856e+01 1.068041e+02
      vertex   2.182580e+02 3.499048e+01 1.068253e+02
    endloop
  endfacet
  facet normal -9.903773e-01 -8.397724e-02 -1.100027e-01
    outer loop
      vertex   2.182580e+02 3.499048e+01 1.068253e+02
      vertex   2.182529e+02 3.507856e+01 1.068041e+02
      vertex   2.182580e+02 3.511186e+01 1.067326e+02
    endloop
  endfacet
  facet normal -9.236414e-01 -2.325609e-01 -3.046342e-01
    outer loop
      vertex   2.182580e+02 3.499048e+01 1.068253e+02
      vertex   2.182580e+02 3.511186e+01 1.067326e+02
      vertex   2.182730e+02 3.509165e+01 1.067026e+02
    endloop
  endfacet
  facet normal -9.236414e-01 -1.948986e-01 -3.300018e-01
    outer loop
      vertex   2.182730e+02 3.509165e+01 1.067026e+02
      vertex   2.182580e+02 3.511186e+01 1.067326e+02
      vertex   2.182730e+02 3.522682e+01 1.066228e+02
    endloop
  endfacet
  facet normal -7.928361e-01 -3.099166e-01 -5.247500e-01
    outer loop
      vertex   2.182730e+02 3.509165e+01 1.067026e+02
      vertex   2.182730e+02 3.522682e+01 1.066228e+02
      vertex   2.182968e+02 3.521264e+01 1.065951e+02
    endloop
  endfacet
  facet normal -7.928361e-01 -2.456775e-01 -5.577217e-01
    outer loop
      vertex   2.182968e+02 3.521264e+01 1.065951e+02
      vertex   2.182730e+02 3.522682e+01 1.066228e+02
      vertex   2.182968e+02 3.535967e+01 1.065304e+02
    endloop
  endfacet
  facet normal -6.080878e-01 -3.200275e-01 -7.265064e-01
    outer loop
      vertex   2.182968e+02 3.521264e+01 1.065951e+02
      vertex   2.182968e+02 3.535967e+01 1.065304e+02
      vertex   2.183279e+02 3.535137e+01 1.065080e+02
    endloop
  endfacet
  facet normal -6.080878e-01 -2.318550e-01 -7.592578e-01
    outer loop
      vertex   2.183279e+02 3.535137e+01 1.065080e+02
      vertex   2.182968e+02 3.535967e+01 1.065304e+02
      vertex   2.183279e+02 3.550774e+01 1.064603e+02
    endloop
  endfacet
  facet normal -3.821095e-01 -2.698946e-01 -8.838264e-01
    outer loop
      vertex   2.183279e+02 3.535137e+01 1.065080e+02
      vertex   2.183279e+02 3.550774e+01 1.064603e+02
      vertex   2.183640e+02 3.550422e+01 1.064457e+02
    endloop
  endfacet
  facet normal -3.821095e-01 -1.634673e-01 -9.095442e-01
    outer loop
      vertex   2.183640e+02 3.550422e+01 1.064457e+02
      vertex   2.183279e+02 3.550774e+01 1.064603e+02
      vertex   2.183640e+02 3.566688e+01 1.064165e+02
    endloop
  endfacet
  facet normal -9.923769e-01 -6.807326e-02 -1.027329e-01
    outer loop
      vertex   2.182529e+02 3.507856e+01 1.068041e+02
      vertex   2.182529e+02 3.520686e+01 1.067190e+02
      vertex   2.182580e+02 3.511186e+01 1.067326e+02
    endloop
  endfacet
  facet normal -9.904000e-01 -7.029468e-02 -1.190228e-01
    outer loop
      vertex   2.182580e+02 3.511186e+01 1.067326e+02
      vertex   2.182529e+02 3.520686e+01 1.067190e+02
      vertex   2.182580e+02 3.524334e+01 1.066550e+02
    endloop
  endfacet
  facet normal -9.236414e-01 -1.948986e-01 -3.300018e-01
    outer loop
      vertex   2.182580e+02 3.511186e+01 1.067326e+02
      vertex   2.182580e+02 3.524334e+01 1.066550e+02
      vertex   2.182730e+02 3.522682e+01 1.066228e+02
    endloop
  endfacet
  facet normal -9.236414e-01 -1.545002e-01 -3.507368e-01
    outer loop
      vertex   2.182730e+02 3.522682e+01 1.066228e+02
      vertex   2.182580e+02 3.524334e+01 1.066550e+02
      vertex   2.182730e+02 3.537049e+01 1.065595e+02
    endloop
  endfacet
  facet normal -7.928361e-01 -2.456775e-01 -5.577217e-01
    outer loop
      vertex   2.182730e+02 3.522682e+01 1.066228e+02
      vertex   2.182730e+02 3.537049e+01 1.065595e+02
      vertex   2.182968e+02 3.535967e+01 1.065304e+02
    endloop
  endfacet
  facet normal -7.928361e-01 -1.779896e-01 -5.828641e-01
    outer loop
      vertex   2.182968e+02 3.535967e+01 1.065304e+02
      vertex   2.182730e+02 3.537049e+01 1.065595e+02
      vertex   2.182968e+02 3.551333e+01 1.064834e+02
    endloop
  endfacet
  facet normal -6.080878e-01 -2.318550e-01 -7.592578e-01
    outer loop
      vertex   2.182968e+02 3.535967e+01 1.065304e+02
      vertex   2.182968e+02 3.551333e+01 1.064834e+02
      vertex   2.183279e+02 3.550774e+01 1.064603e+02
    endloop
  endfacet
  facet normal -6.080878e-01 -1.404278e-01 -7.813509e-01
    outer loop
      vertex   2.183279e+02 3.550774e+01 1.064603e+02
      vertex   2.182968e+02 3.551333e+01 1.064834e+02
      vertex   2.183279e+02 3.566865e+01 1.064314e+02
    endloop
  endfacet
  facet normal -3.821095e-01 -1.634673e-01 -9.095442e-01
    outer loop
      vertex   2.183279e+02 3.550774e+01 1.064603e+02
      vertex   2.183279e+02 3.566865e+01 1.064314e+02
      vertex   2.183640e+02 3.566688e+01 1.064165e+02
    endloop
  endfacet
  facet normal -3.821095e-01 -5.474527e-02 -9.224940e-01
    outer loop
      vertex   2.183640e+02 3.566688e+01 1.064165e+02
      vertex   2.183279e+02 3.566865e+01 1.064314e+02
      vertex   2.183640e+02 3.583186e+01 1.064067e+02
    endloop
  endfacet
  facet normal -9.923552e-01 -5.501055e-02 -1.104761e-01
    outer loop
      vertex   2.182529e+02 3.520686e+01 1.067190e+02
      vertex   2.182529e+02 3.534462e+01 1.066504e+02
      vertex   2.182580e+02 3.524334e+01 1.066550e+02
    endloop
  endfacet
  facet normal -9.904366e-01 -5.561843e-02 -1.262615e-01
    outer loop
      vertex   2.182580e+02 3.524334e+01 1.066550e+02
      vertex   2.182529e+02 3.534462e+01 1.066504e+02
      vertex   2.182580e+02 3.538309e+01 1.065934e+02
    endloop
  endfacet
  facet normal -9.236414e-01 -1.545002e-01 -3.507368e-01
    outer loop
      vertex   2.182580e+02 3.524334e+01 1.066550e+02
      vertex   2.182580e+02 3.538309e+01 1.065934e+02
      vertex   2.182730e+02 3.537049e+01 1.065595e+02
    endloop
  endfacet
  facet normal -9.236414e-01 -1.119331e-01 -3.665482e-01
    outer loop
      vertex   2.182730e+02 3.537049e+01 1.065595e+02
      vertex   2.182580e+02 3.538309e+01 1.065934e+02
      vertex   2.182730e+02 3.552063e+01 1.065136e+02
    endloop
  endfacet
  facet normal -7.928361e-01 -1.779896e-01 -5.828641e-01
    outer loop
      vertex   2.182730e+02 3.537049e+01 1.065595e+02
      vertex   2.182730e+02 3.552063e+01 1.065136e+02
      vertex   2.182968e+02 3.551333e+01 1.064834e+02
    endloop
  endfacet
  facet normal -7.928361e-01 -1.078031e-01 -5.998245e-01
    outer loop
      vertex   2.182968e+02 3.551333e+01 1.064834e+02
      vertex   2.182730e+02 3.552063e+01 1.065136e+02
      vertex   2.182968e+02 3.567147e+01 1.064550e+02
    endloop
  endfacet
  facet normal -6.080878e-01 -1.404278e-01 -7.813509e-01
    outer loop
      vertex   2.182968e+02 3.551333e+01 1.064834e+02
      vertex   2.182968e+02 3.567147e+01 1.064550e+02
      vertex   2.183279e+02 3.566865e+01 1.064314e+02
    endloop
  endfacet
  facet normal -6.080878e-01 -4.702934e-02 -7.924755e-01
    outer loop
      vertex   2.183279e+02 3.566865e+01 1.064314e+02
      vertex   2.182968e+02 3.567147e+01 1.064550e+02
      vertex   2.183279e+02 3.583186e+01 1.064217e+02
    endloop
  endfacet
  facet normal -3.821095e-01 -5.474527e-02 -9.224940e-01
    outer loop
      vertex   2.183279e+02 3.566865e+01 1.064314e+02
      vertex   2.183279e+02 3.583186e+01 1.064217e+02
      vertex   2.183640e+02 3.583186e+01 1.064067e+02
    endloop
  endfacet
  facet normal -3.821095e-01 5.474527e-02 -9.224940e-01
    outer loop
      vertex   2.183640e+02 3.583186e+01 1.064067e+02
      vertex   2.183279e+02 3.583186e+01 1.064217e+02
      vertex   2.183640e+02 3.599683e+01 1.064165e+02
    endloop
  endfacet
  facet normal -9.923231e-01 -4.110311e-02 -1.166422e-01
    outer loop
      vertex   2.182529e+02 3.534462e+01 1.066504e+02
      vertex   2.182529e+02 3.548978e+01 1.065993e+02
      vertex   2.182580e+02 3.538309e+01 1.065934e+02
    endloop
  endfacet
  facet normal -9.904867e-01 -4.018948e-02 -1.316088e-01
    outer loop
      vertex   2.182580e+02 3.538309e+01 1.065934e+02
      vertex   2.182529e+02 3.548978e+01 1.065993e+02
      vertex   2.182580e+02 3.552913e+01 1.065488e+02
    endloop
  endfacet
  facet normal -9.236414e-01 -1.119331e-01 -3.665482e-01
    outer loop
      vertex   2.182580e+02 3.538309e+01 1.065934e+02
      vertex   2.182580e+02 3.552913e+01 1.065488e+02
      vertex   2.182730e+02 3.552063e+01 1.065136e+02
    endloop
  endfacet
  facet normal -9.236414e-01 -6.779459e-02 -3.772141e-01
    outer loop
      vertex   2.182730e+02 3.552063e+01 1.065136e+02
      vertex   2.182580e+02 3.552913e+01 1.065488e+02
      vertex   2.182730e+02 3.567514e+01 1.064859e+02
    endloop
  endfacet
  facet normal -7.928361e-01 -1.078031e-01 -5.998245e-01
    outer loop
      vertex   2.182730e+02 3.552063e+01 1.065136e+02
      vertex   2.182730e+02 3.567514e+01 1.064859e+02
      vertex   2.182968e+02 3.567147e+01 1.064550e+02
    endloop
  endfacet
  facet normal -7.928361e-01 -3.610331e-02 -6.083646e-01
    outer loop
      vertex   2.182968e+02 3.567147e+01 1.064550e+02
      vertex   2.182730e+02 3.567514e+01 1.064859e+02
      vertex   2.182968e+02 3.583186e+01 1.064455e+02
    endloop
  endfacet
  facet normal -6.080878e-01 -4.702934e-02 -7.924755e-01
    outer loop
      vertex   2.182968e+02 3.567147e+01 1.064550e+02
      vertex   2.182968e+02 3.583186e+01 1.064455e+02
      vertex   2.183279e+02 3.583186e+01 1.064217e+02
    endloop
  endfacet
  facet normal -6.080878e-01 4.702934e-02 -7.924755e-01
    outer loop
      vertex   2.183279e+02 3.583186e+01 1.064217e+02
      vertex   2.182968e+02 3.583186e+01 1.064455e+02
      vertex   2.183279e+02 3.599506e+01 1.064314e+02
    endloop
  endfacet
  facet normal -3.821095e-01 5.474527e-02 -9.224940e-01
    outer loop
      vertex   2.183279e+02 3.583186e+01 1.064217e+02
      vertex   2.183279e+02 3.599506e+01 1.064314e+02
      vertex   2.183640e+02 3.599683e+01 1.064165e+02
    endloop
  endfacet
  facet normal -3.821095e-01 1.634673e-01 -9.095442e-01
    outer loop
      vertex   2.183640e+02 3.599683e+01 1.064165e+02
      vertex   2.183279e+02 3.599506e+01 1.064314e+02
      vertex   2.183640e+02 3.615950e+01 1.064457e+02
    endloop
  endfacet
  facet normal -9.922804e-01 -2.653081e-02 -1.211434e-01
    outer loop
      vertex   2.182529e+02 3.548978e+01 1.065993e+02
      vertex   2.182529e+02 3.564012e+01 1.065664e+02
      vertex   2.182580e+02 3.552913e+01 1.065488e+02
    endloop
  endfacet
  facet normal -9.905501e-01 -2.426076e-02 -1.349886e-01
    outer loop
      vertex   2.182580e+02 3.552913e+01 1.065488e+02
      vertex   2.182529e+02 3.564012e+01 1.065664e+02
      vertex   2.182580e+02 3.567942e+01 1.065218e+02
    endloop
  endfacet
  facet normal -9.236414e-01 -6.779459e-02 -3.772141e-01
    outer loop
      vertex   2.182580e+02 3.552913e+01 1.065488e+02
      vertex   2.182580e+02 3.567942e+01 1.065218e+02
      vertex   2.182730e+02 3.567514e+01 1.064859e+02
    endloop
  endfacet
  facet normal -9.236414e-01 -2.270444e-02 -3.825848e-01
    outer loop
      vertex   2.182730e+02 3.567514e+01 1.064859e+02
      vertex   2.182580e+02 3.567942e+01 1.065218e+02
      vertex   2.182730e+02 3.583186e+01 1.064766e+02
    endloop
  endfacet
  facet normal -7.928361e-01 -3.610331e-02 -6.083646e-01
    outer loop
      vertex   2.182730e+02 3.567514e+01 1.064859e+02
      vertex   2.182730e+02 3.583186e+01 1.064766e+02
      vertex   2.182968e+02 3.583186e+01 1.064455e+02
    endloop
  endfacet
  facet normal -7.928361e-01 3.610331e-02 -6.083646e-01
    outer loop
      vertex   2.182968e+02 3.583186e+01 1.064455e+02
      vertex   2.182730e+02 3.583186e+01 1.064766e+02
      vertex   2.182968e+02 3.599224e+01 1.064550e+02
    endloop
  endfacet
  facet normal -6.080878e-01 4.702934e-02 -7.924755e-01
    outer loop
      vertex   2.182968e+02 3.583186e+01 1.064455e+02
      vertex   2.182968e+02 3.599224e+01 1.064550e+02
      vertex   2.183279e+02 3.599506e+01 1.064314e+02
    endloop
  endfacet
  facet normal -6.080878e-01 1.404278e-01 -7.813509e-01
    outer loop
      vertex   2.183279e+02 3.599506e+01 1.064314e+02
      vertex   2.182968e+02 3.599224e+01 1.064550e+02
      vertex   2.183279e+02 3.615598e+01 1.064603e+02
    endloop
  endfacet
  facet normal -3.821095e-01 1.634673e-01 -9.095442e-01
    outer loop
      vertex   2.183279e+02 3.599506e+01 1.064314e+02
      vertex   2.183279e+02 3.615598e+01 1.064603e+02
      vertex   2.183640e+02 3.615950e+01 1.064457e+02
    endloop
  endfacet
  facet normal -3.821095e-01 2.698946e-01 -8.838264e-01
    outer loop
      vertex   2.183640e+02 3.615950e+01 1.064457e+02
      vertex   2.183279e+02 3.615598e+01 1.064603e+02
      vertex   2.183640e+02 3.631756e+01 1.064940e+02
    endloop
  endfacet
  facet normal -9.922269e-01 -1.148208e-02 -1.239114e-01
    outer loop
      vertex   2.182529e+02 3.564012e+01 1.065664e+02
      vertex   2.182529e+02 3.579336e+01 1.065522e+02
      vertex   2.182580e+02 3.567942e+01 1.065218e+02
    endloop
  endfacet
  facet normal -9.906263e-01 -8.092252e-03 -1.363598e-01
    outer loop
      vertex   2.182580e+02 3.567942e+01 1.065218e+02
      vertex   2.182529e+02 3.579336e+01 1.065522e+02
      vertex   2.182580e+02 3.583186e+01 1.065128e+02
    endloop
  endfacet
  facet normal -9.236414e-01 -2.270444e-02 -3.825848e-01
    outer loop
      vertex   2.182580e+02 3.567942e+01 1.065218e+02
      vertex   2.182580e+02 3.583186e+01 1.065128e+02
      vertex   2.182730e+02 3.583186e+01 1.064766e+02
    endloop
  endfacet
  facet normal -9.236414e-01 2.270444e-02 -3.825848e-01
    outer loop
      vertex   2.182730e+02 3.583186e+01 1.064766e+02
      vertex   2.182580e+02 3.583186e+01 1.065128e+02
      vertex   2.182730e+02 3.598857e+01 1.064859e+02
    endloop
  endfacet
  facet normal -7.928361e-01 3.610331e-02 -6.083646e-01
    outer loop
      vertex   2.182730e+02 3.583186e+01 1.064766e+02
      vertex   2.182730e+02 3.598857e+01 1.064859e+02
      vertex   2.182968e+02 3.599224e+01 1.064550e+02
    endloop
  endfacet
  facet normal -7.928361e-01 1.078031e-01 -5.998245e-01
    outer loop
      vertex   2.182968e+02 3.599224e+01 1.064550e+02
      vertex   2.182730e+02 3.598857e+01 1.064859e+02
      vertex   2.182968e+02 3.615038e+01 1.064834e+02
    endloop
  endfacet
  facet normal -6.080878e-01 1.404278e-01 -7.813509e-01
    outer loop
      vertex   2.182968e+02 3.599224e+01 1.064550e+02
      vertex   2.182968e+02 3.615038e+01 1.064834e+02
      vertex   2.183279e+02 3.615598e+01 1.064603e+02
    endloop
  endfacet
  facet normal -6.080878e-01 2.318550e-01 -7.592578e-01
    outer loop
      vertex   2.183279e+02 3.615598e+01 1.064603e+02
      vertex   2.182968e+02 3.615038e+01 1.064834e+02
      vertex   2.183279e+02 3.631234e+01 1.065080e+02
    endloop
  endfacet
  facet normal -3.821095e-01 2.698946e-01 -8.838264e-01
    outer loop
      vertex   2.183279e+02 3.615598e+01 1.064603e+02
      vertex   2.183279e+02 3.631234e+01 1.065080e+02
      vertex   2.183640e+02 3.631756e+01 1.064940e+02
    endloop
  endfacet
  facet normal -3.821095e-01 3.725332e-01 -8.457017e-01
    outer loop
      vertex   2.183640e+02 3.631756e+01 1.064940e+02
      vertex   2.183279e+02 3.631234e+01 1.065080e+02
      vertex   2.183640e+02 3.646880e+01 1.065606e+02
    endloop
  endfacet
  facet normal -9.921621e-01 3.848063e-03 -1.248979e-01
    outer loop
      vertex   2.182529e+02 3.579336e+01 1.065522e+02
      vertex   2.182529e+02 3.594719e+01 1.065569e+02
      vertex   2.182580e+02 3.583186e+01 1.065128e+02
    endloop
  endfacet
  facet normal -9.907149e-01 8.054090e-03 -1.357167e-01
    outer loop
      vertex   2.182580e+02 3.583186e+01 1.065128e+02
      vertex   2.182529e+02 3.594719e+01 1.065569e+02
      vertex   2.182580e+02 3.598429e+01 1.065218e+02
    endloop
  endfacet
  facet normal -9.236414e-01 2.270444e-02 -3.825848e-01
    outer loop
      vertex   2.182580e+02 3.583186e+01 1.065128e+02
      vertex   2.182580e+02 3.598429e+01 1.065218e+02
      vertex   2.182730e+02 3.598857e+01 1.064859e+02
    endloop
  endfacet
  facet normal -9.236414e-01 6.779459e-02 -3.772141e-01
    outer loop
      vertex   2.182730e+02 3.598857e+01 1.064859e+02
      vertex   2.182580e+02 3.598429e+01 1.065218e+02
      vertex   2.182730e+02 3.614308e+01 1.065136e+02
    endloop
  endfacet
  facet normal -7.928361e-01 1.078031e-01 -5.998245e-01
    outer loop
      vertex   2.182730e+02 3.598857e+01 1.064859e+02
      vertex   2.182730e+02 3.614308e+01 1.065136e+02
      vertex   2.182968e+02 3.615038e+01 1.064834e+02
    endloop
  endfacet
  facet normal -7.928361e-01 1.779896e-01 -5.828641e-01
    outer loop
      vertex   2.182968e+02 3.615038e+01 1.064834e+02
      vertex   2.182730e+02 3.614308e+01 1.065136e+02
      vertex   2.182968e+02 3.630404e+01 1.065304e+02
    endloop
  endfacet
  facet normal -6.080878e-01 2.318550e-01 -7.592578e-01
    outer loop
      vertex   2.182968e+02 3.615038e+01 1.064834e+02
      vertex   2.182968e+02 3.630404e+01 1.065304e+02
      vertex   2.183279e+02 3.631234e+01 1.065080e+02
    endloop
  endfacet
  facet normal -6.080878e-01 3.200275e-01 -7.265064e-01
    outer loop
      vertex   2.183279e+02 3.631234e+01 1.065080e+02
      vertex   2.182968e+02 3.630404e+01 1.065304e+02
      vertex   2.183279e+02 3.646196e+01 1.065739e+02
    endloop
  endfacet
  facet normal -3.821095e-01 3.725332e-01 -8.457017e-01
    outer loop
      vertex   2.183279e+02 3.631234e+01 1.065080e+02
      vertex   2.183279e+02 3.646196e+01 1.065739e+02
      vertex   2.183640e+02 3.646880e+01 1.065606e+02
    endloop
  endfacet
  facet normal -3.821095e-01 4.699423e-01 -7.957051e-01
    outer loop
      vertex   2.183640e+02 3.646880e+01 1.065606e+02
      vertex   2.183279e+02 3.646196e+01 1.065739e+02
      vertex   2.183640e+02 3.661111e+01 1.066446e+02
    endloop
  endfacet
  facet normal -9.920858e-01 1.926009e-02 -1.240756e-01
    outer loop
      vertex   2.182529e+02 3.594719e+01 1.065569e+02
      vertex   2.182529e+02 3.609927e+01 1.065805e+02
      vertex   2.182580e+02 3.598429e+01 1.065218e+02
    endloop
  endfacet
  facet normal -9.908154e-01 2.391937e-02 -1.330892e-01
    outer loop
      vertex   2.182580e+02 3.598429e+01 1.065218e+02
      vertex   2.182529e+02 3.609927e+01 1.065805e+02
      vertex   2.182580e+02 3.613458e+01 1.065488e+02
    endloop
  endfacet
  facet normal -9.236414e-01 6.779459e-02 -3.772141e-01
    outer loop
      vertex   2.182580e+02 3.598429e+01 1.065218e+02
      vertex   2.182580e+02 3.613458e+01 1.065488e+02
      vertex   2.182730e+02 3.614308e+01 1.065136e+02
    endloop
  endfacet
  facet normal -9.236414e-01 1.119331e-01 -3.665482e-01
    outer loop
      vertex   2.182730e+02 3.614308e+01 1.065136e+02
      vertex   2.182580e+02 3.613458e+01 1.065488e+02
      vertex   2.182730e+02 3.629322e+01 1.065595e+02
    endloop
  endfacet
  facet normal -7.928361e-01 1.779896e-01 -5.828641e-01
    outer loop
      vertex   2.182730e+02 3.614308e+01 1.065136e+02
      vertex   2.182730e+02 3.629322e+01 1.065595e+02
      vertex   2.182968e+02 3.630404e+01 1.065304e+02
    endloop
  endfacet
  facet normal -7.928361e-01 2.456775e-01 -5.577217e-01
    outer loop
      vertex   2.182968e+02 3.630404e+01 1.065304e+02
      vertex   2.182730e+02 3.629322e+01 1.065595e+02
      vertex   2.182968e+02 3.645108e+01 1.065951e+02
    endloop
  endfacet
  facet normal -6.080878e-01 3.200275e-01 -7.265064e-01
    outer loop
      vertex   2.182968e+02 3.630404e+01 1.065304e+02
      vertex   2.182968e+02 3.645108e+01 1.065951e+02
      vertex   2.183279e+02 3.646196e+01 1.065739e+02
    endloop
  endfacet
  facet normal -6.080878e-01 4.037075e-01 -6.835565e-01
    outer loop
      vertex   2.183279e+02 3.646196e+01 1.065739e+02
      vertex   2.182968e+02 3.645108e+01 1.065951e+02
      vertex   2.183279e+02 3.660273e+01 1.066571e+02
    endloop
  endfacet
  facet normal -3.821095e-01 4.699423e-01 -7.957051e-01
    outer loop
      vertex   2.183279e+02 3.646196e+01 1.065739e+02
      vertex   2.183279e+02 3.660273e+01 1.066571e+02
      vertex   2.183640e+02 3.661111e+01 1.066446e+02
    endloop
  endfacet
  facet normal -3.821095e-01 5.607544e-01 -7.345385e-01
    outer loop
      vertex   2.183640e+02 3.661111e+01 1.066446e+02
      vertex   2.183279e+02 3.660273e+01 1.066571e+02
      vertex   2.183640e+02 3.674247e+01 1.067449e+02
    endloop
  endfacet
  facet normal -9.919975e-01 3.455208e-02 -1.214380e-01
    outer loop
      vertex   2.182529e+02 3.609927e+01 1.065805e+02
      vertex   2.182529e+02 3.624730e+01 1.066226e+02
      vertex   2.182580e+02 3.613458e+01 1.065488e+02
    endloop
  endfacet
  facet normal -9.909271e-01 3.925265e-02 -1.285410e-01
    outer loop
      vertex   2.182580e+02 3.613458e+01 1.065488e+02
      vertex   2.182529e+02 3.624730e+01 1.066226e+02
      vertex   2.182580e+02 3.628063e+01 1.065934e+02
    endloop
  endfacet
  facet normal -9.236414e-01 1.119331e-01 -3.665482e-01
    outer loop
      vertex   2.182580e+02 3.613458e+01 1.065488e+02
      vertex   2.182580e+02 3.628063e+01 1.065934e+02
      vertex   2.182730e+02 3.629322e+01 1.065595e+02
    endloop
  endfacet
  facet normal -9.236414e-01 1.545002e-01 -3.507368e-01
    outer loop
      vertex   2.182730e+02 3.629322e+01 1.065595e+02
      vertex   2.182580e+02 3.628063e+01 1.065934e+02
      vertex   2.182730e+02 3.643689e+01 1.066228e+02
    endloop
  endfacet
  facet normal -7.928361e-01 2.456775e-01 -5.577217e-01
    outer loop
      vertex   2.182730e+02 3.629322e+01 1.065595e+02
      vertex   2.182730e+02 3.643689e+01 1.066228e+02
      vertex   2.182968e+02 3.645108e+01 1.065951e+02
    endloop
  endfacet
  facet normal -7.928361e-01 3.099166e-01 -5.247500e-01
    outer loop
      vertex   2.182968e+02 3.645108e+01 1.065951e+02
      vertex   2.182730e+02 3.643689e+01 1.066228e+02
      vertex   2.182968e+02 3.658942e+01 1.066768e+02
    endloop
  endfacet
  facet normal -6.080878e-01 4.037075e-01 -6.835565e-01
    outer loop
      vertex   2.182968e+02 3.645108e+01 1.065951e+02
      vertex   2.182968e+02 3.658942e+01 1.066768e+02
      vertex   2.183279e+02 3.660273e+01 1.066571e+02
    endloop
  endfacet
  facet normal -6.080878e-01 4.817203e-01 -6.310109e-01
    outer loop
      vertex   2.183279e+02 3.660273e+01 1.066571e+02
      vertex   2.182968e+02 3.658942e+01 1.066768e+02
      vertex   2.183279e+02 3.673269e+01 1.067563e+02
    endloop
  endfacet
  facet normal -3.821095e-01 5.607544e-01 -7.345385e-01
    outer loop
      vertex   2.183279e+02 3.660273e+01 1.066571e+02
      vertex   2.183279e+02 3.673269e+01 1.067563e+02
      vertex   2.183640e+02 3.674247e+01 1.067449e+02
    endloop
  endfacet
  facet normal -9.918965e-01 4.952185e-02 -1.170000e-01
    outer loop
      vertex   2.182529e+02 3.624730e+01 1.066226e+02
      vertex   2.182529e+02 3.638903e+01 1.066826e+02
      vertex   2.182580e+02 3.628063e+01 1.065934e+02
    endloop
  endfacet
  facet normal -9.910493e-01 5.381554e-02 -1.221687e-01
    outer loop
      vertex   2.182580e+02 3.628063e+01 1.065934e+02
      vertex   2.182529e+02 3.638903e+01 1.066826e+02
      vertex   2.182580e+02 3.642037e+01 1.066550e+02
    endloop
  endfacet
  facet normal -9.236414e-01 1.545002e-01 -3.507368e-01
    outer loop
      vertex   2.182580e+02 3.628063e+01 1.065934e+02
      vertex   2.182580e+02 3.642037e+01 1.066550e+02
      vertex   2.182730e+02 3.643689e+01 1.066228e+02
    endloop
  endfacet
  facet normal -9.236414e-01 1.948986e-01 -3.300018e-01
    outer loop
      vertex   2.182730e+02 3.643689e+01 1.066228e+02
      vertex   2.182580e+02 3.642037e+01 1.066550e+02
      vertex   2.182730e+02 3.657206e+01 1.067026e+02
    endloop
  endfacet
  facet normal -7.928361e-01 3.099166e-01 -5.247500e-01
    outer loop
      vertex   2.182730e+02 3.643689e+01 1.066228e+02
      vertex   2.182730e+02 3.657206e+01 1.067026e+02
      vertex   2.182968e+02 3.658942e+01 1.066768e+02
    endloop
  endfacet
  facet normal -7.928361e-01 3.698052e-01 -4.844120e-01
    outer loop
      vertex   2.182968e+02 3.658942e+01 1.066768e+02
      vertex   2.182730e+02 3.657206e+01 1.067026e+02
      vertex   2.182968e+02 3.671713e+01 1.067743e+02
    endloop
  endfacet
  facet normal -6.080878e-01 4.817203e-01 -6.310109e-01
    outer loop
      vertex   2.182968e+02 3.658942e+01 1.066768e+02
      vertex   2.182968e+02 3.671713e+01 1.067743e+02
      vertex   2.183279e+02 3.673269e+01 1.067563e+02
    endloop
  endfacet
  facet normal -9.917821e-01 6.396908e-02 -1.107977e-01
    outer loop
      vertex   2.182529e+02 3.638903e+01 1.066826e+02
      vertex   2.182529e+02 3.652231e+01 1.067596e+02
      vertex   2.182580e+02 3.642037e+01 1.066550e+02
    endloop
  endfacet
  facet normal -9.911814e-01 6.738655e-02 -1.140987e-01
    outer loop
      vertex   2.182580e+02 3.642037e+01 1.066550e+02
      vertex   2.182529e+02 3.652231e+01 1.067596e+02
      vertex   2.182580e+02 3.655185e+01 1.067326e+02
    endloop
  endfacet
  facet normal -9.236414e-01 1.948986e-01 -3.300018e-01
    outer loop
      vertex   2.182580e+02 3.642037e+01 1.066550e+02
      vertex   2.182580e+02 3.655185e+01 1.067326e+02
      vertex   2.182730e+02 3.657206e+01 1.067026e+02
    endloop
  endfacet
  facet normal -9.236414e-01 2.325609e-01 -3.046342e-01
    outer loop
      vertex   2.182730e+02 3.657206e+01 1.067026e+02
      vertex   2.182580e+02 3.655185e+01 1.067326e+02
      vertex   2.182730e+02 3.669685e+01 1.067979e+02
    endloop
  endfacet
  facet normal -7.928361e-01 3.698052e-01 -4.844120e-01
    outer loop
      vertex   2.182730e+02 3.657206e+01 1.067026e+02
      vertex   2.182730e+02 3.669685e+01 1.067979e+02
      vertex   2.182968e+02 3.671713e+01 1.067743e+02
    endloop
  endfacet
  facet normal -9.916538e-01 7.769743e-02 -1.028880e-01
    outer loop
      vertex   2.182529e+02 3.652231e+01 1.067596e+02
      vertex   2.182529e+02 3.664513e+01 1.068523e+02
      vertex   2.182580e+02 3.655185e+01 1.067326e+02
    endloop
  endfacet
  facet normal -9.913226e-01 7.976489e-02 -1.044849e-01
    outer loop
      vertex   2.182580e+02 3.655185e+01 1.067326e+02
      vertex   2.182529e+02 3.664513e+01 1.068523e+02
      vertex   2.182580e+02 3.667323e+01 1.068253e+02
    endloop
  endfacet
  facet normal -9.236414e-01 2.325609e-01 -3.046342e-01
    outer loop
      vertex   2.182580e+02 3.655185e+01 1.067326e+02
      vertex   2.182580e+02 3.667323e+01 1.068253e+02
      vertex   2.182730e+02 3.669685e+01 1.067979e+02
    endloop
  endfacet
  facet normal -9.915104e-01 9.051656e-02 -9.334829e-02
    outer loop
      vertex   2.182529e+02 3.664513e+01 1.068523e+02
      vertex   2.182529e+02 3.675562e+01 1.069595e+02
      vertex   2.182580e+02 3.667323e+01 1.068253e+02
    endloop
  endfacet
  facet normal -3.821095e-01 9.237112e-01 2.738466e-02
    outer loop
      vertex   2.183640e+02 3.722613e+01 1.077602e+02
      vertex   2.183279e+02 3.721115e+01 1.077607e+02
      vertex   2.183640e+02 3.722123e+01 1.079254e+02
    endloop
  endfacet
  facet normal -3.821095e-01 9.237112e-01 2.738466e-02
    outer loop
      vertex   2.183640e+02 3.722123e+01 1.079254e+02
      vertex   2.183279e+02 3.721115e+01 1.077607e+02
      vertex   2.183279e+02 3.720631e+01 1.079241e+02
    endloop
  endfacet
  facet normal -3.821095e-01 9.139889e-01 1.364427e-01
    outer loop
      vertex   2.183640e+02 3.722123e+01 1.079254e+02
      vertex   2.183279e+02 3.720631e+01 1.079241e+02
      vertex   2.183640e+02 3.719683e+01 1.080889e+02
    endloop
  endfacet
  facet normal -3.821095e-01 9.139889e-01 1.364427e-01
    outer loop
      vertex   2.183640e+02 3.719683e+01 1.080889e+02
      vertex   2.183279e+02 3.720631e+01 1.079241e+02
      vertex   2.183279e+02 3.718217e+01 1.080858e+02
    endloop
  endfacet
  facet normal -3.821095e-01 8.914362e-01 2.435854e-01
    outer loop
      vertex   2.183640e+02 3.719683e+01 1.080889e+02
      vertex   2.183279e+02 3.718217e+01 1.080858e+02
      vertex   2.183640e+02 3.715327e+01 1.082483e+02
    endloop
  endfacet
  facet normal -3.821095e-01 8.914362e-01 2.435854e-01
    outer loop
      vertex   2.183640e+02 3.715327e+01 1.082483e+02
      vertex   2.183279e+02 3.718217e+01 1.080858e+02
      vertex   2.183279e+02 3.713907e+01 1.082435e+02
    endloop
  endfacet
  facet normal -3.821095e-01 8.563697e-01 3.473087e-01
    outer loop
      vertex   2.183640e+02 3.715327e+01 1.082483e+02
      vertex   2.183279e+02 3.713907e+01 1.082435e+02
      vertex   2.183640e+02 3.709116e+01 1.084015e+02
    endloop
  endfacet
  facet normal -3.821095e-01 8.563697e-01 3.473087e-01
    outer loop
      vertex   2.183640e+02 3.709116e+01 1.084015e+02
      vertex   2.183279e+02 3.713907e+01 1.082435e+02
      vertex   2.183279e+02 3.707763e+01 1.083950e+02
    endloop
  endfacet
  facet normal -3.821095e-01 8.092816e-01 4.461565e-01
    outer loop
      vertex   2.183640e+02 3.709116e+01 1.084015e+02
      vertex   2.183279e+02 3.707763e+01 1.083950e+02
      vertex   2.183640e+02 3.701137e+01 1.085462e+02
    endloop
  endfacet
  facet normal -3.821095e-01 8.092816e-01 4.461565e-01
    outer loop
      vertex   2.183640e+02 3.701137e+01 1.085462e+02
      vertex   2.183279e+02 3.707763e+01 1.083950e+02
      vertex   2.183279e+02 3.699870e+01 1.085382e+02
    endloop
  endfacet
  facet normal -3.821095e-01 7.508330e-01 5.387413e-01
    outer loop
      vertex   2.183640e+02 3.701137e+01 1.085462e+02
      vertex   2.183279e+02 3.699870e+01 1.085382e+02
      vertex   2.183640e+02 3.691502e+01 1.086805e+02
    endloop
  endfacet
  facet normal -3.821095e-01 7.508330e-01 5.387413e-01
    outer loop
      vertex   2.183640e+02 3.691502e+01 1.086805e+02
      vertex   2.183279e+02 3.699870e+01 1.085382e+02
      vertex   2.183279e+02 3.690338e+01 1.086710e+02
    endloop
  endfacet
  facet normal -3.821095e-01 6.818443e-01 6.237633e-01
    outer loop
      vertex   2.183640e+02 3.691502e+01 1.086805e+02
      vertex   2.183279e+02 3.690338e+01 1.086710e+02
      vertex   2.183640e+02 3.680347e+01 1.088024e+02
    endloop
  endfacet
  facet normal -3.821095e-01 6.818443e-01 6.237633e-01
    outer loop
      vertex   2.183640e+02 3.680347e+01 1.088024e+02
      vertex   2.183279e+02 3.690338e+01 1.086710e+02
      vertex   2.183279e+02 3.679303e+01 1.087917e+02
    endloop
  endfacet
  facet normal -3.821095e-01 6.032840e-01 7.000290e-01
    outer loop
      vertex   2.183640e+02 3.680347e+01 1.088024e+02
      vertex   2.183279e+02 3.679303e+01 1.087917e+02
      vertex   2.183640e+02 3.667827e+01 1.089103e+02
    endloop
  endfacet
  facet normal -3.821095e-01 6.032840e-01 7.000290e-01
    outer loop
      vertex   2.183640e+02 3.667827e+01 1.089103e+02
      vertex   2.183279e+02 3.679303e+01 1.087917e+02
      vertex   2.183279e+02 3.666918e+01 1.088984e+02
    endloop
  endfacet
  facet normal -3.821095e-01 5.162550e-01 7.664679e-01
    outer loop
      vertex   2.183640e+02 3.667827e+01 1.089103e+02
      vertex   2.183279e+02 3.666918e+01 1.088984e+02
      vertex   2.183640e+02 3.654120e+01 1.090026e+02
    endloop
  endfacet
  facet normal -3.821095e-01 5.162550e-01 7.664679e-01
    outer loop
      vertex   2.183640e+02 3.654120e+01 1.090026e+02
      vertex   2.183279e+02 3.666918e+01 1.088984e+02
      vertex   2.183279e+02 3.653358e+01 1.089897e+02
    endloop
  endfacet
  facet normal -3.821095e-01 4.219789e-01 8.221473e-01
    outer loop
      vertex   2.183640e+02 3.654120e+01 1.090026e+02
      vertex   2.183279e+02 3.653358e+01 1.089897e+02
      vertex   2.183640e+02 3.639417e+01 1.090781e+02
    endloop
  endfacet
  facet normal -3.821095e-01 4.219789e-01 8.221473e-01
    outer loop
      vertex   2.183640e+02 3.639417e+01 1.090781e+02
      vertex   2.183279e+02 3.653358e+01 1.089897e+02
      vertex   2.183279e+02 3.638813e+01 1.090644e+02
    endloop
  endfacet
  facet normal -3.821095e-01 3.217791e-01 8.662855e-01
    outer loop
      vertex   2.183640e+02 3.639417e+01 1.090781e+02
      vertex   2.183279e+02 3.638813e+01 1.090644e+02
      vertex   2.183640e+02 3.623924e+01 1.091356e+02
    endloop
  endfacet
  facet normal -3.821095e-01 3.217791e-01 8.662855e-01
    outer loop
      vertex   2.183640e+02 3.623924e+01 1.091356e+02
      vertex   2.183279e+02 3.638813e+01 1.090644e+02
      vertex   2.183279e+02 3.623487e+01 1.091213e+02
    endloop
  endfacet
  facet normal -3.821095e-01 2.170622e-01 8.982629e-01
    outer loop
      vertex   2.183640e+02 3.623924e+01 1.091356e+02
      vertex   2.183279e+02 3.623487e+01 1.091213e+02
      vertex   2.183640e+02 3.607860e+01 1.091745e+02
    endloop
  endfacet
  facet normal -3.821095e-01 2.170622e-01 8.982629e-01
    outer loop
      vertex   2.183640e+02 3.607860e+01 1.091745e+02
      vertex   2.183279e+02 3.623487e+01 1.091213e+02
      vertex   2.183279e+02 3.607595e+01 1.091597e+02
    endloop
  endfacet
  facet normal -3.821024e-01 1.089628e-01 9.176736e-01
    outer loop
      vertex   2.183640e+02 3.607860e+01 1.091745e+02
      vertex   2.183279e+02 3.607595e+01 1.091597e+02
      vertex   2.183279e+02 3.591259e+01 1.091791e+02
    endloop
  endfacet
  facet normal -6.078416e-01 9.362728e-02 7.885192e-01
    outer loop
      vertex   2.183279e+02 3.591259e+01 1.091791e+02
      vertex   2.183279e+02 3.607595e+01 1.091597e+02
      vertex   2.182968e+02 3.591145e+01 1.091553e+02
    endloop
  endfacet
  facet normal -6.083384e-01 0.000000e+00 7.936777e-01
    outer loop
      vertex   2.183279e+02 3.591259e+01 1.091791e+02
      vertex   2.182968e+02 3.591145e+01 1.091553e+02
      vertex   2.182968e+02 3.575226e+01 1.091553e+02
    endloop
  endfacet
  facet normal -7.929809e-01 0.000000e+00 6.092465e-01
    outer loop
      vertex   2.182968e+02 3.575226e+01 1.091553e+02
      vertex   2.182968e+02 3.591145e+01 1.091553e+02
      vertex   2.182730e+02 3.575385e+01 1.091243e+02
    endloop
  endfacet
  facet normal -7.926945e-01 -7.193546e-02 6.053600e-01
    outer loop
      vertex   2.182968e+02 3.575226e+01 1.091553e+02
      vertex   2.182730e+02 3.575385e+01 1.091243e+02
      vertex   2.182968e+02 3.559198e+01 1.091363e+02
    endloop
  endfacet
  facet normal -7.928329e-01 -7.196957e-02 6.051746e-01
    outer loop
      vertex   2.182968e+02 3.559198e+01 1.091363e+02
      vertex   2.182730e+02 3.575385e+01 1.091243e+02
      vertex   2.182730e+02 3.559748e+01 1.091057e+02
    endloop
  endfacet
  facet normal -7.928361e-01 -1.431478e-01 5.923847e-01
    outer loop
      vertex   2.182968e+02 3.559198e+01 1.091363e+02
      vertex   2.182730e+02 3.559748e+01 1.091057e+02
      vertex   2.182968e+02 3.543581e+01 1.090985e+02
    endloop
  endfacet
  facet normal -7.928361e-01 -1.431478e-01 5.923847e-01
    outer loop
      vertex   2.182968e+02 3.543581e+01 1.090985e+02
      vertex   2.182730e+02 3.559748e+01 1.091057e+02
      vertex   2.182730e+02 3.544488e+01 1.090688e+02
    endloop
  endfacet
  facet normal -7.928361e-01 -2.122062e-01 5.712962e-01
    outer loop
      vertex   2.182968e+02 3.543581e+01 1.090985e+02
      vertex   2.182730e+02 3.544488e+01 1.090688e+02
      vertex   2.182968e+02 3.528519e+01 1.090426e+02
    endloop
  endfacet
  facet normal -7.928361e-01 -2.122062e-01 5.712962e-01
    outer loop
      vertex   2.182968e+02 3.528519e+01 1.090426e+02
      vertex   2.182730e+02 3.544488e+01 1.090688e+02
      vertex   2.182730e+02 3.529772e+01 1.090141e+02
    endloop
  endfacet
  facet normal -7.928361e-01 -2.782858e-01 5.421881e-01
    outer loop
      vertex   2.182968e+02 3.528519e+01 1.090426e+02
      vertex   2.182730e+02 3.529772e+01 1.090141e+02
      vertex   2.182968e+02 3.514225e+01 1.089692e+02
    endloop
  endfacet
  facet normal -7.928361e-01 -2.782858e-01 5.421881e-01
    outer loop
      vertex   2.182968e+02 3.514225e+01 1.089692e+02
      vertex   2.182730e+02 3.529772e+01 1.090141e+02
      vertex   2.182730e+02 3.515805e+01 1.089425e+02
    endloop
  endfacet
  facet normal -7.928361e-01 -3.404588e-01 5.054688e-01
    outer loop
      vertex   2.182968e+02 3.514225e+01 1.089692e+02
      vertex   2.182730e+02 3.515805e+01 1.089425e+02
      vertex   2.182968e+02 3.500899e+01 1.088794e+02
    endloop
  endfacet
  facet normal -7.928361e-01 -3.404588e-01 5.054688e-01
    outer loop
      vertex   2.182968e+02 3.500899e+01 1.088794e+02
      vertex   2.182730e+02 3.515805e+01 1.089425e+02
      vertex   2.182730e+02 3.502785e+01 1.088548e+02
    endloop
  endfacet
  facet normal -7.928395e-01 -3.977603e-01 4.617275e-01
    outer loop
      vertex   2.182968e+02 3.500899e+01 1.088794e+02
      vertex   2.182730e+02 3.502785e+01 1.088548e+02
      vertex   2.182730e+02 3.490929e+01 1.087526e+02
    endloop
  endfacet
  facet normal -9.236153e-01 -2.501841e-01 2.904183e-01
    outer loop
      vertex   2.182730e+02 3.490929e+01 1.087526e+02
      vertex   2.182730e+02 3.502785e+01 1.088548e+02
      vertex   2.182580e+02 3.493457e+01 1.087267e+02
    endloop
  endfacet
  facet normal -6.080878e-01 7.935211e-01 2.352500e-02
    outer loop
      vertex   2.183279e+02 3.721115e+01 1.077607e+02
      vertex   2.182968e+02 3.718733e+01 1.077614e+02
      vertex   2.183279e+02 3.720631e+01 1.079241e+02
    endloop
  endfacet
  facet normal -6.080878e-01 7.935211e-01 2.352500e-02
    outer loop
      vertex   2.183279e+02 3.720631e+01 1.079241e+02
      vertex   2.182968e+02 3.718733e+01 1.077614e+02
      vertex   2.182968e+02 3.718257e+01 1.079220e+02
    endloop
  endfacet
  facet normal -6.080878e-01 7.851691e-01 1.172121e-01
    outer loop
      vertex   2.183279e+02 3.720631e+01 1.079241e+02
      vertex   2.182968e+02 3.718257e+01 1.079220e+02
      vertex   2.183279e+02 3.718217e+01 1.080858e+02
    endloop
  endfacet
  facet normal -6.080878e-01 7.851691e-01 1.172121e-01
    outer loop
      vertex   2.183279e+02 3.718217e+01 1.080858e+02
      vertex   2.182968e+02 3.718257e+01 1.079220e+02
      vertex   2.182968e+02 3.715884e+01 1.080809e+02
    endloop
  endfacet
  facet normal -6.080878e-01 7.657950e-01 2.092539e-01
    outer loop
      vertex   2.183279e+02 3.718217e+01 1.080858e+02
      vertex   2.182968e+02 3.715884e+01 1.080809e+02
      vertex   2.183279e+02 3.713907e+01 1.082435e+02
    endloop
  endfacet
  facet normal -6.080878e-01 7.657950e-01 2.092539e-01
    outer loop
      vertex   2.183279e+02 3.713907e+01 1.082435e+02
      vertex   2.182968e+02 3.715884e+01 1.080809e+02
      vertex   2.182968e+02 3.711649e+01 1.082359e+02
    endloop
  endfacet
  facet normal -6.080878e-01 7.356708e-01 2.983581e-01
    outer loop
      vertex   2.183279e+02 3.713907e+01 1.082435e+02
      vertex   2.182968e+02 3.711649e+01 1.082359e+02
      vertex   2.183279e+02 3.707763e+01 1.083950e+02
    endloop
  endfacet
  facet normal -6.080878e-01 7.356708e-01 2.983581e-01
    outer loop
      vertex   2.183279e+02 3.707763e+01 1.083950e+02
      vertex   2.182968e+02 3.711649e+01 1.082359e+02
      vertex   2.182968e+02 3.705611e+01 1.083848e+02
    endloop
  endfacet
  facet normal -6.080878e-01 6.952195e-01 3.832741e-01
    outer loop
      vertex   2.183279e+02 3.707763e+01 1.083950e+02
      vertex   2.182968e+02 3.705611e+01 1.083848e+02
      vertex   2.183279e+02 3.699870e+01 1.085382e+02
    endloop
  endfacet
  facet normal -6.080878e-01 6.952195e-01 3.832741e-01
    outer loop
      vertex   2.183279e+02 3.699870e+01 1.085382e+02
      vertex   2.182968e+02 3.705611e+01 1.083848e+02
      vertex   2.182968e+02 3.697854e+01 1.085255e+02
    endloop
  endfacet
  facet normal -6.080878e-01 6.450088e-01 4.628098e-01
    outer loop
      vertex   2.183279e+02 3.699870e+01 1.085382e+02
      vertex   2.182968e+02 3.697854e+01 1.085255e+02
      vertex   2.183279e+02 3.690338e+01 1.086710e+02
    endloop
  endfacet
  facet normal -6.080878e-01 6.450088e-01 4.628098e-01
    outer loop
      vertex   2.183279e+02 3.690338e+01 1.086710e+02
      vertex   2.182968e+02 3.697854e+01 1.085255e+02
      vertex   2.182968e+02 3.688487e+01 1.086560e+02
    endloop
  endfacet
  facet normal -6.080878e-01 5.857435e-01 5.358486e-01
    outer loop
      vertex   2.183279e+02 3.690338e+01 1.086710e+02
      vertex   2.182968e+02 3.688487e+01 1.086560e+02
      vertex   2.183279e+02 3.679303e+01 1.087917e+02
    endloop
  endfacet
  facet normal -6.080878e-01 5.857435e-01 5.358486e-01
    outer loop
      vertex   2.183279e+02 3.679303e+01 1.087917e+02
      vertex   2.182968e+02 3.688487e+01 1.086560e+02
      vertex   2.182968e+02 3.677642e+01 1.087746e+02
    endloop
  endfacet
  facet normal -6.080878e-01 5.182557e-01 6.013653e-01
    outer loop
      vertex   2.183279e+02 3.679303e+01 1.087917e+02
      vertex   2.182968e+02 3.677642e+01 1.087746e+02
      vertex   2.183279e+02 3.666918e+01 1.088984e+02
    endloop
  endfacet
  facet normal -6.080878e-01 5.182557e-01 6.013653e-01
    outer loop
      vertex   2.183279e+02 3.666918e+01 1.088984e+02
      vertex   2.182968e+02 3.677642e+01 1.087746e+02
      vertex   2.182968e+02 3.665472e+01 1.088794e+02
    endloop
  endfacet
  facet normal -6.080878e-01 4.434928e-01 6.584401e-01
    outer loop
      vertex   2.183279e+02 3.666918e+01 1.088984e+02
      vertex   2.182968e+02 3.665472e+01 1.088794e+02
      vertex   2.183279e+02 3.653358e+01 1.089897e+02
    endloop
  endfacet
  facet normal -6.080878e-01 4.434928e-01 6.584401e-01
    outer loop
      vertex   2.183279e+02 3.653358e+01 1.089897e+02
      vertex   2.182968e+02 3.665472e+01 1.088794e+02
      vertex   2.182968e+02 3.652146e+01 1.089692e+02
    endloop
  endfacet
  facet normal -6.080878e-01 3.625041e-01 7.062719e-01
    outer loop
      vertex   2.183279e+02 3.653358e+01 1.089897e+02
      vertex   2.182968e+02 3.652146e+01 1.089692e+02
      vertex   2.183279e+02 3.638813e+01 1.090644e+02
    endloop
  endfacet
  facet normal -6.080878e-01 3.625041e-01 7.062719e-01
    outer loop
      vertex   2.183279e+02 3.638813e+01 1.090644e+02
      vertex   2.182968e+02 3.652146e+01 1.089692e+02
      vertex   2.182968e+02 3.637852e+01 1.090426e+02
    endloop
  endfacet
  facet normal -6.080878e-01 2.764267e-01 7.441891e-01
    outer loop
      vertex   2.183279e+02 3.638813e+01 1.090644e+02
      vertex   2.182968e+02 3.637852e+01 1.090426e+02
      vertex   2.183279e+02 3.623487e+01 1.091213e+02
    endloop
  endfacet
  facet normal -6.080878e-01 2.764267e-01 7.441891e-01
    outer loop
      vertex   2.183279e+02 3.623487e+01 1.091213e+02
      vertex   2.182968e+02 3.637852e+01 1.090426e+02
      vertex   2.182968e+02 3.622790e+01 1.090985e+02
    endloop
  endfacet
  facet normal -6.080878e-01 1.864689e-01 7.716596e-01
    outer loop
      vertex   2.183279e+02 3.623487e+01 1.091213e+02
      vertex   2.182968e+02 3.622790e+01 1.090985e+02
      vertex   2.183279e+02 3.607595e+01 1.091597e+02
    endloop
  endfacet
  facet normal -6.080878e-01 1.864689e-01 7.716596e-01
    outer loop
      vertex   2.183279e+02 3.607595e+01 1.091597e+02
      vertex   2.182968e+02 3.622790e+01 1.090985e+02
      vertex   2.182968e+02 3.607173e+01 1.091363e+02
    endloop
  endfacet
  facet normal -6.080816e-01 9.367773e-02 7.883281e-01
    outer loop
      vertex   2.183279e+02 3.607595e+01 1.091597e+02
      vertex   2.182968e+02 3.607173e+01 1.091363e+02
      vertex   2.182968e+02 3.591145e+01 1.091553e+02
    endloop
  endfacet
  facet normal -7.926945e-01 7.193546e-02 6.053600e-01
    outer loop
      vertex   2.182968e+02 3.591145e+01 1.091553e+02
      vertex   2.182968e+02 3.607173e+01 1.091363e+02
      vertex   2.182730e+02 3.590987e+01 1.091243e+02
    endloop
  endfacet
  facet normal -7.929809e-01 0.000000e+00 6.092465e-01
    outer loop
      vertex   2.182968e+02 3.591145e+01 1.091553e+02
      vertex   2.182730e+02 3.590987e+01 1.091243e+02
      vertex   2.182730e+02 3.575385e+01 1.091243e+02
    endloop
  endfacet
  facet normal -9.236965e-01 0.000000e+00 3.831250e-01
    outer loop
      vertex   2.182730e+02 3.575385e+01 1.091243e+02
      vertex   2.182730e+02 3.590987e+01 1.091243e+02
      vertex   2.182580e+02 3.575574e+01 1.090881e+02
    endloop
  endfacet
  facet normal -9.235873e-01 -4.527488e-02 3.807055e-01
    outer loop
      vertex   2.182730e+02 3.575385e+01 1.091243e+02
      vertex   2.182580e+02 3.575574e+01 1.090881e+02
      vertex   2.182730e+02 3.559748e+01 1.091057e+02
    endloop
  endfacet
  facet normal -9.236406e-01 -4.529452e-02 3.805737e-01
    outer loop
      vertex   2.182730e+02 3.559748e+01 1.091057e+02
      vertex   2.182580e+02 3.575574e+01 1.090881e+02
      vertex   2.182580e+02 3.560388e+01 1.090701e+02
    endloop
  endfacet
  facet normal -9.236414e-01 -9.002193e-02 3.725354e-01
    outer loop
      vertex   2.182730e+02 3.559748e+01 1.091057e+02
      vertex   2.182580e+02 3.560388e+01 1.090701e+02
      vertex   2.182730e+02 3.544488e+01 1.090688e+02
    endloop
  endfacet
  facet normal -9.236414e-01 -9.002193e-02 3.725354e-01
    outer loop
      vertex   2.182730e+02 3.544488e+01 1.090688e+02
      vertex   2.182580e+02 3.560388e+01 1.090701e+02
      vertex   2.182580e+02 3.545545e+01 1.090342e+02
    endloop
  endfacet
  facet normal -9.236414e-01 -1.334510e-01 3.592735e-01
    outer loop
      vertex   2.182730e+02 3.544488e+01 1.090688e+02
      vertex   2.182580e+02 3.545545e+01 1.090342e+02
      vertex   2.182730e+02 3.529772e+01 1.090141e+02
    endloop
  endfacet
  facet normal -9.236414e-01 -1.334510e-01 3.592735e-01
    outer loop
      vertex   2.182730e+02 3.529772e+01 1.090141e+02
      vertex   2.182580e+02 3.545545e+01 1.090342e+02
      vertex   2.182580e+02 3.531230e+01 1.089810e+02
    endloop
  endfacet
  facet normal -9.236414e-01 -1.750068e-01 3.409681e-01
    outer loop
      vertex   2.182730e+02 3.529772e+01 1.090141e+02
      vertex   2.182580e+02 3.531230e+01 1.089810e+02
      vertex   2.182730e+02 3.515805e+01 1.089425e+02
    endloop
  endfacet
  facet normal -9.236414e-01 -1.750068e-01 3.409681e-01
    outer loop
      vertex   2.182730e+02 3.515805e+01 1.089425e+02
      vertex   2.182580e+02 3.531230e+01 1.089810e+02
      vertex   2.182580e+02 3.517645e+01 1.089113e+02
    endloop
  endfacet
  facet normal -9.236414e-01 -2.141058e-01 3.178763e-01
    outer loop
      vertex   2.182730e+02 3.515805e+01 1.089425e+02
      vertex   2.182580e+02 3.517645e+01 1.089113e+02
      vertex   2.182730e+02 3.502785e+01 1.088548e+02
    endloop
  endfacet
  facet normal -9.236414e-01 -2.141058e-01 3.178763e-01
    outer loop
      vertex   2.182730e+02 3.502785e+01 1.088548e+02
      vertex   2.182580e+02 3.517645e+01 1.089113e+02
      vertex   2.182580e+02 3.504980e+01 1.088260e+02
    endloop
  endfacet
  facet normal -9.236433e-01 -2.501259e-01 2.903792e-01
    outer loop
      vertex   2.182730e+02 3.502785e+01 1.088548e+02
      vertex   2.182580e+02 3.504980e+01 1.088260e+02
      vertex   2.182580e+02 3.493457e+01 1.087267e+02
    endloop
  endfacet
  facet normal -3.821095e-01 9.204666e-01 -8.205780e-02
    outer loop
      vertex   2.183279e+02 3.721115e+01 1.077607e+02
      vertex   2.183640e+02 3.722613e+01 1.077602e+02
      vertex   2.183279e+02 3.719664e+01 1.075978e+02
    endloop
  endfacet
  facet normal -3.821095e-01 9.204666e-01 -8.205780e-02
    outer loop
      vertex   2.183279e+02 3.719664e+01 1.075978e+02
      vertex   2.183640e+02 3.722613e+01 1.077602e+02
      vertex   2.183640e+02 3.721146e+01 1.075956e+02
    endloop
  endfacet
  facet normal -3.821095e-01 9.043007e-01 -1.903484e-01
    outer loop
      vertex   2.183279e+02 3.719664e+01 1.075978e+02
      vertex   2.183640e+02 3.721146e+01 1.075956e+02
      vertex   2.183279e+02 3.716296e+01 1.074378e+02
    endloop
  endfacet
  facet normal -3.821095e-01 9.043007e-01 -1.903484e-01
    outer loop
      vertex   2.183279e+02 3.716296e+01 1.074378e+02
      vertex   2.183640e+02 3.721146e+01 1.075956e+02
      vertex   2.183640e+02 3.717742e+01 1.074339e+02
    endloop
  endfacet
  facet normal -3.821095e-01 8.754404e-01 -2.959668e-01
    outer loop
      vertex   2.183279e+02 3.716296e+01 1.074378e+02
      vertex   2.183640e+02 3.717742e+01 1.074339e+02
      vertex   2.183279e+02 3.711060e+01 1.072830e+02
    endloop
  endfacet
  facet normal -3.821095e-01 8.754404e-01 -2.959668e-01
    outer loop
      vertex   2.183279e+02 3.711060e+01 1.072830e+02
      vertex   2.183640e+02 3.717742e+01 1.074339e+02
      vertex   2.183640e+02 3.712448e+01 1.072773e+02
    endloop
  endfacet
  facet normal -3.821095e-01 8.342909e-01 -3.974306e-01
    outer loop
      vertex   2.183279e+02 3.711060e+01 1.072830e+02
      vertex   2.183640e+02 3.712448e+01 1.072773e+02
      vertex   2.183279e+02 3.704029e+01 1.071354e+02
    endloop
  endfacet
  facet normal -3.821095e-01 8.342909e-01 -3.974306e-01
    outer loop
      vertex   2.183279e+02 3.704029e+01 1.071354e+02
      vertex   2.183640e+02 3.712448e+01 1.072773e+02
      vertex   2.183640e+02 3.705341e+01 1.071281e+02
    endloop
  endfacet
  facet normal -3.821095e-01 7.814297e-01 -4.933153e-01
    outer loop
      vertex   2.183279e+02 3.704029e+01 1.071354e+02
      vertex   2.183640e+02 3.705341e+01 1.071281e+02
      vertex   2.183279e+02 3.695301e+01 1.069971e+02
    endloop
  endfacet
  facet normal -3.821095e-01 7.814297e-01 -4.933153e-01
    outer loop
      vertex   2.183279e+02 3.695301e+01 1.069971e+02
      vertex   2.183640e+02 3.705341e+01 1.071281e+02
      vertex   2.183640e+02 3.696518e+01 1.069884e+02
    endloop
  endfacet
  facet normal -3.821095e-01 7.175989e-01 -5.822749e-01
    outer loop
      vertex   2.183279e+02 3.695301e+01 1.069971e+02
      vertex   2.183640e+02 3.696518e+01 1.069884e+02
      vertex   2.183279e+02 3.684999e+01 1.068702e+02
    endloop
  endfacet
  facet normal -3.821095e-01 7.175989e-01 -5.822749e-01
    outer loop
      vertex   2.183279e+02 3.684999e+01 1.068702e+02
      vertex   2.183640e+02 3.696518e+01 1.069884e+02
      vertex   2.183640e+02 3.686105e+01 1.068600e+02
    endloop
  endfacet
  facet normal -7.928361e-01 6.091672e-01 1.805958e-02
    outer loop
      vertex   2.182968e+02 3.718733e+01 1.077614e+02
      vertex   2.182730e+02 3.715627e+01 1.077623e+02
      vertex   2.182968e+02 3.718257e+01 1.079220e+02
    endloop
  endfacet
  facet normal -7.928361e-01 6.091672e-01 1.805958e-02
    outer loop
      vertex   2.182968e+02 3.718257e+01 1.079220e+02
      vertex   2.182730e+02 3.715627e+01 1.077623e+02
      vertex   2.182730e+02 3.715162e+01 1.079192e+02
    endloop
  endfacet
  facet normal -7.928361e-01 6.027556e-01 8.998097e-02
    outer loop
      vertex   2.182968e+02 3.718257e+01 1.079220e+02
      vertex   2.182730e+02 3.715162e+01 1.079192e+02
      vertex   2.182968e+02 3.715884e+01 1.080809e+02
    endloop
  endfacet
  facet normal -7.928361e-01 6.027556e-01 8.998097e-02
    outer loop
      vertex   2.182968e+02 3.715884e+01 1.080809e+02
      vertex   2.182730e+02 3.715162e+01 1.079192e+02
      vertex   2.182730e+02 3.712844e+01 1.080745e+02
    endloop
  endfacet
  facet normal -7.928361e-01 5.878826e-01 1.606392e-01
    outer loop
      vertex   2.182968e+02 3.715884e+01 1.080809e+02
      vertex   2.182730e+02 3.712844e+01 1.080745e+02
      vertex   2.182968e+02 3.711649e+01 1.082359e+02
    endloop
  endfacet
  facet normal -7.928361e-01 5.878826e-01 1.606392e-01
    outer loop
      vertex   2.182968e+02 3.711649e+01 1.082359e+02
      vertex   2.182730e+02 3.712844e+01 1.080745e+02
      vertex   2.182730e+02 3.708706e+01 1.082259e+02
    endloop
  endfacet
  facet normal -7.928361e-01 5.647570e-01 2.290424e-01
    outer loop
      vertex   2.182968e+02 3.711649e+01 1.082359e+02
      vertex   2.182730e+02 3.708706e+01 1.082259e+02
      vertex   2.182968e+02 3.705611e+01 1.083848e+02
    endloop
  endfacet
  facet normal -7.928361e-01 5.647570e-01 2.290424e-01
    outer loop
      vertex   2.182968e+02 3.705611e+01 1.083848e+02
      vertex   2.182730e+02 3.708706e+01 1.082259e+02
      vertex   2.182730e+02 3.702806e+01 1.083714e+02
    endloop
  endfacet
  facet normal -7.928361e-01 5.337034e-01 2.942304e-01
    outer loop
      vertex   2.182968e+02 3.705611e+01 1.083848e+02
      vertex   2.182730e+02 3.702806e+01 1.083714e+02
      vertex   2.182968e+02 3.697854e+01 1.085255e+02
    endloop
  endfacet
  facet normal -7.928361e-01 5.337034e-01 2.942304e-01
    outer loop
      vertex   2.182968e+02 3.697854e+01 1.085255e+02
      vertex   2.182730e+02 3.702806e+01 1.083714e+02
      vertex   2.182730e+02 3.695227e+01 1.085089e+02
    endloop
  endfacet
  facet normal -7.928361e-01 4.951578e-01 3.552880e-01
    outer loop
      vertex   2.182968e+02 3.697854e+01 1.085255e+02
      vertex   2.182730e+02 3.695227e+01 1.085089e+02
      vertex   2.182968e+02 3.688487e+01 1.086560e+02
    endloop
  endfacet
  facet normal -7.928361e-01 4.951578e-01 3.552880e-01
    outer loop
      vertex   2.182968e+02 3.688487e+01 1.086560e+02
      vertex   2.182730e+02 3.695227e+01 1.085089e+02
      vertex   2.182730e+02 3.686075e+01 1.086364e+02
    endloop
  endfacet
  facet normal -7.928361e-01 4.496613e-01 4.113582e-01
    outer loop
      vertex   2.182968e+02 3.688487e+01 1.086560e+02
      vertex   2.182730e+02 3.686075e+01 1.086364e+02
      vertex   2.182968e+02 3.677642e+01 1.087746e+02
    endloop
  endfacet
  facet normal -7.928361e-01 4.496613e-01 4.113582e-01
    outer loop
      vertex   2.182968e+02 3.677642e+01 1.087746e+02
      vertex   2.182730e+02 3.686075e+01 1.086364e+02
      vertex   2.182730e+02 3.675479e+01 1.087523e+02
    endloop
  endfacet
  facet normal -7.928361e-01 3.978526e-01 4.616538e-01
    outer loop
      vertex   2.182968e+02 3.677642e+01 1.087746e+02
      vertex   2.182730e+02 3.675479e+01 1.087523e+02
      vertex   2.182968e+02 3.665472e+01 1.088794e+02
    endloop
  endfacet
  facet normal -7.928361e-01 3.978526e-01 4.616538e-01
    outer loop
      vertex   2.182968e+02 3.665472e+01 1.088794e+02
      vertex   2.182730e+02 3.675479e+01 1.087523e+02
      vertex   2.182730e+02 3.663587e+01 1.088548e+02
    endloop
  endfacet
  facet normal -7.928361e-01 3.404588e-01 5.054688e-01
    outer loop
      vertex   2.182968e+02 3.665472e+01 1.088794e+02
      vertex   2.182730e+02 3.663587e+01 1.088548e+02
      vertex   2.182968e+02 3.652146e+01 1.089692e+02
    endloop
  endfacet
  facet normal -7.928361e-01 3.404588e-01 5.054688e-01
    outer loop
      vertex   2.182968e+02 3.652146e+01 1.089692e+02
      vertex   2.182730e+02 3.663587e+01 1.088548e+02
      vertex   2.182730e+02 3.650566e+01 1.089425e+02
    endloop
  endfacet
  facet normal -7.928361e-01 2.782858e-01 5.421881e-01
    outer loop
      vertex   2.182968e+02 3.652146e+01 1.089692e+02
      vertex   2.182730e+02 3.650566e+01 1.089425e+02
      vertex   2.182968e+02 3.637852e+01 1.090426e+02
    endloop
  endfacet
  facet normal -7.928361e-01 2.782858e-01 5.421881e-01
    outer loop
      vertex   2.182968e+02 3.637852e+01 1.090426e+02
      vertex   2.182730e+02 3.650566e+01 1.089425e+02
      vertex   2.182730e+02 3.636599e+01 1.090141e+02
    endloop
  endfacet
  facet normal -7.928361e-01 2.122062e-01 5.712962e-01
    outer loop
      vertex   2.182968e+02 3.637852e+01 1.090426e+02
      vertex   2.182730e+02 3.636599e+01 1.090141e+02
      vertex   2.182968e+02 3.622790e+01 1.090985e+02
    endloop
  endfacet
  facet normal -7.928361e-01 2.122062e-01 5.712962e-01
    outer loop
      vertex   2.182968e+02 3.622790e+01 1.090985e+02
      vertex   2.182730e+02 3.636599e+01 1.090141e+02
      vertex   2.182730e+02 3.621883e+01 1.090688e+02
    endloop
  endfacet
  facet normal -7.928361e-01 1.431478e-01 5.923847e-01
    outer loop
      vertex   2.182968e+02 3.622790e+01 1.090985e+02
      vertex   2.182730e+02 3.621883e+01 1.090688e+02
      vertex   2.182968e+02 3.607173e+01 1.091363e+02
    endloop
  endfacet
  facet normal -7.928361e-01 1.431478e-01 5.923847e-01
    outer loop
      vertex   2.182968e+02 3.607173e+01 1.091363e+02
      vertex   2.182730e+02 3.621883e+01 1.090688e+02
      vertex   2.182730e+02 3.606624e+01 1.091057e+02
    endloop
  endfacet
  facet normal -7.928329e-01 7.196957e-02 6.051746e-01
    outer loop
      vertex   2.182968e+02 3.607173e+01 1.091363e+02
      vertex   2.182730e+02 3.606624e+01 1.091057e+02
      vertex   2.182730e+02 3.590987e+01 1.091243e+02
    endloop
  endfacet
  facet normal -9.235873e-01 4.527488e-02 3.807055e-01
    outer loop
      vertex   2.182730e+02 3.590987e+01 1.091243e+02
      vertex   2.182730e+02 3.606624e+01 1.091057e+02
      vertex   2.182580e+02 3.590797e+01 1.090881e+02
    endloop
  endfacet
  facet normal -9.236965e-01 0.000000e+00 3.831250e-01
    outer loop
      vertex   2.182730e+02 3.590987e+01 1.091243e+02
      vertex   2.182580e+02 3.590797e+01 1.090881e+02
      vertex   2.182580e+02 3.575574e+01 1.090881e+02
    endloop
  endfacet
  facet normal -6.080878e-01 7.907338e-01 -7.049238e-02
    outer loop
      vertex   2.182968e+02 3.718733e+01 1.077614e+02
      vertex   2.183279e+02 3.721115e+01 1.077607e+02
      vertex   2.182968e+02 3.717306e+01 1.076014e+02
    endloop
  endfacet
  facet normal -6.080878e-01 7.907338e-01 -7.049238e-02
    outer loop
      vertex   2.182968e+02 3.717306e+01 1.076014e+02
      vertex   2.183279e+02 3.721115e+01 1.077607e+02
      vertex   2.183279e+02 3.719664e+01 1.075978e+02
    endloop
  endfacet
  facet normal -6.080878e-01 7.768464e-01 -1.635202e-01
    outer loop
      vertex   2.182968e+02 3.717306e+01 1.076014e+02
      vertex   2.183279e+02 3.719664e+01 1.075978e+02
      vertex   2.182968e+02 3.713997e+01 1.074441e+02
    endloop
  endfacet
  facet normal -6.080878e-01 7.768464e-01 -1.635202e-01
    outer loop
      vertex   2.182968e+02 3.713997e+01 1.074441e+02
      vertex   2.183279e+02 3.719664e+01 1.075978e+02
      vertex   2.183279e+02 3.716296e+01 1.074378e+02
    endloop
  endfacet
  facet normal -6.080878e-01 7.520537e-01 -2.542525e-01
    outer loop
      vertex   2.182968e+02 3.713997e+01 1.074441e+02
      vertex   2.183279e+02 3.716296e+01 1.074378e+02
      vertex   2.182968e+02 3.708851e+01 1.072919e+02
    endloop
  endfacet
  facet normal -6.080878e-01 7.520537e-01 -2.542525e-01
    outer loop
      vertex   2.182968e+02 3.708851e+01 1.072919e+02
      vertex   2.183279e+02 3.716296e+01 1.074378e+02
      vertex   2.183279e+02 3.711060e+01 1.072830e+02
    endloop
  endfacet
  facet normal -6.080878e-01 7.167039e-01 -3.414158e-01
    outer loop
      vertex   2.182968e+02 3.708851e+01 1.072919e+02
      vertex   2.183279e+02 3.711060e+01 1.072830e+02
      vertex   2.182968e+02 3.701941e+01 1.071469e+02
    endloop
  endfacet
  facet normal -6.080878e-01 7.167039e-01 -3.414158e-01
    outer loop
      vertex   2.182968e+02 3.701941e+01 1.071469e+02
      vertex   2.183279e+02 3.711060e+01 1.072830e+02
      vertex   2.183279e+02 3.704029e+01 1.071354e+02
    endloop
  endfacet
  facet normal -6.080878e-01 6.712931e-01 -4.237862e-01
    outer loop
      vertex   2.182968e+02 3.701941e+01 1.071469e+02
      vertex   2.183279e+02 3.704029e+01 1.071354e+02
      vertex   2.182968e+02 3.693364e+01 1.070110e+02
    endloop
  endfacet
  facet normal -6.080878e-01 6.712931e-01 -4.237862e-01
    outer loop
      vertex   2.182968e+02 3.693364e+01 1.070110e+02
      vertex   2.183279e+02 3.704029e+01 1.071354e+02
      vertex   2.183279e+02 3.695301e+01 1.069971e+02
    endloop
  endfacet
  facet normal -6.080878e-01 6.164588e-01 -5.002077e-01
    outer loop
      vertex   2.182968e+02 3.693364e+01 1.070110e+02
      vertex   2.183279e+02 3.695301e+01 1.069971e+02
      vertex   2.182968e+02 3.683241e+01 1.068863e+02
    endloop
  endfacet
  facet normal -6.080878e-01 6.164588e-01 -5.002077e-01
    outer loop
      vertex   2.182968e+02 3.683241e+01 1.068863e+02
      vertex   2.183279e+02 3.695301e+01 1.069971e+02
      vertex   2.183279e+02 3.684999e+01 1.068702e+02
    endloop
  endfacet
  facet normal -9.236414e-01 3.830896e-01 1.135721e-02
    outer loop
      vertex   2.182730e+02 3.715627e+01 1.077623e+02
      vertex   2.182580e+02 3.712011e+01 1.077634e+02
      vertex   2.182730e+02 3.715162e+01 1.079192e+02
    endloop
  endfacet
  facet normal -9.236414e-01 3.830896e-01 1.135721e-02
    outer loop
      vertex   2.182730e+02 3.715162e+01 1.079192e+02
      vertex   2.182580e+02 3.712011e+01 1.077634e+02
      vertex   2.182580e+02 3.711559e+01 1.079160e+02
    endloop
  endfacet
  facet normal -9.236414e-01 3.790575e-01 5.658671e-02
    outer loop
      vertex   2.182730e+02 3.715162e+01 1.079192e+02
      vertex   2.182580e+02 3.711559e+01 1.079160e+02
      vertex   2.182730e+02 3.712844e+01 1.080745e+02
    endloop
  endfacet
  facet normal -9.236414e-01 3.790575e-01 5.658671e-02
    outer loop
      vertex   2.182730e+02 3.712844e+01 1.080745e+02
      vertex   2.182580e+02 3.711559e+01 1.079160e+02
      vertex   2.182580e+02 3.709304e+01 1.080670e+02
    endloop
  endfacet
  facet normal -9.236414e-01 3.697042e-01 1.010219e-01
    outer loop
      vertex   2.182730e+02 3.712844e+01 1.080745e+02
      vertex   2.182580e+02 3.709304e+01 1.080670e+02
      vertex   2.182730e+02 3.708706e+01 1.082259e+02
    endloop
  endfacet
  facet normal -9.236414e-01 3.697042e-01 1.010219e-01
    outer loop
      vertex   2.182730e+02 3.708706e+01 1.082259e+02
      vertex   2.182580e+02 3.709304e+01 1.080670e+02
      vertex   2.182580e+02 3.705279e+01 1.082143e+02
    endloop
  endfacet
  facet normal -9.236414e-01 3.551611e-01 1.440389e-01
    outer loop
      vertex   2.182730e+02 3.708706e+01 1.082259e+02
      vertex   2.182580e+02 3.705279e+01 1.082143e+02
      vertex   2.182730e+02 3.702806e+01 1.083714e+02
    endloop
  endfacet
  facet normal -9.236414e-01 3.551611e-01 1.440389e-01
    outer loop
      vertex   2.182730e+02 3.702806e+01 1.083714e+02
      vertex   2.182580e+02 3.705279e+01 1.082143e+02
      vertex   2.182580e+02 3.699540e+01 1.083559e+02
    endloop
  endfacet
  facet normal -9.236414e-01 3.356323e-01 1.850339e-01
    outer loop
      vertex   2.182730e+02 3.702806e+01 1.083714e+02
      vertex   2.182580e+02 3.699540e+01 1.083559e+02
      vertex   2.182730e+02 3.695227e+01 1.085089e+02
    endloop
  endfacet
  facet normal -9.236414e-01 3.356323e-01 1.850339e-01
    outer loop
      vertex   2.182730e+02 3.695227e+01 1.085089e+02
      vertex   2.182580e+02 3.699540e+01 1.083559e+02
      vertex   2.182580e+02 3.692168e+01 1.084896e+02
    endloop
  endfacet
  facet normal -9.236414e-01 3.113920e-01 2.234315e-01
    outer loop
      vertex   2.182730e+02 3.695227e+01 1.085089e+02
      vertex   2.182580e+02 3.692168e+01 1.084896e+02
      vertex   2.182730e+02 3.686075e+01 1.086364e+02
    endloop
  endfacet
  facet normal -9.236414e-01 3.113920e-01 2.234315e-01
    outer loop
      vertex   2.182730e+02 3.686075e+01 1.086364e+02
      vertex   2.182580e+02 3.692168e+01 1.084896e+02
      vertex   2.182580e+02 3.683266e+01 1.086136e+02
    endloop
  endfacet
  facet normal -9.236414e-01 2.827804e-01 2.586926e-01
    outer loop
      vertex   2.182730e+02 3.686075e+01 1.086364e+02
      vertex   2.182580e+02 3.683266e+01 1.086136e+02
      vertex   2.182730e+02 3.675479e+01 1.087523e+02
    endloop
  endfacet
  facet normal -9.236414e-01 2.827804e-01 2.586926e-01
    outer loop
      vertex   2.182730e+02 3.675479e+01 1.087523e+02
      vertex   2.182580e+02 3.683266e+01 1.086136e+02
      vertex   2.182580e+02 3.672959e+01 1.087263e+02
    endloop
  endfacet
  facet normal -9.236414e-01 2.501992e-01 2.903222e-01
    outer loop
      vertex   2.182730e+02 3.675479e+01 1.087523e+02
      vertex   2.182580e+02 3.672959e+01 1.087263e+02
      vertex   2.182730e+02 3.663587e+01 1.088548e+02
    endloop
  endfacet
  facet normal -9.236414e-01 2.501992e-01 2.903222e-01
    outer loop
      vertex   2.182730e+02 3.663587e+01 1.088548e+02
      vertex   2.182580e+02 3.672959e+01 1.087263e+02
      vertex   2.182580e+02 3.661391e+01 1.088260e+02
    endloop
  endfacet
  facet normal -9.236414e-01 2.141058e-01 3.178763e-01
    outer loop
      vertex   2.182730e+02 3.663587e+01 1.088548e+02
      vertex   2.182580e+02 3.661391e+01 1.088260e+02
      vertex   2.182730e+02 3.650566e+01 1.089425e+02
    endloop
  endfacet
  facet normal -9.236414e-01 2.141058e-01 3.178763e-01
    outer loop
      vertex   2.182730e+02 3.650566e+01 1.089425e+02
      vertex   2.182580e+02 3.661391e+01 1.088260e+02
      vertex   2.182580e+02 3.648726e+01 1.089113e+02
    endloop
  endfacet
  facet normal -9.236414e-01 1.750068e-01 3.409681e-01
    outer loop
      vertex   2.182730e+02 3.650566e+01 1.089425e+02
      vertex   2.182580e+02 3.648726e+01 1.089113e+02
      vertex   2.182730e+02 3.636599e+01 1.090141e+02
    endloop
  endfacet
  facet normal -9.236414e-01 1.750068e-01 3.409681e-01
    outer loop
      vertex   2.182730e+02 3.636599e+01 1.090141e+02
      vertex   2.182580e+02 3.648726e+01 1.089113e+02
      vertex   2.182580e+02 3.635141e+01 1.089810e+02
    endloop
  endfacet
  facet normal -9.236414e-01 1.334510e-01 3.592735e-01
    outer loop
      vertex   2.182730e+02 3.636599e+01 1.090141e+02
      vertex   2.182580e+02 3.635141e+01 1.089810e+02
      vertex   2.182730e+02 3.621883e+01 1.090688e+02
    endloop
  endfacet
  facet normal -9.236414e-01 1.334510e-01 3.592735e-01
    outer loop
      vertex   2.182730e+02 3.621883e+01 1.090688e+02
      vertex   2.182580e+02 3.635141e+01 1.089810e+02
      vertex   2.182580e+02 3.620827e+01 1.090342e+02
    endloop
  endfacet
  facet normal -9.236414e-01 9.002193e-02 3.725354e-01
    outer loop
      vertex   2.182730e+02 3.621883e+01 1.090688e+02
      vertex   2.182580e+02 3.620827e+01 1.090342e+02
      vertex   2.182730e+02 3.606624e+01 1.091057e+02
    endloop
  endfacet
  facet normal -9.236414e-01 9.002193e-02 3.725354e-01
    outer loop
      vertex   2.182730e+02 3.606624e+01 1.091057e+02
      vertex   2.182580e+02 3.620827e+01 1.090342e+02
      vertex   2.182580e+02 3.605984e+01 1.090701e+02
    endloop
  endfacet
  facet normal -9.236406e-01 4.529452e-02 3.805737e-01
    outer loop
      vertex   2.182730e+02 3.606624e+01 1.091057e+02
      vertex   2.182580e+02 3.605984e+01 1.090701e+02
      vertex   2.182580e+02 3.590797e+01 1.090881e+02
    endloop
  endfacet
  facet normal -7.928361e-01 6.070275e-01 -5.411532e-02
    outer loop
      vertex   2.182730e+02 3.715627e+01 1.077623e+02
      vertex   2.182968e+02 3.718733e+01 1.077614e+02
      vertex   2.182730e+02 3.714233e+01 1.076059e+02
    endloop
  endfacet
  facet normal -7.928361e-01 6.070275e-01 -5.411532e-02
    outer loop
      vertex   2.182730e+02 3.714233e+01 1.076059e+02
      vertex   2.182968e+02 3.718733e+01 1.077614e+02
      vertex   2.182968e+02 3.717306e+01 1.076014e+02
    endloop
  endfacet
  facet normal -7.928361e-01 5.963665e-01 -1.255306e-01
    outer loop
      vertex   2.182730e+02 3.714233e+01 1.076059e+02
      vertex   2.182968e+02 3.717306e+01 1.076014e+02
      vertex   2.182730e+02 3.711000e+01 1.074523e+02
    endloop
  endfacet
  facet normal -7.928361e-01 5.963665e-01 -1.255306e-01
    outer loop
      vertex   2.182730e+02 3.711000e+01 1.074523e+02
      vertex   2.182968e+02 3.717306e+01 1.076014e+02
      vertex   2.182968e+02 3.713997e+01 1.074441e+02
    endloop
  endfacet
  facet normal -7.928361e-01 5.773337e-01 -1.951836e-01
    outer loop
      vertex   2.182730e+02 3.711000e+01 1.074523e+02
      vertex   2.182968e+02 3.713997e+01 1.074441e+02
      vertex   2.182730e+02 3.705972e+01 1.073036e+02
    endloop
  endfacet
  facet normal -7.928361e-01 5.773337e-01 -1.951836e-01
    outer loop
      vertex   2.182730e+02 3.705972e+01 1.073036e+02
      vertex   2.182968e+02 3.713997e+01 1.074441e+02
      vertex   2.182968e+02 3.708851e+01 1.072919e+02
    endloop
  endfacet
  facet normal -7.928361e-01 5.501965e-01 -2.620967e-01
    outer loop
      vertex   2.182730e+02 3.705972e+01 1.073036e+02
      vertex   2.182968e+02 3.708851e+01 1.072919e+02
      vertex   2.182730e+02 3.699220e+01 1.071619e+02
    endloop
  endfacet
  facet normal -7.928361e-01 5.501965e-01 -2.620967e-01
    outer loop
      vertex   2.182730e+02 3.699220e+01 1.071619e+02
      vertex   2.182968e+02 3.708851e+01 1.072919e+02
      vertex   2.182968e+02 3.701941e+01 1.071469e+02
    endloop
  endfacet
  facet normal -7.928361e-01 5.153357e-01 -3.253306e-01
    outer loop
      vertex   2.182730e+02 3.699220e+01 1.071619e+02
      vertex   2.182968e+02 3.701941e+01 1.071469e+02
      vertex   2.182730e+02 3.690840e+01 1.070291e+02
    endloop
  endfacet
  facet normal -7.928361e-01 5.153357e-01 -3.253306e-01
    outer loop
      vertex   2.182730e+02 3.690840e+01 1.070291e+02
      vertex   2.182968e+02 3.701941e+01 1.071469e+02
      vertex   2.182968e+02 3.693364e+01 1.070110e+02
    endloop
  endfacet
  facet normal -7.928361e-01 4.732407e-01 -3.839975e-01
    outer loop
      vertex   2.182730e+02 3.690840e+01 1.070291e+02
      vertex   2.182968e+02 3.693364e+01 1.070110e+02
      vertex   2.182730e+02 3.680948e+01 1.069072e+02
    endloop
  endfacet
  facet normal -7.928361e-01 4.732407e-01 -3.839975e-01
    outer loop
      vertex   2.182730e+02 3.680948e+01 1.069072e+02
      vertex   2.182968e+02 3.693364e+01 1.070110e+02
      vertex   2.182968e+02 3.683241e+01 1.068863e+02
    endloop
  endfacet
  facet normal -9.236414e-01 3.817440e-01 -3.403173e-02
    outer loop
      vertex   2.182580e+02 3.712011e+01 1.077634e+02
      vertex   2.182730e+02 3.715627e+01 1.077623e+02
      vertex   2.182580e+02 3.710655e+01 1.076113e+02
    endloop
  endfacet
  facet normal -9.236414e-01 3.817440e-01 -3.403173e-02
    outer loop
      vertex   2.182580e+02 3.710655e+01 1.076113e+02
      vertex   2.182730e+02 3.715627e+01 1.077623e+02
      vertex   2.182730e+02 3.714233e+01 1.076059e+02
    endloop
  endfacet
  facet normal -9.236414e-01 3.750395e-01 -7.894293e-02
    outer loop
      vertex   2.182580e+02 3.710655e+01 1.076113e+02
      vertex   2.182730e+02 3.714233e+01 1.076059e+02
      vertex   2.182580e+02 3.707510e+01 1.074619e+02
    endloop
  endfacet
  facet normal -9.236414e-01 3.750395e-01 -7.894293e-02
    outer loop
      vertex   2.182580e+02 3.707510e+01 1.074619e+02
      vertex   2.182730e+02 3.714233e+01 1.076059e+02
      vertex   2.182730e+02 3.711000e+01 1.074523e+02
    endloop
  endfacet
  facet normal -9.236414e-01 3.630703e-01 -1.227459e-01
    outer loop
      vertex   2.182580e+02 3.707510e+01 1.074619e+02
      vertex   2.182730e+02 3.711000e+01 1.074523e+02
      vertex   2.182580e+02 3.702619e+01 1.073172e+02
    endloop
  endfacet
  facet normal -9.236414e-01 3.630703e-01 -1.227459e-01
    outer loop
      vertex   2.182580e+02 3.702619e+01 1.073172e+02
      vertex   2.182730e+02 3.711000e+01 1.074523e+02
      vertex   2.182730e+02 3.705972e+01 1.073036e+02
    endloop
  endfacet
  facet normal -9.236414e-01 3.460044e-01 -1.648259e-01
    outer loop
      vertex   2.182580e+02 3.702619e+01 1.073172e+02
      vertex   2.182730e+02 3.705972e+01 1.073036e+02
      vertex   2.182580e+02 3.696052e+01 1.071793e+02
    endloop
  endfacet
  facet normal -9.236414e-01 3.460044e-01 -1.648259e-01
    outer loop
      vertex   2.182580e+02 3.696052e+01 1.071793e+02
      vertex   2.182730e+02 3.705972e+01 1.073036e+02
      vertex   2.182730e+02 3.699220e+01 1.071619e+02
    endloop
  endfacet
  facet normal -9.236414e-01 3.240813e-01 -2.045920e-01
    outer loop
      vertex   2.182580e+02 3.696052e+01 1.071793e+02
      vertex   2.182730e+02 3.699220e+01 1.071619e+02
      vertex   2.182580e+02 3.687901e+01 1.070502e+02
    endloop
  endfacet
  facet normal -9.236414e-01 3.240813e-01 -2.045920e-01
    outer loop
      vertex   2.182580e+02 3.687901e+01 1.070502e+02
      vertex   2.182730e+02 3.699220e+01 1.071619e+02
      vertex   2.182730e+02 3.690840e+01 1.070291e+02
    endloop
  endfacet
  facet normal -9.236414e-01 2.976089e-01 -2.414861e-01
    outer loop
      vertex   2.182580e+02 3.687901e+01 1.070502e+02
      vertex   2.182730e+02 3.690840e+01 1.070291e+02
      vertex   2.182580e+02 3.678279e+01 1.069316e+02
    endloop
  endfacet
  facet normal -9.236414e-01 2.976089e-01 -2.414861e-01
    outer loop
      vertex   2.182580e+02 3.678279e+01 1.069316e+02
      vertex   2.182730e+02 3.690840e+01 1.070291e+02
      vertex   2.182730e+02 3.680948e+01 1.069072e+02
    endloop
  endfacet
  facet normal -3.821095e-01 -8.914362e-01 2.435854e-01
    outer loop
      vertex   2.183640e+02 3.446688e+01 1.080889e+02
      vertex   2.183640e+02 3.451044e+01 1.082483e+02
      vertex   2.183279e+02 3.452464e+01 1.082435e+02
    endloop
  endfacet
  facet normal -3.821095e-01 -8.563697e-01 3.473087e-01
    outer loop
      vertex   2.183279e+02 3.452464e+01 1.082435e+02
      vertex   2.183640e+02 3.451044e+01 1.082483e+02
      vertex   2.183279e+02 3.458608e+01 1.083950e+02
    endloop
  endfacet
  facet normal -6.080878e-01 -7.356708e-01 2.983581e-01
    outer loop
      vertex   2.183279e+02 3.452464e+01 1.082435e+02
      vertex   2.183279e+02 3.458608e+01 1.083950e+02
      vertex   2.182968e+02 3.460760e+01 1.083848e+02
    endloop
  endfacet
  facet normal -6.080878e-01 -6.952195e-01 3.832741e-01
    outer loop
      vertex   2.182968e+02 3.460760e+01 1.083848e+02
      vertex   2.183279e+02 3.458608e+01 1.083950e+02
      vertex   2.182968e+02 3.468517e+01 1.085255e+02
    endloop
  endfacet
  facet normal -7.928361e-01 -5.337034e-01 2.942304e-01
    outer loop
      vertex   2.182968e+02 3.460760e+01 1.083848e+02
      vertex   2.182968e+02 3.468517e+01 1.085255e+02
      vertex   2.182730e+02 3.471144e+01 1.085089e+02
    endloop
  endfacet
  facet normal -7.928361e-01 -4.951578e-01 3.552880e-01
    outer loop
      vertex   2.182730e+02 3.471144e+01 1.085089e+02
      vertex   2.182968e+02 3.468517e+01 1.085255e+02
      vertex   2.182730e+02 3.480296e+01 1.086364e+02
    endloop
  endfacet
  facet normal -9.236414e-01 -3.113920e-01 2.234315e-01
    outer loop
      vertex   2.182730e+02 3.471144e+01 1.085089e+02
      vertex   2.182730e+02 3.480296e+01 1.086364e+02
      vertex   2.182580e+02 3.483105e+01 1.086136e+02
    endloop
  endfacet
  facet normal -3.821095e-01 -8.563697e-01 3.473087e-01
    outer loop
      vertex   2.183640e+02 3.451044e+01 1.082483e+02
      vertex   2.183640e+02 3.457255e+01 1.084015e+02
      vertex   2.183279e+02 3.458608e+01 1.083950e+02
    endloop
  endfacet
  facet normal -3.821095e-01 -8.092816e-01 4.461565e-01
    outer loop
      vertex   2.183279e+02 3.458608e+01 1.083950e+02
      vertex   2.183640e+02 3.457255e+01 1.084015e+02
      vertex   2.183279e+02 3.466501e+01 1.085382e+02
    endloop
  endfacet
  facet normal -6.080878e-01 -6.952195e-01 3.832741e-01
    outer loop
      vertex   2.183279e+02 3.458608e+01 1.083950e+02
      vertex   2.183279e+02 3.466501e+01 1.085382e+02
      vertex   2.182968e+02 3.468517e+01 1.085255e+02
    endloop
  endfacet
  facet normal -6.080878e-01 -6.450088e-01 4.628098e-01
    outer loop
      vertex   2.182968e+02 3.468517e+01 1.085255e+02
      vertex   2.183279e+02 3.466501e+01 1.085382e+02
      vertex   2.182968e+02 3.477884e+01 1.086560e+02
    endloop
  endfacet
  facet normal -7.928361e-01 -4.951578e-01 3.552880e-01
    outer loop
      vertex   2.182968e+02 3.468517e+01 1.085255e+02
      vertex   2.182968e+02 3.477884e+01 1.086560e+02
      vertex   2.182730e+02 3.480296e+01 1.086364e+02
    endloop
  endfacet
  facet normal -3.821095e-01 -8.092816e-01 4.461565e-01
    outer loop
      vertex   2.183640e+02 3.457255e+01 1.084015e+02
      vertex   2.183640e+02 3.465234e+01 1.085462e+02
      vertex   2.183279e+02 3.466501e+01 1.085382e+02
    endloop
  endfacet
  facet normal -3.821095e-01 -7.508330e-01 5.387413e-01
    outer loop
      vertex   2.183279e+02 3.466501e+01 1.085382e+02
      vertex   2.183640e+02 3.465234e+01 1.085462e+02
      vertex   2.183279e+02 3.476033e+01 1.086710e+02
    endloop
  endfacet
  facet normal -6.080878e-01 -6.450088e-01 4.628098e-01
    outer loop
      vertex   2.183279e+02 3.466501e+01 1.085382e+02
      vertex   2.183279e+02 3.476033e+01 1.086710e+02
      vertex   2.182968e+02 3.477884e+01 1.086560e+02
    endloop
  endfacet
  facet normal -3.821095e-01 -7.508330e-01 5.387413e-01
    outer loop
      vertex   2.183640e+02 3.474869e+01 1.086805e+02
      vertex   2.183279e+02 3.476033e+01 1.086710e+02
      vertex   2.183640e+02 3.465234e+01 1.085462e+02
    endloop
  endfacet
  facet normal -3.819380e-01 -6.032964e-01 7.001120e-01
    outer loop
      vertex   2.183640e+02 3.486034e+01 1.088025e+02
      vertex   2.183640e+02 3.498544e+01 1.089103e+02
      vertex   2.183279e+02 3.487087e+01 1.087919e+02
    endloop
  endfacet
  facet normal -3.821114e-01 -6.032157e-01 7.000869e-01
    outer loop
      vertex   2.183279e+02 3.487087e+01 1.087919e+02
      vertex   2.183640e+02 3.498544e+01 1.089103e+02
      vertex   2.183279e+02 3.499453e+01 1.088984e+02
    endloop
  endfacet
  facet normal -6.079650e-01 -5.182589e-01 6.014867e-01
    outer loop
      vertex   2.183279e+02 3.487087e+01 1.087919e+02
      vertex   2.183279e+02 3.499453e+01 1.088984e+02
      vertex   2.182968e+02 3.488757e+01 1.087748e+02
    endloop
  endfacet
  facet normal -6.080911e-01 -5.181667e-01 6.014386e-01
    outer loop
      vertex   2.182968e+02 3.488757e+01 1.087748e+02
      vertex   2.183279e+02 3.499453e+01 1.088984e+02
      vertex   2.182968e+02 3.500899e+01 1.088794e+02
    endloop
  endfacet
  facet normal -7.927667e-01 -3.978445e-01 4.617800e-01
    outer loop
      vertex   2.182968e+02 3.488757e+01 1.087748e+02
      vertex   2.182968e+02 3.500899e+01 1.088794e+02
      vertex   2.182730e+02 3.490929e+01 1.087526e+02
    endloop
  endfacet
  facet normal -6.080878e-01 -4.434928e-01 6.584401e-01
    outer loop
      vertex   2.182968e+02 3.514225e+01 1.089692e+02
      vertex   2.182968e+02 3.500899e+01 1.088794e+02
      vertex   2.183279e+02 3.499453e+01 1.088984e+02
    endloop
  endfacet
  facet normal -3.821095e-01 -5.162550e-01 7.664679e-01
    outer loop
      vertex   2.183279e+02 3.499453e+01 1.088984e+02
      vertex   2.183640e+02 3.498544e+01 1.089103e+02
      vertex   2.183279e+02 3.513013e+01 1.089897e+02
    endloop
  endfacet
  facet normal -3.821095e-01 -5.162550e-01 7.664679e-01
    outer loop
      vertex   2.183279e+02 3.513013e+01 1.089897e+02
      vertex   2.183640e+02 3.498544e+01 1.089103e+02
      vertex   2.183640e+02 3.512251e+01 1.090026e+02
    endloop
  endfacet
  facet normal -3.821095e-01 -4.219789e-01 8.221473e-01
    outer loop
      vertex   2.183279e+02 3.513013e+01 1.089897e+02
      vertex   2.183640e+02 3.512251e+01 1.090026e+02
      vertex   2.183279e+02 3.527558e+01 1.090644e+02
    endloop
  endfacet
  facet normal -3.821095e-01 -4.219789e-01 8.221473e-01
    outer loop
      vertex   2.183279e+02 3.527558e+01 1.090644e+02
      vertex   2.183640e+02 3.512251e+01 1.090026e+02
      vertex   2.183640e+02 3.526954e+01 1.090781e+02
    endloop
  endfacet
  facet normal -3.821095e-01 -3.217791e-01 8.662855e-01
    outer loop
      vertex   2.183279e+02 3.527558e+01 1.090644e+02
      vertex   2.183640e+02 3.526954e+01 1.090781e+02
      vertex   2.183279e+02 3.542885e+01 1.091213e+02
    endloop
  endfacet
  facet normal -3.821095e-01 -3.217791e-01 8.662855e-01
    outer loop
      vertex   2.183279e+02 3.542885e+01 1.091213e+02
      vertex   2.183640e+02 3.526954e+01 1.090781e+02
      vertex   2.183640e+02 3.542447e+01 1.091356e+02
    endloop
  endfacet
  facet normal -3.821095e-01 -2.170622e-01 8.982629e-01
    outer loop
      vertex   2.183279e+02 3.542885e+01 1.091213e+02
      vertex   2.183640e+02 3.542447e+01 1.091356e+02
      vertex   2.183279e+02 3.558776e+01 1.091597e+02
    endloop
  endfacet
  facet normal -3.821095e-01 -2.170622e-01 8.982629e-01
    outer loop
      vertex   2.183279e+02 3.558776e+01 1.091597e+02
      vertex   2.183640e+02 3.542447e+01 1.091356e+02
      vertex   2.183640e+02 3.558511e+01 1.091745e+02
    endloop
  endfacet
  facet normal -3.821024e-01 -1.089628e-01 9.176736e-01
    outer loop
      vertex   2.183279e+02 3.558776e+01 1.091597e+02
      vertex   2.183640e+02 3.558511e+01 1.091745e+02
      vertex   2.183279e+02 3.575112e+01 1.091791e+02
    endloop
  endfacet
  facet normal -3.817723e-01 -1.088950e-01 9.178190e-01
    outer loop
      vertex   2.183279e+02 3.575112e+01 1.091791e+02
      vertex   2.183640e+02 3.558511e+01 1.091745e+02
      vertex   2.183640e+02 3.575050e+01 1.091941e+02
    endloop
  endfacet
  facet normal -3.824488e-01 0.000000e+00 9.239767e-01
    outer loop
      vertex   2.183279e+02 3.575112e+01 1.091791e+02
      vertex   2.183640e+02 3.575050e+01 1.091941e+02
      vertex   2.183640e+02 3.591322e+01 1.091941e+02
    endloop
  endfacet
  facet normal -6.080878e-01 -3.625041e-01 7.062719e-01
    outer loop
      vertex   2.182968e+02 3.528519e+01 1.090426e+02
      vertex   2.182968e+02 3.514225e+01 1.089692e+02
      vertex   2.183279e+02 3.513013e+01 1.089897e+02
    endloop
  endfacet
  facet normal -6.080878e-01 -4.434928e-01 6.584401e-01
    outer loop
      vertex   2.183279e+02 3.513013e+01 1.089897e+02
      vertex   2.182968e+02 3.514225e+01 1.089692e+02
      vertex   2.183279e+02 3.499453e+01 1.088984e+02
    endloop
  endfacet
  facet normal -6.080878e-01 -3.625041e-01 7.062719e-01
    outer loop
      vertex   2.182968e+02 3.528519e+01 1.090426e+02
      vertex   2.183279e+02 3.513013e+01 1.089897e+02
      vertex   2.183279e+02 3.527558e+01 1.090644e+02
    endloop
  endfacet
  facet normal -6.080878e-01 -2.764267e-01 7.441891e-01
    outer loop
      vertex   2.182968e+02 3.543581e+01 1.090985e+02
      vertex   2.182968e+02 3.528519e+01 1.090426e+02
      vertex   2.183279e+02 3.527558e+01 1.090644e+02
    endloop
  endfacet
  facet normal -6.080878e-01 -2.764267e-01 7.441891e-01
    outer loop
      vertex   2.182968e+02 3.543581e+01 1.090985e+02
      vertex   2.183279e+02 3.527558e+01 1.090644e+02
      vertex   2.183279e+02 3.542885e+01 1.091213e+02
    endloop
  endfacet
  facet normal -6.080878e-01 -1.864689e-01 7.716596e-01
    outer loop
      vertex   2.182968e+02 3.559198e+01 1.091363e+02
      vertex   2.182968e+02 3.543581e+01 1.090985e+02
      vertex   2.183279e+02 3.542885e+01 1.091213e+02
    endloop
  endfacet
  facet normal -6.080878e-01 -1.864689e-01 7.716596e-01
    outer loop
      vertex   2.182968e+02 3.559198e+01 1.091363e+02
      vertex   2.183279e+02 3.542885e+01 1.091213e+02
      vertex   2.183279e+02 3.558776e+01 1.091597e+02
    endloop
  endfacet
  facet normal -6.080816e-01 -9.367773e-02 7.883281e-01
    outer loop
      vertex   2.182968e+02 3.575226e+01 1.091553e+02
      vertex   2.182968e+02 3.559198e+01 1.091363e+02
      vertex   2.183279e+02 3.558776e+01 1.091597e+02
    endloop
  endfacet
  facet normal -6.078416e-01 -9.362728e-02 7.885192e-01
    outer loop
      vertex   2.182968e+02 3.575226e+01 1.091553e+02
      vertex   2.183279e+02 3.558776e+01 1.091597e+02
      vertex   2.183279e+02 3.575112e+01 1.091791e+02
    endloop
  endfacet
  facet normal -6.083384e-01 0.000000e+00 7.936777e-01
    outer loop
      vertex   2.183279e+02 3.591259e+01 1.091791e+02
      vertex   2.182968e+02 3.575226e+01 1.091553e+02
      vertex   2.183279e+02 3.575112e+01 1.091791e+02
    endloop
  endfacet
  facet normal -3.824488e-01 0.000000e+00 9.239767e-01
    outer loop
      vertex   2.183279e+02 3.591259e+01 1.091791e+02
      vertex   2.183279e+02 3.575112e+01 1.091791e+02
      vertex   2.183640e+02 3.591322e+01 1.091941e+02
    endloop
  endfacet
  facet normal -3.817723e-01 1.088950e-01 9.178190e-01
    outer loop
      vertex   2.183640e+02 3.607860e+01 1.091745e+02
      vertex   2.183279e+02 3.591259e+01 1.091791e+02
      vertex   2.183640e+02 3.591322e+01 1.091941e+02
    endloop
  endfacet
  facet normal -1.000000e+00 -0.000000e+00 0.000000e+00
    outer loop
      vertex   2.182529e+02 3.708186e+01 1.078016e+02
      vertex   2.182529e+02 3.707238e+01 1.076480e+02
      vertex   2.182529e+02 3.707238e+01 1.079552e+02
    endloop
  endfacet
  facet normal -1.000000e+00 -0.000000e+00 -0.000000e+00
    outer loop
      vertex   2.182529e+02 3.707238e+01 1.079552e+02
      vertex   2.182529e+02 3.707238e+01 1.076480e+02
      vertex   2.182529e+02 3.704410e+01 1.081065e+02
    endloop
  endfacet
  facet normal -1.000000e+00 0.000000e+00 0.000000e+00
    outer loop
      vertex   2.182529e+02 3.704410e+01 1.081065e+02
      vertex   2.182529e+02 3.707238e+01 1.076480e+02
      vertex   2.182529e+02 3.704410e+01 1.074967e+02
    endloop
  endfacet
  facet normal -1.000000e+00 -0.000000e+00 -0.000000e+00
    outer loop
      vertex   2.182529e+02 3.704410e+01 1.081065e+02
      vertex   2.182529e+02 3.704410e+01 1.074967e+02
      vertex   2.182529e+02 3.699745e+01 1.082531e+02
    endloop
  endfacet
  facet normal -1.000000e+00 -0.000000e+00 -0.000000e+00
    outer loop
      vertex   2.182529e+02 3.699745e+01 1.082531e+02
      vertex   2.182529e+02 3.704410e+01 1.074967e+02
      vertex   2.182529e+02 3.693312e+01 1.083929e+02
    endloop
  endfacet
  facet normal -1.000000e+00 -0.000000e+00 -0.000000e+00
    outer loop
      vertex   2.182529e+02 3.693312e+01 1.083929e+02
      vertex   2.182529e+02 3.704410e+01 1.074967e+02
      vertex   2.182529e+02 3.685210e+01 1.085238e+02
    endloop
  endfacet
  facet normal -1.000000e+00 -0.000000e+00 -0.000000e+00
    outer loop
      vertex   2.182529e+02 3.685210e+01 1.085238e+02
      vertex   2.182529e+02 3.704410e+01 1.074967e+02
      vertex   2.182529e+02 3.675562e+01 1.086437e+02
    endloop
  endfacet
  facet normal -1.000000e+00 -0.000000e+00 -0.000000e+00
    outer loop
      vertex   2.182529e+02 3.675562e+01 1.086437e+02
      vertex   2.182529e+02 3.704410e+01 1.074967e+02
      vertex   2.182529e+02 3.664513e+01 1.087508e+02
    endloop
  endfacet
  facet normal -1.000000e+00 -0.000000e+00 -0.000000e+00
    outer loop
      vertex   2.182529e+02 3.664513e+01 1.087508e+02
      vertex   2.182529e+02 3.704410e+01 1.074967e+02
      vertex   2.182529e+02 3.652231e+01 1.088436e+02
    endloop
  endfacet
  facet normal -1.000000e+00 -0.000000e+00 -0.000000e+00
    outer loop
      vertex   2.182529e+02 3.652231e+01 1.088436e+02
      vertex   2.182529e+02 3.704410e+01 1.074967e+02
      vertex   2.182529e+02 3.638903e+01 1.089205e+02
    endloop
  endfacet
  facet normal -1.000000e+00 -0.000000e+00 -0.000000e+00
    outer loop
      vertex   2.182529e+02 3.638903e+01 1.089205e+02
      vertex   2.182529e+02 3.704410e+01 1.074967e+02
      vertex   2.182529e+02 3.624730e+01 1.089805e+02
    endloop
  endfacet
  facet normal -1.000000e+00 -0.000000e+00 -0.000000e+00
    outer loop
      vertex   2.182529e+02 3.624730e+01 1.089805e+02
      vertex   2.182529e+02 3.704410e+01 1.074967e+02
      vertex   2.182529e+02 3.609927e+01 1.090226e+02
    endloop
  endfacet
  facet normal -1.000000e+00 -0.000000e+00 -0.000000e+00
    outer loop
      vertex   2.182529e+02 3.609927e+01 1.090226e+02
      vertex   2.182529e+02 3.704410e+01 1.074967e+02
      vertex   2.182529e+02 3.594719e+01 1.090462e+02
    endloop
  endfacet
  facet normal -1.000000e+00 -0.000000e+00 -0.000000e+00
    outer loop
      vertex   2.182529e+02 3.594719e+01 1.090462e+02
      vertex   2.182529e+02 3.704410e+01 1.074967e+02
      vertex   2.182529e+02 3.579336e+01 1.090510e+02
    endloop
  endfacet
  facet normal -1.000000e+00 0.000000e+00 -0.000000e+00
    outer loop
      vertex   2.182529e+02 3.579336e+01 1.090510e+02
      vertex   2.182529e+02 3.704410e+01 1.074967e+02
      vertex   2.182529e+02 3.564012e+01 1.090368e+02
    endloop
  endfacet
  facet normal -1.000000e+00 0.000000e+00 -0.000000e+00
    outer loop
      vertex   2.182529e+02 3.564012e+01 1.090368e+02
      vertex   2.182529e+02 3.704410e+01 1.074967e+02
      vertex   2.182529e+02 3.548978e+01 1.090039e+02
    endloop
  endfacet
  facet normal -1.000000e+00 0.000000e+00 -0.000000e+00
    outer loop
      vertex   2.182529e+02 3.548978e+01 1.090039e+02
      vertex   2.182529e+02 3.704410e+01 1.074967e+02
      vertex   2.182529e+02 3.534462e+01 1.089527e+02
    endloop
  endfacet
  facet normal -1.000000e+00 0.000000e+00 -0.000000e+00
    outer loop
      vertex   2.182529e+02 3.534462e+01 1.089527e+02
      vertex   2.182529e+02 3.704410e+01 1.074967e+02
      vertex   2.182529e+02 3.520686e+01 1.088841e+02
    endloop
  endfacet
  facet normal -1.000000e+00 0.000000e+00 -0.000000e+00
    outer loop
      vertex   2.182529e+02 3.520686e+01 1.088841e+02
      vertex   2.182529e+02 3.704410e+01 1.074967e+02
      vertex   2.182529e+02 3.507856e+01 1.087991e+02
    endloop
  endfacet
  facet normal -1.000000e+00 0.000000e+00 -0.000000e+00
    outer loop
      vertex   2.182529e+02 3.507856e+01 1.087991e+02
      vertex   2.182529e+02 3.704410e+01 1.074967e+02
      vertex   2.182529e+02 3.496169e+01 1.086990e+02
    endloop
  endfacet
  facet normal -1.000000e+00 0.000000e+00 -0.000000e+00
    outer loop
      vertex   2.182529e+02 3.496169e+01 1.086990e+02
      vertex   2.182529e+02 3.704410e+01 1.074967e+02
      vertex   2.182529e+02 3.485801e+01 1.085852e+02
    endloop
  endfacet
  facet normal -1.000000e+00 0.000000e+00 -0.000000e+00
    outer loop
      vertex   2.182529e+02 3.485801e+01 1.085852e+02
      vertex   2.182529e+02 3.704410e+01 1.074967e+02
      vertex   2.182529e+02 3.476908e+01 1.084596e+02
    endloop
  endfacet
  facet normal -1.000000e+00 0.000000e+00 -0.000000e+00
    outer loop
      vertex   2.182529e+02 3.476908e+01 1.084596e+02
      vertex   2.182529e+02 3.704410e+01 1.074967e+02
      vertex   2.182529e+02 3.469627e+01 1.083240e+02
    endloop
  endfacet
  facet normal -1.000000e+00 0.000000e+00 -0.000000e+00
    outer loop
      vertex   2.182529e+02 3.469627e+01 1.083240e+02
      vertex   2.182529e+02 3.704410e+01 1.074967e+02
      vertex   2.182529e+02 3.464068e+01 1.081805e+02
    endloop
  endfacet
  facet normal -1.000000e+00 0.000000e+00 -0.000000e+00
    outer loop
      vertex   2.182529e+02 3.464068e+01 1.081805e+02
      vertex   2.182529e+02 3.704410e+01 1.074967e+02
      vertex   2.182529e+02 3.460314e+01 1.080313e+02
    endloop
  endfacet
  facet normal -1.000000e+00 0.000000e+00 -0.000000e+00
    outer loop
      vertex   2.182529e+02 3.460314e+01 1.080313e+02
      vertex   2.182529e+02 3.704410e+01 1.074967e+02
      vertex   2.182529e+02 3.458423e+01 1.078785e+02
    endloop
  endfacet
  facet normal -1.000000e+00 0.000000e+00 0.000000e+00
    outer loop
      vertex   2.182529e+02 3.458423e+01 1.078785e+02
      vertex   2.182529e+02 3.704410e+01 1.074967e+02
      vertex   2.182529e+02 3.458423e+01 1.077246e+02
    endloop
  endfacet
  facet normal -1.000000e+00 0.000000e+00 0.000000e+00
    outer loop
      vertex   2.182529e+02 3.458423e+01 1.077246e+02
      vertex   2.182529e+02 3.704410e+01 1.074967e+02
      vertex   2.182529e+02 3.460314e+01 1.075719e+02
    endloop
  endfacet
  facet normal -1.000000e+00 0.000000e+00 0.000000e+00
    outer loop
      vertex   2.182529e+02 3.460314e+01 1.075719e+02
      vertex   2.182529e+02 3.704410e+01 1.074967e+02
      vertex   2.182529e+02 3.464068e+01 1.074226e+02
    endloop
  endfacet
  facet normal -1.000000e+00 0.000000e+00 0.000000e+00
    outer loop
      vertex   2.182529e+02 3.464068e+01 1.074226e+02
      vertex   2.182529e+02 3.704410e+01 1.074967e+02
      vertex   2.182529e+02 3.699745e+01 1.073500e+02
    endloop
  endfacet
  facet normal -1.000000e+00 0.000000e+00 0.000000e+00
    outer loop
      vertex   2.182529e+02 3.464068e+01 1.074226e+02
      vertex   2.182529e+02 3.699745e+01 1.073500e+02
      vertex   2.182529e+02 3.469627e+01 1.072791e+02
    endloop
  endfacet
  facet normal -1.000000e+00 0.000000e+00 0.000000e+00
    outer loop
      vertex   2.182529e+02 3.469627e+01 1.072791e+02
      vertex   2.182529e+02 3.699745e+01 1.073500e+02
      vertex   2.182529e+02 3.693312e+01 1.072102e+02
    endloop
  endfacet
  facet normal -1.000000e+00 0.000000e+00 0.000000e+00
    outer loop
      vertex   2.182529e+02 3.469627e+01 1.072791e+02
      vertex   2.182529e+02 3.693312e+01 1.072102e+02
      vertex   2.182529e+02 3.476908e+01 1.071435e+02
    endloop
  endfacet
  facet normal -1.000000e+00 0.000000e+00 0.000000e+00
    outer loop
      vertex   2.182529e+02 3.476908e+01 1.071435e+02
      vertex   2.182529e+02 3.693312e+01 1.072102e+02
      vertex   2.182529e+02 3.685210e+01 1.070794e+02
    endloop
  endfacet
  facet normal -1.000000e+00 0.000000e+00 0.000000e+00
    outer loop
      vertex   2.182529e+02 3.476908e+01 1.071435e+02
      vertex   2.182529e+02 3.685210e+01 1.070794e+02
      vertex   2.182529e+02 3.485801e+01 1.070179e+02
    endloop
  endfacet
  facet normal -1.000000e+00 0.000000e+00 0.000000e+00
    outer loop
      vertex   2.182529e+02 3.485801e+01 1.070179e+02
      vertex   2.182529e+02 3.685210e+01 1.070794e+02
      vertex   2.182529e+02 3.675562e+01 1.069595e+02
    endloop
  endfacet
  facet normal -1.000000e+00 0.000000e+00 0.000000e+00
    outer loop
      vertex   2.182529e+02 3.485801e+01 1.070179e+02
      vertex   2.182529e+02 3.675562e+01 1.069595e+02
      vertex   2.182529e+02 3.496169e+01 1.069042e+02
    endloop
  endfacet
  facet normal -1.000000e+00 0.000000e+00 0.000000e+00
    outer loop
      vertex   2.182529e+02 3.496169e+01 1.069042e+02
      vertex   2.182529e+02 3.675562e+01 1.069595e+02
      vertex   2.182529e+02 3.664513e+01 1.068523e+02
    endloop
  endfacet
  facet normal -1.000000e+00 0.000000e+00 0.000000e+00
    outer loop
      vertex   2.182529e+02 3.496169e+01 1.069042e+02
      vertex   2.182529e+02 3.664513e+01 1.068523e+02
      vertex   2.182529e+02 3.507856e+01 1.068041e+02
    endloop
  endfacet
  facet normal -1.000000e+00 0.000000e+00 0.000000e+00
    outer loop
      vertex   2.182529e+02 3.507856e+01 1.068041e+02
      vertex   2.182529e+02 3.664513e+01 1.068523e+02
      vertex   2.182529e+02 3.652231e+01 1.067596e+02
    endloop
  endfacet
  facet normal -1.000000e+00 0.000000e+00 0.000000e+00
    outer loop
      vertex   2.182529e+02 3.507856e+01 1.068041e+02
      vertex   2.182529e+02 3.652231e+01 1.067596e+02
      vertex   2.182529e+02 3.520686e+01 1.067190e+02
    endloop
  endfacet
  facet normal -1.000000e+00 0.000000e+00 0.000000e+00
    outer loop
      vertex   2.182529e+02 3.520686e+01 1.067190e+02
      vertex   2.182529e+02 3.652231e+01 1.067596e+02
      vertex   2.182529e+02 3.638903e+01 1.066826e+02
    endloop
  endfacet
  facet normal -1.000000e+00 0.000000e+00 0.000000e+00
    outer loop
      vertex   2.182529e+02 3.520686e+01 1.067190e+02
      vertex   2.182529e+02 3.638903e+01 1.066826e+02
      vertex   2.182529e+02 3.534462e+01 1.066504e+02
    endloop
  endfacet
  facet normal -1.000000e+00 0.000000e+00 0.000000e+00
    outer loop
      vertex   2.182529e+02 3.534462e+01 1.066504e+02
      vertex   2.182529e+02 3.638903e+01 1.066826e+02
      vertex   2.182529e+02 3.624730e+01 1.066226e+02
    endloop
  endfacet
  facet normal -1.000000e+00 0.000000e+00 0.000000e+00
    outer loop
      vertex   2.182529e+02 3.534462e+01 1.066504e+02
      vertex   2.182529e+02 3.624730e+01 1.066226e+02
      vertex   2.182529e+02 3.548978e+01 1.065993e+02
    endloop
  endfacet
  facet normal -1.000000e+00 0.000000e+00 0.000000e+00
    outer loop
      vertex   2.182529e+02 3.548978e+01 1.065993e+02
      vertex   2.182529e+02 3.624730e+01 1.066226e+02
      vertex   2.182529e+02 3.609927e+01 1.065805e+02
    endloop
  endfacet
  facet normal -1.000000e+00 0.000000e+00 0.000000e+00
    outer loop
      vertex   2.182529e+02 3.548978e+01 1.065993e+02
      vertex   2.182529e+02 3.609927e+01 1.065805e+02
      vertex   2.182529e+02 3.564012e+01 1.065664e+02
    endloop
  endfacet
  facet normal -1.000000e+00 0.000000e+00 0.000000e+00
    outer loop
      vertex   2.182529e+02 3.564012e+01 1.065664e+02
      vertex   2.182529e+02 3.609927e+01 1.065805e+02
      vertex   2.182529e+02 3.594719e+01 1.065569e+02
    endloop
  endfacet
  facet normal -1.000000e+00 0.000000e+00 0.000000e+00
    outer loop
      vertex   2.182529e+02 3.564012e+01 1.065664e+02
      vertex   2.182529e+02 3.594719e+01 1.065569e+02
      vertex   2.182529e+02 3.579336e+01 1.065522e+02
    endloop
  endfacet
endsolid
