solid ASCII
  facet normal 9.946981e-01 -8.496611e-02 5.793457e-02
    outer loop
      vertex   1.363414e+02 2.860508e+01 1.045361e+02
      vertex   1.363451e+02 2.856626e+01 1.044149e+02
      vertex   1.363508e+02 2.860508e+01 1.043735e+02
    endloop
  endfacet
  facet normal 9.839362e-01 -1.761210e-01 -2.917012e-02
    outer loop
      vertex   1.363508e+02 2.860508e+01 1.043735e+02
      vertex   1.363451e+02 2.856626e+01 1.044149e+02
      vertex   1.363402e+02 2.856626e+01 1.042497e+02
    endloop
  endfacet
  facet normal 9.944986e-01 -8.727760e-02 -5.792295e-02
    outer loop
      vertex   1.363508e+02 2.860508e+01 1.043735e+02
      vertex   1.363402e+02 2.856626e+01 1.042497e+02
      vertex   1.363414e+02 2.860508e+01 1.042110e+02
    endloop
  endfacet
  facet normal 9.739881e-01 -1.737989e-01 -1.453996e-01
    outer loop
      vertex   1.363414e+02 2.860508e+01 1.042110e+02
      vertex   1.363402e+02 2.856626e+01 1.042497e+02
      vertex   1.363158e+02 2.856626e+01 1.040862e+02
    endloop
  endfacet
  facet normal 9.808326e-01 -8.975869e-02 -1.729473e-01
    outer loop
      vertex   1.363414e+02 2.860508e+01 1.042110e+02
      vertex   1.363158e+02 2.856626e+01 1.040862e+02
      vertex   1.363131e+02 2.860508e+01 1.040507e+02
    endloop
  endfacet
  facet normal 9.503759e-01 -1.713079e-01 -2.596907e-01
    outer loop
      vertex   1.363131e+02 2.860508e+01 1.040507e+02
      vertex   1.363158e+02 2.856626e+01 1.040862e+02
      vertex   1.362723e+02 2.856626e+01 1.039268e+02
    endloop
  endfacet
  facet normal 9.538904e-01 -9.240898e-02 -2.855760e-01
    outer loop
      vertex   1.363131e+02 2.860508e+01 1.040507e+02
      vertex   1.362723e+02 2.856626e+01 1.039268e+02
      vertex   1.362664e+02 2.860508e+01 1.038947e+02
    endloop
  endfacet
  facet normal 9.134161e-01 -1.686472e-01 -3.704444e-01
    outer loop
      vertex   1.362664e+02 2.860508e+01 1.038947e+02
      vertex   1.362723e+02 2.856626e+01 1.039268e+02
      vertex   1.362101e+02 2.856626e+01 1.037737e+02
    endloop
  endfacet
  facet normal 9.140433e-01 -9.522802e-02 -3.942798e-01
    outer loop
      vertex   1.362664e+02 2.860508e+01 1.038947e+02
      vertex   1.362101e+02 2.856626e+01 1.037737e+02
      vertex   1.362019e+02 2.860508e+01 1.037452e+02
    endloop
  endfacet
  facet normal 8.636118e-01 -1.658163e-01 -4.761087e-01
    outer loop
      vertex   1.362019e+02 2.860508e+01 1.037452e+02
      vertex   1.362101e+02 2.856626e+01 1.037737e+02
      vertex   1.361304e+02 2.856626e+01 1.036289e+02
    endloop
  endfacet
  facet normal 8.618383e-01 -9.821533e-02 -4.975826e-01
    outer loop
      vertex   1.362019e+02 2.860508e+01 1.037452e+02
      vertex   1.361304e+02 2.856626e+01 1.036289e+02
      vertex   1.361205e+02 2.860508e+01 1.036042e+02
    endloop
  endfacet
  facet normal 8.016456e-01 -1.628144e-01 -5.752006e-01
    outer loop
      vertex   1.361205e+02 2.860508e+01 1.036042e+02
      vertex   1.361304e+02 2.856626e+01 1.036289e+02
      vertex   1.360340e+02 2.856626e+01 1.034946e+02
    endloop
  endfacet
  facet normal 7.979913e-01 -1.013704e-01 -5.940825e-01
    outer loop
      vertex   1.361205e+02 2.860508e+01 1.036042e+02
      vertex   1.360340e+02 2.856626e+01 1.034946e+02
      vertex   1.360233e+02 2.860508e+01 1.034736e+02
    endloop
  endfacet
  facet normal 7.283707e-01 -1.596410e-01 -6.663264e-01
    outer loop
      vertex   1.360233e+02 2.860508e+01 1.034736e+02
      vertex   1.360340e+02 2.856626e+01 1.034946e+02
      vertex   1.359225e+02 2.856626e+01 1.033727e+02
    endloop
  endfacet
  facet normal 7.233765e-01 -1.046925e-01 -6.824705e-01
    outer loop
      vertex   1.360233e+02 2.860508e+01 1.034736e+02
      vertex   1.359225e+02 2.856626e+01 1.033727e+02
      vertex   1.359116e+02 2.860508e+01 1.033552e+02
    endloop
  endfacet
  facet normal 6.447992e-01 -1.562953e-01 -7.482017e-01
    outer loop
      vertex   1.359116e+02 2.860508e+01 1.033552e+02
      vertex   1.359225e+02 2.856626e+01 1.033727e+02
      vertex   1.357973e+02 2.856626e+01 1.032648e+02
    endloop
  endfacet
  facet normal 6.390152e-01 -1.081812e-01 -7.615487e-01
    outer loop
      vertex   1.359116e+02 2.860508e+01 1.033552e+02
      vertex   1.357973e+02 2.856626e+01 1.032648e+02
      vertex   1.357869e+02 2.860508e+01 1.032506e+02
    endloop
  endfacet
  facet normal 5.520887e-01 -1.527766e-01 -8.196691e-01
    outer loop
      vertex   1.357869e+02 2.860508e+01 1.032506e+02
      vertex   1.357973e+02 2.856626e+01 1.032648e+02
      vertex   1.356602e+02 2.856626e+01 1.031725e+02
    endloop
  endfacet
  facet normal 5.460618e-01 -1.118356e-01 -8.302466e-01
    outer loop
      vertex   1.357869e+02 2.860508e+01 1.032506e+02
      vertex   1.356602e+02 2.856626e+01 1.031725e+02
      vertex   1.356508e+02 2.860508e+01 1.031611e+02
    endloop
  endfacet
  facet normal 4.515262e-01 -1.490842e-01 -8.797147e-01
    outer loop
      vertex   1.356508e+02 2.860508e+01 1.031611e+02
      vertex   1.356602e+02 2.856626e+01 1.031725e+02
      vertex   1.355132e+02 2.856626e+01 1.030970e+02
    endloop
  endfacet
  facet normal 4.457875e-01 -1.156550e-01 -8.876359e-01
    outer loop
      vertex   1.356508e+02 2.860508e+01 1.031611e+02
      vertex   1.355132e+02 2.856626e+01 1.030970e+02
      vertex   1.355054e+02 2.860508e+01 1.030880e+02
    endloop
  endfacet
  facet normal 3.445106e-01 -1.452175e-01 -9.274828e-01
    outer loop
      vertex   1.355054e+02 2.860508e+01 1.030880e+02
      vertex   1.355132e+02 2.856626e+01 1.030970e+02
      vertex   1.353582e+02 2.856626e+01 1.030395e+02
    endloop
  endfacet
  facet normal 3.395636e-01 -1.196385e-01 -9.329433e-01
    outer loop
      vertex   1.355054e+02 2.860508e+01 1.030880e+02
      vertex   1.353582e+02 2.856626e+01 1.030395e+02
      vertex   1.353524e+02 2.860508e+01 1.030324e+02
    endloop
  endfacet
  facet normal 2.325336e-01 -1.411757e-01 -9.622877e-01
    outer loop
      vertex   1.353524e+02 2.860508e+01 1.030324e+02
      vertex   1.353582e+02 2.856626e+01 1.030395e+02
      vertex   1.351976e+02 2.856626e+01 1.030007e+02
    endloop
  endfacet
  facet normal 2.288422e-01 -1.237852e-01 -9.655612e-01
    outer loop
      vertex   1.353524e+02 2.860508e+01 1.030324e+02
      vertex   1.351976e+02 2.856626e+01 1.030007e+02
      vertex   1.351939e+02 2.860508e+01 1.029948e+02
    endloop
  endfacet
  facet normal 1.167080e-01 -1.370074e-01 -9.836708e-01
    outer loop
      vertex   1.351939e+02 2.860508e+01 1.029948e+02
      vertex   1.351976e+02 2.856626e+01 1.030007e+02
      vertex   1.350322e+02 2.856626e+01 1.029810e+02
    endloop
  endfacet
  facet normal 1.151087e-01 -1.299372e-01 -9.848179e-01
    outer loop
      vertex   1.351939e+02 2.860508e+01 1.029948e+02
      vertex   1.350322e+02 2.856626e+01 1.029810e+02
      vertex   1.350322e+02 2.860508e+01 1.029759e+02
    endloop
  endfacet
  facet normal 0.000000e+00 -1.306822e-01 -9.914243e-01
    outer loop
      vertex   1.350322e+02 2.860508e+01 1.029759e+02
      vertex   1.350322e+02 2.856626e+01 1.029810e+02
      vertex   1.348695e+02 2.856626e+01 1.029810e+02
    endloop
  endfacet
  facet normal -0.000000e+00 -1.306822e-01 -9.914243e-01
    outer loop
      vertex   1.350322e+02 2.860508e+01 1.029759e+02
      vertex   1.348695e+02 2.856626e+01 1.029810e+02
      vertex   1.348694e+02 2.860508e+01 1.029759e+02
    endloop
  endfacet
  facet normal -1.151087e-01 -1.299372e-01 -9.848179e-01
    outer loop
      vertex   1.348694e+02 2.860508e+01 1.029759e+02
      vertex   1.348695e+02 2.856626e+01 1.029810e+02
      vertex   1.347077e+02 2.860508e+01 1.029948e+02
    endloop
  endfacet
  facet normal -1.167080e-01 -1.370074e-01 -9.836708e-01
    outer loop
      vertex   1.347077e+02 2.860508e+01 1.029948e+02
      vertex   1.348695e+02 2.856626e+01 1.029810e+02
      vertex   1.347041e+02 2.856626e+01 1.030007e+02
    endloop
  endfacet
  facet normal -2.288422e-01 -1.237852e-01 -9.655612e-01
    outer loop
      vertex   1.347077e+02 2.860508e+01 1.029948e+02
      vertex   1.347041e+02 2.856626e+01 1.030007e+02
      vertex   1.345493e+02 2.860508e+01 1.030324e+02
    endloop
  endfacet
  facet normal -2.325336e-01 -1.411757e-01 -9.622877e-01
    outer loop
      vertex   1.345493e+02 2.860508e+01 1.030324e+02
      vertex   1.347041e+02 2.856626e+01 1.030007e+02
      vertex   1.345435e+02 2.856626e+01 1.030395e+02
    endloop
  endfacet
  facet normal -3.395636e-01 -1.196385e-01 -9.329433e-01
    outer loop
      vertex   1.345493e+02 2.860508e+01 1.030324e+02
      vertex   1.345435e+02 2.856626e+01 1.030395e+02
      vertex   1.343963e+02 2.860508e+01 1.030880e+02
    endloop
  endfacet
  facet normal -3.445106e-01 -1.452175e-01 -9.274828e-01
    outer loop
      vertex   1.343963e+02 2.860508e+01 1.030880e+02
      vertex   1.345435e+02 2.856626e+01 1.030395e+02
      vertex   1.343885e+02 2.856626e+01 1.030970e+02
    endloop
  endfacet
  facet normal -4.457875e-01 -1.156550e-01 -8.876359e-01
    outer loop
      vertex   1.343963e+02 2.860508e+01 1.030880e+02
      vertex   1.343885e+02 2.856626e+01 1.030970e+02
      vertex   1.342508e+02 2.860508e+01 1.031611e+02
    endloop
  endfacet
  facet normal -4.515262e-01 -1.490842e-01 -8.797147e-01
    outer loop
      vertex   1.342508e+02 2.860508e+01 1.031611e+02
      vertex   1.343885e+02 2.856626e+01 1.030970e+02
      vertex   1.342415e+02 2.856626e+01 1.031725e+02
    endloop
  endfacet
  facet normal -5.460618e-01 -1.118356e-01 -8.302466e-01
    outer loop
      vertex   1.342508e+02 2.860508e+01 1.031611e+02
      vertex   1.342415e+02 2.856626e+01 1.031725e+02
      vertex   1.341148e+02 2.860508e+01 1.032506e+02
    endloop
  endfacet
  facet normal -5.520887e-01 -1.527766e-01 -8.196691e-01
    outer loop
      vertex   1.341148e+02 2.860508e+01 1.032506e+02
      vertex   1.342415e+02 2.856626e+01 1.031725e+02
      vertex   1.341044e+02 2.856626e+01 1.032648e+02
    endloop
  endfacet
  facet normal -6.390152e-01 -1.081812e-01 -7.615487e-01
    outer loop
      vertex   1.341148e+02 2.860508e+01 1.032506e+02
      vertex   1.341044e+02 2.856626e+01 1.032648e+02
      vertex   1.339901e+02 2.860508e+01 1.033552e+02
    endloop
  endfacet
  facet normal -6.447810e-01 -1.561202e-01 -7.482539e-01
    outer loop
      vertex   1.339901e+02 2.860508e+01 1.033552e+02
      vertex   1.341044e+02 2.856626e+01 1.032648e+02
      vertex   1.339793e+02 2.856626e+01 1.033726e+02
    endloop
  endfacet
  facet normal -7.233649e-01 -1.048429e-01 -6.824596e-01
    outer loop
      vertex   1.339901e+02 2.860508e+01 1.033552e+02
      vertex   1.339793e+02 2.856626e+01 1.033726e+02
      vertex   1.338784e+02 2.860508e+01 1.034736e+02
    endloop
  endfacet
  facet normal -7.283351e-01 -1.596682e-01 -6.663587e-01
    outer loop
      vertex   1.338784e+02 2.860508e+01 1.034736e+02
      vertex   1.339793e+02 2.856626e+01 1.033726e+02
      vertex   1.338677e+02 2.856626e+01 1.034946e+02
    endloop
  endfacet
  facet normal -7.979913e-01 -1.013704e-01 -5.940825e-01
    outer loop
      vertex   1.338784e+02 2.860508e+01 1.034736e+02
      vertex   1.338677e+02 2.856626e+01 1.034946e+02
      vertex   1.337812e+02 2.860508e+01 1.036042e+02
    endloop
  endfacet
  facet normal -8.016456e-01 -1.628144e-01 -5.752006e-01
    outer loop
      vertex   1.337812e+02 2.860508e+01 1.036042e+02
      vertex   1.338677e+02 2.856626e+01 1.034946e+02
      vertex   1.337713e+02 2.856626e+01 1.036289e+02
    endloop
  endfacet
  facet normal -8.618383e-01 -9.821533e-02 -4.975826e-01
    outer loop
      vertex   1.337812e+02 2.860508e+01 1.036042e+02
      vertex   1.337713e+02 2.856626e+01 1.036289e+02
      vertex   1.336998e+02 2.860508e+01 1.037452e+02
    endloop
  endfacet
  facet normal -8.636118e-01 -1.658163e-01 -4.761087e-01
    outer loop
      vertex   1.336998e+02 2.860508e+01 1.037452e+02
      vertex   1.337713e+02 2.856626e+01 1.036289e+02
      vertex   1.336915e+02 2.856626e+01 1.037737e+02
    endloop
  endfacet
  facet normal -9.140433e-01 -9.522802e-02 -3.942798e-01
    outer loop
      vertex   1.336998e+02 2.860508e+01 1.037452e+02
      vertex   1.336915e+02 2.856626e+01 1.037737e+02
      vertex   1.336353e+02 2.860508e+01 1.038947e+02
    endloop
  endfacet
  facet normal -9.134161e-01 -1.686472e-01 -3.704444e-01
    outer loop
      vertex   1.336353e+02 2.860508e+01 1.038947e+02
      vertex   1.336915e+02 2.856626e+01 1.037737e+02
      vertex   1.336294e+02 2.856626e+01 1.039268e+02
    endloop
  endfacet
  facet normal -9.538904e-01 -9.240898e-02 -2.855760e-01
    outer loop
      vertex   1.336353e+02 2.860508e+01 1.038947e+02
      vertex   1.336294e+02 2.856626e+01 1.039268e+02
      vertex   1.335886e+02 2.860508e+01 1.040507e+02
    endloop
  endfacet
  facet normal -9.503759e-01 -1.713079e-01 -2.596907e-01
    outer loop
      vertex   1.335886e+02 2.860508e+01 1.040507e+02
      vertex   1.336294e+02 2.856626e+01 1.039268e+02
      vertex   1.335859e+02 2.856626e+01 1.040862e+02
    endloop
  endfacet
  facet normal -9.808326e-01 -8.975869e-02 -1.729473e-01
    outer loop
      vertex   1.335886e+02 2.860508e+01 1.040507e+02
      vertex   1.335859e+02 2.856626e+01 1.040862e+02
      vertex   1.335603e+02 2.860508e+01 1.042110e+02
    endloop
  endfacet
  facet normal -9.739881e-01 -1.737989e-01 -1.453996e-01
    outer loop
      vertex   1.335603e+02 2.860508e+01 1.042110e+02
      vertex   1.335859e+02 2.856626e+01 1.040862e+02
      vertex   1.335615e+02 2.856626e+01 1.042497e+02
    endloop
  endfacet
  facet normal -9.944986e-01 -8.727760e-02 -5.792295e-02
    outer loop
      vertex   1.335603e+02 2.860508e+01 1.042110e+02
      vertex   1.335615e+02 2.856626e+01 1.042497e+02
      vertex   1.335508e+02 2.860508e+01 1.043735e+02
    endloop
  endfacet
  facet normal -9.839362e-01 -1.761210e-01 -2.917012e-02
    outer loop
      vertex   1.335508e+02 2.860508e+01 1.043735e+02
      vertex   1.335615e+02 2.856626e+01 1.042497e+02
      vertex   1.335566e+02 2.856626e+01 1.044149e+02
    endloop
  endfacet
  facet normal -9.946981e-01 -8.496611e-02 5.793457e-02
    outer loop
      vertex   1.335508e+02 2.860508e+01 1.043735e+02
      vertex   1.335566e+02 2.856626e+01 1.044149e+02
      vertex   1.335603e+02 2.860508e+01 1.045361e+02
    endloop
  endfacet
  facet normal -9.800939e-01 -1.782745e-01 8.737345e-02
    outer loop
      vertex   1.335603e+02 2.860508e+01 1.045361e+02
      vertex   1.335566e+02 2.856626e+01 1.044149e+02
      vertex   1.335712e+02 2.856626e+01 1.045795e+02
    endloop
  endfacet
  facet normal -9.814241e-01 -8.282457e-02 1.730515e-01
    outer loop
      vertex   1.335603e+02 2.860508e+01 1.045361e+02
      vertex   1.335712e+02 2.856626e+01 1.045795e+02
      vertex   1.335886e+02 2.860508e+01 1.046964e+02
    endloop
  endfacet
  facet normal -9.625267e-01 -1.802602e-01 2.026045e-01
    outer loop
      vertex   1.335886e+02 2.860508e+01 1.046964e+02
      vertex   1.335712e+02 2.856626e+01 1.045795e+02
      vertex   1.336053e+02 2.856626e+01 1.047412e+02
    endloop
  endfacet
  facet normal -9.548531e-01 -8.085329e-02 2.858642e-01
    outer loop
      vertex   1.335886e+02 2.860508e+01 1.046964e+02
      vertex   1.336053e+02 2.856626e+01 1.047412e+02
      vertex   1.336353e+02 2.860508e+01 1.048524e+02
    endloop
  endfacet
  facet normal -9.314908e-01 -1.820786e-01 3.149162e-01
    outer loop
      vertex   1.336353e+02 2.860508e+01 1.048524e+02
      vertex   1.336053e+02 2.856626e+01 1.047412e+02
      vertex   1.336582e+02 2.856626e+01 1.048978e+02
    endloop
  endfacet
  facet normal -9.153425e-01 -7.905258e-02 3.948402e-01
    outer loop
      vertex   1.336353e+02 2.860508e+01 1.048524e+02
      vertex   1.336582e+02 2.856626e+01 1.048978e+02
      vertex   1.336998e+02 2.860508e+01 1.050019e+02
    endloop
  endfacet
  facet normal -8.874293e-01 -1.837300e-01 4.227441e-01
    outer loop
      vertex   1.336998e+02 2.860508e+01 1.050019e+02
      vertex   1.336582e+02 2.856626e+01 1.048978e+02
      vertex   1.337293e+02 2.856626e+01 1.050470e+02
    endloop
  endfacet
  facet normal -8.634259e-01 -7.742266e-02 4.984992e-01
    outer loop
      vertex   1.336998e+02 2.860508e+01 1.050019e+02
      vertex   1.337293e+02 2.856626e+01 1.050470e+02
      vertex   1.337812e+02 2.860508e+01 1.051429e+02
    endloop
  endfacet
  facet normal -8.309655e-01 -1.852150e-01 5.245872e-01
    outer loop
      vertex   1.337812e+02 2.860508e+01 1.051429e+02
      vertex   1.337293e+02 2.856626e+01 1.050470e+02
      vertex   1.338175e+02 2.856626e+01 1.051867e+02
    endloop
  endfacet
  facet normal -7.998055e-01 -7.596377e-02 5.954331e-01
    outer loop
      vertex   1.337812e+02 2.860508e+01 1.051429e+02
      vertex   1.338175e+02 2.856626e+01 1.051867e+02
      vertex   1.338784e+02 2.860508e+01 1.052735e+02
    endloop
  endfacet
  facet normal -7.628947e-01 -1.865339e-01 6.190289e-01
    outer loop
      vertex   1.338784e+02 2.860508e+01 1.052735e+02
      vertex   1.338175e+02 2.856626e+01 1.051867e+02
      vertex   1.339216e+02 2.856626e+01 1.053151e+02
    endloop
  endfacet
  facet normal -7.253427e-01 -7.467609e-02 6.843255e-01
    outer loop
      vertex   1.338784e+02 2.860508e+01 1.052735e+02
      vertex   1.339216e+02 2.856626e+01 1.053151e+02
      vertex   1.339901e+02 2.860508e+01 1.053919e+02
    endloop
  endfacet
  facet normal -6.841725e-01 -1.876872e-01 7.047563e-01
    outer loop
      vertex   1.339901e+02 2.860508e+01 1.053919e+02
      vertex   1.339216e+02 2.856626e+01 1.053151e+02
      vertex   1.340402e+02 2.856626e+01 1.054302e+02
    endloop
  endfacet
  facet normal -6.410462e-01 -7.355979e-02 7.639691e-01
    outer loop
      vertex   1.339901e+02 2.860508e+01 1.053919e+02
      vertex   1.340402e+02 2.856626e+01 1.054302e+02
      vertex   1.341148e+02 2.860508e+01 1.054965e+02
    endloop
  endfacet
  facet normal -5.959018e-01 -1.886751e-01 7.805785e-01
    outer loop
      vertex   1.341148e+02 2.860508e+01 1.054965e+02
      vertex   1.340402e+02 2.856626e+01 1.054302e+02
      vertex   1.341716e+02 2.856626e+01 1.055305e+02
    endloop
  endfacet
  facet normal -5.480583e-01 -7.261500e-02 8.332822e-01
    outer loop
      vertex   1.341148e+02 2.860508e+01 1.054965e+02
      vertex   1.341716e+02 2.856626e+01 1.055305e+02
      vertex   1.342508e+02 2.860508e+01 1.055860e+02
    endloop
  endfacet
  facet normal -4.993171e-01 -1.894979e-01 8.454425e-01
    outer loop
      vertex   1.342508e+02 2.860508e+01 1.055860e+02
      vertex   1.341716e+02 2.856626e+01 1.055305e+02
      vertex   1.343139e+02 2.856626e+01 1.056145e+02
    endloop
  endfacet
  facet normal -4.476395e-01 -7.184184e-02 8.913235e-01
    outer loop
      vertex   1.342508e+02 2.860508e+01 1.055860e+02
      vertex   1.343139e+02 2.856626e+01 1.056145e+02
      vertex   1.343963e+02 2.860508e+01 1.056591e+02
    endloop
  endfacet
  facet normal -3.957680e-01 -1.901558e-01 8.984478e-01
    outer loop
      vertex   1.343963e+02 2.860508e+01 1.056591e+02
      vertex   1.343139e+02 2.856626e+01 1.056145e+02
      vertex   1.344651e+02 2.856626e+01 1.056811e+02
    endloop
  endfacet
  facet normal -3.411511e-01 -7.124039e-02 9.373050e-01
    outer loop
      vertex   1.343963e+02 2.860508e+01 1.056591e+02
      vertex   1.344651e+02 2.856626e+01 1.056811e+02
      vertex   1.345493e+02 2.860508e+01 1.057147e+02
    endloop
  endfacet
  facet normal -2.866999e-01 -1.906492e-01 9.388589e-01
    outer loop
      vertex   1.345493e+02 2.860508e+01 1.057147e+02
      vertex   1.344651e+02 2.856626e+01 1.056811e+02
      vertex   1.346232e+02 2.856626e+01 1.057294e+02
    endloop
  endfacet
  facet normal -2.300370e-01 -7.081074e-02 9.706023e-01
    outer loop
      vertex   1.345493e+02 2.860508e+01 1.057147e+02
      vertex   1.346232e+02 2.856626e+01 1.057294e+02
      vertex   1.347077e+02 2.860508e+01 1.057523e+02
    endloop
  endfacet
  facet normal -1.736345e-01 -1.909780e-01 9.661152e-01
    outer loop
      vertex   1.347077e+02 2.860508e+01 1.057523e+02
      vertex   1.346232e+02 2.856626e+01 1.057294e+02
      vertex   1.347859e+02 2.856626e+01 1.057586e+02
    endloop
  endfacet
  facet normal -1.158036e-01 -7.055293e-02 9.907632e-01
    outer loop
      vertex   1.347077e+02 2.860508e+01 1.057523e+02
      vertex   1.347859e+02 2.856626e+01 1.057586e+02
      vertex   1.348694e+02 2.860508e+01 1.057712e+02
    endloop
  endfacet
  facet normal -5.814837e-02 -1.911423e-01 9.798384e-01
    outer loop
      vertex   1.348694e+02 2.860508e+01 1.057712e+02
      vertex   1.347859e+02 2.856626e+01 1.057586e+02
      vertex   1.349508e+02 2.856626e+01 1.057684e+02
    endloop
  endfacet
  facet normal 0.000000e+00 -7.046699e-02 9.975141e-01
    outer loop
      vertex   1.348694e+02 2.860508e+01 1.057712e+02
      vertex   1.349508e+02 2.856626e+01 1.057684e+02
      vertex   1.350322e+02 2.860508e+01 1.057712e+02
    endloop
  endfacet
  facet normal 5.814837e-02 -1.911423e-01 9.798384e-01
    outer loop
      vertex   1.350322e+02 2.860508e+01 1.057712e+02
      vertex   1.349508e+02 2.856626e+01 1.057684e+02
      vertex   1.351158e+02 2.856626e+01 1.057586e+02
    endloop
  endfacet
  facet normal 1.158036e-01 -7.055293e-02 9.907632e-01
    outer loop
      vertex   1.350322e+02 2.860508e+01 1.057712e+02
      vertex   1.351158e+02 2.856626e+01 1.057586e+02
      vertex   1.351939e+02 2.860508e+01 1.057523e+02
    endloop
  endfacet
  facet normal 1.736345e-01 -1.909780e-01 9.661152e-01
    outer loop
      vertex   1.351939e+02 2.860508e+01 1.057523e+02
      vertex   1.351158e+02 2.856626e+01 1.057586e+02
      vertex   1.352785e+02 2.856626e+01 1.057294e+02
    endloop
  endfacet
  facet normal 2.300370e-01 -7.081074e-02 9.706023e-01
    outer loop
      vertex   1.351939e+02 2.860508e+01 1.057523e+02
      vertex   1.352785e+02 2.856626e+01 1.057294e+02
      vertex   1.353524e+02 2.860508e+01 1.057147e+02
    endloop
  endfacet
  facet normal 2.866999e-01 -1.906492e-01 9.388589e-01
    outer loop
      vertex   1.353524e+02 2.860508e+01 1.057147e+02
      vertex   1.352785e+02 2.856626e+01 1.057294e+02
      vertex   1.354365e+02 2.856626e+01 1.056811e+02
    endloop
  endfacet
  facet normal 3.411511e-01 -7.124039e-02 9.373050e-01
    outer loop
      vertex   1.353524e+02 2.860508e+01 1.057147e+02
      vertex   1.354365e+02 2.856626e+01 1.056811e+02
      vertex   1.355054e+02 2.860508e+01 1.056591e+02
    endloop
  endfacet
  facet normal 3.957680e-01 -1.901558e-01 8.984478e-01
    outer loop
      vertex   1.355054e+02 2.860508e+01 1.056591e+02
      vertex   1.354365e+02 2.856626e+01 1.056811e+02
      vertex   1.355878e+02 2.856626e+01 1.056145e+02
    endloop
  endfacet
  facet normal 4.476395e-01 -7.184184e-02 8.913235e-01
    outer loop
      vertex   1.355054e+02 2.860508e+01 1.056591e+02
      vertex   1.355878e+02 2.856626e+01 1.056145e+02
      vertex   1.356508e+02 2.860508e+01 1.055860e+02
    endloop
  endfacet
  facet normal 4.993171e-01 -1.894979e-01 8.454425e-01
    outer loop
      vertex   1.356508e+02 2.860508e+01 1.055860e+02
      vertex   1.355878e+02 2.856626e+01 1.056145e+02
      vertex   1.357301e+02 2.856626e+01 1.055305e+02
    endloop
  endfacet
  facet normal 5.480583e-01 -7.261500e-02 8.332822e-01
    outer loop
      vertex   1.356508e+02 2.860508e+01 1.055860e+02
      vertex   1.357301e+02 2.856626e+01 1.055305e+02
      vertex   1.357869e+02 2.860508e+01 1.054965e+02
    endloop
  endfacet
  facet normal 5.959018e-01 -1.886751e-01 7.805785e-01
    outer loop
      vertex   1.357869e+02 2.860508e+01 1.054965e+02
      vertex   1.357301e+02 2.856626e+01 1.055305e+02
      vertex   1.358615e+02 2.856626e+01 1.054302e+02
    endloop
  endfacet
  facet normal 6.410462e-01 -7.355979e-02 7.639691e-01
    outer loop
      vertex   1.357869e+02 2.860508e+01 1.054965e+02
      vertex   1.358615e+02 2.856626e+01 1.054302e+02
      vertex   1.359116e+02 2.860508e+01 1.053919e+02
    endloop
  endfacet
  facet normal 6.841725e-01 -1.876872e-01 7.047563e-01
    outer loop
      vertex   1.359116e+02 2.860508e+01 1.053919e+02
      vertex   1.358615e+02 2.856626e+01 1.054302e+02
      vertex   1.359800e+02 2.856626e+01 1.053151e+02
    endloop
  endfacet
  facet normal 7.253427e-01 -7.467609e-02 6.843255e-01
    outer loop
      vertex   1.359116e+02 2.860508e+01 1.053919e+02
      vertex   1.359800e+02 2.856626e+01 1.053151e+02
      vertex   1.360233e+02 2.860508e+01 1.052735e+02
    endloop
  endfacet
  facet normal 7.628947e-01 -1.865339e-01 6.190289e-01
    outer loop
      vertex   1.360233e+02 2.860508e+01 1.052735e+02
      vertex   1.359800e+02 2.856626e+01 1.053151e+02
      vertex   1.360842e+02 2.856626e+01 1.051867e+02
    endloop
  endfacet
  facet normal 7.998055e-01 -7.596377e-02 5.954331e-01
    outer loop
      vertex   1.360233e+02 2.860508e+01 1.052735e+02
      vertex   1.360842e+02 2.856626e+01 1.051867e+02
      vertex   1.361205e+02 2.860508e+01 1.051429e+02
    endloop
  endfacet
  facet normal 8.309655e-01 -1.852150e-01 5.245872e-01
    outer loop
      vertex   1.361205e+02 2.860508e+01 1.051429e+02
      vertex   1.360842e+02 2.856626e+01 1.051867e+02
      vertex   1.361724e+02 2.856626e+01 1.050470e+02
    endloop
  endfacet
  facet normal 8.634259e-01 -7.742266e-02 4.984992e-01
    outer loop
      vertex   1.361205e+02 2.860508e+01 1.051429e+02
      vertex   1.361724e+02 2.856626e+01 1.050470e+02
      vertex   1.362019e+02 2.860508e+01 1.050019e+02
    endloop
  endfacet
  facet normal 8.874293e-01 -1.837300e-01 4.227441e-01
    outer loop
      vertex   1.362019e+02 2.860508e+01 1.050019e+02
      vertex   1.361724e+02 2.856626e+01 1.050470e+02
      vertex   1.362435e+02 2.856626e+01 1.048978e+02
    endloop
  endfacet
  facet normal 9.153425e-01 -7.905258e-02 3.948402e-01
    outer loop
      vertex   1.362019e+02 2.860508e+01 1.050019e+02
      vertex   1.362435e+02 2.856626e+01 1.048978e+02
      vertex   1.362664e+02 2.860508e+01 1.048524e+02
    endloop
  endfacet
  facet normal 9.314908e-01 -1.820786e-01 3.149162e-01
    outer loop
      vertex   1.362664e+02 2.860508e+01 1.048524e+02
      vertex   1.362435e+02 2.856626e+01 1.048978e+02
      vertex   1.362964e+02 2.856626e+01 1.047412e+02
    endloop
  endfacet
  facet normal 9.548531e-01 -8.085329e-02 2.858642e-01
    outer loop
      vertex   1.362664e+02 2.860508e+01 1.048524e+02
      vertex   1.362964e+02 2.856626e+01 1.047412e+02
      vertex   1.363131e+02 2.860508e+01 1.046964e+02
    endloop
  endfacet
  facet normal 9.625267e-01 -1.802602e-01 2.026045e-01
    outer loop
      vertex   1.363131e+02 2.860508e+01 1.046964e+02
      vertex   1.362964e+02 2.856626e+01 1.047412e+02
      vertex   1.363304e+02 2.856626e+01 1.045795e+02
    endloop
  endfacet
  facet normal 9.814241e-01 -8.282457e-02 1.730515e-01
    outer loop
      vertex   1.363131e+02 2.860508e+01 1.046964e+02
      vertex   1.363304e+02 2.856626e+01 1.045795e+02
      vertex   1.363414e+02 2.860508e+01 1.045361e+02
    endloop
  endfacet
  facet normal 9.800939e-01 -1.782745e-01 8.737345e-02
    outer loop
      vertex   1.363414e+02 2.860508e+01 1.045361e+02
      vertex   1.363304e+02 2.856626e+01 1.045795e+02
      vertex   1.363451e+02 2.856626e+01 1.044149e+02
    endloop
  endfacet
  facet normal 1.243264e-01 -9.922117e-01 -7.668192e-03
    outer loop
      vertex   1.361914e+02 2.845508e+01 1.042199e+02
      vertex   1.362346e+02 2.846019e+01 1.042591e+02
      vertex   1.362008e+02 2.845508e+01 1.043735e+02
    endloop
  endfacet
  facet normal 1.363873e-01 -9.906473e-01 -4.043385e-03
    outer loop
      vertex   1.362008e+02 2.845508e+01 1.043735e+02
      vertex   1.362346e+02 2.846019e+01 1.042591e+02
      vertex   1.362391e+02 2.846019e+01 1.044117e+02
    endloop
  endfacet
  facet normal 1.248625e-01 -9.921442e-01 7.701256e-03
    outer loop
      vertex   1.362008e+02 2.845508e+01 1.043735e+02
      vertex   1.362391e+02 2.846019e+01 1.044117e+02
      vertex   1.361914e+02 2.845508e+01 1.045272e+02
    endloop
  endfacet
  facet normal 1.352440e-01 -9.907390e-01 1.205674e-02
    outer loop
      vertex   1.361914e+02 2.845508e+01 1.045272e+02
      vertex   1.362391e+02 2.846019e+01 1.044117e+02
      vertex   1.362255e+02 2.846019e+01 1.045638e+02
    endloop
  endfacet
  facet normal 1.235861e-01 -9.920649e-01 2.310225e-02
    outer loop
      vertex   1.361914e+02 2.845508e+01 1.045272e+02
      vertex   1.362255e+02 2.846019e+01 1.045638e+02
      vertex   1.361631e+02 2.845508e+01 1.046784e+02
    endloop
  endfacet
  facet normal 1.321290e-01 -9.908423e-01 2.781213e-02
    outer loop
      vertex   1.361631e+02 2.845508e+01 1.046784e+02
      vertex   1.362255e+02 2.846019e+01 1.045638e+02
      vertex   1.361941e+02 2.846019e+01 1.047133e+02
    endloop
  endfacet
  facet normal 1.204962e-01 -9.919734e-01 3.833261e-02
    outer loop
      vertex   1.361631e+02 2.845508e+01 1.046784e+02
      vertex   1.361941e+02 2.846019e+01 1.047133e+02
      vertex   1.361164e+02 2.845508e+01 1.048251e+02
    endloop
  endfacet
  facet normal 1.271145e-01 -9.909567e-01 4.297457e-02
    outer loop
      vertex   1.361164e+02 2.845508e+01 1.048251e+02
      vertex   1.361941e+02 2.846019e+01 1.047133e+02
      vertex   1.361452e+02 2.846019e+01 1.048579e+02
    endloop
  endfacet
  facet normal 1.156130e-01 -9.918692e-01 5.319040e-02
    outer loop
      vertex   1.361164e+02 2.845508e+01 1.048251e+02
      vertex   1.361452e+02 2.846019e+01 1.048579e+02
      vertex   1.360521e+02 2.845508e+01 1.049649e+02
    endloop
  endfacet
  facet normal 1.203048e-01 -9.910814e-01 5.730951e-02
    outer loop
      vertex   1.360521e+02 2.845508e+01 1.049649e+02
      vertex   1.361452e+02 2.846019e+01 1.048579e+02
      vertex   1.360795e+02 2.846019e+01 1.049958e+02
    endloop
  endfacet
  facet normal 1.089777e-01 -9.917514e-01 6.747612e-02
    outer loop
      vertex   1.360521e+02 2.845508e+01 1.049649e+02
      vertex   1.360795e+02 2.846019e+01 1.049958e+02
      vertex   1.359711e+02 2.845508e+01 1.050958e+02
    endloop
  endfacet
  facet normal 1.118335e-01 -9.912159e-01 7.060029e-02
    outer loop
      vertex   1.359711e+02 2.845508e+01 1.050958e+02
      vertex   1.360795e+02 2.846019e+01 1.049958e+02
      vertex   1.359980e+02 2.846019e+01 1.051249e+02
    endloop
  endfacet
  facet normal 1.006524e-01 -9.916194e-01 8.099472e-02
    outer loop
      vertex   1.359711e+02 2.845508e+01 1.050958e+02
      vertex   1.359980e+02 2.846019e+01 1.051249e+02
      vertex   1.358746e+02 2.845508e+01 1.052157e+02
    endloop
  endfacet
  facet normal 1.018606e-01 -9.913592e-01 8.265183e-02
    outer loop
      vertex   1.358746e+02 2.845508e+01 1.052157e+02
      vertex   1.359980e+02 2.846019e+01 1.051249e+02
      vertex   1.359018e+02 2.846019e+01 1.052435e+02
    endloop
  endfacet
  facet normal 9.077379e-02 -9.914721e-01 9.350478e-02
    outer loop
      vertex   1.358746e+02 2.845508e+01 1.052157e+02
      vertex   1.359018e+02 2.846019e+01 1.052435e+02
      vertex   1.357922e+02 2.846019e+01 1.053498e+02
    endloop
  endfacet
  facet normal 2.669587e-01 -9.236414e-01 2.749903e-01
    outer loop
      vertex   1.357922e+02 2.846019e+01 1.053498e+02
      vertex   1.359018e+02 2.846019e+01 1.052435e+02
      vertex   1.359285e+02 2.847518e+01 1.052679e+02
    endloop
  endfacet
  facet normal 2.669587e-01 -9.236414e-01 2.749903e-01
    outer loop
      vertex   1.357922e+02 2.846019e+01 1.053498e+02
      vertex   1.359285e+02 2.847518e+01 1.052679e+02
      vertex   1.358158e+02 2.847518e+01 1.053773e+02
    endloop
  endfacet
  facet normal 4.245025e-01 -7.928361e-01 4.372740e-01
    outer loop
      vertex   1.358158e+02 2.847518e+01 1.053773e+02
      vertex   1.359285e+02 2.847518e+01 1.052679e+02
      vertex   1.359514e+02 2.849901e+01 1.052889e+02
    endloop
  endfacet
  facet normal 4.245025e-01 -7.928361e-01 4.372740e-01
    outer loop
      vertex   1.358158e+02 2.847518e+01 1.053773e+02
      vertex   1.359514e+02 2.849901e+01 1.052889e+02
      vertex   1.358361e+02 2.849901e+01 1.054008e+02
    endloop
  endfacet
  facet normal 5.529708e-01 -6.080878e-01 5.696073e-01
    outer loop
      vertex   1.358361e+02 2.849901e+01 1.054008e+02
      vertex   1.359514e+02 2.849901e+01 1.052889e+02
      vertex   1.359690e+02 2.853008e+01 1.053050e+02
    endloop
  endfacet
  facet normal 5.529708e-01 -6.080878e-01 5.696073e-01
    outer loop
      vertex   1.358361e+02 2.849901e+01 1.054008e+02
      vertex   1.359690e+02 2.853008e+01 1.053050e+02
      vertex   1.358517e+02 2.853008e+01 1.054188e+02
    endloop
  endfacet
  facet normal 6.436947e-01 -3.821095e-01 6.630607e-01
    outer loop
      vertex   1.358517e+02 2.853008e+01 1.054188e+02
      vertex   1.359690e+02 2.853008e+01 1.053050e+02
      vertex   1.359800e+02 2.856626e+01 1.053151e+02
    endloop
  endfacet
  facet normal 6.436947e-01 -3.821095e-01 6.630607e-01
    outer loop
      vertex   1.358517e+02 2.853008e+01 1.054188e+02
      vertex   1.359800e+02 2.856626e+01 1.053151e+02
      vertex   1.358615e+02 2.856626e+01 1.054302e+02
    endloop
  endfacet
  facet normal 1.355206e-01 -9.905680e-01 -2.023087e-02
    outer loop
      vertex   1.362346e+02 2.846019e+01 1.042591e+02
      vertex   1.361914e+02 2.845508e+01 1.042199e+02
      vertex   1.362120e+02 2.846019e+01 1.041081e+02
    endloop
  endfacet
  facet normal 1.220001e-01 -9.922680e-01 -2.280577e-02
    outer loop
      vertex   1.362120e+02 2.846019e+01 1.041081e+02
      vertex   1.361914e+02 2.845508e+01 1.042199e+02
      vertex   1.361631e+02 2.845508e+01 1.040687e+02
    endloop
  endfacet
  facet normal 1.326405e-01 -9.905013e-01 -3.624407e-02
    outer loop
      vertex   1.362120e+02 2.846019e+01 1.041081e+02
      vertex   1.361631e+02 2.845508e+01 1.040687e+02
      vertex   1.361718e+02 2.846019e+01 1.039608e+02
    endloop
  endfacet
  facet normal 1.179266e-01 -9.923134e-01 -3.751514e-02
    outer loop
      vertex   1.361718e+02 2.846019e+01 1.039608e+02
      vertex   1.361631e+02 2.845508e+01 1.040687e+02
      vertex   1.361164e+02 2.845508e+01 1.039220e+02
    endloop
  endfacet
  facet normal 1.277792e-01 -9.904479e-01 -5.182205e-02
    outer loop
      vertex   1.361718e+02 2.846019e+01 1.039608e+02
      vertex   1.361164e+02 2.845508e+01 1.039220e+02
      vertex   1.361144e+02 2.846019e+01 1.038193e+02
    endloop
  endfacet
  facet normal 1.121692e-01 -9.923482e-01 -5.160602e-02
    outer loop
      vertex   1.361144e+02 2.846019e+01 1.038193e+02
      vertex   1.361164e+02 2.845508e+01 1.039220e+02
      vertex   1.360521e+02 2.845508e+01 1.037822e+02
    endloop
  endfacet
  facet normal 1.210043e-01 -9.904079e-01 -6.670961e-02
    outer loop
      vertex   1.361144e+02 2.846019e+01 1.038193e+02
      vertex   1.360521e+02 2.845508e+01 1.037822e+02
      vertex   1.360407e+02 2.846019e+01 1.036855e+02
    endloop
  endfacet
  facet normal 1.048110e-01 -9.923725e-01 -6.489623e-02
    outer loop
      vertex   1.360407e+02 2.846019e+01 1.036855e+02
      vertex   1.360521e+02 2.845508e+01 1.037822e+02
      vertex   1.359711e+02 2.845508e+01 1.036513e+02
    endloop
  endfacet
  facet normal 1.124175e-01 -9.903817e-01 -8.066235e-02
    outer loop
      vertex   1.360407e+02 2.846019e+01 1.036855e+02
      vertex   1.359711e+02 2.845508e+01 1.036513e+02
      vertex   1.359516e+02 2.846019e+01 1.035615e+02
    endloop
  endfacet
  facet normal 9.595365e-02 -9.923865e-01 -7.721361e-02
    outer loop
      vertex   1.359516e+02 2.846019e+01 1.035615e+02
      vertex   1.359711e+02 2.845508e+01 1.036513e+02
      vertex   1.358746e+02 2.845508e+01 1.035314e+02
    endloop
  endfacet
  facet normal 1.021530e-01 -9.903694e-01 -9.345139e-02
    outer loop
      vertex   1.359516e+02 2.846019e+01 1.035615e+02
      vertex   1.358746e+02 2.845508e+01 1.035314e+02
      vertex   1.358486e+02 2.846019e+01 1.034488e+02
    endloop
  endfacet
  facet normal 8.571631e-02 -9.923903e-01 -8.839787e-02
    outer loop
      vertex   1.358486e+02 2.846019e+01 1.034488e+02
      vertex   1.358746e+02 2.845508e+01 1.035314e+02
      vertex   1.357641e+02 2.845508e+01 1.034243e+02
    endloop
  endfacet
  facet normal 9.037503e-02 -9.903712e-01 -1.048679e-01
    outer loop
      vertex   1.358486e+02 2.846019e+01 1.034488e+02
      vertex   1.357641e+02 2.845508e+01 1.034243e+02
      vertex   1.357329e+02 2.846019e+01 1.033491e+02
    endloop
  endfacet
  facet normal 7.423446e-02 -9.923839e-01 -9.830231e-02
    outer loop
      vertex   1.357329e+02 2.846019e+01 1.033491e+02
      vertex   1.357641e+02 2.845508e+01 1.034243e+02
      vertex   1.356413e+02 2.845508e+01 1.033315e+02
    endloop
  endfacet
  facet normal 7.727463e-02 -9.903869e-01 -1.147273e-01
    outer loop
      vertex   1.357329e+02 2.846019e+01 1.033491e+02
      vertex   1.356413e+02 2.845508e+01 1.033315e+02
      vertex   1.356062e+02 2.846019e+01 1.032638e+02
    endloop
  endfacet
  facet normal 6.165835e-02 -9.923674e-01 -1.067954e-01
    outer loop
      vertex   1.356062e+02 2.846019e+01 1.032638e+02
      vertex   1.356413e+02 2.845508e+01 1.033315e+02
      vertex   1.355080e+02 2.845508e+01 1.032546e+02
    endloop
  endfacet
  facet normal 6.306604e-02 -9.904166e-01 -1.228724e-01
    outer loop
      vertex   1.356062e+02 2.846019e+01 1.032638e+02
      vertex   1.355080e+02 2.845508e+01 1.032546e+02
      vertex   1.354704e+02 2.846019e+01 1.031941e+02
    endloop
  endfacet
  facet normal 4.815141e-02 -9.923405e-01 -1.137622e-01
    outer loop
      vertex   1.354704e+02 2.846019e+01 1.031941e+02
      vertex   1.355080e+02 2.845508e+01 1.032546e+02
      vertex   1.353663e+02 2.845508e+01 1.031946e+02
    endloop
  endfacet
  facet normal 4.798246e-02 -9.904600e-01 -1.291772e-01
    outer loop
      vertex   1.354704e+02 2.846019e+01 1.031941e+02
      vertex   1.353663e+02 2.845508e+01 1.031946e+02
      vertex   1.353273e+02 2.846019e+01 1.031409e+02
    endloop
  endfacet
  facet normal 3.388847e-02 -9.923031e-01 -1.191056e-01
    outer loop
      vertex   1.353273e+02 2.846019e+01 1.031409e+02
      vertex   1.353663e+02 2.845508e+01 1.031946e+02
      vertex   1.352183e+02 2.845508e+01 1.031525e+02
    endloop
  endfacet
  facet normal 3.227144e-02 -9.905168e-01 -1.335481e-01
    outer loop
      vertex   1.353273e+02 2.846019e+01 1.031409e+02
      vertex   1.352183e+02 2.845508e+01 1.031525e+02
      vertex   1.351788e+02 2.846019e+01 1.031051e+02
    endloop
  endfacet
  facet normal 1.905394e-02 -9.922550e-01 -1.227475e-01
    outer loop
      vertex   1.351788e+02 2.846019e+01 1.031051e+02
      vertex   1.352183e+02 2.845508e+01 1.031525e+02
      vertex   1.350662e+02 2.845508e+01 1.031289e+02
    endloop
  endfacet
  facet normal 1.618194e-02 -9.905816e-01 -1.359639e-01
    outer loop
      vertex   1.351788e+02 2.846019e+01 1.031051e+02
      vertex   1.350662e+02 2.845508e+01 1.031289e+02
      vertex   1.350270e+02 2.846019e+01 1.030870e+02
    endloop
  endfacet
  facet normal 3.839172e-03 -9.921985e-01 -1.246093e-01
    outer loop
      vertex   1.350270e+02 2.846019e+01 1.030870e+02
      vertex   1.350662e+02 2.845508e+01 1.031289e+02
      vertex   1.349123e+02 2.845508e+01 1.031241e+02
    endloop
  endfacet
  facet normal -0.000000e+00 -9.906760e-01 -1.362388e-01
    outer loop
      vertex   1.350270e+02 2.846019e+01 1.030870e+02
      vertex   1.349123e+02 2.845508e+01 1.031241e+02
      vertex   1.348747e+02 2.846019e+01 1.030870e+02
    endloop
  endfacet
  facet normal -1.155863e-02 -9.921225e-01 -1.247375e-01
    outer loop
      vertex   1.348747e+02 2.846019e+01 1.030870e+02
      vertex   1.349123e+02 2.845508e+01 1.031241e+02
      vertex   1.347591e+02 2.845508e+01 1.031383e+02
    endloop
  endfacet
  facet normal -1.602671e-02 -9.907623e-01 -1.346597e-01
    outer loop
      vertex   1.348747e+02 2.846019e+01 1.030870e+02
      vertex   1.347591e+02 2.845508e+01 1.031383e+02
      vertex   1.347229e+02 2.846019e+01 1.031051e+02
    endloop
  endfacet
  facet normal -2.693375e-02 -9.920432e-01 -1.229832e-01
    outer loop
      vertex   1.347229e+02 2.846019e+01 1.031051e+02
      vertex   1.347591e+02 2.845508e+01 1.031383e+02
      vertex   1.346088e+02 2.845508e+01 1.031713e+02
    endloop
  endfacet
  facet normal -3.166776e-02 -9.908699e-01 -1.310499e-01
    outer loop
      vertex   1.347229e+02 2.846019e+01 1.031051e+02
      vertex   1.346088e+02 2.845508e+01 1.031713e+02
      vertex   1.345744e+02 2.846019e+01 1.031409e+02
    endloop
  endfacet
  facet normal -4.208983e-02 -9.919486e-01 -1.194423e-01
    outer loop
      vertex   1.345744e+02 2.846019e+01 1.031409e+02
      vertex   1.346088e+02 2.845508e+01 1.031713e+02
      vertex   1.344636e+02 2.845508e+01 1.032224e+02
    endloop
  endfacet
  facet normal -4.664468e-02 -9.909869e-01 -1.255756e-01
    outer loop
      vertex   1.345744e+02 2.846019e+01 1.031409e+02
      vertex   1.344636e+02 2.845508e+01 1.032224e+02
      vertex   1.344313e+02 2.846019e+01 1.031941e+02
    endloop
  endfacet
  facet normal -5.682318e-02 -9.918410e-01 -1.141163e-01
    outer loop
      vertex   1.344313e+02 2.846019e+01 1.031941e+02
      vertex   1.344636e+02 2.845508e+01 1.032224e+02
      vertex   1.343258e+02 2.845508e+01 1.032910e+02
    endloop
  endfacet
  facet normal -6.073811e-02 -9.911142e-01 -1.183369e-01
    outer loop
      vertex   1.344313e+02 2.846019e+01 1.031941e+02
      vertex   1.343258e+02 2.845508e+01 1.032910e+02
      vertex   1.342954e+02 2.846019e+01 1.032638e+02
    endloop
  endfacet
  facet normal -7.093518e-02 -9.917198e-01 -1.070519e-01
    outer loop
      vertex   1.342954e+02 2.846019e+01 1.032638e+02
      vertex   1.343258e+02 2.845508e+01 1.032910e+02
      vertex   1.341975e+02 2.845508e+01 1.033760e+02
    endloop
  endfacet
  facet normal -7.373645e-02 -9.912509e-01 -1.094742e-01
    outer loop
      vertex   1.342954e+02 2.846019e+01 1.032638e+02
      vertex   1.341975e+02 2.845508e+01 1.033760e+02
      vertex   1.341688e+02 2.846019e+01 1.033491e+02
    endloop
  endfacet
  facet normal -8.423225e-02 -9.915840e-01 -9.831630e-02
    outer loop
      vertex   1.341688e+02 2.846019e+01 1.033491e+02
      vertex   1.341975e+02 2.845508e+01 1.033760e+02
      vertex   1.340807e+02 2.845508e+01 1.034762e+02
    endloop
  endfacet
  facet normal -8.534800e-02 -9.914122e-01 -9.908325e-02
    outer loop
      vertex   1.341688e+02 2.846019e+01 1.033491e+02
      vertex   1.340807e+02 2.845508e+01 1.034762e+02
      vertex   1.340536e+02 2.846019e+01 1.034484e+02
    endloop
  endfacet
  facet normal -9.643548e-02 -9.914180e-01 -8.826379e-02
    outer loop
      vertex   1.340536e+02 2.846019e+01 1.034484e+02
      vertex   1.340807e+02 2.845508e+01 1.034762e+02
      vertex   1.339500e+02 2.846019e+01 1.035615e+02
    endloop
  endfacet
  facet normal -2.826703e-01 -9.236681e-01 -2.587176e-01
    outer loop
      vertex   1.340536e+02 2.846019e+01 1.034484e+02
      vertex   1.339500e+02 2.846019e+01 1.035615e+02
      vertex   1.340283e+02 2.847518e+01 1.034225e+02
    endloop
  endfacet
  facet normal -2.827331e-01 -9.236398e-01 -2.587499e-01
    outer loop
      vertex   1.340283e+02 2.847518e+01 1.034225e+02
      vertex   1.339500e+02 2.846019e+01 1.035615e+02
      vertex   1.339219e+02 2.847518e+01 1.035387e+02
    endloop
  endfacet
  facet normal -4.495138e-01 -7.929068e-01 -4.113832e-01
    outer loop
      vertex   1.340283e+02 2.847518e+01 1.034225e+02
      vertex   1.339219e+02 2.847518e+01 1.035387e+02
      vertex   1.340066e+02 2.849901e+01 1.034003e+02
    endloop
  endfacet
  facet normal -4.496040e-01 -7.928336e-01 -4.114257e-01
    outer loop
      vertex   1.340066e+02 2.849901e+01 1.034003e+02
      vertex   1.339219e+02 2.847518e+01 1.035387e+02
      vertex   1.338978e+02 2.849901e+01 1.035191e+02
    endloop
  endfacet
  facet normal -5.855954e-01 -6.082122e-01 -5.358693e-01
    outer loop
      vertex   1.340066e+02 2.849901e+01 1.034003e+02
      vertex   1.338978e+02 2.849901e+01 1.035191e+02
      vertex   1.339899e+02 2.853008e+01 1.033833e+02
    endloop
  endfacet
  facet normal -5.856929e-01 -6.080856e-01 -5.359065e-01
    outer loop
      vertex   1.339899e+02 2.853008e+01 1.033833e+02
      vertex   1.338978e+02 2.849901e+01 1.035191e+02
      vertex   1.338793e+02 2.853008e+01 1.035041e+02
    endloop
  endfacet
  facet normal -6.817311e-01 -3.822824e-01 -6.237811e-01
    outer loop
      vertex   1.339899e+02 2.853008e+01 1.033833e+02
      vertex   1.338793e+02 2.853008e+01 1.035041e+02
      vertex   1.339793e+02 2.856626e+01 1.033726e+02
    endloop
  endfacet
  facet normal -6.818144e-01 -3.821086e-01 -6.237966e-01
    outer loop
      vertex   1.339793e+02 2.856626e+01 1.033726e+02
      vertex   1.338793e+02 2.853008e+01 1.035041e+02
      vertex   1.338677e+02 2.856626e+01 1.034946e+02
    endloop
  endfacet
  facet normal -9.588106e-02 -9.915477e-01 -8.740714e-02
    outer loop
      vertex   1.340807e+02 2.845508e+01 1.034762e+02
      vertex   1.339770e+02 2.845508e+01 1.035899e+02
      vertex   1.339500e+02 2.846019e+01 1.035615e+02
    endloop
  endfacet
  facet normal -1.070238e-01 -9.912865e-01 -7.679222e-02
    outer loop
      vertex   1.339500e+02 2.846019e+01 1.035615e+02
      vertex   1.339770e+02 2.845508e+01 1.035899e+02
      vertex   1.338610e+02 2.846019e+01 1.036855e+02
    endloop
  endfacet
  facet normal -3.113920e-01 -9.236414e-01 -2.234315e-01
    outer loop
      vertex   1.339500e+02 2.846019e+01 1.035615e+02
      vertex   1.338610e+02 2.846019e+01 1.036855e+02
      vertex   1.338304e+02 2.847518e+01 1.036662e+02
    endloop
  endfacet
  facet normal -3.356323e-01 -9.236414e-01 -1.850339e-01
    outer loop
      vertex   1.338304e+02 2.847518e+01 1.036662e+02
      vertex   1.338610e+02 2.846019e+01 1.036855e+02
      vertex   1.337546e+02 2.847518e+01 1.038037e+02
    endloop
  endfacet
  facet normal -5.337034e-01 -7.928361e-01 -2.942304e-01
    outer loop
      vertex   1.338304e+02 2.847518e+01 1.036662e+02
      vertex   1.337546e+02 2.847518e+01 1.038037e+02
      vertex   1.337266e+02 2.849901e+01 1.037904e+02
    endloop
  endfacet
  facet normal -5.647570e-01 -7.928361e-01 -2.290424e-01
    outer loop
      vertex   1.337266e+02 2.849901e+01 1.037904e+02
      vertex   1.337546e+02 2.847518e+01 1.038037e+02
      vertex   1.336662e+02 2.849901e+01 1.039392e+02
    endloop
  endfacet
  facet normal -7.356708e-01 -6.080878e-01 -2.983581e-01
    outer loop
      vertex   1.337266e+02 2.849901e+01 1.037904e+02
      vertex   1.336662e+02 2.849901e+01 1.039392e+02
      vertex   1.336436e+02 2.853008e+01 1.039316e+02
    endloop
  endfacet
  facet normal -7.657950e-01 -6.080878e-01 -2.092539e-01
    outer loop
      vertex   1.336436e+02 2.853008e+01 1.039316e+02
      vertex   1.336662e+02 2.849901e+01 1.039392e+02
      vertex   1.336005e+02 2.853008e+01 1.040893e+02
    endloop
  endfacet
  facet normal -8.914362e-01 -3.821095e-01 -2.435854e-01
    outer loop
      vertex   1.336436e+02 2.853008e+01 1.039316e+02
      vertex   1.336005e+02 2.853008e+01 1.040893e+02
      vertex   1.335859e+02 2.856626e+01 1.040862e+02
    endloop
  endfacet
  facet normal -9.139889e-01 -3.821095e-01 -1.364427e-01
    outer loop
      vertex   1.335859e+02 2.856626e+01 1.040862e+02
      vertex   1.336005e+02 2.853008e+01 1.040893e+02
      vertex   1.335615e+02 2.856626e+01 1.042497e+02
    endloop
  endfacet
  facet normal -1.050216e-01 -9.916872e-01 -7.434327e-02
    outer loop
      vertex   1.339770e+02 2.845508e+01 1.035899e+02
      vertex   1.338881e+02 2.845508e+01 1.037155e+02
      vertex   1.338610e+02 2.846019e+01 1.036855e+02
    endloop
  endfacet
  facet normal -1.162674e-01 -9.911475e-01 -6.409816e-02
    outer loop
      vertex   1.338610e+02 2.846019e+01 1.036855e+02
      vertex   1.338881e+02 2.845508e+01 1.037155e+02
      vertex   1.337873e+02 2.846019e+01 1.038193e+02
    endloop
  endfacet
  facet normal -3.356323e-01 -9.236414e-01 -1.850339e-01
    outer loop
      vertex   1.338610e+02 2.846019e+01 1.036855e+02
      vertex   1.337873e+02 2.846019e+01 1.038193e+02
      vertex   1.337546e+02 2.847518e+01 1.038037e+02
    endloop
  endfacet
  facet normal -3.551611e-01 -9.236414e-01 -1.440389e-01
    outer loop
      vertex   1.337546e+02 2.847518e+01 1.038037e+02
      vertex   1.337873e+02 2.846019e+01 1.038193e+02
      vertex   1.336956e+02 2.847518e+01 1.039492e+02
    endloop
  endfacet
  facet normal -5.647570e-01 -7.928361e-01 -2.290424e-01
    outer loop
      vertex   1.337546e+02 2.847518e+01 1.038037e+02
      vertex   1.336956e+02 2.847518e+01 1.039492e+02
      vertex   1.336662e+02 2.849901e+01 1.039392e+02
    endloop
  endfacet
  facet normal -5.878826e-01 -7.928361e-01 -1.606392e-01
    outer loop
      vertex   1.336662e+02 2.849901e+01 1.039392e+02
      vertex   1.336956e+02 2.847518e+01 1.039492e+02
      vertex   1.336239e+02 2.849901e+01 1.040942e+02
    endloop
  endfacet
  facet normal -7.657950e-01 -6.080878e-01 -2.092539e-01
    outer loop
      vertex   1.336662e+02 2.849901e+01 1.039392e+02
      vertex   1.336239e+02 2.849901e+01 1.040942e+02
      vertex   1.336005e+02 2.853008e+01 1.040893e+02
    endloop
  endfacet
  facet normal -7.851691e-01 -6.080878e-01 -1.172121e-01
    outer loop
      vertex   1.336005e+02 2.853008e+01 1.040893e+02
      vertex   1.336239e+02 2.849901e+01 1.040942e+02
      vertex   1.335764e+02 2.853008e+01 1.042510e+02
    endloop
  endfacet
  facet normal -9.139889e-01 -3.821095e-01 -1.364427e-01
    outer loop
      vertex   1.336005e+02 2.853008e+01 1.040893e+02
      vertex   1.335764e+02 2.853008e+01 1.042510e+02
      vertex   1.335615e+02 2.856626e+01 1.042497e+02
    endloop
  endfacet
  facet normal -9.237112e-01 -3.821095e-01 -2.738466e-02
    outer loop
      vertex   1.335615e+02 2.856626e+01 1.042497e+02
      vertex   1.335764e+02 2.853008e+01 1.042510e+02
      vertex   1.335566e+02 2.856626e+01 1.044149e+02
    endloop
  endfacet
  facet normal -1.125109e-01 -9.918120e-01 -6.041709e-02
    outer loop
      vertex   1.338881e+02 2.845508e+01 1.037155e+02
      vertex   1.338153e+02 2.845508e+01 1.038511e+02
      vertex   1.337873e+02 2.846019e+01 1.038193e+02
    endloop
  endfacet
  facet normal -1.239263e-01 -9.910178e-01 -5.025948e-02
    outer loop
      vertex   1.337873e+02 2.846019e+01 1.038193e+02
      vertex   1.338153e+02 2.845508e+01 1.038511e+02
      vertex   1.337299e+02 2.846019e+01 1.039608e+02
    endloop
  endfacet
  facet normal -3.551611e-01 -9.236414e-01 -1.440389e-01
    outer loop
      vertex   1.337873e+02 2.846019e+01 1.038193e+02
      vertex   1.337299e+02 2.846019e+01 1.039608e+02
      vertex   1.336956e+02 2.847518e+01 1.039492e+02
    endloop
  endfacet
  facet normal -3.697042e-01 -9.236414e-01 -1.010219e-01
    outer loop
      vertex   1.336956e+02 2.847518e+01 1.039492e+02
      vertex   1.337299e+02 2.846019e+01 1.039608e+02
      vertex   1.336543e+02 2.847518e+01 1.041006e+02
    endloop
  endfacet
  facet normal -5.878826e-01 -7.928361e-01 -1.606392e-01
    outer loop
      vertex   1.336956e+02 2.847518e+01 1.039492e+02
      vertex   1.336543e+02 2.847518e+01 1.041006e+02
      vertex   1.336239e+02 2.849901e+01 1.040942e+02
    endloop
  endfacet
  facet normal -6.027556e-01 -7.928361e-01 -8.998097e-02
    outer loop
      vertex   1.336239e+02 2.849901e+01 1.040942e+02
      vertex   1.336543e+02 2.847518e+01 1.041006e+02
      vertex   1.336001e+02 2.849901e+01 1.042531e+02
    endloop
  endfacet
  facet normal -7.851691e-01 -6.080878e-01 -1.172121e-01
    outer loop
      vertex   1.336239e+02 2.849901e+01 1.040942e+02
      vertex   1.336001e+02 2.849901e+01 1.042531e+02
      vertex   1.335764e+02 2.853008e+01 1.042510e+02
    endloop
  endfacet
  facet normal -7.935211e-01 -6.080878e-01 -2.352500e-02
    outer loop
      vertex   1.335764e+02 2.853008e+01 1.042510e+02
      vertex   1.336001e+02 2.849901e+01 1.042531e+02
      vertex   1.335715e+02 2.853008e+01 1.044144e+02
    endloop
  endfacet
  facet normal -9.237112e-01 -3.821095e-01 -2.738466e-02
    outer loop
      vertex   1.335764e+02 2.853008e+01 1.042510e+02
      vertex   1.335715e+02 2.853008e+01 1.044144e+02
      vertex   1.335566e+02 2.856626e+01 1.044149e+02
    endloop
  endfacet
  facet normal -9.204666e-01 -3.821095e-01 8.205780e-02
    outer loop
      vertex   1.335566e+02 2.856626e+01 1.044149e+02
      vertex   1.335715e+02 2.853008e+01 1.044144e+02
      vertex   1.335712e+02 2.856626e+01 1.045795e+02
    endloop
  endfacet
  facet normal -1.182767e-01 -9.919229e-01 -4.582062e-02
    outer loop
      vertex   1.338153e+02 2.845508e+01 1.038511e+02
      vertex   1.337597e+02 2.845508e+01 1.039946e+02
      vertex   1.337299e+02 2.846019e+01 1.039608e+02
    endloop
  endfacet
  facet normal -1.298534e-01 -9.908981e-01 -3.548250e-02
    outer loop
      vertex   1.337299e+02 2.846019e+01 1.039608e+02
      vertex   1.337597e+02 2.845508e+01 1.039946e+02
      vertex   1.336897e+02 2.846019e+01 1.041081e+02
    endloop
  endfacet
  facet normal -3.697042e-01 -9.236414e-01 -1.010219e-01
    outer loop
      vertex   1.337299e+02 2.846019e+01 1.039608e+02
      vertex   1.336897e+02 2.846019e+01 1.041081e+02
      vertex   1.336543e+02 2.847518e+01 1.041006e+02
    endloop
  endfacet
  facet normal -3.790575e-01 -9.236414e-01 -5.658671e-02
    outer loop
      vertex   1.336543e+02 2.847518e+01 1.041006e+02
      vertex   1.336897e+02 2.846019e+01 1.041081e+02
      vertex   1.336311e+02 2.847518e+01 1.042559e+02
    endloop
  endfacet
  facet normal -6.027556e-01 -7.928361e-01 -8.998097e-02
    outer loop
      vertex   1.336543e+02 2.847518e+01 1.041006e+02
      vertex   1.336311e+02 2.847518e+01 1.042559e+02
      vertex   1.336001e+02 2.849901e+01 1.042531e+02
    endloop
  endfacet
  facet normal -6.091672e-01 -7.928361e-01 -1.805958e-02
    outer loop
      vertex   1.336001e+02 2.849901e+01 1.042531e+02
      vertex   1.336311e+02 2.847518e+01 1.042559e+02
      vertex   1.335954e+02 2.849901e+01 1.044137e+02
    endloop
  endfacet
  facet normal -7.935211e-01 -6.080878e-01 -2.352500e-02
    outer loop
      vertex   1.336001e+02 2.849901e+01 1.042531e+02
      vertex   1.335954e+02 2.849901e+01 1.044137e+02
      vertex   1.335715e+02 2.853008e+01 1.044144e+02
    endloop
  endfacet
  facet normal -7.907338e-01 -6.080878e-01 7.049238e-02
    outer loop
      vertex   1.335715e+02 2.853008e+01 1.044144e+02
      vertex   1.335954e+02 2.849901e+01 1.044137e+02
      vertex   1.335861e+02 2.853008e+01 1.045773e+02
    endloop
  endfacet
  facet normal -9.204666e-01 -3.821095e-01 8.205780e-02
    outer loop
      vertex   1.335715e+02 2.853008e+01 1.044144e+02
      vertex   1.335861e+02 2.853008e+01 1.045773e+02
      vertex   1.335712e+02 2.856626e+01 1.045795e+02
    endloop
  endfacet
  facet normal -9.043007e-01 -3.821095e-01 1.903484e-01
    outer loop
      vertex   1.335712e+02 2.856626e+01 1.045795e+02
      vertex   1.335861e+02 2.853008e+01 1.045773e+02
      vertex   1.336053e+02 2.856626e+01 1.047412e+02
    endloop
  endfacet
  facet normal -1.222671e-01 -9.920207e-01 -3.075141e-02
    outer loop
      vertex   1.337597e+02 2.845508e+01 1.039946e+02
      vertex   1.337221e+02 2.845508e+01 1.041439e+02
      vertex   1.336897e+02 2.846019e+01 1.041081e+02
    endloop
  endfacet
  facet normal -1.339292e-01 -9.907892e-01 -1.999331e-02
    outer loop
      vertex   1.336897e+02 2.846019e+01 1.041081e+02
      vertex   1.337221e+02 2.845508e+01 1.041439e+02
      vertex   1.336671e+02 2.846019e+01 1.042591e+02
    endloop
  endfacet
  facet normal -3.790575e-01 -9.236414e-01 -5.658671e-02
    outer loop
      vertex   1.336897e+02 2.846019e+01 1.041081e+02
      vertex   1.336671e+02 2.846019e+01 1.042591e+02
      vertex   1.336311e+02 2.847518e+01 1.042559e+02
    endloop
  endfacet
  facet normal -3.830896e-01 -9.236414e-01 -1.135721e-02
    outer loop
      vertex   1.336311e+02 2.847518e+01 1.042559e+02
      vertex   1.336671e+02 2.846019e+01 1.042591e+02
      vertex   1.336264e+02 2.847518e+01 1.044128e+02
    endloop
  endfacet
  facet normal -6.091672e-01 -7.928361e-01 -1.805958e-02
    outer loop
      vertex   1.336311e+02 2.847518e+01 1.042559e+02
      vertex   1.336264e+02 2.847518e+01 1.044128e+02
      vertex   1.335954e+02 2.849901e+01 1.044137e+02
    endloop
  endfacet
  facet normal -6.070275e-01 -7.928361e-01 5.411532e-02
    outer loop
      vertex   1.335954e+02 2.849901e+01 1.044137e+02
      vertex   1.336264e+02 2.847518e+01 1.044128e+02
      vertex   1.336096e+02 2.849901e+01 1.045738e+02
    endloop
  endfacet
  facet normal -7.907338e-01 -6.080878e-01 7.049238e-02
    outer loop
      vertex   1.335954e+02 2.849901e+01 1.044137e+02
      vertex   1.336096e+02 2.849901e+01 1.045738e+02
      vertex   1.335861e+02 2.853008e+01 1.045773e+02
    endloop
  endfacet
  facet normal -7.768464e-01 -6.080878e-01 1.635202e-01
    outer loop
      vertex   1.335861e+02 2.853008e+01 1.045773e+02
      vertex   1.336096e+02 2.849901e+01 1.045738e+02
      vertex   1.336197e+02 2.853008e+01 1.047373e+02
    endloop
  endfacet
  facet normal -9.043007e-01 -3.821095e-01 1.903484e-01
    outer loop
      vertex   1.335861e+02 2.853008e+01 1.045773e+02
      vertex   1.336197e+02 2.853008e+01 1.047373e+02
      vertex   1.336053e+02 2.856626e+01 1.047412e+02
    endloop
  endfacet
  facet normal -8.754404e-01 -3.821095e-01 2.959668e-01
    outer loop
      vertex   1.336053e+02 2.856626e+01 1.047412e+02
      vertex   1.336197e+02 2.853008e+01 1.047373e+02
      vertex   1.336582e+02 2.856626e+01 1.048978e+02
    endloop
  endfacet
  facet normal -1.244514e-01 -9.921060e-01 -1.541043e-02
    outer loop
      vertex   1.337221e+02 2.845508e+01 1.041439e+02
      vertex   1.337032e+02 2.845508e+01 1.042966e+02
      vertex   1.336671e+02 2.846019e+01 1.042591e+02
    endloop
  endfacet
  facet normal -1.360653e-01 -9.906917e-01 -4.033839e-03
    outer loop
      vertex   1.336671e+02 2.846019e+01 1.042591e+02
      vertex   1.337032e+02 2.845508e+01 1.042966e+02
      vertex   1.336626e+02 2.846019e+01 1.044117e+02
    endloop
  endfacet
  facet normal -3.830896e-01 -9.236414e-01 -1.135721e-02
    outer loop
      vertex   1.336671e+02 2.846019e+01 1.042591e+02
      vertex   1.336626e+02 2.846019e+01 1.044117e+02
      vertex   1.336264e+02 2.847518e+01 1.044128e+02
    endloop
  endfacet
  facet normal -3.817440e-01 -9.236414e-01 3.403173e-02
    outer loop
      vertex   1.336264e+02 2.847518e+01 1.044128e+02
      vertex   1.336626e+02 2.846019e+01 1.044117e+02
      vertex   1.336404e+02 2.847518e+01 1.045692e+02
    endloop
  endfacet
  facet normal -6.070275e-01 -7.928361e-01 5.411532e-02
    outer loop
      vertex   1.336264e+02 2.847518e+01 1.044128e+02
      vertex   1.336404e+02 2.847518e+01 1.045692e+02
      vertex   1.336096e+02 2.849901e+01 1.045738e+02
    endloop
  endfacet
  facet normal -5.963665e-01 -7.928361e-01 1.255306e-01
    outer loop
      vertex   1.336096e+02 2.849901e+01 1.045738e+02
      vertex   1.336404e+02 2.847518e+01 1.045692e+02
      vertex   1.336427e+02 2.849901e+01 1.047310e+02
    endloop
  endfacet
  facet normal -7.768464e-01 -6.080878e-01 1.635202e-01
    outer loop
      vertex   1.336096e+02 2.849901e+01 1.045738e+02
      vertex   1.336427e+02 2.849901e+01 1.047310e+02
      vertex   1.336197e+02 2.853008e+01 1.047373e+02
    endloop
  endfacet
  facet normal -7.520537e-01 -6.080878e-01 2.542525e-01
    outer loop
      vertex   1.336197e+02 2.853008e+01 1.047373e+02
      vertex   1.336427e+02 2.849901e+01 1.047310e+02
      vertex   1.336721e+02 2.853008e+01 1.048922e+02
    endloop
  endfacet
  facet normal -8.754404e-01 -3.821095e-01 2.959668e-01
    outer loop
      vertex   1.336197e+02 2.853008e+01 1.047373e+02
      vertex   1.336721e+02 2.853008e+01 1.048922e+02
      vertex   1.336582e+02 2.856626e+01 1.048978e+02
    endloop
  endfacet
  facet normal -8.342909e-01 -3.821095e-01 3.974306e-01
    outer loop
      vertex   1.336582e+02 2.856626e+01 1.048978e+02
      vertex   1.336721e+02 2.853008e+01 1.048922e+02
      vertex   1.337293e+02 2.856626e+01 1.050470e+02
    endloop
  endfacet
  facet normal -1.248201e-01 -9.921794e-01 0.000000e+00
    outer loop
      vertex   1.337032e+02 2.845508e+01 1.042966e+02
      vertex   1.337032e+02 2.845508e+01 1.044505e+02
      vertex   1.336626e+02 2.846019e+01 1.044117e+02
    endloop
  endfacet
  facet normal -1.362062e-01 -9.906061e-01 1.214252e-02
    outer loop
      vertex   1.336626e+02 2.846019e+01 1.044117e+02
      vertex   1.337032e+02 2.845508e+01 1.044505e+02
      vertex   1.336761e+02 2.846019e+01 1.045638e+02
    endloop
  endfacet
  facet normal -3.817440e-01 -9.236414e-01 3.403173e-02
    outer loop
      vertex   1.336626e+02 2.846019e+01 1.044117e+02
      vertex   1.336761e+02 2.846019e+01 1.045638e+02
      vertex   1.336404e+02 2.847518e+01 1.045692e+02
    endloop
  endfacet
  facet normal -3.750395e-01 -9.236414e-01 7.894293e-02
    outer loop
      vertex   1.336404e+02 2.847518e+01 1.045692e+02
      vertex   1.336761e+02 2.846019e+01 1.045638e+02
      vertex   1.336727e+02 2.847518e+01 1.047228e+02
    endloop
  endfacet
  facet normal -5.963665e-01 -7.928361e-01 1.255306e-01
    outer loop
      vertex   1.336404e+02 2.847518e+01 1.045692e+02
      vertex   1.336727e+02 2.847518e+01 1.047228e+02
      vertex   1.336427e+02 2.849901e+01 1.047310e+02
    endloop
  endfacet
  facet normal -5.773337e-01 -7.928361e-01 1.951836e-01
    outer loop
      vertex   1.336427e+02 2.849901e+01 1.047310e+02
      vertex   1.336727e+02 2.847518e+01 1.047228e+02
      vertex   1.336942e+02 2.849901e+01 1.048832e+02
    endloop
  endfacet
  facet normal -7.520537e-01 -6.080878e-01 2.542525e-01
    outer loop
      vertex   1.336427e+02 2.849901e+01 1.047310e+02
      vertex   1.336942e+02 2.849901e+01 1.048832e+02
      vertex   1.336721e+02 2.853008e+01 1.048922e+02
    endloop
  endfacet
  facet normal -7.167039e-01 -6.080878e-01 3.414158e-01
    outer loop
      vertex   1.336721e+02 2.853008e+01 1.048922e+02
      vertex   1.336942e+02 2.849901e+01 1.048832e+02
      vertex   1.337424e+02 2.853008e+01 1.050398e+02
    endloop
  endfacet
  facet normal -8.342909e-01 -3.821095e-01 3.974306e-01
    outer loop
      vertex   1.336721e+02 2.853008e+01 1.048922e+02
      vertex   1.337424e+02 2.853008e+01 1.050398e+02
      vertex   1.337293e+02 2.856626e+01 1.050470e+02
    endloop
  endfacet
  facet normal -7.814297e-01 -3.821095e-01 4.933153e-01
    outer loop
      vertex   1.337293e+02 2.856626e+01 1.050470e+02
      vertex   1.337424e+02 2.853008e+01 1.050398e+02
      vertex   1.338175e+02 2.856626e+01 1.051867e+02
    endloop
  endfacet
  facet normal -1.233848e-01 -9.922413e-01 1.527835e-02
    outer loop
      vertex   1.337032e+02 2.845508e+01 1.044505e+02
      vertex   1.337221e+02 2.845508e+01 1.046032e+02
      vertex   1.336761e+02 2.846019e+01 1.045638e+02
    endloop
  endfacet
  facet normal -1.343310e-01 -9.905330e-01 2.827564e-02
    outer loop
      vertex   1.336761e+02 2.846019e+01 1.045638e+02
      vertex   1.337221e+02 2.845508e+01 1.046032e+02
      vertex   1.337076e+02 2.846019e+01 1.047133e+02
    endloop
  endfacet
  facet normal -3.750395e-01 -9.236414e-01 7.894293e-02
    outer loop
      vertex   1.336761e+02 2.846019e+01 1.045638e+02
      vertex   1.337076e+02 2.846019e+01 1.047133e+02
      vertex   1.336727e+02 2.847518e+01 1.047228e+02
    endloop
  endfacet
  facet normal -3.630703e-01 -9.236414e-01 1.227459e-01
    outer loop
      vertex   1.336727e+02 2.847518e+01 1.047228e+02
      vertex   1.337076e+02 2.846019e+01 1.047133e+02
      vertex   1.337230e+02 2.847518e+01 1.048715e+02
    endloop
  endfacet
  facet normal -5.773337e-01 -7.928361e-01 1.951836e-01
    outer loop
      vertex   1.336727e+02 2.847518e+01 1.047228e+02
      vertex   1.337230e+02 2.847518e+01 1.048715e+02
      vertex   1.336942e+02 2.849901e+01 1.048832e+02
    endloop
  endfacet
  facet normal -5.501965e-01 -7.928361e-01 2.620967e-01
    outer loop
      vertex   1.336942e+02 2.849901e+01 1.048832e+02
      vertex   1.337230e+02 2.847518e+01 1.048715e+02
      vertex   1.337633e+02 2.849901e+01 1.050282e+02
    endloop
  endfacet
  facet normal -7.167039e-01 -6.080878e-01 3.414158e-01
    outer loop
      vertex   1.336942e+02 2.849901e+01 1.048832e+02
      vertex   1.337633e+02 2.849901e+01 1.050282e+02
      vertex   1.337424e+02 2.853008e+01 1.050398e+02
    endloop
  endfacet
  facet normal -6.712931e-01 -6.080878e-01 4.237862e-01
    outer loop
      vertex   1.337424e+02 2.853008e+01 1.050398e+02
      vertex   1.337633e+02 2.849901e+01 1.050282e+02
      vertex   1.338297e+02 2.853008e+01 1.051780e+02
    endloop
  endfacet
  facet normal -7.814297e-01 -3.821095e-01 4.933153e-01
    outer loop
      vertex   1.337424e+02 2.853008e+01 1.050398e+02
      vertex   1.338297e+02 2.853008e+01 1.051780e+02
      vertex   1.338175e+02 2.856626e+01 1.051867e+02
    endloop
  endfacet
  facet normal -7.175989e-01 -3.821095e-01 5.822749e-01
    outer loop
      vertex   1.338175e+02 2.856626e+01 1.051867e+02
      vertex   1.338297e+02 2.853008e+01 1.051780e+02
      vertex   1.339216e+02 2.856626e+01 1.053151e+02
    endloop
  endfacet
  facet normal -1.201782e-01 -9.922921e-01 3.022604e-02
    outer loop
      vertex   1.337221e+02 2.845508e+01 1.046032e+02
      vertex   1.337597e+02 2.845508e+01 1.047525e+02
      vertex   1.337076e+02 2.846019e+01 1.047133e+02
    endloop
  endfacet
  facet normal -1.304541e-01 -9.904729e-01 4.410361e-02
    outer loop
      vertex   1.337076e+02 2.846019e+01 1.047133e+02
      vertex   1.337597e+02 2.845508e+01 1.047525e+02
      vertex   1.337565e+02 2.846019e+01 1.048579e+02
    endloop
  endfacet
  facet normal -3.630703e-01 -9.236414e-01 1.227459e-01
    outer loop
      vertex   1.337076e+02 2.846019e+01 1.047133e+02
      vertex   1.337565e+02 2.846019e+01 1.048579e+02
      vertex   1.337230e+02 2.847518e+01 1.048715e+02
    endloop
  endfacet
  facet normal -3.460044e-01 -9.236414e-01 1.648259e-01
    outer loop
      vertex   1.337230e+02 2.847518e+01 1.048715e+02
      vertex   1.337565e+02 2.846019e+01 1.048579e+02
      vertex   1.337905e+02 2.847518e+01 1.050132e+02
    endloop
  endfacet
  facet normal -5.501965e-01 -7.928361e-01 2.620967e-01
    outer loop
      vertex   1.337230e+02 2.847518e+01 1.048715e+02
      vertex   1.337905e+02 2.847518e+01 1.050132e+02
      vertex   1.337633e+02 2.849901e+01 1.050282e+02
    endloop
  endfacet
  facet normal -5.153357e-01 -7.928361e-01 3.253306e-01
    outer loop
      vertex   1.337633e+02 2.849901e+01 1.050282e+02
      vertex   1.337905e+02 2.847518e+01 1.050132e+02
      vertex   1.338491e+02 2.849901e+01 1.051641e+02
    endloop
  endfacet
  facet normal -6.712931e-01 -6.080878e-01 4.237862e-01
    outer loop
      vertex   1.337633e+02 2.849901e+01 1.050282e+02
      vertex   1.338491e+02 2.849901e+01 1.051641e+02
      vertex   1.338297e+02 2.853008e+01 1.051780e+02
    endloop
  endfacet
  facet normal -6.164588e-01 -6.080878e-01 5.002077e-01
    outer loop
      vertex   1.338297e+02 2.853008e+01 1.051780e+02
      vertex   1.338491e+02 2.849901e+01 1.051641e+02
      vertex   1.339327e+02 2.853008e+01 1.053050e+02
    endloop
  endfacet
  facet normal -7.175989e-01 -3.821095e-01 5.822749e-01
    outer loop
      vertex   1.338297e+02 2.853008e+01 1.051780e+02
      vertex   1.339327e+02 2.853008e+01 1.053050e+02
      vertex   1.339216e+02 2.856626e+01 1.053151e+02
    endloop
  endfacet
  facet normal -6.436947e-01 -3.821095e-01 6.630607e-01
    outer loop
      vertex   1.339216e+02 2.856626e+01 1.053151e+02
      vertex   1.339327e+02 2.853008e+01 1.053050e+02
      vertex   1.340402e+02 2.856626e+01 1.054302e+02
    endloop
  endfacet
  facet normal -1.152536e-01 -9.923321e-01 4.464949e-02
    outer loop
      vertex   1.337597e+02 2.845508e+01 1.047525e+02
      vertex   1.338153e+02 2.845508e+01 1.048960e+02
      vertex   1.337565e+02 2.846019e+01 1.048579e+02
    endloop
  endfacet
  facet normal -1.246254e-01 -9.904262e-01 5.936771e-02
    outer loop
      vertex   1.337565e+02 2.846019e+01 1.048579e+02
      vertex   1.338153e+02 2.845508e+01 1.048960e+02
      vertex   1.338222e+02 2.846019e+01 1.049958e+02
    endloop
  endfacet
  facet normal -3.460044e-01 -9.236414e-01 1.648259e-01
    outer loop
      vertex   1.337565e+02 2.846019e+01 1.048579e+02
      vertex   1.338222e+02 2.846019e+01 1.049958e+02
      vertex   1.337905e+02 2.847518e+01 1.050132e+02
    endloop
  endfacet
  facet normal -3.240813e-01 -9.236414e-01 2.045920e-01
    outer loop
      vertex   1.337905e+02 2.847518e+01 1.050132e+02
      vertex   1.338222e+02 2.846019e+01 1.049958e+02
      vertex   1.338743e+02 2.847518e+01 1.051460e+02
    endloop
  endfacet
  facet normal -5.153357e-01 -7.928361e-01 3.253306e-01
    outer loop
      vertex   1.337905e+02 2.847518e+01 1.050132e+02
      vertex   1.338743e+02 2.847518e+01 1.051460e+02
      vertex   1.338491e+02 2.849901e+01 1.051641e+02
    endloop
  endfacet
  facet normal -4.732407e-01 -7.928361e-01 3.839975e-01
    outer loop
      vertex   1.338491e+02 2.849901e+01 1.051641e+02
      vertex   1.338743e+02 2.847518e+01 1.051460e+02
      vertex   1.339503e+02 2.849901e+01 1.052889e+02
    endloop
  endfacet
  facet normal -6.164588e-01 -6.080878e-01 5.002077e-01
    outer loop
      vertex   1.338491e+02 2.849901e+01 1.051641e+02
      vertex   1.339503e+02 2.849901e+01 1.052889e+02
      vertex   1.339327e+02 2.853008e+01 1.053050e+02
    endloop
  endfacet
  facet normal -5.529708e-01 -6.080878e-01 5.696073e-01
    outer loop
      vertex   1.339327e+02 2.853008e+01 1.053050e+02
      vertex   1.339503e+02 2.849901e+01 1.052889e+02
      vertex   1.340500e+02 2.853008e+01 1.054188e+02
    endloop
  endfacet
  facet normal -6.436947e-01 -3.821095e-01 6.630607e-01
    outer loop
      vertex   1.339327e+02 2.853008e+01 1.053050e+02
      vertex   1.340500e+02 2.853008e+01 1.054188e+02
      vertex   1.340402e+02 2.856626e+01 1.054302e+02
    endloop
  endfacet
  facet normal -5.607544e-01 -3.821095e-01 7.345385e-01
    outer loop
      vertex   1.340402e+02 2.856626e+01 1.054302e+02
      vertex   1.340500e+02 2.853008e+01 1.054188e+02
      vertex   1.341716e+02 2.856626e+01 1.055305e+02
    endloop
  endfacet
  facet normal -1.086843e-01 -9.923616e-01 5.836223e-02
    outer loop
      vertex   1.338153e+02 2.845508e+01 1.048960e+02
      vertex   1.338881e+02 2.845508e+01 1.050316e+02
      vertex   1.338222e+02 2.846019e+01 1.049958e+02
    endloop
  endfacet
  facet normal -1.169297e-01 -9.903931e-01 7.381756e-02
    outer loop
      vertex   1.338222e+02 2.846019e+01 1.049958e+02
      vertex   1.338881e+02 2.845508e+01 1.050316e+02
      vertex   1.339037e+02 2.846019e+01 1.051249e+02
    endloop
  endfacet
  facet normal -3.240813e-01 -9.236414e-01 2.045920e-01
    outer loop
      vertex   1.338222e+02 2.846019e+01 1.049958e+02
      vertex   1.339037e+02 2.846019e+01 1.051249e+02
      vertex   1.338743e+02 2.847518e+01 1.051460e+02
    endloop
  endfacet
  facet normal -2.976089e-01 -9.236414e-01 2.414861e-01
    outer loop
      vertex   1.338743e+02 2.847518e+01 1.051460e+02
      vertex   1.339037e+02 2.846019e+01 1.051249e+02
      vertex   1.339732e+02 2.847518e+01 1.052679e+02
    endloop
  endfacet
  facet normal -4.732407e-01 -7.928361e-01 3.839975e-01
    outer loop
      vertex   1.338743e+02 2.847518e+01 1.051460e+02
      vertex   1.339732e+02 2.847518e+01 1.052679e+02
      vertex   1.339503e+02 2.849901e+01 1.052889e+02
    endloop
  endfacet
  facet normal -4.245025e-01 -7.928361e-01 4.372740e-01
    outer loop
      vertex   1.339503e+02 2.849901e+01 1.052889e+02
      vertex   1.339732e+02 2.847518e+01 1.052679e+02
      vertex   1.340656e+02 2.849901e+01 1.054008e+02
    endloop
  endfacet
  facet normal -5.529708e-01 -6.080878e-01 5.696073e-01
    outer loop
      vertex   1.339503e+02 2.849901e+01 1.052889e+02
      vertex   1.340656e+02 2.849901e+01 1.054008e+02
      vertex   1.340500e+02 2.853008e+01 1.054188e+02
    endloop
  endfacet
  facet normal -4.817203e-01 -6.080878e-01 6.310109e-01
    outer loop
      vertex   1.340500e+02 2.853008e+01 1.054188e+02
      vertex   1.340656e+02 2.849901e+01 1.054008e+02
      vertex   1.341800e+02 2.853008e+01 1.055180e+02
    endloop
  endfacet
  facet normal -5.607544e-01 -3.821095e-01 7.345385e-01
    outer loop
      vertex   1.340500e+02 2.853008e+01 1.054188e+02
      vertex   1.341800e+02 2.853008e+01 1.055180e+02
      vertex   1.341716e+02 2.856626e+01 1.055305e+02
    endloop
  endfacet
  facet normal -4.699423e-01 -3.821095e-01 7.957051e-01
    outer loop
      vertex   1.341716e+02 2.856626e+01 1.055305e+02
      vertex   1.341800e+02 2.853008e+01 1.055180e+02
      vertex   1.343139e+02 2.856626e+01 1.056145e+02
    endloop
  endfacet
  facet normal -1.005627e-01 -9.923808e-01 7.118685e-02
    outer loop
      vertex   1.338881e+02 2.845508e+01 1.050316e+02
      vertex   1.339770e+02 2.845508e+01 1.051572e+02
      vertex   1.339037e+02 2.846019e+01 1.051249e+02
    endloop
  endfacet
  facet normal -1.074854e-01 -9.903738e-01 8.721590e-02
    outer loop
      vertex   1.339037e+02 2.846019e+01 1.051249e+02
      vertex   1.339770e+02 2.845508e+01 1.051572e+02
      vertex   1.339999e+02 2.846019e+01 1.052435e+02
    endloop
  endfacet
  facet normal -2.976089e-01 -9.236414e-01 2.414861e-01
    outer loop
      vertex   1.339037e+02 2.846019e+01 1.051249e+02
      vertex   1.339999e+02 2.846019e+01 1.052435e+02
      vertex   1.339732e+02 2.847518e+01 1.052679e+02
    endloop
  endfacet
  facet normal -2.669587e-01 -9.236414e-01 2.749903e-01
    outer loop
      vertex   1.339732e+02 2.847518e+01 1.052679e+02
      vertex   1.339999e+02 2.846019e+01 1.052435e+02
      vertex   1.340859e+02 2.847518e+01 1.053773e+02
    endloop
  endfacet
  facet normal -4.245025e-01 -7.928361e-01 4.372740e-01
    outer loop
      vertex   1.339732e+02 2.847518e+01 1.052679e+02
      vertex   1.340859e+02 2.847518e+01 1.053773e+02
      vertex   1.340656e+02 2.849901e+01 1.054008e+02
    endloop
  endfacet
  facet normal -3.698052e-01 -7.928361e-01 4.844120e-01
    outer loop
      vertex   1.340656e+02 2.849901e+01 1.054008e+02
      vertex   1.340859e+02 2.847518e+01 1.053773e+02
      vertex   1.341933e+02 2.849901e+01 1.054983e+02
    endloop
  endfacet
  facet normal -4.817203e-01 -6.080878e-01 6.310109e-01
    outer loop
      vertex   1.340656e+02 2.849901e+01 1.054008e+02
      vertex   1.341933e+02 2.849901e+01 1.054983e+02
      vertex   1.341800e+02 2.853008e+01 1.055180e+02
    endloop
  endfacet
  facet normal -4.037075e-01 -6.080878e-01 6.835565e-01
    outer loop
      vertex   1.341800e+02 2.853008e+01 1.055180e+02
      vertex   1.341933e+02 2.849901e+01 1.054983e+02
      vertex   1.343207e+02 2.853008e+01 1.056012e+02
    endloop
  endfacet
  facet normal -4.699423e-01 -3.821095e-01 7.957051e-01
    outer loop
      vertex   1.341800e+02 2.853008e+01 1.055180e+02
      vertex   1.343207e+02 2.853008e+01 1.056012e+02
      vertex   1.343139e+02 2.856626e+01 1.056145e+02
    endloop
  endfacet
  facet normal -3.725332e-01 -3.821095e-01 8.457017e-01
    outer loop
      vertex   1.343139e+02 2.856626e+01 1.056145e+02
      vertex   1.343207e+02 2.853008e+01 1.056012e+02
      vertex   1.344651e+02 2.856626e+01 1.056811e+02
    endloop
  endfacet
  facet normal -9.099937e-02 -9.923897e-01 8.295689e-02
    outer loop
      vertex   1.339770e+02 2.845508e+01 1.051572e+02
      vertex   1.340807e+02 2.845508e+01 1.052709e+02
      vertex   1.339999e+02 2.846019e+01 1.052435e+02
    endloop
  endfacet
  facet normal -9.644185e-02 -9.903685e-01 9.934337e-02
    outer loop
      vertex   1.339999e+02 2.846019e+01 1.052435e+02
      vertex   1.340807e+02 2.845508e+01 1.052709e+02
      vertex   1.341095e+02 2.846019e+01 1.053498e+02
    endloop
  endfacet
  facet normal -2.669587e-01 -9.236414e-01 2.749903e-01
    outer loop
      vertex   1.339999e+02 2.846019e+01 1.052435e+02
      vertex   1.341095e+02 2.846019e+01 1.053498e+02
      vertex   1.340859e+02 2.847518e+01 1.053773e+02
    endloop
  endfacet
  facet normal -2.325609e-01 -9.236414e-01 3.046342e-01
    outer loop
      vertex   1.340859e+02 2.847518e+01 1.053773e+02
      vertex   1.341095e+02 2.846019e+01 1.053498e+02
      vertex   1.342106e+02 2.847518e+01 1.054725e+02
    endloop
  endfacet
  facet normal -3.698052e-01 -7.928361e-01 4.844120e-01
    outer loop
      vertex   1.340859e+02 2.847518e+01 1.053773e+02
      vertex   1.342106e+02 2.847518e+01 1.054725e+02
      vertex   1.341933e+02 2.849901e+01 1.054983e+02
    endloop
  endfacet
  facet normal -3.099166e-01 -7.928361e-01 5.247500e-01
    outer loop
      vertex   1.341933e+02 2.849901e+01 1.054983e+02
      vertex   1.342106e+02 2.847518e+01 1.054725e+02
      vertex   1.343316e+02 2.849901e+01 1.055800e+02
    endloop
  endfacet
  facet normal -4.037075e-01 -6.080878e-01 6.835565e-01
    outer loop
      vertex   1.341933e+02 2.849901e+01 1.054983e+02
      vertex   1.343316e+02 2.849901e+01 1.055800e+02
      vertex   1.343207e+02 2.853008e+01 1.056012e+02
    endloop
  endfacet
  facet normal -3.200275e-01 -6.080878e-01 7.265064e-01
    outer loop
      vertex   1.343207e+02 2.853008e+01 1.056012e+02
      vertex   1.343316e+02 2.849901e+01 1.055800e+02
      vertex   1.344704e+02 2.853008e+01 1.056671e+02
    endloop
  endfacet
  facet normal -3.725332e-01 -3.821095e-01 8.457017e-01
    outer loop
      vertex   1.343207e+02 2.853008e+01 1.056012e+02
      vertex   1.344704e+02 2.853008e+01 1.056671e+02
      vertex   1.344651e+02 2.856626e+01 1.056811e+02
    endloop
  endfacet
  facet normal -2.698946e-01 -3.821095e-01 8.838264e-01
    outer loop
      vertex   1.344651e+02 2.856626e+01 1.056811e+02
      vertex   1.344704e+02 2.853008e+01 1.056671e+02
      vertex   1.346232e+02 2.856626e+01 1.057294e+02
    endloop
  endfacet
  facet normal -8.012188e-02 -9.923884e-01 9.351866e-02
    outer loop
      vertex   1.340807e+02 2.845508e+01 1.052709e+02
      vertex   1.341975e+02 2.845508e+01 1.053711e+02
      vertex   1.341095e+02 2.846019e+01 1.053498e+02
    endloop
  endfacet
  facet normal -8.397724e-02 -9.903773e-01 1.100027e-01
    outer loop
      vertex   1.341095e+02 2.846019e+01 1.053498e+02
      vertex   1.341975e+02 2.845508e+01 1.053711e+02
      vertex   1.342308e+02 2.846019e+01 1.054425e+02
    endloop
  endfacet
  facet normal -2.325609e-01 -9.236414e-01 3.046342e-01
    outer loop
      vertex   1.341095e+02 2.846019e+01 1.053498e+02
      vertex   1.342308e+02 2.846019e+01 1.054425e+02
      vertex   1.342106e+02 2.847518e+01 1.054725e+02
    endloop
  endfacet
  facet normal -1.948986e-01 -9.236414e-01 3.300018e-01
    outer loop
      vertex   1.342106e+02 2.847518e+01 1.054725e+02
      vertex   1.342308e+02 2.846019e+01 1.054425e+02
      vertex   1.343458e+02 2.847518e+01 1.055523e+02
    endloop
  endfacet
  facet normal -3.099166e-01 -7.928361e-01 5.247500e-01
    outer loop
      vertex   1.342106e+02 2.847518e+01 1.054725e+02
      vertex   1.343458e+02 2.847518e+01 1.055523e+02
      vertex   1.343316e+02 2.849901e+01 1.055800e+02
    endloop
  endfacet
  facet normal -2.456775e-01 -7.928361e-01 5.577217e-01
    outer loop
      vertex   1.343316e+02 2.849901e+01 1.055800e+02
      vertex   1.343458e+02 2.847518e+01 1.055523e+02
      vertex   1.344787e+02 2.849901e+01 1.056448e+02
    endloop
  endfacet
  facet normal -3.200275e-01 -6.080878e-01 7.265064e-01
    outer loop
      vertex   1.343316e+02 2.849901e+01 1.055800e+02
      vertex   1.344787e+02 2.849901e+01 1.056448e+02
      vertex   1.344704e+02 2.853008e+01 1.056671e+02
    endloop
  endfacet
  facet normal -2.318550e-01 -6.080878e-01 7.592578e-01
    outer loop
      vertex   1.344704e+02 2.853008e+01 1.056671e+02
      vertex   1.344787e+02 2.849901e+01 1.056448e+02
      vertex   1.346267e+02 2.853008e+01 1.057148e+02
    endloop
  endfacet
  facet normal -2.698946e-01 -3.821095e-01 8.838264e-01
    outer loop
      vertex   1.344704e+02 2.853008e+01 1.056671e+02
      vertex   1.346267e+02 2.853008e+01 1.057148e+02
      vertex   1.346232e+02 2.856626e+01 1.057294e+02
    endloop
  endfacet
  facet normal -1.634673e-01 -3.821095e-01 9.095442e-01
    outer loop
      vertex   1.346232e+02 2.856626e+01 1.057294e+02
      vertex   1.346267e+02 2.853008e+01 1.057148e+02
      vertex   1.347859e+02 2.856626e+01 1.057586e+02
    endloop
  endfacet
  facet normal -6.807326e-02 -9.923769e-01 1.027329e-01
    outer loop
      vertex   1.341975e+02 2.845508e+01 1.053711e+02
      vertex   1.343258e+02 2.845508e+01 1.054561e+02
      vertex   1.342308e+02 2.846019e+01 1.054425e+02
    endloop
  endfacet
  facet normal -7.029468e-02 -9.904000e-01 1.190228e-01
    outer loop
      vertex   1.342308e+02 2.846019e+01 1.054425e+02
      vertex   1.343258e+02 2.845508e+01 1.054561e+02
      vertex   1.343623e+02 2.846019e+01 1.055202e+02
    endloop
  endfacet
  facet normal -1.948986e-01 -9.236414e-01 3.300018e-01
    outer loop
      vertex   1.342308e+02 2.846019e+01 1.054425e+02
      vertex   1.343623e+02 2.846019e+01 1.055202e+02
      vertex   1.343458e+02 2.847518e+01 1.055523e+02
    endloop
  endfacet
  facet normal -1.545002e-01 -9.236414e-01 3.507368e-01
    outer loop
      vertex   1.343458e+02 2.847518e+01 1.055523e+02
      vertex   1.343623e+02 2.846019e+01 1.055202e+02
      vertex   1.344895e+02 2.847518e+01 1.056156e+02
    endloop
  endfacet
  facet normal -2.456775e-01 -7.928361e-01 5.577217e-01
    outer loop
      vertex   1.343458e+02 2.847518e+01 1.055523e+02
      vertex   1.344895e+02 2.847518e+01 1.056156e+02
      vertex   1.344787e+02 2.849901e+01 1.056448e+02
    endloop
  endfacet
  facet normal -1.779896e-01 -7.928361e-01 5.828641e-01
    outer loop
      vertex   1.344787e+02 2.849901e+01 1.056448e+02
      vertex   1.344895e+02 2.847518e+01 1.056156e+02
      vertex   1.346323e+02 2.849901e+01 1.056917e+02
    endloop
  endfacet
  facet normal -2.318550e-01 -6.080878e-01 7.592578e-01
    outer loop
      vertex   1.344787e+02 2.849901e+01 1.056448e+02
      vertex   1.346323e+02 2.849901e+01 1.056917e+02
      vertex   1.346267e+02 2.853008e+01 1.057148e+02
    endloop
  endfacet
  facet normal -1.404278e-01 -6.080878e-01 7.813509e-01
    outer loop
      vertex   1.346267e+02 2.853008e+01 1.057148e+02
      vertex   1.346323e+02 2.849901e+01 1.056917e+02
      vertex   1.347876e+02 2.853008e+01 1.057438e+02
    endloop
  endfacet
  facet normal -1.634673e-01 -3.821095e-01 9.095442e-01
    outer loop
      vertex   1.346267e+02 2.853008e+01 1.057148e+02
      vertex   1.347876e+02 2.853008e+01 1.057438e+02
      vertex   1.347859e+02 2.856626e+01 1.057586e+02
    endloop
  endfacet
  facet normal -5.474527e-02 -3.821095e-01 9.224940e-01
    outer loop
      vertex   1.347859e+02 2.856626e+01 1.057586e+02
      vertex   1.347876e+02 2.853008e+01 1.057438e+02
      vertex   1.349508e+02 2.856626e+01 1.057684e+02
    endloop
  endfacet
  facet normal -5.501055e-02 -9.923552e-01 1.104761e-01
    outer loop
      vertex   1.343258e+02 2.845508e+01 1.054561e+02
      vertex   1.344636e+02 2.845508e+01 1.055247e+02
      vertex   1.343623e+02 2.846019e+01 1.055202e+02
    endloop
  endfacet
  facet normal -5.561843e-02 -9.904366e-01 1.262615e-01
    outer loop
      vertex   1.343623e+02 2.846019e+01 1.055202e+02
      vertex   1.344636e+02 2.845508e+01 1.055247e+02
      vertex   1.345021e+02 2.846019e+01 1.055817e+02
    endloop
  endfacet
  facet normal -1.545002e-01 -9.236414e-01 3.507368e-01
    outer loop
      vertex   1.343623e+02 2.846019e+01 1.055202e+02
      vertex   1.345021e+02 2.846019e+01 1.055817e+02
      vertex   1.344895e+02 2.847518e+01 1.056156e+02
    endloop
  endfacet
  facet normal -1.119331e-01 -9.236414e-01 3.665482e-01
    outer loop
      vertex   1.344895e+02 2.847518e+01 1.056156e+02
      vertex   1.345021e+02 2.846019e+01 1.055817e+02
      vertex   1.346396e+02 2.847518e+01 1.056615e+02
    endloop
  endfacet
  facet normal -1.779896e-01 -7.928361e-01 5.828641e-01
    outer loop
      vertex   1.344895e+02 2.847518e+01 1.056156e+02
      vertex   1.346396e+02 2.847518e+01 1.056615e+02
      vertex   1.346323e+02 2.849901e+01 1.056917e+02
    endloop
  endfacet
  facet normal -1.078031e-01 -7.928361e-01 5.998245e-01
    outer loop
      vertex   1.346323e+02 2.849901e+01 1.056917e+02
      vertex   1.346396e+02 2.847518e+01 1.056615e+02
      vertex   1.347905e+02 2.849901e+01 1.057201e+02
    endloop
  endfacet
  facet normal -1.404278e-01 -6.080878e-01 7.813509e-01
    outer loop
      vertex   1.346323e+02 2.849901e+01 1.056917e+02
      vertex   1.347905e+02 2.849901e+01 1.057201e+02
      vertex   1.347876e+02 2.853008e+01 1.057438e+02
    endloop
  endfacet
  facet normal -4.702934e-02 -6.080878e-01 7.924755e-01
    outer loop
      vertex   1.347876e+02 2.853008e+01 1.057438e+02
      vertex   1.347905e+02 2.849901e+01 1.057201e+02
      vertex   1.349508e+02 2.853008e+01 1.057535e+02
    endloop
  endfacet
  facet normal -5.474527e-02 -3.821095e-01 9.224940e-01
    outer loop
      vertex   1.347876e+02 2.853008e+01 1.057438e+02
      vertex   1.349508e+02 2.853008e+01 1.057535e+02
      vertex   1.349508e+02 2.856626e+01 1.057684e+02
    endloop
  endfacet
  facet normal 5.474527e-02 -3.821095e-01 9.224940e-01
    outer loop
      vertex   1.349508e+02 2.856626e+01 1.057684e+02
      vertex   1.349508e+02 2.853008e+01 1.057535e+02
      vertex   1.351158e+02 2.856626e+01 1.057586e+02
    endloop
  endfacet
  facet normal -4.110311e-02 -9.923231e-01 1.166422e-01
    outer loop
      vertex   1.344636e+02 2.845508e+01 1.055247e+02
      vertex   1.346088e+02 2.845508e+01 1.055758e+02
      vertex   1.345021e+02 2.846019e+01 1.055817e+02
    endloop
  endfacet
  facet normal -4.018948e-02 -9.904867e-01 1.316088e-01
    outer loop
      vertex   1.345021e+02 2.846019e+01 1.055817e+02
      vertex   1.346088e+02 2.845508e+01 1.055758e+02
      vertex   1.346481e+02 2.846019e+01 1.056263e+02
    endloop
  endfacet
  facet normal -1.119331e-01 -9.236414e-01 3.665482e-01
    outer loop
      vertex   1.345021e+02 2.846019e+01 1.055817e+02
      vertex   1.346481e+02 2.846019e+01 1.056263e+02
      vertex   1.346396e+02 2.847518e+01 1.056615e+02
    endloop
  endfacet
  facet normal -6.779459e-02 -9.236414e-01 3.772141e-01
    outer loop
      vertex   1.346396e+02 2.847518e+01 1.056615e+02
      vertex   1.346481e+02 2.846019e+01 1.056263e+02
      vertex   1.347941e+02 2.847518e+01 1.056892e+02
    endloop
  endfacet
  facet normal -1.078031e-01 -7.928361e-01 5.998245e-01
    outer loop
      vertex   1.346396e+02 2.847518e+01 1.056615e+02
      vertex   1.347941e+02 2.847518e+01 1.056892e+02
      vertex   1.347905e+02 2.849901e+01 1.057201e+02
    endloop
  endfacet
  facet normal -3.610331e-02 -7.928361e-01 6.083646e-01
    outer loop
      vertex   1.347905e+02 2.849901e+01 1.057201e+02
      vertex   1.347941e+02 2.847518e+01 1.056892e+02
      vertex   1.349508e+02 2.849901e+01 1.057296e+02
    endloop
  endfacet
  facet normal -4.702934e-02 -6.080878e-01 7.924755e-01
    outer loop
      vertex   1.347905e+02 2.849901e+01 1.057201e+02
      vertex   1.349508e+02 2.849901e+01 1.057296e+02
      vertex   1.349508e+02 2.853008e+01 1.057535e+02
    endloop
  endfacet
  facet normal 4.702934e-02 -6.080878e-01 7.924755e-01
    outer loop
      vertex   1.349508e+02 2.853008e+01 1.057535e+02
      vertex   1.349508e+02 2.849901e+01 1.057296e+02
      vertex   1.351140e+02 2.853008e+01 1.057438e+02
    endloop
  endfacet
  facet normal 5.474527e-02 -3.821095e-01 9.224940e-01
    outer loop
      vertex   1.349508e+02 2.853008e+01 1.057535e+02
      vertex   1.351140e+02 2.853008e+01 1.057438e+02
      vertex   1.351158e+02 2.856626e+01 1.057586e+02
    endloop
  endfacet
  facet normal 1.634673e-01 -3.821095e-01 9.095442e-01
    outer loop
      vertex   1.351158e+02 2.856626e+01 1.057586e+02
      vertex   1.351140e+02 2.853008e+01 1.057438e+02
      vertex   1.352785e+02 2.856626e+01 1.057294e+02
    endloop
  endfacet
  facet normal -2.653081e-02 -9.922804e-01 1.211434e-01
    outer loop
      vertex   1.346088e+02 2.845508e+01 1.055758e+02
      vertex   1.347591e+02 2.845508e+01 1.056088e+02
      vertex   1.346481e+02 2.846019e+01 1.056263e+02
    endloop
  endfacet
  facet normal -2.426076e-02 -9.905501e-01 1.349886e-01
    outer loop
      vertex   1.346481e+02 2.846019e+01 1.056263e+02
      vertex   1.347591e+02 2.845508e+01 1.056088e+02
      vertex   1.347984e+02 2.846019e+01 1.056533e+02
    endloop
  endfacet
  facet normal -6.779459e-02 -9.236414e-01 3.772141e-01
    outer loop
      vertex   1.346481e+02 2.846019e+01 1.056263e+02
      vertex   1.347984e+02 2.846019e+01 1.056533e+02
      vertex   1.347941e+02 2.847518e+01 1.056892e+02
    endloop
  endfacet
  facet normal -2.270444e-02 -9.236414e-01 3.825848e-01
    outer loop
      vertex   1.347941e+02 2.847518e+01 1.056892e+02
      vertex   1.347984e+02 2.846019e+01 1.056533e+02
      vertex   1.349508e+02 2.847518e+01 1.056985e+02
    endloop
  endfacet
  facet normal -3.610331e-02 -7.928361e-01 6.083646e-01
    outer loop
      vertex   1.347941e+02 2.847518e+01 1.056892e+02
      vertex   1.349508e+02 2.847518e+01 1.056985e+02
      vertex   1.349508e+02 2.849901e+01 1.057296e+02
    endloop
  endfacet
  facet normal 3.610331e-02 -7.928361e-01 6.083646e-01
    outer loop
      vertex   1.349508e+02 2.849901e+01 1.057296e+02
      vertex   1.349508e+02 2.847518e+01 1.056985e+02
      vertex   1.351112e+02 2.849901e+01 1.057201e+02
    endloop
  endfacet
  facet normal 4.702934e-02 -6.080878e-01 7.924755e-01
    outer loop
      vertex   1.349508e+02 2.849901e+01 1.057296e+02
      vertex   1.351112e+02 2.849901e+01 1.057201e+02
      vertex   1.351140e+02 2.853008e+01 1.057438e+02
    endloop
  endfacet
  facet normal 1.404278e-01 -6.080878e-01 7.813509e-01
    outer loop
      vertex   1.351140e+02 2.853008e+01 1.057438e+02
      vertex   1.351112e+02 2.849901e+01 1.057201e+02
      vertex   1.352750e+02 2.853008e+01 1.057148e+02
    endloop
  endfacet
  facet normal 1.634673e-01 -3.821095e-01 9.095442e-01
    outer loop
      vertex   1.351140e+02 2.853008e+01 1.057438e+02
      vertex   1.352750e+02 2.853008e+01 1.057148e+02
      vertex   1.352785e+02 2.856626e+01 1.057294e+02
    endloop
  endfacet
  facet normal 2.698946e-01 -3.821095e-01 8.838264e-01
    outer loop
      vertex   1.352785e+02 2.856626e+01 1.057294e+02
      vertex   1.352750e+02 2.853008e+01 1.057148e+02
      vertex   1.354365e+02 2.856626e+01 1.056811e+02
    endloop
  endfacet
  facet normal -1.148208e-02 -9.922269e-01 1.239114e-01
    outer loop
      vertex   1.347591e+02 2.845508e+01 1.056088e+02
      vertex   1.349123e+02 2.845508e+01 1.056230e+02
      vertex   1.347984e+02 2.846019e+01 1.056533e+02
    endloop
  endfacet
  facet normal -8.092252e-03 -9.906263e-01 1.363598e-01
    outer loop
      vertex   1.347984e+02 2.846019e+01 1.056533e+02
      vertex   1.349123e+02 2.845508e+01 1.056230e+02
      vertex   1.349508e+02 2.846019e+01 1.056624e+02
    endloop
  endfacet
  facet normal -2.270444e-02 -9.236414e-01 3.825848e-01
    outer loop
      vertex   1.347984e+02 2.846019e+01 1.056533e+02
      vertex   1.349508e+02 2.846019e+01 1.056624e+02
      vertex   1.349508e+02 2.847518e+01 1.056985e+02
    endloop
  endfacet
  facet normal 2.270444e-02 -9.236414e-01 3.825848e-01
    outer loop
      vertex   1.349508e+02 2.847518e+01 1.056985e+02
      vertex   1.349508e+02 2.846019e+01 1.056624e+02
      vertex   1.351076e+02 2.847518e+01 1.056892e+02
    endloop
  endfacet
  facet normal 3.610331e-02 -7.928361e-01 6.083646e-01
    outer loop
      vertex   1.349508e+02 2.847518e+01 1.056985e+02
      vertex   1.351076e+02 2.847518e+01 1.056892e+02
      vertex   1.351112e+02 2.849901e+01 1.057201e+02
    endloop
  endfacet
  facet normal 1.078031e-01 -7.928361e-01 5.998245e-01
    outer loop
      vertex   1.351112e+02 2.849901e+01 1.057201e+02
      vertex   1.351076e+02 2.847518e+01 1.056892e+02
      vertex   1.352694e+02 2.849901e+01 1.056917e+02
    endloop
  endfacet
  facet normal 1.404278e-01 -6.080878e-01 7.813509e-01
    outer loop
      vertex   1.351112e+02 2.849901e+01 1.057201e+02
      vertex   1.352694e+02 2.849901e+01 1.056917e+02
      vertex   1.352750e+02 2.853008e+01 1.057148e+02
    endloop
  endfacet
  facet normal 2.318550e-01 -6.080878e-01 7.592578e-01
    outer loop
      vertex   1.352750e+02 2.853008e+01 1.057148e+02
      vertex   1.352694e+02 2.849901e+01 1.056917e+02
      vertex   1.354313e+02 2.853008e+01 1.056671e+02
    endloop
  endfacet
  facet normal 2.698946e-01 -3.821095e-01 8.838264e-01
    outer loop
      vertex   1.352750e+02 2.853008e+01 1.057148e+02
      vertex   1.354313e+02 2.853008e+01 1.056671e+02
      vertex   1.354365e+02 2.856626e+01 1.056811e+02
    endloop
  endfacet
  facet normal 3.725332e-01 -3.821095e-01 8.457017e-01
    outer loop
      vertex   1.354365e+02 2.856626e+01 1.056811e+02
      vertex   1.354313e+02 2.853008e+01 1.056671e+02
      vertex   1.355878e+02 2.856626e+01 1.056145e+02
    endloop
  endfacet
  facet normal 3.848063e-03 -9.921621e-01 1.248979e-01
    outer loop
      vertex   1.349123e+02 2.845508e+01 1.056230e+02
      vertex   1.350662e+02 2.845508e+01 1.056182e+02
      vertex   1.349508e+02 2.846019e+01 1.056624e+02
    endloop
  endfacet
  facet normal 8.054090e-03 -9.907149e-01 1.357167e-01
    outer loop
      vertex   1.349508e+02 2.846019e+01 1.056624e+02
      vertex   1.350662e+02 2.845508e+01 1.056182e+02
      vertex   1.351033e+02 2.846019e+01 1.056533e+02
    endloop
  endfacet
  facet normal 2.270444e-02 -9.236414e-01 3.825848e-01
    outer loop
      vertex   1.349508e+02 2.846019e+01 1.056624e+02
      vertex   1.351033e+02 2.846019e+01 1.056533e+02
      vertex   1.351076e+02 2.847518e+01 1.056892e+02
    endloop
  endfacet
  facet normal 6.779459e-02 -9.236414e-01 3.772141e-01
    outer loop
      vertex   1.351076e+02 2.847518e+01 1.056892e+02
      vertex   1.351033e+02 2.846019e+01 1.056533e+02
      vertex   1.352621e+02 2.847518e+01 1.056615e+02
    endloop
  endfacet
  facet normal 1.078031e-01 -7.928361e-01 5.998245e-01
    outer loop
      vertex   1.351076e+02 2.847518e+01 1.056892e+02
      vertex   1.352621e+02 2.847518e+01 1.056615e+02
      vertex   1.352694e+02 2.849901e+01 1.056917e+02
    endloop
  endfacet
  facet normal 1.779896e-01 -7.928361e-01 5.828641e-01
    outer loop
      vertex   1.352694e+02 2.849901e+01 1.056917e+02
      vertex   1.352621e+02 2.847518e+01 1.056615e+02
      vertex   1.354230e+02 2.849901e+01 1.056448e+02
    endloop
  endfacet
  facet normal 2.318550e-01 -6.080878e-01 7.592578e-01
    outer loop
      vertex   1.352694e+02 2.849901e+01 1.056917e+02
      vertex   1.354230e+02 2.849901e+01 1.056448e+02
      vertex   1.354313e+02 2.853008e+01 1.056671e+02
    endloop
  endfacet
  facet normal 3.200275e-01 -6.080878e-01 7.265064e-01
    outer loop
      vertex   1.354313e+02 2.853008e+01 1.056671e+02
      vertex   1.354230e+02 2.849901e+01 1.056448e+02
      vertex   1.355809e+02 2.853008e+01 1.056012e+02
    endloop
  endfacet
  facet normal 3.725332e-01 -3.821095e-01 8.457017e-01
    outer loop
      vertex   1.354313e+02 2.853008e+01 1.056671e+02
      vertex   1.355809e+02 2.853008e+01 1.056012e+02
      vertex   1.355878e+02 2.856626e+01 1.056145e+02
    endloop
  endfacet
  facet normal 4.699423e-01 -3.821095e-01 7.957051e-01
    outer loop
      vertex   1.355878e+02 2.856626e+01 1.056145e+02
      vertex   1.355809e+02 2.853008e+01 1.056012e+02
      vertex   1.357301e+02 2.856626e+01 1.055305e+02
    endloop
  endfacet
  facet normal 1.926009e-02 -9.920858e-01 1.240756e-01
    outer loop
      vertex   1.350662e+02 2.845508e+01 1.056182e+02
      vertex   1.352183e+02 2.845508e+01 1.055946e+02
      vertex   1.351033e+02 2.846019e+01 1.056533e+02
    endloop
  endfacet
  facet normal 2.391937e-02 -9.908154e-01 1.330892e-01
    outer loop
      vertex   1.351033e+02 2.846019e+01 1.056533e+02
      vertex   1.352183e+02 2.845508e+01 1.055946e+02
      vertex   1.352536e+02 2.846019e+01 1.056263e+02
    endloop
  endfacet
  facet normal 6.779459e-02 -9.236414e-01 3.772141e-01
    outer loop
      vertex   1.351033e+02 2.846019e+01 1.056533e+02
      vertex   1.352536e+02 2.846019e+01 1.056263e+02
      vertex   1.352621e+02 2.847518e+01 1.056615e+02
    endloop
  endfacet
  facet normal 1.119331e-01 -9.236414e-01 3.665482e-01
    outer loop
      vertex   1.352621e+02 2.847518e+01 1.056615e+02
      vertex   1.352536e+02 2.846019e+01 1.056263e+02
      vertex   1.354122e+02 2.847518e+01 1.056156e+02
    endloop
  endfacet
  facet normal 1.779896e-01 -7.928361e-01 5.828641e-01
    outer loop
      vertex   1.352621e+02 2.847518e+01 1.056615e+02
      vertex   1.354122e+02 2.847518e+01 1.056156e+02
      vertex   1.354230e+02 2.849901e+01 1.056448e+02
    endloop
  endfacet
  facet normal 2.456775e-01 -7.928361e-01 5.577217e-01
    outer loop
      vertex   1.354230e+02 2.849901e+01 1.056448e+02
      vertex   1.354122e+02 2.847518e+01 1.056156e+02
      vertex   1.355701e+02 2.849901e+01 1.055800e+02
    endloop
  endfacet
  facet normal 3.200275e-01 -6.080878e-01 7.265064e-01
    outer loop
      vertex   1.354230e+02 2.849901e+01 1.056448e+02
      vertex   1.355701e+02 2.849901e+01 1.055800e+02
      vertex   1.355809e+02 2.853008e+01 1.056012e+02
    endloop
  endfacet
  facet normal 4.037075e-01 -6.080878e-01 6.835565e-01
    outer loop
      vertex   1.355809e+02 2.853008e+01 1.056012e+02
      vertex   1.355701e+02 2.849901e+01 1.055800e+02
      vertex   1.357217e+02 2.853008e+01 1.055180e+02
    endloop
  endfacet
  facet normal 4.699423e-01 -3.821095e-01 7.957051e-01
    outer loop
      vertex   1.355809e+02 2.853008e+01 1.056012e+02
      vertex   1.357217e+02 2.853008e+01 1.055180e+02
      vertex   1.357301e+02 2.856626e+01 1.055305e+02
    endloop
  endfacet
  facet normal 5.607544e-01 -3.821095e-01 7.345385e-01
    outer loop
      vertex   1.357301e+02 2.856626e+01 1.055305e+02
      vertex   1.357217e+02 2.853008e+01 1.055180e+02
      vertex   1.358615e+02 2.856626e+01 1.054302e+02
    endloop
  endfacet
  facet normal 3.455208e-02 -9.919975e-01 1.214380e-01
    outer loop
      vertex   1.352183e+02 2.845508e+01 1.055946e+02
      vertex   1.353663e+02 2.845508e+01 1.055525e+02
      vertex   1.352536e+02 2.846019e+01 1.056263e+02
    endloop
  endfacet
  facet normal 3.925265e-02 -9.909271e-01 1.285410e-01
    outer loop
      vertex   1.352536e+02 2.846019e+01 1.056263e+02
      vertex   1.353663e+02 2.845508e+01 1.055525e+02
      vertex   1.353996e+02 2.846019e+01 1.055817e+02
    endloop
  endfacet
  facet normal 1.119331e-01 -9.236414e-01 3.665482e-01
    outer loop
      vertex   1.352536e+02 2.846019e+01 1.056263e+02
      vertex   1.353996e+02 2.846019e+01 1.055817e+02
      vertex   1.354122e+02 2.847518e+01 1.056156e+02
    endloop
  endfacet
  facet normal 1.545002e-01 -9.236414e-01 3.507368e-01
    outer loop
      vertex   1.354122e+02 2.847518e+01 1.056156e+02
      vertex   1.353996e+02 2.846019e+01 1.055817e+02
      vertex   1.355559e+02 2.847518e+01 1.055523e+02
    endloop
  endfacet
  facet normal 2.456775e-01 -7.928361e-01 5.577217e-01
    outer loop
      vertex   1.354122e+02 2.847518e+01 1.056156e+02
      vertex   1.355559e+02 2.847518e+01 1.055523e+02
      vertex   1.355701e+02 2.849901e+01 1.055800e+02
    endloop
  endfacet
  facet normal 3.099166e-01 -7.928361e-01 5.247500e-01
    outer loop
      vertex   1.355701e+02 2.849901e+01 1.055800e+02
      vertex   1.355559e+02 2.847518e+01 1.055523e+02
      vertex   1.357084e+02 2.849901e+01 1.054983e+02
    endloop
  endfacet
  facet normal 4.037075e-01 -6.080878e-01 6.835565e-01
    outer loop
      vertex   1.355701e+02 2.849901e+01 1.055800e+02
      vertex   1.357084e+02 2.849901e+01 1.054983e+02
      vertex   1.357217e+02 2.853008e+01 1.055180e+02
    endloop
  endfacet
  facet normal 4.817203e-01 -6.080878e-01 6.310109e-01
    outer loop
      vertex   1.357217e+02 2.853008e+01 1.055180e+02
      vertex   1.357084e+02 2.849901e+01 1.054983e+02
      vertex   1.358517e+02 2.853008e+01 1.054188e+02
    endloop
  endfacet
  facet normal 5.607544e-01 -3.821095e-01 7.345385e-01
    outer loop
      vertex   1.357217e+02 2.853008e+01 1.055180e+02
      vertex   1.358517e+02 2.853008e+01 1.054188e+02
      vertex   1.358615e+02 2.856626e+01 1.054302e+02
    endloop
  endfacet
  facet normal 4.952185e-02 -9.918965e-01 1.170000e-01
    outer loop
      vertex   1.353663e+02 2.845508e+01 1.055525e+02
      vertex   1.355080e+02 2.845508e+01 1.054925e+02
      vertex   1.353996e+02 2.846019e+01 1.055817e+02
    endloop
  endfacet
  facet normal 5.381554e-02 -9.910493e-01 1.221687e-01
    outer loop
      vertex   1.353996e+02 2.846019e+01 1.055817e+02
      vertex   1.355080e+02 2.845508e+01 1.054925e+02
      vertex   1.355394e+02 2.846019e+01 1.055202e+02
    endloop
  endfacet
  facet normal 1.545002e-01 -9.236414e-01 3.507368e-01
    outer loop
      vertex   1.353996e+02 2.846019e+01 1.055817e+02
      vertex   1.355394e+02 2.846019e+01 1.055202e+02
      vertex   1.355559e+02 2.847518e+01 1.055523e+02
    endloop
  endfacet
  facet normal 1.948986e-01 -9.236414e-01 3.300018e-01
    outer loop
      vertex   1.355559e+02 2.847518e+01 1.055523e+02
      vertex   1.355394e+02 2.846019e+01 1.055202e+02
      vertex   1.356910e+02 2.847518e+01 1.054725e+02
    endloop
  endfacet
  facet normal 3.099166e-01 -7.928361e-01 5.247500e-01
    outer loop
      vertex   1.355559e+02 2.847518e+01 1.055523e+02
      vertex   1.356910e+02 2.847518e+01 1.054725e+02
      vertex   1.357084e+02 2.849901e+01 1.054983e+02
    endloop
  endfacet
  facet normal 3.698052e-01 -7.928361e-01 4.844120e-01
    outer loop
      vertex   1.357084e+02 2.849901e+01 1.054983e+02
      vertex   1.356910e+02 2.847518e+01 1.054725e+02
      vertex   1.358361e+02 2.849901e+01 1.054008e+02
    endloop
  endfacet
  facet normal 4.817203e-01 -6.080878e-01 6.310109e-01
    outer loop
      vertex   1.357084e+02 2.849901e+01 1.054983e+02
      vertex   1.358361e+02 2.849901e+01 1.054008e+02
      vertex   1.358517e+02 2.853008e+01 1.054188e+02
    endloop
  endfacet
  facet normal 6.396908e-02 -9.917821e-01 1.107977e-01
    outer loop
      vertex   1.355080e+02 2.845508e+01 1.054925e+02
      vertex   1.356413e+02 2.845508e+01 1.054156e+02
      vertex   1.355394e+02 2.846019e+01 1.055202e+02
    endloop
  endfacet
  facet normal 6.738655e-02 -9.911814e-01 1.140987e-01
    outer loop
      vertex   1.355394e+02 2.846019e+01 1.055202e+02
      vertex   1.356413e+02 2.845508e+01 1.054156e+02
      vertex   1.356708e+02 2.846019e+01 1.054425e+02
    endloop
  endfacet
  facet normal 1.948986e-01 -9.236414e-01 3.300018e-01
    outer loop
      vertex   1.355394e+02 2.846019e+01 1.055202e+02
      vertex   1.356708e+02 2.846019e+01 1.054425e+02
      vertex   1.356910e+02 2.847518e+01 1.054725e+02
    endloop
  endfacet
  facet normal 2.325609e-01 -9.236414e-01 3.046342e-01
    outer loop
      vertex   1.356910e+02 2.847518e+01 1.054725e+02
      vertex   1.356708e+02 2.846019e+01 1.054425e+02
      vertex   1.358158e+02 2.847518e+01 1.053773e+02
    endloop
  endfacet
  facet normal 3.698052e-01 -7.928361e-01 4.844120e-01
    outer loop
      vertex   1.356910e+02 2.847518e+01 1.054725e+02
      vertex   1.358158e+02 2.847518e+01 1.053773e+02
      vertex   1.358361e+02 2.849901e+01 1.054008e+02
    endloop
  endfacet
  facet normal 7.769743e-02 -9.916538e-01 1.028880e-01
    outer loop
      vertex   1.356413e+02 2.845508e+01 1.054156e+02
      vertex   1.357641e+02 2.845508e+01 1.053228e+02
      vertex   1.356708e+02 2.846019e+01 1.054425e+02
    endloop
  endfacet
  facet normal 7.976489e-02 -9.913226e-01 1.044849e-01
    outer loop
      vertex   1.356708e+02 2.846019e+01 1.054425e+02
      vertex   1.357641e+02 2.845508e+01 1.053228e+02
      vertex   1.357922e+02 2.846019e+01 1.053498e+02
    endloop
  endfacet
  facet normal 2.325609e-01 -9.236414e-01 3.046342e-01
    outer loop
      vertex   1.356708e+02 2.846019e+01 1.054425e+02
      vertex   1.357922e+02 2.846019e+01 1.053498e+02
      vertex   1.358158e+02 2.847518e+01 1.053773e+02
    endloop
  endfacet
  facet normal 9.051656e-02 -9.915104e-01 9.334829e-02
    outer loop
      vertex   1.357641e+02 2.845508e+01 1.053228e+02
      vertex   1.358746e+02 2.845508e+01 1.052157e+02
      vertex   1.357922e+02 2.846019e+01 1.053498e+02
    endloop
  endfacet
  facet normal 9.237112e-01 -3.821095e-01 -2.738466e-02
    outer loop
      vertex   1.363451e+02 2.856626e+01 1.044149e+02
      vertex   1.363301e+02 2.853008e+01 1.044144e+02
      vertex   1.363402e+02 2.856626e+01 1.042497e+02
    endloop
  endfacet
  facet normal 9.237112e-01 -3.821095e-01 -2.738466e-02
    outer loop
      vertex   1.363402e+02 2.856626e+01 1.042497e+02
      vertex   1.363301e+02 2.853008e+01 1.044144e+02
      vertex   1.363253e+02 2.853008e+01 1.042510e+02
    endloop
  endfacet
  facet normal 9.139889e-01 -3.821095e-01 -1.364427e-01
    outer loop
      vertex   1.363402e+02 2.856626e+01 1.042497e+02
      vertex   1.363253e+02 2.853008e+01 1.042510e+02
      vertex   1.363158e+02 2.856626e+01 1.040862e+02
    endloop
  endfacet
  facet normal 9.139889e-01 -3.821095e-01 -1.364427e-01
    outer loop
      vertex   1.363158e+02 2.856626e+01 1.040862e+02
      vertex   1.363253e+02 2.853008e+01 1.042510e+02
      vertex   1.363012e+02 2.853008e+01 1.040893e+02
    endloop
  endfacet
  facet normal 8.914362e-01 -3.821095e-01 -2.435854e-01
    outer loop
      vertex   1.363158e+02 2.856626e+01 1.040862e+02
      vertex   1.363012e+02 2.853008e+01 1.040893e+02
      vertex   1.362723e+02 2.856626e+01 1.039268e+02
    endloop
  endfacet
  facet normal 8.914362e-01 -3.821095e-01 -2.435854e-01
    outer loop
      vertex   1.362723e+02 2.856626e+01 1.039268e+02
      vertex   1.363012e+02 2.853008e+01 1.040893e+02
      vertex   1.362581e+02 2.853008e+01 1.039316e+02
    endloop
  endfacet
  facet normal 8.563697e-01 -3.821095e-01 -3.473087e-01
    outer loop
      vertex   1.362723e+02 2.856626e+01 1.039268e+02
      vertex   1.362581e+02 2.853008e+01 1.039316e+02
      vertex   1.362101e+02 2.856626e+01 1.037737e+02
    endloop
  endfacet
  facet normal 8.563697e-01 -3.821095e-01 -3.473087e-01
    outer loop
      vertex   1.362101e+02 2.856626e+01 1.037737e+02
      vertex   1.362581e+02 2.853008e+01 1.039316e+02
      vertex   1.361966e+02 2.853008e+01 1.037801e+02
    endloop
  endfacet
  facet normal 8.092816e-01 -3.821095e-01 -4.461565e-01
    outer loop
      vertex   1.362101e+02 2.856626e+01 1.037737e+02
      vertex   1.361966e+02 2.853008e+01 1.037801e+02
      vertex   1.361304e+02 2.856626e+01 1.036289e+02
    endloop
  endfacet
  facet normal 8.092816e-01 -3.821095e-01 -4.461565e-01
    outer loop
      vertex   1.361304e+02 2.856626e+01 1.036289e+02
      vertex   1.361966e+02 2.853008e+01 1.037801e+02
      vertex   1.361177e+02 2.853008e+01 1.036369e+02
    endloop
  endfacet
  facet normal 7.508330e-01 -3.821095e-01 -5.387413e-01
    outer loop
      vertex   1.361304e+02 2.856626e+01 1.036289e+02
      vertex   1.361177e+02 2.853008e+01 1.036369e+02
      vertex   1.360340e+02 2.856626e+01 1.034946e+02
    endloop
  endfacet
  facet normal 7.508330e-01 -3.821095e-01 -5.387413e-01
    outer loop
      vertex   1.360340e+02 2.856626e+01 1.034946e+02
      vertex   1.361177e+02 2.853008e+01 1.036369e+02
      vertex   1.360224e+02 2.853008e+01 1.035041e+02
    endloop
  endfacet
  facet normal 6.818443e-01 -3.821095e-01 -6.237633e-01
    outer loop
      vertex   1.360340e+02 2.856626e+01 1.034946e+02
      vertex   1.360224e+02 2.853008e+01 1.035041e+02
      vertex   1.359225e+02 2.856626e+01 1.033727e+02
    endloop
  endfacet
  facet normal 6.818443e-01 -3.821095e-01 -6.237633e-01
    outer loop
      vertex   1.359225e+02 2.856626e+01 1.033727e+02
      vertex   1.360224e+02 2.853008e+01 1.035041e+02
      vertex   1.359120e+02 2.853008e+01 1.033835e+02
    endloop
  endfacet
  facet normal 6.032840e-01 -3.821095e-01 -7.000290e-01
    outer loop
      vertex   1.359225e+02 2.856626e+01 1.033727e+02
      vertex   1.359120e+02 2.853008e+01 1.033835e+02
      vertex   1.357973e+02 2.856626e+01 1.032648e+02
    endloop
  endfacet
  facet normal 6.032840e-01 -3.821095e-01 -7.000290e-01
    outer loop
      vertex   1.357973e+02 2.856626e+01 1.032648e+02
      vertex   1.359120e+02 2.853008e+01 1.033835e+02
      vertex   1.357882e+02 2.853008e+01 1.032767e+02
    endloop
  endfacet
  facet normal 5.162550e-01 -3.821095e-01 -7.664679e-01
    outer loop
      vertex   1.357973e+02 2.856626e+01 1.032648e+02
      vertex   1.357882e+02 2.853008e+01 1.032767e+02
      vertex   1.356602e+02 2.856626e+01 1.031725e+02
    endloop
  endfacet
  facet normal 5.162550e-01 -3.821095e-01 -7.664679e-01
    outer loop
      vertex   1.356602e+02 2.856626e+01 1.031725e+02
      vertex   1.357882e+02 2.853008e+01 1.032767e+02
      vertex   1.356526e+02 2.853008e+01 1.031854e+02
    endloop
  endfacet
  facet normal 4.219789e-01 -3.821095e-01 -8.221473e-01
    outer loop
      vertex   1.356602e+02 2.856626e+01 1.031725e+02
      vertex   1.356526e+02 2.853008e+01 1.031854e+02
      vertex   1.355132e+02 2.856626e+01 1.030970e+02
    endloop
  endfacet
  facet normal 4.219789e-01 -3.821095e-01 -8.221473e-01
    outer loop
      vertex   1.355132e+02 2.856626e+01 1.030970e+02
      vertex   1.356526e+02 2.853008e+01 1.031854e+02
      vertex   1.355071e+02 2.853008e+01 1.031107e+02
    endloop
  endfacet
  facet normal 3.217791e-01 -3.821095e-01 -8.662855e-01
    outer loop
      vertex   1.355132e+02 2.856626e+01 1.030970e+02
      vertex   1.355071e+02 2.853008e+01 1.031107e+02
      vertex   1.353582e+02 2.856626e+01 1.030395e+02
    endloop
  endfacet
  facet normal 3.217791e-01 -3.821095e-01 -8.662855e-01
    outer loop
      vertex   1.353582e+02 2.856626e+01 1.030395e+02
      vertex   1.355071e+02 2.853008e+01 1.031107e+02
      vertex   1.353539e+02 2.853008e+01 1.030538e+02
    endloop
  endfacet
  facet normal 2.170622e-01 -3.821095e-01 -8.982629e-01
    outer loop
      vertex   1.353582e+02 2.856626e+01 1.030395e+02
      vertex   1.353539e+02 2.853008e+01 1.030538e+02
      vertex   1.351976e+02 2.856626e+01 1.030007e+02
    endloop
  endfacet
  facet normal 2.170622e-01 -3.821095e-01 -8.982629e-01
    outer loop
      vertex   1.351976e+02 2.856626e+01 1.030007e+02
      vertex   1.353539e+02 2.853008e+01 1.030538e+02
      vertex   1.351949e+02 2.853008e+01 1.030154e+02
    endloop
  endfacet
  facet normal 1.089628e-01 -3.821024e-01 -9.176736e-01
    outer loop
      vertex   1.351976e+02 2.856626e+01 1.030007e+02
      vertex   1.351949e+02 2.853008e+01 1.030154e+02
      vertex   1.350316e+02 2.853008e+01 1.029960e+02
    endloop
  endfacet
  facet normal 9.362728e-02 -6.078416e-01 -7.885192e-01
    outer loop
      vertex   1.350316e+02 2.853008e+01 1.029960e+02
      vertex   1.351949e+02 2.853008e+01 1.030154e+02
      vertex   1.350304e+02 2.849901e+01 1.030198e+02
    endloop
  endfacet
  facet normal 0.000000e+00 -6.083384e-01 -7.936777e-01
    outer loop
      vertex   1.350316e+02 2.853008e+01 1.029960e+02
      vertex   1.350304e+02 2.849901e+01 1.030198e+02
      vertex   1.348713e+02 2.849901e+01 1.030198e+02
    endloop
  endfacet
  facet normal 0.000000e+00 -7.929809e-01 -6.092465e-01
    outer loop
      vertex   1.348713e+02 2.849901e+01 1.030198e+02
      vertex   1.350304e+02 2.849901e+01 1.030198e+02
      vertex   1.348728e+02 2.847518e+01 1.030508e+02
    endloop
  endfacet
  facet normal -7.193546e-02 -7.926945e-01 -6.053600e-01
    outer loop
      vertex   1.348713e+02 2.849901e+01 1.030198e+02
      vertex   1.348728e+02 2.847518e+01 1.030508e+02
      vertex   1.347110e+02 2.849901e+01 1.030389e+02
    endloop
  endfacet
  facet normal -7.196957e-02 -7.928329e-01 -6.051746e-01
    outer loop
      vertex   1.347110e+02 2.849901e+01 1.030389e+02
      vertex   1.348728e+02 2.847518e+01 1.030508e+02
      vertex   1.347165e+02 2.847518e+01 1.030694e+02
    endloop
  endfacet
  facet normal -1.431478e-01 -7.928361e-01 -5.923847e-01
    outer loop
      vertex   1.347110e+02 2.849901e+01 1.030389e+02
      vertex   1.347165e+02 2.847518e+01 1.030694e+02
      vertex   1.345548e+02 2.849901e+01 1.030766e+02
    endloop
  endfacet
  facet normal -1.431478e-01 -7.928361e-01 -5.923847e-01
    outer loop
      vertex   1.345548e+02 2.849901e+01 1.030766e+02
      vertex   1.347165e+02 2.847518e+01 1.030694e+02
      vertex   1.345639e+02 2.847518e+01 1.031063e+02
    endloop
  endfacet
  facet normal -2.122062e-01 -7.928361e-01 -5.712962e-01
    outer loop
      vertex   1.345548e+02 2.849901e+01 1.030766e+02
      vertex   1.345639e+02 2.847518e+01 1.031063e+02
      vertex   1.344042e+02 2.849901e+01 1.031326e+02
    endloop
  endfacet
  facet normal -2.122062e-01 -7.928361e-01 -5.712962e-01
    outer loop
      vertex   1.344042e+02 2.849901e+01 1.031326e+02
      vertex   1.345639e+02 2.847518e+01 1.031063e+02
      vertex   1.344167e+02 2.847518e+01 1.031610e+02
    endloop
  endfacet
  facet normal -2.782858e-01 -7.928361e-01 -5.421881e-01
    outer loop
      vertex   1.344042e+02 2.849901e+01 1.031326e+02
      vertex   1.344167e+02 2.847518e+01 1.031610e+02
      vertex   1.342612e+02 2.849901e+01 1.032059e+02
    endloop
  endfacet
  facet normal -2.782858e-01 -7.928361e-01 -5.421881e-01
    outer loop
      vertex   1.342612e+02 2.849901e+01 1.032059e+02
      vertex   1.344167e+02 2.847518e+01 1.031610e+02
      vertex   1.342770e+02 2.847518e+01 1.032327e+02
    endloop
  endfacet
  facet normal -3.404588e-01 -7.928361e-01 -5.054688e-01
    outer loop
      vertex   1.342612e+02 2.849901e+01 1.032059e+02
      vertex   1.342770e+02 2.847518e+01 1.032327e+02
      vertex   1.341280e+02 2.849901e+01 1.032957e+02
    endloop
  endfacet
  facet normal -3.404588e-01 -7.928361e-01 -5.054688e-01
    outer loop
      vertex   1.341280e+02 2.849901e+01 1.032957e+02
      vertex   1.342770e+02 2.847518e+01 1.032327e+02
      vertex   1.341468e+02 2.847518e+01 1.033204e+02
    endloop
  endfacet
  facet normal -3.977603e-01 -7.928395e-01 -4.617275e-01
    outer loop
      vertex   1.341280e+02 2.849901e+01 1.032957e+02
      vertex   1.341468e+02 2.847518e+01 1.033204e+02
      vertex   1.340283e+02 2.847518e+01 1.034225e+02
    endloop
  endfacet
  facet normal -2.501841e-01 -9.236153e-01 -2.904183e-01
    outer loop
      vertex   1.340283e+02 2.847518e+01 1.034225e+02
      vertex   1.341468e+02 2.847518e+01 1.033204e+02
      vertex   1.340536e+02 2.846019e+01 1.034484e+02
    endloop
  endfacet
  facet normal 7.935211e-01 -6.080878e-01 -2.352500e-02
    outer loop
      vertex   1.363301e+02 2.853008e+01 1.044144e+02
      vertex   1.363063e+02 2.849901e+01 1.044137e+02
      vertex   1.363253e+02 2.853008e+01 1.042510e+02
    endloop
  endfacet
  facet normal 7.935211e-01 -6.080878e-01 -2.352500e-02
    outer loop
      vertex   1.363253e+02 2.853008e+01 1.042510e+02
      vertex   1.363063e+02 2.849901e+01 1.044137e+02
      vertex   1.363016e+02 2.849901e+01 1.042531e+02
    endloop
  endfacet
  facet normal 7.851691e-01 -6.080878e-01 -1.172121e-01
    outer loop
      vertex   1.363253e+02 2.853008e+01 1.042510e+02
      vertex   1.363016e+02 2.849901e+01 1.042531e+02
      vertex   1.363012e+02 2.853008e+01 1.040893e+02
    endloop
  endfacet
  facet normal 7.851691e-01 -6.080878e-01 -1.172121e-01
    outer loop
      vertex   1.363012e+02 2.853008e+01 1.040893e+02
      vertex   1.363016e+02 2.849901e+01 1.042531e+02
      vertex   1.362778e+02 2.849901e+01 1.040942e+02
    endloop
  endfacet
  facet normal 7.657950e-01 -6.080878e-01 -2.092539e-01
    outer loop
      vertex   1.363012e+02 2.853008e+01 1.040893e+02
      vertex   1.362778e+02 2.849901e+01 1.040942e+02
      vertex   1.362581e+02 2.853008e+01 1.039316e+02
    endloop
  endfacet
  facet normal 7.657950e-01 -6.080878e-01 -2.092539e-01
    outer loop
      vertex   1.362581e+02 2.853008e+01 1.039316e+02
      vertex   1.362778e+02 2.849901e+01 1.040942e+02
      vertex   1.362355e+02 2.849901e+01 1.039392e+02
    endloop
  endfacet
  facet normal 7.356708e-01 -6.080878e-01 -2.983581e-01
    outer loop
      vertex   1.362581e+02 2.853008e+01 1.039316e+02
      vertex   1.362355e+02 2.849901e+01 1.039392e+02
      vertex   1.361966e+02 2.853008e+01 1.037801e+02
    endloop
  endfacet
  facet normal 7.356708e-01 -6.080878e-01 -2.983581e-01
    outer loop
      vertex   1.361966e+02 2.853008e+01 1.037801e+02
      vertex   1.362355e+02 2.849901e+01 1.039392e+02
      vertex   1.361751e+02 2.849901e+01 1.037904e+02
    endloop
  endfacet
  facet normal 6.952195e-01 -6.080878e-01 -3.832741e-01
    outer loop
      vertex   1.361966e+02 2.853008e+01 1.037801e+02
      vertex   1.361751e+02 2.849901e+01 1.037904e+02
      vertex   1.361177e+02 2.853008e+01 1.036369e+02
    endloop
  endfacet
  facet normal 6.952195e-01 -6.080878e-01 -3.832741e-01
    outer loop
      vertex   1.361177e+02 2.853008e+01 1.036369e+02
      vertex   1.361751e+02 2.849901e+01 1.037904e+02
      vertex   1.360975e+02 2.849901e+01 1.036496e+02
    endloop
  endfacet
  facet normal 6.450088e-01 -6.080878e-01 -4.628098e-01
    outer loop
      vertex   1.361177e+02 2.853008e+01 1.036369e+02
      vertex   1.360975e+02 2.849901e+01 1.036496e+02
      vertex   1.360224e+02 2.853008e+01 1.035041e+02
    endloop
  endfacet
  facet normal 6.450088e-01 -6.080878e-01 -4.628098e-01
    outer loop
      vertex   1.360224e+02 2.853008e+01 1.035041e+02
      vertex   1.360975e+02 2.849901e+01 1.036496e+02
      vertex   1.360039e+02 2.849901e+01 1.035191e+02
    endloop
  endfacet
  facet normal 5.857435e-01 -6.080878e-01 -5.358486e-01
    outer loop
      vertex   1.360224e+02 2.853008e+01 1.035041e+02
      vertex   1.360039e+02 2.849901e+01 1.035191e+02
      vertex   1.359120e+02 2.853008e+01 1.033835e+02
    endloop
  endfacet
  facet normal 5.857435e-01 -6.080878e-01 -5.358486e-01
    outer loop
      vertex   1.359120e+02 2.853008e+01 1.033835e+02
      vertex   1.360039e+02 2.849901e+01 1.035191e+02
      vertex   1.358954e+02 2.849901e+01 1.034006e+02
    endloop
  endfacet
  facet normal 5.182557e-01 -6.080878e-01 -6.013653e-01
    outer loop
      vertex   1.359120e+02 2.853008e+01 1.033835e+02
      vertex   1.358954e+02 2.849901e+01 1.034006e+02
      vertex   1.357882e+02 2.853008e+01 1.032767e+02
    endloop
  endfacet
  facet normal 5.182557e-01 -6.080878e-01 -6.013653e-01
    outer loop
      vertex   1.357882e+02 2.853008e+01 1.032767e+02
      vertex   1.358954e+02 2.849901e+01 1.034006e+02
      vertex   1.357737e+02 2.849901e+01 1.032957e+02
    endloop
  endfacet
  facet normal 4.434928e-01 -6.080878e-01 -6.584401e-01
    outer loop
      vertex   1.357882e+02 2.853008e+01 1.032767e+02
      vertex   1.357737e+02 2.849901e+01 1.032957e+02
      vertex   1.356526e+02 2.853008e+01 1.031854e+02
    endloop
  endfacet
  facet normal 4.434928e-01 -6.080878e-01 -6.584401e-01
    outer loop
      vertex   1.356526e+02 2.853008e+01 1.031854e+02
      vertex   1.357737e+02 2.849901e+01 1.032957e+02
      vertex   1.356404e+02 2.849901e+01 1.032059e+02
    endloop
  endfacet
  facet normal 3.625041e-01 -6.080878e-01 -7.062719e-01
    outer loop
      vertex   1.356526e+02 2.853008e+01 1.031854e+02
      vertex   1.356404e+02 2.849901e+01 1.032059e+02
      vertex   1.355071e+02 2.853008e+01 1.031107e+02
    endloop
  endfacet
  facet normal 3.625041e-01 -6.080878e-01 -7.062719e-01
    outer loop
      vertex   1.355071e+02 2.853008e+01 1.031107e+02
      vertex   1.356404e+02 2.849901e+01 1.032059e+02
      vertex   1.354975e+02 2.849901e+01 1.031326e+02
    endloop
  endfacet
  facet normal 2.764267e-01 -6.080878e-01 -7.441891e-01
    outer loop
      vertex   1.355071e+02 2.853008e+01 1.031107e+02
      vertex   1.354975e+02 2.849901e+01 1.031326e+02
      vertex   1.353539e+02 2.853008e+01 1.030538e+02
    endloop
  endfacet
  facet normal 2.764267e-01 -6.080878e-01 -7.441891e-01
    outer loop
      vertex   1.353539e+02 2.853008e+01 1.030538e+02
      vertex   1.354975e+02 2.849901e+01 1.031326e+02
      vertex   1.353469e+02 2.849901e+01 1.030766e+02
    endloop
  endfacet
  facet normal 1.864689e-01 -6.080878e-01 -7.716596e-01
    outer loop
      vertex   1.353539e+02 2.853008e+01 1.030538e+02
      vertex   1.353469e+02 2.849901e+01 1.030766e+02
      vertex   1.351949e+02 2.853008e+01 1.030154e+02
    endloop
  endfacet
  facet normal 1.864689e-01 -6.080878e-01 -7.716596e-01
    outer loop
      vertex   1.351949e+02 2.853008e+01 1.030154e+02
      vertex   1.353469e+02 2.849901e+01 1.030766e+02
      vertex   1.351907e+02 2.849901e+01 1.030389e+02
    endloop
  endfacet
  facet normal 9.367773e-02 -6.080816e-01 -7.883281e-01
    outer loop
      vertex   1.351949e+02 2.853008e+01 1.030154e+02
      vertex   1.351907e+02 2.849901e+01 1.030389e+02
      vertex   1.350304e+02 2.849901e+01 1.030198e+02
    endloop
  endfacet
  facet normal 7.193546e-02 -7.926945e-01 -6.053600e-01
    outer loop
      vertex   1.350304e+02 2.849901e+01 1.030198e+02
      vertex   1.351907e+02 2.849901e+01 1.030389e+02
      vertex   1.350289e+02 2.847518e+01 1.030508e+02
    endloop
  endfacet
  facet normal 0.000000e+00 -7.929809e-01 -6.092465e-01
    outer loop
      vertex   1.350304e+02 2.849901e+01 1.030198e+02
      vertex   1.350289e+02 2.847518e+01 1.030508e+02
      vertex   1.348728e+02 2.847518e+01 1.030508e+02
    endloop
  endfacet
  facet normal 0.000000e+00 -9.236965e-01 -3.831250e-01
    outer loop
      vertex   1.348728e+02 2.847518e+01 1.030508e+02
      vertex   1.350289e+02 2.847518e+01 1.030508e+02
      vertex   1.348747e+02 2.846019e+01 1.030870e+02
    endloop
  endfacet
  facet normal -4.527488e-02 -9.235873e-01 -3.807055e-01
    outer loop
      vertex   1.348728e+02 2.847518e+01 1.030508e+02
      vertex   1.348747e+02 2.846019e+01 1.030870e+02
      vertex   1.347165e+02 2.847518e+01 1.030694e+02
    endloop
  endfacet
  facet normal -4.529452e-02 -9.236406e-01 -3.805737e-01
    outer loop
      vertex   1.347165e+02 2.847518e+01 1.030694e+02
      vertex   1.348747e+02 2.846019e+01 1.030870e+02
      vertex   1.347229e+02 2.846019e+01 1.031051e+02
    endloop
  endfacet
  facet normal -9.002193e-02 -9.236414e-01 -3.725354e-01
    outer loop
      vertex   1.347165e+02 2.847518e+01 1.030694e+02
      vertex   1.347229e+02 2.846019e+01 1.031051e+02
      vertex   1.345639e+02 2.847518e+01 1.031063e+02
    endloop
  endfacet
  facet normal -9.002193e-02 -9.236414e-01 -3.725354e-01
    outer loop
      vertex   1.345639e+02 2.847518e+01 1.031063e+02
      vertex   1.347229e+02 2.846019e+01 1.031051e+02
      vertex   1.345744e+02 2.846019e+01 1.031409e+02
    endloop
  endfacet
  facet normal -1.334510e-01 -9.236414e-01 -3.592735e-01
    outer loop
      vertex   1.345639e+02 2.847518e+01 1.031063e+02
      vertex   1.345744e+02 2.846019e+01 1.031409e+02
      vertex   1.344167e+02 2.847518e+01 1.031610e+02
    endloop
  endfacet
  facet normal -1.334510e-01 -9.236414e-01 -3.592735e-01
    outer loop
      vertex   1.344167e+02 2.847518e+01 1.031610e+02
      vertex   1.345744e+02 2.846019e+01 1.031409e+02
      vertex   1.344313e+02 2.846019e+01 1.031941e+02
    endloop
  endfacet
  facet normal -1.750068e-01 -9.236414e-01 -3.409681e-01
    outer loop
      vertex   1.344167e+02 2.847518e+01 1.031610e+02
      vertex   1.344313e+02 2.846019e+01 1.031941e+02
      vertex   1.342770e+02 2.847518e+01 1.032327e+02
    endloop
  endfacet
  facet normal -1.750068e-01 -9.236414e-01 -3.409681e-01
    outer loop
      vertex   1.342770e+02 2.847518e+01 1.032327e+02
      vertex   1.344313e+02 2.846019e+01 1.031941e+02
      vertex   1.342954e+02 2.846019e+01 1.032638e+02
    endloop
  endfacet
  facet normal -2.141058e-01 -9.236414e-01 -3.178763e-01
    outer loop
      vertex   1.342770e+02 2.847518e+01 1.032327e+02
      vertex   1.342954e+02 2.846019e+01 1.032638e+02
      vertex   1.341468e+02 2.847518e+01 1.033204e+02
    endloop
  endfacet
  facet normal -2.141058e-01 -9.236414e-01 -3.178763e-01
    outer loop
      vertex   1.341468e+02 2.847518e+01 1.033204e+02
      vertex   1.342954e+02 2.846019e+01 1.032638e+02
      vertex   1.341688e+02 2.846019e+01 1.033491e+02
    endloop
  endfacet
  facet normal -2.501259e-01 -9.236433e-01 -2.903792e-01
    outer loop
      vertex   1.341468e+02 2.847518e+01 1.033204e+02
      vertex   1.341688e+02 2.846019e+01 1.033491e+02
      vertex   1.340536e+02 2.846019e+01 1.034484e+02
    endloop
  endfacet
  facet normal 9.204666e-01 -3.821095e-01 8.205780e-02
    outer loop
      vertex   1.363301e+02 2.853008e+01 1.044144e+02
      vertex   1.363451e+02 2.856626e+01 1.044149e+02
      vertex   1.363156e+02 2.853008e+01 1.045773e+02
    endloop
  endfacet
  facet normal 9.204666e-01 -3.821095e-01 8.205780e-02
    outer loop
      vertex   1.363156e+02 2.853008e+01 1.045773e+02
      vertex   1.363451e+02 2.856626e+01 1.044149e+02
      vertex   1.363304e+02 2.856626e+01 1.045795e+02
    endloop
  endfacet
  facet normal 9.043007e-01 -3.821095e-01 1.903484e-01
    outer loop
      vertex   1.363156e+02 2.853008e+01 1.045773e+02
      vertex   1.363304e+02 2.856626e+01 1.045795e+02
      vertex   1.362819e+02 2.853008e+01 1.047373e+02
    endloop
  endfacet
  facet normal 9.043007e-01 -3.821095e-01 1.903484e-01
    outer loop
      vertex   1.362819e+02 2.853008e+01 1.047373e+02
      vertex   1.363304e+02 2.856626e+01 1.045795e+02
      vertex   1.362964e+02 2.856626e+01 1.047412e+02
    endloop
  endfacet
  facet normal 8.754404e-01 -3.821095e-01 2.959668e-01
    outer loop
      vertex   1.362819e+02 2.853008e+01 1.047373e+02
      vertex   1.362964e+02 2.856626e+01 1.047412e+02
      vertex   1.362296e+02 2.853008e+01 1.048922e+02
    endloop
  endfacet
  facet normal 8.754404e-01 -3.821095e-01 2.959668e-01
    outer loop
      vertex   1.362296e+02 2.853008e+01 1.048922e+02
      vertex   1.362964e+02 2.856626e+01 1.047412e+02
      vertex   1.362435e+02 2.856626e+01 1.048978e+02
    endloop
  endfacet
  facet normal 8.342909e-01 -3.821095e-01 3.974306e-01
    outer loop
      vertex   1.362296e+02 2.853008e+01 1.048922e+02
      vertex   1.362435e+02 2.856626e+01 1.048978e+02
      vertex   1.361593e+02 2.853008e+01 1.050398e+02
    endloop
  endfacet
  facet normal 8.342909e-01 -3.821095e-01 3.974306e-01
    outer loop
      vertex   1.361593e+02 2.853008e+01 1.050398e+02
      vertex   1.362435e+02 2.856626e+01 1.048978e+02
      vertex   1.361724e+02 2.856626e+01 1.050470e+02
    endloop
  endfacet
  facet normal 7.814297e-01 -3.821095e-01 4.933153e-01
    outer loop
      vertex   1.361593e+02 2.853008e+01 1.050398e+02
      vertex   1.361724e+02 2.856626e+01 1.050470e+02
      vertex   1.360720e+02 2.853008e+01 1.051780e+02
    endloop
  endfacet
  facet normal 7.814297e-01 -3.821095e-01 4.933153e-01
    outer loop
      vertex   1.360720e+02 2.853008e+01 1.051780e+02
      vertex   1.361724e+02 2.856626e+01 1.050470e+02
      vertex   1.360842e+02 2.856626e+01 1.051867e+02
    endloop
  endfacet
  facet normal 7.175989e-01 -3.821095e-01 5.822749e-01
    outer loop
      vertex   1.360720e+02 2.853008e+01 1.051780e+02
      vertex   1.360842e+02 2.856626e+01 1.051867e+02
      vertex   1.359690e+02 2.853008e+01 1.053050e+02
    endloop
  endfacet
  facet normal 7.175989e-01 -3.821095e-01 5.822749e-01
    outer loop
      vertex   1.359690e+02 2.853008e+01 1.053050e+02
      vertex   1.360842e+02 2.856626e+01 1.051867e+02
      vertex   1.359800e+02 2.856626e+01 1.053151e+02
    endloop
  endfacet
  facet normal 6.091672e-01 -7.928361e-01 -1.805958e-02
    outer loop
      vertex   1.363063e+02 2.849901e+01 1.044137e+02
      vertex   1.362753e+02 2.847518e+01 1.044128e+02
      vertex   1.363016e+02 2.849901e+01 1.042531e+02
    endloop
  endfacet
  facet normal 6.091672e-01 -7.928361e-01 -1.805958e-02
    outer loop
      vertex   1.363016e+02 2.849901e+01 1.042531e+02
      vertex   1.362753e+02 2.847518e+01 1.044128e+02
      vertex   1.362706e+02 2.847518e+01 1.042559e+02
    endloop
  endfacet
  facet normal 6.027556e-01 -7.928361e-01 -8.998097e-02
    outer loop
      vertex   1.363016e+02 2.849901e+01 1.042531e+02
      vertex   1.362706e+02 2.847518e+01 1.042559e+02
      vertex   1.362778e+02 2.849901e+01 1.040942e+02
    endloop
  endfacet
  facet normal 6.027556e-01 -7.928361e-01 -8.998097e-02
    outer loop
      vertex   1.362778e+02 2.849901e+01 1.040942e+02
      vertex   1.362706e+02 2.847518e+01 1.042559e+02
      vertex   1.362474e+02 2.847518e+01 1.041006e+02
    endloop
  endfacet
  facet normal 5.878826e-01 -7.928361e-01 -1.606392e-01
    outer loop
      vertex   1.362778e+02 2.849901e+01 1.040942e+02
      vertex   1.362474e+02 2.847518e+01 1.041006e+02
      vertex   1.362355e+02 2.849901e+01 1.039392e+02
    endloop
  endfacet
  facet normal 5.878826e-01 -7.928361e-01 -1.606392e-01
    outer loop
      vertex   1.362355e+02 2.849901e+01 1.039392e+02
      vertex   1.362474e+02 2.847518e+01 1.041006e+02
      vertex   1.362060e+02 2.847518e+01 1.039492e+02
    endloop
  endfacet
  facet normal 5.647570e-01 -7.928361e-01 -2.290424e-01
    outer loop
      vertex   1.362355e+02 2.849901e+01 1.039392e+02
      vertex   1.362060e+02 2.847518e+01 1.039492e+02
      vertex   1.361751e+02 2.849901e+01 1.037904e+02
    endloop
  endfacet
  facet normal 5.647570e-01 -7.928361e-01 -2.290424e-01
    outer loop
      vertex   1.361751e+02 2.849901e+01 1.037904e+02
      vertex   1.362060e+02 2.847518e+01 1.039492e+02
      vertex   1.361470e+02 2.847518e+01 1.038037e+02
    endloop
  endfacet
  facet normal 5.337034e-01 -7.928361e-01 -2.942304e-01
    outer loop
      vertex   1.361751e+02 2.849901e+01 1.037904e+02
      vertex   1.361470e+02 2.847518e+01 1.038037e+02
      vertex   1.360975e+02 2.849901e+01 1.036496e+02
    endloop
  endfacet
  facet normal 5.337034e-01 -7.928361e-01 -2.942304e-01
    outer loop
      vertex   1.360975e+02 2.849901e+01 1.036496e+02
      vertex   1.361470e+02 2.847518e+01 1.038037e+02
      vertex   1.360713e+02 2.847518e+01 1.036662e+02
    endloop
  endfacet
  facet normal 4.951578e-01 -7.928361e-01 -3.552880e-01
    outer loop
      vertex   1.360975e+02 2.849901e+01 1.036496e+02
      vertex   1.360713e+02 2.847518e+01 1.036662e+02
      vertex   1.360039e+02 2.849901e+01 1.035191e+02
    endloop
  endfacet
  facet normal 4.951578e-01 -7.928361e-01 -3.552880e-01
    outer loop
      vertex   1.360039e+02 2.849901e+01 1.035191e+02
      vertex   1.360713e+02 2.847518e+01 1.036662e+02
      vertex   1.359797e+02 2.847518e+01 1.035387e+02
    endloop
  endfacet
  facet normal 4.496613e-01 -7.928361e-01 -4.113582e-01
    outer loop
      vertex   1.360039e+02 2.849901e+01 1.035191e+02
      vertex   1.359797e+02 2.847518e+01 1.035387e+02
      vertex   1.358954e+02 2.849901e+01 1.034006e+02
    endloop
  endfacet
  facet normal 4.496613e-01 -7.928361e-01 -4.113582e-01
    outer loop
      vertex   1.358954e+02 2.849901e+01 1.034006e+02
      vertex   1.359797e+02 2.847518e+01 1.035387e+02
      vertex   1.358738e+02 2.847518e+01 1.034229e+02
    endloop
  endfacet
  facet normal 3.978526e-01 -7.928361e-01 -4.616538e-01
    outer loop
      vertex   1.358954e+02 2.849901e+01 1.034006e+02
      vertex   1.358738e+02 2.847518e+01 1.034229e+02
      vertex   1.357737e+02 2.849901e+01 1.032957e+02
    endloop
  endfacet
  facet normal 3.978526e-01 -7.928361e-01 -4.616538e-01
    outer loop
      vertex   1.357737e+02 2.849901e+01 1.032957e+02
      vertex   1.358738e+02 2.847518e+01 1.034229e+02
      vertex   1.357549e+02 2.847518e+01 1.033204e+02
    endloop
  endfacet
  facet normal 3.404588e-01 -7.928361e-01 -5.054688e-01
    outer loop
      vertex   1.357737e+02 2.849901e+01 1.032957e+02
      vertex   1.357549e+02 2.847518e+01 1.033204e+02
      vertex   1.356404e+02 2.849901e+01 1.032059e+02
    endloop
  endfacet
  facet normal 3.404588e-01 -7.928361e-01 -5.054688e-01
    outer loop
      vertex   1.356404e+02 2.849901e+01 1.032059e+02
      vertex   1.357549e+02 2.847518e+01 1.033204e+02
      vertex   1.356246e+02 2.847518e+01 1.032327e+02
    endloop
  endfacet
  facet normal 2.782858e-01 -7.928361e-01 -5.421881e-01
    outer loop
      vertex   1.356404e+02 2.849901e+01 1.032059e+02
      vertex   1.356246e+02 2.847518e+01 1.032327e+02
      vertex   1.354975e+02 2.849901e+01 1.031326e+02
    endloop
  endfacet
  facet normal 2.782858e-01 -7.928361e-01 -5.421881e-01
    outer loop
      vertex   1.354975e+02 2.849901e+01 1.031326e+02
      vertex   1.356246e+02 2.847518e+01 1.032327e+02
      vertex   1.354850e+02 2.847518e+01 1.031610e+02
    endloop
  endfacet
  facet normal 2.122062e-01 -7.928361e-01 -5.712962e-01
    outer loop
      vertex   1.354975e+02 2.849901e+01 1.031326e+02
      vertex   1.354850e+02 2.847518e+01 1.031610e+02
      vertex   1.353469e+02 2.849901e+01 1.030766e+02
    endloop
  endfacet
  facet normal 2.122062e-01 -7.928361e-01 -5.712962e-01
    outer loop
      vertex   1.353469e+02 2.849901e+01 1.030766e+02
      vertex   1.354850e+02 2.847518e+01 1.031610e+02
      vertex   1.353378e+02 2.847518e+01 1.031063e+02
    endloop
  endfacet
  facet normal 1.431478e-01 -7.928361e-01 -5.923847e-01
    outer loop
      vertex   1.353469e+02 2.849901e+01 1.030766e+02
      vertex   1.353378e+02 2.847518e+01 1.031063e+02
      vertex   1.351907e+02 2.849901e+01 1.030389e+02
    endloop
  endfacet
  facet normal 1.431478e-01 -7.928361e-01 -5.923847e-01
    outer loop
      vertex   1.351907e+02 2.849901e+01 1.030389e+02
      vertex   1.353378e+02 2.847518e+01 1.031063e+02
      vertex   1.351852e+02 2.847518e+01 1.030694e+02
    endloop
  endfacet
  facet normal 7.196957e-02 -7.928329e-01 -6.051746e-01
    outer loop
      vertex   1.351907e+02 2.849901e+01 1.030389e+02
      vertex   1.351852e+02 2.847518e+01 1.030694e+02
      vertex   1.350289e+02 2.847518e+01 1.030508e+02
    endloop
  endfacet
  facet normal 4.527488e-02 -9.235873e-01 -3.807055e-01
    outer loop
      vertex   1.350289e+02 2.847518e+01 1.030508e+02
      vertex   1.351852e+02 2.847518e+01 1.030694e+02
      vertex   1.350270e+02 2.846019e+01 1.030870e+02
    endloop
  endfacet
  facet normal 0.000000e+00 -9.236965e-01 -3.831250e-01
    outer loop
      vertex   1.350289e+02 2.847518e+01 1.030508e+02
      vertex   1.350270e+02 2.846019e+01 1.030870e+02
      vertex   1.348747e+02 2.846019e+01 1.030870e+02
    endloop
  endfacet
  facet normal 7.907338e-01 -6.080878e-01 7.049238e-02
    outer loop
      vertex   1.363063e+02 2.849901e+01 1.044137e+02
      vertex   1.363301e+02 2.853008e+01 1.044144e+02
      vertex   1.362920e+02 2.849901e+01 1.045738e+02
    endloop
  endfacet
  facet normal 7.907338e-01 -6.080878e-01 7.049238e-02
    outer loop
      vertex   1.362920e+02 2.849901e+01 1.045738e+02
      vertex   1.363301e+02 2.853008e+01 1.044144e+02
      vertex   1.363156e+02 2.853008e+01 1.045773e+02
    endloop
  endfacet
  facet normal 7.768464e-01 -6.080878e-01 1.635202e-01
    outer loop
      vertex   1.362920e+02 2.849901e+01 1.045738e+02
      vertex   1.363156e+02 2.853008e+01 1.045773e+02
      vertex   1.362590e+02 2.849901e+01 1.047310e+02
    endloop
  endfacet
  facet normal 7.768464e-01 -6.080878e-01 1.635202e-01
    outer loop
      vertex   1.362590e+02 2.849901e+01 1.047310e+02
      vertex   1.363156e+02 2.853008e+01 1.045773e+02
      vertex   1.362819e+02 2.853008e+01 1.047373e+02
    endloop
  endfacet
  facet normal 7.520537e-01 -6.080878e-01 2.542525e-01
    outer loop
      vertex   1.362590e+02 2.849901e+01 1.047310e+02
      vertex   1.362819e+02 2.853008e+01 1.047373e+02
      vertex   1.362075e+02 2.849901e+01 1.048832e+02
    endloop
  endfacet
  facet normal 7.520537e-01 -6.080878e-01 2.542525e-01
    outer loop
      vertex   1.362075e+02 2.849901e+01 1.048832e+02
      vertex   1.362819e+02 2.853008e+01 1.047373e+02
      vertex   1.362296e+02 2.853008e+01 1.048922e+02
    endloop
  endfacet
  facet normal 7.167039e-01 -6.080878e-01 3.414158e-01
    outer loop
      vertex   1.362075e+02 2.849901e+01 1.048832e+02
      vertex   1.362296e+02 2.853008e+01 1.048922e+02
      vertex   1.361384e+02 2.849901e+01 1.050282e+02
    endloop
  endfacet
  facet normal 7.167039e-01 -6.080878e-01 3.414158e-01
    outer loop
      vertex   1.361384e+02 2.849901e+01 1.050282e+02
      vertex   1.362296e+02 2.853008e+01 1.048922e+02
      vertex   1.361593e+02 2.853008e+01 1.050398e+02
    endloop
  endfacet
  facet normal 6.712931e-01 -6.080878e-01 4.237862e-01
    outer loop
      vertex   1.361384e+02 2.849901e+01 1.050282e+02
      vertex   1.361593e+02 2.853008e+01 1.050398e+02
      vertex   1.360526e+02 2.849901e+01 1.051641e+02
    endloop
  endfacet
  facet normal 6.712931e-01 -6.080878e-01 4.237862e-01
    outer loop
      vertex   1.360526e+02 2.849901e+01 1.051641e+02
      vertex   1.361593e+02 2.853008e+01 1.050398e+02
      vertex   1.360720e+02 2.853008e+01 1.051780e+02
    endloop
  endfacet
  facet normal 6.164588e-01 -6.080878e-01 5.002077e-01
    outer loop
      vertex   1.360526e+02 2.849901e+01 1.051641e+02
      vertex   1.360720e+02 2.853008e+01 1.051780e+02
      vertex   1.359514e+02 2.849901e+01 1.052889e+02
    endloop
  endfacet
  facet normal 6.164588e-01 -6.080878e-01 5.002077e-01
    outer loop
      vertex   1.359514e+02 2.849901e+01 1.052889e+02
      vertex   1.360720e+02 2.853008e+01 1.051780e+02
      vertex   1.359690e+02 2.853008e+01 1.053050e+02
    endloop
  endfacet
  facet normal 3.830896e-01 -9.236414e-01 -1.135721e-02
    outer loop
      vertex   1.362753e+02 2.847518e+01 1.044128e+02
      vertex   1.362391e+02 2.846019e+01 1.044117e+02
      vertex   1.362706e+02 2.847518e+01 1.042559e+02
    endloop
  endfacet
  facet normal 3.830896e-01 -9.236414e-01 -1.135721e-02
    outer loop
      vertex   1.362706e+02 2.847518e+01 1.042559e+02
      vertex   1.362391e+02 2.846019e+01 1.044117e+02
      vertex   1.362346e+02 2.846019e+01 1.042591e+02
    endloop
  endfacet
  facet normal 3.790575e-01 -9.236414e-01 -5.658671e-02
    outer loop
      vertex   1.362706e+02 2.847518e+01 1.042559e+02
      vertex   1.362346e+02 2.846019e+01 1.042591e+02
      vertex   1.362474e+02 2.847518e+01 1.041006e+02
    endloop
  endfacet
  facet normal 3.790575e-01 -9.236414e-01 -5.658671e-02
    outer loop
      vertex   1.362474e+02 2.847518e+01 1.041006e+02
      vertex   1.362346e+02 2.846019e+01 1.042591e+02
      vertex   1.362120e+02 2.846019e+01 1.041081e+02
    endloop
  endfacet
  facet normal 3.697042e-01 -9.236414e-01 -1.010219e-01
    outer loop
      vertex   1.362474e+02 2.847518e+01 1.041006e+02
      vertex   1.362120e+02 2.846019e+01 1.041081e+02
      vertex   1.362060e+02 2.847518e+01 1.039492e+02
    endloop
  endfacet
  facet normal 3.697042e-01 -9.236414e-01 -1.010219e-01
    outer loop
      vertex   1.362060e+02 2.847518e+01 1.039492e+02
      vertex   1.362120e+02 2.846019e+01 1.041081e+02
      vertex   1.361718e+02 2.846019e+01 1.039608e+02
    endloop
  endfacet
  facet normal 3.551611e-01 -9.236414e-01 -1.440389e-01
    outer loop
      vertex   1.362060e+02 2.847518e+01 1.039492e+02
      vertex   1.361718e+02 2.846019e+01 1.039608e+02
      vertex   1.361470e+02 2.847518e+01 1.038037e+02
    endloop
  endfacet
  facet normal 3.551611e-01 -9.236414e-01 -1.440389e-01
    outer loop
      vertex   1.361470e+02 2.847518e+01 1.038037e+02
      vertex   1.361718e+02 2.846019e+01 1.039608e+02
      vertex   1.361144e+02 2.846019e+01 1.038193e+02
    endloop
  endfacet
  facet normal 3.356323e-01 -9.236414e-01 -1.850339e-01
    outer loop
      vertex   1.361470e+02 2.847518e+01 1.038037e+02
      vertex   1.361144e+02 2.846019e+01 1.038193e+02
      vertex   1.360713e+02 2.847518e+01 1.036662e+02
    endloop
  endfacet
  facet normal 3.356323e-01 -9.236414e-01 -1.850339e-01
    outer loop
      vertex   1.360713e+02 2.847518e+01 1.036662e+02
      vertex   1.361144e+02 2.846019e+01 1.038193e+02
      vertex   1.360407e+02 2.846019e+01 1.036855e+02
    endloop
  endfacet
  facet normal 3.113920e-01 -9.236414e-01 -2.234315e-01
    outer loop
      vertex   1.360713e+02 2.847518e+01 1.036662e+02
      vertex   1.360407e+02 2.846019e+01 1.036855e+02
      vertex   1.359797e+02 2.847518e+01 1.035387e+02
    endloop
  endfacet
  facet normal 3.113920e-01 -9.236414e-01 -2.234315e-01
    outer loop
      vertex   1.359797e+02 2.847518e+01 1.035387e+02
      vertex   1.360407e+02 2.846019e+01 1.036855e+02
      vertex   1.359516e+02 2.846019e+01 1.035615e+02
    endloop
  endfacet
  facet normal 2.827804e-01 -9.236414e-01 -2.586926e-01
    outer loop
      vertex   1.359797e+02 2.847518e+01 1.035387e+02
      vertex   1.359516e+02 2.846019e+01 1.035615e+02
      vertex   1.358738e+02 2.847518e+01 1.034229e+02
    endloop
  endfacet
  facet normal 2.827804e-01 -9.236414e-01 -2.586926e-01
    outer loop
      vertex   1.358738e+02 2.847518e+01 1.034229e+02
      vertex   1.359516e+02 2.846019e+01 1.035615e+02
      vertex   1.358486e+02 2.846019e+01 1.034488e+02
    endloop
  endfacet
  facet normal 2.501992e-01 -9.236414e-01 -2.903222e-01
    outer loop
      vertex   1.358738e+02 2.847518e+01 1.034229e+02
      vertex   1.358486e+02 2.846019e+01 1.034488e+02
      vertex   1.357549e+02 2.847518e+01 1.033204e+02
    endloop
  endfacet
  facet normal 2.501992e-01 -9.236414e-01 -2.903222e-01
    outer loop
      vertex   1.357549e+02 2.847518e+01 1.033204e+02
      vertex   1.358486e+02 2.846019e+01 1.034488e+02
      vertex   1.357329e+02 2.846019e+01 1.033491e+02
    endloop
  endfacet
  facet normal 2.141058e-01 -9.236414e-01 -3.178763e-01
    outer loop
      vertex   1.357549e+02 2.847518e+01 1.033204e+02
      vertex   1.357329e+02 2.846019e+01 1.033491e+02
      vertex   1.356246e+02 2.847518e+01 1.032327e+02
    endloop
  endfacet
  facet normal 2.141058e-01 -9.236414e-01 -3.178763e-01
    outer loop
      vertex   1.356246e+02 2.847518e+01 1.032327e+02
      vertex   1.357329e+02 2.846019e+01 1.033491e+02
      vertex   1.356062e+02 2.846019e+01 1.032638e+02
    endloop
  endfacet
  facet normal 1.750068e-01 -9.236414e-01 -3.409681e-01
    outer loop
      vertex   1.356246e+02 2.847518e+01 1.032327e+02
      vertex   1.356062e+02 2.846019e+01 1.032638e+02
      vertex   1.354850e+02 2.847518e+01 1.031610e+02
    endloop
  endfacet
  facet normal 1.750068e-01 -9.236414e-01 -3.409681e-01
    outer loop
      vertex   1.354850e+02 2.847518e+01 1.031610e+02
      vertex   1.356062e+02 2.846019e+01 1.032638e+02
      vertex   1.354704e+02 2.846019e+01 1.031941e+02
    endloop
  endfacet
  facet normal 1.334510e-01 -9.236414e-01 -3.592735e-01
    outer loop
      vertex   1.354850e+02 2.847518e+01 1.031610e+02
      vertex   1.354704e+02 2.846019e+01 1.031941e+02
      vertex   1.353378e+02 2.847518e+01 1.031063e+02
    endloop
  endfacet
  facet normal 1.334510e-01 -9.236414e-01 -3.592735e-01
    outer loop
      vertex   1.353378e+02 2.847518e+01 1.031063e+02
      vertex   1.354704e+02 2.846019e+01 1.031941e+02
      vertex   1.353273e+02 2.846019e+01 1.031409e+02
    endloop
  endfacet
  facet normal 9.002193e-02 -9.236414e-01 -3.725354e-01
    outer loop
      vertex   1.353378e+02 2.847518e+01 1.031063e+02
      vertex   1.353273e+02 2.846019e+01 1.031409e+02
      vertex   1.351852e+02 2.847518e+01 1.030694e+02
    endloop
  endfacet
  facet normal 9.002193e-02 -9.236414e-01 -3.725354e-01
    outer loop
      vertex   1.351852e+02 2.847518e+01 1.030694e+02
      vertex   1.353273e+02 2.846019e+01 1.031409e+02
      vertex   1.351788e+02 2.846019e+01 1.031051e+02
    endloop
  endfacet
  facet normal 4.529452e-02 -9.236406e-01 -3.805737e-01
    outer loop
      vertex   1.351852e+02 2.847518e+01 1.030694e+02
      vertex   1.351788e+02 2.846019e+01 1.031051e+02
      vertex   1.350270e+02 2.846019e+01 1.030870e+02
    endloop
  endfacet
  facet normal 6.070275e-01 -7.928361e-01 5.411532e-02
    outer loop
      vertex   1.362753e+02 2.847518e+01 1.044128e+02
      vertex   1.363063e+02 2.849901e+01 1.044137e+02
      vertex   1.362613e+02 2.847518e+01 1.045692e+02
    endloop
  endfacet
  facet normal 6.070275e-01 -7.928361e-01 5.411532e-02
    outer loop
      vertex   1.362613e+02 2.847518e+01 1.045692e+02
      vertex   1.363063e+02 2.849901e+01 1.044137e+02
      vertex   1.362920e+02 2.849901e+01 1.045738e+02
    endloop
  endfacet
  facet normal 5.963665e-01 -7.928361e-01 1.255306e-01
    outer loop
      vertex   1.362613e+02 2.847518e+01 1.045692e+02
      vertex   1.362920e+02 2.849901e+01 1.045738e+02
      vertex   1.362290e+02 2.847518e+01 1.047228e+02
    endloop
  endfacet
  facet normal 5.963665e-01 -7.928361e-01 1.255306e-01
    outer loop
      vertex   1.362290e+02 2.847518e+01 1.047228e+02
      vertex   1.362920e+02 2.849901e+01 1.045738e+02
      vertex   1.362590e+02 2.849901e+01 1.047310e+02
    endloop
  endfacet
  facet normal 5.773337e-01 -7.928361e-01 1.951836e-01
    outer loop
      vertex   1.362290e+02 2.847518e+01 1.047228e+02
      vertex   1.362590e+02 2.849901e+01 1.047310e+02
      vertex   1.361787e+02 2.847518e+01 1.048715e+02
    endloop
  endfacet
  facet normal 5.773337e-01 -7.928361e-01 1.951836e-01
    outer loop
      vertex   1.361787e+02 2.847518e+01 1.048715e+02
      vertex   1.362590e+02 2.849901e+01 1.047310e+02
      vertex   1.362075e+02 2.849901e+01 1.048832e+02
    endloop
  endfacet
  facet normal 5.501965e-01 -7.928361e-01 2.620967e-01
    outer loop
      vertex   1.361787e+02 2.847518e+01 1.048715e+02
      vertex   1.362075e+02 2.849901e+01 1.048832e+02
      vertex   1.361112e+02 2.847518e+01 1.050132e+02
    endloop
  endfacet
  facet normal 5.501965e-01 -7.928361e-01 2.620967e-01
    outer loop
      vertex   1.361112e+02 2.847518e+01 1.050132e+02
      vertex   1.362075e+02 2.849901e+01 1.048832e+02
      vertex   1.361384e+02 2.849901e+01 1.050282e+02
    endloop
  endfacet
  facet normal 5.153357e-01 -7.928361e-01 3.253306e-01
    outer loop
      vertex   1.361112e+02 2.847518e+01 1.050132e+02
      vertex   1.361384e+02 2.849901e+01 1.050282e+02
      vertex   1.360274e+02 2.847518e+01 1.051460e+02
    endloop
  endfacet
  facet normal 5.153357e-01 -7.928361e-01 3.253306e-01
    outer loop
      vertex   1.360274e+02 2.847518e+01 1.051460e+02
      vertex   1.361384e+02 2.849901e+01 1.050282e+02
      vertex   1.360526e+02 2.849901e+01 1.051641e+02
    endloop
  endfacet
  facet normal 4.732407e-01 -7.928361e-01 3.839975e-01
    outer loop
      vertex   1.360274e+02 2.847518e+01 1.051460e+02
      vertex   1.360526e+02 2.849901e+01 1.051641e+02
      vertex   1.359285e+02 2.847518e+01 1.052679e+02
    endloop
  endfacet
  facet normal 4.732407e-01 -7.928361e-01 3.839975e-01
    outer loop
      vertex   1.359285e+02 2.847518e+01 1.052679e+02
      vertex   1.360526e+02 2.849901e+01 1.051641e+02
      vertex   1.359514e+02 2.849901e+01 1.052889e+02
    endloop
  endfacet
  facet normal 3.817440e-01 -9.236414e-01 3.403173e-02
    outer loop
      vertex   1.362391e+02 2.846019e+01 1.044117e+02
      vertex   1.362753e+02 2.847518e+01 1.044128e+02
      vertex   1.362255e+02 2.846019e+01 1.045638e+02
    endloop
  endfacet
  facet normal 3.817440e-01 -9.236414e-01 3.403173e-02
    outer loop
      vertex   1.362255e+02 2.846019e+01 1.045638e+02
      vertex   1.362753e+02 2.847518e+01 1.044128e+02
      vertex   1.362613e+02 2.847518e+01 1.045692e+02
    endloop
  endfacet
  facet normal 3.750395e-01 -9.236414e-01 7.894293e-02
    outer loop
      vertex   1.362255e+02 2.846019e+01 1.045638e+02
      vertex   1.362613e+02 2.847518e+01 1.045692e+02
      vertex   1.361941e+02 2.846019e+01 1.047133e+02
    endloop
  endfacet
  facet normal 3.750395e-01 -9.236414e-01 7.894293e-02
    outer loop
      vertex   1.361941e+02 2.846019e+01 1.047133e+02
      vertex   1.362613e+02 2.847518e+01 1.045692e+02
      vertex   1.362290e+02 2.847518e+01 1.047228e+02
    endloop
  endfacet
  facet normal 3.630703e-01 -9.236414e-01 1.227459e-01
    outer loop
      vertex   1.361941e+02 2.846019e+01 1.047133e+02
      vertex   1.362290e+02 2.847518e+01 1.047228e+02
      vertex   1.361452e+02 2.846019e+01 1.048579e+02
    endloop
  endfacet
  facet normal 3.630703e-01 -9.236414e-01 1.227459e-01
    outer loop
      vertex   1.361452e+02 2.846019e+01 1.048579e+02
      vertex   1.362290e+02 2.847518e+01 1.047228e+02
      vertex   1.361787e+02 2.847518e+01 1.048715e+02
    endloop
  endfacet
  facet normal 3.460044e-01 -9.236414e-01 1.648259e-01
    outer loop
      vertex   1.361452e+02 2.846019e+01 1.048579e+02
      vertex   1.361787e+02 2.847518e+01 1.048715e+02
      vertex   1.360795e+02 2.846019e+01 1.049958e+02
    endloop
  endfacet
  facet normal 3.460044e-01 -9.236414e-01 1.648259e-01
    outer loop
      vertex   1.360795e+02 2.846019e+01 1.049958e+02
      vertex   1.361787e+02 2.847518e+01 1.048715e+02
      vertex   1.361112e+02 2.847518e+01 1.050132e+02
    endloop
  endfacet
  facet normal 3.240813e-01 -9.236414e-01 2.045920e-01
    outer loop
      vertex   1.360795e+02 2.846019e+01 1.049958e+02
      vertex   1.361112e+02 2.847518e+01 1.050132e+02
      vertex   1.359980e+02 2.846019e+01 1.051249e+02
    endloop
  endfacet
  facet normal 3.240813e-01 -9.236414e-01 2.045920e-01
    outer loop
      vertex   1.359980e+02 2.846019e+01 1.051249e+02
      vertex   1.361112e+02 2.847518e+01 1.050132e+02
      vertex   1.360274e+02 2.847518e+01 1.051460e+02
    endloop
  endfacet
  facet normal 2.976089e-01 -9.236414e-01 2.414861e-01
    outer loop
      vertex   1.359980e+02 2.846019e+01 1.051249e+02
      vertex   1.360274e+02 2.847518e+01 1.051460e+02
      vertex   1.359018e+02 2.846019e+01 1.052435e+02
    endloop
  endfacet
  facet normal 2.976089e-01 -9.236414e-01 2.414861e-01
    outer loop
      vertex   1.359018e+02 2.846019e+01 1.052435e+02
      vertex   1.360274e+02 2.847518e+01 1.051460e+02
      vertex   1.359285e+02 2.847518e+01 1.052679e+02
    endloop
  endfacet
  facet normal -8.914362e-01 -3.821095e-01 -2.435854e-01
    outer loop
      vertex   1.335859e+02 2.856626e+01 1.040862e+02
      vertex   1.336294e+02 2.856626e+01 1.039268e+02
      vertex   1.336436e+02 2.853008e+01 1.039316e+02
    endloop
  endfacet
  facet normal -8.563697e-01 -3.821095e-01 -3.473087e-01
    outer loop
      vertex   1.336436e+02 2.853008e+01 1.039316e+02
      vertex   1.336294e+02 2.856626e+01 1.039268e+02
      vertex   1.337051e+02 2.853008e+01 1.037801e+02
    endloop
  endfacet
  facet normal -7.356708e-01 -6.080878e-01 -2.983581e-01
    outer loop
      vertex   1.336436e+02 2.853008e+01 1.039316e+02
      vertex   1.337051e+02 2.853008e+01 1.037801e+02
      vertex   1.337266e+02 2.849901e+01 1.037904e+02
    endloop
  endfacet
  facet normal -6.952195e-01 -6.080878e-01 -3.832741e-01
    outer loop
      vertex   1.337266e+02 2.849901e+01 1.037904e+02
      vertex   1.337051e+02 2.853008e+01 1.037801e+02
      vertex   1.338042e+02 2.849901e+01 1.036496e+02
    endloop
  endfacet
  facet normal -5.337034e-01 -7.928361e-01 -2.942304e-01
    outer loop
      vertex   1.337266e+02 2.849901e+01 1.037904e+02
      vertex   1.338042e+02 2.849901e+01 1.036496e+02
      vertex   1.338304e+02 2.847518e+01 1.036662e+02
    endloop
  endfacet
  facet normal -4.951578e-01 -7.928361e-01 -3.552880e-01
    outer loop
      vertex   1.338304e+02 2.847518e+01 1.036662e+02
      vertex   1.338042e+02 2.849901e+01 1.036496e+02
      vertex   1.339219e+02 2.847518e+01 1.035387e+02
    endloop
  endfacet
  facet normal -3.113920e-01 -9.236414e-01 -2.234315e-01
    outer loop
      vertex   1.338304e+02 2.847518e+01 1.036662e+02
      vertex   1.339219e+02 2.847518e+01 1.035387e+02
      vertex   1.339500e+02 2.846019e+01 1.035615e+02
    endloop
  endfacet
  facet normal -8.563697e-01 -3.821095e-01 -3.473087e-01
    outer loop
      vertex   1.336294e+02 2.856626e+01 1.039268e+02
      vertex   1.336915e+02 2.856626e+01 1.037737e+02
      vertex   1.337051e+02 2.853008e+01 1.037801e+02
    endloop
  endfacet
  facet normal -8.092816e-01 -3.821095e-01 -4.461565e-01
    outer loop
      vertex   1.337051e+02 2.853008e+01 1.037801e+02
      vertex   1.336915e+02 2.856626e+01 1.037737e+02
      vertex   1.337840e+02 2.853008e+01 1.036369e+02
    endloop
  endfacet
  facet normal -6.952195e-01 -6.080878e-01 -3.832741e-01
    outer loop
      vertex   1.337051e+02 2.853008e+01 1.037801e+02
      vertex   1.337840e+02 2.853008e+01 1.036369e+02
      vertex   1.338042e+02 2.849901e+01 1.036496e+02
    endloop
  endfacet
  facet normal -6.450088e-01 -6.080878e-01 -4.628098e-01
    outer loop
      vertex   1.338042e+02 2.849901e+01 1.036496e+02
      vertex   1.337840e+02 2.853008e+01 1.036369e+02
      vertex   1.338978e+02 2.849901e+01 1.035191e+02
    endloop
  endfacet
  facet normal -4.951578e-01 -7.928361e-01 -3.552880e-01
    outer loop
      vertex   1.338042e+02 2.849901e+01 1.036496e+02
      vertex   1.338978e+02 2.849901e+01 1.035191e+02
      vertex   1.339219e+02 2.847518e+01 1.035387e+02
    endloop
  endfacet
  facet normal -8.092816e-01 -3.821095e-01 -4.461565e-01
    outer loop
      vertex   1.336915e+02 2.856626e+01 1.037737e+02
      vertex   1.337713e+02 2.856626e+01 1.036289e+02
      vertex   1.337840e+02 2.853008e+01 1.036369e+02
    endloop
  endfacet
  facet normal -7.508330e-01 -3.821095e-01 -5.387413e-01
    outer loop
      vertex   1.337840e+02 2.853008e+01 1.036369e+02
      vertex   1.337713e+02 2.856626e+01 1.036289e+02
      vertex   1.338793e+02 2.853008e+01 1.035041e+02
    endloop
  endfacet
  facet normal -6.450088e-01 -6.080878e-01 -4.628098e-01
    outer loop
      vertex   1.337840e+02 2.853008e+01 1.036369e+02
      vertex   1.338793e+02 2.853008e+01 1.035041e+02
      vertex   1.338978e+02 2.849901e+01 1.035191e+02
    endloop
  endfacet
  facet normal -7.508330e-01 -3.821095e-01 -5.387413e-01
    outer loop
      vertex   1.338677e+02 2.856626e+01 1.034946e+02
      vertex   1.338793e+02 2.853008e+01 1.035041e+02
      vertex   1.337713e+02 2.856626e+01 1.036289e+02
    endloop
  endfacet
  facet normal -6.032964e-01 -3.819380e-01 -7.001120e-01
    outer loop
      vertex   1.339793e+02 2.856626e+01 1.033726e+02
      vertex   1.341044e+02 2.856626e+01 1.032648e+02
      vertex   1.339899e+02 2.853008e+01 1.033833e+02
    endloop
  endfacet
  facet normal -6.032157e-01 -3.821114e-01 -7.000869e-01
    outer loop
      vertex   1.339899e+02 2.853008e+01 1.033833e+02
      vertex   1.341044e+02 2.856626e+01 1.032648e+02
      vertex   1.341135e+02 2.853008e+01 1.032767e+02
    endloop
  endfacet
  facet normal -5.182589e-01 -6.079650e-01 -6.014867e-01
    outer loop
      vertex   1.339899e+02 2.853008e+01 1.033833e+02
      vertex   1.341135e+02 2.853008e+01 1.032767e+02
      vertex   1.340066e+02 2.849901e+01 1.034003e+02
    endloop
  endfacet
  facet normal -5.181667e-01 -6.080911e-01 -6.014386e-01
    outer loop
      vertex   1.340066e+02 2.849901e+01 1.034003e+02
      vertex   1.341135e+02 2.853008e+01 1.032767e+02
      vertex   1.341280e+02 2.849901e+01 1.032957e+02
    endloop
  endfacet
  facet normal -3.978445e-01 -7.927667e-01 -4.617800e-01
    outer loop
      vertex   1.340066e+02 2.849901e+01 1.034003e+02
      vertex   1.341280e+02 2.849901e+01 1.032957e+02
      vertex   1.340283e+02 2.847518e+01 1.034225e+02
    endloop
  endfacet
  facet normal -4.434928e-01 -6.080878e-01 -6.584401e-01
    outer loop
      vertex   1.342612e+02 2.849901e+01 1.032059e+02
      vertex   1.341280e+02 2.849901e+01 1.032957e+02
      vertex   1.341135e+02 2.853008e+01 1.032767e+02
    endloop
  endfacet
  facet normal -5.162550e-01 -3.821095e-01 -7.664679e-01
    outer loop
      vertex   1.341135e+02 2.853008e+01 1.032767e+02
      vertex   1.341044e+02 2.856626e+01 1.032648e+02
      vertex   1.342491e+02 2.853008e+01 1.031854e+02
    endloop
  endfacet
  facet normal -5.162550e-01 -3.821095e-01 -7.664679e-01
    outer loop
      vertex   1.342491e+02 2.853008e+01 1.031854e+02
      vertex   1.341044e+02 2.856626e+01 1.032648e+02
      vertex   1.342415e+02 2.856626e+01 1.031725e+02
    endloop
  endfacet
  facet normal -4.219789e-01 -3.821095e-01 -8.221473e-01
    outer loop
      vertex   1.342491e+02 2.853008e+01 1.031854e+02
      vertex   1.342415e+02 2.856626e+01 1.031725e+02
      vertex   1.343946e+02 2.853008e+01 1.031107e+02
    endloop
  endfacet
  facet normal -4.219789e-01 -3.821095e-01 -8.221473e-01
    outer loop
      vertex   1.343946e+02 2.853008e+01 1.031107e+02
      vertex   1.342415e+02 2.856626e+01 1.031725e+02
      vertex   1.343885e+02 2.856626e+01 1.030970e+02
    endloop
  endfacet
  facet normal -3.217791e-01 -3.821095e-01 -8.662855e-01
    outer loop
      vertex   1.343946e+02 2.853008e+01 1.031107e+02
      vertex   1.343885e+02 2.856626e+01 1.030970e+02
      vertex   1.345478e+02 2.853008e+01 1.030538e+02
    endloop
  endfacet
  facet normal -3.217791e-01 -3.821095e-01 -8.662855e-01
    outer loop
      vertex   1.345478e+02 2.853008e+01 1.030538e+02
      vertex   1.343885e+02 2.856626e+01 1.030970e+02
      vertex   1.345435e+02 2.856626e+01 1.030395e+02
    endloop
  endfacet
  facet normal -2.170622e-01 -3.821095e-01 -8.982629e-01
    outer loop
      vertex   1.345478e+02 2.853008e+01 1.030538e+02
      vertex   1.345435e+02 2.856626e+01 1.030395e+02
      vertex   1.347067e+02 2.853008e+01 1.030154e+02
    endloop
  endfacet
  facet normal -2.170622e-01 -3.821095e-01 -8.982629e-01
    outer loop
      vertex   1.347067e+02 2.853008e+01 1.030154e+02
      vertex   1.345435e+02 2.856626e+01 1.030395e+02
      vertex   1.347041e+02 2.856626e+01 1.030007e+02
    endloop
  endfacet
  facet normal -1.089628e-01 -3.821024e-01 -9.176736e-01
    outer loop
      vertex   1.347067e+02 2.853008e+01 1.030154e+02
      vertex   1.347041e+02 2.856626e+01 1.030007e+02
      vertex   1.348701e+02 2.853008e+01 1.029960e+02
    endloop
  endfacet
  facet normal -1.088950e-01 -3.817723e-01 -9.178190e-01
    outer loop
      vertex   1.348701e+02 2.853008e+01 1.029960e+02
      vertex   1.347041e+02 2.856626e+01 1.030007e+02
      vertex   1.348695e+02 2.856626e+01 1.029810e+02
    endloop
  endfacet
  facet normal 0.000000e+00 -3.824488e-01 -9.239767e-01
    outer loop
      vertex   1.348701e+02 2.853008e+01 1.029960e+02
      vertex   1.348695e+02 2.856626e+01 1.029810e+02
      vertex   1.350322e+02 2.856626e+01 1.029810e+02
    endloop
  endfacet
  facet normal -3.625041e-01 -6.080878e-01 -7.062719e-01
    outer loop
      vertex   1.344042e+02 2.849901e+01 1.031326e+02
      vertex   1.342612e+02 2.849901e+01 1.032059e+02
      vertex   1.342491e+02 2.853008e+01 1.031854e+02
    endloop
  endfacet
  facet normal -4.434928e-01 -6.080878e-01 -6.584401e-01
    outer loop
      vertex   1.342491e+02 2.853008e+01 1.031854e+02
      vertex   1.342612e+02 2.849901e+01 1.032059e+02
      vertex   1.341135e+02 2.853008e+01 1.032767e+02
    endloop
  endfacet
  facet normal -3.625041e-01 -6.080878e-01 -7.062719e-01
    outer loop
      vertex   1.344042e+02 2.849901e+01 1.031326e+02
      vertex   1.342491e+02 2.853008e+01 1.031854e+02
      vertex   1.343946e+02 2.853008e+01 1.031107e+02
    endloop
  endfacet
  facet normal -2.764267e-01 -6.080878e-01 -7.441891e-01
    outer loop
      vertex   1.345548e+02 2.849901e+01 1.030766e+02
      vertex   1.344042e+02 2.849901e+01 1.031326e+02
      vertex   1.343946e+02 2.853008e+01 1.031107e+02
    endloop
  endfacet
  facet normal -2.764267e-01 -6.080878e-01 -7.441891e-01
    outer loop
      vertex   1.345548e+02 2.849901e+01 1.030766e+02
      vertex   1.343946e+02 2.853008e+01 1.031107e+02
      vertex   1.345478e+02 2.853008e+01 1.030538e+02
    endloop
  endfacet
  facet normal -1.864689e-01 -6.080878e-01 -7.716596e-01
    outer loop
      vertex   1.347110e+02 2.849901e+01 1.030389e+02
      vertex   1.345548e+02 2.849901e+01 1.030766e+02
      vertex   1.345478e+02 2.853008e+01 1.030538e+02
    endloop
  endfacet
  facet normal -1.864689e-01 -6.080878e-01 -7.716596e-01
    outer loop
      vertex   1.347110e+02 2.849901e+01 1.030389e+02
      vertex   1.345478e+02 2.853008e+01 1.030538e+02
      vertex   1.347067e+02 2.853008e+01 1.030154e+02
    endloop
  endfacet
  facet normal -9.367773e-02 -6.080816e-01 -7.883281e-01
    outer loop
      vertex   1.348713e+02 2.849901e+01 1.030198e+02
      vertex   1.347110e+02 2.849901e+01 1.030389e+02
      vertex   1.347067e+02 2.853008e+01 1.030154e+02
    endloop
  endfacet
  facet normal -9.362728e-02 -6.078416e-01 -7.885192e-01
    outer loop
      vertex   1.348713e+02 2.849901e+01 1.030198e+02
      vertex   1.347067e+02 2.853008e+01 1.030154e+02
      vertex   1.348701e+02 2.853008e+01 1.029960e+02
    endloop
  endfacet
  facet normal -0.000000e+00 -6.083384e-01 -7.936777e-01
    outer loop
      vertex   1.350316e+02 2.853008e+01 1.029960e+02
      vertex   1.348713e+02 2.849901e+01 1.030198e+02
      vertex   1.348701e+02 2.853008e+01 1.029960e+02
    endloop
  endfacet
  facet normal -0.000000e+00 -3.824488e-01 -9.239767e-01
    outer loop
      vertex   1.350316e+02 2.853008e+01 1.029960e+02
      vertex   1.348701e+02 2.853008e+01 1.029960e+02
      vertex   1.350322e+02 2.856626e+01 1.029810e+02
    endloop
  endfacet
  facet normal 1.088950e-01 -3.817723e-01 -9.178190e-01
    outer loop
      vertex   1.351976e+02 2.856626e+01 1.030007e+02
      vertex   1.350316e+02 2.853008e+01 1.029960e+02
      vertex   1.350322e+02 2.856626e+01 1.029810e+02
    endloop
  endfacet
  facet normal 9.983082e-01 0.000000e+00 -5.814483e-02
    outer loop
      vertex   1.363414e+02 4.330508e+01 1.042110e+02
      vertex   1.363508e+02 4.330508e+01 1.043735e+02
      vertex   1.363508e+02 4.036508e+01 1.043735e+02
    endloop
  endfacet
  facet normal 9.983082e-01 -0.000000e+00 5.814483e-02
    outer loop
      vertex   1.363508e+02 4.036508e+01 1.043735e+02
      vertex   1.363508e+02 4.330508e+01 1.043735e+02
      vertex   1.363414e+02 4.330508e+01 1.045361e+02
    endloop
  endfacet
  facet normal 9.982437e-01 -6.078577e-05 5.924063e-02
    outer loop
      vertex   1.363508e+02 4.036508e+01 1.043735e+02
      vertex   1.363414e+02 4.330508e+01 1.045361e+02
      vertex   1.363410e+02 4.036508e+01 1.045391e+02
    endloop
  endfacet
  facet normal 9.848078e-01 5.964013e-05 1.736482e-01
    outer loop
      vertex   1.363410e+02 4.036508e+01 1.045391e+02
      vertex   1.363414e+02 4.330508e+01 1.045361e+02
      vertex   1.363131e+02 4.330508e+01 1.046964e+02
    endloop
  endfacet
  facet normal 9.842306e-01 -1.192802e-04 1.768903e-01
    outer loop
      vertex   1.363410e+02 4.036508e+01 1.045391e+02
      vertex   1.363131e+02 4.330508e+01 1.046964e+02
      vertex   1.363117e+02 4.036508e+01 1.047024e+02
    endloop
  endfacet
  facet normal 9.579895e-01 1.169888e-04 2.868032e-01
    outer loop
      vertex   1.363117e+02 4.036508e+01 1.047024e+02
      vertex   1.363131e+02 4.330508e+01 1.046964e+02
      vertex   1.362664e+02 4.330508e+01 1.048524e+02
    endloop
  endfacet
  facet normal 9.564010e-01 -1.754830e-04 2.920568e-01
    outer loop
      vertex   1.363117e+02 4.036508e+01 1.047024e+02
      vertex   1.362664e+02 4.330508e+01 1.048524e+02
      vertex   1.362632e+02 4.036508e+01 1.048610e+02
    endloop
  endfacet
  facet normal 9.182161e-01 1.720456e-04 3.960798e-01
    outer loop
      vertex   1.362632e+02 4.036508e+01 1.048610e+02
      vertex   1.362664e+02 4.330508e+01 1.048524e+02
      vertex   1.362019e+02 4.330508e+01 1.050019e+02
    endloop
  endfacet
  facet normal 9.151456e-01 -2.293938e-04 4.031234e-01
    outer loop
      vertex   1.362632e+02 4.036508e+01 1.048610e+02
      vertex   1.362019e+02 4.330508e+01 1.050019e+02
      vertex   1.361964e+02 4.036508e+01 1.050128e+02
    endloop
  endfacet
  facet normal 8.660254e-01 2.248104e-04 5.000000e-01
    outer loop
      vertex   1.361964e+02 4.036508e+01 1.050128e+02
      vertex   1.362019e+02 4.330508e+01 1.050019e+02
      vertex   1.361205e+02 4.330508e+01 1.051429e+02
    endloop
  endfacet
  facet normal 8.610436e-01 -2.810125e-04 5.085311e-01
    outer loop
      vertex   1.361964e+02 4.036508e+01 1.050128e+02
      vertex   1.361205e+02 4.330508e+01 1.051429e+02
      vertex   1.361120e+02 4.036508e+01 1.051557e+02
    endloop
  endfacet
  facet normal 8.021232e-01 2.752829e-04 5.971586e-01
    outer loop
      vertex   1.361120e+02 4.036508e+01 1.051557e+02
      vertex   1.361205e+02 4.330508e+01 1.051429e+02
      vertex   1.360233e+02 4.330508e+01 1.052735e+02
    endloop
  endfacet
  facet normal 7.948544e-01 -3.303388e-04 6.068001e-01
    outer loop
      vertex   1.361120e+02 4.036508e+01 1.051557e+02
      vertex   1.360233e+02 4.330508e+01 1.052735e+02
      vertex   1.360114e+02 4.036508e+01 1.052875e+02
    endloop
  endfacet
  facet normal 7.273736e-01 3.234629e-04 6.862416e-01
    outer loop
      vertex   1.360114e+02 4.036508e+01 1.052875e+02
      vertex   1.360233e+02 4.330508e+01 1.052735e+02
      vertex   1.359116e+02 4.330508e+01 1.053919e+02
    endloop
  endfacet
  facet normal 7.175072e-01 -3.773724e-04 6.965510e-01
    outer loop
      vertex   1.360114e+02 4.036508e+01 1.052875e+02
      vertex   1.359116e+02 4.330508e+01 1.053919e+02
      vertex   1.358958e+02 4.036508e+01 1.054065e+02
    endloop
  endfacet
  facet normal 6.427876e-01 3.693501e-04 7.660444e-01
    outer loop
      vertex   1.358958e+02 4.036508e+01 1.054065e+02
      vertex   1.359116e+02 4.330508e+01 1.053919e+02
      vertex   1.357869e+02 4.330508e+01 1.054965e+02
    endloop
  endfacet
  facet normal 6.300878e-01 -4.221131e-04 7.765238e-01
    outer loop
      vertex   1.358958e+02 4.036508e+01 1.054065e+02
      vertex   1.357869e+02 4.330508e+01 1.054965e+02
      vertex   1.357670e+02 4.036508e+01 1.055110e+02
    endloop
  endfacet
  facet normal 5.495089e-01 4.129443e-04 8.354877e-01
    outer loop
      vertex   1.357670e+02 4.036508e+01 1.055110e+02
      vertex   1.357869e+02 4.330508e+01 1.054965e+02
      vertex   1.356508e+02 4.330508e+01 1.055860e+02
    endloop
  endfacet
  facet normal 5.338233e-01 -4.645607e-04 8.455959e-01
    outer loop
      vertex   1.357670e+02 4.036508e+01 1.055110e+02
      vertex   1.356508e+02 4.330508e+01 1.055860e+02
      vertex   1.356268e+02 4.036508e+01 1.055996e+02
    endloop
  endfacet
  facet normal 4.487991e-01 4.542453e-04 8.936325e-01
    outer loop
      vertex   1.356268e+02 4.036508e+01 1.055996e+02
      vertex   1.356508e+02 4.330508e+01 1.055860e+02
      vertex   1.355054e+02 4.330508e+01 1.056591e+02
    endloop
  endfacet
  facet normal 4.300651e-01 -5.047150e-04 9.027977e-01
    outer loop
      vertex   1.356268e+02 4.036508e+01 1.055996e+02
      vertex   1.355054e+02 4.330508e+01 1.056591e+02
      vertex   1.354770e+02 4.036508e+01 1.056709e+02
    endloop
  endfacet
  facet normal 3.420201e-01 4.932528e-04 9.396925e-01
    outer loop
      vertex   1.354770e+02 4.036508e+01 1.056709e+02
      vertex   1.355054e+02 4.330508e+01 1.056591e+02
      vertex   1.353524e+02 4.330508e+01 1.057147e+02
    endloop
  endfacet
  facet normal 3.202698e-01 -5.425758e-04 9.473262e-01
    outer loop
      vertex   1.354770e+02 4.036508e+01 1.056709e+02
      vertex   1.353524e+02 4.330508e+01 1.057147e+02
      vertex   1.353199e+02 4.036508e+01 1.057240e+02
    endloop
  endfacet
  facet normal 2.306158e-01 5.299668e-04 9.730447e-01
    outer loop
      vertex   1.353199e+02 4.036508e+01 1.057240e+02
      vertex   1.353524e+02 4.330508e+01 1.057147e+02
      vertex   1.351939e+02 4.330508e+01 1.057523e+02
    endloop
  endfacet
  facet normal 2.059786e-01 -5.781429e-04 9.785563e-01
    outer loop
      vertex   1.353199e+02 4.036508e+01 1.057240e+02
      vertex   1.351939e+02 4.330508e+01 1.057523e+02
      vertex   1.351575e+02 4.036508e+01 1.057582e+02
    endloop
  endfacet
  facet normal 1.160929e-01 5.643871e-04 9.932382e-01
    outer loop
      vertex   1.351575e+02 4.036508e+01 1.057582e+02
      vertex   1.351939e+02 4.330508e+01 1.057523e+02
      vertex   1.350322e+02 4.330508e+01 1.057712e+02
    endloop
  endfacet
  facet normal 8.879588e-02 -6.114162e-04 9.960497e-01
    outer loop
      vertex   1.351575e+02 4.036508e+01 1.057582e+02
      vertex   1.350322e+02 4.330508e+01 1.057712e+02
      vertex   1.349923e+02 4.036508e+01 1.057729e+02
    endloop
  endfacet
  facet normal 0.000000e+00 5.965133e-04 9.999998e-01
    outer loop
      vertex   1.349923e+02 4.036508e+01 1.057729e+02
      vertex   1.350322e+02 4.330508e+01 1.057712e+02
      vertex   1.348694e+02 4.330508e+01 1.057712e+02
    endloop
  endfacet
  facet normal -2.963332e-02 -6.423955e-04 9.995606e-01
    outer loop
      vertex   1.349923e+02 4.036508e+01 1.057729e+02
      vertex   1.348694e+02 4.330508e+01 1.057712e+02
      vertex   1.348265e+02 4.036508e+01 1.057680e+02
    endloop
  endfacet
  facet normal -1.160929e-01 6.263455e-04 9.932382e-01
    outer loop
      vertex   1.348265e+02 4.036508e+01 1.057680e+02
      vertex   1.348694e+02 4.330508e+01 1.057712e+02
      vertex   1.347077e+02 4.330508e+01 1.057523e+02
    endloop
  endfacet
  facet normal -1.476465e-01 -6.710806e-04 9.890400e-01
    outer loop
      vertex   1.348265e+02 4.036508e+01 1.057680e+02
      vertex   1.347077e+02 4.330508e+01 1.057523e+02
      vertex   1.346625e+02 4.036508e+01 1.057435e+02
    endloop
  endfacet
  facet normal -2.306158e-01 6.538835e-04 9.730447e-01
    outer loop
      vertex   1.346625e+02 4.036508e+01 1.057435e+02
      vertex   1.347077e+02 4.330508e+01 1.057523e+02
      vertex   1.345493e+02 4.330508e+01 1.057147e+02
    endloop
  endfacet
  facet normal -2.635871e-01 -6.974714e-04 9.646353e-01
    outer loop
      vertex   1.346625e+02 4.036508e+01 1.057435e+02
      vertex   1.345493e+02 4.330508e+01 1.057147e+02
      vertex   1.345025e+02 4.036508e+01 1.056998e+02
    endloop
  endfacet
  facet normal -3.420201e-01 6.791271e-04 9.396924e-01
    outer loop
      vertex   1.345025e+02 4.036508e+01 1.056998e+02
      vertex   1.345493e+02 4.330508e+01 1.057147e+02
      vertex   1.343963e+02 4.330508e+01 1.056591e+02
    endloop
  endfacet
  facet normal -3.758275e-01 -7.215677e-04 9.266894e-01
    outer loop
      vertex   1.345025e+02 4.036508e+01 1.056998e+02
      vertex   1.343963e+02 4.330508e+01 1.056591e+02
      vertex   1.343488e+02 4.036508e+01 1.056375e+02
    endloop
  endfacet
  facet normal -4.487991e-01 7.020762e-04 8.936324e-01
    outer loop
      vertex   1.343488e+02 4.036508e+01 1.056375e+02
      vertex   1.343963e+02 4.330508e+01 1.056591e+02
      vertex   1.342508e+02 4.330508e+01 1.055860e+02
    endloop
  endfacet
  facet normal -4.827921e-01 -7.433696e-04 8.757347e-01
    outer loop
      vertex   1.343488e+02 4.036508e+01 1.056375e+02
      vertex   1.342508e+02 4.330508e+01 1.055860e+02
      vertex   1.342035e+02 4.036508e+01 1.055574e+02
    endloop
  endfacet
  facet normal -5.495088e-01 7.227307e-04 8.354876e-01
    outer loop
      vertex   1.342035e+02 4.036508e+01 1.055574e+02
      vertex   1.342508e+02 4.330508e+01 1.055860e+02
      vertex   1.341148e+02 4.330508e+01 1.054965e+02
    endloop
  endfacet
  facet normal -5.829793e-01 -7.628767e-04 8.124866e-01
    outer loop
      vertex   1.342035e+02 4.036508e+01 1.055574e+02
      vertex   1.341148e+02 4.330508e+01 1.054965e+02
      vertex   1.340687e+02 4.036508e+01 1.054607e+02
    endloop
  endfacet
  facet normal -6.427874e-01 7.410905e-04 7.660442e-01
    outer loop
      vertex   1.340687e+02 4.036508e+01 1.054607e+02
      vertex   1.341148e+02 4.330508e+01 1.054965e+02
      vertex   1.339901e+02 4.330508e+01 1.053919e+02
    endloop
  endfacet
  facet normal -6.749828e-01 -7.800892e-04 7.378331e-01
    outer loop
      vertex   1.340687e+02 4.036508e+01 1.054607e+02
      vertex   1.339901e+02 4.330508e+01 1.053919e+02
      vertex   1.339463e+02 4.036508e+01 1.053487e+02
    endloop
  endfacet
  facet normal -7.273734e-01 7.571556e-04 6.862414e-01
    outer loop
      vertex   1.339463e+02 4.036508e+01 1.053487e+02
      vertex   1.339901e+02 4.330508e+01 1.053919e+02
      vertex   1.338784e+02 4.330508e+01 1.052735e+02
    endloop
  endfacet
  facet normal -7.575110e-01 -7.950068e-04 6.528219e-01
    outer loop
      vertex   1.339463e+02 4.036508e+01 1.053487e+02
      vertex   1.338784e+02 4.330508e+01 1.052735e+02
      vertex   1.338380e+02 4.036508e+01 1.052231e+02
    endloop
  endfacet
  facet normal -8.021230e-01 7.709258e-04 5.971584e-01
    outer loop
      vertex   1.338380e+02 4.036508e+01 1.052231e+02
      vertex   1.338784e+02 4.330508e+01 1.052735e+02
      vertex   1.337812e+02 4.330508e+01 1.051429e+02
    endloop
  endfacet
  facet normal -8.294054e-01 -8.076295e-04 5.586466e-01
    outer loop
      vertex   1.338380e+02 4.036508e+01 1.052231e+02
      vertex   1.337812e+02 4.330508e+01 1.051429e+02
      vertex   1.337454e+02 4.036508e+01 1.050855e+02
    endloop
  endfacet
  facet normal -8.660251e-01 7.824010e-04 4.999998e-01
    outer loop
      vertex   1.337454e+02 4.036508e+01 1.050855e+02
      vertex   1.337812e+02 4.330508e+01 1.051429e+02
      vertex   1.336998e+02 4.330508e+01 1.050019e+02
    endloop
  endfacet
  facet normal -8.896568e-01 -8.179573e-04 4.566291e-01
    outer loop
      vertex   1.337454e+02 4.036508e+01 1.050855e+02
      vertex   1.336998e+02 4.330508e+01 1.050019e+02
      vertex   1.336696e+02 4.036508e+01 1.049379e+02
    endloop
  endfacet
  facet normal -9.182158e-01 7.915813e-04 3.960796e-01
    outer loop
      vertex   1.336696e+02 4.036508e+01 1.049379e+02
      vertex   1.336998e+02 4.330508e+01 1.050019e+02
      vertex   1.336353e+02 4.330508e+01 1.048524e+02
    endloop
  endfacet
  facet normal -9.374193e-01 -8.259900e-04 3.482015e-01
    outer loop
      vertex   1.336696e+02 4.036508e+01 1.049379e+02
      vertex   1.336353e+02 4.330508e+01 1.048524e+02
      vertex   1.336119e+02 4.036508e+01 1.047824e+02
    endloop
  endfacet
  facet normal -9.579892e-01 7.984665e-04 2.868031e-01
    outer loop
      vertex   1.336119e+02 4.036508e+01 1.047824e+02
      vertex   1.336353e+02 4.330508e+01 1.048524e+02
      vertex   1.335886e+02 4.330508e+01 1.046964e+02
    endloop
  endfacet
  facet normal -9.720226e-01 -8.317277e-04 2.348860e-01
    outer loop
      vertex   1.336119e+02 4.036508e+01 1.047824e+02
      vertex   1.335886e+02 4.330508e+01 1.046964e+02
      vertex   1.335729e+02 4.036508e+01 1.046212e+02
    endloop
  endfacet
  facet normal -9.848074e-01 8.030567e-04 1.736481e-01
    outer loop
      vertex   1.335729e+02 4.036508e+01 1.046212e+02
      vertex   1.335886e+02 4.330508e+01 1.046964e+02
      vertex   1.335603e+02 4.330508e+01 1.045361e+02
    endloop
  endfacet
  facet normal -9.929807e-01 -8.351704e-04 1.182731e-01
    outer loop
      vertex   1.335729e+02 4.036508e+01 1.046212e+02
      vertex   1.335603e+02 4.330508e+01 1.045361e+02
      vertex   1.335533e+02 4.036508e+01 1.044565e+02
    endloop
  endfacet
  facet normal -9.983078e-01 8.053518e-04 5.814481e-02
    outer loop
      vertex   1.335533e+02 4.036508e+01 1.044565e+02
      vertex   1.335603e+02 4.330508e+01 1.045361e+02
      vertex   1.335508e+02 4.330508e+01 1.043735e+02
    endloop
  endfacet
  facet normal -9.999997e-01 -8.363179e-04 -0.000000e+00
    outer loop
      vertex   1.335533e+02 4.036508e+01 1.044565e+02
      vertex   1.335508e+02 4.330508e+01 1.043735e+02
      vertex   1.335533e+02 4.036508e+01 1.042906e+02
    endloop
  endfacet
  facet normal -9.983078e-01 8.053518e-04 -5.814481e-02
    outer loop
      vertex   1.335533e+02 4.036508e+01 1.042906e+02
      vertex   1.335508e+02 4.330508e+01 1.043735e+02
      vertex   1.335603e+02 4.330508e+01 1.042110e+02
    endloop
  endfacet
  facet normal -9.929807e-01 -8.351704e-04 -1.182731e-01
    outer loop
      vertex   1.335533e+02 4.036508e+01 1.042906e+02
      vertex   1.335603e+02 4.330508e+01 1.042110e+02
      vertex   1.335729e+02 4.036508e+01 1.041259e+02
    endloop
  endfacet
  facet normal -9.848074e-01 8.030567e-04 -1.736481e-01
    outer loop
      vertex   1.335729e+02 4.036508e+01 1.041259e+02
      vertex   1.335603e+02 4.330508e+01 1.042110e+02
      vertex   1.335886e+02 4.330508e+01 1.040507e+02
    endloop
  endfacet
  facet normal -9.720226e-01 -8.317277e-04 -2.348860e-01
    outer loop
      vertex   1.335729e+02 4.036508e+01 1.041259e+02
      vertex   1.335886e+02 4.330508e+01 1.040507e+02
      vertex   1.336119e+02 4.036508e+01 1.039647e+02
    endloop
  endfacet
  facet normal -9.579892e-01 7.984665e-04 -2.868031e-01
    outer loop
      vertex   1.336119e+02 4.036508e+01 1.039647e+02
      vertex   1.335886e+02 4.330508e+01 1.040507e+02
      vertex   1.336353e+02 4.330508e+01 1.038947e+02
    endloop
  endfacet
  facet normal -9.374193e-01 -8.259900e-04 -3.482015e-01
    outer loop
      vertex   1.336119e+02 4.036508e+01 1.039647e+02
      vertex   1.336353e+02 4.330508e+01 1.038947e+02
      vertex   1.336696e+02 4.036508e+01 1.038092e+02
    endloop
  endfacet
  facet normal -9.182158e-01 7.915813e-04 -3.960796e-01
    outer loop
      vertex   1.336696e+02 4.036508e+01 1.038092e+02
      vertex   1.336353e+02 4.330508e+01 1.038947e+02
      vertex   1.336998e+02 4.330508e+01 1.037452e+02
    endloop
  endfacet
  facet normal -8.896568e-01 -8.179573e-04 -4.566291e-01
    outer loop
      vertex   1.336696e+02 4.036508e+01 1.038092e+02
      vertex   1.336998e+02 4.330508e+01 1.037452e+02
      vertex   1.337454e+02 4.036508e+01 1.036616e+02
    endloop
  endfacet
  facet normal -8.660251e-01 7.824010e-04 -4.999998e-01
    outer loop
      vertex   1.337454e+02 4.036508e+01 1.036616e+02
      vertex   1.336998e+02 4.330508e+01 1.037452e+02
      vertex   1.337812e+02 4.330508e+01 1.036042e+02
    endloop
  endfacet
  facet normal -8.294054e-01 -8.076295e-04 -5.586466e-01
    outer loop
      vertex   1.337454e+02 4.036508e+01 1.036616e+02
      vertex   1.337812e+02 4.330508e+01 1.036042e+02
      vertex   1.338380e+02 4.036508e+01 1.035240e+02
    endloop
  endfacet
  facet normal -8.021230e-01 7.709258e-04 -5.971584e-01
    outer loop
      vertex   1.338380e+02 4.036508e+01 1.035240e+02
      vertex   1.337812e+02 4.330508e+01 1.036042e+02
      vertex   1.338784e+02 4.330508e+01 1.034736e+02
    endloop
  endfacet
  facet normal -7.575110e-01 -7.950068e-04 -6.528219e-01
    outer loop
      vertex   1.338380e+02 4.036508e+01 1.035240e+02
      vertex   1.338784e+02 4.330508e+01 1.034736e+02
      vertex   1.339463e+02 4.036508e+01 1.033984e+02
    endloop
  endfacet
  facet normal -7.273734e-01 7.571556e-04 -6.862414e-01
    outer loop
      vertex   1.339463e+02 4.036508e+01 1.033984e+02
      vertex   1.338784e+02 4.330508e+01 1.034736e+02
      vertex   1.339901e+02 4.330508e+01 1.033552e+02
    endloop
  endfacet
  facet normal -6.749828e-01 -7.800892e-04 -7.378331e-01
    outer loop
      vertex   1.339463e+02 4.036508e+01 1.033984e+02
      vertex   1.339901e+02 4.330508e+01 1.033552e+02
      vertex   1.340687e+02 4.036508e+01 1.032864e+02
    endloop
  endfacet
  facet normal -6.427874e-01 7.410905e-04 -7.660442e-01
    outer loop
      vertex   1.340687e+02 4.036508e+01 1.032864e+02
      vertex   1.339901e+02 4.330508e+01 1.033552e+02
      vertex   1.341148e+02 4.330508e+01 1.032506e+02
    endloop
  endfacet
  facet normal -5.829793e-01 -7.628767e-04 -8.124866e-01
    outer loop
      vertex   1.340687e+02 4.036508e+01 1.032864e+02
      vertex   1.341148e+02 4.330508e+01 1.032506e+02
      vertex   1.342035e+02 4.036508e+01 1.031897e+02
    endloop
  endfacet
  facet normal -5.495088e-01 7.227307e-04 -8.354876e-01
    outer loop
      vertex   1.342035e+02 4.036508e+01 1.031897e+02
      vertex   1.341148e+02 4.330508e+01 1.032506e+02
      vertex   1.342508e+02 4.330508e+01 1.031611e+02
    endloop
  endfacet
  facet normal -4.827921e-01 -7.433696e-04 -8.757347e-01
    outer loop
      vertex   1.342035e+02 4.036508e+01 1.031897e+02
      vertex   1.342508e+02 4.330508e+01 1.031611e+02
      vertex   1.343488e+02 4.036508e+01 1.031096e+02
    endloop
  endfacet
  facet normal -4.487991e-01 7.020762e-04 -8.936324e-01
    outer loop
      vertex   1.343488e+02 4.036508e+01 1.031096e+02
      vertex   1.342508e+02 4.330508e+01 1.031611e+02
      vertex   1.343963e+02 4.330508e+01 1.030880e+02
    endloop
  endfacet
  facet normal -3.758275e-01 -7.215677e-04 -9.266894e-01
    outer loop
      vertex   1.343488e+02 4.036508e+01 1.031096e+02
      vertex   1.343963e+02 4.330508e+01 1.030880e+02
      vertex   1.345025e+02 4.036508e+01 1.030473e+02
    endloop
  endfacet
  facet normal -3.420201e-01 6.791271e-04 -9.396924e-01
    outer loop
      vertex   1.345025e+02 4.036508e+01 1.030473e+02
      vertex   1.343963e+02 4.330508e+01 1.030880e+02
      vertex   1.345493e+02 4.330508e+01 1.030324e+02
    endloop
  endfacet
  facet normal -2.635871e-01 -6.974714e-04 -9.646353e-01
    outer loop
      vertex   1.345025e+02 4.036508e+01 1.030473e+02
      vertex   1.345493e+02 4.330508e+01 1.030324e+02
      vertex   1.346625e+02 4.036508e+01 1.030036e+02
    endloop
  endfacet
  facet normal -2.306158e-01 6.538835e-04 -9.730447e-01
    outer loop
      vertex   1.346625e+02 4.036508e+01 1.030036e+02
      vertex   1.345493e+02 4.330508e+01 1.030324e+02
      vertex   1.347077e+02 4.330508e+01 1.029948e+02
    endloop
  endfacet
  facet normal -1.476465e-01 -6.710806e-04 -9.890400e-01
    outer loop
      vertex   1.346625e+02 4.036508e+01 1.030036e+02
      vertex   1.347077e+02 4.330508e+01 1.029948e+02
      vertex   1.348265e+02 4.036508e+01 1.029791e+02
    endloop
  endfacet
  facet normal -1.160929e-01 6.263455e-04 -9.932382e-01
    outer loop
      vertex   1.348265e+02 4.036508e+01 1.029791e+02
      vertex   1.347077e+02 4.330508e+01 1.029948e+02
      vertex   1.348694e+02 4.330508e+01 1.029759e+02
    endloop
  endfacet
  facet normal -2.963332e-02 -6.423955e-04 -9.995606e-01
    outer loop
      vertex   1.348265e+02 4.036508e+01 1.029791e+02
      vertex   1.348694e+02 4.330508e+01 1.029759e+02
      vertex   1.349923e+02 4.036508e+01 1.029742e+02
    endloop
  endfacet
  facet normal 0.000000e+00 5.965133e-04 -9.999998e-01
    outer loop
      vertex   1.349923e+02 4.036508e+01 1.029742e+02
      vertex   1.348694e+02 4.330508e+01 1.029759e+02
      vertex   1.350322e+02 4.330508e+01 1.029759e+02
    endloop
  endfacet
  facet normal 8.879588e-02 -6.114162e-04 -9.960497e-01
    outer loop
      vertex   1.349923e+02 4.036508e+01 1.029742e+02
      vertex   1.350322e+02 4.330508e+01 1.029759e+02
      vertex   1.351575e+02 4.036508e+01 1.029889e+02
    endloop
  endfacet
  facet normal 1.160929e-01 5.643871e-04 -9.932382e-01
    outer loop
      vertex   1.351575e+02 4.036508e+01 1.029889e+02
      vertex   1.350322e+02 4.330508e+01 1.029759e+02
      vertex   1.351939e+02 4.330508e+01 1.029948e+02
    endloop
  endfacet
  facet normal 2.059786e-01 -5.781429e-04 -9.785563e-01
    outer loop
      vertex   1.351575e+02 4.036508e+01 1.029889e+02
      vertex   1.351939e+02 4.330508e+01 1.029948e+02
      vertex   1.353199e+02 4.036508e+01 1.030231e+02
    endloop
  endfacet
  facet normal 2.306158e-01 5.299668e-04 -9.730447e-01
    outer loop
      vertex   1.353199e+02 4.036508e+01 1.030231e+02
      vertex   1.351939e+02 4.330508e+01 1.029948e+02
      vertex   1.353524e+02 4.330508e+01 1.030324e+02
    endloop
  endfacet
  facet normal 3.202698e-01 -5.425758e-04 -9.473262e-01
    outer loop
      vertex   1.353199e+02 4.036508e+01 1.030231e+02
      vertex   1.353524e+02 4.330508e+01 1.030324e+02
      vertex   1.354770e+02 4.036508e+01 1.030762e+02
    endloop
  endfacet
  facet normal 3.420201e-01 4.932528e-04 -9.396925e-01
    outer loop
      vertex   1.354770e+02 4.036508e+01 1.030762e+02
      vertex   1.353524e+02 4.330508e+01 1.030324e+02
      vertex   1.355054e+02 4.330508e+01 1.030880e+02
    endloop
  endfacet
  facet normal 4.300651e-01 -5.047150e-04 -9.027977e-01
    outer loop
      vertex   1.354770e+02 4.036508e+01 1.030762e+02
      vertex   1.355054e+02 4.330508e+01 1.030880e+02
      vertex   1.356268e+02 4.036508e+01 1.031475e+02
    endloop
  endfacet
  facet normal 4.487991e-01 4.542453e-04 -8.936325e-01
    outer loop
      vertex   1.356268e+02 4.036508e+01 1.031475e+02
      vertex   1.355054e+02 4.330508e+01 1.030880e+02
      vertex   1.356508e+02 4.330508e+01 1.031611e+02
    endloop
  endfacet
  facet normal 5.338233e-01 -4.645607e-04 -8.455959e-01
    outer loop
      vertex   1.356268e+02 4.036508e+01 1.031475e+02
      vertex   1.356508e+02 4.330508e+01 1.031611e+02
      vertex   1.357670e+02 4.036508e+01 1.032361e+02
    endloop
  endfacet
  facet normal 5.495089e-01 4.129443e-04 -8.354877e-01
    outer loop
      vertex   1.357670e+02 4.036508e+01 1.032361e+02
      vertex   1.356508e+02 4.330508e+01 1.031611e+02
      vertex   1.357869e+02 4.330508e+01 1.032506e+02
    endloop
  endfacet
  facet normal 6.300878e-01 -4.221131e-04 -7.765238e-01
    outer loop
      vertex   1.357670e+02 4.036508e+01 1.032361e+02
      vertex   1.357869e+02 4.330508e+01 1.032506e+02
      vertex   1.358958e+02 4.036508e+01 1.033406e+02
    endloop
  endfacet
  facet normal 6.427876e-01 3.693501e-04 -7.660444e-01
    outer loop
      vertex   1.358958e+02 4.036508e+01 1.033406e+02
      vertex   1.357869e+02 4.330508e+01 1.032506e+02
      vertex   1.359116e+02 4.330508e+01 1.033552e+02
    endloop
  endfacet
  facet normal 7.175072e-01 -3.773724e-04 -6.965510e-01
    outer loop
      vertex   1.358958e+02 4.036508e+01 1.033406e+02
      vertex   1.359116e+02 4.330508e+01 1.033552e+02
      vertex   1.360114e+02 4.036508e+01 1.034596e+02
    endloop
  endfacet
  facet normal 7.273736e-01 3.234629e-04 -6.862416e-01
    outer loop
      vertex   1.360114e+02 4.036508e+01 1.034596e+02
      vertex   1.359116e+02 4.330508e+01 1.033552e+02
      vertex   1.360233e+02 4.330508e+01 1.034736e+02
    endloop
  endfacet
  facet normal 7.948544e-01 -3.303388e-04 -6.068001e-01
    outer loop
      vertex   1.360114e+02 4.036508e+01 1.034596e+02
      vertex   1.360233e+02 4.330508e+01 1.034736e+02
      vertex   1.361120e+02 4.036508e+01 1.035914e+02
    endloop
  endfacet
  facet normal 8.021232e-01 2.752829e-04 -5.971586e-01
    outer loop
      vertex   1.361120e+02 4.036508e+01 1.035914e+02
      vertex   1.360233e+02 4.330508e+01 1.034736e+02
      vertex   1.361205e+02 4.330508e+01 1.036042e+02
    endloop
  endfacet
  facet normal 8.610436e-01 -2.810125e-04 -5.085311e-01
    outer loop
      vertex   1.361120e+02 4.036508e+01 1.035914e+02
      vertex   1.361205e+02 4.330508e+01 1.036042e+02
      vertex   1.361964e+02 4.036508e+01 1.037343e+02
    endloop
  endfacet
  facet normal 8.660254e-01 2.248104e-04 -5.000000e-01
    outer loop
      vertex   1.361964e+02 4.036508e+01 1.037343e+02
      vertex   1.361205e+02 4.330508e+01 1.036042e+02
      vertex   1.362019e+02 4.330508e+01 1.037452e+02
    endloop
  endfacet
  facet normal 9.151456e-01 -2.293938e-04 -4.031234e-01
    outer loop
      vertex   1.361964e+02 4.036508e+01 1.037343e+02
      vertex   1.362019e+02 4.330508e+01 1.037452e+02
      vertex   1.362632e+02 4.036508e+01 1.038861e+02
    endloop
  endfacet
  facet normal 9.182161e-01 1.720456e-04 -3.960798e-01
    outer loop
      vertex   1.362632e+02 4.036508e+01 1.038861e+02
      vertex   1.362019e+02 4.330508e+01 1.037452e+02
      vertex   1.362664e+02 4.330508e+01 1.038947e+02
    endloop
  endfacet
  facet normal 9.564010e-01 -1.754830e-04 -2.920568e-01
    outer loop
      vertex   1.362632e+02 4.036508e+01 1.038861e+02
      vertex   1.362664e+02 4.330508e+01 1.038947e+02
      vertex   1.363117e+02 4.036508e+01 1.040447e+02
    endloop
  endfacet
  facet normal 9.579895e-01 1.169888e-04 -2.868032e-01
    outer loop
      vertex   1.363117e+02 4.036508e+01 1.040447e+02
      vertex   1.362664e+02 4.330508e+01 1.038947e+02
      vertex   1.363131e+02 4.330508e+01 1.040507e+02
    endloop
  endfacet
  facet normal 9.842306e-01 -1.192802e-04 -1.768903e-01
    outer loop
      vertex   1.363117e+02 4.036508e+01 1.040447e+02
      vertex   1.363131e+02 4.330508e+01 1.040507e+02
      vertex   1.363410e+02 4.036508e+01 1.042080e+02
    endloop
  endfacet
  facet normal 9.848078e-01 5.964013e-05 -1.736482e-01
    outer loop
      vertex   1.363410e+02 4.036508e+01 1.042080e+02
      vertex   1.363131e+02 4.330508e+01 1.040507e+02
      vertex   1.363414e+02 4.330508e+01 1.042110e+02
    endloop
  endfacet
  facet normal 9.982437e-01 -6.078577e-05 -5.924063e-02
    outer loop
      vertex   1.363410e+02 4.036508e+01 1.042080e+02
      vertex   1.363414e+02 4.330508e+01 1.042110e+02
      vertex   1.363508e+02 4.036508e+01 1.043735e+02
    endloop
  endfacet
  facet normal 9.983082e-01 1.123959e-15 5.814483e-02
    outer loop
      vertex   1.363414e+02 2.860508e+01 1.045361e+02
      vertex   1.363508e+02 2.860508e+01 1.043735e+02
      vertex   1.363508e+02 3.154508e+01 1.043735e+02
    endloop
  endfacet
  facet normal 9.983082e-01 -1.124201e-15 -5.814483e-02
    outer loop
      vertex   1.363508e+02 3.154508e+01 1.043735e+02
      vertex   1.363508e+02 2.860508e+01 1.043735e+02
      vertex   1.363414e+02 2.860508e+01 1.042110e+02
    endloop
  endfacet
  facet normal 9.982437e-01 6.078577e-05 -5.924063e-02
    outer loop
      vertex   1.363508e+02 3.154508e+01 1.043735e+02
      vertex   1.363414e+02 2.860508e+01 1.042110e+02
      vertex   1.363410e+02 3.154508e+01 1.042080e+02
    endloop
  endfacet
  facet normal 9.848078e-01 -5.964013e-05 -1.736482e-01
    outer loop
      vertex   1.363410e+02 3.154508e+01 1.042080e+02
      vertex   1.363414e+02 2.860508e+01 1.042110e+02
      vertex   1.363131e+02 2.860508e+01 1.040507e+02
    endloop
  endfacet
  facet normal 9.842306e-01 1.192802e-04 -1.768903e-01
    outer loop
      vertex   1.363410e+02 3.154508e+01 1.042080e+02
      vertex   1.363131e+02 2.860508e+01 1.040507e+02
      vertex   1.363117e+02 3.154508e+01 1.040447e+02
    endloop
  endfacet
  facet normal 9.579895e-01 -1.169888e-04 -2.868032e-01
    outer loop
      vertex   1.363117e+02 3.154508e+01 1.040447e+02
      vertex   1.363131e+02 2.860508e+01 1.040507e+02
      vertex   1.362664e+02 2.860508e+01 1.038947e+02
    endloop
  endfacet
  facet normal 9.564010e-01 1.754830e-04 -2.920568e-01
    outer loop
      vertex   1.363117e+02 3.154508e+01 1.040447e+02
      vertex   1.362664e+02 2.860508e+01 1.038947e+02
      vertex   1.362632e+02 3.154508e+01 1.038861e+02
    endloop
  endfacet
  facet normal 9.182161e-01 -1.720456e-04 -3.960798e-01
    outer loop
      vertex   1.362632e+02 3.154508e+01 1.038861e+02
      vertex   1.362664e+02 2.860508e+01 1.038947e+02
      vertex   1.362019e+02 2.860508e+01 1.037452e+02
    endloop
  endfacet
  facet normal 9.151456e-01 2.293938e-04 -4.031234e-01
    outer loop
      vertex   1.362632e+02 3.154508e+01 1.038861e+02
      vertex   1.362019e+02 2.860508e+01 1.037452e+02
      vertex   1.361964e+02 3.154508e+01 1.037343e+02
    endloop
  endfacet
  facet normal 8.660254e-01 -2.248104e-04 -5.000000e-01
    outer loop
      vertex   1.361964e+02 3.154508e+01 1.037343e+02
      vertex   1.362019e+02 2.860508e+01 1.037452e+02
      vertex   1.361205e+02 2.860508e+01 1.036042e+02
    endloop
  endfacet
  facet normal 8.610436e-01 2.810125e-04 -5.085311e-01
    outer loop
      vertex   1.361964e+02 3.154508e+01 1.037343e+02
      vertex   1.361205e+02 2.860508e+01 1.036042e+02
      vertex   1.361120e+02 3.154508e+01 1.035914e+02
    endloop
  endfacet
  facet normal 8.021232e-01 -2.752829e-04 -5.971586e-01
    outer loop
      vertex   1.361120e+02 3.154508e+01 1.035914e+02
      vertex   1.361205e+02 2.860508e+01 1.036042e+02
      vertex   1.360233e+02 2.860508e+01 1.034736e+02
    endloop
  endfacet
  facet normal 7.948544e-01 3.303388e-04 -6.068001e-01
    outer loop
      vertex   1.361120e+02 3.154508e+01 1.035914e+02
      vertex   1.360233e+02 2.860508e+01 1.034736e+02
      vertex   1.360114e+02 3.154508e+01 1.034596e+02
    endloop
  endfacet
  facet normal 7.273736e-01 -3.234629e-04 -6.862416e-01
    outer loop
      vertex   1.360114e+02 3.154508e+01 1.034596e+02
      vertex   1.360233e+02 2.860508e+01 1.034736e+02
      vertex   1.359116e+02 2.860508e+01 1.033552e+02
    endloop
  endfacet
  facet normal 7.175072e-01 3.773724e-04 -6.965510e-01
    outer loop
      vertex   1.360114e+02 3.154508e+01 1.034596e+02
      vertex   1.359116e+02 2.860508e+01 1.033552e+02
      vertex   1.358958e+02 3.154508e+01 1.033406e+02
    endloop
  endfacet
  facet normal 6.427876e-01 -3.693501e-04 -7.660444e-01
    outer loop
      vertex   1.358958e+02 3.154508e+01 1.033406e+02
      vertex   1.359116e+02 2.860508e+01 1.033552e+02
      vertex   1.357869e+02 2.860508e+01 1.032506e+02
    endloop
  endfacet
  facet normal 6.300878e-01 4.221131e-04 -7.765238e-01
    outer loop
      vertex   1.358958e+02 3.154508e+01 1.033406e+02
      vertex   1.357869e+02 2.860508e+01 1.032506e+02
      vertex   1.357670e+02 3.154508e+01 1.032361e+02
    endloop
  endfacet
  facet normal 5.495089e-01 -4.129443e-04 -8.354877e-01
    outer loop
      vertex   1.357670e+02 3.154508e+01 1.032361e+02
      vertex   1.357869e+02 2.860508e+01 1.032506e+02
      vertex   1.356508e+02 2.860508e+01 1.031611e+02
    endloop
  endfacet
  facet normal 5.338233e-01 4.645607e-04 -8.455959e-01
    outer loop
      vertex   1.357670e+02 3.154508e+01 1.032361e+02
      vertex   1.356508e+02 2.860508e+01 1.031611e+02
      vertex   1.356268e+02 3.154508e+01 1.031475e+02
    endloop
  endfacet
  facet normal 4.487991e-01 -4.542453e-04 -8.936325e-01
    outer loop
      vertex   1.356268e+02 3.154508e+01 1.031475e+02
      vertex   1.356508e+02 2.860508e+01 1.031611e+02
      vertex   1.355054e+02 2.860508e+01 1.030880e+02
    endloop
  endfacet
  facet normal 4.300651e-01 5.047150e-04 -9.027977e-01
    outer loop
      vertex   1.356268e+02 3.154508e+01 1.031475e+02
      vertex   1.355054e+02 2.860508e+01 1.030880e+02
      vertex   1.354770e+02 3.154508e+01 1.030762e+02
    endloop
  endfacet
  facet normal 3.420201e-01 -4.932528e-04 -9.396925e-01
    outer loop
      vertex   1.354770e+02 3.154508e+01 1.030762e+02
      vertex   1.355054e+02 2.860508e+01 1.030880e+02
      vertex   1.353524e+02 2.860508e+01 1.030324e+02
    endloop
  endfacet
  facet normal 3.202698e-01 5.425758e-04 -9.473262e-01
    outer loop
      vertex   1.354770e+02 3.154508e+01 1.030762e+02
      vertex   1.353524e+02 2.860508e+01 1.030324e+02
      vertex   1.353199e+02 3.154508e+01 1.030231e+02
    endloop
  endfacet
  facet normal 2.306158e-01 -5.299668e-04 -9.730447e-01
    outer loop
      vertex   1.353199e+02 3.154508e+01 1.030231e+02
      vertex   1.353524e+02 2.860508e+01 1.030324e+02
      vertex   1.351939e+02 2.860508e+01 1.029948e+02
    endloop
  endfacet
  facet normal 2.059786e-01 5.781429e-04 -9.785563e-01
    outer loop
      vertex   1.353199e+02 3.154508e+01 1.030231e+02
      vertex   1.351939e+02 2.860508e+01 1.029948e+02
      vertex   1.351575e+02 3.154508e+01 1.029889e+02
    endloop
  endfacet
  facet normal 1.160929e-01 -5.643871e-04 -9.932382e-01
    outer loop
      vertex   1.351575e+02 3.154508e+01 1.029889e+02
      vertex   1.351939e+02 2.860508e+01 1.029948e+02
      vertex   1.350322e+02 2.860508e+01 1.029759e+02
    endloop
  endfacet
  facet normal 8.879588e-02 6.114162e-04 -9.960497e-01
    outer loop
      vertex   1.351575e+02 3.154508e+01 1.029889e+02
      vertex   1.350322e+02 2.860508e+01 1.029759e+02
      vertex   1.349923e+02 3.154508e+01 1.029742e+02
    endloop
  endfacet
  facet normal 0.000000e+00 -5.965133e-04 -9.999998e-01
    outer loop
      vertex   1.349923e+02 3.154508e+01 1.029742e+02
      vertex   1.350322e+02 2.860508e+01 1.029759e+02
      vertex   1.348694e+02 2.860508e+01 1.029759e+02
    endloop
  endfacet
  facet normal -2.963332e-02 6.423955e-04 -9.995606e-01
    outer loop
      vertex   1.349923e+02 3.154508e+01 1.029742e+02
      vertex   1.348694e+02 2.860508e+01 1.029759e+02
      vertex   1.348265e+02 3.154508e+01 1.029791e+02
    endloop
  endfacet
  facet normal -1.160929e-01 -6.263455e-04 -9.932382e-01
    outer loop
      vertex   1.348265e+02 3.154508e+01 1.029791e+02
      vertex   1.348694e+02 2.860508e+01 1.029759e+02
      vertex   1.347077e+02 2.860508e+01 1.029948e+02
    endloop
  endfacet
  facet normal -1.476465e-01 6.710806e-04 -9.890400e-01
    outer loop
      vertex   1.348265e+02 3.154508e+01 1.029791e+02
      vertex   1.347077e+02 2.860508e+01 1.029948e+02
      vertex   1.346625e+02 3.154508e+01 1.030036e+02
    endloop
  endfacet
  facet normal -2.306158e-01 -6.538835e-04 -9.730447e-01
    outer loop
      vertex   1.346625e+02 3.154508e+01 1.030036e+02
      vertex   1.347077e+02 2.860508e+01 1.029948e+02
      vertex   1.345493e+02 2.860508e+01 1.030324e+02
    endloop
  endfacet
  facet normal -2.635871e-01 6.974714e-04 -9.646353e-01
    outer loop
      vertex   1.346625e+02 3.154508e+01 1.030036e+02
      vertex   1.345493e+02 2.860508e+01 1.030324e+02
      vertex   1.345025e+02 3.154508e+01 1.030473e+02
    endloop
  endfacet
  facet normal -3.420201e-01 -6.791271e-04 -9.396924e-01
    outer loop
      vertex   1.345025e+02 3.154508e+01 1.030473e+02
      vertex   1.345493e+02 2.860508e+01 1.030324e+02
      vertex   1.343963e+02 2.860508e+01 1.030880e+02
    endloop
  endfacet
  facet normal -3.758275e-01 7.215677e-04 -9.266894e-01
    outer loop
      vertex   1.345025e+02 3.154508e+01 1.030473e+02
      vertex   1.343963e+02 2.860508e+01 1.030880e+02
      vertex   1.343488e+02 3.154508e+01 1.031096e+02
    endloop
  endfacet
  facet normal -4.487991e-01 -7.020762e-04 -8.936324e-01
    outer loop
      vertex   1.343488e+02 3.154508e+01 1.031096e+02
      vertex   1.343963e+02 2.860508e+01 1.030880e+02
      vertex   1.342508e+02 2.860508e+01 1.031611e+02
    endloop
  endfacet
  facet normal -4.827921e-01 7.433696e-04 -8.757347e-01
    outer loop
      vertex   1.343488e+02 3.154508e+01 1.031096e+02
      vertex   1.342508e+02 2.860508e+01 1.031611e+02
      vertex   1.342035e+02 3.154508e+01 1.031897e+02
    endloop
  endfacet
  facet normal -5.495088e-01 -7.227307e-04 -8.354876e-01
    outer loop
      vertex   1.342035e+02 3.154508e+01 1.031897e+02
      vertex   1.342508e+02 2.860508e+01 1.031611e+02
      vertex   1.341148e+02 2.860508e+01 1.032506e+02
    endloop
  endfacet
  facet normal -5.829793e-01 7.628767e-04 -8.124866e-01
    outer loop
      vertex   1.342035e+02 3.154508e+01 1.031897e+02
      vertex   1.341148e+02 2.860508e+01 1.032506e+02
      vertex   1.340687e+02 3.154508e+01 1.032864e+02
    endloop
  endfacet
  facet normal -6.427874e-01 -7.410905e-04 -7.660442e-01
    outer loop
      vertex   1.340687e+02 3.154508e+01 1.032864e+02
      vertex   1.341148e+02 2.860508e+01 1.032506e+02
      vertex   1.339901e+02 2.860508e+01 1.033552e+02
    endloop
  endfacet
  facet normal -6.749828e-01 7.800892e-04 -7.378331e-01
    outer loop
      vertex   1.340687e+02 3.154508e+01 1.032864e+02
      vertex   1.339901e+02 2.860508e+01 1.033552e+02
      vertex   1.339463e+02 3.154508e+01 1.033984e+02
    endloop
  endfacet
  facet normal -7.273734e-01 -7.571556e-04 -6.862414e-01
    outer loop
      vertex   1.339463e+02 3.154508e+01 1.033984e+02
      vertex   1.339901e+02 2.860508e+01 1.033552e+02
      vertex   1.338784e+02 2.860508e+01 1.034736e+02
    endloop
  endfacet
  facet normal -7.575110e-01 7.950068e-04 -6.528219e-01
    outer loop
      vertex   1.339463e+02 3.154508e+01 1.033984e+02
      vertex   1.338784e+02 2.860508e+01 1.034736e+02
      vertex   1.338380e+02 3.154508e+01 1.035240e+02
    endloop
  endfacet
  facet normal -8.021230e-01 -7.709258e-04 -5.971584e-01
    outer loop
      vertex   1.338380e+02 3.154508e+01 1.035240e+02
      vertex   1.338784e+02 2.860508e+01 1.034736e+02
      vertex   1.337812e+02 2.860508e+01 1.036042e+02
    endloop
  endfacet
  facet normal -8.294054e-01 8.076295e-04 -5.586466e-01
    outer loop
      vertex   1.338380e+02 3.154508e+01 1.035240e+02
      vertex   1.337812e+02 2.860508e+01 1.036042e+02
      vertex   1.337454e+02 3.154508e+01 1.036616e+02
    endloop
  endfacet
  facet normal -8.660251e-01 -7.824010e-04 -4.999998e-01
    outer loop
      vertex   1.337454e+02 3.154508e+01 1.036616e+02
      vertex   1.337812e+02 2.860508e+01 1.036042e+02
      vertex   1.336998e+02 2.860508e+01 1.037452e+02
    endloop
  endfacet
  facet normal -8.896568e-01 8.179573e-04 -4.566291e-01
    outer loop
      vertex   1.337454e+02 3.154508e+01 1.036616e+02
      vertex   1.336998e+02 2.860508e+01 1.037452e+02
      vertex   1.336696e+02 3.154508e+01 1.038092e+02
    endloop
  endfacet
  facet normal -9.182158e-01 -7.915813e-04 -3.960796e-01
    outer loop
      vertex   1.336696e+02 3.154508e+01 1.038092e+02
      vertex   1.336998e+02 2.860508e+01 1.037452e+02
      vertex   1.336353e+02 2.860508e+01 1.038947e+02
    endloop
  endfacet
  facet normal -9.374193e-01 8.259900e-04 -3.482015e-01
    outer loop
      vertex   1.336696e+02 3.154508e+01 1.038092e+02
      vertex   1.336353e+02 2.860508e+01 1.038947e+02
      vertex   1.336119e+02 3.154508e+01 1.039647e+02
    endloop
  endfacet
  facet normal -9.579892e-01 -7.984665e-04 -2.868031e-01
    outer loop
      vertex   1.336119e+02 3.154508e+01 1.039647e+02
      vertex   1.336353e+02 2.860508e+01 1.038947e+02
      vertex   1.335886e+02 2.860508e+01 1.040507e+02
    endloop
  endfacet
  facet normal -9.720226e-01 8.317277e-04 -2.348860e-01
    outer loop
      vertex   1.336119e+02 3.154508e+01 1.039647e+02
      vertex   1.335886e+02 2.860508e+01 1.040507e+02
      vertex   1.335729e+02 3.154508e+01 1.041259e+02
    endloop
  endfacet
  facet normal -9.848074e-01 -8.030567e-04 -1.736481e-01
    outer loop
      vertex   1.335729e+02 3.154508e+01 1.041259e+02
      vertex   1.335886e+02 2.860508e+01 1.040507e+02
      vertex   1.335603e+02 2.860508e+01 1.042110e+02
    endloop
  endfacet
  facet normal -9.929807e-01 8.351704e-04 -1.182731e-01
    outer loop
      vertex   1.335729e+02 3.154508e+01 1.041259e+02
      vertex   1.335603e+02 2.860508e+01 1.042110e+02
      vertex   1.335533e+02 3.154508e+01 1.042906e+02
    endloop
  endfacet
  facet normal -9.983078e-01 -8.053518e-04 -5.814481e-02
    outer loop
      vertex   1.335533e+02 3.154508e+01 1.042906e+02
      vertex   1.335603e+02 2.860508e+01 1.042110e+02
      vertex   1.335508e+02 2.860508e+01 1.043735e+02
    endloop
  endfacet
  facet normal -9.999997e-01 8.363179e-04 0.000000e+00
    outer loop
      vertex   1.335533e+02 3.154508e+01 1.042906e+02
      vertex   1.335508e+02 2.860508e+01 1.043735e+02
      vertex   1.335533e+02 3.154508e+01 1.044565e+02
    endloop
  endfacet
  facet normal -9.983078e-01 -8.053518e-04 5.814481e-02
    outer loop
      vertex   1.335533e+02 3.154508e+01 1.044565e+02
      vertex   1.335508e+02 2.860508e+01 1.043735e+02
      vertex   1.335603e+02 2.860508e+01 1.045361e+02
    endloop
  endfacet
  facet normal -9.929807e-01 8.351704e-04 1.182731e-01
    outer loop
      vertex   1.335533e+02 3.154508e+01 1.044565e+02
      vertex   1.335603e+02 2.860508e+01 1.045361e+02
      vertex   1.335729e+02 3.154508e+01 1.046212e+02
    endloop
  endfacet
  facet normal -9.848074e-01 -8.030567e-04 1.736481e-01
    outer loop
      vertex   1.335729e+02 3.154508e+01 1.046212e+02
      vertex   1.335603e+02 2.860508e+01 1.045361e+02
      vertex   1.335886e+02 2.860508e+01 1.046964e+02
    endloop
  endfacet
  facet normal -9.720226e-01 8.317277e-04 2.348860e-01
    outer loop
      vertex   1.335729e+02 3.154508e+01 1.046212e+02
      vertex   1.335886e+02 2.860508e+01 1.046964e+02
      vertex   1.336119e+02 3.154508e+01 1.047824e+02
    endloop
  endfacet
  facet normal -9.579892e-01 -7.984665e-04 2.868031e-01
    outer loop
      vertex   1.336119e+02 3.154508e+01 1.047824e+02
      vertex   1.335886e+02 2.860508e+01 1.046964e+02
      vertex   1.336353e+02 2.860508e+01 1.048524e+02
    endloop
  endfacet
  facet normal -9.374193e-01 8.259900e-04 3.482015e-01
    outer loop
      vertex   1.336119e+02 3.154508e+01 1.047824e+02
      vertex   1.336353e+02 2.860508e+01 1.048524e+02
      vertex   1.336696e+02 3.154508e+01 1.049379e+02
    endloop
  endfacet
  facet normal -9.182158e-01 -7.915813e-04 3.960796e-01
    outer loop
      vertex   1.336696e+02 3.154508e+01 1.049379e+02
      vertex   1.336353e+02 2.860508e+01 1.048524e+02
      vertex   1.336998e+02 2.860508e+01 1.050019e+02
    endloop
  endfacet
  facet normal -8.896568e-01 8.179573e-04 4.566291e-01
    outer loop
      vertex   1.336696e+02 3.154508e+01 1.049379e+02
      vertex   1.336998e+02 2.860508e+01 1.050019e+02
      vertex   1.337454e+02 3.154508e+01 1.050855e+02
    endloop
  endfacet
  facet normal -8.660251e-01 -7.824010e-04 4.999998e-01
    outer loop
      vertex   1.337454e+02 3.154508e+01 1.050855e+02
      vertex   1.336998e+02 2.860508e+01 1.050019e+02
      vertex   1.337812e+02 2.860508e+01 1.051429e+02
    endloop
  endfacet
  facet normal -8.294054e-01 8.076295e-04 5.586466e-01
    outer loop
      vertex   1.337454e+02 3.154508e+01 1.050855e+02
      vertex   1.337812e+02 2.860508e+01 1.051429e+02
      vertex   1.338380e+02 3.154508e+01 1.052231e+02
    endloop
  endfacet
  facet normal -8.021230e-01 -7.709258e-04 5.971584e-01
    outer loop
      vertex   1.338380e+02 3.154508e+01 1.052231e+02
      vertex   1.337812e+02 2.860508e+01 1.051429e+02
      vertex   1.338784e+02 2.860508e+01 1.052735e+02
    endloop
  endfacet
  facet normal -7.575110e-01 7.950068e-04 6.528219e-01
    outer loop
      vertex   1.338380e+02 3.154508e+01 1.052231e+02
      vertex   1.338784e+02 2.860508e+01 1.052735e+02
      vertex   1.339463e+02 3.154508e+01 1.053487e+02
    endloop
  endfacet
  facet normal -7.273734e-01 -7.571556e-04 6.862414e-01
    outer loop
      vertex   1.339463e+02 3.154508e+01 1.053487e+02
      vertex   1.338784e+02 2.860508e+01 1.052735e+02
      vertex   1.339901e+02 2.860508e+01 1.053919e+02
    endloop
  endfacet
  facet normal -6.749828e-01 7.800892e-04 7.378331e-01
    outer loop
      vertex   1.339463e+02 3.154508e+01 1.053487e+02
      vertex   1.339901e+02 2.860508e+01 1.053919e+02
      vertex   1.340687e+02 3.154508e+01 1.054607e+02
    endloop
  endfacet
  facet normal -6.427874e-01 -7.410905e-04 7.660442e-01
    outer loop
      vertex   1.340687e+02 3.154508e+01 1.054607e+02
      vertex   1.339901e+02 2.860508e+01 1.053919e+02
      vertex   1.341148e+02 2.860508e+01 1.054965e+02
    endloop
  endfacet
  facet normal -5.829793e-01 7.628767e-04 8.124866e-01
    outer loop
      vertex   1.340687e+02 3.154508e+01 1.054607e+02
      vertex   1.341148e+02 2.860508e+01 1.054965e+02
      vertex   1.342035e+02 3.154508e+01 1.055574e+02
    endloop
  endfacet
  facet normal -5.495088e-01 -7.227307e-04 8.354876e-01
    outer loop
      vertex   1.342035e+02 3.154508e+01 1.055574e+02
      vertex   1.341148e+02 2.860508e+01 1.054965e+02
      vertex   1.342508e+02 2.860508e+01 1.055860e+02
    endloop
  endfacet
  facet normal -4.827921e-01 7.433696e-04 8.757347e-01
    outer loop
      vertex   1.342035e+02 3.154508e+01 1.055574e+02
      vertex   1.342508e+02 2.860508e+01 1.055860e+02
      vertex   1.343488e+02 3.154508e+01 1.056375e+02
    endloop
  endfacet
  facet normal -4.487991e-01 -7.020762e-04 8.936324e-01
    outer loop
      vertex   1.343488e+02 3.154508e+01 1.056375e+02
      vertex   1.342508e+02 2.860508e+01 1.055860e+02
      vertex   1.343963e+02 2.860508e+01 1.056591e+02
    endloop
  endfacet
  facet normal -3.758275e-01 7.215677e-04 9.266894e-01
    outer loop
      vertex   1.343488e+02 3.154508e+01 1.056375e+02
      vertex   1.343963e+02 2.860508e+01 1.056591e+02
      vertex   1.345025e+02 3.154508e+01 1.056998e+02
    endloop
  endfacet
  facet normal -3.420201e-01 -6.791271e-04 9.396924e-01
    outer loop
      vertex   1.345025e+02 3.154508e+01 1.056998e+02
      vertex   1.343963e+02 2.860508e+01 1.056591e+02
      vertex   1.345493e+02 2.860508e+01 1.057147e+02
    endloop
  endfacet
  facet normal -2.635871e-01 6.974714e-04 9.646353e-01
    outer loop
      vertex   1.345025e+02 3.154508e+01 1.056998e+02
      vertex   1.345493e+02 2.860508e+01 1.057147e+02
      vertex   1.346625e+02 3.154508e+01 1.057435e+02
    endloop
  endfacet
  facet normal -2.306158e-01 -6.538835e-04 9.730447e-01
    outer loop
      vertex   1.346625e+02 3.154508e+01 1.057435e+02
      vertex   1.345493e+02 2.860508e+01 1.057147e+02
      vertex   1.347077e+02 2.860508e+01 1.057523e+02
    endloop
  endfacet
  facet normal -1.476465e-01 6.710806e-04 9.890400e-01
    outer loop
      vertex   1.346625e+02 3.154508e+01 1.057435e+02
      vertex   1.347077e+02 2.860508e+01 1.057523e+02
      vertex   1.348265e+02 3.154508e+01 1.057680e+02
    endloop
  endfacet
  facet normal -1.160929e-01 -6.263455e-04 9.932382e-01
    outer loop
      vertex   1.348265e+02 3.154508e+01 1.057680e+02
      vertex   1.347077e+02 2.860508e+01 1.057523e+02
      vertex   1.348694e+02 2.860508e+01 1.057712e+02
    endloop
  endfacet
  facet normal -2.963332e-02 6.423955e-04 9.995606e-01
    outer loop
      vertex   1.348265e+02 3.154508e+01 1.057680e+02
      vertex   1.348694e+02 2.860508e+01 1.057712e+02
      vertex   1.349923e+02 3.154508e+01 1.057729e+02
    endloop
  endfacet
  facet normal 0.000000e+00 -5.965133e-04 9.999998e-01
    outer loop
      vertex   1.349923e+02 3.154508e+01 1.057729e+02
      vertex   1.348694e+02 2.860508e+01 1.057712e+02
      vertex   1.350322e+02 2.860508e+01 1.057712e+02
    endloop
  endfacet
  facet normal 8.879588e-02 6.114162e-04 9.960497e-01
    outer loop
      vertex   1.349923e+02 3.154508e+01 1.057729e+02
      vertex   1.350322e+02 2.860508e+01 1.057712e+02
      vertex   1.351575e+02 3.154508e+01 1.057582e+02
    endloop
  endfacet
  facet normal 1.160929e-01 -5.643871e-04 9.932382e-01
    outer loop
      vertex   1.351575e+02 3.154508e+01 1.057582e+02
      vertex   1.350322e+02 2.860508e+01 1.057712e+02
      vertex   1.351939e+02 2.860508e+01 1.057523e+02
    endloop
  endfacet
  facet normal 2.059786e-01 5.781429e-04 9.785563e-01
    outer loop
      vertex   1.351575e+02 3.154508e+01 1.057582e+02
      vertex   1.351939e+02 2.860508e+01 1.057523e+02
      vertex   1.353199e+02 3.154508e+01 1.057240e+02
    endloop
  endfacet
  facet normal 2.306158e-01 -5.299668e-04 9.730447e-01
    outer loop
      vertex   1.353199e+02 3.154508e+01 1.057240e+02
      vertex   1.351939e+02 2.860508e+01 1.057523e+02
      vertex   1.353524e+02 2.860508e+01 1.057147e+02
    endloop
  endfacet
  facet normal 3.202698e-01 5.425758e-04 9.473262e-01
    outer loop
      vertex   1.353199e+02 3.154508e+01 1.057240e+02
      vertex   1.353524e+02 2.860508e+01 1.057147e+02
      vertex   1.354770e+02 3.154508e+01 1.056709e+02
    endloop
  endfacet
  facet normal 3.420201e-01 -4.932528e-04 9.396925e-01
    outer loop
      vertex   1.354770e+02 3.154508e+01 1.056709e+02
      vertex   1.353524e+02 2.860508e+01 1.057147e+02
      vertex   1.355054e+02 2.860508e+01 1.056591e+02
    endloop
  endfacet
  facet normal 4.300651e-01 5.047150e-04 9.027977e-01
    outer loop
      vertex   1.354770e+02 3.154508e+01 1.056709e+02
      vertex   1.355054e+02 2.860508e+01 1.056591e+02
      vertex   1.356268e+02 3.154508e+01 1.055996e+02
    endloop
  endfacet
  facet normal 4.487991e-01 -4.542453e-04 8.936325e-01
    outer loop
      vertex   1.356268e+02 3.154508e+01 1.055996e+02
      vertex   1.355054e+02 2.860508e+01 1.056591e+02
      vertex   1.356508e+02 2.860508e+01 1.055860e+02
    endloop
  endfacet
  facet normal 5.338233e-01 4.645607e-04 8.455959e-01
    outer loop
      vertex   1.356268e+02 3.154508e+01 1.055996e+02
      vertex   1.356508e+02 2.860508e+01 1.055860e+02
      vertex   1.357670e+02 3.154508e+01 1.055110e+02
    endloop
  endfacet
  facet normal 5.495089e-01 -4.129443e-04 8.354877e-01
    outer loop
      vertex   1.357670e+02 3.154508e+01 1.055110e+02
      vertex   1.356508e+02 2.860508e+01 1.055860e+02
      vertex   1.357869e+02 2.860508e+01 1.054965e+02
    endloop
  endfacet
  facet normal 6.300878e-01 4.221131e-04 7.765238e-01
    outer loop
      vertex   1.357670e+02 3.154508e+01 1.055110e+02
      vertex   1.357869e+02 2.860508e+01 1.054965e+02
      vertex   1.358958e+02 3.154508e+01 1.054065e+02
    endloop
  endfacet
  facet normal 6.427876e-01 -3.693501e-04 7.660444e-01
    outer loop
      vertex   1.358958e+02 3.154508e+01 1.054065e+02
      vertex   1.357869e+02 2.860508e+01 1.054965e+02
      vertex   1.359116e+02 2.860508e+01 1.053919e+02
    endloop
  endfacet
  facet normal 7.175072e-01 3.773724e-04 6.965510e-01
    outer loop
      vertex   1.358958e+02 3.154508e+01 1.054065e+02
      vertex   1.359116e+02 2.860508e+01 1.053919e+02
      vertex   1.360114e+02 3.154508e+01 1.052875e+02
    endloop
  endfacet
  facet normal 7.273736e-01 -3.234629e-04 6.862416e-01
    outer loop
      vertex   1.360114e+02 3.154508e+01 1.052875e+02
      vertex   1.359116e+02 2.860508e+01 1.053919e+02
      vertex   1.360233e+02 2.860508e+01 1.052735e+02
    endloop
  endfacet
  facet normal 7.948544e-01 3.303388e-04 6.068001e-01
    outer loop
      vertex   1.360114e+02 3.154508e+01 1.052875e+02
      vertex   1.360233e+02 2.860508e+01 1.052735e+02
      vertex   1.361120e+02 3.154508e+01 1.051557e+02
    endloop
  endfacet
  facet normal 8.021232e-01 -2.752829e-04 5.971586e-01
    outer loop
      vertex   1.361120e+02 3.154508e+01 1.051557e+02
      vertex   1.360233e+02 2.860508e+01 1.052735e+02
      vertex   1.361205e+02 2.860508e+01 1.051429e+02
    endloop
  endfacet
  facet normal 8.610436e-01 2.810125e-04 5.085311e-01
    outer loop
      vertex   1.361120e+02 3.154508e+01 1.051557e+02
      vertex   1.361205e+02 2.860508e+01 1.051429e+02
      vertex   1.361964e+02 3.154508e+01 1.050128e+02
    endloop
  endfacet
  facet normal 8.660254e-01 -2.248104e-04 5.000000e-01
    outer loop
      vertex   1.361964e+02 3.154508e+01 1.050128e+02
      vertex   1.361205e+02 2.860508e+01 1.051429e+02
      vertex   1.362019e+02 2.860508e+01 1.050019e+02
    endloop
  endfacet
  facet normal 9.151456e-01 2.293938e-04 4.031234e-01
    outer loop
      vertex   1.361964e+02 3.154508e+01 1.050128e+02
      vertex   1.362019e+02 2.860508e+01 1.050019e+02
      vertex   1.362632e+02 3.154508e+01 1.048610e+02
    endloop
  endfacet
  facet normal 9.182161e-01 -1.720456e-04 3.960798e-01
    outer loop
      vertex   1.362632e+02 3.154508e+01 1.048610e+02
      vertex   1.362019e+02 2.860508e+01 1.050019e+02
      vertex   1.362664e+02 2.860508e+01 1.048524e+02
    endloop
  endfacet
  facet normal 9.564010e-01 1.754830e-04 2.920568e-01
    outer loop
      vertex   1.362632e+02 3.154508e+01 1.048610e+02
      vertex   1.362664e+02 2.860508e+01 1.048524e+02
      vertex   1.363117e+02 3.154508e+01 1.047024e+02
    endloop
  endfacet
  facet normal 9.579895e-01 -1.169888e-04 2.868032e-01
    outer loop
      vertex   1.363117e+02 3.154508e+01 1.047024e+02
      vertex   1.362664e+02 2.860508e+01 1.048524e+02
      vertex   1.363131e+02 2.860508e+01 1.046964e+02
    endloop
  endfacet
  facet normal 9.842306e-01 1.192802e-04 1.768903e-01
    outer loop
      vertex   1.363117e+02 3.154508e+01 1.047024e+02
      vertex   1.363131e+02 2.860508e+01 1.046964e+02
      vertex   1.363410e+02 3.154508e+01 1.045391e+02
    endloop
  endfacet
  facet normal 9.848078e-01 -5.964013e-05 1.736482e-01
    outer loop
      vertex   1.363410e+02 3.154508e+01 1.045391e+02
      vertex   1.363131e+02 2.860508e+01 1.046964e+02
      vertex   1.363414e+02 2.860508e+01 1.045361e+02
    endloop
  endfacet
  facet normal 9.982437e-01 6.078577e-05 5.924063e-02
    outer loop
      vertex   1.363410e+02 3.154508e+01 1.045391e+02
      vertex   1.363414e+02 2.860508e+01 1.045361e+02
      vertex   1.363508e+02 3.154508e+01 1.043735e+02
    endloop
  endfacet
  facet normal 9.982437e-01 0.000000e+00 -5.924063e-02
    outer loop
      vertex   1.363508e+02 4.036508e+01 1.043735e+02
      vertex   1.363508e+02 3.742508e+01 1.043735e+02
      vertex   1.363410e+02 4.036508e+01 1.042080e+02
    endloop
  endfacet
  facet normal 9.982437e-01 0.000000e+00 -5.924063e-02
    outer loop
      vertex   1.363410e+02 4.036508e+01 1.042080e+02
      vertex   1.363508e+02 3.742508e+01 1.043735e+02
      vertex   1.363410e+02 3.742508e+01 1.042080e+02
    endloop
  endfacet
  facet normal 9.842306e-01 0.000000e+00 -1.768903e-01
    outer loop
      vertex   1.363410e+02 4.036508e+01 1.042080e+02
      vertex   1.363410e+02 3.742508e+01 1.042080e+02
      vertex   1.363117e+02 4.036508e+01 1.040447e+02
    endloop
  endfacet
  facet normal 9.842306e-01 0.000000e+00 -1.768903e-01
    outer loop
      vertex   1.363117e+02 4.036508e+01 1.040447e+02
      vertex   1.363410e+02 3.742508e+01 1.042080e+02
      vertex   1.363117e+02 3.742508e+01 1.040447e+02
    endloop
  endfacet
  facet normal 9.564010e-01 0.000000e+00 -2.920568e-01
    outer loop
      vertex   1.363117e+02 4.036508e+01 1.040447e+02
      vertex   1.363117e+02 3.742508e+01 1.040447e+02
      vertex   1.362632e+02 4.036508e+01 1.038861e+02
    endloop
  endfacet
  facet normal 9.564010e-01 0.000000e+00 -2.920568e-01
    outer loop
      vertex   1.362632e+02 4.036508e+01 1.038861e+02
      vertex   1.363117e+02 3.742508e+01 1.040447e+02
      vertex   1.362632e+02 3.742508e+01 1.038861e+02
    endloop
  endfacet
  facet normal 9.151456e-01 0.000000e+00 -4.031234e-01
    outer loop
      vertex   1.362632e+02 4.036508e+01 1.038861e+02
      vertex   1.362632e+02 3.742508e+01 1.038861e+02
      vertex   1.361964e+02 4.036508e+01 1.037343e+02
    endloop
  endfacet
  facet normal 9.151456e-01 0.000000e+00 -4.031234e-01
    outer loop
      vertex   1.361964e+02 4.036508e+01 1.037343e+02
      vertex   1.362632e+02 3.742508e+01 1.038861e+02
      vertex   1.361964e+02 3.742508e+01 1.037343e+02
    endloop
  endfacet
  facet normal 8.610436e-01 0.000000e+00 -5.085311e-01
    outer loop
      vertex   1.361964e+02 4.036508e+01 1.037343e+02
      vertex   1.361964e+02 3.742508e+01 1.037343e+02
      vertex   1.361120e+02 4.036508e+01 1.035914e+02
    endloop
  endfacet
  facet normal 8.610436e-01 0.000000e+00 -5.085311e-01
    outer loop
      vertex   1.361120e+02 4.036508e+01 1.035914e+02
      vertex   1.361964e+02 3.742508e+01 1.037343e+02
      vertex   1.361120e+02 3.742508e+01 1.035914e+02
    endloop
  endfacet
  facet normal 7.948544e-01 0.000000e+00 -6.068001e-01
    outer loop
      vertex   1.361120e+02 4.036508e+01 1.035914e+02
      vertex   1.361120e+02 3.742508e+01 1.035914e+02
      vertex   1.360114e+02 4.036508e+01 1.034596e+02
    endloop
  endfacet
  facet normal 7.948544e-01 0.000000e+00 -6.068001e-01
    outer loop
      vertex   1.360114e+02 4.036508e+01 1.034596e+02
      vertex   1.361120e+02 3.742508e+01 1.035914e+02
      vertex   1.360114e+02 3.742508e+01 1.034596e+02
    endloop
  endfacet
  facet normal 7.175073e-01 0.000000e+00 -6.965510e-01
    outer loop
      vertex   1.360114e+02 4.036508e+01 1.034596e+02
      vertex   1.360114e+02 3.742508e+01 1.034596e+02
      vertex   1.358958e+02 4.036508e+01 1.033406e+02
    endloop
  endfacet
  facet normal 7.175073e-01 0.000000e+00 -6.965510e-01
    outer loop
      vertex   1.358958e+02 4.036508e+01 1.033406e+02
      vertex   1.360114e+02 3.742508e+01 1.034596e+02
      vertex   1.358958e+02 3.742508e+01 1.033406e+02
    endloop
  endfacet
  facet normal 6.300878e-01 0.000000e+00 -7.765239e-01
    outer loop
      vertex   1.358958e+02 4.036508e+01 1.033406e+02
      vertex   1.358958e+02 3.742508e+01 1.033406e+02
      vertex   1.357670e+02 4.036508e+01 1.032361e+02
    endloop
  endfacet
  facet normal 6.300878e-01 0.000000e+00 -7.765239e-01
    outer loop
      vertex   1.357670e+02 4.036508e+01 1.032361e+02
      vertex   1.358958e+02 3.742508e+01 1.033406e+02
      vertex   1.357670e+02 3.742508e+01 1.032361e+02
    endloop
  endfacet
  facet normal 5.338234e-01 0.000000e+00 -8.455960e-01
    outer loop
      vertex   1.357670e+02 4.036508e+01 1.032361e+02
      vertex   1.357670e+02 3.742508e+01 1.032361e+02
      vertex   1.356268e+02 4.036508e+01 1.031475e+02
    endloop
  endfacet
  facet normal 5.338234e-01 0.000000e+00 -8.455960e-01
    outer loop
      vertex   1.356268e+02 4.036508e+01 1.031475e+02
      vertex   1.357670e+02 3.742508e+01 1.032361e+02
      vertex   1.356268e+02 3.742508e+01 1.031475e+02
    endloop
  endfacet
  facet normal 4.300652e-01 0.000000e+00 -9.027978e-01
    outer loop
      vertex   1.356268e+02 4.036508e+01 1.031475e+02
      vertex   1.356268e+02 3.742508e+01 1.031475e+02
      vertex   1.354770e+02 4.036508e+01 1.030762e+02
    endloop
  endfacet
  facet normal 4.300652e-01 0.000000e+00 -9.027978e-01
    outer loop
      vertex   1.354770e+02 4.036508e+01 1.030762e+02
      vertex   1.356268e+02 3.742508e+01 1.031475e+02
      vertex   1.354770e+02 3.742508e+01 1.030762e+02
    endloop
  endfacet
  facet normal 3.202699e-01 0.000000e+00 -9.473264e-01
    outer loop
      vertex   1.354770e+02 4.036508e+01 1.030762e+02
      vertex   1.354770e+02 3.742508e+01 1.030762e+02
      vertex   1.353199e+02 4.036508e+01 1.030231e+02
    endloop
  endfacet
  facet normal 3.202699e-01 0.000000e+00 -9.473264e-01
    outer loop
      vertex   1.353199e+02 4.036508e+01 1.030231e+02
      vertex   1.354770e+02 3.742508e+01 1.030762e+02
      vertex   1.353199e+02 3.742508e+01 1.030231e+02
    endloop
  endfacet
  facet normal 2.059786e-01 0.000000e+00 -9.785565e-01
    outer loop
      vertex   1.353199e+02 4.036508e+01 1.030231e+02
      vertex   1.353199e+02 3.742508e+01 1.030231e+02
      vertex   1.351575e+02 4.036508e+01 1.029889e+02
    endloop
  endfacet
  facet normal 2.059786e-01 0.000000e+00 -9.785565e-01
    outer loop
      vertex   1.351575e+02 4.036508e+01 1.029889e+02
      vertex   1.353199e+02 3.742508e+01 1.030231e+02
      vertex   1.351575e+02 3.742508e+01 1.029889e+02
    endloop
  endfacet
  facet normal 8.879590e-02 0.000000e+00 -9.960498e-01
    outer loop
      vertex   1.351575e+02 4.036508e+01 1.029889e+02
      vertex   1.351575e+02 3.742508e+01 1.029889e+02
      vertex   1.349923e+02 4.036508e+01 1.029742e+02
    endloop
  endfacet
  facet normal 8.879590e-02 0.000000e+00 -9.960498e-01
    outer loop
      vertex   1.349923e+02 4.036508e+01 1.029742e+02
      vertex   1.351575e+02 3.742508e+01 1.029889e+02
      vertex   1.349923e+02 3.742508e+01 1.029742e+02
    endloop
  endfacet
  facet normal -2.963333e-02 -0.000000e+00 -9.995608e-01
    outer loop
      vertex   1.349923e+02 4.036508e+01 1.029742e+02
      vertex   1.349923e+02 3.742508e+01 1.029742e+02
      vertex   1.348265e+02 4.036508e+01 1.029791e+02
    endloop
  endfacet
  facet normal -2.963333e-02 -0.000000e+00 -9.995608e-01
    outer loop
      vertex   1.348265e+02 4.036508e+01 1.029791e+02
      vertex   1.349923e+02 3.742508e+01 1.029742e+02
      vertex   1.348265e+02 3.742508e+01 1.029791e+02
    endloop
  endfacet
  facet normal -1.476466e-01 -0.000000e+00 -9.890402e-01
    outer loop
      vertex   1.348265e+02 4.036508e+01 1.029791e+02
      vertex   1.348265e+02 3.742508e+01 1.029791e+02
      vertex   1.346625e+02 4.036508e+01 1.030036e+02
    endloop
  endfacet
  facet normal -1.476466e-01 -0.000000e+00 -9.890402e-01
    outer loop
      vertex   1.346625e+02 4.036508e+01 1.030036e+02
      vertex   1.348265e+02 3.742508e+01 1.029791e+02
      vertex   1.346625e+02 3.742508e+01 1.030036e+02
    endloop
  endfacet
  facet normal -2.635872e-01 -0.000000e+00 -9.646356e-01
    outer loop
      vertex   1.346625e+02 4.036508e+01 1.030036e+02
      vertex   1.346625e+02 3.742508e+01 1.030036e+02
      vertex   1.345025e+02 4.036508e+01 1.030473e+02
    endloop
  endfacet
  facet normal -2.635872e-01 -0.000000e+00 -9.646356e-01
    outer loop
      vertex   1.345025e+02 4.036508e+01 1.030473e+02
      vertex   1.346625e+02 3.742508e+01 1.030036e+02
      vertex   1.345025e+02 3.742508e+01 1.030473e+02
    endloop
  endfacet
  facet normal -3.758276e-01 -0.000000e+00 -9.266896e-01
    outer loop
      vertex   1.345025e+02 4.036508e+01 1.030473e+02
      vertex   1.345025e+02 3.742508e+01 1.030473e+02
      vertex   1.343488e+02 4.036508e+01 1.031096e+02
    endloop
  endfacet
  facet normal -3.758276e-01 -0.000000e+00 -9.266896e-01
    outer loop
      vertex   1.343488e+02 4.036508e+01 1.031096e+02
      vertex   1.345025e+02 3.742508e+01 1.030473e+02
      vertex   1.343488e+02 3.742508e+01 1.031096e+02
    endloop
  endfacet
  facet normal -4.827922e-01 -0.000000e+00 -8.757349e-01
    outer loop
      vertex   1.343488e+02 4.036508e+01 1.031096e+02
      vertex   1.343488e+02 3.742508e+01 1.031096e+02
      vertex   1.342035e+02 4.036508e+01 1.031897e+02
    endloop
  endfacet
  facet normal -4.827922e-01 -0.000000e+00 -8.757349e-01
    outer loop
      vertex   1.342035e+02 4.036508e+01 1.031897e+02
      vertex   1.343488e+02 3.742508e+01 1.031096e+02
      vertex   1.342035e+02 3.742508e+01 1.031897e+02
    endloop
  endfacet
  facet normal -5.829795e-01 -0.000000e+00 -8.124869e-01
    outer loop
      vertex   1.342035e+02 4.036508e+01 1.031897e+02
      vertex   1.342035e+02 3.742508e+01 1.031897e+02
      vertex   1.340687e+02 4.036508e+01 1.032864e+02
    endloop
  endfacet
  facet normal -5.829795e-01 -0.000000e+00 -8.124869e-01
    outer loop
      vertex   1.340687e+02 4.036508e+01 1.032864e+02
      vertex   1.342035e+02 3.742508e+01 1.031897e+02
      vertex   1.340687e+02 3.742508e+01 1.032864e+02
    endloop
  endfacet
  facet normal -6.749830e-01 -0.000000e+00 -7.378333e-01
    outer loop
      vertex   1.340687e+02 4.036508e+01 1.032864e+02
      vertex   1.340687e+02 3.742508e+01 1.032864e+02
      vertex   1.339463e+02 4.036508e+01 1.033984e+02
    endloop
  endfacet
  facet normal -6.749830e-01 -0.000000e+00 -7.378333e-01
    outer loop
      vertex   1.339463e+02 4.036508e+01 1.033984e+02
      vertex   1.340687e+02 3.742508e+01 1.032864e+02
      vertex   1.339463e+02 3.742508e+01 1.033984e+02
    endloop
  endfacet
  facet normal -7.575112e-01 -0.000000e+00 -6.528221e-01
    outer loop
      vertex   1.339463e+02 4.036508e+01 1.033984e+02
      vertex   1.339463e+02 3.742508e+01 1.033984e+02
      vertex   1.338380e+02 4.036508e+01 1.035240e+02
    endloop
  endfacet
  facet normal -7.575112e-01 -0.000000e+00 -6.528221e-01
    outer loop
      vertex   1.338380e+02 4.036508e+01 1.035240e+02
      vertex   1.339463e+02 3.742508e+01 1.033984e+02
      vertex   1.338380e+02 3.742508e+01 1.035240e+02
    endloop
  endfacet
  facet normal -8.294057e-01 -0.000000e+00 -5.586468e-01
    outer loop
      vertex   1.338380e+02 4.036508e+01 1.035240e+02
      vertex   1.338380e+02 3.742508e+01 1.035240e+02
      vertex   1.337454e+02 4.036508e+01 1.036616e+02
    endloop
  endfacet
  facet normal -8.294057e-01 -0.000000e+00 -5.586468e-01
    outer loop
      vertex   1.337454e+02 4.036508e+01 1.036616e+02
      vertex   1.338380e+02 3.742508e+01 1.035240e+02
      vertex   1.337454e+02 3.742508e+01 1.036616e+02
    endloop
  endfacet
  facet normal -8.896571e-01 -0.000000e+00 -4.566292e-01
    outer loop
      vertex   1.337454e+02 4.036508e+01 1.036616e+02
      vertex   1.337454e+02 3.742508e+01 1.036616e+02
      vertex   1.336696e+02 4.036508e+01 1.038092e+02
    endloop
  endfacet
  facet normal -8.896571e-01 -0.000000e+00 -4.566292e-01
    outer loop
      vertex   1.336696e+02 4.036508e+01 1.038092e+02
      vertex   1.337454e+02 3.742508e+01 1.036616e+02
      vertex   1.336696e+02 3.742508e+01 1.038092e+02
    endloop
  endfacet
  facet normal -9.374197e-01 -0.000000e+00 -3.482016e-01
    outer loop
      vertex   1.336696e+02 4.036508e+01 1.038092e+02
      vertex   1.336696e+02 3.742508e+01 1.038092e+02
      vertex   1.336119e+02 4.036508e+01 1.039647e+02
    endloop
  endfacet
  facet normal -9.374197e-01 -0.000000e+00 -3.482016e-01
    outer loop
      vertex   1.336119e+02 4.036508e+01 1.039647e+02
      vertex   1.336696e+02 3.742508e+01 1.038092e+02
      vertex   1.336119e+02 3.742508e+01 1.039647e+02
    endloop
  endfacet
  facet normal -9.720229e-01 -0.000000e+00 -2.348860e-01
    outer loop
      vertex   1.336119e+02 4.036508e+01 1.039647e+02
      vertex   1.336119e+02 3.742508e+01 1.039647e+02
      vertex   1.335729e+02 4.036508e+01 1.041259e+02
    endloop
  endfacet
  facet normal -9.720229e-01 -0.000000e+00 -2.348860e-01
    outer loop
      vertex   1.335729e+02 4.036508e+01 1.041259e+02
      vertex   1.336119e+02 3.742508e+01 1.039647e+02
      vertex   1.335729e+02 3.742508e+01 1.041259e+02
    endloop
  endfacet
  facet normal -9.929811e-01 -0.000000e+00 -1.182732e-01
    outer loop
      vertex   1.335729e+02 4.036508e+01 1.041259e+02
      vertex   1.335729e+02 3.742508e+01 1.041259e+02
      vertex   1.335533e+02 4.036508e+01 1.042906e+02
    endloop
  endfacet
  facet normal -9.929811e-01 -0.000000e+00 -1.182732e-01
    outer loop
      vertex   1.335533e+02 4.036508e+01 1.042906e+02
      vertex   1.335729e+02 3.742508e+01 1.041259e+02
      vertex   1.335533e+02 3.742508e+01 1.042906e+02
    endloop
  endfacet
  facet normal -1.000000e+00 0.000000e+00 0.000000e+00
    outer loop
      vertex   1.335533e+02 4.036508e+01 1.042906e+02
      vertex   1.335533e+02 3.742508e+01 1.042906e+02
      vertex   1.335533e+02 4.036508e+01 1.044565e+02
    endloop
  endfacet
  facet normal -1.000000e+00 -0.000000e+00 0.000000e+00
    outer loop
      vertex   1.335533e+02 4.036508e+01 1.044565e+02
      vertex   1.335533e+02 3.742508e+01 1.042906e+02
      vertex   1.335533e+02 3.742508e+01 1.044565e+02
    endloop
  endfacet
  facet normal -9.929811e-01 0.000000e+00 1.182732e-01
    outer loop
      vertex   1.335533e+02 4.036508e+01 1.044565e+02
      vertex   1.335533e+02 3.742508e+01 1.044565e+02
      vertex   1.335729e+02 4.036508e+01 1.046212e+02
    endloop
  endfacet
  facet normal -9.929811e-01 0.000000e+00 1.182732e-01
    outer loop
      vertex   1.335729e+02 4.036508e+01 1.046212e+02
      vertex   1.335533e+02 3.742508e+01 1.044565e+02
      vertex   1.335729e+02 3.742508e+01 1.046212e+02
    endloop
  endfacet
  facet normal -9.720229e-01 0.000000e+00 2.348860e-01
    outer loop
      vertex   1.335729e+02 4.036508e+01 1.046212e+02
      vertex   1.335729e+02 3.742508e+01 1.046212e+02
      vertex   1.336119e+02 4.036508e+01 1.047824e+02
    endloop
  endfacet
  facet normal -9.720229e-01 0.000000e+00 2.348860e-01
    outer loop
      vertex   1.336119e+02 4.036508e+01 1.047824e+02
      vertex   1.335729e+02 3.742508e+01 1.046212e+02
      vertex   1.336119e+02 3.742508e+01 1.047824e+02
    endloop
  endfacet
  facet normal -9.374197e-01 0.000000e+00 3.482016e-01
    outer loop
      vertex   1.336119e+02 4.036508e+01 1.047824e+02
      vertex   1.336119e+02 3.742508e+01 1.047824e+02
      vertex   1.336696e+02 4.036508e+01 1.049379e+02
    endloop
  endfacet
  facet normal -9.374197e-01 0.000000e+00 3.482016e-01
    outer loop
      vertex   1.336696e+02 4.036508e+01 1.049379e+02
      vertex   1.336119e+02 3.742508e+01 1.047824e+02
      vertex   1.336696e+02 3.742508e+01 1.049379e+02
    endloop
  endfacet
  facet normal -8.896571e-01 0.000000e+00 4.566292e-01
    outer loop
      vertex   1.336696e+02 4.036508e+01 1.049379e+02
      vertex   1.336696e+02 3.742508e+01 1.049379e+02
      vertex   1.337454e+02 4.036508e+01 1.050855e+02
    endloop
  endfacet
  facet normal -8.896571e-01 0.000000e+00 4.566292e-01
    outer loop
      vertex   1.337454e+02 4.036508e+01 1.050855e+02
      vertex   1.336696e+02 3.742508e+01 1.049379e+02
      vertex   1.337454e+02 3.742508e+01 1.050855e+02
    endloop
  endfacet
  facet normal -8.294057e-01 0.000000e+00 5.586468e-01
    outer loop
      vertex   1.337454e+02 4.036508e+01 1.050855e+02
      vertex   1.337454e+02 3.742508e+01 1.050855e+02
      vertex   1.338380e+02 4.036508e+01 1.052231e+02
    endloop
  endfacet
  facet normal -8.294057e-01 0.000000e+00 5.586468e-01
    outer loop
      vertex   1.338380e+02 4.036508e+01 1.052231e+02
      vertex   1.337454e+02 3.742508e+01 1.050855e+02
      vertex   1.338380e+02 3.742508e+01 1.052231e+02
    endloop
  endfacet
  facet normal -7.575112e-01 0.000000e+00 6.528221e-01
    outer loop
      vertex   1.338380e+02 4.036508e+01 1.052231e+02
      vertex   1.338380e+02 3.742508e+01 1.052231e+02
      vertex   1.339463e+02 4.036508e+01 1.053487e+02
    endloop
  endfacet
  facet normal -7.575112e-01 0.000000e+00 6.528221e-01
    outer loop
      vertex   1.339463e+02 4.036508e+01 1.053487e+02
      vertex   1.338380e+02 3.742508e+01 1.052231e+02
      vertex   1.339463e+02 3.742508e+01 1.053487e+02
    endloop
  endfacet
  facet normal -6.749830e-01 0.000000e+00 7.378333e-01
    outer loop
      vertex   1.339463e+02 4.036508e+01 1.053487e+02
      vertex   1.339463e+02 3.742508e+01 1.053487e+02
      vertex   1.340687e+02 4.036508e+01 1.054607e+02
    endloop
  endfacet
  facet normal -6.749830e-01 0.000000e+00 7.378333e-01
    outer loop
      vertex   1.340687e+02 4.036508e+01 1.054607e+02
      vertex   1.339463e+02 3.742508e+01 1.053487e+02
      vertex   1.340687e+02 3.742508e+01 1.054607e+02
    endloop
  endfacet
  facet normal -5.829795e-01 0.000000e+00 8.124869e-01
    outer loop
      vertex   1.340687e+02 4.036508e+01 1.054607e+02
      vertex   1.340687e+02 3.742508e+01 1.054607e+02
      vertex   1.342035e+02 4.036508e+01 1.055574e+02
    endloop
  endfacet
  facet normal -5.829795e-01 0.000000e+00 8.124869e-01
    outer loop
      vertex   1.342035e+02 4.036508e+01 1.055574e+02
      vertex   1.340687e+02 3.742508e+01 1.054607e+02
      vertex   1.342035e+02 3.742508e+01 1.055574e+02
    endloop
  endfacet
  facet normal -4.827922e-01 0.000000e+00 8.757349e-01
    outer loop
      vertex   1.342035e+02 4.036508e+01 1.055574e+02
      vertex   1.342035e+02 3.742508e+01 1.055574e+02
      vertex   1.343488e+02 4.036508e+01 1.056375e+02
    endloop
  endfacet
  facet normal -4.827922e-01 0.000000e+00 8.757349e-01
    outer loop
      vertex   1.343488e+02 4.036508e+01 1.056375e+02
      vertex   1.342035e+02 3.742508e+01 1.055574e+02
      vertex   1.343488e+02 3.742508e+01 1.056375e+02
    endloop
  endfacet
  facet normal -3.758276e-01 0.000000e+00 9.266896e-01
    outer loop
      vertex   1.343488e+02 4.036508e+01 1.056375e+02
      vertex   1.343488e+02 3.742508e+01 1.056375e+02
      vertex   1.345025e+02 4.036508e+01 1.056998e+02
    endloop
  endfacet
  facet normal -3.758276e-01 0.000000e+00 9.266896e-01
    outer loop
      vertex   1.345025e+02 4.036508e+01 1.056998e+02
      vertex   1.343488e+02 3.742508e+01 1.056375e+02
      vertex   1.345025e+02 3.742508e+01 1.056998e+02
    endloop
  endfacet
  facet normal -2.635872e-01 0.000000e+00 9.646356e-01
    outer loop
      vertex   1.345025e+02 4.036508e+01 1.056998e+02
      vertex   1.345025e+02 3.742508e+01 1.056998e+02
      vertex   1.346625e+02 4.036508e+01 1.057435e+02
    endloop
  endfacet
  facet normal -2.635872e-01 0.000000e+00 9.646356e-01
    outer loop
      vertex   1.346625e+02 4.036508e+01 1.057435e+02
      vertex   1.345025e+02 3.742508e+01 1.056998e+02
      vertex   1.346625e+02 3.742508e+01 1.057435e+02
    endloop
  endfacet
  facet normal -1.476466e-01 0.000000e+00 9.890402e-01
    outer loop
      vertex   1.346625e+02 4.036508e+01 1.057435e+02
      vertex   1.346625e+02 3.742508e+01 1.057435e+02
      vertex   1.348265e+02 4.036508e+01 1.057680e+02
    endloop
  endfacet
  facet normal -1.476466e-01 0.000000e+00 9.890402e-01
    outer loop
      vertex   1.348265e+02 4.036508e+01 1.057680e+02
      vertex   1.346625e+02 3.742508e+01 1.057435e+02
      vertex   1.348265e+02 3.742508e+01 1.057680e+02
    endloop
  endfacet
  facet normal -2.963333e-02 0.000000e+00 9.995608e-01
    outer loop
      vertex   1.348265e+02 4.036508e+01 1.057680e+02
      vertex   1.348265e+02 3.742508e+01 1.057680e+02
      vertex   1.349923e+02 4.036508e+01 1.057729e+02
    endloop
  endfacet
  facet normal -2.963333e-02 0.000000e+00 9.995608e-01
    outer loop
      vertex   1.349923e+02 4.036508e+01 1.057729e+02
      vertex   1.348265e+02 3.742508e+01 1.057680e+02
      vertex   1.349923e+02 3.742508e+01 1.057729e+02
    endloop
  endfacet
  facet normal 8.879590e-02 0.000000e+00 9.960498e-01
    outer loop
      vertex   1.349923e+02 4.036508e+01 1.057729e+02
      vertex   1.349923e+02 3.742508e+01 1.057729e+02
      vertex   1.351575e+02 4.036508e+01 1.057582e+02
    endloop
  endfacet
  facet normal 8.879590e-02 0.000000e+00 9.960498e-01
    outer loop
      vertex   1.351575e+02 4.036508e+01 1.057582e+02
      vertex   1.349923e+02 3.742508e+01 1.057729e+02
      vertex   1.351575e+02 3.742508e+01 1.057582e+02
    endloop
  endfacet
  facet normal 2.059786e-01 0.000000e+00 9.785565e-01
    outer loop
      vertex   1.351575e+02 4.036508e+01 1.057582e+02
      vertex   1.351575e+02 3.742508e+01 1.057582e+02
      vertex   1.353199e+02 4.036508e+01 1.057240e+02
    endloop
  endfacet
  facet normal 2.059786e-01 0.000000e+00 9.785565e-01
    outer loop
      vertex   1.353199e+02 4.036508e+01 1.057240e+02
      vertex   1.351575e+02 3.742508e+01 1.057582e+02
      vertex   1.353199e+02 3.742508e+01 1.057240e+02
    endloop
  endfacet
  facet normal 3.202699e-01 0.000000e+00 9.473264e-01
    outer loop
      vertex   1.353199e+02 4.036508e+01 1.057240e+02
      vertex   1.353199e+02 3.742508e+01 1.057240e+02
      vertex   1.354770e+02 4.036508e+01 1.056709e+02
    endloop
  endfacet
  facet normal 3.202699e-01 0.000000e+00 9.473264e-01
    outer loop
      vertex   1.354770e+02 4.036508e+01 1.056709e+02
      vertex   1.353199e+02 3.742508e+01 1.057240e+02
      vertex   1.354770e+02 3.742508e+01 1.056709e+02
    endloop
  endfacet
  facet normal 4.300652e-01 0.000000e+00 9.027978e-01
    outer loop
      vertex   1.354770e+02 4.036508e+01 1.056709e+02
      vertex   1.354770e+02 3.742508e+01 1.056709e+02
      vertex   1.356268e+02 4.036508e+01 1.055996e+02
    endloop
  endfacet
  facet normal 4.300652e-01 0.000000e+00 9.027978e-01
    outer loop
      vertex   1.356268e+02 4.036508e+01 1.055996e+02
      vertex   1.354770e+02 3.742508e+01 1.056709e+02
      vertex   1.356268e+02 3.742508e+01 1.055996e+02
    endloop
  endfacet
  facet normal 5.338234e-01 0.000000e+00 8.455960e-01
    outer loop
      vertex   1.356268e+02 4.036508e+01 1.055996e+02
      vertex   1.356268e+02 3.742508e+01 1.055996e+02
      vertex   1.357670e+02 4.036508e+01 1.055110e+02
    endloop
  endfacet
  facet normal 5.338234e-01 0.000000e+00 8.455960e-01
    outer loop
      vertex   1.357670e+02 4.036508e+01 1.055110e+02
      vertex   1.356268e+02 3.742508e+01 1.055996e+02
      vertex   1.357670e+02 3.742508e+01 1.055110e+02
    endloop
  endfacet
  facet normal 6.300878e-01 0.000000e+00 7.765239e-01
    outer loop
      vertex   1.357670e+02 4.036508e+01 1.055110e+02
      vertex   1.357670e+02 3.742508e+01 1.055110e+02
      vertex   1.358958e+02 4.036508e+01 1.054065e+02
    endloop
  endfacet
  facet normal 6.300878e-01 0.000000e+00 7.765239e-01
    outer loop
      vertex   1.358958e+02 4.036508e+01 1.054065e+02
      vertex   1.357670e+02 3.742508e+01 1.055110e+02
      vertex   1.358958e+02 3.742508e+01 1.054065e+02
    endloop
  endfacet
  facet normal 7.175073e-01 0.000000e+00 6.965510e-01
    outer loop
      vertex   1.358958e+02 4.036508e+01 1.054065e+02
      vertex   1.358958e+02 3.742508e+01 1.054065e+02
      vertex   1.360114e+02 4.036508e+01 1.052875e+02
    endloop
  endfacet
  facet normal 7.175073e-01 0.000000e+00 6.965510e-01
    outer loop
      vertex   1.360114e+02 4.036508e+01 1.052875e+02
      vertex   1.358958e+02 3.742508e+01 1.054065e+02
      vertex   1.360114e+02 3.742508e+01 1.052875e+02
    endloop
  endfacet
  facet normal 7.948544e-01 0.000000e+00 6.068001e-01
    outer loop
      vertex   1.360114e+02 4.036508e+01 1.052875e+02
      vertex   1.360114e+02 3.742508e+01 1.052875e+02
      vertex   1.361120e+02 4.036508e+01 1.051557e+02
    endloop
  endfacet
  facet normal 7.948544e-01 0.000000e+00 6.068001e-01
    outer loop
      vertex   1.361120e+02 4.036508e+01 1.051557e+02
      vertex   1.360114e+02 3.742508e+01 1.052875e+02
      vertex   1.361120e+02 3.742508e+01 1.051557e+02
    endloop
  endfacet
  facet normal 8.610436e-01 0.000000e+00 5.085311e-01
    outer loop
      vertex   1.361120e+02 4.036508e+01 1.051557e+02
      vertex   1.361120e+02 3.742508e+01 1.051557e+02
      vertex   1.361964e+02 4.036508e+01 1.050128e+02
    endloop
  endfacet
  facet normal 8.610436e-01 0.000000e+00 5.085311e-01
    outer loop
      vertex   1.361964e+02 4.036508e+01 1.050128e+02
      vertex   1.361120e+02 3.742508e+01 1.051557e+02
      vertex   1.361964e+02 3.742508e+01 1.050128e+02
    endloop
  endfacet
  facet normal 9.151456e-01 0.000000e+00 4.031234e-01
    outer loop
      vertex   1.361964e+02 4.036508e+01 1.050128e+02
      vertex   1.361964e+02 3.742508e+01 1.050128e+02
      vertex   1.362632e+02 4.036508e+01 1.048610e+02
    endloop
  endfacet
  facet normal 9.151456e-01 0.000000e+00 4.031234e-01
    outer loop
      vertex   1.362632e+02 4.036508e+01 1.048610e+02
      vertex   1.361964e+02 3.742508e+01 1.050128e+02
      vertex   1.362632e+02 3.742508e+01 1.048610e+02
    endloop
  endfacet
  facet normal 9.564010e-01 0.000000e+00 2.920568e-01
    outer loop
      vertex   1.362632e+02 4.036508e+01 1.048610e+02
      vertex   1.362632e+02 3.742508e+01 1.048610e+02
      vertex   1.363117e+02 4.036508e+01 1.047024e+02
    endloop
  endfacet
  facet normal 9.564010e-01 0.000000e+00 2.920568e-01
    outer loop
      vertex   1.363117e+02 4.036508e+01 1.047024e+02
      vertex   1.362632e+02 3.742508e+01 1.048610e+02
      vertex   1.363117e+02 3.742508e+01 1.047024e+02
    endloop
  endfacet
  facet normal 9.842306e-01 0.000000e+00 1.768903e-01
    outer loop
      vertex   1.363117e+02 4.036508e+01 1.047024e+02
      vertex   1.363117e+02 3.742508e+01 1.047024e+02
      vertex   1.363410e+02 4.036508e+01 1.045391e+02
    endloop
  endfacet
  facet normal 9.842306e-01 0.000000e+00 1.768903e-01
    outer loop
      vertex   1.363410e+02 4.036508e+01 1.045391e+02
      vertex   1.363117e+02 3.742508e+01 1.047024e+02
      vertex   1.363410e+02 3.742508e+01 1.045391e+02
    endloop
  endfacet
  facet normal 9.982437e-01 0.000000e+00 5.924063e-02
    outer loop
      vertex   1.363410e+02 4.036508e+01 1.045391e+02
      vertex   1.363410e+02 3.742508e+01 1.045391e+02
      vertex   1.363508e+02 4.036508e+01 1.043735e+02
    endloop
  endfacet
  facet normal 9.982437e-01 0.000000e+00 5.924063e-02
    outer loop
      vertex   1.363508e+02 4.036508e+01 1.043735e+02
      vertex   1.363410e+02 3.742508e+01 1.045391e+02
      vertex   1.363508e+02 3.742508e+01 1.043735e+02
    endloop
  endfacet
  facet normal 9.982437e-01 0.000000e+00 -5.924063e-02
    outer loop
      vertex   1.363508e+02 3.742508e+01 1.043735e+02
      vertex   1.363508e+02 3.448508e+01 1.043735e+02
      vertex   1.363410e+02 3.742508e+01 1.042080e+02
    endloop
  endfacet
  facet normal 9.982437e-01 0.000000e+00 -5.924063e-02
    outer loop
      vertex   1.363410e+02 3.742508e+01 1.042080e+02
      vertex   1.363508e+02 3.448508e+01 1.043735e+02
      vertex   1.363410e+02 3.448508e+01 1.042080e+02
    endloop
  endfacet
  facet normal 9.842306e-01 0.000000e+00 -1.768903e-01
    outer loop
      vertex   1.363410e+02 3.742508e+01 1.042080e+02
      vertex   1.363410e+02 3.448508e+01 1.042080e+02
      vertex   1.363117e+02 3.742508e+01 1.040447e+02
    endloop
  endfacet
  facet normal 9.842306e-01 0.000000e+00 -1.768903e-01
    outer loop
      vertex   1.363117e+02 3.742508e+01 1.040447e+02
      vertex   1.363410e+02 3.448508e+01 1.042080e+02
      vertex   1.363117e+02 3.448508e+01 1.040447e+02
    endloop
  endfacet
  facet normal 9.564010e-01 0.000000e+00 -2.920568e-01
    outer loop
      vertex   1.363117e+02 3.742508e+01 1.040447e+02
      vertex   1.363117e+02 3.448508e+01 1.040447e+02
      vertex   1.362632e+02 3.742508e+01 1.038861e+02
    endloop
  endfacet
  facet normal 9.564010e-01 0.000000e+00 -2.920568e-01
    outer loop
      vertex   1.362632e+02 3.742508e+01 1.038861e+02
      vertex   1.363117e+02 3.448508e+01 1.040447e+02
      vertex   1.362632e+02 3.448508e+01 1.038861e+02
    endloop
  endfacet
  facet normal 9.151456e-01 0.000000e+00 -4.031234e-01
    outer loop
      vertex   1.362632e+02 3.742508e+01 1.038861e+02
      vertex   1.362632e+02 3.448508e+01 1.038861e+02
      vertex   1.361964e+02 3.742508e+01 1.037343e+02
    endloop
  endfacet
  facet normal 9.151456e-01 0.000000e+00 -4.031234e-01
    outer loop
      vertex   1.361964e+02 3.742508e+01 1.037343e+02
      vertex   1.362632e+02 3.448508e+01 1.038861e+02
      vertex   1.361964e+02 3.448508e+01 1.037343e+02
    endloop
  endfacet
  facet normal 8.610436e-01 0.000000e+00 -5.085311e-01
    outer loop
      vertex   1.361964e+02 3.742508e+01 1.037343e+02
      vertex   1.361964e+02 3.448508e+01 1.037343e+02
      vertex   1.361120e+02 3.742508e+01 1.035914e+02
    endloop
  endfacet
  facet normal 8.610436e-01 0.000000e+00 -5.085311e-01
    outer loop
      vertex   1.361120e+02 3.742508e+01 1.035914e+02
      vertex   1.361964e+02 3.448508e+01 1.037343e+02
      vertex   1.361120e+02 3.448508e+01 1.035914e+02
    endloop
  endfacet
  facet normal 7.948544e-01 0.000000e+00 -6.068001e-01
    outer loop
      vertex   1.361120e+02 3.742508e+01 1.035914e+02
      vertex   1.361120e+02 3.448508e+01 1.035914e+02
      vertex   1.360114e+02 3.742508e+01 1.034596e+02
    endloop
  endfacet
  facet normal 7.948544e-01 0.000000e+00 -6.068001e-01
    outer loop
      vertex   1.360114e+02 3.742508e+01 1.034596e+02
      vertex   1.361120e+02 3.448508e+01 1.035914e+02
      vertex   1.360114e+02 3.448508e+01 1.034596e+02
    endloop
  endfacet
  facet normal 7.175073e-01 0.000000e+00 -6.965510e-01
    outer loop
      vertex   1.360114e+02 3.742508e+01 1.034596e+02
      vertex   1.360114e+02 3.448508e+01 1.034596e+02
      vertex   1.358958e+02 3.742508e+01 1.033406e+02
    endloop
  endfacet
  facet normal 7.175073e-01 0.000000e+00 -6.965510e-01
    outer loop
      vertex   1.358958e+02 3.742508e+01 1.033406e+02
      vertex   1.360114e+02 3.448508e+01 1.034596e+02
      vertex   1.358958e+02 3.448508e+01 1.033406e+02
    endloop
  endfacet
  facet normal 6.300878e-01 0.000000e+00 -7.765239e-01
    outer loop
      vertex   1.358958e+02 3.742508e+01 1.033406e+02
      vertex   1.358958e+02 3.448508e+01 1.033406e+02
      vertex   1.357670e+02 3.742508e+01 1.032361e+02
    endloop
  endfacet
  facet normal 6.300878e-01 0.000000e+00 -7.765239e-01
    outer loop
      vertex   1.357670e+02 3.742508e+01 1.032361e+02
      vertex   1.358958e+02 3.448508e+01 1.033406e+02
      vertex   1.357670e+02 3.448508e+01 1.032361e+02
    endloop
  endfacet
  facet normal 5.338234e-01 0.000000e+00 -8.455960e-01
    outer loop
      vertex   1.357670e+02 3.742508e+01 1.032361e+02
      vertex   1.357670e+02 3.448508e+01 1.032361e+02
      vertex   1.356268e+02 3.742508e+01 1.031475e+02
    endloop
  endfacet
  facet normal 5.338234e-01 0.000000e+00 -8.455960e-01
    outer loop
      vertex   1.356268e+02 3.742508e+01 1.031475e+02
      vertex   1.357670e+02 3.448508e+01 1.032361e+02
      vertex   1.356268e+02 3.448508e+01 1.031475e+02
    endloop
  endfacet
  facet normal 4.300652e-01 0.000000e+00 -9.027978e-01
    outer loop
      vertex   1.356268e+02 3.742508e+01 1.031475e+02
      vertex   1.356268e+02 3.448508e+01 1.031475e+02
      vertex   1.354770e+02 3.742508e+01 1.030762e+02
    endloop
  endfacet
  facet normal 4.300652e-01 0.000000e+00 -9.027978e-01
    outer loop
      vertex   1.354770e+02 3.742508e+01 1.030762e+02
      vertex   1.356268e+02 3.448508e+01 1.031475e+02
      vertex   1.354770e+02 3.448508e+01 1.030762e+02
    endloop
  endfacet
  facet normal 3.202699e-01 0.000000e+00 -9.473264e-01
    outer loop
      vertex   1.354770e+02 3.742508e+01 1.030762e+02
      vertex   1.354770e+02 3.448508e+01 1.030762e+02
      vertex   1.353199e+02 3.742508e+01 1.030231e+02
    endloop
  endfacet
  facet normal 3.202699e-01 0.000000e+00 -9.473264e-01
    outer loop
      vertex   1.353199e+02 3.742508e+01 1.030231e+02
      vertex   1.354770e+02 3.448508e+01 1.030762e+02
      vertex   1.353199e+02 3.448508e+01 1.030231e+02
    endloop
  endfacet
  facet normal 2.059786e-01 0.000000e+00 -9.785565e-01
    outer loop
      vertex   1.353199e+02 3.742508e+01 1.030231e+02
      vertex   1.353199e+02 3.448508e+01 1.030231e+02
      vertex   1.351575e+02 3.742508e+01 1.029889e+02
    endloop
  endfacet
  facet normal 2.059786e-01 0.000000e+00 -9.785565e-01
    outer loop
      vertex   1.351575e+02 3.742508e+01 1.029889e+02
      vertex   1.353199e+02 3.448508e+01 1.030231e+02
      vertex   1.351575e+02 3.448508e+01 1.029889e+02
    endloop
  endfacet
  facet normal 8.879590e-02 0.000000e+00 -9.960498e-01
    outer loop
      vertex   1.351575e+02 3.742508e+01 1.029889e+02
      vertex   1.351575e+02 3.448508e+01 1.029889e+02
      vertex   1.349923e+02 3.742508e+01 1.029742e+02
    endloop
  endfacet
  facet normal 8.879590e-02 0.000000e+00 -9.960498e-01
    outer loop
      vertex   1.349923e+02 3.742508e+01 1.029742e+02
      vertex   1.351575e+02 3.448508e+01 1.029889e+02
      vertex   1.349923e+02 3.448508e+01 1.029742e+02
    endloop
  endfacet
  facet normal -2.963333e-02 -0.000000e+00 -9.995608e-01
    outer loop
      vertex   1.349923e+02 3.742508e+01 1.029742e+02
      vertex   1.349923e+02 3.448508e+01 1.029742e+02
      vertex   1.348265e+02 3.742508e+01 1.029791e+02
    endloop
  endfacet
  facet normal -2.963333e-02 -0.000000e+00 -9.995608e-01
    outer loop
      vertex   1.348265e+02 3.742508e+01 1.029791e+02
      vertex   1.349923e+02 3.448508e+01 1.029742e+02
      vertex   1.348265e+02 3.448508e+01 1.029791e+02
    endloop
  endfacet
  facet normal -1.476466e-01 -0.000000e+00 -9.890402e-01
    outer loop
      vertex   1.348265e+02 3.742508e+01 1.029791e+02
      vertex   1.348265e+02 3.448508e+01 1.029791e+02
      vertex   1.346625e+02 3.742508e+01 1.030036e+02
    endloop
  endfacet
  facet normal -1.476466e-01 -0.000000e+00 -9.890402e-01
    outer loop
      vertex   1.346625e+02 3.742508e+01 1.030036e+02
      vertex   1.348265e+02 3.448508e+01 1.029791e+02
      vertex   1.346625e+02 3.448508e+01 1.030036e+02
    endloop
  endfacet
  facet normal -2.635872e-01 -0.000000e+00 -9.646356e-01
    outer loop
      vertex   1.346625e+02 3.742508e+01 1.030036e+02
      vertex   1.346625e+02 3.448508e+01 1.030036e+02
      vertex   1.345025e+02 3.742508e+01 1.030473e+02
    endloop
  endfacet
  facet normal -2.635872e-01 -0.000000e+00 -9.646356e-01
    outer loop
      vertex   1.345025e+02 3.742508e+01 1.030473e+02
      vertex   1.346625e+02 3.448508e+01 1.030036e+02
      vertex   1.345025e+02 3.448508e+01 1.030473e+02
    endloop
  endfacet
  facet normal -3.758276e-01 -0.000000e+00 -9.266896e-01
    outer loop
      vertex   1.345025e+02 3.742508e+01 1.030473e+02
      vertex   1.345025e+02 3.448508e+01 1.030473e+02
      vertex   1.343488e+02 3.742508e+01 1.031096e+02
    endloop
  endfacet
  facet normal -3.758276e-01 -0.000000e+00 -9.266896e-01
    outer loop
      vertex   1.343488e+02 3.742508e+01 1.031096e+02
      vertex   1.345025e+02 3.448508e+01 1.030473e+02
      vertex   1.343488e+02 3.448508e+01 1.031096e+02
    endloop
  endfacet
  facet normal -4.827922e-01 -0.000000e+00 -8.757349e-01
    outer loop
      vertex   1.343488e+02 3.742508e+01 1.031096e+02
      vertex   1.343488e+02 3.448508e+01 1.031096e+02
      vertex   1.342035e+02 3.742508e+01 1.031897e+02
    endloop
  endfacet
  facet normal -4.827922e-01 -0.000000e+00 -8.757349e-01
    outer loop
      vertex   1.342035e+02 3.742508e+01 1.031897e+02
      vertex   1.343488e+02 3.448508e+01 1.031096e+02
      vertex   1.342035e+02 3.448508e+01 1.031897e+02
    endloop
  endfacet
  facet normal -5.829795e-01 -0.000000e+00 -8.124869e-01
    outer loop
      vertex   1.342035e+02 3.742508e+01 1.031897e+02
      vertex   1.342035e+02 3.448508e+01 1.031897e+02
      vertex   1.340687e+02 3.742508e+01 1.032864e+02
    endloop
  endfacet
  facet normal -5.829795e-01 -0.000000e+00 -8.124869e-01
    outer loop
      vertex   1.340687e+02 3.742508e+01 1.032864e+02
      vertex   1.342035e+02 3.448508e+01 1.031897e+02
      vertex   1.340687e+02 3.448508e+01 1.032864e+02
    endloop
  endfacet
  facet normal -6.749830e-01 -0.000000e+00 -7.378333e-01
    outer loop
      vertex   1.340687e+02 3.742508e+01 1.032864e+02
      vertex   1.340687e+02 3.448508e+01 1.032864e+02
      vertex   1.339463e+02 3.742508e+01 1.033984e+02
    endloop
  endfacet
  facet normal -6.749830e-01 -0.000000e+00 -7.378333e-01
    outer loop
      vertex   1.339463e+02 3.742508e+01 1.033984e+02
      vertex   1.340687e+02 3.448508e+01 1.032864e+02
      vertex   1.339463e+02 3.448508e+01 1.033984e+02
    endloop
  endfacet
  facet normal -7.575112e-01 -0.000000e+00 -6.528221e-01
    outer loop
      vertex   1.339463e+02 3.742508e+01 1.033984e+02
      vertex   1.339463e+02 3.448508e+01 1.033984e+02
      vertex   1.338380e+02 3.742508e+01 1.035240e+02
    endloop
  endfacet
  facet normal -7.575112e-01 -0.000000e+00 -6.528221e-01
    outer loop
      vertex   1.338380e+02 3.742508e+01 1.035240e+02
      vertex   1.339463e+02 3.448508e+01 1.033984e+02
      vertex   1.338380e+02 3.448508e+01 1.035240e+02
    endloop
  endfacet
  facet normal -8.294057e-01 -0.000000e+00 -5.586468e-01
    outer loop
      vertex   1.338380e+02 3.742508e+01 1.035240e+02
      vertex   1.338380e+02 3.448508e+01 1.035240e+02
      vertex   1.337454e+02 3.742508e+01 1.036616e+02
    endloop
  endfacet
  facet normal -8.294057e-01 -0.000000e+00 -5.586468e-01
    outer loop
      vertex   1.337454e+02 3.742508e+01 1.036616e+02
      vertex   1.338380e+02 3.448508e+01 1.035240e+02
      vertex   1.337454e+02 3.448508e+01 1.036616e+02
    endloop
  endfacet
  facet normal -8.896571e-01 -0.000000e+00 -4.566292e-01
    outer loop
      vertex   1.337454e+02 3.742508e+01 1.036616e+02
      vertex   1.337454e+02 3.448508e+01 1.036616e+02
      vertex   1.336696e+02 3.742508e+01 1.038092e+02
    endloop
  endfacet
  facet normal -8.896571e-01 -0.000000e+00 -4.566292e-01
    outer loop
      vertex   1.336696e+02 3.742508e+01 1.038092e+02
      vertex   1.337454e+02 3.448508e+01 1.036616e+02
      vertex   1.336696e+02 3.448508e+01 1.038092e+02
    endloop
  endfacet
  facet normal -9.374197e-01 -0.000000e+00 -3.482016e-01
    outer loop
      vertex   1.336696e+02 3.742508e+01 1.038092e+02
      vertex   1.336696e+02 3.448508e+01 1.038092e+02
      vertex   1.336119e+02 3.742508e+01 1.039647e+02
    endloop
  endfacet
  facet normal -9.374197e-01 -0.000000e+00 -3.482016e-01
    outer loop
      vertex   1.336119e+02 3.742508e+01 1.039647e+02
      vertex   1.336696e+02 3.448508e+01 1.038092e+02
      vertex   1.336119e+02 3.448508e+01 1.039647e+02
    endloop
  endfacet
  facet normal -9.720229e-01 -0.000000e+00 -2.348860e-01
    outer loop
      vertex   1.336119e+02 3.742508e+01 1.039647e+02
      vertex   1.336119e+02 3.448508e+01 1.039647e+02
      vertex   1.335729e+02 3.742508e+01 1.041259e+02
    endloop
  endfacet
  facet normal -9.720229e-01 -0.000000e+00 -2.348860e-01
    outer loop
      vertex   1.335729e+02 3.742508e+01 1.041259e+02
      vertex   1.336119e+02 3.448508e+01 1.039647e+02
      vertex   1.335729e+02 3.448508e+01 1.041259e+02
    endloop
  endfacet
  facet normal -9.929811e-01 -0.000000e+00 -1.182732e-01
    outer loop
      vertex   1.335729e+02 3.742508e+01 1.041259e+02
      vertex   1.335729e+02 3.448508e+01 1.041259e+02
      vertex   1.335533e+02 3.742508e+01 1.042906e+02
    endloop
  endfacet
  facet normal -9.929811e-01 -0.000000e+00 -1.182732e-01
    outer loop
      vertex   1.335533e+02 3.742508e+01 1.042906e+02
      vertex   1.335729e+02 3.448508e+01 1.041259e+02
      vertex   1.335533e+02 3.448508e+01 1.042906e+02
    endloop
  endfacet
  facet normal -1.000000e+00 0.000000e+00 0.000000e+00
    outer loop
      vertex   1.335533e+02 3.742508e+01 1.042906e+02
      vertex   1.335533e+02 3.448508e+01 1.042906e+02
      vertex   1.335533e+02 3.742508e+01 1.044565e+02
    endloop
  endfacet
  facet normal -1.000000e+00 -0.000000e+00 0.000000e+00
    outer loop
      vertex   1.335533e+02 3.742508e+01 1.044565e+02
      vertex   1.335533e+02 3.448508e+01 1.042906e+02
      vertex   1.335533e+02 3.448508e+01 1.044565e+02
    endloop
  endfacet
  facet normal -9.929811e-01 0.000000e+00 1.182732e-01
    outer loop
      vertex   1.335533e+02 3.742508e+01 1.044565e+02
      vertex   1.335533e+02 3.448508e+01 1.044565e+02
      vertex   1.335729e+02 3.742508e+01 1.046212e+02
    endloop
  endfacet
  facet normal -9.929811e-01 0.000000e+00 1.182732e-01
    outer loop
      vertex   1.335729e+02 3.742508e+01 1.046212e+02
      vertex   1.335533e+02 3.448508e+01 1.044565e+02
      vertex   1.335729e+02 3.448508e+01 1.046212e+02
    endloop
  endfacet
  facet normal -9.720229e-01 0.000000e+00 2.348860e-01
    outer loop
      vertex   1.335729e+02 3.742508e+01 1.046212e+02
      vertex   1.335729e+02 3.448508e+01 1.046212e+02
      vertex   1.336119e+02 3.742508e+01 1.047824e+02
    endloop
  endfacet
  facet normal -9.720229e-01 0.000000e+00 2.348860e-01
    outer loop
      vertex   1.336119e+02 3.742508e+01 1.047824e+02
      vertex   1.335729e+02 3.448508e+01 1.046212e+02
      vertex   1.336119e+02 3.448508e+01 1.047824e+02
    endloop
  endfacet
  facet normal -9.374197e-01 0.000000e+00 3.482016e-01
    outer loop
      vertex   1.336119e+02 3.742508e+01 1.047824e+02
      vertex   1.336119e+02 3.448508e+01 1.047824e+02
      vertex   1.336696e+02 3.742508e+01 1.049379e+02
    endloop
  endfacet
  facet normal -9.374197e-01 0.000000e+00 3.482016e-01
    outer loop
      vertex   1.336696e+02 3.742508e+01 1.049379e+02
      vertex   1.336119e+02 3.448508e+01 1.047824e+02
      vertex   1.336696e+02 3.448508e+01 1.049379e+02
    endloop
  endfacet
  facet normal -8.896571e-01 0.000000e+00 4.566292e-01
    outer loop
      vertex   1.336696e+02 3.742508e+01 1.049379e+02
      vertex   1.336696e+02 3.448508e+01 1.049379e+02
      vertex   1.337454e+02 3.742508e+01 1.050855e+02
    endloop
  endfacet
  facet normal -8.896571e-01 0.000000e+00 4.566292e-01
    outer loop
      vertex   1.337454e+02 3.742508e+01 1.050855e+02
      vertex   1.336696e+02 3.448508e+01 1.049379e+02
      vertex   1.337454e+02 3.448508e+01 1.050855e+02
    endloop
  endfacet
  facet normal -8.294057e-01 0.000000e+00 5.586468e-01
    outer loop
      vertex   1.337454e+02 3.742508e+01 1.050855e+02
      vertex   1.337454e+02 3.448508e+01 1.050855e+02
      vertex   1.338380e+02 3.742508e+01 1.052231e+02
    endloop
  endfacet
  facet normal -8.294057e-01 0.000000e+00 5.586468e-01
    outer loop
      vertex   1.338380e+02 3.742508e+01 1.052231e+02
      vertex   1.337454e+02 3.448508e+01 1.050855e+02
      vertex   1.338380e+02 3.448508e+01 1.052231e+02
    endloop
  endfacet
  facet normal -7.575112e-01 0.000000e+00 6.528221e-01
    outer loop
      vertex   1.338380e+02 3.742508e+01 1.052231e+02
      vertex   1.338380e+02 3.448508e+01 1.052231e+02
      vertex   1.339463e+02 3.742508e+01 1.053487e+02
    endloop
  endfacet
  facet normal -7.575112e-01 0.000000e+00 6.528221e-01
    outer loop
      vertex   1.339463e+02 3.742508e+01 1.053487e+02
      vertex   1.338380e+02 3.448508e+01 1.052231e+02
      vertex   1.339463e+02 3.448508e+01 1.053487e+02
    endloop
  endfacet
  facet normal -6.749830e-01 0.000000e+00 7.378333e-01
    outer loop
      vertex   1.339463e+02 3.742508e+01 1.053487e+02
      vertex   1.339463e+02 3.448508e+01 1.053487e+02
      vertex   1.340687e+02 3.742508e+01 1.054607e+02
    endloop
  endfacet
  facet normal -6.749830e-01 0.000000e+00 7.378333e-01
    outer loop
      vertex   1.340687e+02 3.742508e+01 1.054607e+02
      vertex   1.339463e+02 3.448508e+01 1.053487e+02
      vertex   1.340687e+02 3.448508e+01 1.054607e+02
    endloop
  endfacet
  facet normal -5.829795e-01 0.000000e+00 8.124869e-01
    outer loop
      vertex   1.340687e+02 3.742508e+01 1.054607e+02
      vertex   1.340687e+02 3.448508e+01 1.054607e+02
      vertex   1.342035e+02 3.742508e+01 1.055574e+02
    endloop
  endfacet
  facet normal -5.829795e-01 0.000000e+00 8.124869e-01
    outer loop
      vertex   1.342035e+02 3.742508e+01 1.055574e+02
      vertex   1.340687e+02 3.448508e+01 1.054607e+02
      vertex   1.342035e+02 3.448508e+01 1.055574e+02
    endloop
  endfacet
  facet normal -4.827922e-01 0.000000e+00 8.757349e-01
    outer loop
      vertex   1.342035e+02 3.742508e+01 1.055574e+02
      vertex   1.342035e+02 3.448508e+01 1.055574e+02
      vertex   1.343488e+02 3.742508e+01 1.056375e+02
    endloop
  endfacet
  facet normal -4.827922e-01 0.000000e+00 8.757349e-01
    outer loop
      vertex   1.343488e+02 3.742508e+01 1.056375e+02
      vertex   1.342035e+02 3.448508e+01 1.055574e+02
      vertex   1.343488e+02 3.448508e+01 1.056375e+02
    endloop
  endfacet
  facet normal -3.758276e-01 0.000000e+00 9.266896e-01
    outer loop
      vertex   1.343488e+02 3.742508e+01 1.056375e+02
      vertex   1.343488e+02 3.448508e+01 1.056375e+02
      vertex   1.345025e+02 3.742508e+01 1.056998e+02
    endloop
  endfacet
  facet normal -3.758276e-01 0.000000e+00 9.266896e-01
    outer loop
      vertex   1.345025e+02 3.742508e+01 1.056998e+02
      vertex   1.343488e+02 3.448508e+01 1.056375e+02
      vertex   1.345025e+02 3.448508e+01 1.056998e+02
    endloop
  endfacet
  facet normal -2.635872e-01 0.000000e+00 9.646356e-01
    outer loop
      vertex   1.345025e+02 3.742508e+01 1.056998e+02
      vertex   1.345025e+02 3.448508e+01 1.056998e+02
      vertex   1.346625e+02 3.742508e+01 1.057435e+02
    endloop
  endfacet
  facet normal -2.635872e-01 0.000000e+00 9.646356e-01
    outer loop
      vertex   1.346625e+02 3.742508e+01 1.057435e+02
      vertex   1.345025e+02 3.448508e+01 1.056998e+02
      vertex   1.346625e+02 3.448508e+01 1.057435e+02
    endloop
  endfacet
  facet normal -1.476466e-01 0.000000e+00 9.890402e-01
    outer loop
      vertex   1.346625e+02 3.742508e+01 1.057435e+02
      vertex   1.346625e+02 3.448508e+01 1.057435e+02
      vertex   1.348265e+02 3.742508e+01 1.057680e+02
    endloop
  endfacet
  facet normal -1.476466e-01 0.000000e+00 9.890402e-01
    outer loop
      vertex   1.348265e+02 3.742508e+01 1.057680e+02
      vertex   1.346625e+02 3.448508e+01 1.057435e+02
      vertex   1.348265e+02 3.448508e+01 1.057680e+02
    endloop
  endfacet
  facet normal -2.963333e-02 0.000000e+00 9.995608e-01
    outer loop
      vertex   1.348265e+02 3.742508e+01 1.057680e+02
      vertex   1.348265e+02 3.448508e+01 1.057680e+02
      vertex   1.349923e+02 3.742508e+01 1.057729e+02
    endloop
  endfacet
  facet normal -2.963333e-02 0.000000e+00 9.995608e-01
    outer loop
      vertex   1.349923e+02 3.742508e+01 1.057729e+02
      vertex   1.348265e+02 3.448508e+01 1.057680e+02
      vertex   1.349923e+02 3.448508e+01 1.057729e+02
    endloop
  endfacet
  facet normal 8.879590e-02 0.000000e+00 9.960498e-01
    outer loop
      vertex   1.349923e+02 3.742508e+01 1.057729e+02
      vertex   1.349923e+02 3.448508e+01 1.057729e+02
      vertex   1.351575e+02 3.742508e+01 1.057582e+02
    endloop
  endfacet
  facet normal 8.879590e-02 0.000000e+00 9.960498e-01
    outer loop
      vertex   1.351575e+02 3.742508e+01 1.057582e+02
      vertex   1.349923e+02 3.448508e+01 1.057729e+02
      vertex   1.351575e+02 3.448508e+01 1.057582e+02
    endloop
  endfacet
  facet normal 2.059786e-01 0.000000e+00 9.785565e-01
    outer loop
      vertex   1.351575e+02 3.742508e+01 1.057582e+02
      vertex   1.351575e+02 3.448508e+01 1.057582e+02
      vertex   1.353199e+02 3.742508e+01 1.057240e+02
    endloop
  endfacet
  facet normal 2.059786e-01 0.000000e+00 9.785565e-01
    outer loop
      vertex   1.353199e+02 3.742508e+01 1.057240e+02
      vertex   1.351575e+02 3.448508e+01 1.057582e+02
      vertex   1.353199e+02 3.448508e+01 1.057240e+02
    endloop
  endfacet
  facet normal 3.202699e-01 0.000000e+00 9.473264e-01
    outer loop
      vertex   1.353199e+02 3.742508e+01 1.057240e+02
      vertex   1.353199e+02 3.448508e+01 1.057240e+02
      vertex   1.354770e+02 3.742508e+01 1.056709e+02
    endloop
  endfacet
  facet normal 3.202699e-01 0.000000e+00 9.473264e-01
    outer loop
      vertex   1.354770e+02 3.742508e+01 1.056709e+02
      vertex   1.353199e+02 3.448508e+01 1.057240e+02
      vertex   1.354770e+02 3.448508e+01 1.056709e+02
    endloop
  endfacet
  facet normal 4.300652e-01 0.000000e+00 9.027978e-01
    outer loop
      vertex   1.354770e+02 3.742508e+01 1.056709e+02
      vertex   1.354770e+02 3.448508e+01 1.056709e+02
      vertex   1.356268e+02 3.742508e+01 1.055996e+02
    endloop
  endfacet
  facet normal 4.300652e-01 0.000000e+00 9.027978e-01
    outer loop
      vertex   1.356268e+02 3.742508e+01 1.055996e+02
      vertex   1.354770e+02 3.448508e+01 1.056709e+02
      vertex   1.356268e+02 3.448508e+01 1.055996e+02
    endloop
  endfacet
  facet normal 5.338234e-01 0.000000e+00 8.455960e-01
    outer loop
      vertex   1.356268e+02 3.742508e+01 1.055996e+02
      vertex   1.356268e+02 3.448508e+01 1.055996e+02
      vertex   1.357670e+02 3.742508e+01 1.055110e+02
    endloop
  endfacet
  facet normal 5.338234e-01 0.000000e+00 8.455960e-01
    outer loop
      vertex   1.357670e+02 3.742508e+01 1.055110e+02
      vertex   1.356268e+02 3.448508e+01 1.055996e+02
      vertex   1.357670e+02 3.448508e+01 1.055110e+02
    endloop
  endfacet
  facet normal 6.300878e-01 0.000000e+00 7.765239e-01
    outer loop
      vertex   1.357670e+02 3.742508e+01 1.055110e+02
      vertex   1.357670e+02 3.448508e+01 1.055110e+02
      vertex   1.358958e+02 3.742508e+01 1.054065e+02
    endloop
  endfacet
  facet normal 6.300878e-01 0.000000e+00 7.765239e-01
    outer loop
      vertex   1.358958e+02 3.742508e+01 1.054065e+02
      vertex   1.357670e+02 3.448508e+01 1.055110e+02
      vertex   1.358958e+02 3.448508e+01 1.054065e+02
    endloop
  endfacet
  facet normal 7.175073e-01 0.000000e+00 6.965510e-01
    outer loop
      vertex   1.358958e+02 3.742508e+01 1.054065e+02
      vertex   1.358958e+02 3.448508e+01 1.054065e+02
      vertex   1.360114e+02 3.742508e+01 1.052875e+02
    endloop
  endfacet
  facet normal 7.175073e-01 0.000000e+00 6.965510e-01
    outer loop
      vertex   1.360114e+02 3.742508e+01 1.052875e+02
      vertex   1.358958e+02 3.448508e+01 1.054065e+02
      vertex   1.360114e+02 3.448508e+01 1.052875e+02
    endloop
  endfacet
  facet normal 7.948544e-01 0.000000e+00 6.068001e-01
    outer loop
      vertex   1.360114e+02 3.742508e+01 1.052875e+02
      vertex   1.360114e+02 3.448508e+01 1.052875e+02
      vertex   1.361120e+02 3.742508e+01 1.051557e+02
    endloop
  endfacet
  facet normal 7.948544e-01 0.000000e+00 6.068001e-01
    outer loop
      vertex   1.361120e+02 3.742508e+01 1.051557e+02
      vertex   1.360114e+02 3.448508e+01 1.052875e+02
      vertex   1.361120e+02 3.448508e+01 1.051557e+02
    endloop
  endfacet
  facet normal 8.610436e-01 0.000000e+00 5.085311e-01
    outer loop
      vertex   1.361120e+02 3.742508e+01 1.051557e+02
      vertex   1.361120e+02 3.448508e+01 1.051557e+02
      vertex   1.361964e+02 3.742508e+01 1.050128e+02
    endloop
  endfacet
  facet normal 8.610436e-01 0.000000e+00 5.085311e-01
    outer loop
      vertex   1.361964e+02 3.742508e+01 1.050128e+02
      vertex   1.361120e+02 3.448508e+01 1.051557e+02
      vertex   1.361964e+02 3.448508e+01 1.050128e+02
    endloop
  endfacet
  facet normal 9.151456e-01 0.000000e+00 4.031234e-01
    outer loop
      vertex   1.361964e+02 3.742508e+01 1.050128e+02
      vertex   1.361964e+02 3.448508e+01 1.050128e+02
      vertex   1.362632e+02 3.742508e+01 1.048610e+02
    endloop
  endfacet
  facet normal 9.151456e-01 0.000000e+00 4.031234e-01
    outer loop
      vertex   1.362632e+02 3.742508e+01 1.048610e+02
      vertex   1.361964e+02 3.448508e+01 1.050128e+02
      vertex   1.362632e+02 3.448508e+01 1.048610e+02
    endloop
  endfacet
  facet normal 9.564010e-01 0.000000e+00 2.920568e-01
    outer loop
      vertex   1.362632e+02 3.742508e+01 1.048610e+02
      vertex   1.362632e+02 3.448508e+01 1.048610e+02
      vertex   1.363117e+02 3.742508e+01 1.047024e+02
    endloop
  endfacet
  facet normal 9.564010e-01 0.000000e+00 2.920568e-01
    outer loop
      vertex   1.363117e+02 3.742508e+01 1.047024e+02
      vertex   1.362632e+02 3.448508e+01 1.048610e+02
      vertex   1.363117e+02 3.448508e+01 1.047024e+02
    endloop
  endfacet
  facet normal 9.842306e-01 0.000000e+00 1.768903e-01
    outer loop
      vertex   1.363117e+02 3.742508e+01 1.047024e+02
      vertex   1.363117e+02 3.448508e+01 1.047024e+02
      vertex   1.363410e+02 3.742508e+01 1.045391e+02
    endloop
  endfacet
  facet normal 9.842306e-01 0.000000e+00 1.768903e-01
    outer loop
      vertex   1.363410e+02 3.742508e+01 1.045391e+02
      vertex   1.363117e+02 3.448508e+01 1.047024e+02
      vertex   1.363410e+02 3.448508e+01 1.045391e+02
    endloop
  endfacet
  facet normal 9.982437e-01 0.000000e+00 5.924063e-02
    outer loop
      vertex   1.363410e+02 3.742508e+01 1.045391e+02
      vertex   1.363410e+02 3.448508e+01 1.045391e+02
      vertex   1.363508e+02 3.742508e+01 1.043735e+02
    endloop
  endfacet
  facet normal 9.982437e-01 0.000000e+00 5.924063e-02
    outer loop
      vertex   1.363508e+02 3.742508e+01 1.043735e+02
      vertex   1.363410e+02 3.448508e+01 1.045391e+02
      vertex   1.363508e+02 3.448508e+01 1.043735e+02
    endloop
  endfacet
  facet normal 9.982437e-01 0.000000e+00 -5.924063e-02
    outer loop
      vertex   1.363508e+02 3.448508e+01 1.043735e+02
      vertex   1.363508e+02 3.154508e+01 1.043735e+02
      vertex   1.363410e+02 3.448508e+01 1.042080e+02
    endloop
  endfacet
  facet normal 9.982437e-01 0.000000e+00 -5.924063e-02
    outer loop
      vertex   1.363410e+02 3.448508e+01 1.042080e+02
      vertex   1.363508e+02 3.154508e+01 1.043735e+02
      vertex   1.363410e+02 3.154508e+01 1.042080e+02
    endloop
  endfacet
  facet normal 9.842306e-01 0.000000e+00 -1.768903e-01
    outer loop
      vertex   1.363410e+02 3.448508e+01 1.042080e+02
      vertex   1.363410e+02 3.154508e+01 1.042080e+02
      vertex   1.363117e+02 3.448508e+01 1.040447e+02
    endloop
  endfacet
  facet normal 9.842306e-01 0.000000e+00 -1.768903e-01
    outer loop
      vertex   1.363117e+02 3.448508e+01 1.040447e+02
      vertex   1.363410e+02 3.154508e+01 1.042080e+02
      vertex   1.363117e+02 3.154508e+01 1.040447e+02
    endloop
  endfacet
  facet normal 9.564010e-01 0.000000e+00 -2.920568e-01
    outer loop
      vertex   1.363117e+02 3.448508e+01 1.040447e+02
      vertex   1.363117e+02 3.154508e+01 1.040447e+02
      vertex   1.362632e+02 3.448508e+01 1.038861e+02
    endloop
  endfacet
  facet normal 9.564010e-01 0.000000e+00 -2.920568e-01
    outer loop
      vertex   1.362632e+02 3.448508e+01 1.038861e+02
      vertex   1.363117e+02 3.154508e+01 1.040447e+02
      vertex   1.362632e+02 3.154508e+01 1.038861e+02
    endloop
  endfacet
  facet normal 9.151456e-01 0.000000e+00 -4.031234e-01
    outer loop
      vertex   1.362632e+02 3.448508e+01 1.038861e+02
      vertex   1.362632e+02 3.154508e+01 1.038861e+02
      vertex   1.361964e+02 3.448508e+01 1.037343e+02
    endloop
  endfacet
  facet normal 9.151456e-01 0.000000e+00 -4.031234e-01
    outer loop
      vertex   1.361964e+02 3.448508e+01 1.037343e+02
      vertex   1.362632e+02 3.154508e+01 1.038861e+02
      vertex   1.361964e+02 3.154508e+01 1.037343e+02
    endloop
  endfacet
  facet normal 8.610436e-01 0.000000e+00 -5.085311e-01
    outer loop
      vertex   1.361964e+02 3.448508e+01 1.037343e+02
      vertex   1.361964e+02 3.154508e+01 1.037343e+02
      vertex   1.361120e+02 3.448508e+01 1.035914e+02
    endloop
  endfacet
  facet normal 8.610436e-01 0.000000e+00 -5.085311e-01
    outer loop
      vertex   1.361120e+02 3.448508e+01 1.035914e+02
      vertex   1.361964e+02 3.154508e+01 1.037343e+02
      vertex   1.361120e+02 3.154508e+01 1.035914e+02
    endloop
  endfacet
  facet normal 7.948544e-01 0.000000e+00 -6.068001e-01
    outer loop
      vertex   1.361120e+02 3.448508e+01 1.035914e+02
      vertex   1.361120e+02 3.154508e+01 1.035914e+02
      vertex   1.360114e+02 3.448508e+01 1.034596e+02
    endloop
  endfacet
  facet normal 7.948544e-01 0.000000e+00 -6.068001e-01
    outer loop
      vertex   1.360114e+02 3.448508e+01 1.034596e+02
      vertex   1.361120e+02 3.154508e+01 1.035914e+02
      vertex   1.360114e+02 3.154508e+01 1.034596e+02
    endloop
  endfacet
  facet normal 7.175073e-01 0.000000e+00 -6.965510e-01
    outer loop
      vertex   1.360114e+02 3.448508e+01 1.034596e+02
      vertex   1.360114e+02 3.154508e+01 1.034596e+02
      vertex   1.358958e+02 3.448508e+01 1.033406e+02
    endloop
  endfacet
  facet normal 7.175073e-01 0.000000e+00 -6.965510e-01
    outer loop
      vertex   1.358958e+02 3.448508e+01 1.033406e+02
      vertex   1.360114e+02 3.154508e+01 1.034596e+02
      vertex   1.358958e+02 3.154508e+01 1.033406e+02
    endloop
  endfacet
  facet normal 6.300878e-01 0.000000e+00 -7.765239e-01
    outer loop
      vertex   1.358958e+02 3.448508e+01 1.033406e+02
      vertex   1.358958e+02 3.154508e+01 1.033406e+02
      vertex   1.357670e+02 3.448508e+01 1.032361e+02
    endloop
  endfacet
  facet normal 6.300878e-01 0.000000e+00 -7.765239e-01
    outer loop
      vertex   1.357670e+02 3.448508e+01 1.032361e+02
      vertex   1.358958e+02 3.154508e+01 1.033406e+02
      vertex   1.357670e+02 3.154508e+01 1.032361e+02
    endloop
  endfacet
  facet normal 5.338234e-01 0.000000e+00 -8.455960e-01
    outer loop
      vertex   1.357670e+02 3.448508e+01 1.032361e+02
      vertex   1.357670e+02 3.154508e+01 1.032361e+02
      vertex   1.356268e+02 3.448508e+01 1.031475e+02
    endloop
  endfacet
  facet normal 5.338234e-01 0.000000e+00 -8.455960e-01
    outer loop
      vertex   1.356268e+02 3.448508e+01 1.031475e+02
      vertex   1.357670e+02 3.154508e+01 1.032361e+02
      vertex   1.356268e+02 3.154508e+01 1.031475e+02
    endloop
  endfacet
  facet normal 4.300652e-01 0.000000e+00 -9.027978e-01
    outer loop
      vertex   1.356268e+02 3.448508e+01 1.031475e+02
      vertex   1.356268e+02 3.154508e+01 1.031475e+02
      vertex   1.354770e+02 3.448508e+01 1.030762e+02
    endloop
  endfacet
  facet normal 4.300652e-01 0.000000e+00 -9.027978e-01
    outer loop
      vertex   1.354770e+02 3.448508e+01 1.030762e+02
      vertex   1.356268e+02 3.154508e+01 1.031475e+02
      vertex   1.354770e+02 3.154508e+01 1.030762e+02
    endloop
  endfacet
  facet normal 3.202699e-01 0.000000e+00 -9.473264e-01
    outer loop
      vertex   1.354770e+02 3.448508e+01 1.030762e+02
      vertex   1.354770e+02 3.154508e+01 1.030762e+02
      vertex   1.353199e+02 3.448508e+01 1.030231e+02
    endloop
  endfacet
  facet normal 3.202699e-01 0.000000e+00 -9.473264e-01
    outer loop
      vertex   1.353199e+02 3.448508e+01 1.030231e+02
      vertex   1.354770e+02 3.154508e+01 1.030762e+02
      vertex   1.353199e+02 3.154508e+01 1.030231e+02
    endloop
  endfacet
  facet normal 2.059786e-01 0.000000e+00 -9.785565e-01
    outer loop
      vertex   1.353199e+02 3.448508e+01 1.030231e+02
      vertex   1.353199e+02 3.154508e+01 1.030231e+02
      vertex   1.351575e+02 3.448508e+01 1.029889e+02
    endloop
  endfacet
  facet normal 2.059786e-01 0.000000e+00 -9.785565e-01
    outer loop
      vertex   1.351575e+02 3.448508e+01 1.029889e+02
      vertex   1.353199e+02 3.154508e+01 1.030231e+02
      vertex   1.351575e+02 3.154508e+01 1.029889e+02
    endloop
  endfacet
  facet normal 8.879590e-02 0.000000e+00 -9.960498e-01
    outer loop
      vertex   1.351575e+02 3.448508e+01 1.029889e+02
      vertex   1.351575e+02 3.154508e+01 1.029889e+02
      vertex   1.349923e+02 3.448508e+01 1.029742e+02
    endloop
  endfacet
  facet normal 8.879590e-02 0.000000e+00 -9.960498e-01
    outer loop
      vertex   1.349923e+02 3.448508e+01 1.029742e+02
      vertex   1.351575e+02 3.154508e+01 1.029889e+02
      vertex   1.349923e+02 3.154508e+01 1.029742e+02
    endloop
  endfacet
  facet normal -2.963333e-02 -0.000000e+00 -9.995608e-01
    outer loop
      vertex   1.349923e+02 3.448508e+01 1.029742e+02
      vertex   1.349923e+02 3.154508e+01 1.029742e+02
      vertex   1.348265e+02 3.448508e+01 1.029791e+02
    endloop
  endfacet
  facet normal -2.963333e-02 -0.000000e+00 -9.995608e-01
    outer loop
      vertex   1.348265e+02 3.448508e+01 1.029791e+02
      vertex   1.349923e+02 3.154508e+01 1.029742e+02
      vertex   1.348265e+02 3.154508e+01 1.029791e+02
    endloop
  endfacet
  facet normal -1.476466e-01 -0.000000e+00 -9.890402e-01
    outer loop
      vertex   1.348265e+02 3.448508e+01 1.029791e+02
      vertex   1.348265e+02 3.154508e+01 1.029791e+02
      vertex   1.346625e+02 3.448508e+01 1.030036e+02
    endloop
  endfacet
  facet normal -1.476466e-01 -0.000000e+00 -9.890402e-01
    outer loop
      vertex   1.346625e+02 3.448508e+01 1.030036e+02
      vertex   1.348265e+02 3.154508e+01 1.029791e+02
      vertex   1.346625e+02 3.154508e+01 1.030036e+02
    endloop
  endfacet
  facet normal -2.635872e-01 -0.000000e+00 -9.646356e-01
    outer loop
      vertex   1.346625e+02 3.448508e+01 1.030036e+02
      vertex   1.346625e+02 3.154508e+01 1.030036e+02
      vertex   1.345025e+02 3.448508e+01 1.030473e+02
    endloop
  endfacet
  facet normal -2.635872e-01 -0.000000e+00 -9.646356e-01
    outer loop
      vertex   1.345025e+02 3.448508e+01 1.030473e+02
      vertex   1.346625e+02 3.154508e+01 1.030036e+02
      vertex   1.345025e+02 3.154508e+01 1.030473e+02
    endloop
  endfacet
  facet normal -3.758276e-01 -0.000000e+00 -9.266896e-01
    outer loop
      vertex   1.345025e+02 3.448508e+01 1.030473e+02
      vertex   1.345025e+02 3.154508e+01 1.030473e+02
      vertex   1.343488e+02 3.448508e+01 1.031096e+02
    endloop
  endfacet
  facet normal -3.758276e-01 -0.000000e+00 -9.266896e-01
    outer loop
      vertex   1.343488e+02 3.448508e+01 1.031096e+02
      vertex   1.345025e+02 3.154508e+01 1.030473e+02
      vertex   1.343488e+02 3.154508e+01 1.031096e+02
    endloop
  endfacet
  facet normal -4.827922e-01 -0.000000e+00 -8.757349e-01
    outer loop
      vertex   1.343488e+02 3.448508e+01 1.031096e+02
      vertex   1.343488e+02 3.154508e+01 1.031096e+02
      vertex   1.342035e+02 3.448508e+01 1.031897e+02
    endloop
  endfacet
  facet normal -4.827922e-01 -0.000000e+00 -8.757349e-01
    outer loop
      vertex   1.342035e+02 3.448508e+01 1.031897e+02
      vertex   1.343488e+02 3.154508e+01 1.031096e+02
      vertex   1.342035e+02 3.154508e+01 1.031897e+02
    endloop
  endfacet
  facet normal -5.829795e-01 -0.000000e+00 -8.124869e-01
    outer loop
      vertex   1.342035e+02 3.448508e+01 1.031897e+02
      vertex   1.342035e+02 3.154508e+01 1.031897e+02
      vertex   1.340687e+02 3.448508e+01 1.032864e+02
    endloop
  endfacet
  facet normal -5.829795e-01 -0.000000e+00 -8.124869e-01
    outer loop
      vertex   1.340687e+02 3.448508e+01 1.032864e+02
      vertex   1.342035e+02 3.154508e+01 1.031897e+02
      vertex   1.340687e+02 3.154508e+01 1.032864e+02
    endloop
  endfacet
  facet normal -6.749830e-01 -0.000000e+00 -7.378333e-01
    outer loop
      vertex   1.340687e+02 3.448508e+01 1.032864e+02
      vertex   1.340687e+02 3.154508e+01 1.032864e+02
      vertex   1.339463e+02 3.448508e+01 1.033984e+02
    endloop
  endfacet
  facet normal -6.749830e-01 -0.000000e+00 -7.378333e-01
    outer loop
      vertex   1.339463e+02 3.448508e+01 1.033984e+02
      vertex   1.340687e+02 3.154508e+01 1.032864e+02
      vertex   1.339463e+02 3.154508e+01 1.033984e+02
    endloop
  endfacet
  facet normal -7.575112e-01 -0.000000e+00 -6.528221e-01
    outer loop
      vertex   1.339463e+02 3.448508e+01 1.033984e+02
      vertex   1.339463e+02 3.154508e+01 1.033984e+02
      vertex   1.338380e+02 3.448508e+01 1.035240e+02
    endloop
  endfacet
  facet normal -7.575112e-01 -0.000000e+00 -6.528221e-01
    outer loop
      vertex   1.338380e+02 3.448508e+01 1.035240e+02
      vertex   1.339463e+02 3.154508e+01 1.033984e+02
      vertex   1.338380e+02 3.154508e+01 1.035240e+02
    endloop
  endfacet
  facet normal -8.294057e-01 -0.000000e+00 -5.586468e-01
    outer loop
      vertex   1.338380e+02 3.448508e+01 1.035240e+02
      vertex   1.338380e+02 3.154508e+01 1.035240e+02
      vertex   1.337454e+02 3.448508e+01 1.036616e+02
    endloop
  endfacet
  facet normal -8.294057e-01 -0.000000e+00 -5.586468e-01
    outer loop
      vertex   1.337454e+02 3.448508e+01 1.036616e+02
      vertex   1.338380e+02 3.154508e+01 1.035240e+02
      vertex   1.337454e+02 3.154508e+01 1.036616e+02
    endloop
  endfacet
  facet normal -8.896571e-01 -0.000000e+00 -4.566292e-01
    outer loop
      vertex   1.337454e+02 3.448508e+01 1.036616e+02
      vertex   1.337454e+02 3.154508e+01 1.036616e+02
      vertex   1.336696e+02 3.448508e+01 1.038092e+02
    endloop
  endfacet
  facet normal -8.896571e-01 -0.000000e+00 -4.566292e-01
    outer loop
      vertex   1.336696e+02 3.448508e+01 1.038092e+02
      vertex   1.337454e+02 3.154508e+01 1.036616e+02
      vertex   1.336696e+02 3.154508e+01 1.038092e+02
    endloop
  endfacet
  facet normal -9.374197e-01 -0.000000e+00 -3.482016e-01
    outer loop
      vertex   1.336696e+02 3.448508e+01 1.038092e+02
      vertex   1.336696e+02 3.154508e+01 1.038092e+02
      vertex   1.336119e+02 3.448508e+01 1.039647e+02
    endloop
  endfacet
  facet normal -9.374197e-01 -0.000000e+00 -3.482016e-01
    outer loop
      vertex   1.336119e+02 3.448508e+01 1.039647e+02
      vertex   1.336696e+02 3.154508e+01 1.038092e+02
      vertex   1.336119e+02 3.154508e+01 1.039647e+02
    endloop
  endfacet
  facet normal -9.720229e-01 -0.000000e+00 -2.348860e-01
    outer loop
      vertex   1.336119e+02 3.448508e+01 1.039647e+02
      vertex   1.336119e+02 3.154508e+01 1.039647e+02
      vertex   1.335729e+02 3.448508e+01 1.041259e+02
    endloop
  endfacet
  facet normal -9.720229e-01 -0.000000e+00 -2.348860e-01
    outer loop
      vertex   1.335729e+02 3.448508e+01 1.041259e+02
      vertex   1.336119e+02 3.154508e+01 1.039647e+02
      vertex   1.335729e+02 3.154508e+01 1.041259e+02
    endloop
  endfacet
  facet normal -9.929811e-01 -0.000000e+00 -1.182732e-01
    outer loop
      vertex   1.335729e+02 3.448508e+01 1.041259e+02
      vertex   1.335729e+02 3.154508e+01 1.041259e+02
      vertex   1.335533e+02 3.448508e+01 1.042906e+02
    endloop
  endfacet
  facet normal -9.929811e-01 -0.000000e+00 -1.182732e-01
    outer loop
      vertex   1.335533e+02 3.448508e+01 1.042906e+02
      vertex   1.335729e+02 3.154508e+01 1.041259e+02
      vertex   1.335533e+02 3.154508e+01 1.042906e+02
    endloop
  endfacet
  facet normal -1.000000e+00 0.000000e+00 0.000000e+00
    outer loop
      vertex   1.335533e+02 3.448508e+01 1.042906e+02
      vertex   1.335533e+02 3.154508e+01 1.042906e+02
      vertex   1.335533e+02 3.448508e+01 1.044565e+02
    endloop
  endfacet
  facet normal -1.000000e+00 -0.000000e+00 0.000000e+00
    outer loop
      vertex   1.335533e+02 3.448508e+01 1.044565e+02
      vertex   1.335533e+02 3.154508e+01 1.042906e+02
      vertex   1.335533e+02 3.154508e+01 1.044565e+02
    endloop
  endfacet
  facet normal -9.929811e-01 0.000000e+00 1.182732e-01
    outer loop
      vertex   1.335533e+02 3.448508e+01 1.044565e+02
      vertex   1.335533e+02 3.154508e+01 1.044565e+02
      vertex   1.335729e+02 3.448508e+01 1.046212e+02
    endloop
  endfacet
  facet normal -9.929811e-01 0.000000e+00 1.182732e-01
    outer loop
      vertex   1.335729e+02 3.448508e+01 1.046212e+02
      vertex   1.335533e+02 3.154508e+01 1.044565e+02
      vertex   1.335729e+02 3.154508e+01 1.046212e+02
    endloop
  endfacet
  facet normal -9.720229e-01 0.000000e+00 2.348860e-01
    outer loop
      vertex   1.335729e+02 3.448508e+01 1.046212e+02
      vertex   1.335729e+02 3.154508e+01 1.046212e+02
      vertex   1.336119e+02 3.448508e+01 1.047824e+02
    endloop
  endfacet
  facet normal -9.720229e-01 0.000000e+00 2.348860e-01
    outer loop
      vertex   1.336119e+02 3.448508e+01 1.047824e+02
      vertex   1.335729e+02 3.154508e+01 1.046212e+02
      vertex   1.336119e+02 3.154508e+01 1.047824e+02
    endloop
  endfacet
  facet normal -9.374197e-01 0.000000e+00 3.482016e-01
    outer loop
      vertex   1.336119e+02 3.448508e+01 1.047824e+02
      vertex   1.336119e+02 3.154508e+01 1.047824e+02
      vertex   1.336696e+02 3.448508e+01 1.049379e+02
    endloop
  endfacet
  facet normal -9.374197e-01 0.000000e+00 3.482016e-01
    outer loop
      vertex   1.336696e+02 3.448508e+01 1.049379e+02
      vertex   1.336119e+02 3.154508e+01 1.047824e+02
      vertex   1.336696e+02 3.154508e+01 1.049379e+02
    endloop
  endfacet
  facet normal -8.896571e-01 0.000000e+00 4.566292e-01
    outer loop
      vertex   1.336696e+02 3.448508e+01 1.049379e+02
      vertex   1.336696e+02 3.154508e+01 1.049379e+02
      vertex   1.337454e+02 3.448508e+01 1.050855e+02
    endloop
  endfacet
  facet normal -8.896571e-01 0.000000e+00 4.566292e-01
    outer loop
      vertex   1.337454e+02 3.448508e+01 1.050855e+02
      vertex   1.336696e+02 3.154508e+01 1.049379e+02
      vertex   1.337454e+02 3.154508e+01 1.050855e+02
    endloop
  endfacet
  facet normal -8.294057e-01 0.000000e+00 5.586468e-01
    outer loop
      vertex   1.337454e+02 3.448508e+01 1.050855e+02
      vertex   1.337454e+02 3.154508e+01 1.050855e+02
      vertex   1.338380e+02 3.448508e+01 1.052231e+02
    endloop
  endfacet
  facet normal -8.294057e-01 0.000000e+00 5.586468e-01
    outer loop
      vertex   1.338380e+02 3.448508e+01 1.052231e+02
      vertex   1.337454e+02 3.154508e+01 1.050855e+02
      vertex   1.338380e+02 3.154508e+01 1.052231e+02
    endloop
  endfacet
  facet normal -7.575112e-01 0.000000e+00 6.528221e-01
    outer loop
      vertex   1.338380e+02 3.448508e+01 1.052231e+02
      vertex   1.338380e+02 3.154508e+01 1.052231e+02
      vertex   1.339463e+02 3.448508e+01 1.053487e+02
    endloop
  endfacet
  facet normal -7.575112e-01 0.000000e+00 6.528221e-01
    outer loop
      vertex   1.339463e+02 3.448508e+01 1.053487e+02
      vertex   1.338380e+02 3.154508e+01 1.052231e+02
      vertex   1.339463e+02 3.154508e+01 1.053487e+02
    endloop
  endfacet
  facet normal -6.749830e-01 0.000000e+00 7.378333e-01
    outer loop
      vertex   1.339463e+02 3.448508e+01 1.053487e+02
      vertex   1.339463e+02 3.154508e+01 1.053487e+02
      vertex   1.340687e+02 3.448508e+01 1.054607e+02
    endloop
  endfacet
  facet normal -6.749830e-01 0.000000e+00 7.378333e-01
    outer loop
      vertex   1.340687e+02 3.448508e+01 1.054607e+02
      vertex   1.339463e+02 3.154508e+01 1.053487e+02
      vertex   1.340687e+02 3.154508e+01 1.054607e+02
    endloop
  endfacet
  facet normal -5.829795e-01 0.000000e+00 8.124869e-01
    outer loop
      vertex   1.340687e+02 3.448508e+01 1.054607e+02
      vertex   1.340687e+02 3.154508e+01 1.054607e+02
      vertex   1.342035e+02 3.448508e+01 1.055574e+02
    endloop
  endfacet
  facet normal -5.829795e-01 0.000000e+00 8.124869e-01
    outer loop
      vertex   1.342035e+02 3.448508e+01 1.055574e+02
      vertex   1.340687e+02 3.154508e+01 1.054607e+02
      vertex   1.342035e+02 3.154508e+01 1.055574e+02
    endloop
  endfacet
  facet normal -4.827922e-01 0.000000e+00 8.757349e-01
    outer loop
      vertex   1.342035e+02 3.448508e+01 1.055574e+02
      vertex   1.342035e+02 3.154508e+01 1.055574e+02
      vertex   1.343488e+02 3.448508e+01 1.056375e+02
    endloop
  endfacet
  facet normal -4.827922e-01 0.000000e+00 8.757349e-01
    outer loop
      vertex   1.343488e+02 3.448508e+01 1.056375e+02
      vertex   1.342035e+02 3.154508e+01 1.055574e+02
      vertex   1.343488e+02 3.154508e+01 1.056375e+02
    endloop
  endfacet
  facet normal -3.758276e-01 0.000000e+00 9.266896e-01
    outer loop
      vertex   1.343488e+02 3.448508e+01 1.056375e+02
      vertex   1.343488e+02 3.154508e+01 1.056375e+02
      vertex   1.345025e+02 3.448508e+01 1.056998e+02
    endloop
  endfacet
  facet normal -3.758276e-01 0.000000e+00 9.266896e-01
    outer loop
      vertex   1.345025e+02 3.448508e+01 1.056998e+02
      vertex   1.343488e+02 3.154508e+01 1.056375e+02
      vertex   1.345025e+02 3.154508e+01 1.056998e+02
    endloop
  endfacet
  facet normal -2.635872e-01 0.000000e+00 9.646356e-01
    outer loop
      vertex   1.345025e+02 3.448508e+01 1.056998e+02
      vertex   1.345025e+02 3.154508e+01 1.056998e+02
      vertex   1.346625e+02 3.448508e+01 1.057435e+02
    endloop
  endfacet
  facet normal -2.635872e-01 0.000000e+00 9.646356e-01
    outer loop
      vertex   1.346625e+02 3.448508e+01 1.057435e+02
      vertex   1.345025e+02 3.154508e+01 1.056998e+02
      vertex   1.346625e+02 3.154508e+01 1.057435e+02
    endloop
  endfacet
  facet normal -1.476466e-01 0.000000e+00 9.890402e-01
    outer loop
      vertex   1.346625e+02 3.448508e+01 1.057435e+02
      vertex   1.346625e+02 3.154508e+01 1.057435e+02
      vertex   1.348265e+02 3.448508e+01 1.057680e+02
    endloop
  endfacet
  facet normal -1.476466e-01 0.000000e+00 9.890402e-01
    outer loop
      vertex   1.348265e+02 3.448508e+01 1.057680e+02
      vertex   1.346625e+02 3.154508e+01 1.057435e+02
      vertex   1.348265e+02 3.154508e+01 1.057680e+02
    endloop
  endfacet
  facet normal -2.963333e-02 0.000000e+00 9.995608e-01
    outer loop
      vertex   1.348265e+02 3.448508e+01 1.057680e+02
      vertex   1.348265e+02 3.154508e+01 1.057680e+02
      vertex   1.349923e+02 3.448508e+01 1.057729e+02
    endloop
  endfacet
  facet normal -2.963333e-02 0.000000e+00 9.995608e-01
    outer loop
      vertex   1.349923e+02 3.448508e+01 1.057729e+02
      vertex   1.348265e+02 3.154508e+01 1.057680e+02
      vertex   1.349923e+02 3.154508e+01 1.057729e+02
    endloop
  endfacet
  facet normal 8.879590e-02 0.000000e+00 9.960498e-01
    outer loop
      vertex   1.349923e+02 3.448508e+01 1.057729e+02
      vertex   1.349923e+02 3.154508e+01 1.057729e+02
      vertex   1.351575e+02 3.448508e+01 1.057582e+02
    endloop
  endfacet
  facet normal 8.879590e-02 0.000000e+00 9.960498e-01
    outer loop
      vertex   1.351575e+02 3.448508e+01 1.057582e+02
      vertex   1.349923e+02 3.154508e+01 1.057729e+02
      vertex   1.351575e+02 3.154508e+01 1.057582e+02
    endloop
  endfacet
  facet normal 2.059786e-01 0.000000e+00 9.785565e-01
    outer loop
      vertex   1.351575e+02 3.448508e+01 1.057582e+02
      vertex   1.351575e+02 3.154508e+01 1.057582e+02
      vertex   1.353199e+02 3.448508e+01 1.057240e+02
    endloop
  endfacet
  facet normal 2.059786e-01 0.000000e+00 9.785565e-01
    outer loop
      vertex   1.353199e+02 3.448508e+01 1.057240e+02
      vertex   1.351575e+02 3.154508e+01 1.057582e+02
      vertex   1.353199e+02 3.154508e+01 1.057240e+02
    endloop
  endfacet
  facet normal 3.202699e-01 0.000000e+00 9.473264e-01
    outer loop
      vertex   1.353199e+02 3.448508e+01 1.057240e+02
      vertex   1.353199e+02 3.154508e+01 1.057240e+02
      vertex   1.354770e+02 3.448508e+01 1.056709e+02
    endloop
  endfacet
  facet normal 3.202699e-01 0.000000e+00 9.473264e-01
    outer loop
      vertex   1.354770e+02 3.448508e+01 1.056709e+02
      vertex   1.353199e+02 3.154508e+01 1.057240e+02
      vertex   1.354770e+02 3.154508e+01 1.056709e+02
    endloop
  endfacet
  facet normal 4.300652e-01 0.000000e+00 9.027978e-01
    outer loop
      vertex   1.354770e+02 3.448508e+01 1.056709e+02
      vertex   1.354770e+02 3.154508e+01 1.056709e+02
      vertex   1.356268e+02 3.448508e+01 1.055996e+02
    endloop
  endfacet
  facet normal 4.300652e-01 0.000000e+00 9.027978e-01
    outer loop
      vertex   1.356268e+02 3.448508e+01 1.055996e+02
      vertex   1.354770e+02 3.154508e+01 1.056709e+02
      vertex   1.356268e+02 3.154508e+01 1.055996e+02
    endloop
  endfacet
  facet normal 5.338234e-01 0.000000e+00 8.455960e-01
    outer loop
      vertex   1.356268e+02 3.448508e+01 1.055996e+02
      vertex   1.356268e+02 3.154508e+01 1.055996e+02
      vertex   1.357670e+02 3.448508e+01 1.055110e+02
    endloop
  endfacet
  facet normal 5.338234e-01 0.000000e+00 8.455960e-01
    outer loop
      vertex   1.357670e+02 3.448508e+01 1.055110e+02
      vertex   1.356268e+02 3.154508e+01 1.055996e+02
      vertex   1.357670e+02 3.154508e+01 1.055110e+02
    endloop
  endfacet
  facet normal 6.300878e-01 0.000000e+00 7.765239e-01
    outer loop
      vertex   1.357670e+02 3.448508e+01 1.055110e+02
      vertex   1.357670e+02 3.154508e+01 1.055110e+02
      vertex   1.358958e+02 3.448508e+01 1.054065e+02
    endloop
  endfacet
  facet normal 6.300878e-01 0.000000e+00 7.765239e-01
    outer loop
      vertex   1.358958e+02 3.448508e+01 1.054065e+02
      vertex   1.357670e+02 3.154508e+01 1.055110e+02
      vertex   1.358958e+02 3.154508e+01 1.054065e+02
    endloop
  endfacet
  facet normal 7.175073e-01 0.000000e+00 6.965510e-01
    outer loop
      vertex   1.358958e+02 3.448508e+01 1.054065e+02
      vertex   1.358958e+02 3.154508e+01 1.054065e+02
      vertex   1.360114e+02 3.448508e+01 1.052875e+02
    endloop
  endfacet
  facet normal 7.175073e-01 0.000000e+00 6.965510e-01
    outer loop
      vertex   1.360114e+02 3.448508e+01 1.052875e+02
      vertex   1.358958e+02 3.154508e+01 1.054065e+02
      vertex   1.360114e+02 3.154508e+01 1.052875e+02
    endloop
  endfacet
  facet normal 7.948544e-01 0.000000e+00 6.068001e-01
    outer loop
      vertex   1.360114e+02 3.448508e+01 1.052875e+02
      vertex   1.360114e+02 3.154508e+01 1.052875e+02
      vertex   1.361120e+02 3.448508e+01 1.051557e+02
    endloop
  endfacet
  facet normal 7.948544e-01 0.000000e+00 6.068001e-01
    outer loop
      vertex   1.361120e+02 3.448508e+01 1.051557e+02
      vertex   1.360114e+02 3.154508e+01 1.052875e+02
      vertex   1.361120e+02 3.154508e+01 1.051557e+02
    endloop
  endfacet
  facet normal 8.610436e-01 0.000000e+00 5.085311e-01
    outer loop
      vertex   1.361120e+02 3.448508e+01 1.051557e+02
      vertex   1.361120e+02 3.154508e+01 1.051557e+02
      vertex   1.361964e+02 3.448508e+01 1.050128e+02
    endloop
  endfacet
  facet normal 8.610436e-01 0.000000e+00 5.085311e-01
    outer loop
      vertex   1.361964e+02 3.448508e+01 1.050128e+02
      vertex   1.361120e+02 3.154508e+01 1.051557e+02
      vertex   1.361964e+02 3.154508e+01 1.050128e+02
    endloop
  endfacet
  facet normal 9.151456e-01 0.000000e+00 4.031234e-01
    outer loop
      vertex   1.361964e+02 3.448508e+01 1.050128e+02
      vertex   1.361964e+02 3.154508e+01 1.050128e+02
      vertex   1.362632e+02 3.448508e+01 1.048610e+02
    endloop
  endfacet
  facet normal 9.151456e-01 0.000000e+00 4.031234e-01
    outer loop
      vertex   1.362632e+02 3.448508e+01 1.048610e+02
      vertex   1.361964e+02 3.154508e+01 1.050128e+02
      vertex   1.362632e+02 3.154508e+01 1.048610e+02
    endloop
  endfacet
  facet normal 9.564010e-01 0.000000e+00 2.920568e-01
    outer loop
      vertex   1.362632e+02 3.448508e+01 1.048610e+02
      vertex   1.362632e+02 3.154508e+01 1.048610e+02
      vertex   1.363117e+02 3.448508e+01 1.047024e+02
    endloop
  endfacet
  facet normal 9.564010e-01 0.000000e+00 2.920568e-01
    outer loop
      vertex   1.363117e+02 3.448508e+01 1.047024e+02
      vertex   1.362632e+02 3.154508e+01 1.048610e+02
      vertex   1.363117e+02 3.154508e+01 1.047024e+02
    endloop
  endfacet
  facet normal 9.842306e-01 0.000000e+00 1.768903e-01
    outer loop
      vertex   1.363117e+02 3.448508e+01 1.047024e+02
      vertex   1.363117e+02 3.154508e+01 1.047024e+02
      vertex   1.363410e+02 3.448508e+01 1.045391e+02
    endloop
  endfacet
  facet normal 9.842306e-01 0.000000e+00 1.768903e-01
    outer loop
      vertex   1.363410e+02 3.448508e+01 1.045391e+02
      vertex   1.363117e+02 3.154508e+01 1.047024e+02
      vertex   1.363410e+02 3.154508e+01 1.045391e+02
    endloop
  endfacet
  facet normal 9.982437e-01 0.000000e+00 5.924063e-02
    outer loop
      vertex   1.363410e+02 3.448508e+01 1.045391e+02
      vertex   1.363410e+02 3.154508e+01 1.045391e+02
      vertex   1.363508e+02 3.448508e+01 1.043735e+02
    endloop
  endfacet
  facet normal 9.982437e-01 0.000000e+00 5.924063e-02
    outer loop
      vertex   1.363508e+02 3.448508e+01 1.043735e+02
      vertex   1.363410e+02 3.154508e+01 1.045391e+02
      vertex   1.363508e+02 3.154508e+01 1.043735e+02
    endloop
  endfacet
  facet normal -0.000000e+00 -1.000000e+00 0.000000e+00
    outer loop
      vertex   1.362008e+02 2.845508e+01 1.043735e+02
      vertex   1.361914e+02 2.845508e+01 1.045272e+02
      vertex   1.361914e+02 2.845508e+01 1.042199e+02
    endloop
  endfacet
  facet normal 0.000000e+00 -1.000000e+00 0.000000e+00
    outer loop
      vertex   1.361914e+02 2.845508e+01 1.042199e+02
      vertex   1.361914e+02 2.845508e+01 1.045272e+02
      vertex   1.361631e+02 2.845508e+01 1.046784e+02
    endloop
  endfacet
  facet normal -0.000000e+00 -1.000000e+00 0.000000e+00
    outer loop
      vertex   1.361914e+02 2.845508e+01 1.042199e+02
      vertex   1.361631e+02 2.845508e+01 1.046784e+02
      vertex   1.361631e+02 2.845508e+01 1.040687e+02
    endloop
  endfacet
  facet normal 0.000000e+00 -1.000000e+00 0.000000e+00
    outer loop
      vertex   1.361631e+02 2.845508e+01 1.040687e+02
      vertex   1.361631e+02 2.845508e+01 1.046784e+02
      vertex   1.361164e+02 2.845508e+01 1.048251e+02
    endloop
  endfacet
  facet normal 6.378123e-14 -1.000000e+00 3.933891e-15
    outer loop
      vertex   1.361631e+02 2.845508e+01 1.040687e+02
      vertex   1.361164e+02 2.845508e+01 1.048251e+02
      vertex   1.360521e+02 2.845508e+01 1.049649e+02
    endloop
  endfacet
  facet normal -8.002343e-15 -1.000000e+00 -4.954841e-15
    outer loop
      vertex   1.360521e+02 2.845508e+01 1.049649e+02
      vertex   1.359711e+02 2.845508e+01 1.050958e+02
      vertex   1.361631e+02 2.845508e+01 1.040687e+02
    endloop
  endfacet
  facet normal -5.599129e-15 -1.000000e+00 -4.505602e-15
    outer loop
      vertex   1.361631e+02 2.845508e+01 1.040687e+02
      vertex   1.359711e+02 2.845508e+01 1.050958e+02
      vertex   1.358746e+02 2.845508e+01 1.052157e+02
    endloop
  endfacet
  facet normal -3.972131e-15 -1.000000e+00 -4.096396e-15
    outer loop
      vertex   1.361631e+02 2.845508e+01 1.040687e+02
      vertex   1.358746e+02 2.845508e+01 1.052157e+02
      vertex   1.357641e+02 2.845508e+01 1.053228e+02
    endloop
  endfacet
  facet normal -2.815620e-15 -1.000000e+00 -3.728483e-15
    outer loop
      vertex   1.357641e+02 2.845508e+01 1.053228e+02
      vertex   1.356413e+02 2.845508e+01 1.054156e+02
      vertex   1.361631e+02 2.845508e+01 1.040687e+02
    endloop
  endfacet
  facet normal -3.629658e-14 -1.000000e+00 -1.669907e-14
    outer loop
      vertex   1.361631e+02 2.845508e+01 1.040687e+02
      vertex   1.356413e+02 2.845508e+01 1.054156e+02
      vertex   1.355080e+02 2.845508e+01 1.054925e+02
    endloop
  endfacet
  facet normal 0.000000e+00 -1.000000e+00 0.000000e+00
    outer loop
      vertex   1.361631e+02 2.845508e+01 1.040687e+02
      vertex   1.355080e+02 2.845508e+01 1.054925e+02
      vertex   1.353663e+02 2.845508e+01 1.055525e+02
    endloop
  endfacet
  facet normal -0.000000e+00 -1.000000e+00 -0.000000e+00
    outer loop
      vertex   1.353663e+02 2.845508e+01 1.055525e+02
      vertex   1.352183e+02 2.845508e+01 1.055946e+02
      vertex   1.361631e+02 2.845508e+01 1.040687e+02
    endloop
  endfacet
  facet normal 0.000000e+00 -1.000000e+00 0.000000e+00
    outer loop
      vertex   1.361631e+02 2.845508e+01 1.040687e+02
      vertex   1.352183e+02 2.845508e+01 1.055946e+02
      vertex   1.350662e+02 2.845508e+01 1.056182e+02
    endloop
  endfacet
  facet normal 0.000000e+00 -1.000000e+00 0.000000e+00
    outer loop
      vertex   1.361631e+02 2.845508e+01 1.040687e+02
      vertex   1.350662e+02 2.845508e+01 1.056182e+02
      vertex   1.349123e+02 2.845508e+01 1.056230e+02
    endloop
  endfacet
  facet normal 0.000000e+00 -1.000000e+00 -0.000000e+00
    outer loop
      vertex   1.349123e+02 2.845508e+01 1.056230e+02
      vertex   1.347591e+02 2.845508e+01 1.056088e+02
      vertex   1.361631e+02 2.845508e+01 1.040687e+02
    endloop
  endfacet
  facet normal 0.000000e+00 -1.000000e+00 0.000000e+00
    outer loop
      vertex   1.361631e+02 2.845508e+01 1.040687e+02
      vertex   1.347591e+02 2.845508e+01 1.056088e+02
      vertex   1.346088e+02 2.845508e+01 1.055758e+02
    endloop
  endfacet
  facet normal 0.000000e+00 -1.000000e+00 0.000000e+00
    outer loop
      vertex   1.361631e+02 2.845508e+01 1.040687e+02
      vertex   1.346088e+02 2.845508e+01 1.055758e+02
      vertex   1.344636e+02 2.845508e+01 1.055247e+02
    endloop
  endfacet
  facet normal -1.630896e-14 -1.000000e+00 -1.903590e-14
    outer loop
      vertex   1.344636e+02 2.845508e+01 1.055247e+02
      vertex   1.343258e+02 2.845508e+01 1.054561e+02
      vertex   1.361631e+02 2.845508e+01 1.040687e+02
    endloop
  endfacet
  facet normal -9.037503e-16 -1.000000e+00 1.363896e-15
    outer loop
      vertex   1.361631e+02 2.845508e+01 1.040687e+02
      vertex   1.343258e+02 2.845508e+01 1.054561e+02
      vertex   1.341975e+02 2.845508e+01 1.053711e+02
    endloop
  endfacet
  facet normal -1.019219e-15 -1.000000e+00 1.189637e-15
    outer loop
      vertex   1.361631e+02 2.845508e+01 1.040687e+02
      vertex   1.341975e+02 2.845508e+01 1.053711e+02
      vertex   1.340807e+02 2.845508e+01 1.052709e+02
    endloop
  endfacet
  facet normal -1.117754e-15 -1.000000e+00 1.018968e-15
    outer loop
      vertex   1.340807e+02 2.845508e+01 1.052709e+02
      vertex   1.339770e+02 2.845508e+01 1.051572e+02
      vertex   1.361631e+02 2.845508e+01 1.040687e+02
    endloop
  endfacet
  facet normal -1.201596e-15 -1.000000e+00 8.505919e-16
    outer loop
      vertex   1.361631e+02 2.845508e+01 1.040687e+02
      vertex   1.339770e+02 2.845508e+01 1.051572e+02
      vertex   1.338881e+02 2.845508e+01 1.050316e+02
    endloop
  endfacet
  facet normal -1.934532e-14 -1.000000e+00 -4.201564e-14
    outer loop
      vertex   1.361631e+02 2.845508e+01 1.040687e+02
      vertex   1.338881e+02 2.845508e+01 1.050316e+02
      vertex   1.338153e+02 2.845508e+01 1.048960e+02
    endloop
  endfacet
  facet normal -3.994293e-15 -1.000000e+00 1.547398e-15
    outer loop
      vertex   1.338153e+02 2.845508e+01 1.048960e+02
      vertex   1.337597e+02 2.845508e+01 1.047525e+02
      vertex   1.361631e+02 2.845508e+01 1.040687e+02
    endloop
  endfacet
  facet normal -4.138418e-15 -1.000000e+00 1.040854e-15
    outer loop
      vertex   1.361631e+02 2.845508e+01 1.040687e+02
      vertex   1.337597e+02 2.845508e+01 1.047525e+02
      vertex   1.337221e+02 2.845508e+01 1.046032e+02
    endloop
  endfacet
  facet normal -4.251085e-15 -1.000000e+00 5.263984e-16
    outer loop
      vertex   1.361631e+02 2.845508e+01 1.040687e+02
      vertex   1.337221e+02 2.845508e+01 1.046032e+02
      vertex   1.337032e+02 2.845508e+01 1.044505e+02
    endloop
  endfacet
  facet normal -4.332797e-15 -1.000000e+00 -0.000000e+00
    outer loop
      vertex   1.337032e+02 2.845508e+01 1.044505e+02
      vertex   1.337032e+02 2.845508e+01 1.042966e+02
      vertex   1.361631e+02 2.845508e+01 1.040687e+02
    endloop
  endfacet
  facet normal -4.383090e-15 -1.000000e+00 -5.427441e-16
    outer loop
      vertex   1.361631e+02 2.845508e+01 1.040687e+02
      vertex   1.337032e+02 2.845508e+01 1.042966e+02
      vertex   1.337221e+02 2.845508e+01 1.041439e+02
    endloop
  endfacet
  facet normal -4.400467e-15 -1.000000e+00 -1.106762e-15
    outer loop
      vertex   1.361631e+02 2.845508e+01 1.040687e+02
      vertex   1.337221e+02 2.845508e+01 1.041439e+02
      vertex   1.337597e+02 2.845508e+01 1.039946e+02
    endloop
  endfacet
  facet normal -4.478461e-15 -1.000000e+00 1.424701e-15
    outer loop
      vertex   1.361631e+02 2.845508e+01 1.040687e+02
      vertex   1.337597e+02 2.845508e+01 1.039946e+02
      vertex   1.361164e+02 2.845508e+01 1.039220e+02
    endloop
  endfacet
  facet normal -4.576985e-15 -1.000000e+00 -1.773133e-15
    outer loop
      vertex   1.361164e+02 2.845508e+01 1.039220e+02
      vertex   1.337597e+02 2.845508e+01 1.039946e+02
      vertex   1.338153e+02 2.845508e+01 1.038511e+02
    endloop
  endfacet
  facet normal -3.904076e-15 -1.000000e+00 -2.361397e-14
    outer loop
      vertex   1.361164e+02 2.845508e+01 1.039220e+02
      vertex   1.338153e+02 2.845508e+01 1.038511e+02
      vertex   1.360521e+02 2.845508e+01 1.037822e+02
    endloop
  endfacet
  facet normal -4.050829e-15 -1.000000e+00 -2.837718e-14
    outer loop
      vertex   1.360521e+02 2.845508e+01 1.037822e+02
      vertex   1.338153e+02 2.845508e+01 1.038511e+02
      vertex   1.338881e+02 2.845508e+01 1.037155e+02
    endloop
  endfacet
  facet normal -5.020902e-15 -1.000000e+00 3.108811e-15
    outer loop
      vertex   1.360521e+02 2.845508e+01 1.037822e+02
      vertex   1.338881e+02 2.845508e+01 1.037155e+02
      vertex   1.359711e+02 2.845508e+01 1.036513e+02
    endloop
  endfacet
  facet normal -5.230765e-15 -1.000000e+00 -3.702782e-15
    outer loop
      vertex   1.359711e+02 2.845508e+01 1.036513e+02
      vertex   1.338881e+02 2.845508e+01 1.037155e+02
      vertex   1.339770e+02 2.845508e+01 1.035899e+02
    endloop
  endfacet
  facet normal -5.480727e-15 -1.000000e+00 4.410324e-15
    outer loop
      vertex   1.359711e+02 2.845508e+01 1.036513e+02
      vertex   1.339770e+02 2.845508e+01 1.035899e+02
      vertex   1.358746e+02 2.845508e+01 1.035314e+02
    endloop
  endfacet
  facet normal -5.778918e-15 -1.000000e+00 -5.268180e-15
    outer loop
      vertex   1.358746e+02 2.845508e+01 1.035314e+02
      vertex   1.339770e+02 2.845508e+01 1.035899e+02
      vertex   1.340807e+02 2.845508e+01 1.034762e+02
    endloop
  endfacet
  facet normal -6.136198e-15 -1.000000e+00 6.328164e-15
    outer loop
      vertex   1.358746e+02 2.845508e+01 1.035314e+02
      vertex   1.340807e+02 2.845508e+01 1.034762e+02
      vertex   1.357641e+02 2.845508e+01 1.034243e+02
    endloop
  endfacet
  facet normal -6.567336e-15 -1.000000e+00 -7.665427e-15
    outer loop
      vertex   1.357641e+02 2.845508e+01 1.034243e+02
      vertex   1.340807e+02 2.845508e+01 1.034762e+02
      vertex   1.341975e+02 2.845508e+01 1.033760e+02
    endloop
  endfacet
  facet normal -7.092885e-15 -1.000000e+00 9.392498e-15
    outer loop
      vertex   1.357641e+02 2.845508e+01 1.034243e+02
      vertex   1.341975e+02 2.845508e+01 1.033760e+02
      vertex   1.356413e+02 2.845508e+01 1.033315e+02
    endloop
  endfacet
  facet normal -7.742252e-15 -1.000000e+00 -1.168423e-14
    outer loop
      vertex   1.356413e+02 2.845508e+01 1.033315e+02
      vertex   1.341975e+02 2.845508e+01 1.033760e+02
      vertex   1.343258e+02 2.845508e+01 1.032910e+02
    endloop
  endfacet
  facet normal -5.553740e-15 -1.000000e+00 -8.271752e-14
    outer loop
      vertex   1.356413e+02 2.845508e+01 1.033315e+02
      vertex   1.343258e+02 2.845508e+01 1.032910e+02
      vertex   1.355080e+02 2.845508e+01 1.032546e+02
    endloop
  endfacet
  facet normal -1.502620e-15 -1.000000e+00 4.877105e-14
    outer loop
      vertex   1.355080e+02 2.845508e+01 1.032546e+02
      vertex   1.343258e+02 2.845508e+01 1.032910e+02
      vertex   1.344636e+02 2.845508e+01 1.032224e+02
    endloop
  endfacet
  facet normal 0.000000e+00 -1.000000e+00 0.000000e+00
    outer loop
      vertex   1.355080e+02 2.845508e+01 1.032546e+02
      vertex   1.344636e+02 2.845508e+01 1.032224e+02
      vertex   1.353663e+02 2.845508e+01 1.031946e+02
    endloop
  endfacet
  facet normal -0.000000e+00 -1.000000e+00 0.000000e+00
    outer loop
      vertex   1.353663e+02 2.845508e+01 1.031946e+02
      vertex   1.344636e+02 2.845508e+01 1.032224e+02
      vertex   1.346088e+02 2.845508e+01 1.031713e+02
    endloop
  endfacet
  facet normal 0.000000e+00 -1.000000e+00 0.000000e+00
    outer loop
      vertex   1.353663e+02 2.845508e+01 1.031946e+02
      vertex   1.346088e+02 2.845508e+01 1.031713e+02
      vertex   1.352183e+02 2.845508e+01 1.031525e+02
    endloop
  endfacet
  facet normal -0.000000e+00 -1.000000e+00 0.000000e+00
    outer loop
      vertex   1.352183e+02 2.845508e+01 1.031525e+02
      vertex   1.346088e+02 2.845508e+01 1.031713e+02
      vertex   1.347591e+02 2.845508e+01 1.031383e+02
    endloop
  endfacet
  facet normal 0.000000e+00 -1.000000e+00 0.000000e+00
    outer loop
      vertex   1.352183e+02 2.845508e+01 1.031525e+02
      vertex   1.347591e+02 2.845508e+01 1.031383e+02
      vertex   1.350662e+02 2.845508e+01 1.031289e+02
    endloop
  endfacet
  facet normal -0.000000e+00 -1.000000e+00 0.000000e+00
    outer loop
      vertex   1.350662e+02 2.845508e+01 1.031289e+02
      vertex   1.347591e+02 2.845508e+01 1.031383e+02
      vertex   1.349123e+02 2.845508e+01 1.031241e+02
    endloop
  endfacet
  facet normal 9.946981e-01 8.496611e-02 -5.793457e-02
    outer loop
      vertex   1.363414e+02 4.330508e+01 1.042110e+02
      vertex   1.363451e+02 4.334390e+01 1.043322e+02
      vertex   1.363508e+02 4.330508e+01 1.043735e+02
    endloop
  endfacet
  facet normal 9.839362e-01 1.761210e-01 2.917012e-02
    outer loop
      vertex   1.363508e+02 4.330508e+01 1.043735e+02
      vertex   1.363451e+02 4.334390e+01 1.043322e+02
      vertex   1.363402e+02 4.334390e+01 1.044974e+02
    endloop
  endfacet
  facet normal 9.944986e-01 8.727760e-02 5.792295e-02
    outer loop
      vertex   1.363508e+02 4.330508e+01 1.043735e+02
      vertex   1.363402e+02 4.334390e+01 1.044974e+02
      vertex   1.363414e+02 4.330508e+01 1.045361e+02
    endloop
  endfacet
  facet normal 9.739881e-01 1.737989e-01 1.453996e-01
    outer loop
      vertex   1.363414e+02 4.330508e+01 1.045361e+02
      vertex   1.363402e+02 4.334390e+01 1.044974e+02
      vertex   1.363158e+02 4.334390e+01 1.046609e+02
    endloop
  endfacet
  facet normal 9.808326e-01 8.975869e-02 1.729473e-01
    outer loop
      vertex   1.363414e+02 4.330508e+01 1.045361e+02
      vertex   1.363158e+02 4.334390e+01 1.046609e+02
      vertex   1.363131e+02 4.330508e+01 1.046964e+02
    endloop
  endfacet
  facet normal 9.503759e-01 1.713079e-01 2.596907e-01
    outer loop
      vertex   1.363131e+02 4.330508e+01 1.046964e+02
      vertex   1.363158e+02 4.334390e+01 1.046609e+02
      vertex   1.362723e+02 4.334390e+01 1.048203e+02
    endloop
  endfacet
  facet normal 9.538904e-01 9.240898e-02 2.855760e-01
    outer loop
      vertex   1.363131e+02 4.330508e+01 1.046964e+02
      vertex   1.362723e+02 4.334390e+01 1.048203e+02
      vertex   1.362664e+02 4.330508e+01 1.048524e+02
    endloop
  endfacet
  facet normal 9.134161e-01 1.686472e-01 3.704444e-01
    outer loop
      vertex   1.362664e+02 4.330508e+01 1.048524e+02
      vertex   1.362723e+02 4.334390e+01 1.048203e+02
      vertex   1.362101e+02 4.334390e+01 1.049734e+02
    endloop
  endfacet
  facet normal 9.140433e-01 9.522802e-02 3.942798e-01
    outer loop
      vertex   1.362664e+02 4.330508e+01 1.048524e+02
      vertex   1.362101e+02 4.334390e+01 1.049734e+02
      vertex   1.362019e+02 4.330508e+01 1.050019e+02
    endloop
  endfacet
  facet normal 8.636118e-01 1.658163e-01 4.761087e-01
    outer loop
      vertex   1.362019e+02 4.330508e+01 1.050019e+02
      vertex   1.362101e+02 4.334390e+01 1.049734e+02
      vertex   1.361304e+02 4.334390e+01 1.051182e+02
    endloop
  endfacet
  facet normal 8.618383e-01 9.821533e-02 4.975826e-01
    outer loop
      vertex   1.362019e+02 4.330508e+01 1.050019e+02
      vertex   1.361304e+02 4.334390e+01 1.051182e+02
      vertex   1.361205e+02 4.330508e+01 1.051429e+02
    endloop
  endfacet
  facet normal 8.016456e-01 1.628144e-01 5.752006e-01
    outer loop
      vertex   1.361205e+02 4.330508e+01 1.051429e+02
      vertex   1.361304e+02 4.334390e+01 1.051182e+02
      vertex   1.360340e+02 4.334390e+01 1.052525e+02
    endloop
  endfacet
  facet normal 7.979913e-01 1.013704e-01 5.940825e-01
    outer loop
      vertex   1.361205e+02 4.330508e+01 1.051429e+02
      vertex   1.360340e+02 4.334390e+01 1.052525e+02
      vertex   1.360233e+02 4.330508e+01 1.052735e+02
    endloop
  endfacet
  facet normal 7.283707e-01 1.596410e-01 6.663264e-01
    outer loop
      vertex   1.360233e+02 4.330508e+01 1.052735e+02
      vertex   1.360340e+02 4.334390e+01 1.052525e+02
      vertex   1.359225e+02 4.334390e+01 1.053744e+02
    endloop
  endfacet
  facet normal 7.233765e-01 1.046925e-01 6.824705e-01
    outer loop
      vertex   1.360233e+02 4.330508e+01 1.052735e+02
      vertex   1.359225e+02 4.334390e+01 1.053744e+02
      vertex   1.359116e+02 4.330508e+01 1.053919e+02
    endloop
  endfacet
  facet normal 6.447992e-01 1.562953e-01 7.482017e-01
    outer loop
      vertex   1.359116e+02 4.330508e+01 1.053919e+02
      vertex   1.359225e+02 4.334390e+01 1.053744e+02
      vertex   1.357973e+02 4.334390e+01 1.054823e+02
    endloop
  endfacet
  facet normal 6.390152e-01 1.081812e-01 7.615487e-01
    outer loop
      vertex   1.359116e+02 4.330508e+01 1.053919e+02
      vertex   1.357973e+02 4.334390e+01 1.054823e+02
      vertex   1.357869e+02 4.330508e+01 1.054965e+02
    endloop
  endfacet
  facet normal 5.520887e-01 1.527766e-01 8.196691e-01
    outer loop
      vertex   1.357869e+02 4.330508e+01 1.054965e+02
      vertex   1.357973e+02 4.334390e+01 1.054823e+02
      vertex   1.356602e+02 4.334390e+01 1.055746e+02
    endloop
  endfacet
  facet normal 5.460618e-01 1.118356e-01 8.302466e-01
    outer loop
      vertex   1.357869e+02 4.330508e+01 1.054965e+02
      vertex   1.356602e+02 4.334390e+01 1.055746e+02
      vertex   1.356508e+02 4.330508e+01 1.055860e+02
    endloop
  endfacet
  facet normal 4.515262e-01 1.490842e-01 8.797147e-01
    outer loop
      vertex   1.356508e+02 4.330508e+01 1.055860e+02
      vertex   1.356602e+02 4.334390e+01 1.055746e+02
      vertex   1.355132e+02 4.334390e+01 1.056501e+02
    endloop
  endfacet
  facet normal 4.457875e-01 1.156550e-01 8.876359e-01
    outer loop
      vertex   1.356508e+02 4.330508e+01 1.055860e+02
      vertex   1.355132e+02 4.334390e+01 1.056501e+02
      vertex   1.355054e+02 4.330508e+01 1.056591e+02
    endloop
  endfacet
  facet normal 3.445106e-01 1.452175e-01 9.274828e-01
    outer loop
      vertex   1.355054e+02 4.330508e+01 1.056591e+02
      vertex   1.355132e+02 4.334390e+01 1.056501e+02
      vertex   1.353582e+02 4.334390e+01 1.057076e+02
    endloop
  endfacet
  facet normal 3.395636e-01 1.196385e-01 9.329433e-01
    outer loop
      vertex   1.355054e+02 4.330508e+01 1.056591e+02
      vertex   1.353582e+02 4.334390e+01 1.057076e+02
      vertex   1.353524e+02 4.330508e+01 1.057147e+02
    endloop
  endfacet
  facet normal 2.325336e-01 1.411757e-01 9.622877e-01
    outer loop
      vertex   1.353524e+02 4.330508e+01 1.057147e+02
      vertex   1.353582e+02 4.334390e+01 1.057076e+02
      vertex   1.351976e+02 4.334390e+01 1.057464e+02
    endloop
  endfacet
  facet normal 2.288422e-01 1.237852e-01 9.655612e-01
    outer loop
      vertex   1.353524e+02 4.330508e+01 1.057147e+02
      vertex   1.351976e+02 4.334390e+01 1.057464e+02
      vertex   1.351939e+02 4.330508e+01 1.057523e+02
    endloop
  endfacet
  facet normal 1.167080e-01 1.370074e-01 9.836708e-01
    outer loop
      vertex   1.351939e+02 4.330508e+01 1.057523e+02
      vertex   1.351976e+02 4.334390e+01 1.057464e+02
      vertex   1.350322e+02 4.334390e+01 1.057661e+02
    endloop
  endfacet
  facet normal 1.151087e-01 1.299372e-01 9.848179e-01
    outer loop
      vertex   1.351939e+02 4.330508e+01 1.057523e+02
      vertex   1.350322e+02 4.334390e+01 1.057661e+02
      vertex   1.350322e+02 4.330508e+01 1.057712e+02
    endloop
  endfacet
  facet normal 0.000000e+00 1.306822e-01 9.914243e-01
    outer loop
      vertex   1.350322e+02 4.330508e+01 1.057712e+02
      vertex   1.350322e+02 4.334390e+01 1.057661e+02
      vertex   1.348695e+02 4.334390e+01 1.057661e+02
    endloop
  endfacet
  facet normal 0.000000e+00 1.306822e-01 9.914243e-01
    outer loop
      vertex   1.350322e+02 4.330508e+01 1.057712e+02
      vertex   1.348695e+02 4.334390e+01 1.057661e+02
      vertex   1.348694e+02 4.330508e+01 1.057712e+02
    endloop
  endfacet
  facet normal -1.151087e-01 1.299372e-01 9.848179e-01
    outer loop
      vertex   1.348694e+02 4.330508e+01 1.057712e+02
      vertex   1.348695e+02 4.334390e+01 1.057661e+02
      vertex   1.347077e+02 4.330508e+01 1.057523e+02
    endloop
  endfacet
  facet normal -1.167080e-01 1.370074e-01 9.836708e-01
    outer loop
      vertex   1.347077e+02 4.330508e+01 1.057523e+02
      vertex   1.348695e+02 4.334390e+01 1.057661e+02
      vertex   1.347041e+02 4.334390e+01 1.057464e+02
    endloop
  endfacet
  facet normal -2.288422e-01 1.237852e-01 9.655612e-01
    outer loop
      vertex   1.347077e+02 4.330508e+01 1.057523e+02
      vertex   1.347041e+02 4.334390e+01 1.057464e+02
      vertex   1.345493e+02 4.330508e+01 1.057147e+02
    endloop
  endfacet
  facet normal -2.325336e-01 1.411757e-01 9.622877e-01
    outer loop
      vertex   1.345493e+02 4.330508e+01 1.057147e+02
      vertex   1.347041e+02 4.334390e+01 1.057464e+02
      vertex   1.345435e+02 4.334390e+01 1.057076e+02
    endloop
  endfacet
  facet normal -3.395636e-01 1.196385e-01 9.329433e-01
    outer loop
      vertex   1.345493e+02 4.330508e+01 1.057147e+02
      vertex   1.345435e+02 4.334390e+01 1.057076e+02
      vertex   1.343963e+02 4.330508e+01 1.056591e+02
    endloop
  endfacet
  facet normal -3.445106e-01 1.452175e-01 9.274828e-01
    outer loop
      vertex   1.343963e+02 4.330508e+01 1.056591e+02
      vertex   1.345435e+02 4.334390e+01 1.057076e+02
      vertex   1.343885e+02 4.334390e+01 1.056501e+02
    endloop
  endfacet
  facet normal -4.457875e-01 1.156550e-01 8.876359e-01
    outer loop
      vertex   1.343963e+02 4.330508e+01 1.056591e+02
      vertex   1.343885e+02 4.334390e+01 1.056501e+02
      vertex   1.342508e+02 4.330508e+01 1.055860e+02
    endloop
  endfacet
  facet normal -4.515262e-01 1.490842e-01 8.797147e-01
    outer loop
      vertex   1.342508e+02 4.330508e+01 1.055860e+02
      vertex   1.343885e+02 4.334390e+01 1.056501e+02
      vertex   1.342415e+02 4.334390e+01 1.055746e+02
    endloop
  endfacet
  facet normal -5.460618e-01 1.118356e-01 8.302466e-01
    outer loop
      vertex   1.342508e+02 4.330508e+01 1.055860e+02
      vertex   1.342415e+02 4.334390e+01 1.055746e+02
      vertex   1.341148e+02 4.330508e+01 1.054965e+02
    endloop
  endfacet
  facet normal -5.520887e-01 1.527766e-01 8.196691e-01
    outer loop
      vertex   1.341148e+02 4.330508e+01 1.054965e+02
      vertex   1.342415e+02 4.334390e+01 1.055746e+02
      vertex   1.341044e+02 4.334390e+01 1.054823e+02
    endloop
  endfacet
  facet normal -6.390152e-01 1.081812e-01 7.615487e-01
    outer loop
      vertex   1.341148e+02 4.330508e+01 1.054965e+02
      vertex   1.341044e+02 4.334390e+01 1.054823e+02
      vertex   1.339901e+02 4.330508e+01 1.053919e+02
    endloop
  endfacet
  facet normal -6.447810e-01 1.561202e-01 7.482539e-01
    outer loop
      vertex   1.339901e+02 4.330508e+01 1.053919e+02
      vertex   1.341044e+02 4.334390e+01 1.054823e+02
      vertex   1.339793e+02 4.334390e+01 1.053745e+02
    endloop
  endfacet
  facet normal -7.233649e-01 1.048429e-01 6.824596e-01
    outer loop
      vertex   1.339901e+02 4.330508e+01 1.053919e+02
      vertex   1.339793e+02 4.334390e+01 1.053745e+02
      vertex   1.338784e+02 4.330508e+01 1.052735e+02
    endloop
  endfacet
  facet normal -7.283351e-01 1.596682e-01 6.663587e-01
    outer loop
      vertex   1.338784e+02 4.330508e+01 1.052735e+02
      vertex   1.339793e+02 4.334390e+01 1.053745e+02
      vertex   1.338677e+02 4.334390e+01 1.052525e+02
    endloop
  endfacet
  facet normal -7.979913e-01 1.013704e-01 5.940825e-01
    outer loop
      vertex   1.338784e+02 4.330508e+01 1.052735e+02
      vertex   1.338677e+02 4.334390e+01 1.052525e+02
      vertex   1.337812e+02 4.330508e+01 1.051429e+02
    endloop
  endfacet
  facet normal -8.016456e-01 1.628144e-01 5.752006e-01
    outer loop
      vertex   1.337812e+02 4.330508e+01 1.051429e+02
      vertex   1.338677e+02 4.334390e+01 1.052525e+02
      vertex   1.337713e+02 4.334390e+01 1.051182e+02
    endloop
  endfacet
  facet normal -8.618383e-01 9.821533e-02 4.975826e-01
    outer loop
      vertex   1.337812e+02 4.330508e+01 1.051429e+02
      vertex   1.337713e+02 4.334390e+01 1.051182e+02
      vertex   1.336998e+02 4.330508e+01 1.050019e+02
    endloop
  endfacet
  facet normal -8.636118e-01 1.658163e-01 4.761087e-01
    outer loop
      vertex   1.336998e+02 4.330508e+01 1.050019e+02
      vertex   1.337713e+02 4.334390e+01 1.051182e+02
      vertex   1.336915e+02 4.334390e+01 1.049734e+02
    endloop
  endfacet
  facet normal -9.140433e-01 9.522802e-02 3.942798e-01
    outer loop
      vertex   1.336998e+02 4.330508e+01 1.050019e+02
      vertex   1.336915e+02 4.334390e+01 1.049734e+02
      vertex   1.336353e+02 4.330508e+01 1.048524e+02
    endloop
  endfacet
  facet normal -9.134161e-01 1.686472e-01 3.704444e-01
    outer loop
      vertex   1.336353e+02 4.330508e+01 1.048524e+02
      vertex   1.336915e+02 4.334390e+01 1.049734e+02
      vertex   1.336294e+02 4.334390e+01 1.048203e+02
    endloop
  endfacet
  facet normal -9.538904e-01 9.240898e-02 2.855760e-01
    outer loop
      vertex   1.336353e+02 4.330508e+01 1.048524e+02
      vertex   1.336294e+02 4.334390e+01 1.048203e+02
      vertex   1.335886e+02 4.330508e+01 1.046964e+02
    endloop
  endfacet
  facet normal -9.503759e-01 1.713079e-01 2.596907e-01
    outer loop
      vertex   1.335886e+02 4.330508e+01 1.046964e+02
      vertex   1.336294e+02 4.334390e+01 1.048203e+02
      vertex   1.335859e+02 4.334390e+01 1.046609e+02
    endloop
  endfacet
  facet normal -9.808326e-01 8.975869e-02 1.729473e-01
    outer loop
      vertex   1.335886e+02 4.330508e+01 1.046964e+02
      vertex   1.335859e+02 4.334390e+01 1.046609e+02
      vertex   1.335603e+02 4.330508e+01 1.045361e+02
    endloop
  endfacet
  facet normal -9.739881e-01 1.737989e-01 1.453996e-01
    outer loop
      vertex   1.335603e+02 4.330508e+01 1.045361e+02
      vertex   1.335859e+02 4.334390e+01 1.046609e+02
      vertex   1.335615e+02 4.334390e+01 1.044974e+02
    endloop
  endfacet
  facet normal -9.944986e-01 8.727760e-02 5.792295e-02
    outer loop
      vertex   1.335603e+02 4.330508e+01 1.045361e+02
      vertex   1.335615e+02 4.334390e+01 1.044974e+02
      vertex   1.335508e+02 4.330508e+01 1.043735e+02
    endloop
  endfacet
  facet normal -9.839362e-01 1.761210e-01 2.917012e-02
    outer loop
      vertex   1.335508e+02 4.330508e+01 1.043735e+02
      vertex   1.335615e+02 4.334390e+01 1.044974e+02
      vertex   1.335566e+02 4.334390e+01 1.043322e+02
    endloop
  endfacet
  facet normal -9.946981e-01 8.496611e-02 -5.793457e-02
    outer loop
      vertex   1.335508e+02 4.330508e+01 1.043735e+02
      vertex   1.335566e+02 4.334390e+01 1.043322e+02
      vertex   1.335603e+02 4.330508e+01 1.042110e+02
    endloop
  endfacet
  facet normal -9.800939e-01 1.782745e-01 -8.737345e-02
    outer loop
      vertex   1.335603e+02 4.330508e+01 1.042110e+02
      vertex   1.335566e+02 4.334390e+01 1.043322e+02
      vertex   1.335712e+02 4.334390e+01 1.041676e+02
    endloop
  endfacet
  facet normal -9.814241e-01 8.282457e-02 -1.730515e-01
    outer loop
      vertex   1.335603e+02 4.330508e+01 1.042110e+02
      vertex   1.335712e+02 4.334390e+01 1.041676e+02
      vertex   1.335886e+02 4.330508e+01 1.040507e+02
    endloop
  endfacet
  facet normal -9.625267e-01 1.802602e-01 -2.026045e-01
    outer loop
      vertex   1.335886e+02 4.330508e+01 1.040507e+02
      vertex   1.335712e+02 4.334390e+01 1.041676e+02
      vertex   1.336053e+02 4.334390e+01 1.040059e+02
    endloop
  endfacet
  facet normal -9.548531e-01 8.085329e-02 -2.858642e-01
    outer loop
      vertex   1.335886e+02 4.330508e+01 1.040507e+02
      vertex   1.336053e+02 4.334390e+01 1.040059e+02
      vertex   1.336353e+02 4.330508e+01 1.038947e+02
    endloop
  endfacet
  facet normal -9.314908e-01 1.820786e-01 -3.149162e-01
    outer loop
      vertex   1.336353e+02 4.330508e+01 1.038947e+02
      vertex   1.336053e+02 4.334390e+01 1.040059e+02
      vertex   1.336582e+02 4.334390e+01 1.038493e+02
    endloop
  endfacet
  facet normal -9.153425e-01 7.905258e-02 -3.948402e-01
    outer loop
      vertex   1.336353e+02 4.330508e+01 1.038947e+02
      vertex   1.336582e+02 4.334390e+01 1.038493e+02
      vertex   1.336998e+02 4.330508e+01 1.037452e+02
    endloop
  endfacet
  facet normal -8.874293e-01 1.837300e-01 -4.227441e-01
    outer loop
      vertex   1.336998e+02 4.330508e+01 1.037452e+02
      vertex   1.336582e+02 4.334390e+01 1.038493e+02
      vertex   1.337293e+02 4.334390e+01 1.037001e+02
    endloop
  endfacet
  facet normal -8.634259e-01 7.742266e-02 -4.984992e-01
    outer loop
      vertex   1.336998e+02 4.330508e+01 1.037452e+02
      vertex   1.337293e+02 4.334390e+01 1.037001e+02
      vertex   1.337812e+02 4.330508e+01 1.036042e+02
    endloop
  endfacet
  facet normal -8.309655e-01 1.852150e-01 -5.245872e-01
    outer loop
      vertex   1.337812e+02 4.330508e+01 1.036042e+02
      vertex   1.337293e+02 4.334390e+01 1.037001e+02
      vertex   1.338175e+02 4.334390e+01 1.035604e+02
    endloop
  endfacet
  facet normal -7.998055e-01 7.596377e-02 -5.954331e-01
    outer loop
      vertex   1.337812e+02 4.330508e+01 1.036042e+02
      vertex   1.338175e+02 4.334390e+01 1.035604e+02
      vertex   1.338784e+02 4.330508e+01 1.034736e+02
    endloop
  endfacet
  facet normal -7.628947e-01 1.865339e-01 -6.190289e-01
    outer loop
      vertex   1.338784e+02 4.330508e+01 1.034736e+02
      vertex   1.338175e+02 4.334390e+01 1.035604e+02
      vertex   1.339216e+02 4.334390e+01 1.034320e+02
    endloop
  endfacet
  facet normal -7.253427e-01 7.467609e-02 -6.843255e-01
    outer loop
      vertex   1.338784e+02 4.330508e+01 1.034736e+02
      vertex   1.339216e+02 4.334390e+01 1.034320e+02
      vertex   1.339901e+02 4.330508e+01 1.033552e+02
    endloop
  endfacet
  facet normal -6.841725e-01 1.876872e-01 -7.047563e-01
    outer loop
      vertex   1.339901e+02 4.330508e+01 1.033552e+02
      vertex   1.339216e+02 4.334390e+01 1.034320e+02
      vertex   1.340402e+02 4.334390e+01 1.033169e+02
    endloop
  endfacet
  facet normal -6.410462e-01 7.355979e-02 -7.639691e-01
    outer loop
      vertex   1.339901e+02 4.330508e+01 1.033552e+02
      vertex   1.340402e+02 4.334390e+01 1.033169e+02
      vertex   1.341148e+02 4.330508e+01 1.032506e+02
    endloop
  endfacet
  facet normal -5.959018e-01 1.886751e-01 -7.805785e-01
    outer loop
      vertex   1.341148e+02 4.330508e+01 1.032506e+02
      vertex   1.340402e+02 4.334390e+01 1.033169e+02
      vertex   1.341716e+02 4.334390e+01 1.032166e+02
    endloop
  endfacet
  facet normal -5.480583e-01 7.261500e-02 -8.332822e-01
    outer loop
      vertex   1.341148e+02 4.330508e+01 1.032506e+02
      vertex   1.341716e+02 4.334390e+01 1.032166e+02
      vertex   1.342508e+02 4.330508e+01 1.031611e+02
    endloop
  endfacet
  facet normal -4.993171e-01 1.894979e-01 -8.454425e-01
    outer loop
      vertex   1.342508e+02 4.330508e+01 1.031611e+02
      vertex   1.341716e+02 4.334390e+01 1.032166e+02
      vertex   1.343139e+02 4.334390e+01 1.031326e+02
    endloop
  endfacet
  facet normal -4.476395e-01 7.184184e-02 -8.913235e-01
    outer loop
      vertex   1.342508e+02 4.330508e+01 1.031611e+02
      vertex   1.343139e+02 4.334390e+01 1.031326e+02
      vertex   1.343963e+02 4.330508e+01 1.030880e+02
    endloop
  endfacet
  facet normal -3.957680e-01 1.901558e-01 -8.984478e-01
    outer loop
      vertex   1.343963e+02 4.330508e+01 1.030880e+02
      vertex   1.343139e+02 4.334390e+01 1.031326e+02
      vertex   1.344651e+02 4.334390e+01 1.030660e+02
    endloop
  endfacet
  facet normal -3.411511e-01 7.124039e-02 -9.373050e-01
    outer loop
      vertex   1.343963e+02 4.330508e+01 1.030880e+02
      vertex   1.344651e+02 4.334390e+01 1.030660e+02
      vertex   1.345493e+02 4.330508e+01 1.030324e+02
    endloop
  endfacet
  facet normal -2.866999e-01 1.906492e-01 -9.388589e-01
    outer loop
      vertex   1.345493e+02 4.330508e+01 1.030324e+02
      vertex   1.344651e+02 4.334390e+01 1.030660e+02
      vertex   1.346232e+02 4.334390e+01 1.030177e+02
    endloop
  endfacet
  facet normal -2.300370e-01 7.081074e-02 -9.706023e-01
    outer loop
      vertex   1.345493e+02 4.330508e+01 1.030324e+02
      vertex   1.346232e+02 4.334390e+01 1.030177e+02
      vertex   1.347077e+02 4.330508e+01 1.029948e+02
    endloop
  endfacet
  facet normal -1.736345e-01 1.909780e-01 -9.661152e-01
    outer loop
      vertex   1.347077e+02 4.330508e+01 1.029948e+02
      vertex   1.346232e+02 4.334390e+01 1.030177e+02
      vertex   1.347859e+02 4.334390e+01 1.029885e+02
    endloop
  endfacet
  facet normal -1.158036e-01 7.055293e-02 -9.907632e-01
    outer loop
      vertex   1.347077e+02 4.330508e+01 1.029948e+02
      vertex   1.347859e+02 4.334390e+01 1.029885e+02
      vertex   1.348694e+02 4.330508e+01 1.029759e+02
    endloop
  endfacet
  facet normal -5.814837e-02 1.911423e-01 -9.798384e-01
    outer loop
      vertex   1.348694e+02 4.330508e+01 1.029759e+02
      vertex   1.347859e+02 4.334390e+01 1.029885e+02
      vertex   1.349508e+02 4.334390e+01 1.029787e+02
    endloop
  endfacet
  facet normal 0.000000e+00 7.046699e-02 -9.975141e-01
    outer loop
      vertex   1.348694e+02 4.330508e+01 1.029759e+02
      vertex   1.349508e+02 4.334390e+01 1.029787e+02
      vertex   1.350322e+02 4.330508e+01 1.029759e+02
    endloop
  endfacet
  facet normal 5.814837e-02 1.911423e-01 -9.798384e-01
    outer loop
      vertex   1.350322e+02 4.330508e+01 1.029759e+02
      vertex   1.349508e+02 4.334390e+01 1.029787e+02
      vertex   1.351158e+02 4.334390e+01 1.029885e+02
    endloop
  endfacet
  facet normal 1.158036e-01 7.055293e-02 -9.907632e-01
    outer loop
      vertex   1.350322e+02 4.330508e+01 1.029759e+02
      vertex   1.351158e+02 4.334390e+01 1.029885e+02
      vertex   1.351939e+02 4.330508e+01 1.029948e+02
    endloop
  endfacet
  facet normal 1.736345e-01 1.909780e-01 -9.661152e-01
    outer loop
      vertex   1.351939e+02 4.330508e+01 1.029948e+02
      vertex   1.351158e+02 4.334390e+01 1.029885e+02
      vertex   1.352785e+02 4.334390e+01 1.030177e+02
    endloop
  endfacet
  facet normal 2.300370e-01 7.081074e-02 -9.706023e-01
    outer loop
      vertex   1.351939e+02 4.330508e+01 1.029948e+02
      vertex   1.352785e+02 4.334390e+01 1.030177e+02
      vertex   1.353524e+02 4.330508e+01 1.030324e+02
    endloop
  endfacet
  facet normal 2.866999e-01 1.906492e-01 -9.388589e-01
    outer loop
      vertex   1.353524e+02 4.330508e+01 1.030324e+02
      vertex   1.352785e+02 4.334390e+01 1.030177e+02
      vertex   1.354365e+02 4.334390e+01 1.030660e+02
    endloop
  endfacet
  facet normal 3.411511e-01 7.124039e-02 -9.373050e-01
    outer loop
      vertex   1.353524e+02 4.330508e+01 1.030324e+02
      vertex   1.354365e+02 4.334390e+01 1.030660e+02
      vertex   1.355054e+02 4.330508e+01 1.030880e+02
    endloop
  endfacet
  facet normal 3.957680e-01 1.901558e-01 -8.984478e-01
    outer loop
      vertex   1.355054e+02 4.330508e+01 1.030880e+02
      vertex   1.354365e+02 4.334390e+01 1.030660e+02
      vertex   1.355878e+02 4.334390e+01 1.031326e+02
    endloop
  endfacet
  facet normal 4.476395e-01 7.184184e-02 -8.913235e-01
    outer loop
      vertex   1.355054e+02 4.330508e+01 1.030880e+02
      vertex   1.355878e+02 4.334390e+01 1.031326e+02
      vertex   1.356508e+02 4.330508e+01 1.031611e+02
    endloop
  endfacet
  facet normal 4.993171e-01 1.894979e-01 -8.454425e-01
    outer loop
      vertex   1.356508e+02 4.330508e+01 1.031611e+02
      vertex   1.355878e+02 4.334390e+01 1.031326e+02
      vertex   1.357301e+02 4.334390e+01 1.032166e+02
    endloop
  endfacet
  facet normal 5.480583e-01 7.261500e-02 -8.332822e-01
    outer loop
      vertex   1.356508e+02 4.330508e+01 1.031611e+02
      vertex   1.357301e+02 4.334390e+01 1.032166e+02
      vertex   1.357869e+02 4.330508e+01 1.032506e+02
    endloop
  endfacet
  facet normal 5.959018e-01 1.886751e-01 -7.805785e-01
    outer loop
      vertex   1.357869e+02 4.330508e+01 1.032506e+02
      vertex   1.357301e+02 4.334390e+01 1.032166e+02
      vertex   1.358615e+02 4.334390e+01 1.033169e+02
    endloop
  endfacet
  facet normal 6.410462e-01 7.355979e-02 -7.639691e-01
    outer loop
      vertex   1.357869e+02 4.330508e+01 1.032506e+02
      vertex   1.358615e+02 4.334390e+01 1.033169e+02
      vertex   1.359116e+02 4.330508e+01 1.033552e+02
    endloop
  endfacet
  facet normal 6.841725e-01 1.876872e-01 -7.047563e-01
    outer loop
      vertex   1.359116e+02 4.330508e+01 1.033552e+02
      vertex   1.358615e+02 4.334390e+01 1.033169e+02
      vertex   1.359800e+02 4.334390e+01 1.034320e+02
    endloop
  endfacet
  facet normal 7.253427e-01 7.467609e-02 -6.843255e-01
    outer loop
      vertex   1.359116e+02 4.330508e+01 1.033552e+02
      vertex   1.359800e+02 4.334390e+01 1.034320e+02
      vertex   1.360233e+02 4.330508e+01 1.034736e+02
    endloop
  endfacet
  facet normal 7.628947e-01 1.865339e-01 -6.190289e-01
    outer loop
      vertex   1.360233e+02 4.330508e+01 1.034736e+02
      vertex   1.359800e+02 4.334390e+01 1.034320e+02
      vertex   1.360842e+02 4.334390e+01 1.035604e+02
    endloop
  endfacet
  facet normal 7.998055e-01 7.596377e-02 -5.954331e-01
    outer loop
      vertex   1.360233e+02 4.330508e+01 1.034736e+02
      vertex   1.360842e+02 4.334390e+01 1.035604e+02
      vertex   1.361205e+02 4.330508e+01 1.036042e+02
    endloop
  endfacet
  facet normal 8.309655e-01 1.852150e-01 -5.245872e-01
    outer loop
      vertex   1.361205e+02 4.330508e+01 1.036042e+02
      vertex   1.360842e+02 4.334390e+01 1.035604e+02
      vertex   1.361724e+02 4.334390e+01 1.037001e+02
    endloop
  endfacet
  facet normal 8.634259e-01 7.742266e-02 -4.984992e-01
    outer loop
      vertex   1.361205e+02 4.330508e+01 1.036042e+02
      vertex   1.361724e+02 4.334390e+01 1.037001e+02
      vertex   1.362019e+02 4.330508e+01 1.037452e+02
    endloop
  endfacet
  facet normal 8.874293e-01 1.837300e-01 -4.227441e-01
    outer loop
      vertex   1.362019e+02 4.330508e+01 1.037452e+02
      vertex   1.361724e+02 4.334390e+01 1.037001e+02
      vertex   1.362435e+02 4.334390e+01 1.038493e+02
    endloop
  endfacet
  facet normal 9.153425e-01 7.905258e-02 -3.948402e-01
    outer loop
      vertex   1.362019e+02 4.330508e+01 1.037452e+02
      vertex   1.362435e+02 4.334390e+01 1.038493e+02
      vertex   1.362664e+02 4.330508e+01 1.038947e+02
    endloop
  endfacet
  facet normal 9.314908e-01 1.820786e-01 -3.149162e-01
    outer loop
      vertex   1.362664e+02 4.330508e+01 1.038947e+02
      vertex   1.362435e+02 4.334390e+01 1.038493e+02
      vertex   1.362964e+02 4.334390e+01 1.040059e+02
    endloop
  endfacet
  facet normal 9.548531e-01 8.085329e-02 -2.858642e-01
    outer loop
      vertex   1.362664e+02 4.330508e+01 1.038947e+02
      vertex   1.362964e+02 4.334390e+01 1.040059e+02
      vertex   1.363131e+02 4.330508e+01 1.040507e+02
    endloop
  endfacet
  facet normal 9.625267e-01 1.802602e-01 -2.026045e-01
    outer loop
      vertex   1.363131e+02 4.330508e+01 1.040507e+02
      vertex   1.362964e+02 4.334390e+01 1.040059e+02
      vertex   1.363304e+02 4.334390e+01 1.041676e+02
    endloop
  endfacet
  facet normal 9.814241e-01 8.282457e-02 -1.730515e-01
    outer loop
      vertex   1.363131e+02 4.330508e+01 1.040507e+02
      vertex   1.363304e+02 4.334390e+01 1.041676e+02
      vertex   1.363414e+02 4.330508e+01 1.042110e+02
    endloop
  endfacet
  facet normal 9.800939e-01 1.782745e-01 -8.737345e-02
    outer loop
      vertex   1.363414e+02 4.330508e+01 1.042110e+02
      vertex   1.363304e+02 4.334390e+01 1.041676e+02
      vertex   1.363451e+02 4.334390e+01 1.043322e+02
    endloop
  endfacet
  facet normal 1.243264e-01 9.922117e-01 7.668192e-03
    outer loop
      vertex   1.361914e+02 4.345508e+01 1.045272e+02
      vertex   1.362346e+02 4.344997e+01 1.044880e+02
      vertex   1.362008e+02 4.345508e+01 1.043735e+02
    endloop
  endfacet
  facet normal 1.363873e-01 9.906473e-01 4.043385e-03
    outer loop
      vertex   1.362008e+02 4.345508e+01 1.043735e+02
      vertex   1.362346e+02 4.344997e+01 1.044880e+02
      vertex   1.362391e+02 4.344997e+01 1.043354e+02
    endloop
  endfacet
  facet normal 1.248625e-01 9.921442e-01 -7.701256e-03
    outer loop
      vertex   1.362008e+02 4.345508e+01 1.043735e+02
      vertex   1.362391e+02 4.344997e+01 1.043354e+02
      vertex   1.361914e+02 4.345508e+01 1.042199e+02
    endloop
  endfacet
  facet normal 1.352440e-01 9.907390e-01 -1.205674e-02
    outer loop
      vertex   1.361914e+02 4.345508e+01 1.042199e+02
      vertex   1.362391e+02 4.344997e+01 1.043354e+02
      vertex   1.362255e+02 4.344997e+01 1.041833e+02
    endloop
  endfacet
  facet normal 1.235861e-01 9.920649e-01 -2.310225e-02
    outer loop
      vertex   1.361914e+02 4.345508e+01 1.042199e+02
      vertex   1.362255e+02 4.344997e+01 1.041833e+02
      vertex   1.361631e+02 4.345508e+01 1.040687e+02
    endloop
  endfacet
  facet normal 1.321290e-01 9.908423e-01 -2.781213e-02
    outer loop
      vertex   1.361631e+02 4.345508e+01 1.040687e+02
      vertex   1.362255e+02 4.344997e+01 1.041833e+02
      vertex   1.361941e+02 4.344997e+01 1.040338e+02
    endloop
  endfacet
  facet normal 1.204962e-01 9.919734e-01 -3.833261e-02
    outer loop
      vertex   1.361631e+02 4.345508e+01 1.040687e+02
      vertex   1.361941e+02 4.344997e+01 1.040338e+02
      vertex   1.361164e+02 4.345508e+01 1.039220e+02
    endloop
  endfacet
  facet normal 1.271145e-01 9.909567e-01 -4.297457e-02
    outer loop
      vertex   1.361164e+02 4.345508e+01 1.039220e+02
      vertex   1.361941e+02 4.344997e+01 1.040338e+02
      vertex   1.361452e+02 4.344997e+01 1.038892e+02
    endloop
  endfacet
  facet normal 1.156130e-01 9.918692e-01 -5.319040e-02
    outer loop
      vertex   1.361164e+02 4.345508e+01 1.039220e+02
      vertex   1.361452e+02 4.344997e+01 1.038892e+02
      vertex   1.360521e+02 4.345508e+01 1.037822e+02
    endloop
  endfacet
  facet normal 1.203048e-01 9.910814e-01 -5.730951e-02
    outer loop
      vertex   1.360521e+02 4.345508e+01 1.037822e+02
      vertex   1.361452e+02 4.344997e+01 1.038892e+02
      vertex   1.360795e+02 4.344997e+01 1.037513e+02
    endloop
  endfacet
  facet normal 1.089777e-01 9.917514e-01 -6.747612e-02
    outer loop
      vertex   1.360521e+02 4.345508e+01 1.037822e+02
      vertex   1.360795e+02 4.344997e+01 1.037513e+02
      vertex   1.359711e+02 4.345508e+01 1.036513e+02
    endloop
  endfacet
  facet normal 1.118335e-01 9.912159e-01 -7.060029e-02
    outer loop
      vertex   1.359711e+02 4.345508e+01 1.036513e+02
      vertex   1.360795e+02 4.344997e+01 1.037513e+02
      vertex   1.359980e+02 4.344997e+01 1.036222e+02
    endloop
  endfacet
  facet normal 1.006524e-01 9.916194e-01 -8.099472e-02
    outer loop
      vertex   1.359711e+02 4.345508e+01 1.036513e+02
      vertex   1.359980e+02 4.344997e+01 1.036222e+02
      vertex   1.358746e+02 4.345508e+01 1.035314e+02
    endloop
  endfacet
  facet normal 1.018606e-01 9.913592e-01 -8.265183e-02
    outer loop
      vertex   1.358746e+02 4.345508e+01 1.035314e+02
      vertex   1.359980e+02 4.344997e+01 1.036222e+02
      vertex   1.359018e+02 4.344997e+01 1.035036e+02
    endloop
  endfacet
  facet normal 9.077379e-02 9.914721e-01 -9.350478e-02
    outer loop
      vertex   1.358746e+02 4.345508e+01 1.035314e+02
      vertex   1.359018e+02 4.344997e+01 1.035036e+02
      vertex   1.357922e+02 4.344997e+01 1.033973e+02
    endloop
  endfacet
  facet normal 2.669587e-01 9.236414e-01 -2.749903e-01
    outer loop
      vertex   1.357922e+02 4.344997e+01 1.033973e+02
      vertex   1.359018e+02 4.344997e+01 1.035036e+02
      vertex   1.359285e+02 4.343498e+01 1.034792e+02
    endloop
  endfacet
  facet normal 2.669587e-01 9.236414e-01 -2.749903e-01
    outer loop
      vertex   1.357922e+02 4.344997e+01 1.033973e+02
      vertex   1.359285e+02 4.343498e+01 1.034792e+02
      vertex   1.358158e+02 4.343498e+01 1.033698e+02
    endloop
  endfacet
  facet normal 4.245025e-01 7.928361e-01 -4.372740e-01
    outer loop
      vertex   1.358158e+02 4.343498e+01 1.033698e+02
      vertex   1.359285e+02 4.343498e+01 1.034792e+02
      vertex   1.359514e+02 4.341114e+01 1.034582e+02
    endloop
  endfacet
  facet normal 4.245025e-01 7.928361e-01 -4.372740e-01
    outer loop
      vertex   1.358158e+02 4.343498e+01 1.033698e+02
      vertex   1.359514e+02 4.341114e+01 1.034582e+02
      vertex   1.358361e+02 4.341114e+01 1.033463e+02
    endloop
  endfacet
  facet normal 5.529708e-01 6.080878e-01 -5.696073e-01
    outer loop
      vertex   1.358361e+02 4.341114e+01 1.033463e+02
      vertex   1.359514e+02 4.341114e+01 1.034582e+02
      vertex   1.359690e+02 4.338008e+01 1.034421e+02
    endloop
  endfacet
  facet normal 5.529708e-01 6.080878e-01 -5.696073e-01
    outer loop
      vertex   1.358361e+02 4.341114e+01 1.033463e+02
      vertex   1.359690e+02 4.338008e+01 1.034421e+02
      vertex   1.358517e+02 4.338008e+01 1.033283e+02
    endloop
  endfacet
  facet normal 6.436947e-01 3.821095e-01 -6.630607e-01
    outer loop
      vertex   1.358517e+02 4.338008e+01 1.033283e+02
      vertex   1.359690e+02 4.338008e+01 1.034421e+02
      vertex   1.359800e+02 4.334390e+01 1.034320e+02
    endloop
  endfacet
  facet normal 6.436947e-01 3.821095e-01 -6.630607e-01
    outer loop
      vertex   1.358517e+02 4.338008e+01 1.033283e+02
      vertex   1.359800e+02 4.334390e+01 1.034320e+02
      vertex   1.358615e+02 4.334390e+01 1.033169e+02
    endloop
  endfacet
  facet normal 1.355206e-01 9.905680e-01 2.023087e-02
    outer loop
      vertex   1.362346e+02 4.344997e+01 1.044880e+02
      vertex   1.361914e+02 4.345508e+01 1.045272e+02
      vertex   1.362120e+02 4.344997e+01 1.046390e+02
    endloop
  endfacet
  facet normal 1.220001e-01 9.922680e-01 2.280577e-02
    outer loop
      vertex   1.362120e+02 4.344997e+01 1.046390e+02
      vertex   1.361914e+02 4.345508e+01 1.045272e+02
      vertex   1.361631e+02 4.345508e+01 1.046784e+02
    endloop
  endfacet
  facet normal 1.326405e-01 9.905013e-01 3.624407e-02
    outer loop
      vertex   1.362120e+02 4.344997e+01 1.046390e+02
      vertex   1.361631e+02 4.345508e+01 1.046784e+02
      vertex   1.361718e+02 4.344997e+01 1.047863e+02
    endloop
  endfacet
  facet normal 1.179266e-01 9.923134e-01 3.751514e-02
    outer loop
      vertex   1.361718e+02 4.344997e+01 1.047863e+02
      vertex   1.361631e+02 4.345508e+01 1.046784e+02
      vertex   1.361164e+02 4.345508e+01 1.048251e+02
    endloop
  endfacet
  facet normal 1.277792e-01 9.904479e-01 5.182205e-02
    outer loop
      vertex   1.361718e+02 4.344997e+01 1.047863e+02
      vertex   1.361164e+02 4.345508e+01 1.048251e+02
      vertex   1.361144e+02 4.344997e+01 1.049278e+02
    endloop
  endfacet
  facet normal 1.121692e-01 9.923482e-01 5.160602e-02
    outer loop
      vertex   1.361144e+02 4.344997e+01 1.049278e+02
      vertex   1.361164e+02 4.345508e+01 1.048251e+02
      vertex   1.360521e+02 4.345508e+01 1.049649e+02
    endloop
  endfacet
  facet normal 1.210043e-01 9.904079e-01 6.670961e-02
    outer loop
      vertex   1.361144e+02 4.344997e+01 1.049278e+02
      vertex   1.360521e+02 4.345508e+01 1.049649e+02
      vertex   1.360407e+02 4.344997e+01 1.050616e+02
    endloop
  endfacet
  facet normal 1.048110e-01 9.923725e-01 6.489623e-02
    outer loop
      vertex   1.360407e+02 4.344997e+01 1.050616e+02
      vertex   1.360521e+02 4.345508e+01 1.049649e+02
      vertex   1.359711e+02 4.345508e+01 1.050958e+02
    endloop
  endfacet
  facet normal 1.124175e-01 9.903817e-01 8.066235e-02
    outer loop
      vertex   1.360407e+02 4.344997e+01 1.050616e+02
      vertex   1.359711e+02 4.345508e+01 1.050958e+02
      vertex   1.359516e+02 4.344997e+01 1.051856e+02
    endloop
  endfacet
  facet normal 9.595365e-02 9.923865e-01 7.721361e-02
    outer loop
      vertex   1.359516e+02 4.344997e+01 1.051856e+02
      vertex   1.359711e+02 4.345508e+01 1.050958e+02
      vertex   1.358746e+02 4.345508e+01 1.052157e+02
    endloop
  endfacet
  facet normal 1.021530e-01 9.903694e-01 9.345139e-02
    outer loop
      vertex   1.359516e+02 4.344997e+01 1.051856e+02
      vertex   1.358746e+02 4.345508e+01 1.052157e+02
      vertex   1.358486e+02 4.344997e+01 1.052983e+02
    endloop
  endfacet
  facet normal 8.571631e-02 9.923903e-01 8.839787e-02
    outer loop
      vertex   1.358486e+02 4.344997e+01 1.052983e+02
      vertex   1.358746e+02 4.345508e+01 1.052157e+02
      vertex   1.357641e+02 4.345508e+01 1.053228e+02
    endloop
  endfacet
  facet normal 9.037503e-02 9.903712e-01 1.048679e-01
    outer loop
      vertex   1.358486e+02 4.344997e+01 1.052983e+02
      vertex   1.357641e+02 4.345508e+01 1.053228e+02
      vertex   1.357329e+02 4.344997e+01 1.053980e+02
    endloop
  endfacet
  facet normal 7.423446e-02 9.923839e-01 9.830231e-02
    outer loop
      vertex   1.357329e+02 4.344997e+01 1.053980e+02
      vertex   1.357641e+02 4.345508e+01 1.053228e+02
      vertex   1.356413e+02 4.345508e+01 1.054156e+02
    endloop
  endfacet
  facet normal 7.727463e-02 9.903869e-01 1.147273e-01
    outer loop
      vertex   1.357329e+02 4.344997e+01 1.053980e+02
      vertex   1.356413e+02 4.345508e+01 1.054156e+02
      vertex   1.356062e+02 4.344997e+01 1.054833e+02
    endloop
  endfacet
  facet normal 6.165835e-02 9.923674e-01 1.067954e-01
    outer loop
      vertex   1.356062e+02 4.344997e+01 1.054833e+02
      vertex   1.356413e+02 4.345508e+01 1.054156e+02
      vertex   1.355080e+02 4.345508e+01 1.054925e+02
    endloop
  endfacet
  facet normal 6.306604e-02 9.904166e-01 1.228724e-01
    outer loop
      vertex   1.356062e+02 4.344997e+01 1.054833e+02
      vertex   1.355080e+02 4.345508e+01 1.054925e+02
      vertex   1.354704e+02 4.344997e+01 1.055530e+02
    endloop
  endfacet
  facet normal 4.815141e-02 9.923405e-01 1.137622e-01
    outer loop
      vertex   1.354704e+02 4.344997e+01 1.055530e+02
      vertex   1.355080e+02 4.345508e+01 1.054925e+02
      vertex   1.353663e+02 4.345508e+01 1.055525e+02
    endloop
  endfacet
  facet normal 4.798246e-02 9.904600e-01 1.291772e-01
    outer loop
      vertex   1.354704e+02 4.344997e+01 1.055530e+02
      vertex   1.353663e+02 4.345508e+01 1.055525e+02
      vertex   1.353273e+02 4.344997e+01 1.056062e+02
    endloop
  endfacet
  facet normal 3.388847e-02 9.923031e-01 1.191056e-01
    outer loop
      vertex   1.353273e+02 4.344997e+01 1.056062e+02
      vertex   1.353663e+02 4.345508e+01 1.055525e+02
      vertex   1.352183e+02 4.345508e+01 1.055946e+02
    endloop
  endfacet
  facet normal 3.227144e-02 9.905168e-01 1.335481e-01
    outer loop
      vertex   1.353273e+02 4.344997e+01 1.056062e+02
      vertex   1.352183e+02 4.345508e+01 1.055946e+02
      vertex   1.351788e+02 4.344997e+01 1.056420e+02
    endloop
  endfacet
  facet normal 1.905394e-02 9.922550e-01 1.227475e-01
    outer loop
      vertex   1.351788e+02 4.344997e+01 1.056420e+02
      vertex   1.352183e+02 4.345508e+01 1.055946e+02
      vertex   1.350662e+02 4.345508e+01 1.056182e+02
    endloop
  endfacet
  facet normal 1.618194e-02 9.905816e-01 1.359639e-01
    outer loop
      vertex   1.351788e+02 4.344997e+01 1.056420e+02
      vertex   1.350662e+02 4.345508e+01 1.056182e+02
      vertex   1.350270e+02 4.344997e+01 1.056601e+02
    endloop
  endfacet
  facet normal 3.839172e-03 9.921985e-01 1.246093e-01
    outer loop
      vertex   1.350270e+02 4.344997e+01 1.056601e+02
      vertex   1.350662e+02 4.345508e+01 1.056182e+02
      vertex   1.349123e+02 4.345508e+01 1.056230e+02
    endloop
  endfacet
  facet normal 0.000000e+00 9.906760e-01 1.362388e-01
    outer loop
      vertex   1.350270e+02 4.344997e+01 1.056601e+02
      vertex   1.349123e+02 4.345508e+01 1.056230e+02
      vertex   1.348747e+02 4.344997e+01 1.056601e+02
    endloop
  endfacet
  facet normal -1.155863e-02 9.921225e-01 1.247375e-01
    outer loop
      vertex   1.348747e+02 4.344997e+01 1.056601e+02
      vertex   1.349123e+02 4.345508e+01 1.056230e+02
      vertex   1.347591e+02 4.345508e+01 1.056088e+02
    endloop
  endfacet
  facet normal -1.602671e-02 9.907623e-01 1.346597e-01
    outer loop
      vertex   1.348747e+02 4.344997e+01 1.056601e+02
      vertex   1.347591e+02 4.345508e+01 1.056088e+02
      vertex   1.347229e+02 4.344997e+01 1.056420e+02
    endloop
  endfacet
  facet normal -2.693375e-02 9.920432e-01 1.229832e-01
    outer loop
      vertex   1.347229e+02 4.344997e+01 1.056420e+02
      vertex   1.347591e+02 4.345508e+01 1.056088e+02
      vertex   1.346088e+02 4.345508e+01 1.055758e+02
    endloop
  endfacet
  facet normal -3.166776e-02 9.908699e-01 1.310499e-01
    outer loop
      vertex   1.347229e+02 4.344997e+01 1.056420e+02
      vertex   1.346088e+02 4.345508e+01 1.055758e+02
      vertex   1.345744e+02 4.344997e+01 1.056062e+02
    endloop
  endfacet
  facet normal -4.208983e-02 9.919486e-01 1.194423e-01
    outer loop
      vertex   1.345744e+02 4.344997e+01 1.056062e+02
      vertex   1.346088e+02 4.345508e+01 1.055758e+02
      vertex   1.344636e+02 4.345508e+01 1.055247e+02
    endloop
  endfacet
  facet normal -4.664468e-02 9.909869e-01 1.255756e-01
    outer loop
      vertex   1.345744e+02 4.344997e+01 1.056062e+02
      vertex   1.344636e+02 4.345508e+01 1.055247e+02
      vertex   1.344313e+02 4.344997e+01 1.055530e+02
    endloop
  endfacet
  facet normal -5.682318e-02 9.918410e-01 1.141163e-01
    outer loop
      vertex   1.344313e+02 4.344997e+01 1.055530e+02
      vertex   1.344636e+02 4.345508e+01 1.055247e+02
      vertex   1.343258e+02 4.345508e+01 1.054561e+02
    endloop
  endfacet
  facet normal -6.073811e-02 9.911142e-01 1.183369e-01
    outer loop
      vertex   1.344313e+02 4.344997e+01 1.055530e+02
      vertex   1.343258e+02 4.345508e+01 1.054561e+02
      vertex   1.342954e+02 4.344997e+01 1.054833e+02
    endloop
  endfacet
  facet normal -7.093518e-02 9.917198e-01 1.070519e-01
    outer loop
      vertex   1.342954e+02 4.344997e+01 1.054833e+02
      vertex   1.343258e+02 4.345508e+01 1.054561e+02
      vertex   1.341975e+02 4.345508e+01 1.053711e+02
    endloop
  endfacet
  facet normal -7.373645e-02 9.912509e-01 1.094742e-01
    outer loop
      vertex   1.342954e+02 4.344997e+01 1.054833e+02
      vertex   1.341975e+02 4.345508e+01 1.053711e+02
      vertex   1.341688e+02 4.344997e+01 1.053980e+02
    endloop
  endfacet
  facet normal -8.423225e-02 9.915840e-01 9.831630e-02
    outer loop
      vertex   1.341688e+02 4.344997e+01 1.053980e+02
      vertex   1.341975e+02 4.345508e+01 1.053711e+02
      vertex   1.340807e+02 4.345508e+01 1.052709e+02
    endloop
  endfacet
  facet normal -8.534800e-02 9.914122e-01 9.908325e-02
    outer loop
      vertex   1.341688e+02 4.344997e+01 1.053980e+02
      vertex   1.340807e+02 4.345508e+01 1.052709e+02
      vertex   1.340536e+02 4.344997e+01 1.052987e+02
    endloop
  endfacet
  facet normal -9.643548e-02 9.914180e-01 8.826379e-02
    outer loop
      vertex   1.340536e+02 4.344997e+01 1.052987e+02
      vertex   1.340807e+02 4.345508e+01 1.052709e+02
      vertex   1.339500e+02 4.344997e+01 1.051856e+02
    endloop
  endfacet
  facet normal -2.826703e-01 9.236681e-01 2.587176e-01
    outer loop
      vertex   1.340536e+02 4.344997e+01 1.052987e+02
      vertex   1.339500e+02 4.344997e+01 1.051856e+02
      vertex   1.340283e+02 4.343498e+01 1.053246e+02
    endloop
  endfacet
  facet normal -2.827331e-01 9.236398e-01 2.587499e-01
    outer loop
      vertex   1.340283e+02 4.343498e+01 1.053246e+02
      vertex   1.339500e+02 4.344997e+01 1.051856e+02
      vertex   1.339219e+02 4.343498e+01 1.052084e+02
    endloop
  endfacet
  facet normal -4.495138e-01 7.929068e-01 4.113832e-01
    outer loop
      vertex   1.340283e+02 4.343498e+01 1.053246e+02
      vertex   1.339219e+02 4.343498e+01 1.052084e+02
      vertex   1.340066e+02 4.341114e+01 1.053468e+02
    endloop
  endfacet
  facet normal -4.496040e-01 7.928336e-01 4.114257e-01
    outer loop
      vertex   1.340066e+02 4.341114e+01 1.053468e+02
      vertex   1.339219e+02 4.343498e+01 1.052084e+02
      vertex   1.338978e+02 4.341114e+01 1.052280e+02
    endloop
  endfacet
  facet normal -5.855954e-01 6.082122e-01 5.358693e-01
    outer loop
      vertex   1.340066e+02 4.341114e+01 1.053468e+02
      vertex   1.338978e+02 4.341114e+01 1.052280e+02
      vertex   1.339899e+02 4.338008e+01 1.053638e+02
    endloop
  endfacet
  facet normal -5.856929e-01 6.080856e-01 5.359065e-01
    outer loop
      vertex   1.339899e+02 4.338008e+01 1.053638e+02
      vertex   1.338978e+02 4.341114e+01 1.052280e+02
      vertex   1.338793e+02 4.338008e+01 1.052430e+02
    endloop
  endfacet
  facet normal -6.817311e-01 3.822824e-01 6.237811e-01
    outer loop
      vertex   1.339899e+02 4.338008e+01 1.053638e+02
      vertex   1.338793e+02 4.338008e+01 1.052430e+02
      vertex   1.339793e+02 4.334390e+01 1.053745e+02
    endloop
  endfacet
  facet normal -6.818144e-01 3.821086e-01 6.237966e-01
    outer loop
      vertex   1.339793e+02 4.334390e+01 1.053745e+02
      vertex   1.338793e+02 4.338008e+01 1.052430e+02
      vertex   1.338677e+02 4.334390e+01 1.052525e+02
    endloop
  endfacet
  facet normal -9.588106e-02 9.915477e-01 8.740714e-02
    outer loop
      vertex   1.340807e+02 4.345508e+01 1.052709e+02
      vertex   1.339770e+02 4.345508e+01 1.051572e+02
      vertex   1.339500e+02 4.344997e+01 1.051856e+02
    endloop
  endfacet
  facet normal -1.070238e-01 9.912865e-01 7.679222e-02
    outer loop
      vertex   1.339500e+02 4.344997e+01 1.051856e+02
      vertex   1.339770e+02 4.345508e+01 1.051572e+02
      vertex   1.338610e+02 4.344997e+01 1.050616e+02
    endloop
  endfacet
  facet normal -3.113920e-01 9.236414e-01 2.234315e-01
    outer loop
      vertex   1.339500e+02 4.344997e+01 1.051856e+02
      vertex   1.338610e+02 4.344997e+01 1.050616e+02
      vertex   1.338304e+02 4.343498e+01 1.050809e+02
    endloop
  endfacet
  facet normal -3.356323e-01 9.236414e-01 1.850339e-01
    outer loop
      vertex   1.338304e+02 4.343498e+01 1.050809e+02
      vertex   1.338610e+02 4.344997e+01 1.050616e+02
      vertex   1.337546e+02 4.343498e+01 1.049434e+02
    endloop
  endfacet
  facet normal -5.337034e-01 7.928361e-01 2.942304e-01
    outer loop
      vertex   1.338304e+02 4.343498e+01 1.050809e+02
      vertex   1.337546e+02 4.343498e+01 1.049434e+02
      vertex   1.337266e+02 4.341114e+01 1.049567e+02
    endloop
  endfacet
  facet normal -5.647570e-01 7.928361e-01 2.290424e-01
    outer loop
      vertex   1.337266e+02 4.341114e+01 1.049567e+02
      vertex   1.337546e+02 4.343498e+01 1.049434e+02
      vertex   1.336662e+02 4.341114e+01 1.048079e+02
    endloop
  endfacet
  facet normal -7.356708e-01 6.080878e-01 2.983581e-01
    outer loop
      vertex   1.337266e+02 4.341114e+01 1.049567e+02
      vertex   1.336662e+02 4.341114e+01 1.048079e+02
      vertex   1.336436e+02 4.338008e+01 1.048155e+02
    endloop
  endfacet
  facet normal -7.657950e-01 6.080878e-01 2.092539e-01
    outer loop
      vertex   1.336436e+02 4.338008e+01 1.048155e+02
      vertex   1.336662e+02 4.341114e+01 1.048079e+02
      vertex   1.336005e+02 4.338008e+01 1.046578e+02
    endloop
  endfacet
  facet normal -8.914362e-01 3.821095e-01 2.435854e-01
    outer loop
      vertex   1.336436e+02 4.338008e+01 1.048155e+02
      vertex   1.336005e+02 4.338008e+01 1.046578e+02
      vertex   1.335859e+02 4.334390e+01 1.046609e+02
    endloop
  endfacet
  facet normal -9.139889e-01 3.821095e-01 1.364427e-01
    outer loop
      vertex   1.335859e+02 4.334390e+01 1.046609e+02
      vertex   1.336005e+02 4.338008e+01 1.046578e+02
      vertex   1.335615e+02 4.334390e+01 1.044974e+02
    endloop
  endfacet
  facet normal -1.050216e-01 9.916872e-01 7.434327e-02
    outer loop
      vertex   1.339770e+02 4.345508e+01 1.051572e+02
      vertex   1.338881e+02 4.345508e+01 1.050316e+02
      vertex   1.338610e+02 4.344997e+01 1.050616e+02
    endloop
  endfacet
  facet normal -1.162674e-01 9.911475e-01 6.409816e-02
    outer loop
      vertex   1.338610e+02 4.344997e+01 1.050616e+02
      vertex   1.338881e+02 4.345508e+01 1.050316e+02
      vertex   1.337873e+02 4.344997e+01 1.049278e+02
    endloop
  endfacet
  facet normal -3.356323e-01 9.236414e-01 1.850339e-01
    outer loop
      vertex   1.338610e+02 4.344997e+01 1.050616e+02
      vertex   1.337873e+02 4.344997e+01 1.049278e+02
      vertex   1.337546e+02 4.343498e+01 1.049434e+02
    endloop
  endfacet
  facet normal -3.551611e-01 9.236414e-01 1.440389e-01
    outer loop
      vertex   1.337546e+02 4.343498e+01 1.049434e+02
      vertex   1.337873e+02 4.344997e+01 1.049278e+02
      vertex   1.336956e+02 4.343498e+01 1.047979e+02
    endloop
  endfacet
  facet normal -5.647570e-01 7.928361e-01 2.290424e-01
    outer loop
      vertex   1.337546e+02 4.343498e+01 1.049434e+02
      vertex   1.336956e+02 4.343498e+01 1.047979e+02
      vertex   1.336662e+02 4.341114e+01 1.048079e+02
    endloop
  endfacet
  facet normal -5.878826e-01 7.928361e-01 1.606392e-01
    outer loop
      vertex   1.336662e+02 4.341114e+01 1.048079e+02
      vertex   1.336956e+02 4.343498e+01 1.047979e+02
      vertex   1.336239e+02 4.341114e+01 1.046529e+02
    endloop
  endfacet
  facet normal -7.657950e-01 6.080878e-01 2.092539e-01
    outer loop
      vertex   1.336662e+02 4.341114e+01 1.048079e+02
      vertex   1.336239e+02 4.341114e+01 1.046529e+02
      vertex   1.336005e+02 4.338008e+01 1.046578e+02
    endloop
  endfacet
  facet normal -7.851691e-01 6.080878e-01 1.172121e-01
    outer loop
      vertex   1.336005e+02 4.338008e+01 1.046578e+02
      vertex   1.336239e+02 4.341114e+01 1.046529e+02
      vertex   1.335764e+02 4.338008e+01 1.044961e+02
    endloop
  endfacet
  facet normal -9.139889e-01 3.821095e-01 1.364427e-01
    outer loop
      vertex   1.336005e+02 4.338008e+01 1.046578e+02
      vertex   1.335764e+02 4.338008e+01 1.044961e+02
      vertex   1.335615e+02 4.334390e+01 1.044974e+02
    endloop
  endfacet
  facet normal -9.237112e-01 3.821095e-01 2.738466e-02
    outer loop
      vertex   1.335615e+02 4.334390e+01 1.044974e+02
      vertex   1.335764e+02 4.338008e+01 1.044961e+02
      vertex   1.335566e+02 4.334390e+01 1.043322e+02
    endloop
  endfacet
  facet normal -1.125109e-01 9.918120e-01 6.041709e-02
    outer loop
      vertex   1.338881e+02 4.345508e+01 1.050316e+02
      vertex   1.338153e+02 4.345508e+01 1.048960e+02
      vertex   1.337873e+02 4.344997e+01 1.049278e+02
    endloop
  endfacet
  facet normal -1.239263e-01 9.910178e-01 5.025948e-02
    outer loop
      vertex   1.337873e+02 4.344997e+01 1.049278e+02
      vertex   1.338153e+02 4.345508e+01 1.048960e+02
      vertex   1.337299e+02 4.344997e+01 1.047863e+02
    endloop
  endfacet
  facet normal -3.551611e-01 9.236414e-01 1.440389e-01
    outer loop
      vertex   1.337873e+02 4.344997e+01 1.049278e+02
      vertex   1.337299e+02 4.344997e+01 1.047863e+02
      vertex   1.336956e+02 4.343498e+01 1.047979e+02
    endloop
  endfacet
  facet normal -3.697042e-01 9.236414e-01 1.010219e-01
    outer loop
      vertex   1.336956e+02 4.343498e+01 1.047979e+02
      vertex   1.337299e+02 4.344997e+01 1.047863e+02
      vertex   1.336543e+02 4.343498e+01 1.046465e+02
    endloop
  endfacet
  facet normal -5.878826e-01 7.928361e-01 1.606392e-01
    outer loop
      vertex   1.336956e+02 4.343498e+01 1.047979e+02
      vertex   1.336543e+02 4.343498e+01 1.046465e+02
      vertex   1.336239e+02 4.341114e+01 1.046529e+02
    endloop
  endfacet
  facet normal -6.027556e-01 7.928361e-01 8.998097e-02
    outer loop
      vertex   1.336239e+02 4.341114e+01 1.046529e+02
      vertex   1.336543e+02 4.343498e+01 1.046465e+02
      vertex   1.336001e+02 4.341114e+01 1.044940e+02
    endloop
  endfacet
  facet normal -7.851691e-01 6.080878e-01 1.172121e-01
    outer loop
      vertex   1.336239e+02 4.341114e+01 1.046529e+02
      vertex   1.336001e+02 4.341114e+01 1.044940e+02
      vertex   1.335764e+02 4.338008e+01 1.044961e+02
    endloop
  endfacet
  facet normal -7.935211e-01 6.080878e-01 2.352500e-02
    outer loop
      vertex   1.335764e+02 4.338008e+01 1.044961e+02
      vertex   1.336001e+02 4.341114e+01 1.044940e+02
      vertex   1.335715e+02 4.338008e+01 1.043327e+02
    endloop
  endfacet
  facet normal -9.237112e-01 3.821095e-01 2.738466e-02
    outer loop
      vertex   1.335764e+02 4.338008e+01 1.044961e+02
      vertex   1.335715e+02 4.338008e+01 1.043327e+02
      vertex   1.335566e+02 4.334390e+01 1.043322e+02
    endloop
  endfacet
  facet normal -9.204666e-01 3.821095e-01 -8.205780e-02
    outer loop
      vertex   1.335566e+02 4.334390e+01 1.043322e+02
      vertex   1.335715e+02 4.338008e+01 1.043327e+02
      vertex   1.335712e+02 4.334390e+01 1.041676e+02
    endloop
  endfacet
  facet normal -1.182767e-01 9.919229e-01 4.582062e-02
    outer loop
      vertex   1.338153e+02 4.345508e+01 1.048960e+02
      vertex   1.337597e+02 4.345508e+01 1.047525e+02
      vertex   1.337299e+02 4.344997e+01 1.047863e+02
    endloop
  endfacet
  facet normal -1.298534e-01 9.908981e-01 3.548250e-02
    outer loop
      vertex   1.337299e+02 4.344997e+01 1.047863e+02
      vertex   1.337597e+02 4.345508e+01 1.047525e+02
      vertex   1.336897e+02 4.344997e+01 1.046390e+02
    endloop
  endfacet
  facet normal -3.697042e-01 9.236414e-01 1.010219e-01
    outer loop
      vertex   1.337299e+02 4.344997e+01 1.047863e+02
      vertex   1.336897e+02 4.344997e+01 1.046390e+02
      vertex   1.336543e+02 4.343498e+01 1.046465e+02
    endloop
  endfacet
  facet normal -3.790575e-01 9.236414e-01 5.658671e-02
    outer loop
      vertex   1.336543e+02 4.343498e+01 1.046465e+02
      vertex   1.336897e+02 4.344997e+01 1.046390e+02
      vertex   1.336311e+02 4.343498e+01 1.044912e+02
    endloop
  endfacet
  facet normal -6.027556e-01 7.928361e-01 8.998097e-02
    outer loop
      vertex   1.336543e+02 4.343498e+01 1.046465e+02
      vertex   1.336311e+02 4.343498e+01 1.044912e+02
      vertex   1.336001e+02 4.341114e+01 1.044940e+02
    endloop
  endfacet
  facet normal -6.091672e-01 7.928361e-01 1.805958e-02
    outer loop
      vertex   1.336001e+02 4.341114e+01 1.044940e+02
      vertex   1.336311e+02 4.343498e+01 1.044912e+02
      vertex   1.335954e+02 4.341114e+01 1.043334e+02
    endloop
  endfacet
  facet normal -7.935211e-01 6.080878e-01 2.352500e-02
    outer loop
      vertex   1.336001e+02 4.341114e+01 1.044940e+02
      vertex   1.335954e+02 4.341114e+01 1.043334e+02
      vertex   1.335715e+02 4.338008e+01 1.043327e+02
    endloop
  endfacet
  facet normal -7.907338e-01 6.080878e-01 -7.049238e-02
    outer loop
      vertex   1.335715e+02 4.338008e+01 1.043327e+02
      vertex   1.335954e+02 4.341114e+01 1.043334e+02
      vertex   1.335861e+02 4.338008e+01 1.041698e+02
    endloop
  endfacet
  facet normal -9.204666e-01 3.821095e-01 -8.205780e-02
    outer loop
      vertex   1.335715e+02 4.338008e+01 1.043327e+02
      vertex   1.335861e+02 4.338008e+01 1.041698e+02
      vertex   1.335712e+02 4.334390e+01 1.041676e+02
    endloop
  endfacet
  facet normal -9.043007e-01 3.821095e-01 -1.903484e-01
    outer loop
      vertex   1.335712e+02 4.334390e+01 1.041676e+02
      vertex   1.335861e+02 4.338008e+01 1.041698e+02
      vertex   1.336053e+02 4.334390e+01 1.040059e+02
    endloop
  endfacet
  facet normal -1.222671e-01 9.920207e-01 3.075141e-02
    outer loop
      vertex   1.337597e+02 4.345508e+01 1.047525e+02
      vertex   1.337221e+02 4.345508e+01 1.046032e+02
      vertex   1.336897e+02 4.344997e+01 1.046390e+02
    endloop
  endfacet
  facet normal -1.339292e-01 9.907892e-01 1.999331e-02
    outer loop
      vertex   1.336897e+02 4.344997e+01 1.046390e+02
      vertex   1.337221e+02 4.345508e+01 1.046032e+02
      vertex   1.336671e+02 4.344997e+01 1.044880e+02
    endloop
  endfacet
  facet normal -3.790575e-01 9.236414e-01 5.658671e-02
    outer loop
      vertex   1.336897e+02 4.344997e+01 1.046390e+02
      vertex   1.336671e+02 4.344997e+01 1.044880e+02
      vertex   1.336311e+02 4.343498e+01 1.044912e+02
    endloop
  endfacet
  facet normal -3.830896e-01 9.236414e-01 1.135721e-02
    outer loop
      vertex   1.336311e+02 4.343498e+01 1.044912e+02
      vertex   1.336671e+02 4.344997e+01 1.044880e+02
      vertex   1.336264e+02 4.343498e+01 1.043343e+02
    endloop
  endfacet
  facet normal -6.091672e-01 7.928361e-01 1.805958e-02
    outer loop
      vertex   1.336311e+02 4.343498e+01 1.044912e+02
      vertex   1.336264e+02 4.343498e+01 1.043343e+02
      vertex   1.335954e+02 4.341114e+01 1.043334e+02
    endloop
  endfacet
  facet normal -6.070275e-01 7.928361e-01 -5.411532e-02
    outer loop
      vertex   1.335954e+02 4.341114e+01 1.043334e+02
      vertex   1.336264e+02 4.343498e+01 1.043343e+02
      vertex   1.336096e+02 4.341114e+01 1.041733e+02
    endloop
  endfacet
  facet normal -7.907338e-01 6.080878e-01 -7.049238e-02
    outer loop
      vertex   1.335954e+02 4.341114e+01 1.043334e+02
      vertex   1.336096e+02 4.341114e+01 1.041733e+02
      vertex   1.335861e+02 4.338008e+01 1.041698e+02
    endloop
  endfacet
  facet normal -7.768464e-01 6.080878e-01 -1.635202e-01
    outer loop
      vertex   1.335861e+02 4.338008e+01 1.041698e+02
      vertex   1.336096e+02 4.341114e+01 1.041733e+02
      vertex   1.336197e+02 4.338008e+01 1.040098e+02
    endloop
  endfacet
  facet normal -9.043007e-01 3.821095e-01 -1.903484e-01
    outer loop
      vertex   1.335861e+02 4.338008e+01 1.041698e+02
      vertex   1.336197e+02 4.338008e+01 1.040098e+02
      vertex   1.336053e+02 4.334390e+01 1.040059e+02
    endloop
  endfacet
  facet normal -8.754404e-01 3.821095e-01 -2.959668e-01
    outer loop
      vertex   1.336053e+02 4.334390e+01 1.040059e+02
      vertex   1.336197e+02 4.338008e+01 1.040098e+02
      vertex   1.336582e+02 4.334390e+01 1.038493e+02
    endloop
  endfacet
  facet normal -1.244514e-01 9.921060e-01 1.541043e-02
    outer loop
      vertex   1.337221e+02 4.345508e+01 1.046032e+02
      vertex   1.337032e+02 4.345508e+01 1.044505e+02
      vertex   1.336671e+02 4.344997e+01 1.044880e+02
    endloop
  endfacet
  facet normal -1.360653e-01 9.906917e-01 4.033839e-03
    outer loop
      vertex   1.336671e+02 4.344997e+01 1.044880e+02
      vertex   1.337032e+02 4.345508e+01 1.044505e+02
      vertex   1.336626e+02 4.344997e+01 1.043354e+02
    endloop
  endfacet
  facet normal -3.830896e-01 9.236414e-01 1.135721e-02
    outer loop
      vertex   1.336671e+02 4.344997e+01 1.044880e+02
      vertex   1.336626e+02 4.344997e+01 1.043354e+02
      vertex   1.336264e+02 4.343498e+01 1.043343e+02
    endloop
  endfacet
  facet normal -3.817440e-01 9.236414e-01 -3.403173e-02
    outer loop
      vertex   1.336264e+02 4.343498e+01 1.043343e+02
      vertex   1.336626e+02 4.344997e+01 1.043354e+02
      vertex   1.336404e+02 4.343498e+01 1.041779e+02
    endloop
  endfacet
  facet normal -6.070275e-01 7.928361e-01 -5.411532e-02
    outer loop
      vertex   1.336264e+02 4.343498e+01 1.043343e+02
      vertex   1.336404e+02 4.343498e+01 1.041779e+02
      vertex   1.336096e+02 4.341114e+01 1.041733e+02
    endloop
  endfacet
  facet normal -5.963665e-01 7.928361e-01 -1.255306e-01
    outer loop
      vertex   1.336096e+02 4.341114e+01 1.041733e+02
      vertex   1.336404e+02 4.343498e+01 1.041779e+02
      vertex   1.336427e+02 4.341114e+01 1.040161e+02
    endloop
  endfacet
  facet normal -7.768464e-01 6.080878e-01 -1.635202e-01
    outer loop
      vertex   1.336096e+02 4.341114e+01 1.041733e+02
      vertex   1.336427e+02 4.341114e+01 1.040161e+02
      vertex   1.336197e+02 4.338008e+01 1.040098e+02
    endloop
  endfacet
  facet normal -7.520537e-01 6.080878e-01 -2.542525e-01
    outer loop
      vertex   1.336197e+02 4.338008e+01 1.040098e+02
      vertex   1.336427e+02 4.341114e+01 1.040161e+02
      vertex   1.336721e+02 4.338008e+01 1.038549e+02
    endloop
  endfacet
  facet normal -8.754404e-01 3.821095e-01 -2.959668e-01
    outer loop
      vertex   1.336197e+02 4.338008e+01 1.040098e+02
      vertex   1.336721e+02 4.338008e+01 1.038549e+02
      vertex   1.336582e+02 4.334390e+01 1.038493e+02
    endloop
  endfacet
  facet normal -8.342909e-01 3.821095e-01 -3.974306e-01
    outer loop
      vertex   1.336582e+02 4.334390e+01 1.038493e+02
      vertex   1.336721e+02 4.338008e+01 1.038549e+02
      vertex   1.337293e+02 4.334390e+01 1.037001e+02
    endloop
  endfacet
  facet normal -1.248201e-01 9.921794e-01 0.000000e+00
    outer loop
      vertex   1.337032e+02 4.345508e+01 1.044505e+02
      vertex   1.337032e+02 4.345508e+01 1.042966e+02
      vertex   1.336626e+02 4.344997e+01 1.043354e+02
    endloop
  endfacet
  facet normal -1.362062e-01 9.906061e-01 -1.214252e-02
    outer loop
      vertex   1.336626e+02 4.344997e+01 1.043354e+02
      vertex   1.337032e+02 4.345508e+01 1.042966e+02
      vertex   1.336761e+02 4.344997e+01 1.041833e+02
    endloop
  endfacet
  facet normal -3.817440e-01 9.236414e-01 -3.403173e-02
    outer loop
      vertex   1.336626e+02 4.344997e+01 1.043354e+02
      vertex   1.336761e+02 4.344997e+01 1.041833e+02
      vertex   1.336404e+02 4.343498e+01 1.041779e+02
    endloop
  endfacet
  facet normal -3.750395e-01 9.236414e-01 -7.894293e-02
    outer loop
      vertex   1.336404e+02 4.343498e+01 1.041779e+02
      vertex   1.336761e+02 4.344997e+01 1.041833e+02
      vertex   1.336727e+02 4.343498e+01 1.040243e+02
    endloop
  endfacet
  facet normal -5.963665e-01 7.928361e-01 -1.255306e-01
    outer loop
      vertex   1.336404e+02 4.343498e+01 1.041779e+02
      vertex   1.336727e+02 4.343498e+01 1.040243e+02
      vertex   1.336427e+02 4.341114e+01 1.040161e+02
    endloop
  endfacet
  facet normal -5.773337e-01 7.928361e-01 -1.951836e-01
    outer loop
      vertex   1.336427e+02 4.341114e+01 1.040161e+02
      vertex   1.336727e+02 4.343498e+01 1.040243e+02
      vertex   1.336942e+02 4.341114e+01 1.038639e+02
    endloop
  endfacet
  facet normal -7.520537e-01 6.080878e-01 -2.542525e-01
    outer loop
      vertex   1.336427e+02 4.341114e+01 1.040161e+02
      vertex   1.336942e+02 4.341114e+01 1.038639e+02
      vertex   1.336721e+02 4.338008e+01 1.038549e+02
    endloop
  endfacet
  facet normal -7.167039e-01 6.080878e-01 -3.414158e-01
    outer loop
      vertex   1.336721e+02 4.338008e+01 1.038549e+02
      vertex   1.336942e+02 4.341114e+01 1.038639e+02
      vertex   1.337424e+02 4.338008e+01 1.037073e+02
    endloop
  endfacet
  facet normal -8.342909e-01 3.821095e-01 -3.974306e-01
    outer loop
      vertex   1.336721e+02 4.338008e+01 1.038549e+02
      vertex   1.337424e+02 4.338008e+01 1.037073e+02
      vertex   1.337293e+02 4.334390e+01 1.037001e+02
    endloop
  endfacet
  facet normal -7.814297e-01 3.821095e-01 -4.933153e-01
    outer loop
      vertex   1.337293e+02 4.334390e+01 1.037001e+02
      vertex   1.337424e+02 4.338008e+01 1.037073e+02
      vertex   1.338175e+02 4.334390e+01 1.035604e+02
    endloop
  endfacet
  facet normal -1.233848e-01 9.922413e-01 -1.527835e-02
    outer loop
      vertex   1.337032e+02 4.345508e+01 1.042966e+02
      vertex   1.337221e+02 4.345508e+01 1.041439e+02
      vertex   1.336761e+02 4.344997e+01 1.041833e+02
    endloop
  endfacet
  facet normal -1.343310e-01 9.905330e-01 -2.827564e-02
    outer loop
      vertex   1.336761e+02 4.344997e+01 1.041833e+02
      vertex   1.337221e+02 4.345508e+01 1.041439e+02
      vertex   1.337076e+02 4.344997e+01 1.040338e+02
    endloop
  endfacet
  facet normal -3.750395e-01 9.236414e-01 -7.894293e-02
    outer loop
      vertex   1.336761e+02 4.344997e+01 1.041833e+02
      vertex   1.337076e+02 4.344997e+01 1.040338e+02
      vertex   1.336727e+02 4.343498e+01 1.040243e+02
    endloop
  endfacet
  facet normal -3.630703e-01 9.236414e-01 -1.227459e-01
    outer loop
      vertex   1.336727e+02 4.343498e+01 1.040243e+02
      vertex   1.337076e+02 4.344997e+01 1.040338e+02
      vertex   1.337230e+02 4.343498e+01 1.038756e+02
    endloop
  endfacet
  facet normal -5.773337e-01 7.928361e-01 -1.951836e-01
    outer loop
      vertex   1.336727e+02 4.343498e+01 1.040243e+02
      vertex   1.337230e+02 4.343498e+01 1.038756e+02
      vertex   1.336942e+02 4.341114e+01 1.038639e+02
    endloop
  endfacet
  facet normal -5.501965e-01 7.928361e-01 -2.620967e-01
    outer loop
      vertex   1.336942e+02 4.341114e+01 1.038639e+02
      vertex   1.337230e+02 4.343498e+01 1.038756e+02
      vertex   1.337633e+02 4.341114e+01 1.037189e+02
    endloop
  endfacet
  facet normal -7.167039e-01 6.080878e-01 -3.414158e-01
    outer loop
      vertex   1.336942e+02 4.341114e+01 1.038639e+02
      vertex   1.337633e+02 4.341114e+01 1.037189e+02
      vertex   1.337424e+02 4.338008e+01 1.037073e+02
    endloop
  endfacet
  facet normal -6.712931e-01 6.080878e-01 -4.237862e-01
    outer loop
      vertex   1.337424e+02 4.338008e+01 1.037073e+02
      vertex   1.337633e+02 4.341114e+01 1.037189e+02
      vertex   1.338297e+02 4.338008e+01 1.035691e+02
    endloop
  endfacet
  facet normal -7.814297e-01 3.821095e-01 -4.933153e-01
    outer loop
      vertex   1.337424e+02 4.338008e+01 1.037073e+02
      vertex   1.338297e+02 4.338008e+01 1.035691e+02
      vertex   1.338175e+02 4.334390e+01 1.035604e+02
    endloop
  endfacet
  facet normal -7.175989e-01 3.821095e-01 -5.822749e-01
    outer loop
      vertex   1.338175e+02 4.334390e+01 1.035604e+02
      vertex   1.338297e+02 4.338008e+01 1.035691e+02
      vertex   1.339216e+02 4.334390e+01 1.034320e+02
    endloop
  endfacet
  facet normal -1.201782e-01 9.922921e-01 -3.022604e-02
    outer loop
      vertex   1.337221e+02 4.345508e+01 1.041439e+02
      vertex   1.337597e+02 4.345508e+01 1.039946e+02
      vertex   1.337076e+02 4.344997e+01 1.040338e+02
    endloop
  endfacet
  facet normal -1.304541e-01 9.904729e-01 -4.410361e-02
    outer loop
      vertex   1.337076e+02 4.344997e+01 1.040338e+02
      vertex   1.337597e+02 4.345508e+01 1.039946e+02
      vertex   1.337565e+02 4.344997e+01 1.038892e+02
    endloop
  endfacet
  facet normal -3.630703e-01 9.236414e-01 -1.227459e-01
    outer loop
      vertex   1.337076e+02 4.344997e+01 1.040338e+02
      vertex   1.337565e+02 4.344997e+01 1.038892e+02
      vertex   1.337230e+02 4.343498e+01 1.038756e+02
    endloop
  endfacet
  facet normal -3.460044e-01 9.236414e-01 -1.648259e-01
    outer loop
      vertex   1.337230e+02 4.343498e+01 1.038756e+02
      vertex   1.337565e+02 4.344997e+01 1.038892e+02
      vertex   1.337905e+02 4.343498e+01 1.037338e+02
    endloop
  endfacet
  facet normal -5.501965e-01 7.928361e-01 -2.620967e-01
    outer loop
      vertex   1.337230e+02 4.343498e+01 1.038756e+02
      vertex   1.337905e+02 4.343498e+01 1.037338e+02
      vertex   1.337633e+02 4.341114e+01 1.037189e+02
    endloop
  endfacet
  facet normal -5.153357e-01 7.928361e-01 -3.253306e-01
    outer loop
      vertex   1.337633e+02 4.341114e+01 1.037189e+02
      vertex   1.337905e+02 4.343498e+01 1.037338e+02
      vertex   1.338491e+02 4.341114e+01 1.035830e+02
    endloop
  endfacet
  facet normal -6.712931e-01 6.080878e-01 -4.237862e-01
    outer loop
      vertex   1.337633e+02 4.341114e+01 1.037189e+02
      vertex   1.338491e+02 4.341114e+01 1.035830e+02
      vertex   1.338297e+02 4.338008e+01 1.035691e+02
    endloop
  endfacet
  facet normal -6.164588e-01 6.080878e-01 -5.002077e-01
    outer loop
      vertex   1.338297e+02 4.338008e+01 1.035691e+02
      vertex   1.338491e+02 4.341114e+01 1.035830e+02
      vertex   1.339327e+02 4.338008e+01 1.034421e+02
    endloop
  endfacet
  facet normal -7.175989e-01 3.821095e-01 -5.822749e-01
    outer loop
      vertex   1.338297e+02 4.338008e+01 1.035691e+02
      vertex   1.339327e+02 4.338008e+01 1.034421e+02
      vertex   1.339216e+02 4.334390e+01 1.034320e+02
    endloop
  endfacet
  facet normal -6.436947e-01 3.821095e-01 -6.630607e-01
    outer loop
      vertex   1.339216e+02 4.334390e+01 1.034320e+02
      vertex   1.339327e+02 4.338008e+01 1.034421e+02
      vertex   1.340402e+02 4.334390e+01 1.033169e+02
    endloop
  endfacet
  facet normal -1.152536e-01 9.923321e-01 -4.464949e-02
    outer loop
      vertex   1.337597e+02 4.345508e+01 1.039946e+02
      vertex   1.338153e+02 4.345508e+01 1.038511e+02
      vertex   1.337565e+02 4.344997e+01 1.038892e+02
    endloop
  endfacet
  facet normal -1.246254e-01 9.904262e-01 -5.936771e-02
    outer loop
      vertex   1.337565e+02 4.344997e+01 1.038892e+02
      vertex   1.338153e+02 4.345508e+01 1.038511e+02
      vertex   1.338222e+02 4.344997e+01 1.037513e+02
    endloop
  endfacet
  facet normal -3.460044e-01 9.236414e-01 -1.648259e-01
    outer loop
      vertex   1.337565e+02 4.344997e+01 1.038892e+02
      vertex   1.338222e+02 4.344997e+01 1.037513e+02
      vertex   1.337905e+02 4.343498e+01 1.037338e+02
    endloop
  endfacet
  facet normal -3.240813e-01 9.236414e-01 -2.045920e-01
    outer loop
      vertex   1.337905e+02 4.343498e+01 1.037338e+02
      vertex   1.338222e+02 4.344997e+01 1.037513e+02
      vertex   1.338743e+02 4.343498e+01 1.036011e+02
    endloop
  endfacet
  facet normal -5.153357e-01 7.928361e-01 -3.253306e-01
    outer loop
      vertex   1.337905e+02 4.343498e+01 1.037338e+02
      vertex   1.338743e+02 4.343498e+01 1.036011e+02
      vertex   1.338491e+02 4.341114e+01 1.035830e+02
    endloop
  endfacet
  facet normal -4.732407e-01 7.928361e-01 -3.839975e-01
    outer loop
      vertex   1.338491e+02 4.341114e+01 1.035830e+02
      vertex   1.338743e+02 4.343498e+01 1.036011e+02
      vertex   1.339503e+02 4.341114e+01 1.034582e+02
    endloop
  endfacet
  facet normal -6.164588e-01 6.080878e-01 -5.002077e-01
    outer loop
      vertex   1.338491e+02 4.341114e+01 1.035830e+02
      vertex   1.339503e+02 4.341114e+01 1.034582e+02
      vertex   1.339327e+02 4.338008e+01 1.034421e+02
    endloop
  endfacet
  facet normal -5.529708e-01 6.080878e-01 -5.696073e-01
    outer loop
      vertex   1.339327e+02 4.338008e+01 1.034421e+02
      vertex   1.339503e+02 4.341114e+01 1.034582e+02
      vertex   1.340500e+02 4.338008e+01 1.033283e+02
    endloop
  endfacet
  facet normal -6.436947e-01 3.821095e-01 -6.630607e-01
    outer loop
      vertex   1.339327e+02 4.338008e+01 1.034421e+02
      vertex   1.340500e+02 4.338008e+01 1.033283e+02
      vertex   1.340402e+02 4.334390e+01 1.033169e+02
    endloop
  endfacet
  facet normal -5.607544e-01 3.821095e-01 -7.345385e-01
    outer loop
      vertex   1.340402e+02 4.334390e+01 1.033169e+02
      vertex   1.340500e+02 4.338008e+01 1.033283e+02
      vertex   1.341716e+02 4.334390e+01 1.032166e+02
    endloop
  endfacet
  facet normal -1.086843e-01 9.923616e-01 -5.836223e-02
    outer loop
      vertex   1.338153e+02 4.345508e+01 1.038511e+02
      vertex   1.338881e+02 4.345508e+01 1.037155e+02
      vertex   1.338222e+02 4.344997e+01 1.037513e+02
    endloop
  endfacet
  facet normal -1.169297e-01 9.903931e-01 -7.381756e-02
    outer loop
      vertex   1.338222e+02 4.344997e+01 1.037513e+02
      vertex   1.338881e+02 4.345508e+01 1.037155e+02
      vertex   1.339037e+02 4.344997e+01 1.036222e+02
    endloop
  endfacet
  facet normal -3.240813e-01 9.236414e-01 -2.045920e-01
    outer loop
      vertex   1.338222e+02 4.344997e+01 1.037513e+02
      vertex   1.339037e+02 4.344997e+01 1.036222e+02
      vertex   1.338743e+02 4.343498e+01 1.036011e+02
    endloop
  endfacet
  facet normal -2.976089e-01 9.236414e-01 -2.414861e-01
    outer loop
      vertex   1.338743e+02 4.343498e+01 1.036011e+02
      vertex   1.339037e+02 4.344997e+01 1.036222e+02
      vertex   1.339732e+02 4.343498e+01 1.034792e+02
    endloop
  endfacet
  facet normal -4.732407e-01 7.928361e-01 -3.839975e-01
    outer loop
      vertex   1.338743e+02 4.343498e+01 1.036011e+02
      vertex   1.339732e+02 4.343498e+01 1.034792e+02
      vertex   1.339503e+02 4.341114e+01 1.034582e+02
    endloop
  endfacet
  facet normal -4.245025e-01 7.928361e-01 -4.372740e-01
    outer loop
      vertex   1.339503e+02 4.341114e+01 1.034582e+02
      vertex   1.339732e+02 4.343498e+01 1.034792e+02
      vertex   1.340656e+02 4.341114e+01 1.033463e+02
    endloop
  endfacet
  facet normal -5.529708e-01 6.080878e-01 -5.696073e-01
    outer loop
      vertex   1.339503e+02 4.341114e+01 1.034582e+02
      vertex   1.340656e+02 4.341114e+01 1.033463e+02
      vertex   1.340500e+02 4.338008e+01 1.033283e+02
    endloop
  endfacet
  facet normal -4.817203e-01 6.080878e-01 -6.310109e-01
    outer loop
      vertex   1.340500e+02 4.338008e+01 1.033283e+02
      vertex   1.340656e+02 4.341114e+01 1.033463e+02
      vertex   1.341800e+02 4.338008e+01 1.032290e+02
    endloop
  endfacet
  facet normal -5.607544e-01 3.821095e-01 -7.345385e-01
    outer loop
      vertex   1.340500e+02 4.338008e+01 1.033283e+02
      vertex   1.341800e+02 4.338008e+01 1.032290e+02
      vertex   1.341716e+02 4.334390e+01 1.032166e+02
    endloop
  endfacet
  facet normal -4.699423e-01 3.821095e-01 -7.957051e-01
    outer loop
      vertex   1.341716e+02 4.334390e+01 1.032166e+02
      vertex   1.341800e+02 4.338008e+01 1.032290e+02
      vertex   1.343139e+02 4.334390e+01 1.031326e+02
    endloop
  endfacet
  facet normal -1.005627e-01 9.923808e-01 -7.118685e-02
    outer loop
      vertex   1.338881e+02 4.345508e+01 1.037155e+02
      vertex   1.339770e+02 4.345508e+01 1.035899e+02
      vertex   1.339037e+02 4.344997e+01 1.036222e+02
    endloop
  endfacet
  facet normal -1.074854e-01 9.903738e-01 -8.721590e-02
    outer loop
      vertex   1.339037e+02 4.344997e+01 1.036222e+02
      vertex   1.339770e+02 4.345508e+01 1.035899e+02
      vertex   1.339999e+02 4.344997e+01 1.035036e+02
    endloop
  endfacet
  facet normal -2.976089e-01 9.236414e-01 -2.414861e-01
    outer loop
      vertex   1.339037e+02 4.344997e+01 1.036222e+02
      vertex   1.339999e+02 4.344997e+01 1.035036e+02
      vertex   1.339732e+02 4.343498e+01 1.034792e+02
    endloop
  endfacet
  facet normal -2.669587e-01 9.236414e-01 -2.749903e-01
    outer loop
      vertex   1.339732e+02 4.343498e+01 1.034792e+02
      vertex   1.339999e+02 4.344997e+01 1.035036e+02
      vertex   1.340859e+02 4.343498e+01 1.033698e+02
    endloop
  endfacet
  facet normal -4.245025e-01 7.928361e-01 -4.372740e-01
    outer loop
      vertex   1.339732e+02 4.343498e+01 1.034792e+02
      vertex   1.340859e+02 4.343498e+01 1.033698e+02
      vertex   1.340656e+02 4.341114e+01 1.033463e+02
    endloop
  endfacet
  facet normal -3.698052e-01 7.928361e-01 -4.844120e-01
    outer loop
      vertex   1.340656e+02 4.341114e+01 1.033463e+02
      vertex   1.340859e+02 4.343498e+01 1.033698e+02
      vertex   1.341933e+02 4.341114e+01 1.032488e+02
    endloop
  endfacet
  facet normal -4.817203e-01 6.080878e-01 -6.310109e-01
    outer loop
      vertex   1.340656e+02 4.341114e+01 1.033463e+02
      vertex   1.341933e+02 4.341114e+01 1.032488e+02
      vertex   1.341800e+02 4.338008e+01 1.032290e+02
    endloop
  endfacet
  facet normal -4.037075e-01 6.080878e-01 -6.835565e-01
    outer loop
      vertex   1.341800e+02 4.338008e+01 1.032290e+02
      vertex   1.341933e+02 4.341114e+01 1.032488e+02
      vertex   1.343207e+02 4.338008e+01 1.031459e+02
    endloop
  endfacet
  facet normal -4.699423e-01 3.821095e-01 -7.957051e-01
    outer loop
      vertex   1.341800e+02 4.338008e+01 1.032290e+02
      vertex   1.343207e+02 4.338008e+01 1.031459e+02
      vertex   1.343139e+02 4.334390e+01 1.031326e+02
    endloop
  endfacet
  facet normal -3.725332e-01 3.821095e-01 -8.457017e-01
    outer loop
      vertex   1.343139e+02 4.334390e+01 1.031326e+02
      vertex   1.343207e+02 4.338008e+01 1.031459e+02
      vertex   1.344651e+02 4.334390e+01 1.030660e+02
    endloop
  endfacet
  facet normal -9.099937e-02 9.923897e-01 -8.295689e-02
    outer loop
      vertex   1.339770e+02 4.345508e+01 1.035899e+02
      vertex   1.340807e+02 4.345508e+01 1.034762e+02
      vertex   1.339999e+02 4.344997e+01 1.035036e+02
    endloop
  endfacet
  facet normal -9.644185e-02 9.903685e-01 -9.934337e-02
    outer loop
      vertex   1.339999e+02 4.344997e+01 1.035036e+02
      vertex   1.340807e+02 4.345508e+01 1.034762e+02
      vertex   1.341095e+02 4.344997e+01 1.033973e+02
    endloop
  endfacet
  facet normal -2.669587e-01 9.236414e-01 -2.749903e-01
    outer loop
      vertex   1.339999e+02 4.344997e+01 1.035036e+02
      vertex   1.341095e+02 4.344997e+01 1.033973e+02
      vertex   1.340859e+02 4.343498e+01 1.033698e+02
    endloop
  endfacet
  facet normal -2.325609e-01 9.236414e-01 -3.046342e-01
    outer loop
      vertex   1.340859e+02 4.343498e+01 1.033698e+02
      vertex   1.341095e+02 4.344997e+01 1.033973e+02
      vertex   1.342106e+02 4.343498e+01 1.032746e+02
    endloop
  endfacet
  facet normal -3.698052e-01 7.928361e-01 -4.844120e-01
    outer loop
      vertex   1.340859e+02 4.343498e+01 1.033698e+02
      vertex   1.342106e+02 4.343498e+01 1.032746e+02
      vertex   1.341933e+02 4.341114e+01 1.032488e+02
    endloop
  endfacet
  facet normal -3.099166e-01 7.928361e-01 -5.247500e-01
    outer loop
      vertex   1.341933e+02 4.341114e+01 1.032488e+02
      vertex   1.342106e+02 4.343498e+01 1.032746e+02
      vertex   1.343316e+02 4.341114e+01 1.031671e+02
    endloop
  endfacet
  facet normal -4.037075e-01 6.080878e-01 -6.835565e-01
    outer loop
      vertex   1.341933e+02 4.341114e+01 1.032488e+02
      vertex   1.343316e+02 4.341114e+01 1.031671e+02
      vertex   1.343207e+02 4.338008e+01 1.031459e+02
    endloop
  endfacet
  facet normal -3.200275e-01 6.080878e-01 -7.265064e-01
    outer loop
      vertex   1.343207e+02 4.338008e+01 1.031459e+02
      vertex   1.343316e+02 4.341114e+01 1.031671e+02
      vertex   1.344704e+02 4.338008e+01 1.030800e+02
    endloop
  endfacet
  facet normal -3.725332e-01 3.821095e-01 -8.457017e-01
    outer loop
      vertex   1.343207e+02 4.338008e+01 1.031459e+02
      vertex   1.344704e+02 4.338008e+01 1.030800e+02
      vertex   1.344651e+02 4.334390e+01 1.030660e+02
    endloop
  endfacet
  facet normal -2.698946e-01 3.821095e-01 -8.838264e-01
    outer loop
      vertex   1.344651e+02 4.334390e+01 1.030660e+02
      vertex   1.344704e+02 4.338008e+01 1.030800e+02
      vertex   1.346232e+02 4.334390e+01 1.030177e+02
    endloop
  endfacet
  facet normal -8.012188e-02 9.923884e-01 -9.351866e-02
    outer loop
      vertex   1.340807e+02 4.345508e+01 1.034762e+02
      vertex   1.341975e+02 4.345508e+01 1.033760e+02
      vertex   1.341095e+02 4.344997e+01 1.033973e+02
    endloop
  endfacet
  facet normal -8.397724e-02 9.903773e-01 -1.100027e-01
    outer loop
      vertex   1.341095e+02 4.344997e+01 1.033973e+02
      vertex   1.341975e+02 4.345508e+01 1.033760e+02
      vertex   1.342308e+02 4.344997e+01 1.033046e+02
    endloop
  endfacet
  facet normal -2.325609e-01 9.236414e-01 -3.046342e-01
    outer loop
      vertex   1.341095e+02 4.344997e+01 1.033973e+02
      vertex   1.342308e+02 4.344997e+01 1.033046e+02
      vertex   1.342106e+02 4.343498e+01 1.032746e+02
    endloop
  endfacet
  facet normal -1.948986e-01 9.236414e-01 -3.300018e-01
    outer loop
      vertex   1.342106e+02 4.343498e+01 1.032746e+02
      vertex   1.342308e+02 4.344997e+01 1.033046e+02
      vertex   1.343458e+02 4.343498e+01 1.031948e+02
    endloop
  endfacet
  facet normal -3.099166e-01 7.928361e-01 -5.247500e-01
    outer loop
      vertex   1.342106e+02 4.343498e+01 1.032746e+02
      vertex   1.343458e+02 4.343498e+01 1.031948e+02
      vertex   1.343316e+02 4.341114e+01 1.031671e+02
    endloop
  endfacet
  facet normal -2.456775e-01 7.928361e-01 -5.577217e-01
    outer loop
      vertex   1.343316e+02 4.341114e+01 1.031671e+02
      vertex   1.343458e+02 4.343498e+01 1.031948e+02
      vertex   1.344787e+02 4.341114e+01 1.031023e+02
    endloop
  endfacet
  facet normal -3.200275e-01 6.080878e-01 -7.265064e-01
    outer loop
      vertex   1.343316e+02 4.341114e+01 1.031671e+02
      vertex   1.344787e+02 4.341114e+01 1.031023e+02
      vertex   1.344704e+02 4.338008e+01 1.030800e+02
    endloop
  endfacet
  facet normal -2.318550e-01 6.080878e-01 -7.592578e-01
    outer loop
      vertex   1.344704e+02 4.338008e+01 1.030800e+02
      vertex   1.344787e+02 4.341114e+01 1.031023e+02
      vertex   1.346267e+02 4.338008e+01 1.030323e+02
    endloop
  endfacet
  facet normal -2.698946e-01 3.821095e-01 -8.838264e-01
    outer loop
      vertex   1.344704e+02 4.338008e+01 1.030800e+02
      vertex   1.346267e+02 4.338008e+01 1.030323e+02
      vertex   1.346232e+02 4.334390e+01 1.030177e+02
    endloop
  endfacet
  facet normal -1.634673e-01 3.821095e-01 -9.095442e-01
    outer loop
      vertex   1.346232e+02 4.334390e+01 1.030177e+02
      vertex   1.346267e+02 4.338008e+01 1.030323e+02
      vertex   1.347859e+02 4.334390e+01 1.029885e+02
    endloop
  endfacet
  facet normal -6.807326e-02 9.923769e-01 -1.027329e-01
    outer loop
      vertex   1.341975e+02 4.345508e+01 1.033760e+02
      vertex   1.343258e+02 4.345508e+01 1.032910e+02
      vertex   1.342308e+02 4.344997e+01 1.033046e+02
    endloop
  endfacet
  facet normal -7.029468e-02 9.904000e-01 -1.190228e-01
    outer loop
      vertex   1.342308e+02 4.344997e+01 1.033046e+02
      vertex   1.343258e+02 4.345508e+01 1.032910e+02
      vertex   1.343623e+02 4.344997e+01 1.032269e+02
    endloop
  endfacet
  facet normal -1.948986e-01 9.236414e-01 -3.300018e-01
    outer loop
      vertex   1.342308e+02 4.344997e+01 1.033046e+02
      vertex   1.343623e+02 4.344997e+01 1.032269e+02
      vertex   1.343458e+02 4.343498e+01 1.031948e+02
    endloop
  endfacet
  facet normal -1.545002e-01 9.236414e-01 -3.507368e-01
    outer loop
      vertex   1.343458e+02 4.343498e+01 1.031948e+02
      vertex   1.343623e+02 4.344997e+01 1.032269e+02
      vertex   1.344895e+02 4.343498e+01 1.031315e+02
    endloop
  endfacet
  facet normal -2.456775e-01 7.928361e-01 -5.577217e-01
    outer loop
      vertex   1.343458e+02 4.343498e+01 1.031948e+02
      vertex   1.344895e+02 4.343498e+01 1.031315e+02
      vertex   1.344787e+02 4.341114e+01 1.031023e+02
    endloop
  endfacet
  facet normal -1.779896e-01 7.928361e-01 -5.828641e-01
    outer loop
      vertex   1.344787e+02 4.341114e+01 1.031023e+02
      vertex   1.344895e+02 4.343498e+01 1.031315e+02
      vertex   1.346323e+02 4.341114e+01 1.030554e+02
    endloop
  endfacet
  facet normal -2.318550e-01 6.080878e-01 -7.592578e-01
    outer loop
      vertex   1.344787e+02 4.341114e+01 1.031023e+02
      vertex   1.346323e+02 4.341114e+01 1.030554e+02
      vertex   1.346267e+02 4.338008e+01 1.030323e+02
    endloop
  endfacet
  facet normal -1.404278e-01 6.080878e-01 -7.813509e-01
    outer loop
      vertex   1.346267e+02 4.338008e+01 1.030323e+02
      vertex   1.346323e+02 4.341114e+01 1.030554e+02
      vertex   1.347876e+02 4.338008e+01 1.030033e+02
    endloop
  endfacet
  facet normal -1.634673e-01 3.821095e-01 -9.095442e-01
    outer loop
      vertex   1.346267e+02 4.338008e+01 1.030323e+02
      vertex   1.347876e+02 4.338008e+01 1.030033e+02
      vertex   1.347859e+02 4.334390e+01 1.029885e+02
    endloop
  endfacet
  facet normal -5.474527e-02 3.821095e-01 -9.224940e-01
    outer loop
      vertex   1.347859e+02 4.334390e+01 1.029885e+02
      vertex   1.347876e+02 4.338008e+01 1.030033e+02
      vertex   1.349508e+02 4.334390e+01 1.029787e+02
    endloop
  endfacet
  facet normal -5.501055e-02 9.923552e-01 -1.104761e-01
    outer loop
      vertex   1.343258e+02 4.345508e+01 1.032910e+02
      vertex   1.344636e+02 4.345508e+01 1.032224e+02
      vertex   1.343623e+02 4.344997e+01 1.032269e+02
    endloop
  endfacet
  facet normal -5.561843e-02 9.904366e-01 -1.262615e-01
    outer loop
      vertex   1.343623e+02 4.344997e+01 1.032269e+02
      vertex   1.344636e+02 4.345508e+01 1.032224e+02
      vertex   1.345021e+02 4.344997e+01 1.031654e+02
    endloop
  endfacet
  facet normal -1.545002e-01 9.236414e-01 -3.507368e-01
    outer loop
      vertex   1.343623e+02 4.344997e+01 1.032269e+02
      vertex   1.345021e+02 4.344997e+01 1.031654e+02
      vertex   1.344895e+02 4.343498e+01 1.031315e+02
    endloop
  endfacet
  facet normal -1.119331e-01 9.236414e-01 -3.665482e-01
    outer loop
      vertex   1.344895e+02 4.343498e+01 1.031315e+02
      vertex   1.345021e+02 4.344997e+01 1.031654e+02
      vertex   1.346396e+02 4.343498e+01 1.030856e+02
    endloop
  endfacet
  facet normal -1.779896e-01 7.928361e-01 -5.828641e-01
    outer loop
      vertex   1.344895e+02 4.343498e+01 1.031315e+02
      vertex   1.346396e+02 4.343498e+01 1.030856e+02
      vertex   1.346323e+02 4.341114e+01 1.030554e+02
    endloop
  endfacet
  facet normal -1.078031e-01 7.928361e-01 -5.998245e-01
    outer loop
      vertex   1.346323e+02 4.341114e+01 1.030554e+02
      vertex   1.346396e+02 4.343498e+01 1.030856e+02
      vertex   1.347905e+02 4.341114e+01 1.030270e+02
    endloop
  endfacet
  facet normal -1.404278e-01 6.080878e-01 -7.813509e-01
    outer loop
      vertex   1.346323e+02 4.341114e+01 1.030554e+02
      vertex   1.347905e+02 4.341114e+01 1.030270e+02
      vertex   1.347876e+02 4.338008e+01 1.030033e+02
    endloop
  endfacet
  facet normal -4.702934e-02 6.080878e-01 -7.924755e-01
    outer loop
      vertex   1.347876e+02 4.338008e+01 1.030033e+02
      vertex   1.347905e+02 4.341114e+01 1.030270e+02
      vertex   1.349508e+02 4.338008e+01 1.029936e+02
    endloop
  endfacet
  facet normal -5.474527e-02 3.821095e-01 -9.224940e-01
    outer loop
      vertex   1.347876e+02 4.338008e+01 1.030033e+02
      vertex   1.349508e+02 4.338008e+01 1.029936e+02
      vertex   1.349508e+02 4.334390e+01 1.029787e+02
    endloop
  endfacet
  facet normal 5.474527e-02 3.821095e-01 -9.224940e-01
    outer loop
      vertex   1.349508e+02 4.334390e+01 1.029787e+02
      vertex   1.349508e+02 4.338008e+01 1.029936e+02
      vertex   1.351158e+02 4.334390e+01 1.029885e+02
    endloop
  endfacet
  facet normal -4.110311e-02 9.923231e-01 -1.166422e-01
    outer loop
      vertex   1.344636e+02 4.345508e+01 1.032224e+02
      vertex   1.346088e+02 4.345508e+01 1.031713e+02
      vertex   1.345021e+02 4.344997e+01 1.031654e+02
    endloop
  endfacet
  facet normal -4.018948e-02 9.904867e-01 -1.316088e-01
    outer loop
      vertex   1.345021e+02 4.344997e+01 1.031654e+02
      vertex   1.346088e+02 4.345508e+01 1.031713e+02
      vertex   1.346481e+02 4.344997e+01 1.031208e+02
    endloop
  endfacet
  facet normal -1.119331e-01 9.236414e-01 -3.665482e-01
    outer loop
      vertex   1.345021e+02 4.344997e+01 1.031654e+02
      vertex   1.346481e+02 4.344997e+01 1.031208e+02
      vertex   1.346396e+02 4.343498e+01 1.030856e+02
    endloop
  endfacet
  facet normal -6.779459e-02 9.236414e-01 -3.772141e-01
    outer loop
      vertex   1.346396e+02 4.343498e+01 1.030856e+02
      vertex   1.346481e+02 4.344997e+01 1.031208e+02
      vertex   1.347941e+02 4.343498e+01 1.030578e+02
    endloop
  endfacet
  facet normal -1.078031e-01 7.928361e-01 -5.998245e-01
    outer loop
      vertex   1.346396e+02 4.343498e+01 1.030856e+02
      vertex   1.347941e+02 4.343498e+01 1.030578e+02
      vertex   1.347905e+02 4.341114e+01 1.030270e+02
    endloop
  endfacet
  facet normal -3.610331e-02 7.928361e-01 -6.083646e-01
    outer loop
      vertex   1.347905e+02 4.341114e+01 1.030270e+02
      vertex   1.347941e+02 4.343498e+01 1.030578e+02
      vertex   1.349508e+02 4.341114e+01 1.030175e+02
    endloop
  endfacet
  facet normal -4.702934e-02 6.080878e-01 -7.924755e-01
    outer loop
      vertex   1.347905e+02 4.341114e+01 1.030270e+02
      vertex   1.349508e+02 4.341114e+01 1.030175e+02
      vertex   1.349508e+02 4.338008e+01 1.029936e+02
    endloop
  endfacet
  facet normal 4.702934e-02 6.080878e-01 -7.924755e-01
    outer loop
      vertex   1.349508e+02 4.338008e+01 1.029936e+02
      vertex   1.349508e+02 4.341114e+01 1.030175e+02
      vertex   1.351140e+02 4.338008e+01 1.030033e+02
    endloop
  endfacet
  facet normal 5.474527e-02 3.821095e-01 -9.224940e-01
    outer loop
      vertex   1.349508e+02 4.338008e+01 1.029936e+02
      vertex   1.351140e+02 4.338008e+01 1.030033e+02
      vertex   1.351158e+02 4.334390e+01 1.029885e+02
    endloop
  endfacet
  facet normal 1.634673e-01 3.821095e-01 -9.095442e-01
    outer loop
      vertex   1.351158e+02 4.334390e+01 1.029885e+02
      vertex   1.351140e+02 4.338008e+01 1.030033e+02
      vertex   1.352785e+02 4.334390e+01 1.030177e+02
    endloop
  endfacet
  facet normal -2.653081e-02 9.922804e-01 -1.211434e-01
    outer loop
      vertex   1.346088e+02 4.345508e+01 1.031713e+02
      vertex   1.347591e+02 4.345508e+01 1.031383e+02
      vertex   1.346481e+02 4.344997e+01 1.031208e+02
    endloop
  endfacet
  facet normal -2.426076e-02 9.905501e-01 -1.349886e-01
    outer loop
      vertex   1.346481e+02 4.344997e+01 1.031208e+02
      vertex   1.347591e+02 4.345508e+01 1.031383e+02
      vertex   1.347984e+02 4.344997e+01 1.030938e+02
    endloop
  endfacet
  facet normal -6.779459e-02 9.236414e-01 -3.772141e-01
    outer loop
      vertex   1.346481e+02 4.344997e+01 1.031208e+02
      vertex   1.347984e+02 4.344997e+01 1.030938e+02
      vertex   1.347941e+02 4.343498e+01 1.030578e+02
    endloop
  endfacet
  facet normal -2.270444e-02 9.236414e-01 -3.825848e-01
    outer loop
      vertex   1.347941e+02 4.343498e+01 1.030578e+02
      vertex   1.347984e+02 4.344997e+01 1.030938e+02
      vertex   1.349508e+02 4.343498e+01 1.030485e+02
    endloop
  endfacet
  facet normal -3.610331e-02 7.928361e-01 -6.083646e-01
    outer loop
      vertex   1.347941e+02 4.343498e+01 1.030578e+02
      vertex   1.349508e+02 4.343498e+01 1.030485e+02
      vertex   1.349508e+02 4.341114e+01 1.030175e+02
    endloop
  endfacet
  facet normal 3.610331e-02 7.928361e-01 -6.083646e-01
    outer loop
      vertex   1.349508e+02 4.341114e+01 1.030175e+02
      vertex   1.349508e+02 4.343498e+01 1.030485e+02
      vertex   1.351112e+02 4.341114e+01 1.030270e+02
    endloop
  endfacet
  facet normal 4.702934e-02 6.080878e-01 -7.924755e-01
    outer loop
      vertex   1.349508e+02 4.341114e+01 1.030175e+02
      vertex   1.351112e+02 4.341114e+01 1.030270e+02
      vertex   1.351140e+02 4.338008e+01 1.030033e+02
    endloop
  endfacet
  facet normal 1.404278e-01 6.080878e-01 -7.813509e-01
    outer loop
      vertex   1.351140e+02 4.338008e+01 1.030033e+02
      vertex   1.351112e+02 4.341114e+01 1.030270e+02
      vertex   1.352750e+02 4.338008e+01 1.030323e+02
    endloop
  endfacet
  facet normal 1.634673e-01 3.821095e-01 -9.095442e-01
    outer loop
      vertex   1.351140e+02 4.338008e+01 1.030033e+02
      vertex   1.352750e+02 4.338008e+01 1.030323e+02
      vertex   1.352785e+02 4.334390e+01 1.030177e+02
    endloop
  endfacet
  facet normal 2.698946e-01 3.821095e-01 -8.838264e-01
    outer loop
      vertex   1.352785e+02 4.334390e+01 1.030177e+02
      vertex   1.352750e+02 4.338008e+01 1.030323e+02
      vertex   1.354365e+02 4.334390e+01 1.030660e+02
    endloop
  endfacet
  facet normal -1.148208e-02 9.922269e-01 -1.239114e-01
    outer loop
      vertex   1.347591e+02 4.345508e+01 1.031383e+02
      vertex   1.349123e+02 4.345508e+01 1.031241e+02
      vertex   1.347984e+02 4.344997e+01 1.030938e+02
    endloop
  endfacet
  facet normal -8.092252e-03 9.906263e-01 -1.363598e-01
    outer loop
      vertex   1.347984e+02 4.344997e+01 1.030938e+02
      vertex   1.349123e+02 4.345508e+01 1.031241e+02
      vertex   1.349508e+02 4.344997e+01 1.030847e+02
    endloop
  endfacet
  facet normal -2.270444e-02 9.236414e-01 -3.825848e-01
    outer loop
      vertex   1.347984e+02 4.344997e+01 1.030938e+02
      vertex   1.349508e+02 4.344997e+01 1.030847e+02
      vertex   1.349508e+02 4.343498e+01 1.030485e+02
    endloop
  endfacet
  facet normal 2.270444e-02 9.236414e-01 -3.825848e-01
    outer loop
      vertex   1.349508e+02 4.343498e+01 1.030485e+02
      vertex   1.349508e+02 4.344997e+01 1.030847e+02
      vertex   1.351076e+02 4.343498e+01 1.030578e+02
    endloop
  endfacet
  facet normal 3.610331e-02 7.928361e-01 -6.083646e-01
    outer loop
      vertex   1.349508e+02 4.343498e+01 1.030485e+02
      vertex   1.351076e+02 4.343498e+01 1.030578e+02
      vertex   1.351112e+02 4.341114e+01 1.030270e+02
    endloop
  endfacet
  facet normal 1.078031e-01 7.928361e-01 -5.998245e-01
    outer loop
      vertex   1.351112e+02 4.341114e+01 1.030270e+02
      vertex   1.351076e+02 4.343498e+01 1.030578e+02
      vertex   1.352694e+02 4.341114e+01 1.030554e+02
    endloop
  endfacet
  facet normal 1.404278e-01 6.080878e-01 -7.813509e-01
    outer loop
      vertex   1.351112e+02 4.341114e+01 1.030270e+02
      vertex   1.352694e+02 4.341114e+01 1.030554e+02
      vertex   1.352750e+02 4.338008e+01 1.030323e+02
    endloop
  endfacet
  facet normal 2.318550e-01 6.080878e-01 -7.592578e-01
    outer loop
      vertex   1.352750e+02 4.338008e+01 1.030323e+02
      vertex   1.352694e+02 4.341114e+01 1.030554e+02
      vertex   1.354313e+02 4.338008e+01 1.030800e+02
    endloop
  endfacet
  facet normal 2.698946e-01 3.821095e-01 -8.838264e-01
    outer loop
      vertex   1.352750e+02 4.338008e+01 1.030323e+02
      vertex   1.354313e+02 4.338008e+01 1.030800e+02
      vertex   1.354365e+02 4.334390e+01 1.030660e+02
    endloop
  endfacet
  facet normal 3.725332e-01 3.821095e-01 -8.457017e-01
    outer loop
      vertex   1.354365e+02 4.334390e+01 1.030660e+02
      vertex   1.354313e+02 4.338008e+01 1.030800e+02
      vertex   1.355878e+02 4.334390e+01 1.031326e+02
    endloop
  endfacet
  facet normal 3.848063e-03 9.921621e-01 -1.248979e-01
    outer loop
      vertex   1.349123e+02 4.345508e+01 1.031241e+02
      vertex   1.350662e+02 4.345508e+01 1.031289e+02
      vertex   1.349508e+02 4.344997e+01 1.030847e+02
    endloop
  endfacet
  facet normal 8.054090e-03 9.907149e-01 -1.357167e-01
    outer loop
      vertex   1.349508e+02 4.344997e+01 1.030847e+02
      vertex   1.350662e+02 4.345508e+01 1.031289e+02
      vertex   1.351033e+02 4.344997e+01 1.030938e+02
    endloop
  endfacet
  facet normal 2.270444e-02 9.236414e-01 -3.825848e-01
    outer loop
      vertex   1.349508e+02 4.344997e+01 1.030847e+02
      vertex   1.351033e+02 4.344997e+01 1.030938e+02
      vertex   1.351076e+02 4.343498e+01 1.030578e+02
    endloop
  endfacet
  facet normal 6.779459e-02 9.236414e-01 -3.772141e-01
    outer loop
      vertex   1.351076e+02 4.343498e+01 1.030578e+02
      vertex   1.351033e+02 4.344997e+01 1.030938e+02
      vertex   1.352621e+02 4.343498e+01 1.030856e+02
    endloop
  endfacet
  facet normal 1.078031e-01 7.928361e-01 -5.998245e-01
    outer loop
      vertex   1.351076e+02 4.343498e+01 1.030578e+02
      vertex   1.352621e+02 4.343498e+01 1.030856e+02
      vertex   1.352694e+02 4.341114e+01 1.030554e+02
    endloop
  endfacet
  facet normal 1.779896e-01 7.928361e-01 -5.828641e-01
    outer loop
      vertex   1.352694e+02 4.341114e+01 1.030554e+02
      vertex   1.352621e+02 4.343498e+01 1.030856e+02
      vertex   1.354230e+02 4.341114e+01 1.031023e+02
    endloop
  endfacet
  facet normal 2.318550e-01 6.080878e-01 -7.592578e-01
    outer loop
      vertex   1.352694e+02 4.341114e+01 1.030554e+02
      vertex   1.354230e+02 4.341114e+01 1.031023e+02
      vertex   1.354313e+02 4.338008e+01 1.030800e+02
    endloop
  endfacet
  facet normal 3.200275e-01 6.080878e-01 -7.265064e-01
    outer loop
      vertex   1.354313e+02 4.338008e+01 1.030800e+02
      vertex   1.354230e+02 4.341114e+01 1.031023e+02
      vertex   1.355809e+02 4.338008e+01 1.031459e+02
    endloop
  endfacet
  facet normal 3.725332e-01 3.821095e-01 -8.457017e-01
    outer loop
      vertex   1.354313e+02 4.338008e+01 1.030800e+02
      vertex   1.355809e+02 4.338008e+01 1.031459e+02
      vertex   1.355878e+02 4.334390e+01 1.031326e+02
    endloop
  endfacet
  facet normal 4.699423e-01 3.821095e-01 -7.957051e-01
    outer loop
      vertex   1.355878e+02 4.334390e+01 1.031326e+02
      vertex   1.355809e+02 4.338008e+01 1.031459e+02
      vertex   1.357301e+02 4.334390e+01 1.032166e+02
    endloop
  endfacet
  facet normal 1.926009e-02 9.920858e-01 -1.240756e-01
    outer loop
      vertex   1.350662e+02 4.345508e+01 1.031289e+02
      vertex   1.352183e+02 4.345508e+01 1.031525e+02
      vertex   1.351033e+02 4.344997e+01 1.030938e+02
    endloop
  endfacet
  facet normal 2.391937e-02 9.908154e-01 -1.330892e-01
    outer loop
      vertex   1.351033e+02 4.344997e+01 1.030938e+02
      vertex   1.352183e+02 4.345508e+01 1.031525e+02
      vertex   1.352536e+02 4.344997e+01 1.031208e+02
    endloop
  endfacet
  facet normal 6.779459e-02 9.236414e-01 -3.772141e-01
    outer loop
      vertex   1.351033e+02 4.344997e+01 1.030938e+02
      vertex   1.352536e+02 4.344997e+01 1.031208e+02
      vertex   1.352621e+02 4.343498e+01 1.030856e+02
    endloop
  endfacet
  facet normal 1.119331e-01 9.236414e-01 -3.665482e-01
    outer loop
      vertex   1.352621e+02 4.343498e+01 1.030856e+02
      vertex   1.352536e+02 4.344997e+01 1.031208e+02
      vertex   1.354122e+02 4.343498e+01 1.031315e+02
    endloop
  endfacet
  facet normal 1.779896e-01 7.928361e-01 -5.828641e-01
    outer loop
      vertex   1.352621e+02 4.343498e+01 1.030856e+02
      vertex   1.354122e+02 4.343498e+01 1.031315e+02
      vertex   1.354230e+02 4.341114e+01 1.031023e+02
    endloop
  endfacet
  facet normal 2.456775e-01 7.928361e-01 -5.577217e-01
    outer loop
      vertex   1.354230e+02 4.341114e+01 1.031023e+02
      vertex   1.354122e+02 4.343498e+01 1.031315e+02
      vertex   1.355701e+02 4.341114e+01 1.031671e+02
    endloop
  endfacet
  facet normal 3.200275e-01 6.080878e-01 -7.265064e-01
    outer loop
      vertex   1.354230e+02 4.341114e+01 1.031023e+02
      vertex   1.355701e+02 4.341114e+01 1.031671e+02
      vertex   1.355809e+02 4.338008e+01 1.031459e+02
    endloop
  endfacet
  facet normal 4.037075e-01 6.080878e-01 -6.835565e-01
    outer loop
      vertex   1.355809e+02 4.338008e+01 1.031459e+02
      vertex   1.355701e+02 4.341114e+01 1.031671e+02
      vertex   1.357217e+02 4.338008e+01 1.032290e+02
    endloop
  endfacet
  facet normal 4.699423e-01 3.821095e-01 -7.957051e-01
    outer loop
      vertex   1.355809e+02 4.338008e+01 1.031459e+02
      vertex   1.357217e+02 4.338008e+01 1.032290e+02
      vertex   1.357301e+02 4.334390e+01 1.032166e+02
    endloop
  endfacet
  facet normal 5.607544e-01 3.821095e-01 -7.345385e-01
    outer loop
      vertex   1.357301e+02 4.334390e+01 1.032166e+02
      vertex   1.357217e+02 4.338008e+01 1.032290e+02
      vertex   1.358615e+02 4.334390e+01 1.033169e+02
    endloop
  endfacet
  facet normal 3.455208e-02 9.919975e-01 -1.214380e-01
    outer loop
      vertex   1.352183e+02 4.345508e+01 1.031525e+02
      vertex   1.353663e+02 4.345508e+01 1.031946e+02
      vertex   1.352536e+02 4.344997e+01 1.031208e+02
    endloop
  endfacet
  facet normal 3.925265e-02 9.909271e-01 -1.285410e-01
    outer loop
      vertex   1.352536e+02 4.344997e+01 1.031208e+02
      vertex   1.353663e+02 4.345508e+01 1.031946e+02
      vertex   1.353996e+02 4.344997e+01 1.031654e+02
    endloop
  endfacet
  facet normal 1.119331e-01 9.236414e-01 -3.665482e-01
    outer loop
      vertex   1.352536e+02 4.344997e+01 1.031208e+02
      vertex   1.353996e+02 4.344997e+01 1.031654e+02
      vertex   1.354122e+02 4.343498e+01 1.031315e+02
    endloop
  endfacet
  facet normal 1.545002e-01 9.236414e-01 -3.507368e-01
    outer loop
      vertex   1.354122e+02 4.343498e+01 1.031315e+02
      vertex   1.353996e+02 4.344997e+01 1.031654e+02
      vertex   1.355559e+02 4.343498e+01 1.031948e+02
    endloop
  endfacet
  facet normal 2.456775e-01 7.928361e-01 -5.577217e-01
    outer loop
      vertex   1.354122e+02 4.343498e+01 1.031315e+02
      vertex   1.355559e+02 4.343498e+01 1.031948e+02
      vertex   1.355701e+02 4.341114e+01 1.031671e+02
    endloop
  endfacet
  facet normal 3.099166e-01 7.928361e-01 -5.247500e-01
    outer loop
      vertex   1.355701e+02 4.341114e+01 1.031671e+02
      vertex   1.355559e+02 4.343498e+01 1.031948e+02
      vertex   1.357084e+02 4.341114e+01 1.032488e+02
    endloop
  endfacet
  facet normal 4.037075e-01 6.080878e-01 -6.835565e-01
    outer loop
      vertex   1.355701e+02 4.341114e+01 1.031671e+02
      vertex   1.357084e+02 4.341114e+01 1.032488e+02
      vertex   1.357217e+02 4.338008e+01 1.032290e+02
    endloop
  endfacet
  facet normal 4.817203e-01 6.080878e-01 -6.310109e-01
    outer loop
      vertex   1.357217e+02 4.338008e+01 1.032290e+02
      vertex   1.357084e+02 4.341114e+01 1.032488e+02
      vertex   1.358517e+02 4.338008e+01 1.033283e+02
    endloop
  endfacet
  facet normal 5.607544e-01 3.821095e-01 -7.345385e-01
    outer loop
      vertex   1.357217e+02 4.338008e+01 1.032290e+02
      vertex   1.358517e+02 4.338008e+01 1.033283e+02
      vertex   1.358615e+02 4.334390e+01 1.033169e+02
    endloop
  endfacet
  facet normal 4.952185e-02 9.918965e-01 -1.170000e-01
    outer loop
      vertex   1.353663e+02 4.345508e+01 1.031946e+02
      vertex   1.355080e+02 4.345508e+01 1.032546e+02
      vertex   1.353996e+02 4.344997e+01 1.031654e+02
    endloop
  endfacet
  facet normal 5.381554e-02 9.910493e-01 -1.221687e-01
    outer loop
      vertex   1.353996e+02 4.344997e+01 1.031654e+02
      vertex   1.355080e+02 4.345508e+01 1.032546e+02
      vertex   1.355394e+02 4.344997e+01 1.032269e+02
    endloop
  endfacet
  facet normal 1.545002e-01 9.236414e-01 -3.507368e-01
    outer loop
      vertex   1.353996e+02 4.344997e+01 1.031654e+02
      vertex   1.355394e+02 4.344997e+01 1.032269e+02
      vertex   1.355559e+02 4.343498e+01 1.031948e+02
    endloop
  endfacet
  facet normal 1.948986e-01 9.236414e-01 -3.300018e-01
    outer loop
      vertex   1.355559e+02 4.343498e+01 1.031948e+02
      vertex   1.355394e+02 4.344997e+01 1.032269e+02
      vertex   1.356910e+02 4.343498e+01 1.032746e+02
    endloop
  endfacet
  facet normal 3.099166e-01 7.928361e-01 -5.247500e-01
    outer loop
      vertex   1.355559e+02 4.343498e+01 1.031948e+02
      vertex   1.356910e+02 4.343498e+01 1.032746e+02
      vertex   1.357084e+02 4.341114e+01 1.032488e+02
    endloop
  endfacet
  facet normal 3.698052e-01 7.928361e-01 -4.844120e-01
    outer loop
      vertex   1.357084e+02 4.341114e+01 1.032488e+02
      vertex   1.356910e+02 4.343498e+01 1.032746e+02
      vertex   1.358361e+02 4.341114e+01 1.033463e+02
    endloop
  endfacet
  facet normal 4.817203e-01 6.080878e-01 -6.310109e-01
    outer loop
      vertex   1.357084e+02 4.341114e+01 1.032488e+02
      vertex   1.358361e+02 4.341114e+01 1.033463e+02
      vertex   1.358517e+02 4.338008e+01 1.033283e+02
    endloop
  endfacet
  facet normal 6.396908e-02 9.917821e-01 -1.107977e-01
    outer loop
      vertex   1.355080e+02 4.345508e+01 1.032546e+02
      vertex   1.356413e+02 4.345508e+01 1.033315e+02
      vertex   1.355394e+02 4.344997e+01 1.032269e+02
    endloop
  endfacet
  facet normal 6.738655e-02 9.911814e-01 -1.140987e-01
    outer loop
      vertex   1.355394e+02 4.344997e+01 1.032269e+02
      vertex   1.356413e+02 4.345508e+01 1.033315e+02
      vertex   1.356708e+02 4.344997e+01 1.033046e+02
    endloop
  endfacet
  facet normal 1.948986e-01 9.236414e-01 -3.300018e-01
    outer loop
      vertex   1.355394e+02 4.344997e+01 1.032269e+02
      vertex   1.356708e+02 4.344997e+01 1.033046e+02
      vertex   1.356910e+02 4.343498e+01 1.032746e+02
    endloop
  endfacet
  facet normal 2.325609e-01 9.236414e-01 -3.046342e-01
    outer loop
      vertex   1.356910e+02 4.343498e+01 1.032746e+02
      vertex   1.356708e+02 4.344997e+01 1.033046e+02
      vertex   1.358158e+02 4.343498e+01 1.033698e+02
    endloop
  endfacet
  facet normal 3.698052e-01 7.928361e-01 -4.844120e-01
    outer loop
      vertex   1.356910e+02 4.343498e+01 1.032746e+02
      vertex   1.358158e+02 4.343498e+01 1.033698e+02
      vertex   1.358361e+02 4.341114e+01 1.033463e+02
    endloop
  endfacet
  facet normal 7.769743e-02 9.916538e-01 -1.028880e-01
    outer loop
      vertex   1.356413e+02 4.345508e+01 1.033315e+02
      vertex   1.357641e+02 4.345508e+01 1.034243e+02
      vertex   1.356708e+02 4.344997e+01 1.033046e+02
    endloop
  endfacet
  facet normal 7.976489e-02 9.913226e-01 -1.044849e-01
    outer loop
      vertex   1.356708e+02 4.344997e+01 1.033046e+02
      vertex   1.357641e+02 4.345508e+01 1.034243e+02
      vertex   1.357922e+02 4.344997e+01 1.033973e+02
    endloop
  endfacet
  facet normal 2.325609e-01 9.236414e-01 -3.046342e-01
    outer loop
      vertex   1.356708e+02 4.344997e+01 1.033046e+02
      vertex   1.357922e+02 4.344997e+01 1.033973e+02
      vertex   1.358158e+02 4.343498e+01 1.033698e+02
    endloop
  endfacet
  facet normal 9.051656e-02 9.915104e-01 -9.334829e-02
    outer loop
      vertex   1.357641e+02 4.345508e+01 1.034243e+02
      vertex   1.358746e+02 4.345508e+01 1.035314e+02
      vertex   1.357922e+02 4.344997e+01 1.033973e+02
    endloop
  endfacet
  facet normal 9.237112e-01 3.821095e-01 2.738466e-02
    outer loop
      vertex   1.363451e+02 4.334390e+01 1.043322e+02
      vertex   1.363301e+02 4.338008e+01 1.043327e+02
      vertex   1.363402e+02 4.334390e+01 1.044974e+02
    endloop
  endfacet
  facet normal 9.237112e-01 3.821095e-01 2.738466e-02
    outer loop
      vertex   1.363402e+02 4.334390e+01 1.044974e+02
      vertex   1.363301e+02 4.338008e+01 1.043327e+02
      vertex   1.363253e+02 4.338008e+01 1.044961e+02
    endloop
  endfacet
  facet normal 9.139889e-01 3.821095e-01 1.364427e-01
    outer loop
      vertex   1.363402e+02 4.334390e+01 1.044974e+02
      vertex   1.363253e+02 4.338008e+01 1.044961e+02
      vertex   1.363158e+02 4.334390e+01 1.046609e+02
    endloop
  endfacet
  facet normal 9.139889e-01 3.821095e-01 1.364427e-01
    outer loop
      vertex   1.363158e+02 4.334390e+01 1.046609e+02
      vertex   1.363253e+02 4.338008e+01 1.044961e+02
      vertex   1.363012e+02 4.338008e+01 1.046578e+02
    endloop
  endfacet
  facet normal 8.914362e-01 3.821095e-01 2.435854e-01
    outer loop
      vertex   1.363158e+02 4.334390e+01 1.046609e+02
      vertex   1.363012e+02 4.338008e+01 1.046578e+02
      vertex   1.362723e+02 4.334390e+01 1.048203e+02
    endloop
  endfacet
  facet normal 8.914362e-01 3.821095e-01 2.435854e-01
    outer loop
      vertex   1.362723e+02 4.334390e+01 1.048203e+02
      vertex   1.363012e+02 4.338008e+01 1.046578e+02
      vertex   1.362581e+02 4.338008e+01 1.048155e+02
    endloop
  endfacet
  facet normal 8.563697e-01 3.821095e-01 3.473087e-01
    outer loop
      vertex   1.362723e+02 4.334390e+01 1.048203e+02
      vertex   1.362581e+02 4.338008e+01 1.048155e+02
      vertex   1.362101e+02 4.334390e+01 1.049734e+02
    endloop
  endfacet
  facet normal 8.563697e-01 3.821095e-01 3.473087e-01
    outer loop
      vertex   1.362101e+02 4.334390e+01 1.049734e+02
      vertex   1.362581e+02 4.338008e+01 1.048155e+02
      vertex   1.361966e+02 4.338008e+01 1.049670e+02
    endloop
  endfacet
  facet normal 8.092816e-01 3.821095e-01 4.461565e-01
    outer loop
      vertex   1.362101e+02 4.334390e+01 1.049734e+02
      vertex   1.361966e+02 4.338008e+01 1.049670e+02
      vertex   1.361304e+02 4.334390e+01 1.051182e+02
    endloop
  endfacet
  facet normal 8.092816e-01 3.821095e-01 4.461565e-01
    outer loop
      vertex   1.361304e+02 4.334390e+01 1.051182e+02
      vertex   1.361966e+02 4.338008e+01 1.049670e+02
      vertex   1.361177e+02 4.338008e+01 1.051102e+02
    endloop
  endfacet
  facet normal 7.508330e-01 3.821095e-01 5.387413e-01
    outer loop
      vertex   1.361304e+02 4.334390e+01 1.051182e+02
      vertex   1.361177e+02 4.338008e+01 1.051102e+02
      vertex   1.360340e+02 4.334390e+01 1.052525e+02
    endloop
  endfacet
  facet normal 7.508330e-01 3.821095e-01 5.387413e-01
    outer loop
      vertex   1.360340e+02 4.334390e+01 1.052525e+02
      vertex   1.361177e+02 4.338008e+01 1.051102e+02
      vertex   1.360224e+02 4.338008e+01 1.052430e+02
    endloop
  endfacet
  facet normal 6.818443e-01 3.821095e-01 6.237633e-01
    outer loop
      vertex   1.360340e+02 4.334390e+01 1.052525e+02
      vertex   1.360224e+02 4.338008e+01 1.052430e+02
      vertex   1.359225e+02 4.334390e+01 1.053744e+02
    endloop
  endfacet
  facet normal 6.818443e-01 3.821095e-01 6.237633e-01
    outer loop
      vertex   1.359225e+02 4.334390e+01 1.053744e+02
      vertex   1.360224e+02 4.338008e+01 1.052430e+02
      vertex   1.359120e+02 4.338008e+01 1.053636e+02
    endloop
  endfacet
  facet normal 6.032840e-01 3.821095e-01 7.000290e-01
    outer loop
      vertex   1.359225e+02 4.334390e+01 1.053744e+02
      vertex   1.359120e+02 4.338008e+01 1.053636e+02
      vertex   1.357973e+02 4.334390e+01 1.054823e+02
    endloop
  endfacet
  facet normal 6.032840e-01 3.821095e-01 7.000290e-01
    outer loop
      vertex   1.357973e+02 4.334390e+01 1.054823e+02
      vertex   1.359120e+02 4.338008e+01 1.053636e+02
      vertex   1.357882e+02 4.338008e+01 1.054704e+02
    endloop
  endfacet
  facet normal 5.162550e-01 3.821095e-01 7.664679e-01
    outer loop
      vertex   1.357973e+02 4.334390e+01 1.054823e+02
      vertex   1.357882e+02 4.338008e+01 1.054704e+02
      vertex   1.356602e+02 4.334390e+01 1.055746e+02
    endloop
  endfacet
  facet normal 5.162550e-01 3.821095e-01 7.664679e-01
    outer loop
      vertex   1.356602e+02 4.334390e+01 1.055746e+02
      vertex   1.357882e+02 4.338008e+01 1.054704e+02
      vertex   1.356526e+02 4.338008e+01 1.055617e+02
    endloop
  endfacet
  facet normal 4.219789e-01 3.821095e-01 8.221473e-01
    outer loop
      vertex   1.356602e+02 4.334390e+01 1.055746e+02
      vertex   1.356526e+02 4.338008e+01 1.055617e+02
      vertex   1.355132e+02 4.334390e+01 1.056501e+02
    endloop
  endfacet
  facet normal 4.219789e-01 3.821095e-01 8.221473e-01
    outer loop
      vertex   1.355132e+02 4.334390e+01 1.056501e+02
      vertex   1.356526e+02 4.338008e+01 1.055617e+02
      vertex   1.355071e+02 4.338008e+01 1.056364e+02
    endloop
  endfacet
  facet normal 3.217791e-01 3.821095e-01 8.662855e-01
    outer loop
      vertex   1.355132e+02 4.334390e+01 1.056501e+02
      vertex   1.355071e+02 4.338008e+01 1.056364e+02
      vertex   1.353582e+02 4.334390e+01 1.057076e+02
    endloop
  endfacet
  facet normal 3.217791e-01 3.821095e-01 8.662855e-01
    outer loop
      vertex   1.353582e+02 4.334390e+01 1.057076e+02
      vertex   1.355071e+02 4.338008e+01 1.056364e+02
      vertex   1.353539e+02 4.338008e+01 1.056933e+02
    endloop
  endfacet
  facet normal 2.170622e-01 3.821095e-01 8.982629e-01
    outer loop
      vertex   1.353582e+02 4.334390e+01 1.057076e+02
      vertex   1.353539e+02 4.338008e+01 1.056933e+02
      vertex   1.351976e+02 4.334390e+01 1.057464e+02
    endloop
  endfacet
  facet normal 2.170622e-01 3.821095e-01 8.982629e-01
    outer loop
      vertex   1.351976e+02 4.334390e+01 1.057464e+02
      vertex   1.353539e+02 4.338008e+01 1.056933e+02
      vertex   1.351949e+02 4.338008e+01 1.057317e+02
    endloop
  endfacet
  facet normal 1.089628e-01 3.821024e-01 9.176736e-01
    outer loop
      vertex   1.351976e+02 4.334390e+01 1.057464e+02
      vertex   1.351949e+02 4.338008e+01 1.057317e+02
      vertex   1.350316e+02 4.338008e+01 1.057511e+02
    endloop
  endfacet
  facet normal 9.362728e-02 6.078416e-01 7.885192e-01
    outer loop
      vertex   1.350316e+02 4.338008e+01 1.057511e+02
      vertex   1.351949e+02 4.338008e+01 1.057317e+02
      vertex   1.350304e+02 4.341114e+01 1.057273e+02
    endloop
  endfacet
  facet normal 0.000000e+00 6.083384e-01 7.936777e-01
    outer loop
      vertex   1.350316e+02 4.338008e+01 1.057511e+02
      vertex   1.350304e+02 4.341114e+01 1.057273e+02
      vertex   1.348713e+02 4.341114e+01 1.057273e+02
    endloop
  endfacet
  facet normal -0.000000e+00 7.929809e-01 6.092465e-01
    outer loop
      vertex   1.348713e+02 4.341114e+01 1.057273e+02
      vertex   1.350304e+02 4.341114e+01 1.057273e+02
      vertex   1.348728e+02 4.343498e+01 1.056963e+02
    endloop
  endfacet
  facet normal -7.193546e-02 7.926945e-01 6.053600e-01
    outer loop
      vertex   1.348713e+02 4.341114e+01 1.057273e+02
      vertex   1.348728e+02 4.343498e+01 1.056963e+02
      vertex   1.347110e+02 4.341114e+01 1.057082e+02
    endloop
  endfacet
  facet normal -7.196957e-02 7.928329e-01 6.051746e-01
    outer loop
      vertex   1.347110e+02 4.341114e+01 1.057082e+02
      vertex   1.348728e+02 4.343498e+01 1.056963e+02
      vertex   1.347165e+02 4.343498e+01 1.056777e+02
    endloop
  endfacet
  facet normal -1.431478e-01 7.928361e-01 5.923847e-01
    outer loop
      vertex   1.347110e+02 4.341114e+01 1.057082e+02
      vertex   1.347165e+02 4.343498e+01 1.056777e+02
      vertex   1.345548e+02 4.341114e+01 1.056705e+02
    endloop
  endfacet
  facet normal -1.431478e-01 7.928361e-01 5.923847e-01
    outer loop
      vertex   1.345548e+02 4.341114e+01 1.056705e+02
      vertex   1.347165e+02 4.343498e+01 1.056777e+02
      vertex   1.345639e+02 4.343498e+01 1.056408e+02
    endloop
  endfacet
  facet normal -2.122062e-01 7.928361e-01 5.712962e-01
    outer loop
      vertex   1.345548e+02 4.341114e+01 1.056705e+02
      vertex   1.345639e+02 4.343498e+01 1.056408e+02
      vertex   1.344042e+02 4.341114e+01 1.056145e+02
    endloop
  endfacet
  facet normal -2.122062e-01 7.928361e-01 5.712962e-01
    outer loop
      vertex   1.344042e+02 4.341114e+01 1.056145e+02
      vertex   1.345639e+02 4.343498e+01 1.056408e+02
      vertex   1.344167e+02 4.343498e+01 1.055861e+02
    endloop
  endfacet
  facet normal -2.782858e-01 7.928361e-01 5.421881e-01
    outer loop
      vertex   1.344042e+02 4.341114e+01 1.056145e+02
      vertex   1.344167e+02 4.343498e+01 1.055861e+02
      vertex   1.342612e+02 4.341114e+01 1.055412e+02
    endloop
  endfacet
  facet normal -2.782858e-01 7.928361e-01 5.421881e-01
    outer loop
      vertex   1.342612e+02 4.341114e+01 1.055412e+02
      vertex   1.344167e+02 4.343498e+01 1.055861e+02
      vertex   1.342770e+02 4.343498e+01 1.055144e+02
    endloop
  endfacet
  facet normal -3.404588e-01 7.928361e-01 5.054688e-01
    outer loop
      vertex   1.342612e+02 4.341114e+01 1.055412e+02
      vertex   1.342770e+02 4.343498e+01 1.055144e+02
      vertex   1.341280e+02 4.341114e+01 1.054514e+02
    endloop
  endfacet
  facet normal -3.404588e-01 7.928361e-01 5.054688e-01
    outer loop
      vertex   1.341280e+02 4.341114e+01 1.054514e+02
      vertex   1.342770e+02 4.343498e+01 1.055144e+02
      vertex   1.341468e+02 4.343498e+01 1.054267e+02
    endloop
  endfacet
  facet normal -3.977603e-01 7.928395e-01 4.617275e-01
    outer loop
      vertex   1.341280e+02 4.341114e+01 1.054514e+02
      vertex   1.341468e+02 4.343498e+01 1.054267e+02
      vertex   1.340283e+02 4.343498e+01 1.053246e+02
    endloop
  endfacet
  facet normal -2.501841e-01 9.236153e-01 2.904183e-01
    outer loop
      vertex   1.340283e+02 4.343498e+01 1.053246e+02
      vertex   1.341468e+02 4.343498e+01 1.054267e+02
      vertex   1.340536e+02 4.344997e+01 1.052987e+02
    endloop
  endfacet
  facet normal 7.935211e-01 6.080878e-01 2.352500e-02
    outer loop
      vertex   1.363301e+02 4.338008e+01 1.043327e+02
      vertex   1.363063e+02 4.341114e+01 1.043334e+02
      vertex   1.363253e+02 4.338008e+01 1.044961e+02
    endloop
  endfacet
  facet normal 7.935211e-01 6.080878e-01 2.352500e-02
    outer loop
      vertex   1.363253e+02 4.338008e+01 1.044961e+02
      vertex   1.363063e+02 4.341114e+01 1.043334e+02
      vertex   1.363016e+02 4.341114e+01 1.044940e+02
    endloop
  endfacet
  facet normal 7.851691e-01 6.080878e-01 1.172121e-01
    outer loop
      vertex   1.363253e+02 4.338008e+01 1.044961e+02
      vertex   1.363016e+02 4.341114e+01 1.044940e+02
      vertex   1.363012e+02 4.338008e+01 1.046578e+02
    endloop
  endfacet
  facet normal 7.851691e-01 6.080878e-01 1.172121e-01
    outer loop
      vertex   1.363012e+02 4.338008e+01 1.046578e+02
      vertex   1.363016e+02 4.341114e+01 1.044940e+02
      vertex   1.362778e+02 4.341114e+01 1.046529e+02
    endloop
  endfacet
  facet normal 7.657950e-01 6.080878e-01 2.092539e-01
    outer loop
      vertex   1.363012e+02 4.338008e+01 1.046578e+02
      vertex   1.362778e+02 4.341114e+01 1.046529e+02
      vertex   1.362581e+02 4.338008e+01 1.048155e+02
    endloop
  endfacet
  facet normal 7.657950e-01 6.080878e-01 2.092539e-01
    outer loop
      vertex   1.362581e+02 4.338008e+01 1.048155e+02
      vertex   1.362778e+02 4.341114e+01 1.046529e+02
      vertex   1.362355e+02 4.341114e+01 1.048079e+02
    endloop
  endfacet
  facet normal 7.356708e-01 6.080878e-01 2.983581e-01
    outer loop
      vertex   1.362581e+02 4.338008e+01 1.048155e+02
      vertex   1.362355e+02 4.341114e+01 1.048079e+02
      vertex   1.361966e+02 4.338008e+01 1.049670e+02
    endloop
  endfacet
  facet normal 7.356708e-01 6.080878e-01 2.983581e-01
    outer loop
      vertex   1.361966e+02 4.338008e+01 1.049670e+02
      vertex   1.362355e+02 4.341114e+01 1.048079e+02
      vertex   1.361751e+02 4.341114e+01 1.049567e+02
    endloop
  endfacet
  facet normal 6.952195e-01 6.080878e-01 3.832741e-01
    outer loop
      vertex   1.361966e+02 4.338008e+01 1.049670e+02
      vertex   1.361751e+02 4.341114e+01 1.049567e+02
      vertex   1.361177e+02 4.338008e+01 1.051102e+02
    endloop
  endfacet
  facet normal 6.952195e-01 6.080878e-01 3.832741e-01
    outer loop
      vertex   1.361177e+02 4.338008e+01 1.051102e+02
      vertex   1.361751e+02 4.341114e+01 1.049567e+02
      vertex   1.360975e+02 4.341114e+01 1.050974e+02
    endloop
  endfacet
  facet normal 6.450088e-01 6.080878e-01 4.628098e-01
    outer loop
      vertex   1.361177e+02 4.338008e+01 1.051102e+02
      vertex   1.360975e+02 4.341114e+01 1.050974e+02
      vertex   1.360224e+02 4.338008e+01 1.052430e+02
    endloop
  endfacet
  facet normal 6.450088e-01 6.080878e-01 4.628098e-01
    outer loop
      vertex   1.360224e+02 4.338008e+01 1.052430e+02
      vertex   1.360975e+02 4.341114e+01 1.050974e+02
      vertex   1.360039e+02 4.341114e+01 1.052280e+02
    endloop
  endfacet
  facet normal 5.857435e-01 6.080878e-01 5.358486e-01
    outer loop
      vertex   1.360224e+02 4.338008e+01 1.052430e+02
      vertex   1.360039e+02 4.341114e+01 1.052280e+02
      vertex   1.359120e+02 4.338008e+01 1.053636e+02
    endloop
  endfacet
  facet normal 5.857435e-01 6.080878e-01 5.358486e-01
    outer loop
      vertex   1.359120e+02 4.338008e+01 1.053636e+02
      vertex   1.360039e+02 4.341114e+01 1.052280e+02
      vertex   1.358954e+02 4.341114e+01 1.053465e+02
    endloop
  endfacet
  facet normal 5.182557e-01 6.080878e-01 6.013653e-01
    outer loop
      vertex   1.359120e+02 4.338008e+01 1.053636e+02
      vertex   1.358954e+02 4.341114e+01 1.053465e+02
      vertex   1.357882e+02 4.338008e+01 1.054704e+02
    endloop
  endfacet
  facet normal 5.182557e-01 6.080878e-01 6.013653e-01
    outer loop
      vertex   1.357882e+02 4.338008e+01 1.054704e+02
      vertex   1.358954e+02 4.341114e+01 1.053465e+02
      vertex   1.357737e+02 4.341114e+01 1.054514e+02
    endloop
  endfacet
  facet normal 4.434928e-01 6.080878e-01 6.584401e-01
    outer loop
      vertex   1.357882e+02 4.338008e+01 1.054704e+02
      vertex   1.357737e+02 4.341114e+01 1.054514e+02
      vertex   1.356526e+02 4.338008e+01 1.055617e+02
    endloop
  endfacet
  facet normal 4.434928e-01 6.080878e-01 6.584401e-01
    outer loop
      vertex   1.356526e+02 4.338008e+01 1.055617e+02
      vertex   1.357737e+02 4.341114e+01 1.054514e+02
      vertex   1.356404e+02 4.341114e+01 1.055412e+02
    endloop
  endfacet
  facet normal 3.625041e-01 6.080878e-01 7.062719e-01
    outer loop
      vertex   1.356526e+02 4.338008e+01 1.055617e+02
      vertex   1.356404e+02 4.341114e+01 1.055412e+02
      vertex   1.355071e+02 4.338008e+01 1.056364e+02
    endloop
  endfacet
  facet normal 3.625041e-01 6.080878e-01 7.062719e-01
    outer loop
      vertex   1.355071e+02 4.338008e+01 1.056364e+02
      vertex   1.356404e+02 4.341114e+01 1.055412e+02
      vertex   1.354975e+02 4.341114e+01 1.056145e+02
    endloop
  endfacet
  facet normal 2.764267e-01 6.080878e-01 7.441891e-01
    outer loop
      vertex   1.355071e+02 4.338008e+01 1.056364e+02
      vertex   1.354975e+02 4.341114e+01 1.056145e+02
      vertex   1.353539e+02 4.338008e+01 1.056933e+02
    endloop
  endfacet
  facet normal 2.764267e-01 6.080878e-01 7.441891e-01
    outer loop
      vertex   1.353539e+02 4.338008e+01 1.056933e+02
      vertex   1.354975e+02 4.341114e+01 1.056145e+02
      vertex   1.353469e+02 4.341114e+01 1.056705e+02
    endloop
  endfacet
  facet normal 1.864689e-01 6.080878e-01 7.716596e-01
    outer loop
      vertex   1.353539e+02 4.338008e+01 1.056933e+02
      vertex   1.353469e+02 4.341114e+01 1.056705e+02
      vertex   1.351949e+02 4.338008e+01 1.057317e+02
    endloop
  endfacet
  facet normal 1.864689e-01 6.080878e-01 7.716596e-01
    outer loop
      vertex   1.351949e+02 4.338008e+01 1.057317e+02
      vertex   1.353469e+02 4.341114e+01 1.056705e+02
      vertex   1.351907e+02 4.341114e+01 1.057082e+02
    endloop
  endfacet
  facet normal 9.367773e-02 6.080816e-01 7.883281e-01
    outer loop
      vertex   1.351949e+02 4.338008e+01 1.057317e+02
      vertex   1.351907e+02 4.341114e+01 1.057082e+02
      vertex   1.350304e+02 4.341114e+01 1.057273e+02
    endloop
  endfacet
  facet normal 7.193546e-02 7.926945e-01 6.053600e-01
    outer loop
      vertex   1.350304e+02 4.341114e+01 1.057273e+02
      vertex   1.351907e+02 4.341114e+01 1.057082e+02
      vertex   1.350289e+02 4.343498e+01 1.056963e+02
    endloop
  endfacet
  facet normal 0.000000e+00 7.929809e-01 6.092465e-01
    outer loop
      vertex   1.350304e+02 4.341114e+01 1.057273e+02
      vertex   1.350289e+02 4.343498e+01 1.056963e+02
      vertex   1.348728e+02 4.343498e+01 1.056963e+02
    endloop
  endfacet
  facet normal -0.000000e+00 9.236965e-01 3.831250e-01
    outer loop
      vertex   1.348728e+02 4.343498e+01 1.056963e+02
      vertex   1.350289e+02 4.343498e+01 1.056963e+02
      vertex   1.348747e+02 4.344997e+01 1.056601e+02
    endloop
  endfacet
  facet normal -4.527488e-02 9.235873e-01 3.807055e-01
    outer loop
      vertex   1.348728e+02 4.343498e+01 1.056963e+02
      vertex   1.348747e+02 4.344997e+01 1.056601e+02
      vertex   1.347165e+02 4.343498e+01 1.056777e+02
    endloop
  endfacet
  facet normal -4.529452e-02 9.236406e-01 3.805737e-01
    outer loop
      vertex   1.347165e+02 4.343498e+01 1.056777e+02
      vertex   1.348747e+02 4.344997e+01 1.056601e+02
      vertex   1.347229e+02 4.344997e+01 1.056420e+02
    endloop
  endfacet
  facet normal -9.002193e-02 9.236414e-01 3.725354e-01
    outer loop
      vertex   1.347165e+02 4.343498e+01 1.056777e+02
      vertex   1.347229e+02 4.344997e+01 1.056420e+02
      vertex   1.345639e+02 4.343498e+01 1.056408e+02
    endloop
  endfacet
  facet normal -9.002193e-02 9.236414e-01 3.725354e-01
    outer loop
      vertex   1.345639e+02 4.343498e+01 1.056408e+02
      vertex   1.347229e+02 4.344997e+01 1.056420e+02
      vertex   1.345744e+02 4.344997e+01 1.056062e+02
    endloop
  endfacet
  facet normal -1.334510e-01 9.236414e-01 3.592735e-01
    outer loop
      vertex   1.345639e+02 4.343498e+01 1.056408e+02
      vertex   1.345744e+02 4.344997e+01 1.056062e+02
      vertex   1.344167e+02 4.343498e+01 1.055861e+02
    endloop
  endfacet
  facet normal -1.334510e-01 9.236414e-01 3.592735e-01
    outer loop
      vertex   1.344167e+02 4.343498e+01 1.055861e+02
      vertex   1.345744e+02 4.344997e+01 1.056062e+02
      vertex   1.344313e+02 4.344997e+01 1.055530e+02
    endloop
  endfacet
  facet normal -1.750068e-01 9.236414e-01 3.409681e-01
    outer loop
      vertex   1.344167e+02 4.343498e+01 1.055861e+02
      vertex   1.344313e+02 4.344997e+01 1.055530e+02
      vertex   1.342770e+02 4.343498e+01 1.055144e+02
    endloop
  endfacet
  facet normal -1.750068e-01 9.236414e-01 3.409681e-01
    outer loop
      vertex   1.342770e+02 4.343498e+01 1.055144e+02
      vertex   1.344313e+02 4.344997e+01 1.055530e+02
      vertex   1.342954e+02 4.344997e+01 1.054833e+02
    endloop
  endfacet
  facet normal -2.141058e-01 9.236414e-01 3.178763e-01
    outer loop
      vertex   1.342770e+02 4.343498e+01 1.055144e+02
      vertex   1.342954e+02 4.344997e+01 1.054833e+02
      vertex   1.341468e+02 4.343498e+01 1.054267e+02
    endloop
  endfacet
  facet normal -2.141058e-01 9.236414e-01 3.178763e-01
    outer loop
      vertex   1.341468e+02 4.343498e+01 1.054267e+02
      vertex   1.342954e+02 4.344997e+01 1.054833e+02
      vertex   1.341688e+02 4.344997e+01 1.053980e+02
    endloop
  endfacet
  facet normal -2.501259e-01 9.236433e-01 2.903792e-01
    outer loop
      vertex   1.341468e+02 4.343498e+01 1.054267e+02
      vertex   1.341688e+02 4.344997e+01 1.053980e+02
      vertex   1.340536e+02 4.344997e+01 1.052987e+02
    endloop
  endfacet
  facet normal 9.204666e-01 3.821095e-01 -8.205780e-02
    outer loop
      vertex   1.363301e+02 4.338008e+01 1.043327e+02
      vertex   1.363451e+02 4.334390e+01 1.043322e+02
      vertex   1.363156e+02 4.338008e+01 1.041698e+02
    endloop
  endfacet
  facet normal 9.204666e-01 3.821095e-01 -8.205780e-02
    outer loop
      vertex   1.363156e+02 4.338008e+01 1.041698e+02
      vertex   1.363451e+02 4.334390e+01 1.043322e+02
      vertex   1.363304e+02 4.334390e+01 1.041676e+02
    endloop
  endfacet
  facet normal 9.043007e-01 3.821095e-01 -1.903484e-01
    outer loop
      vertex   1.363156e+02 4.338008e+01 1.041698e+02
      vertex   1.363304e+02 4.334390e+01 1.041676e+02
      vertex   1.362819e+02 4.338008e+01 1.040098e+02
    endloop
  endfacet
  facet normal 9.043007e-01 3.821095e-01 -1.903484e-01
    outer loop
      vertex   1.362819e+02 4.338008e+01 1.040098e+02
      vertex   1.363304e+02 4.334390e+01 1.041676e+02
      vertex   1.362964e+02 4.334390e+01 1.040059e+02
    endloop
  endfacet
  facet normal 8.754404e-01 3.821095e-01 -2.959668e-01
    outer loop
      vertex   1.362819e+02 4.338008e+01 1.040098e+02
      vertex   1.362964e+02 4.334390e+01 1.040059e+02
      vertex   1.362296e+02 4.338008e+01 1.038549e+02
    endloop
  endfacet
  facet normal 8.754404e-01 3.821095e-01 -2.959668e-01
    outer loop
      vertex   1.362296e+02 4.338008e+01 1.038549e+02
      vertex   1.362964e+02 4.334390e+01 1.040059e+02
      vertex   1.362435e+02 4.334390e+01 1.038493e+02
    endloop
  endfacet
  facet normal 8.342909e-01 3.821095e-01 -3.974306e-01
    outer loop
      vertex   1.362296e+02 4.338008e+01 1.038549e+02
      vertex   1.362435e+02 4.334390e+01 1.038493e+02
      vertex   1.361593e+02 4.338008e+01 1.037073e+02
    endloop
  endfacet
  facet normal 8.342909e-01 3.821095e-01 -3.974306e-01
    outer loop
      vertex   1.361593e+02 4.338008e+01 1.037073e+02
      vertex   1.362435e+02 4.334390e+01 1.038493e+02
      vertex   1.361724e+02 4.334390e+01 1.037001e+02
    endloop
  endfacet
  facet normal 7.814297e-01 3.821095e-01 -4.933153e-01
    outer loop
      vertex   1.361593e+02 4.338008e+01 1.037073e+02
      vertex   1.361724e+02 4.334390e+01 1.037001e+02
      vertex   1.360720e+02 4.338008e+01 1.035691e+02
    endloop
  endfacet
  facet normal 7.814297e-01 3.821095e-01 -4.933153e-01
    outer loop
      vertex   1.360720e+02 4.338008e+01 1.035691e+02
      vertex   1.361724e+02 4.334390e+01 1.037001e+02
      vertex   1.360842e+02 4.334390e+01 1.035604e+02
    endloop
  endfacet
  facet normal 7.175989e-01 3.821095e-01 -5.822749e-01
    outer loop
      vertex   1.360720e+02 4.338008e+01 1.035691e+02
      vertex   1.360842e+02 4.334390e+01 1.035604e+02
      vertex   1.359690e+02 4.338008e+01 1.034421e+02
    endloop
  endfacet
  facet normal 7.175989e-01 3.821095e-01 -5.822749e-01
    outer loop
      vertex   1.359690e+02 4.338008e+01 1.034421e+02
      vertex   1.360842e+02 4.334390e+01 1.035604e+02
      vertex   1.359800e+02 4.334390e+01 1.034320e+02
    endloop
  endfacet
  facet normal 6.091672e-01 7.928361e-01 1.805958e-02
    outer loop
      vertex   1.363063e+02 4.341114e+01 1.043334e+02
      vertex   1.362753e+02 4.343498e+01 1.043343e+02
      vertex   1.363016e+02 4.341114e+01 1.044940e+02
    endloop
  endfacet
  facet normal 6.091672e-01 7.928361e-01 1.805958e-02
    outer loop
      vertex   1.363016e+02 4.341114e+01 1.044940e+02
      vertex   1.362753e+02 4.343498e+01 1.043343e+02
      vertex   1.362706e+02 4.343498e+01 1.044912e+02
    endloop
  endfacet
  facet normal 6.027556e-01 7.928361e-01 8.998097e-02
    outer loop
      vertex   1.363016e+02 4.341114e+01 1.044940e+02
      vertex   1.362706e+02 4.343498e+01 1.044912e+02
      vertex   1.362778e+02 4.341114e+01 1.046529e+02
    endloop
  endfacet
  facet normal 6.027556e-01 7.928361e-01 8.998097e-02
    outer loop
      vertex   1.362778e+02 4.341114e+01 1.046529e+02
      vertex   1.362706e+02 4.343498e+01 1.044912e+02
      vertex   1.362474e+02 4.343498e+01 1.046465e+02
    endloop
  endfacet
  facet normal 5.878826e-01 7.928361e-01 1.606392e-01
    outer loop
      vertex   1.362778e+02 4.341114e+01 1.046529e+02
      vertex   1.362474e+02 4.343498e+01 1.046465e+02
      vertex   1.362355e+02 4.341114e+01 1.048079e+02
    endloop
  endfacet
  facet normal 5.878826e-01 7.928361e-01 1.606392e-01
    outer loop
      vertex   1.362355e+02 4.341114e+01 1.048079e+02
      vertex   1.362474e+02 4.343498e+01 1.046465e+02
      vertex   1.362060e+02 4.343498e+01 1.047979e+02
    endloop
  endfacet
  facet normal 5.647570e-01 7.928361e-01 2.290424e-01
    outer loop
      vertex   1.362355e+02 4.341114e+01 1.048079e+02
      vertex   1.362060e+02 4.343498e+01 1.047979e+02
      vertex   1.361751e+02 4.341114e+01 1.049567e+02
    endloop
  endfacet
  facet normal 5.647570e-01 7.928361e-01 2.290424e-01
    outer loop
      vertex   1.361751e+02 4.341114e+01 1.049567e+02
      vertex   1.362060e+02 4.343498e+01 1.047979e+02
      vertex   1.361470e+02 4.343498e+01 1.049434e+02
    endloop
  endfacet
  facet normal 5.337034e-01 7.928361e-01 2.942304e-01
    outer loop
      vertex   1.361751e+02 4.341114e+01 1.049567e+02
      vertex   1.361470e+02 4.343498e+01 1.049434e+02
      vertex   1.360975e+02 4.341114e+01 1.050974e+02
    endloop
  endfacet
  facet normal 5.337034e-01 7.928361e-01 2.942304e-01
    outer loop
      vertex   1.360975e+02 4.341114e+01 1.050974e+02
      vertex   1.361470e+02 4.343498e+01 1.049434e+02
      vertex   1.360713e+02 4.343498e+01 1.050809e+02
    endloop
  endfacet
  facet normal 4.951578e-01 7.928361e-01 3.552880e-01
    outer loop
      vertex   1.360975e+02 4.341114e+01 1.050974e+02
      vertex   1.360713e+02 4.343498e+01 1.050809e+02
      vertex   1.360039e+02 4.341114e+01 1.052280e+02
    endloop
  endfacet
  facet normal 4.951578e-01 7.928361e-01 3.552880e-01
    outer loop
      vertex   1.360039e+02 4.341114e+01 1.052280e+02
      vertex   1.360713e+02 4.343498e+01 1.050809e+02
      vertex   1.359797e+02 4.343498e+01 1.052084e+02
    endloop
  endfacet
  facet normal 4.496613e-01 7.928361e-01 4.113582e-01
    outer loop
      vertex   1.360039e+02 4.341114e+01 1.052280e+02
      vertex   1.359797e+02 4.343498e+01 1.052084e+02
      vertex   1.358954e+02 4.341114e+01 1.053465e+02
    endloop
  endfacet
  facet normal 4.496613e-01 7.928361e-01 4.113582e-01
    outer loop
      vertex   1.358954e+02 4.341114e+01 1.053465e+02
      vertex   1.359797e+02 4.343498e+01 1.052084e+02
      vertex   1.358738e+02 4.343498e+01 1.053242e+02
    endloop
  endfacet
  facet normal 3.978526e-01 7.928361e-01 4.616538e-01
    outer loop
      vertex   1.358954e+02 4.341114e+01 1.053465e+02
      vertex   1.358738e+02 4.343498e+01 1.053242e+02
      vertex   1.357737e+02 4.341114e+01 1.054514e+02
    endloop
  endfacet
  facet normal 3.978526e-01 7.928361e-01 4.616538e-01
    outer loop
      vertex   1.357737e+02 4.341114e+01 1.054514e+02
      vertex   1.358738e+02 4.343498e+01 1.053242e+02
      vertex   1.357549e+02 4.343498e+01 1.054267e+02
    endloop
  endfacet
  facet normal 3.404588e-01 7.928361e-01 5.054688e-01
    outer loop
      vertex   1.357737e+02 4.341114e+01 1.054514e+02
      vertex   1.357549e+02 4.343498e+01 1.054267e+02
      vertex   1.356404e+02 4.341114e+01 1.055412e+02
    endloop
  endfacet
  facet normal 3.404588e-01 7.928361e-01 5.054688e-01
    outer loop
      vertex   1.356404e+02 4.341114e+01 1.055412e+02
      vertex   1.357549e+02 4.343498e+01 1.054267e+02
      vertex   1.356246e+02 4.343498e+01 1.055144e+02
    endloop
  endfacet
  facet normal 2.782858e-01 7.928361e-01 5.421881e-01
    outer loop
      vertex   1.356404e+02 4.341114e+01 1.055412e+02
      vertex   1.356246e+02 4.343498e+01 1.055144e+02
      vertex   1.354975e+02 4.341114e+01 1.056145e+02
    endloop
  endfacet
  facet normal 2.782858e-01 7.928361e-01 5.421881e-01
    outer loop
      vertex   1.354975e+02 4.341114e+01 1.056145e+02
      vertex   1.356246e+02 4.343498e+01 1.055144e+02
      vertex   1.354850e+02 4.343498e+01 1.055861e+02
    endloop
  endfacet
  facet normal 2.122062e-01 7.928361e-01 5.712962e-01
    outer loop
      vertex   1.354975e+02 4.341114e+01 1.056145e+02
      vertex   1.354850e+02 4.343498e+01 1.055861e+02
      vertex   1.353469e+02 4.341114e+01 1.056705e+02
    endloop
  endfacet
  facet normal 2.122062e-01 7.928361e-01 5.712962e-01
    outer loop
      vertex   1.353469e+02 4.341114e+01 1.056705e+02
      vertex   1.354850e+02 4.343498e+01 1.055861e+02
      vertex   1.353378e+02 4.343498e+01 1.056408e+02
    endloop
  endfacet
  facet normal 1.431478e-01 7.928361e-01 5.923847e-01
    outer loop
      vertex   1.353469e+02 4.341114e+01 1.056705e+02
      vertex   1.353378e+02 4.343498e+01 1.056408e+02
      vertex   1.351907e+02 4.341114e+01 1.057082e+02
    endloop
  endfacet
  facet normal 1.431478e-01 7.928361e-01 5.923847e-01
    outer loop
      vertex   1.351907e+02 4.341114e+01 1.057082e+02
      vertex   1.353378e+02 4.343498e+01 1.056408e+02
      vertex   1.351852e+02 4.343498e+01 1.056777e+02
    endloop
  endfacet
  facet normal 7.196957e-02 7.928329e-01 6.051746e-01
    outer loop
      vertex   1.351907e+02 4.341114e+01 1.057082e+02
      vertex   1.351852e+02 4.343498e+01 1.056777e+02
      vertex   1.350289e+02 4.343498e+01 1.056963e+02
    endloop
  endfacet
  facet normal 4.527488e-02 9.235873e-01 3.807055e-01
    outer loop
      vertex   1.350289e+02 4.343498e+01 1.056963e+02
      vertex   1.351852e+02 4.343498e+01 1.056777e+02
      vertex   1.350270e+02 4.344997e+01 1.056601e+02
    endloop
  endfacet
  facet normal 0.000000e+00 9.236965e-01 3.831250e-01
    outer loop
      vertex   1.350289e+02 4.343498e+01 1.056963e+02
      vertex   1.350270e+02 4.344997e+01 1.056601e+02
      vertex   1.348747e+02 4.344997e+01 1.056601e+02
    endloop
  endfacet
  facet normal 7.907338e-01 6.080878e-01 -7.049238e-02
    outer loop
      vertex   1.363063e+02 4.341114e+01 1.043334e+02
      vertex   1.363301e+02 4.338008e+01 1.043327e+02
      vertex   1.362920e+02 4.341114e+01 1.041733e+02
    endloop
  endfacet
  facet normal 7.907338e-01 6.080878e-01 -7.049238e-02
    outer loop
      vertex   1.362920e+02 4.341114e+01 1.041733e+02
      vertex   1.363301e+02 4.338008e+01 1.043327e+02
      vertex   1.363156e+02 4.338008e+01 1.041698e+02
    endloop
  endfacet
  facet normal 7.768464e-01 6.080878e-01 -1.635202e-01
    outer loop
      vertex   1.362920e+02 4.341114e+01 1.041733e+02
      vertex   1.363156e+02 4.338008e+01 1.041698e+02
      vertex   1.362590e+02 4.341114e+01 1.040161e+02
    endloop
  endfacet
  facet normal 7.768464e-01 6.080878e-01 -1.635202e-01
    outer loop
      vertex   1.362590e+02 4.341114e+01 1.040161e+02
      vertex   1.363156e+02 4.338008e+01 1.041698e+02
      vertex   1.362819e+02 4.338008e+01 1.040098e+02
    endloop
  endfacet
  facet normal 7.520537e-01 6.080878e-01 -2.542525e-01
    outer loop
      vertex   1.362590e+02 4.341114e+01 1.040161e+02
      vertex   1.362819e+02 4.338008e+01 1.040098e+02
      vertex   1.362075e+02 4.341114e+01 1.038639e+02
    endloop
  endfacet
  facet normal 7.520537e-01 6.080878e-01 -2.542525e-01
    outer loop
      vertex   1.362075e+02 4.341114e+01 1.038639e+02
      vertex   1.362819e+02 4.338008e+01 1.040098e+02
      vertex   1.362296e+02 4.338008e+01 1.038549e+02
    endloop
  endfacet
  facet normal 7.167039e-01 6.080878e-01 -3.414158e-01
    outer loop
      vertex   1.362075e+02 4.341114e+01 1.038639e+02
      vertex   1.362296e+02 4.338008e+01 1.038549e+02
      vertex   1.361384e+02 4.341114e+01 1.037189e+02
    endloop
  endfacet
  facet normal 7.167039e-01 6.080878e-01 -3.414158e-01
    outer loop
      vertex   1.361384e+02 4.341114e+01 1.037189e+02
      vertex   1.362296e+02 4.338008e+01 1.038549e+02
      vertex   1.361593e+02 4.338008e+01 1.037073e+02
    endloop
  endfacet
  facet normal 6.712931e-01 6.080878e-01 -4.237862e-01
    outer loop
      vertex   1.361384e+02 4.341114e+01 1.037189e+02
      vertex   1.361593e+02 4.338008e+01 1.037073e+02
      vertex   1.360526e+02 4.341114e+01 1.035830e+02
    endloop
  endfacet
  facet normal 6.712931e-01 6.080878e-01 -4.237862e-01
    outer loop
      vertex   1.360526e+02 4.341114e+01 1.035830e+02
      vertex   1.361593e+02 4.338008e+01 1.037073e+02
      vertex   1.360720e+02 4.338008e+01 1.035691e+02
    endloop
  endfacet
  facet normal 6.164588e-01 6.080878e-01 -5.002077e-01
    outer loop
      vertex   1.360526e+02 4.341114e+01 1.035830e+02
      vertex   1.360720e+02 4.338008e+01 1.035691e+02
      vertex   1.359514e+02 4.341114e+01 1.034582e+02
    endloop
  endfacet
  facet normal 6.164588e-01 6.080878e-01 -5.002077e-01
    outer loop
      vertex   1.359514e+02 4.341114e+01 1.034582e+02
      vertex   1.360720e+02 4.338008e+01 1.035691e+02
      vertex   1.359690e+02 4.338008e+01 1.034421e+02
    endloop
  endfacet
  facet normal 3.830896e-01 9.236414e-01 1.135721e-02
    outer loop
      vertex   1.362753e+02 4.343498e+01 1.043343e+02
      vertex   1.362391e+02 4.344997e+01 1.043354e+02
      vertex   1.362706e+02 4.343498e+01 1.044912e+02
    endloop
  endfacet
  facet normal 3.830896e-01 9.236414e-01 1.135721e-02
    outer loop
      vertex   1.362706e+02 4.343498e+01 1.044912e+02
      vertex   1.362391e+02 4.344997e+01 1.043354e+02
      vertex   1.362346e+02 4.344997e+01 1.044880e+02
    endloop
  endfacet
  facet normal 3.790575e-01 9.236414e-01 5.658671e-02
    outer loop
      vertex   1.362706e+02 4.343498e+01 1.044912e+02
      vertex   1.362346e+02 4.344997e+01 1.044880e+02
      vertex   1.362474e+02 4.343498e+01 1.046465e+02
    endloop
  endfacet
  facet normal 3.790575e-01 9.236414e-01 5.658671e-02
    outer loop
      vertex   1.362474e+02 4.343498e+01 1.046465e+02
      vertex   1.362346e+02 4.344997e+01 1.044880e+02
      vertex   1.362120e+02 4.344997e+01 1.046390e+02
    endloop
  endfacet
  facet normal 3.697042e-01 9.236414e-01 1.010219e-01
    outer loop
      vertex   1.362474e+02 4.343498e+01 1.046465e+02
      vertex   1.362120e+02 4.344997e+01 1.046390e+02
      vertex   1.362060e+02 4.343498e+01 1.047979e+02
    endloop
  endfacet
  facet normal 3.697042e-01 9.236414e-01 1.010219e-01
    outer loop
      vertex   1.362060e+02 4.343498e+01 1.047979e+02
      vertex   1.362120e+02 4.344997e+01 1.046390e+02
      vertex   1.361718e+02 4.344997e+01 1.047863e+02
    endloop
  endfacet
  facet normal 3.551611e-01 9.236414e-01 1.440389e-01
    outer loop
      vertex   1.362060e+02 4.343498e+01 1.047979e+02
      vertex   1.361718e+02 4.344997e+01 1.047863e+02
      vertex   1.361470e+02 4.343498e+01 1.049434e+02
    endloop
  endfacet
  facet normal 3.551611e-01 9.236414e-01 1.440389e-01
    outer loop
      vertex   1.361470e+02 4.343498e+01 1.049434e+02
      vertex   1.361718e+02 4.344997e+01 1.047863e+02
      vertex   1.361144e+02 4.344997e+01 1.049278e+02
    endloop
  endfacet
  facet normal 3.356323e-01 9.236414e-01 1.850339e-01
    outer loop
      vertex   1.361470e+02 4.343498e+01 1.049434e+02
      vertex   1.361144e+02 4.344997e+01 1.049278e+02
      vertex   1.360713e+02 4.343498e+01 1.050809e+02
    endloop
  endfacet
  facet normal 3.356323e-01 9.236414e-01 1.850339e-01
    outer loop
      vertex   1.360713e+02 4.343498e+01 1.050809e+02
      vertex   1.361144e+02 4.344997e+01 1.049278e+02
      vertex   1.360407e+02 4.344997e+01 1.050616e+02
    endloop
  endfacet
  facet normal 3.113920e-01 9.236414e-01 2.234315e-01
    outer loop
      vertex   1.360713e+02 4.343498e+01 1.050809e+02
      vertex   1.360407e+02 4.344997e+01 1.050616e+02
      vertex   1.359797e+02 4.343498e+01 1.052084e+02
    endloop
  endfacet
  facet normal 3.113920e-01 9.236414e-01 2.234315e-01
    outer loop
      vertex   1.359797e+02 4.343498e+01 1.052084e+02
      vertex   1.360407e+02 4.344997e+01 1.050616e+02
      vertex   1.359516e+02 4.344997e+01 1.051856e+02
    endloop
  endfacet
  facet normal 2.827804e-01 9.236414e-01 2.586926e-01
    outer loop
      vertex   1.359797e+02 4.343498e+01 1.052084e+02
      vertex   1.359516e+02 4.344997e+01 1.051856e+02
      vertex   1.358738e+02 4.343498e+01 1.053242e+02
    endloop
  endfacet
  facet normal 2.827804e-01 9.236414e-01 2.586926e-01
    outer loop
      vertex   1.358738e+02 4.343498e+01 1.053242e+02
      vertex   1.359516e+02 4.344997e+01 1.051856e+02
      vertex   1.358486e+02 4.344997e+01 1.052983e+02
    endloop
  endfacet
  facet normal 2.501992e-01 9.236414e-01 2.903222e-01
    outer loop
      vertex   1.358738e+02 4.343498e+01 1.053242e+02
      vertex   1.358486e+02 4.344997e+01 1.052983e+02
      vertex   1.357549e+02 4.343498e+01 1.054267e+02
    endloop
  endfacet
  facet normal 2.501992e-01 9.236414e-01 2.903222e-01
    outer loop
      vertex   1.357549e+02 4.343498e+01 1.054267e+02
      vertex   1.358486e+02 4.344997e+01 1.052983e+02
      vertex   1.357329e+02 4.344997e+01 1.053980e+02
    endloop
  endfacet
  facet normal 2.141058e-01 9.236414e-01 3.178763e-01
    outer loop
      vertex   1.357549e+02 4.343498e+01 1.054267e+02
      vertex   1.357329e+02 4.344997e+01 1.053980e+02
      vertex   1.356246e+02 4.343498e+01 1.055144e+02
    endloop
  endfacet
  facet normal 2.141058e-01 9.236414e-01 3.178763e-01
    outer loop
      vertex   1.356246e+02 4.343498e+01 1.055144e+02
      vertex   1.357329e+02 4.344997e+01 1.053980e+02
      vertex   1.356062e+02 4.344997e+01 1.054833e+02
    endloop
  endfacet
  facet normal 1.750068e-01 9.236414e-01 3.409681e-01
    outer loop
      vertex   1.356246e+02 4.343498e+01 1.055144e+02
      vertex   1.356062e+02 4.344997e+01 1.054833e+02
      vertex   1.354850e+02 4.343498e+01 1.055861e+02
    endloop
  endfacet
  facet normal 1.750068e-01 9.236414e-01 3.409681e-01
    outer loop
      vertex   1.354850e+02 4.343498e+01 1.055861e+02
      vertex   1.356062e+02 4.344997e+01 1.054833e+02
      vertex   1.354704e+02 4.344997e+01 1.055530e+02
    endloop
  endfacet
  facet normal 1.334510e-01 9.236414e-01 3.592735e-01
    outer loop
      vertex   1.354850e+02 4.343498e+01 1.055861e+02
      vertex   1.354704e+02 4.344997e+01 1.055530e+02
      vertex   1.353378e+02 4.343498e+01 1.056408e+02
    endloop
  endfacet
  facet normal 1.334510e-01 9.236414e-01 3.592735e-01
    outer loop
      vertex   1.353378e+02 4.343498e+01 1.056408e+02
      vertex   1.354704e+02 4.344997e+01 1.055530e+02
      vertex   1.353273e+02 4.344997e+01 1.056062e+02
    endloop
  endfacet
  facet normal 9.002193e-02 9.236414e-01 3.725354e-01
    outer loop
      vertex   1.353378e+02 4.343498e+01 1.056408e+02
      vertex   1.353273e+02 4.344997e+01 1.056062e+02
      vertex   1.351852e+02 4.343498e+01 1.056777e+02
    endloop
  endfacet
  facet normal 9.002193e-02 9.236414e-01 3.725354e-01
    outer loop
      vertex   1.351852e+02 4.343498e+01 1.056777e+02
      vertex   1.353273e+02 4.344997e+01 1.056062e+02
      vertex   1.351788e+02 4.344997e+01 1.056420e+02
    endloop
  endfacet
  facet normal 4.529452e-02 9.236406e-01 3.805737e-01
    outer loop
      vertex   1.351852e+02 4.343498e+01 1.056777e+02
      vertex   1.351788e+02 4.344997e+01 1.056420e+02
      vertex   1.350270e+02 4.344997e+01 1.056601e+02
    endloop
  endfacet
  facet normal 6.070275e-01 7.928361e-01 -5.411532e-02
    outer loop
      vertex   1.362753e+02 4.343498e+01 1.043343e+02
      vertex   1.363063e+02 4.341114e+01 1.043334e+02
      vertex   1.362613e+02 4.343498e+01 1.041779e+02
    endloop
  endfacet
  facet normal 6.070275e-01 7.928361e-01 -5.411532e-02
    outer loop
      vertex   1.362613e+02 4.343498e+01 1.041779e+02
      vertex   1.363063e+02 4.341114e+01 1.043334e+02
      vertex   1.362920e+02 4.341114e+01 1.041733e+02
    endloop
  endfacet
  facet normal 5.963665e-01 7.928361e-01 -1.255306e-01
    outer loop
      vertex   1.362613e+02 4.343498e+01 1.041779e+02
      vertex   1.362920e+02 4.341114e+01 1.041733e+02
      vertex   1.362290e+02 4.343498e+01 1.040243e+02
    endloop
  endfacet
  facet normal 5.963665e-01 7.928361e-01 -1.255306e-01
    outer loop
      vertex   1.362290e+02 4.343498e+01 1.040243e+02
      vertex   1.362920e+02 4.341114e+01 1.041733e+02
      vertex   1.362590e+02 4.341114e+01 1.040161e+02
    endloop
  endfacet
  facet normal 5.773337e-01 7.928361e-01 -1.951836e-01
    outer loop
      vertex   1.362290e+02 4.343498e+01 1.040243e+02
      vertex   1.362590e+02 4.341114e+01 1.040161e+02
      vertex   1.361787e+02 4.343498e+01 1.038756e+02
    endloop
  endfacet
  facet normal 5.773337e-01 7.928361e-01 -1.951836e-01
    outer loop
      vertex   1.361787e+02 4.343498e+01 1.038756e+02
      vertex   1.362590e+02 4.341114e+01 1.040161e+02
      vertex   1.362075e+02 4.341114e+01 1.038639e+02
    endloop
  endfacet
  facet normal 5.501965e-01 7.928361e-01 -2.620967e-01
    outer loop
      vertex   1.361787e+02 4.343498e+01 1.038756e+02
      vertex   1.362075e+02 4.341114e+01 1.038639e+02
      vertex   1.361112e+02 4.343498e+01 1.037338e+02
    endloop
  endfacet
  facet normal 5.501965e-01 7.928361e-01 -2.620967e-01
    outer loop
      vertex   1.361112e+02 4.343498e+01 1.037338e+02
      vertex   1.362075e+02 4.341114e+01 1.038639e+02
      vertex   1.361384e+02 4.341114e+01 1.037189e+02
    endloop
  endfacet
  facet normal 5.153357e-01 7.928361e-01 -3.253306e-01
    outer loop
      vertex   1.361112e+02 4.343498e+01 1.037338e+02
      vertex   1.361384e+02 4.341114e+01 1.037189e+02
      vertex   1.360274e+02 4.343498e+01 1.036011e+02
    endloop
  endfacet
  facet normal 5.153357e-01 7.928361e-01 -3.253306e-01
    outer loop
      vertex   1.360274e+02 4.343498e+01 1.036011e+02
      vertex   1.361384e+02 4.341114e+01 1.037189e+02
      vertex   1.360526e+02 4.341114e+01 1.035830e+02
    endloop
  endfacet
  facet normal 4.732407e-01 7.928361e-01 -3.839975e-01
    outer loop
      vertex   1.360274e+02 4.343498e+01 1.036011e+02
      vertex   1.360526e+02 4.341114e+01 1.035830e+02
      vertex   1.359285e+02 4.343498e+01 1.034792e+02
    endloop
  endfacet
  facet normal 4.732407e-01 7.928361e-01 -3.839975e-01
    outer loop
      vertex   1.359285e+02 4.343498e+01 1.034792e+02
      vertex   1.360526e+02 4.341114e+01 1.035830e+02
      vertex   1.359514e+02 4.341114e+01 1.034582e+02
    endloop
  endfacet
  facet normal 3.817440e-01 9.236414e-01 -3.403173e-02
    outer loop
      vertex   1.362391e+02 4.344997e+01 1.043354e+02
      vertex   1.362753e+02 4.343498e+01 1.043343e+02
      vertex   1.362255e+02 4.344997e+01 1.041833e+02
    endloop
  endfacet
  facet normal 3.817440e-01 9.236414e-01 -3.403173e-02
    outer loop
      vertex   1.362255e+02 4.344997e+01 1.041833e+02
      vertex   1.362753e+02 4.343498e+01 1.043343e+02
      vertex   1.362613e+02 4.343498e+01 1.041779e+02
    endloop
  endfacet
  facet normal 3.750395e-01 9.236414e-01 -7.894293e-02
    outer loop
      vertex   1.362255e+02 4.344997e+01 1.041833e+02
      vertex   1.362613e+02 4.343498e+01 1.041779e+02
      vertex   1.361941e+02 4.344997e+01 1.040338e+02
    endloop
  endfacet
  facet normal 3.750395e-01 9.236414e-01 -7.894293e-02
    outer loop
      vertex   1.361941e+02 4.344997e+01 1.040338e+02
      vertex   1.362613e+02 4.343498e+01 1.041779e+02
      vertex   1.362290e+02 4.343498e+01 1.040243e+02
    endloop
  endfacet
  facet normal 3.630703e-01 9.236414e-01 -1.227459e-01
    outer loop
      vertex   1.361941e+02 4.344997e+01 1.040338e+02
      vertex   1.362290e+02 4.343498e+01 1.040243e+02
      vertex   1.361452e+02 4.344997e+01 1.038892e+02
    endloop
  endfacet
  facet normal 3.630703e-01 9.236414e-01 -1.227459e-01
    outer loop
      vertex   1.361452e+02 4.344997e+01 1.038892e+02
      vertex   1.362290e+02 4.343498e+01 1.040243e+02
      vertex   1.361787e+02 4.343498e+01 1.038756e+02
    endloop
  endfacet
  facet normal 3.460044e-01 9.236414e-01 -1.648259e-01
    outer loop
      vertex   1.361452e+02 4.344997e+01 1.038892e+02
      vertex   1.361787e+02 4.343498e+01 1.038756e+02
      vertex   1.360795e+02 4.344997e+01 1.037513e+02
    endloop
  endfacet
  facet normal 3.460044e-01 9.236414e-01 -1.648259e-01
    outer loop
      vertex   1.360795e+02 4.344997e+01 1.037513e+02
      vertex   1.361787e+02 4.343498e+01 1.038756e+02
      vertex   1.361112e+02 4.343498e+01 1.037338e+02
    endloop
  endfacet
  facet normal 3.240813e-01 9.236414e-01 -2.045920e-01
    outer loop
      vertex   1.360795e+02 4.344997e+01 1.037513e+02
      vertex   1.361112e+02 4.343498e+01 1.037338e+02
      vertex   1.359980e+02 4.344997e+01 1.036222e+02
    endloop
  endfacet
  facet normal 3.240813e-01 9.236414e-01 -2.045920e-01
    outer loop
      vertex   1.359980e+02 4.344997e+01 1.036222e+02
      vertex   1.361112e+02 4.343498e+01 1.037338e+02
      vertex   1.360274e+02 4.343498e+01 1.036011e+02
    endloop
  endfacet
  facet normal 2.976089e-01 9.236414e-01 -2.414861e-01
    outer loop
      vertex   1.359980e+02 4.344997e+01 1.036222e+02
      vertex   1.360274e+02 4.343498e+01 1.036011e+02
      vertex   1.359018e+02 4.344997e+01 1.035036e+02
    endloop
  endfacet
  facet normal 2.976089e-01 9.236414e-01 -2.414861e-01
    outer loop
      vertex   1.359018e+02 4.344997e+01 1.035036e+02
      vertex   1.360274e+02 4.343498e+01 1.036011e+02
      vertex   1.359285e+02 4.343498e+01 1.034792e+02
    endloop
  endfacet
  facet normal -8.914362e-01 3.821095e-01 2.435854e-01
    outer loop
      vertex   1.335859e+02 4.334390e+01 1.046609e+02
      vertex   1.336294e+02 4.334390e+01 1.048203e+02
      vertex   1.336436e+02 4.338008e+01 1.048155e+02
    endloop
  endfacet
  facet normal -8.563697e-01 3.821095e-01 3.473087e-01
    outer loop
      vertex   1.336436e+02 4.338008e+01 1.048155e+02
      vertex   1.336294e+02 4.334390e+01 1.048203e+02
      vertex   1.337051e+02 4.338008e+01 1.049670e+02
    endloop
  endfacet
  facet normal -7.356708e-01 6.080878e-01 2.983581e-01
    outer loop
      vertex   1.336436e+02 4.338008e+01 1.048155e+02
      vertex   1.337051e+02 4.338008e+01 1.049670e+02
      vertex   1.337266e+02 4.341114e+01 1.049567e+02
    endloop
  endfacet
  facet normal -6.952195e-01 6.080878e-01 3.832741e-01
    outer loop
      vertex   1.337266e+02 4.341114e+01 1.049567e+02
      vertex   1.337051e+02 4.338008e+01 1.049670e+02
      vertex   1.338042e+02 4.341114e+01 1.050974e+02
    endloop
  endfacet
  facet normal -5.337034e-01 7.928361e-01 2.942304e-01
    outer loop
      vertex   1.337266e+02 4.341114e+01 1.049567e+02
      vertex   1.338042e+02 4.341114e+01 1.050974e+02
      vertex   1.338304e+02 4.343498e+01 1.050809e+02
    endloop
  endfacet
  facet normal -4.951578e-01 7.928361e-01 3.552880e-01
    outer loop
      vertex   1.338304e+02 4.343498e+01 1.050809e+02
      vertex   1.338042e+02 4.341114e+01 1.050974e+02
      vertex   1.339219e+02 4.343498e+01 1.052084e+02
    endloop
  endfacet
  facet normal -3.113920e-01 9.236414e-01 2.234315e-01
    outer loop
      vertex   1.338304e+02 4.343498e+01 1.050809e+02
      vertex   1.339219e+02 4.343498e+01 1.052084e+02
      vertex   1.339500e+02 4.344997e+01 1.051856e+02
    endloop
  endfacet
  facet normal -8.563697e-01 3.821095e-01 3.473087e-01
    outer loop
      vertex   1.336294e+02 4.334390e+01 1.048203e+02
      vertex   1.336915e+02 4.334390e+01 1.049734e+02
      vertex   1.337051e+02 4.338008e+01 1.049670e+02
    endloop
  endfacet
  facet normal -8.092816e-01 3.821095e-01 4.461565e-01
    outer loop
      vertex   1.337051e+02 4.338008e+01 1.049670e+02
      vertex   1.336915e+02 4.334390e+01 1.049734e+02
      vertex   1.337840e+02 4.338008e+01 1.051102e+02
    endloop
  endfacet
  facet normal -6.952195e-01 6.080878e-01 3.832741e-01
    outer loop
      vertex   1.337051e+02 4.338008e+01 1.049670e+02
      vertex   1.337840e+02 4.338008e+01 1.051102e+02
      vertex   1.338042e+02 4.341114e+01 1.050974e+02
    endloop
  endfacet
  facet normal -6.450088e-01 6.080878e-01 4.628098e-01
    outer loop
      vertex   1.338042e+02 4.341114e+01 1.050974e+02
      vertex   1.337840e+02 4.338008e+01 1.051102e+02
      vertex   1.338978e+02 4.341114e+01 1.052280e+02
    endloop
  endfacet
  facet normal -4.951578e-01 7.928361e-01 3.552880e-01
    outer loop
      vertex   1.338042e+02 4.341114e+01 1.050974e+02
      vertex   1.338978e+02 4.341114e+01 1.052280e+02
      vertex   1.339219e+02 4.343498e+01 1.052084e+02
    endloop
  endfacet
  facet normal -8.092816e-01 3.821095e-01 4.461565e-01
    outer loop
      vertex   1.336915e+02 4.334390e+01 1.049734e+02
      vertex   1.337713e+02 4.334390e+01 1.051182e+02
      vertex   1.337840e+02 4.338008e+01 1.051102e+02
    endloop
  endfacet
  facet normal -7.508330e-01 3.821095e-01 5.387413e-01
    outer loop
      vertex   1.337840e+02 4.338008e+01 1.051102e+02
      vertex   1.337713e+02 4.334390e+01 1.051182e+02
      vertex   1.338793e+02 4.338008e+01 1.052430e+02
    endloop
  endfacet
  facet normal -6.450088e-01 6.080878e-01 4.628098e-01
    outer loop
      vertex   1.337840e+02 4.338008e+01 1.051102e+02
      vertex   1.338793e+02 4.338008e+01 1.052430e+02
      vertex   1.338978e+02 4.341114e+01 1.052280e+02
    endloop
  endfacet
  facet normal -7.508330e-01 3.821095e-01 5.387413e-01
    outer loop
      vertex   1.338677e+02 4.334390e+01 1.052525e+02
      vertex   1.338793e+02 4.338008e+01 1.052430e+02
      vertex   1.337713e+02 4.334390e+01 1.051182e+02
    endloop
  endfacet
  facet normal -6.032964e-01 3.819380e-01 7.001120e-01
    outer loop
      vertex   1.339793e+02 4.334390e+01 1.053745e+02
      vertex   1.341044e+02 4.334390e+01 1.054823e+02
      vertex   1.339899e+02 4.338008e+01 1.053638e+02
    endloop
  endfacet
  facet normal -6.032157e-01 3.821114e-01 7.000869e-01
    outer loop
      vertex   1.339899e+02 4.338008e+01 1.053638e+02
      vertex   1.341044e+02 4.334390e+01 1.054823e+02
      vertex   1.341135e+02 4.338008e+01 1.054704e+02
    endloop
  endfacet
  facet normal -5.182589e-01 6.079650e-01 6.014867e-01
    outer loop
      vertex   1.339899e+02 4.338008e+01 1.053638e+02
      vertex   1.341135e+02 4.338008e+01 1.054704e+02
      vertex   1.340066e+02 4.341114e+01 1.053468e+02
    endloop
  endfacet
  facet normal -5.181667e-01 6.080911e-01 6.014386e-01
    outer loop
      vertex   1.340066e+02 4.341114e+01 1.053468e+02
      vertex   1.341135e+02 4.338008e+01 1.054704e+02
      vertex   1.341280e+02 4.341114e+01 1.054514e+02
    endloop
  endfacet
  facet normal -3.978445e-01 7.927667e-01 4.617800e-01
    outer loop
      vertex   1.340066e+02 4.341114e+01 1.053468e+02
      vertex   1.341280e+02 4.341114e+01 1.054514e+02
      vertex   1.340283e+02 4.343498e+01 1.053246e+02
    endloop
  endfacet
  facet normal -4.434928e-01 6.080878e-01 6.584401e-01
    outer loop
      vertex   1.342612e+02 4.341114e+01 1.055412e+02
      vertex   1.341280e+02 4.341114e+01 1.054514e+02
      vertex   1.341135e+02 4.338008e+01 1.054704e+02
    endloop
  endfacet
  facet normal -5.162550e-01 3.821095e-01 7.664679e-01
    outer loop
      vertex   1.341135e+02 4.338008e+01 1.054704e+02
      vertex   1.341044e+02 4.334390e+01 1.054823e+02
      vertex   1.342491e+02 4.338008e+01 1.055617e+02
    endloop
  endfacet
  facet normal -5.162550e-01 3.821095e-01 7.664679e-01
    outer loop
      vertex   1.342491e+02 4.338008e+01 1.055617e+02
      vertex   1.341044e+02 4.334390e+01 1.054823e+02
      vertex   1.342415e+02 4.334390e+01 1.055746e+02
    endloop
  endfacet
  facet normal -4.219789e-01 3.821095e-01 8.221473e-01
    outer loop
      vertex   1.342491e+02 4.338008e+01 1.055617e+02
      vertex   1.342415e+02 4.334390e+01 1.055746e+02
      vertex   1.343946e+02 4.338008e+01 1.056364e+02
    endloop
  endfacet
  facet normal -4.219789e-01 3.821095e-01 8.221473e-01
    outer loop
      vertex   1.343946e+02 4.338008e+01 1.056364e+02
      vertex   1.342415e+02 4.334390e+01 1.055746e+02
      vertex   1.343885e+02 4.334390e+01 1.056501e+02
    endloop
  endfacet
  facet normal -3.217791e-01 3.821095e-01 8.662855e-01
    outer loop
      vertex   1.343946e+02 4.338008e+01 1.056364e+02
      vertex   1.343885e+02 4.334390e+01 1.056501e+02
      vertex   1.345478e+02 4.338008e+01 1.056933e+02
    endloop
  endfacet
  facet normal -3.217791e-01 3.821095e-01 8.662855e-01
    outer loop
      vertex   1.345478e+02 4.338008e+01 1.056933e+02
      vertex   1.343885e+02 4.334390e+01 1.056501e+02
      vertex   1.345435e+02 4.334390e+01 1.057076e+02
    endloop
  endfacet
  facet normal -2.170622e-01 3.821095e-01 8.982629e-01
    outer loop
      vertex   1.345478e+02 4.338008e+01 1.056933e+02
      vertex   1.345435e+02 4.334390e+01 1.057076e+02
      vertex   1.347067e+02 4.338008e+01 1.057317e+02
    endloop
  endfacet
  facet normal -2.170622e-01 3.821095e-01 8.982629e-01
    outer loop
      vertex   1.347067e+02 4.338008e+01 1.057317e+02
      vertex   1.345435e+02 4.334390e+01 1.057076e+02
      vertex   1.347041e+02 4.334390e+01 1.057464e+02
    endloop
  endfacet
  facet normal -1.089628e-01 3.821024e-01 9.176736e-01
    outer loop
      vertex   1.347067e+02 4.338008e+01 1.057317e+02
      vertex   1.347041e+02 4.334390e+01 1.057464e+02
      vertex   1.348701e+02 4.338008e+01 1.057511e+02
    endloop
  endfacet
  facet normal -1.088950e-01 3.817723e-01 9.178190e-01
    outer loop
      vertex   1.348701e+02 4.338008e+01 1.057511e+02
      vertex   1.347041e+02 4.334390e+01 1.057464e+02
      vertex   1.348695e+02 4.334390e+01 1.057661e+02
    endloop
  endfacet
  facet normal 0.000000e+00 3.824488e-01 9.239767e-01
    outer loop
      vertex   1.348701e+02 4.338008e+01 1.057511e+02
      vertex   1.348695e+02 4.334390e+01 1.057661e+02
      vertex   1.350322e+02 4.334390e+01 1.057661e+02
    endloop
  endfacet
  facet normal -3.625041e-01 6.080878e-01 7.062719e-01
    outer loop
      vertex   1.344042e+02 4.341114e+01 1.056145e+02
      vertex   1.342612e+02 4.341114e+01 1.055412e+02
      vertex   1.342491e+02 4.338008e+01 1.055617e+02
    endloop
  endfacet
  facet normal -4.434928e-01 6.080878e-01 6.584401e-01
    outer loop
      vertex   1.342491e+02 4.338008e+01 1.055617e+02
      vertex   1.342612e+02 4.341114e+01 1.055412e+02
      vertex   1.341135e+02 4.338008e+01 1.054704e+02
    endloop
  endfacet
  facet normal -3.625041e-01 6.080878e-01 7.062719e-01
    outer loop
      vertex   1.344042e+02 4.341114e+01 1.056145e+02
      vertex   1.342491e+02 4.338008e+01 1.055617e+02
      vertex   1.343946e+02 4.338008e+01 1.056364e+02
    endloop
  endfacet
  facet normal -2.764267e-01 6.080878e-01 7.441891e-01
    outer loop
      vertex   1.345548e+02 4.341114e+01 1.056705e+02
      vertex   1.344042e+02 4.341114e+01 1.056145e+02
      vertex   1.343946e+02 4.338008e+01 1.056364e+02
    endloop
  endfacet
  facet normal -2.764267e-01 6.080878e-01 7.441891e-01
    outer loop
      vertex   1.345548e+02 4.341114e+01 1.056705e+02
      vertex   1.343946e+02 4.338008e+01 1.056364e+02
      vertex   1.345478e+02 4.338008e+01 1.056933e+02
    endloop
  endfacet
  facet normal -1.864689e-01 6.080878e-01 7.716596e-01
    outer loop
      vertex   1.347110e+02 4.341114e+01 1.057082e+02
      vertex   1.345548e+02 4.341114e+01 1.056705e+02
      vertex   1.345478e+02 4.338008e+01 1.056933e+02
    endloop
  endfacet
  facet normal -1.864689e-01 6.080878e-01 7.716596e-01
    outer loop
      vertex   1.347110e+02 4.341114e+01 1.057082e+02
      vertex   1.345478e+02 4.338008e+01 1.056933e+02
      vertex   1.347067e+02 4.338008e+01 1.057317e+02
    endloop
  endfacet
  facet normal -9.367773e-02 6.080816e-01 7.883281e-01
    outer loop
      vertex   1.348713e+02 4.341114e+01 1.057273e+02
      vertex   1.347110e+02 4.341114e+01 1.057082e+02
      vertex   1.347067e+02 4.338008e+01 1.057317e+02
    endloop
  endfacet
  facet normal -9.362728e-02 6.078416e-01 7.885192e-01
    outer loop
      vertex   1.348713e+02 4.341114e+01 1.057273e+02
      vertex   1.347067e+02 4.338008e+01 1.057317e+02
      vertex   1.348701e+02 4.338008e+01 1.057511e+02
    endloop
  endfacet
  facet normal 0.000000e+00 6.083384e-01 7.936777e-01
    outer loop
      vertex   1.350316e+02 4.338008e+01 1.057511e+02
      vertex   1.348713e+02 4.341114e+01 1.057273e+02
      vertex   1.348701e+02 4.338008e+01 1.057511e+02
    endloop
  endfacet
  facet normal 0.000000e+00 3.824488e-01 9.239767e-01
    outer loop
      vertex   1.350316e+02 4.338008e+01 1.057511e+02
      vertex   1.348701e+02 4.338008e+01 1.057511e+02
      vertex   1.350322e+02 4.334390e+01 1.057661e+02
    endloop
  endfacet
  facet normal 1.088950e-01 3.817723e-01 9.178190e-01
    outer loop
      vertex   1.351976e+02 4.334390e+01 1.057464e+02
      vertex   1.350316e+02 4.338008e+01 1.057511e+02
      vertex   1.350322e+02 4.334390e+01 1.057661e+02
    endloop
  endfacet
  facet normal 0.000000e+00 1.000000e+00 0.000000e+00
    outer loop
      vertex   1.362008e+02 4.345508e+01 1.043735e+02
      vertex   1.361914e+02 4.345508e+01 1.042199e+02
      vertex   1.361914e+02 4.345508e+01 1.045272e+02
    endloop
  endfacet
  facet normal 0.000000e+00 1.000000e+00 0.000000e+00
    outer loop
      vertex   1.361914e+02 4.345508e+01 1.045272e+02
      vertex   1.361914e+02 4.345508e+01 1.042199e+02
      vertex   1.361631e+02 4.345508e+01 1.046784e+02
    endloop
  endfacet
  facet normal 0.000000e+00 1.000000e+00 0.000000e+00
    outer loop
      vertex   1.361631e+02 4.345508e+01 1.046784e+02
      vertex   1.361914e+02 4.345508e+01 1.042199e+02
      vertex   1.361631e+02 4.345508e+01 1.040687e+02
    endloop
  endfacet
  facet normal 1.522943e-13 1.000000e+00 0.000000e+00
    outer loop
      vertex   1.361631e+02 4.345508e+01 1.046784e+02
      vertex   1.361631e+02 4.345508e+01 1.040687e+02
      vertex   1.361164e+02 4.345508e+01 1.048251e+02
    endloop
  endfacet
  facet normal -2.357758e-14 1.000000e+00 -1.084741e-14
    outer loop
      vertex   1.361164e+02 4.345508e+01 1.048251e+02
      vertex   1.361631e+02 4.345508e+01 1.040687e+02
      vertex   1.360521e+02 4.345508e+01 1.049649e+02
    endloop
  endfacet
  facet normal -1.600469e-14 1.000000e+00 -9.909681e-15
    outer loop
      vertex   1.360521e+02 4.345508e+01 1.049649e+02
      vertex   1.361631e+02 4.345508e+01 1.040687e+02
      vertex   1.359711e+02 4.345508e+01 1.050958e+02
    endloop
  endfacet
  facet normal -1.119826e-14 1.000000e+00 -9.011204e-15
    outer loop
      vertex   1.359711e+02 4.345508e+01 1.050958e+02
      vertex   1.361631e+02 4.345508e+01 1.040687e+02
      vertex   1.358746e+02 4.345508e+01 1.052157e+02
    endloop
  endfacet
  facet normal -7.944262e-15 1.000000e+00 -8.192792e-15
    outer loop
      vertex   1.358746e+02 4.345508e+01 1.052157e+02
      vertex   1.361631e+02 4.345508e+01 1.040687e+02
      vertex   1.357641e+02 4.345508e+01 1.053228e+02
    endloop
  endfacet
  facet normal -5.631240e-15 1.000000e+00 -7.456966e-15
    outer loop
      vertex   1.357641e+02 4.345508e+01 1.053228e+02
      vertex   1.361631e+02 4.345508e+01 1.040687e+02
      vertex   1.356413e+02 4.345508e+01 1.054156e+02
    endloop
  endfacet
  facet normal -7.259315e-14 1.000000e+00 -3.339815e-14
    outer loop
      vertex   1.356413e+02 4.345508e+01 1.054156e+02
      vertex   1.361631e+02 4.345508e+01 1.040687e+02
      vertex   1.355080e+02 4.345508e+01 1.054925e+02
    endloop
  endfacet
  facet normal 0.000000e+00 1.000000e+00 0.000000e+00
    outer loop
      vertex   1.355080e+02 4.345508e+01 1.054925e+02
      vertex   1.361631e+02 4.345508e+01 1.040687e+02
      vertex   1.353663e+02 4.345508e+01 1.055525e+02
    endloop
  endfacet
  facet normal 0.000000e+00 1.000000e+00 0.000000e+00
    outer loop
      vertex   1.353663e+02 4.345508e+01 1.055525e+02
      vertex   1.361631e+02 4.345508e+01 1.040687e+02
      vertex   1.352183e+02 4.345508e+01 1.055946e+02
    endloop
  endfacet
  facet normal 0.000000e+00 1.000000e+00 0.000000e+00
    outer loop
      vertex   1.352183e+02 4.345508e+01 1.055946e+02
      vertex   1.361631e+02 4.345508e+01 1.040687e+02
      vertex   1.350662e+02 4.345508e+01 1.056182e+02
    endloop
  endfacet
  facet normal 0.000000e+00 1.000000e+00 0.000000e+00
    outer loop
      vertex   1.350662e+02 4.345508e+01 1.056182e+02
      vertex   1.361631e+02 4.345508e+01 1.040687e+02
      vertex   1.349123e+02 4.345508e+01 1.056230e+02
    endloop
  endfacet
  facet normal 0.000000e+00 1.000000e+00 0.000000e+00
    outer loop
      vertex   1.349123e+02 4.345508e+01 1.056230e+02
      vertex   1.361631e+02 4.345508e+01 1.040687e+02
      vertex   1.347591e+02 4.345508e+01 1.056088e+02
    endloop
  endfacet
  facet normal 0.000000e+00 1.000000e+00 0.000000e+00
    outer loop
      vertex   1.347591e+02 4.345508e+01 1.056088e+02
      vertex   1.361631e+02 4.345508e+01 1.040687e+02
      vertex   1.346088e+02 4.345508e+01 1.055758e+02
    endloop
  endfacet
  facet normal 0.000000e+00 1.000000e+00 0.000000e+00
    outer loop
      vertex   1.346088e+02 4.345508e+01 1.055758e+02
      vertex   1.361631e+02 4.345508e+01 1.040687e+02
      vertex   1.344636e+02 4.345508e+01 1.055247e+02
    endloop
  endfacet
  facet normal 0.000000e+00 1.000000e+00 0.000000e+00
    outer loop
      vertex   1.344636e+02 4.345508e+01 1.055247e+02
      vertex   1.361631e+02 4.345508e+01 1.040687e+02
      vertex   1.343258e+02 4.345508e+01 1.054561e+02
    endloop
  endfacet
  facet normal 2.949962e-14 1.000000e+00 3.906381e-14
    outer loop
      vertex   1.343258e+02 4.345508e+01 1.054561e+02
      vertex   1.361631e+02 4.345508e+01 1.040687e+02
      vertex   1.341975e+02 4.345508e+01 1.053711e+02
    endloop
  endfacet
  facet normal 2.038437e-15 1.000000e+00 -2.379274e-15
    outer loop
      vertex   1.341975e+02 4.345508e+01 1.053711e+02
      vertex   1.361631e+02 4.345508e+01 1.040687e+02
      vertex   1.340807e+02 4.345508e+01 1.052709e+02
    endloop
  endfacet
  facet normal 2.235509e-15 1.000000e+00 -2.037936e-15
    outer loop
      vertex   1.340807e+02 4.345508e+01 1.052709e+02
      vertex   1.361631e+02 4.345508e+01 1.040687e+02
      vertex   1.339770e+02 4.345508e+01 1.051572e+02
    endloop
  endfacet
  facet normal 2.403191e-15 1.000000e+00 -1.701184e-15
    outer loop
      vertex   1.339770e+02 4.345508e+01 1.051572e+02
      vertex   1.361631e+02 4.345508e+01 1.040687e+02
      vertex   1.338881e+02 4.345508e+01 1.050316e+02
    endloop
  endfacet
  facet normal 2.544831e-15 1.000000e+00 -1.366546e-15
    outer loop
      vertex   1.338881e+02 4.345508e+01 1.050316e+02
      vertex   1.361631e+02 4.345508e+01 1.040687e+02
      vertex   1.338153e+02 4.345508e+01 1.048960e+02
    endloop
  endfacet
  facet normal 2.662862e-15 1.000000e+00 -1.031598e-15
    outer loop
      vertex   1.338153e+02 4.345508e+01 1.048960e+02
      vertex   1.361631e+02 4.345508e+01 1.040687e+02
      vertex   1.337597e+02 4.345508e+01 1.047525e+02
    endloop
  endfacet
  facet normal 1.539953e-14 1.000000e+00 4.373316e-14
    outer loop
      vertex   1.337597e+02 4.345508e+01 1.047525e+02
      vertex   1.361631e+02 4.345508e+01 1.040687e+02
      vertex   1.337221e+02 4.345508e+01 1.046032e+02
    endloop
  endfacet
  facet normal 5.668113e-15 1.000000e+00 -7.018645e-16
    outer loop
      vertex   1.337221e+02 4.345508e+01 1.046032e+02
      vertex   1.361631e+02 4.345508e+01 1.040687e+02
      vertex   1.337032e+02 4.345508e+01 1.044505e+02
    endloop
  endfacet
  facet normal 5.777063e-15 1.000000e+00 0.000000e+00
    outer loop
      vertex   1.337032e+02 4.345508e+01 1.044505e+02
      vertex   1.361631e+02 4.345508e+01 1.040687e+02
      vertex   1.337032e+02 4.345508e+01 1.042966e+02
    endloop
  endfacet
  facet normal 5.844120e-15 1.000000e+00 7.236589e-16
    outer loop
      vertex   1.337032e+02 4.345508e+01 1.042966e+02
      vertex   1.361631e+02 4.345508e+01 1.040687e+02
      vertex   1.337221e+02 4.345508e+01 1.041439e+02
    endloop
  endfacet
  facet normal 4.389101e-15 1.000000e+00 -4.650239e-14
    outer loop
      vertex   1.337221e+02 4.345508e+01 1.041439e+02
      vertex   1.361631e+02 4.345508e+01 1.040687e+02
      vertex   1.337597e+02 4.345508e+01 1.039946e+02
    endloop
  endfacet
  facet normal 1.478189e-15 1.000000e+00 4.797807e-14
    outer loop
      vertex   1.337597e+02 4.345508e+01 1.039946e+02
      vertex   1.361631e+02 4.345508e+01 1.040687e+02
      vertex   1.361164e+02 4.345508e+01 1.039220e+02
    endloop
  endfacet
  facet normal 0.000000e+00 1.000000e+00 0.000000e+00
    outer loop
      vertex   1.337597e+02 4.345508e+01 1.039946e+02
      vertex   1.361164e+02 4.345508e+01 1.039220e+02
      vertex   1.338153e+02 4.345508e+01 1.038511e+02
    endloop
  endfacet
  facet normal -0.000000e+00 1.000000e+00 0.000000e+00
    outer loop
      vertex   1.338153e+02 4.345508e+01 1.038511e+02
      vertex   1.361164e+02 4.345508e+01 1.039220e+02
      vertex   1.360521e+02 4.345508e+01 1.037822e+02
    endloop
  endfacet
  facet normal 0.000000e+00 1.000000e+00 0.000000e+00
    outer loop
      vertex   1.338153e+02 4.345508e+01 1.038511e+02
      vertex   1.360521e+02 4.345508e+01 1.037822e+02
      vertex   1.338881e+02 4.345508e+01 1.037155e+02
    endloop
  endfacet
  facet normal -0.000000e+00 1.000000e+00 0.000000e+00
    outer loop
      vertex   1.338881e+02 4.345508e+01 1.037155e+02
      vertex   1.360521e+02 4.345508e+01 1.037822e+02
      vertex   1.359711e+02 4.345508e+01 1.036513e+02
    endloop
  endfacet
  facet normal 0.000000e+00 1.000000e+00 0.000000e+00
    outer loop
      vertex   1.338881e+02 4.345508e+01 1.037155e+02
      vertex   1.359711e+02 4.345508e+01 1.036513e+02
      vertex   1.339770e+02 4.345508e+01 1.035899e+02
    endloop
  endfacet
  facet normal -0.000000e+00 1.000000e+00 0.000000e+00
    outer loop
      vertex   1.339770e+02 4.345508e+01 1.035899e+02
      vertex   1.359711e+02 4.345508e+01 1.036513e+02
      vertex   1.358746e+02 4.345508e+01 1.035314e+02
    endloop
  endfacet
  facet normal 0.000000e+00 1.000000e+00 0.000000e+00
    outer loop
      vertex   1.339770e+02 4.345508e+01 1.035899e+02
      vertex   1.358746e+02 4.345508e+01 1.035314e+02
      vertex   1.340807e+02 4.345508e+01 1.034762e+02
    endloop
  endfacet
  facet normal -0.000000e+00 1.000000e+00 0.000000e+00
    outer loop
      vertex   1.340807e+02 4.345508e+01 1.034762e+02
      vertex   1.358746e+02 4.345508e+01 1.035314e+02
      vertex   1.357641e+02 4.345508e+01 1.034243e+02
    endloop
  endfacet
  facet normal 0.000000e+00 1.000000e+00 0.000000e+00
    outer loop
      vertex   1.340807e+02 4.345508e+01 1.034762e+02
      vertex   1.357641e+02 4.345508e+01 1.034243e+02
      vertex   1.341975e+02 4.345508e+01 1.033760e+02
    endloop
  endfacet
  facet normal -0.000000e+00 1.000000e+00 0.000000e+00
    outer loop
      vertex   1.341975e+02 4.345508e+01 1.033760e+02
      vertex   1.357641e+02 4.345508e+01 1.034243e+02
      vertex   1.356413e+02 4.345508e+01 1.033315e+02
    endloop
  endfacet
  facet normal 2.700746e-15 1.000000e+00 8.765905e-14
    outer loop
      vertex   1.341975e+02 4.345508e+01 1.033760e+02
      vertex   1.356413e+02 4.345508e+01 1.033315e+02
      vertex   1.343258e+02 4.345508e+01 1.032910e+02
    endloop
  endfacet
  facet normal 2.700746e-15 1.000000e+00 8.765905e-14
    outer loop
      vertex   1.343258e+02 4.345508e+01 1.032910e+02
      vertex   1.356413e+02 4.345508e+01 1.033315e+02
      vertex   1.355080e+02 4.345508e+01 1.032546e+02
    endloop
  endfacet
  facet normal 0.000000e+00 1.000000e+00 0.000000e+00
    outer loop
      vertex   1.343258e+02 4.345508e+01 1.032910e+02
      vertex   1.355080e+02 4.345508e+01 1.032546e+02
      vertex   1.344636e+02 4.345508e+01 1.032224e+02
    endloop
  endfacet
  facet normal -0.000000e+00 1.000000e+00 0.000000e+00
    outer loop
      vertex   1.344636e+02 4.345508e+01 1.032224e+02
      vertex   1.355080e+02 4.345508e+01 1.032546e+02
      vertex   1.353663e+02 4.345508e+01 1.031946e+02
    endloop
  endfacet
  facet normal 0.000000e+00 1.000000e+00 0.000000e+00
    outer loop
      vertex   1.344636e+02 4.345508e+01 1.032224e+02
      vertex   1.353663e+02 4.345508e+01 1.031946e+02
      vertex   1.346088e+02 4.345508e+01 1.031713e+02
    endloop
  endfacet
  facet normal -0.000000e+00 1.000000e+00 0.000000e+00
    outer loop
      vertex   1.346088e+02 4.345508e+01 1.031713e+02
      vertex   1.353663e+02 4.345508e+01 1.031946e+02
      vertex   1.352183e+02 4.345508e+01 1.031525e+02
    endloop
  endfacet
  facet normal 0.000000e+00 1.000000e+00 0.000000e+00
    outer loop
      vertex   1.346088e+02 4.345508e+01 1.031713e+02
      vertex   1.352183e+02 4.345508e+01 1.031525e+02
      vertex   1.347591e+02 4.345508e+01 1.031383e+02
    endloop
  endfacet
  facet normal -0.000000e+00 1.000000e+00 0.000000e+00
    outer loop
      vertex   1.347591e+02 4.345508e+01 1.031383e+02
      vertex   1.352183e+02 4.345508e+01 1.031525e+02
      vertex   1.350662e+02 4.345508e+01 1.031289e+02
    endloop
  endfacet
  facet normal 0.000000e+00 1.000000e+00 0.000000e+00
    outer loop
      vertex   1.347591e+02 4.345508e+01 1.031383e+02
      vertex   1.350662e+02 4.345508e+01 1.031289e+02
      vertex   1.349123e+02 4.345508e+01 1.031241e+02
    endloop
  endfacet
endsolid
