solid ASCII
  facet normal 9.951847e-01 9.801714e-02 0.000000e+00
    outer loop
      vertex   3.800000e+01 1.400632e+01 8.600000e+01
      vertex   3.800000e+01 1.400632e+01 7.850000e+01
      vertex   3.799039e+01 1.410386e+01 8.590245e+01
    endloop
  endfacet
  facet normal 9.864923e-01 1.638051e-01 -8.781956e-04
    outer loop
      vertex   3.799039e+01 1.410386e+01 8.590245e+01
      vertex   3.800000e+01 1.400632e+01 7.850000e+01
      vertex   3.798296e+01 1.413573e+01 8.350000e+01
    endloop
  endfacet
  facet normal 9.566889e-01 2.911109e-01 9.024621e-04
    outer loop
      vertex   3.799039e+01 1.410386e+01 8.590245e+01
      vertex   3.798296e+01 1.413573e+01 8.350000e+01
      vertex   3.796194e+01 1.419766e+01 8.580866e+01
    endloop
  endfacet
  facet normal 9.238779e-01 3.826828e-01 -1.852835e-03
    outer loop
      vertex   3.796194e+01 1.419766e+01 8.580866e+01
      vertex   3.798296e+01 1.413573e+01 8.350000e+01
      vertex   3.793301e+01 1.425632e+01 8.350000e+01
    endloop
  endfacet
  facet normal 8.815253e-01 4.721358e-01 9.506532e-04
    outer loop
      vertex   3.796194e+01 1.419766e+01 8.580866e+01
      vertex   3.793301e+01 1.425632e+01 8.350000e+01
      vertex   3.791573e+01 1.428410e+01 8.572221e+01
    endloop
  endfacet
  facet normal 7.933525e-01 6.087608e-01 -1.443167e-03
    outer loop
      vertex   3.791573e+01 1.428410e+01 8.572221e+01
      vertex   3.793301e+01 1.425632e+01 8.350000e+01
      vertex   3.785355e+01 1.435987e+01 8.350000e+01
    endloop
  endfacet
  facet normal 7.730105e-01 6.343933e-01 0.000000e+00
    outer loop
      vertex   3.791573e+01 1.428410e+01 8.572221e+01
      vertex   3.785355e+01 1.435987e+01 8.350000e+01
      vertex   3.785355e+01 1.435987e+01 8.564645e+01
    endloop
  endfacet
  facet normal 6.343933e-01 7.730105e-01 0.000000e+00
    outer loop
      vertex   3.785355e+01 1.435987e+01 8.564645e+01
      vertex   3.785355e+01 1.435987e+01 8.350000e+01
      vertex   3.777779e+01 1.442205e+01 8.558427e+01
    endloop
  endfacet
  facet normal 6.087607e-01 7.933524e-01 -1.538685e-03
    outer loop
      vertex   3.777779e+01 1.442205e+01 8.558427e+01
      vertex   3.785355e+01 1.435987e+01 8.350000e+01
      vertex   3.775000e+01 1.443933e+01 8.350000e+01
    endloop
  endfacet
  facet normal 4.709664e-01 8.821505e-01 1.034344e-03
    outer loop
      vertex   3.777779e+01 1.442205e+01 8.558427e+01
      vertex   3.775000e+01 1.443933e+01 8.350000e+01
      vertex   3.769134e+01 1.446826e+01 8.553806e+01
    endloop
  endfacet
  facet normal 3.826826e-01 9.238775e-01 -2.098839e-03
    outer loop
      vertex   3.769134e+01 1.446826e+01 8.553806e+01
      vertex   3.775000e+01 1.443933e+01 8.350000e+01
      vertex   3.762941e+01 1.448928e+01 8.350000e+01
    endloop
  endfacet
  facet normal 2.899901e-01 9.570291e-01 1.059851e-03
    outer loop
      vertex   3.769134e+01 1.446826e+01 8.553806e+01
      vertex   3.762941e+01 1.448928e+01 8.350000e+01
      vertex   3.759755e+01 1.449671e+01 8.550961e+01
    endloop
  endfacet
  facet normal 1.469230e-01 9.891470e-01 -1.327366e-03
    outer loop
      vertex   3.759755e+01 1.449671e+01 8.550961e+01
      vertex   3.762941e+01 1.448928e+01 8.350000e+01
      vertex   3.754901e+01 1.450391e+01 8.550241e+01
    endloop
  endfacet
  facet normal 4.932752e-02 9.987685e-01 -5.316327e-03
    outer loop
      vertex   3.754901e+01 1.450391e+01 8.550241e+01
      vertex   3.762941e+01 1.448928e+01 8.350000e+01
      vertex   3.750000e+01 1.450632e+01 8.550000e+01
    endloop
  endfacet
  facet normal 1.305262e-01 9.914449e-01 0.000000e+00
    outer loop
      vertex   3.750000e+01 1.450632e+01 8.550000e+01
      vertex   3.762941e+01 1.448928e+01 8.350000e+01
      vertex   3.762941e+01 1.448928e+01 8.100000e+01
    endloop
  endfacet
  facet normal 1.589177e-01 9.872915e-01 8.321977e-04
    outer loop
      vertex   3.750000e+01 1.450632e+01 8.550000e+01
      vertex   3.762941e+01 1.448928e+01 8.100000e+01
      vertex   3.754901e+01 1.450391e+01 7.899759e+01
    endloop
  endfacet
  facet normal 1.469230e-01 9.891470e-01 1.327366e-03
    outer loop
      vertex   3.754901e+01 1.450391e+01 7.899759e+01
      vertex   3.762941e+01 1.448928e+01 8.100000e+01
      vertex   3.759755e+01 1.449671e+01 7.899039e+01
    endloop
  endfacet
  facet normal 2.899901e-01 9.570291e-01 -1.059851e-03
    outer loop
      vertex   3.759755e+01 1.449671e+01 7.899039e+01
      vertex   3.762941e+01 1.448928e+01 8.100000e+01
      vertex   3.769134e+01 1.446826e+01 7.896194e+01
    endloop
  endfacet
  facet normal 3.826826e-01 9.238775e-01 2.098839e-03
    outer loop
      vertex   3.769134e+01 1.446826e+01 7.896194e+01
      vertex   3.762941e+01 1.448928e+01 8.100000e+01
      vertex   3.775000e+01 1.443933e+01 8.100000e+01
    endloop
  endfacet
  facet normal 4.709664e-01 8.821505e-01 -1.034344e-03
    outer loop
      vertex   3.769134e+01 1.446826e+01 7.896194e+01
      vertex   3.775000e+01 1.443933e+01 8.100000e+01
      vertex   3.777779e+01 1.442205e+01 7.891573e+01
    endloop
  endfacet
  facet normal 6.087607e-01 7.933524e-01 1.538685e-03
    outer loop
      vertex   3.777779e+01 1.442205e+01 7.891573e+01
      vertex   3.775000e+01 1.443933e+01 8.100000e+01
      vertex   3.785355e+01 1.435987e+01 8.100000e+01
    endloop
  endfacet
  facet normal 6.343933e-01 7.730105e-01 0.000000e+00
    outer loop
      vertex   3.777779e+01 1.442205e+01 7.891573e+01
      vertex   3.785355e+01 1.435987e+01 8.100000e+01
      vertex   3.785355e+01 1.435987e+01 7.885355e+01
    endloop
  endfacet
  facet normal 7.730105e-01 6.343933e-01 -0.000000e+00
    outer loop
      vertex   3.785355e+01 1.435987e+01 7.885355e+01
      vertex   3.785355e+01 1.435987e+01 8.100000e+01
      vertex   3.791573e+01 1.428410e+01 7.877779e+01
    endloop
  endfacet
  facet normal 7.933525e-01 6.087608e-01 1.443167e-03
    outer loop
      vertex   3.791573e+01 1.428410e+01 7.877779e+01
      vertex   3.785355e+01 1.435987e+01 8.100000e+01
      vertex   3.793301e+01 1.425632e+01 8.100000e+01
    endloop
  endfacet
  facet normal 8.815253e-01 4.721358e-01 -9.506532e-04
    outer loop
      vertex   3.791573e+01 1.428410e+01 7.877779e+01
      vertex   3.793301e+01 1.425632e+01 8.100000e+01
      vertex   3.796194e+01 1.419766e+01 7.869134e+01
    endloop
  endfacet
  facet normal 9.238779e-01 3.826828e-01 1.852835e-03
    outer loop
      vertex   3.796194e+01 1.419766e+01 7.869134e+01
      vertex   3.793301e+01 1.425632e+01 8.100000e+01
      vertex   3.798296e+01 1.413573e+01 8.100000e+01
    endloop
  endfacet
  facet normal 9.566889e-01 2.911109e-01 -9.024621e-04
    outer loop
      vertex   3.796194e+01 1.419766e+01 7.869134e+01
      vertex   3.798296e+01 1.413573e+01 8.100000e+01
      vertex   3.799039e+01 1.410386e+01 7.859755e+01
    endloop
  endfacet
  facet normal 9.953573e-01 9.623229e-02 1.801845e-03
    outer loop
      vertex   3.799039e+01 1.410386e+01 7.859755e+01
      vertex   3.798296e+01 1.413573e+01 8.100000e+01
      vertex   3.800000e+01 1.400632e+01 7.850000e+01
    endloop
  endfacet
  facet normal 9.914449e-01 1.305262e-01 0.000000e+00
    outer loop
      vertex   3.800000e+01 1.400632e+01 7.850000e+01
      vertex   3.798296e+01 1.413573e+01 8.100000e+01
      vertex   3.798296e+01 1.413573e+01 8.350000e+01
    endloop
  endfacet
  facet normal 4.906767e-02 9.987955e-01 0.000000e+00
    outer loop
      vertex   3.754901e+01 1.450391e+01 7.899759e+01
      vertex   3.750000e+01 1.450632e+01 7.900000e+01
      vertex   3.750000e+01 1.450632e+01 8.550000e+01
    endloop
  endfacet
  facet normal 9.238795e-01 3.826834e-01 0.000000e+00
    outer loop
      vertex   3.793301e+01 1.425632e+01 8.350000e+01
      vertex   3.798296e+01 1.413573e+01 8.350000e+01
      vertex   3.798296e+01 1.413573e+01 8.100000e+01
    endloop
  endfacet
  facet normal 7.933533e-01 6.087614e-01 0.000000e+00
    outer loop
      vertex   3.785355e+01 1.435987e+01 8.350000e+01
      vertex   3.793301e+01 1.425632e+01 8.350000e+01
      vertex   3.793301e+01 1.425632e+01 8.100000e+01
    endloop
  endfacet
  facet normal 9.238795e-01 3.826834e-01 -0.000000e+00
    outer loop
      vertex   3.793301e+01 1.425632e+01 8.100000e+01
      vertex   3.793301e+01 1.425632e+01 8.350000e+01
      vertex   3.798296e+01 1.413573e+01 8.100000e+01
    endloop
  endfacet
  facet normal 6.087614e-01 7.933533e-01 0.000000e+00
    outer loop
      vertex   3.775000e+01 1.443933e+01 8.350000e+01
      vertex   3.785355e+01 1.435987e+01 8.350000e+01
      vertex   3.785355e+01 1.435987e+01 8.100000e+01
    endloop
  endfacet
  facet normal 7.933533e-01 6.087614e-01 -0.000000e+00
    outer loop
      vertex   3.785355e+01 1.435987e+01 8.100000e+01
      vertex   3.785355e+01 1.435987e+01 8.350000e+01
      vertex   3.793301e+01 1.425632e+01 8.100000e+01
    endloop
  endfacet
  facet normal 3.826834e-01 9.238795e-01 0.000000e+00
    outer loop
      vertex   3.762941e+01 1.448928e+01 8.350000e+01
      vertex   3.775000e+01 1.443933e+01 8.350000e+01
      vertex   3.775000e+01 1.443933e+01 8.100000e+01
    endloop
  endfacet
  facet normal 6.087614e-01 7.933533e-01 -0.000000e+00
    outer loop
      vertex   3.775000e+01 1.443933e+01 8.100000e+01
      vertex   3.775000e+01 1.443933e+01 8.350000e+01
      vertex   3.785355e+01 1.435987e+01 8.100000e+01
    endloop
  endfacet
  facet normal 3.826834e-01 9.238795e-01 -0.000000e+00
    outer loop
      vertex   3.762941e+01 1.448928e+01 8.100000e+01
      vertex   3.762941e+01 1.448928e+01 8.350000e+01
      vertex   3.775000e+01 1.443933e+01 8.100000e+01
    endloop
  endfacet
  facet normal 9.951847e-01 -0.000000e+00 9.801714e-02
    outer loop
      vertex   3.800000e+01 1.400632e+01 7.850000e+01
      vertex   3.800000e+01 5.600632e+01 7.850000e+01
      vertex   3.799039e+01 1.410386e+01 7.859755e+01
    endloop
  endfacet
  facet normal 9.866108e-01 1.534555e-04 1.630925e-01
    outer loop
      vertex   3.799039e+01 1.410386e+01 7.859755e+01
      vertex   3.800000e+01 5.600632e+01 7.850000e+01
      vertex   3.798296e+01 2.800632e+01 7.862941e+01
    endloop
  endfacet
  facet normal 9.738770e-01 0.000000e+00 2.270763e-01
    outer loop
      vertex   3.799039e+01 1.410386e+01 7.859755e+01
      vertex   3.798296e+01 2.800632e+01 7.862941e+01
      vertex   3.798296e+01 2.520632e+01 7.862941e+01
    endloop
  endfacet
  facet normal 9.238795e-01 -0.000000e+00 3.826834e-01
    outer loop
      vertex   3.798296e+01 2.520632e+01 7.862941e+01
      vertex   3.798296e+01 2.800632e+01 7.862941e+01
      vertex   3.793301e+01 2.520632e+01 7.875000e+01
    endloop
  endfacet
  facet normal 9.238795e-01 0.000000e+00 3.826834e-01
    outer loop
      vertex   3.798296e+01 2.520632e+01 7.862941e+01
      vertex   3.793301e+01 2.520632e+01 7.875000e+01
      vertex   3.793301e+01 2.240632e+01 7.875000e+01
    endloop
  endfacet
  facet normal 7.933533e-01 -0.000000e+00 6.087614e-01
    outer loop
      vertex   3.793301e+01 2.240632e+01 7.875000e+01
      vertex   3.793301e+01 2.520632e+01 7.875000e+01
      vertex   3.785355e+01 2.240632e+01 7.885355e+01
    endloop
  endfacet
  facet normal 7.933533e-01 0.000000e+00 6.087614e-01
    outer loop
      vertex   3.793301e+01 2.240632e+01 7.875000e+01
      vertex   3.785355e+01 2.240632e+01 7.885355e+01
      vertex   3.785355e+01 1.960632e+01 7.885355e+01
    endloop
  endfacet
  facet normal 6.087614e-01 -0.000000e+00 7.933533e-01
    outer loop
      vertex   3.785355e+01 1.960632e+01 7.885355e+01
      vertex   3.785355e+01 2.240632e+01 7.885355e+01
      vertex   3.775000e+01 1.960632e+01 7.893301e+01
    endloop
  endfacet
  facet normal 6.087614e-01 0.000000e+00 7.933533e-01
    outer loop
      vertex   3.785355e+01 1.960632e+01 7.885355e+01
      vertex   3.775000e+01 1.960632e+01 7.893301e+01
      vertex   3.775000e+01 1.680632e+01 7.893301e+01
    endloop
  endfacet
  facet normal 3.826834e-01 -0.000000e+00 9.238795e-01
    outer loop
      vertex   3.775000e+01 1.680632e+01 7.893301e+01
      vertex   3.775000e+01 1.960632e+01 7.893301e+01
      vertex   3.762941e+01 1.680632e+01 7.898296e+01
    endloop
  endfacet
  facet normal 3.826828e-01 1.829535e-03 9.238780e-01
    outer loop
      vertex   3.775000e+01 1.680632e+01 7.893301e+01
      vertex   3.762941e+01 1.680632e+01 7.898296e+01
      vertex   3.769134e+01 1.446826e+01 7.896194e+01
    endloop
  endfacet
  facet normal 2.900282e-01 -9.227473e-04 9.570176e-01
    outer loop
      vertex   3.769134e+01 1.446826e+01 7.896194e+01
      vertex   3.762941e+01 1.680632e+01 7.898296e+01
      vertex   3.759755e+01 1.449671e+01 7.899039e+01
    endloop
  endfacet
  facet normal 1.468981e-01 1.155308e-03 9.891510e-01
    outer loop
      vertex   3.759755e+01 1.449671e+01 7.899039e+01
      vertex   3.762941e+01 1.680632e+01 7.898296e+01
      vertex   3.754901e+01 1.450391e+01 7.899759e+01
    endloop
  endfacet
  facet normal 4.929380e-02 4.624828e-03 9.987736e-01
    outer loop
      vertex   3.754901e+01 1.450391e+01 7.899759e+01
      vertex   3.762941e+01 1.680632e+01 7.898296e+01
      vertex   3.750000e+01 1.450632e+01 7.900000e+01
    endloop
  endfacet
  facet normal 1.305262e-01 0.000000e+00 9.914449e-01
    outer loop
      vertex   3.750000e+01 1.450632e+01 7.900000e+01
      vertex   3.762941e+01 1.680632e+01 7.898296e+01
      vertex   3.762941e+01 1.960632e+01 7.898296e+01
    endloop
  endfacet
  facet normal 1.305262e-01 0.000000e+00 9.914449e-01
    outer loop
      vertex   3.750000e+01 1.450632e+01 7.900000e+01
      vertex   3.762941e+01 1.960632e+01 7.898296e+01
      vertex   3.762941e+01 2.240632e+01 7.898296e+01
    endloop
  endfacet
  facet normal 3.826834e-01 0.000000e+00 9.238795e-01
    outer loop
      vertex   3.762941e+01 2.240632e+01 7.898296e+01
      vertex   3.762941e+01 1.960632e+01 7.898296e+01
      vertex   3.775000e+01 2.240632e+01 7.893301e+01
    endloop
  endfacet
  facet normal 3.826834e-01 0.000000e+00 9.238795e-01
    outer loop
      vertex   3.762941e+01 2.240632e+01 7.898296e+01
      vertex   3.775000e+01 2.240632e+01 7.893301e+01
      vertex   3.775000e+01 2.520632e+01 7.893301e+01
    endloop
  endfacet
  facet normal 6.087614e-01 0.000000e+00 7.933533e-01
    outer loop
      vertex   3.775000e+01 2.520632e+01 7.893301e+01
      vertex   3.775000e+01 2.240632e+01 7.893301e+01
      vertex   3.785355e+01 2.520632e+01 7.885355e+01
    endloop
  endfacet
  facet normal 6.087614e-01 0.000000e+00 7.933533e-01
    outer loop
      vertex   3.775000e+01 2.520632e+01 7.893301e+01
      vertex   3.785355e+01 2.520632e+01 7.885355e+01
      vertex   3.785355e+01 2.800632e+01 7.885355e+01
    endloop
  endfacet
  facet normal 7.933533e-01 0.000000e+00 6.087614e-01
    outer loop
      vertex   3.785355e+01 2.800632e+01 7.885355e+01
      vertex   3.785355e+01 2.520632e+01 7.885355e+01
      vertex   3.793301e+01 2.800632e+01 7.875000e+01
    endloop
  endfacet
  facet normal 7.933533e-01 0.000000e+00 6.087614e-01
    outer loop
      vertex   3.785355e+01 2.800632e+01 7.885355e+01
      vertex   3.793301e+01 2.800632e+01 7.875000e+01
      vertex   3.793301e+01 3.080632e+01 7.875000e+01
    endloop
  endfacet
  facet normal 9.238795e-01 0.000000e+00 3.826834e-01
    outer loop
      vertex   3.793301e+01 3.080632e+01 7.875000e+01
      vertex   3.793301e+01 2.800632e+01 7.875000e+01
      vertex   3.798296e+01 3.080632e+01 7.862941e+01
    endloop
  endfacet
  facet normal 9.238795e-01 0.000000e+00 3.826834e-01
    outer loop
      vertex   3.793301e+01 3.080632e+01 7.875000e+01
      vertex   3.798296e+01 3.080632e+01 7.862941e+01
      vertex   3.798296e+01 3.360632e+01 7.862941e+01
    endloop
  endfacet
  facet normal 9.914449e-01 0.000000e+00 1.305262e-01
    outer loop
      vertex   3.798296e+01 3.360632e+01 7.862941e+01
      vertex   3.798296e+01 3.080632e+01 7.862941e+01
      vertex   3.800000e+01 5.600632e+01 7.850000e+01
    endloop
  endfacet
  facet normal 9.914449e-01 -0.000000e+00 1.305262e-01
    outer loop
      vertex   3.798296e+01 3.360632e+01 7.862941e+01
      vertex   3.800000e+01 5.600632e+01 7.850000e+01
      vertex   3.798296e+01 3.640632e+01 7.862941e+01
    endloop
  endfacet
  facet normal 9.914449e-01 -0.000000e+00 1.305262e-01
    outer loop
      vertex   3.798296e+01 3.640632e+01 7.862941e+01
      vertex   3.800000e+01 5.600632e+01 7.850000e+01
      vertex   3.798296e+01 3.920632e+01 7.862941e+01
    endloop
  endfacet
  facet normal 9.238795e-01 -0.000000e+00 3.826834e-01
    outer loop
      vertex   3.798296e+01 3.640632e+01 7.862941e+01
      vertex   3.798296e+01 3.920632e+01 7.862941e+01
      vertex   3.793301e+01 3.640632e+01 7.875000e+01
    endloop
  endfacet
  facet normal 9.238795e-01 -0.000000e+00 3.826834e-01
    outer loop
      vertex   3.793301e+01 3.640632e+01 7.875000e+01
      vertex   3.798296e+01 3.920632e+01 7.862941e+01
      vertex   3.793301e+01 3.920632e+01 7.875000e+01
    endloop
  endfacet
  facet normal 7.933533e-01 -0.000000e+00 6.087614e-01
    outer loop
      vertex   3.793301e+01 3.640632e+01 7.875000e+01
      vertex   3.793301e+01 3.920632e+01 7.875000e+01
      vertex   3.785355e+01 3.640632e+01 7.885355e+01
    endloop
  endfacet
  facet normal 7.933533e-01 -0.000000e+00 6.087614e-01
    outer loop
      vertex   3.785355e+01 3.640632e+01 7.885355e+01
      vertex   3.793301e+01 3.920632e+01 7.875000e+01
      vertex   3.785355e+01 3.920632e+01 7.885355e+01
    endloop
  endfacet
  facet normal 6.087614e-01 -0.000000e+00 7.933533e-01
    outer loop
      vertex   3.785355e+01 3.640632e+01 7.885355e+01
      vertex   3.785355e+01 3.920632e+01 7.885355e+01
      vertex   3.775000e+01 3.640632e+01 7.893301e+01
    endloop
  endfacet
  facet normal 6.087614e-01 -0.000000e+00 7.933533e-01
    outer loop
      vertex   3.775000e+01 3.640632e+01 7.893301e+01
      vertex   3.785355e+01 3.920632e+01 7.885355e+01
      vertex   3.775000e+01 3.920632e+01 7.893301e+01
    endloop
  endfacet
  facet normal 3.826834e-01 -0.000000e+00 9.238795e-01
    outer loop
      vertex   3.775000e+01 3.640632e+01 7.893301e+01
      vertex   3.775000e+01 3.920632e+01 7.893301e+01
      vertex   3.762941e+01 3.640632e+01 7.898296e+01
    endloop
  endfacet
  facet normal 3.826834e-01 -0.000000e+00 9.238795e-01
    outer loop
      vertex   3.762941e+01 3.640632e+01 7.898296e+01
      vertex   3.775000e+01 3.920632e+01 7.893301e+01
      vertex   3.762941e+01 3.920632e+01 7.898296e+01
    endloop
  endfacet
  facet normal 1.790169e-01 -0.000000e+00 9.838460e-01
    outer loop
      vertex   3.762941e+01 3.640632e+01 7.898296e+01
      vertex   3.762941e+01 3.920632e+01 7.898296e+01
      vertex   3.754901e+01 5.550872e+01 7.899759e+01
    endloop
  endfacet
  facet normal 1.790169e-01 0.000000e+00 9.838460e-01
    outer loop
      vertex   3.754901e+01 5.550872e+01 7.899759e+01
      vertex   3.762941e+01 3.920632e+01 7.898296e+01
      vertex   3.762941e+01 4.200632e+01 7.898296e+01
    endloop
  endfacet
  facet normal 1.790169e-01 0.000000e+00 9.838460e-01
    outer loop
      vertex   3.754901e+01 5.550872e+01 7.899759e+01
      vertex   3.762941e+01 4.200632e+01 7.898296e+01
      vertex   3.762941e+01 4.480632e+01 7.898296e+01
    endloop
  endfacet
  facet normal 3.826834e-01 0.000000e+00 9.238795e-01
    outer loop
      vertex   3.762941e+01 4.480632e+01 7.898296e+01
      vertex   3.762941e+01 4.200632e+01 7.898296e+01
      vertex   3.775000e+01 4.480632e+01 7.893301e+01
    endloop
  endfacet
  facet normal 3.826834e-01 0.000000e+00 9.238795e-01
    outer loop
      vertex   3.762941e+01 4.480632e+01 7.898296e+01
      vertex   3.775000e+01 4.480632e+01 7.893301e+01
      vertex   3.775000e+01 4.760632e+01 7.893301e+01
    endloop
  endfacet
  facet normal 6.087614e-01 0.000000e+00 7.933533e-01
    outer loop
      vertex   3.775000e+01 4.760632e+01 7.893301e+01
      vertex   3.775000e+01 4.480632e+01 7.893301e+01
      vertex   3.785355e+01 4.760632e+01 7.885355e+01
    endloop
  endfacet
  facet normal 6.087614e-01 0.000000e+00 7.933533e-01
    outer loop
      vertex   3.775000e+01 4.760632e+01 7.893301e+01
      vertex   3.785355e+01 4.760632e+01 7.885355e+01
      vertex   3.785355e+01 5.040632e+01 7.885355e+01
    endloop
  endfacet
  facet normal 7.933533e-01 0.000000e+00 6.087614e-01
    outer loop
      vertex   3.785355e+01 5.040632e+01 7.885355e+01
      vertex   3.785355e+01 4.760632e+01 7.885355e+01
      vertex   3.793301e+01 5.040632e+01 7.875000e+01
    endloop
  endfacet
  facet normal 7.933533e-01 0.000000e+00 6.087614e-01
    outer loop
      vertex   3.785355e+01 5.040632e+01 7.885355e+01
      vertex   3.793301e+01 5.040632e+01 7.875000e+01
      vertex   3.793301e+01 5.320632e+01 7.875000e+01
    endloop
  endfacet
  facet normal 9.238795e-01 0.000000e+00 3.826834e-01
    outer loop
      vertex   3.793301e+01 5.320632e+01 7.875000e+01
      vertex   3.793301e+01 5.040632e+01 7.875000e+01
      vertex   3.798296e+01 5.320632e+01 7.862941e+01
    endloop
  endfacet
  facet normal 9.238783e-01 -1.639756e-03 3.826829e-01
    outer loop
      vertex   3.793301e+01 5.320632e+01 7.875000e+01
      vertex   3.798296e+01 5.320632e+01 7.862941e+01
      vertex   3.796194e+01 5.581498e+01 7.869134e+01
    endloop
  endfacet
  facet normal 9.567172e-01 8.011080e-04 2.910181e-01
    outer loop
      vertex   3.796194e+01 5.581498e+01 7.869134e+01
      vertex   3.798296e+01 5.320632e+01 7.862941e+01
      vertex   3.799039e+01 5.590877e+01 7.859755e+01
    endloop
  endfacet
  facet normal 9.953382e-01 -1.599405e-03 9.643285e-02
    outer loop
      vertex   3.799039e+01 5.590877e+01 7.859755e+01
      vertex   3.798296e+01 5.320632e+01 7.862941e+01
      vertex   3.800000e+01 5.600632e+01 7.850000e+01
    endloop
  endfacet
  facet normal 9.914449e-01 0.000000e+00 1.305262e-01
    outer loop
      vertex   3.800000e+01 5.600632e+01 7.850000e+01
      vertex   3.798296e+01 5.320632e+01 7.862941e+01
      vertex   3.798296e+01 5.040632e+01 7.862941e+01
    endloop
  endfacet
  facet normal 9.914449e-01 0.000000e+00 1.305262e-01
    outer loop
      vertex   3.800000e+01 5.600632e+01 7.850000e+01
      vertex   3.798296e+01 5.040632e+01 7.862941e+01
      vertex   3.798296e+01 4.760632e+01 7.862941e+01
    endloop
  endfacet
  facet normal 9.238795e-01 -0.000000e+00 3.826834e-01
    outer loop
      vertex   3.798296e+01 4.760632e+01 7.862941e+01
      vertex   3.798296e+01 5.040632e+01 7.862941e+01
      vertex   3.793301e+01 4.760632e+01 7.875000e+01
    endloop
  endfacet
  facet normal 9.238795e-01 0.000000e+00 3.826834e-01
    outer loop
      vertex   3.798296e+01 4.760632e+01 7.862941e+01
      vertex   3.793301e+01 4.760632e+01 7.875000e+01
      vertex   3.793301e+01 4.480632e+01 7.875000e+01
    endloop
  endfacet
  facet normal 7.933533e-01 -0.000000e+00 6.087614e-01
    outer loop
      vertex   3.793301e+01 4.480632e+01 7.875000e+01
      vertex   3.793301e+01 4.760632e+01 7.875000e+01
      vertex   3.785355e+01 4.480632e+01 7.885355e+01
    endloop
  endfacet
  facet normal 7.933533e-01 0.000000e+00 6.087614e-01
    outer loop
      vertex   3.793301e+01 4.480632e+01 7.875000e+01
      vertex   3.785355e+01 4.480632e+01 7.885355e+01
      vertex   3.785355e+01 4.200632e+01 7.885355e+01
    endloop
  endfacet
  facet normal 6.087614e-01 -0.000000e+00 7.933533e-01
    outer loop
      vertex   3.785355e+01 4.200632e+01 7.885355e+01
      vertex   3.785355e+01 4.480632e+01 7.885355e+01
      vertex   3.775000e+01 4.200632e+01 7.893301e+01
    endloop
  endfacet
  facet normal 6.087614e-01 0.000000e+00 7.933533e-01
    outer loop
      vertex   3.785355e+01 4.200632e+01 7.885355e+01
      vertex   3.775000e+01 4.200632e+01 7.893301e+01
      vertex   3.775000e+01 3.920632e+01 7.893301e+01
    endloop
  endfacet
  facet normal 3.826834e-01 -0.000000e+00 9.238795e-01
    outer loop
      vertex   3.775000e+01 3.920632e+01 7.893301e+01
      vertex   3.775000e+01 4.200632e+01 7.893301e+01
      vertex   3.762941e+01 3.920632e+01 7.898296e+01
    endloop
  endfacet
  facet normal 8.815720e-01 8.388560e-04 4.720489e-01
    outer loop
      vertex   3.796194e+01 5.581498e+01 7.869134e+01
      vertex   3.791573e+01 5.572853e+01 7.877779e+01
      vertex   3.793301e+01 5.320632e+01 7.875000e+01
    endloop
  endfacet
  facet normal 7.933527e-01 -1.271513e-03 6.087609e-01
    outer loop
      vertex   3.793301e+01 5.320632e+01 7.875000e+01
      vertex   3.791573e+01 5.572853e+01 7.877779e+01
      vertex   3.785355e+01 5.320632e+01 7.885355e+01
    endloop
  endfacet
  facet normal 7.933533e-01 0.000000e+00 6.087614e-01
    outer loop
      vertex   3.793301e+01 5.320632e+01 7.875000e+01
      vertex   3.785355e+01 5.320632e+01 7.885355e+01
      vertex   3.785355e+01 5.040632e+01 7.885355e+01
    endloop
  endfacet
  facet normal 6.087614e-01 -0.000000e+00 7.933533e-01
    outer loop
      vertex   3.785355e+01 5.040632e+01 7.885355e+01
      vertex   3.785355e+01 5.320632e+01 7.885355e+01
      vertex   3.775000e+01 5.040632e+01 7.893301e+01
    endloop
  endfacet
  facet normal 6.087614e-01 0.000000e+00 7.933533e-01
    outer loop
      vertex   3.785355e+01 5.040632e+01 7.885355e+01
      vertex   3.775000e+01 5.040632e+01 7.893301e+01
      vertex   3.775000e+01 4.760632e+01 7.893301e+01
    endloop
  endfacet
  facet normal 3.826834e-01 -0.000000e+00 9.238795e-01
    outer loop
      vertex   3.775000e+01 4.760632e+01 7.893301e+01
      vertex   3.775000e+01 5.040632e+01 7.893301e+01
      vertex   3.762941e+01 4.760632e+01 7.898296e+01
    endloop
  endfacet
  facet normal 3.826834e-01 0.000000e+00 9.238795e-01
    outer loop
      vertex   3.775000e+01 4.760632e+01 7.893301e+01
      vertex   3.762941e+01 4.760632e+01 7.898296e+01
      vertex   3.762941e+01 4.480632e+01 7.898296e+01
    endloop
  endfacet
  facet normal 1.790169e-01 -0.000000e+00 9.838460e-01
    outer loop
      vertex   3.762941e+01 4.480632e+01 7.898296e+01
      vertex   3.762941e+01 4.760632e+01 7.898296e+01
      vertex   3.754901e+01 5.550872e+01 7.899759e+01
    endloop
  endfacet
  facet normal 7.730105e-01 0.000000e+00 6.343933e-01
    outer loop
      vertex   3.791573e+01 5.572853e+01 7.877779e+01
      vertex   3.785355e+01 5.565276e+01 7.885355e+01
      vertex   3.785355e+01 5.320632e+01 7.885355e+01
    endloop
  endfacet
  facet normal 6.343933e-01 -0.000000e+00 7.730105e-01
    outer loop
      vertex   3.785355e+01 5.320632e+01 7.885355e+01
      vertex   3.785355e+01 5.565276e+01 7.885355e+01
      vertex   3.777779e+01 5.559058e+01 7.891573e+01
    endloop
  endfacet
  facet normal 6.087609e-01 -1.345080e-03 7.933526e-01
    outer loop
      vertex   3.785355e+01 5.320632e+01 7.885355e+01
      vertex   3.777779e+01 5.559058e+01 7.891573e+01
      vertex   3.775000e+01 5.320632e+01 7.893301e+01
    endloop
  endfacet
  facet normal 4.710209e-01 9.033527e-04 8.821216e-01
    outer loop
      vertex   3.775000e+01 5.320632e+01 7.893301e+01
      vertex   3.777779e+01 5.559058e+01 7.891573e+01
      vertex   3.769134e+01 5.554438e+01 7.896194e+01
    endloop
  endfacet
  facet normal 3.826828e-01 -1.829535e-03 9.238780e-01
    outer loop
      vertex   3.775000e+01 5.320632e+01 7.893301e+01
      vertex   3.769134e+01 5.554438e+01 7.896194e+01
      vertex   3.762941e+01 5.320632e+01 7.898296e+01
    endloop
  endfacet
  facet normal 2.900282e-01 9.227473e-04 9.570176e-01
    outer loop
      vertex   3.762941e+01 5.320632e+01 7.898296e+01
      vertex   3.769134e+01 5.554438e+01 7.896194e+01
      vertex   3.759755e+01 5.551592e+01 7.899039e+01
    endloop
  endfacet
  facet normal 1.468981e-01 -1.155308e-03 9.891510e-01
    outer loop
      vertex   3.762941e+01 5.320632e+01 7.898296e+01
      vertex   3.759755e+01 5.551592e+01 7.899039e+01
      vertex   3.754901e+01 5.550872e+01 7.899759e+01
    endloop
  endfacet
  facet normal 4.906767e-02 0.000000e+00 9.987955e-01
    outer loop
      vertex   3.750000e+01 5.550632e+01 7.900000e+01
      vertex   3.750000e+01 1.450632e+01 7.900000e+01
      vertex   3.754901e+01 5.550872e+01 7.899759e+01
    endloop
  endfacet
  facet normal 1.508324e-01 -1.222365e-04 9.885593e-01
    outer loop
      vertex   3.754901e+01 5.550872e+01 7.899759e+01
      vertex   3.750000e+01 1.450632e+01 7.900000e+01
      vertex   3.762941e+01 3.640632e+01 7.898296e+01
    endloop
  endfacet
  facet normal 4.710209e-01 -9.033527e-04 8.821216e-01
    outer loop
      vertex   3.769134e+01 1.446826e+01 7.896194e+01
      vertex   3.777779e+01 1.442205e+01 7.891573e+01
      vertex   3.775000e+01 1.680632e+01 7.893301e+01
    endloop
  endfacet
  facet normal 6.087609e-01 1.345080e-03 7.933526e-01
    outer loop
      vertex   3.775000e+01 1.680632e+01 7.893301e+01
      vertex   3.777779e+01 1.442205e+01 7.891573e+01
      vertex   3.785355e+01 1.680632e+01 7.885355e+01
    endloop
  endfacet
  facet normal 6.087614e-01 0.000000e+00 7.933533e-01
    outer loop
      vertex   3.775000e+01 1.680632e+01 7.893301e+01
      vertex   3.785355e+01 1.680632e+01 7.885355e+01
      vertex   3.785355e+01 1.960632e+01 7.885355e+01
    endloop
  endfacet
  facet normal 7.933533e-01 0.000000e+00 6.087614e-01
    outer loop
      vertex   3.785355e+01 1.960632e+01 7.885355e+01
      vertex   3.785355e+01 1.680632e+01 7.885355e+01
      vertex   3.793301e+01 1.960632e+01 7.875000e+01
    endloop
  endfacet
  facet normal 7.933533e-01 0.000000e+00 6.087614e-01
    outer loop
      vertex   3.785355e+01 1.960632e+01 7.885355e+01
      vertex   3.793301e+01 1.960632e+01 7.875000e+01
      vertex   3.793301e+01 2.240632e+01 7.875000e+01
    endloop
  endfacet
  facet normal 9.238795e-01 0.000000e+00 3.826834e-01
    outer loop
      vertex   3.793301e+01 2.240632e+01 7.875000e+01
      vertex   3.793301e+01 1.960632e+01 7.875000e+01
      vertex   3.798296e+01 2.240632e+01 7.862941e+01
    endloop
  endfacet
  facet normal 9.238795e-01 0.000000e+00 3.826834e-01
    outer loop
      vertex   3.793301e+01 2.240632e+01 7.875000e+01
      vertex   3.798296e+01 2.240632e+01 7.862941e+01
      vertex   3.798296e+01 2.520632e+01 7.862941e+01
    endloop
  endfacet
  facet normal 9.738770e-01 0.000000e+00 2.270763e-01
    outer loop
      vertex   3.798296e+01 2.520632e+01 7.862941e+01
      vertex   3.798296e+01 2.240632e+01 7.862941e+01
      vertex   3.799039e+01 1.410386e+01 7.859755e+01
    endloop
  endfacet
  facet normal 6.343933e-01 0.000000e+00 7.730105e-01
    outer loop
      vertex   3.777779e+01 1.442205e+01 7.891573e+01
      vertex   3.785355e+01 1.435987e+01 7.885355e+01
      vertex   3.785355e+01 1.680632e+01 7.885355e+01
    endloop
  endfacet
  facet normal 7.730105e-01 0.000000e+00 6.343933e-01
    outer loop
      vertex   3.785355e+01 1.680632e+01 7.885355e+01
      vertex   3.785355e+01 1.435987e+01 7.885355e+01
      vertex   3.791573e+01 1.428410e+01 7.877779e+01
    endloop
  endfacet
  facet normal 7.933527e-01 1.271513e-03 6.087609e-01
    outer loop
      vertex   3.785355e+01 1.680632e+01 7.885355e+01
      vertex   3.791573e+01 1.428410e+01 7.877779e+01
      vertex   3.793301e+01 1.680632e+01 7.875000e+01
    endloop
  endfacet
  facet normal 8.815720e-01 -8.388560e-04 4.720489e-01
    outer loop
      vertex   3.793301e+01 1.680632e+01 7.875000e+01
      vertex   3.791573e+01 1.428410e+01 7.877779e+01
      vertex   3.796194e+01 1.419766e+01 7.869134e+01
    endloop
  endfacet
  facet normal 9.238783e-01 1.639756e-03 3.826829e-01
    outer loop
      vertex   3.793301e+01 1.680632e+01 7.875000e+01
      vertex   3.796194e+01 1.419766e+01 7.869134e+01
      vertex   3.798296e+01 1.680632e+01 7.862941e+01
    endloop
  endfacet
  facet normal 9.567172e-01 -8.011080e-04 2.910181e-01
    outer loop
      vertex   3.798296e+01 1.680632e+01 7.862941e+01
      vertex   3.796194e+01 1.419766e+01 7.869134e+01
      vertex   3.799039e+01 1.410386e+01 7.859755e+01
    endloop
  endfacet
  facet normal 9.738770e-01 -0.000000e+00 2.270763e-01
    outer loop
      vertex   3.798296e+01 1.680632e+01 7.862941e+01
      vertex   3.799039e+01 1.410386e+01 7.859755e+01
      vertex   3.798296e+01 1.960632e+01 7.862941e+01
    endloop
  endfacet
  facet normal 9.738770e-01 -0.000000e+00 2.270763e-01
    outer loop
      vertex   3.798296e+01 1.960632e+01 7.862941e+01
      vertex   3.799039e+01 1.410386e+01 7.859755e+01
      vertex   3.798296e+01 2.240632e+01 7.862941e+01
    endloop
  endfacet
  facet normal 9.238795e-01 -0.000000e+00 3.826834e-01
    outer loop
      vertex   3.798296e+01 1.960632e+01 7.862941e+01
      vertex   3.798296e+01 2.240632e+01 7.862941e+01
      vertex   3.793301e+01 1.960632e+01 7.875000e+01
    endloop
  endfacet
  facet normal 9.238795e-01 -0.000000e+00 3.826834e-01
    outer loop
      vertex   3.793301e+01 4.760632e+01 7.875000e+01
      vertex   3.798296e+01 5.040632e+01 7.862941e+01
      vertex   3.793301e+01 5.040632e+01 7.875000e+01
    endloop
  endfacet
  facet normal 9.238795e-01 0.000000e+00 3.826834e-01
    outer loop
      vertex   3.793301e+01 5.040632e+01 7.875000e+01
      vertex   3.798296e+01 5.040632e+01 7.862941e+01
      vertex   3.798296e+01 5.320632e+01 7.862941e+01
    endloop
  endfacet
  facet normal 9.914449e-01 0.000000e+00 1.305262e-01
    outer loop
      vertex   3.798296e+01 4.760632e+01 7.862941e+01
      vertex   3.798296e+01 4.480632e+01 7.862941e+01
      vertex   3.800000e+01 5.600632e+01 7.850000e+01
    endloop
  endfacet
  facet normal 9.914449e-01 0.000000e+00 1.305262e-01
    outer loop
      vertex   3.800000e+01 5.600632e+01 7.850000e+01
      vertex   3.798296e+01 4.480632e+01 7.862941e+01
      vertex   3.798296e+01 4.200632e+01 7.862941e+01
    endloop
  endfacet
  facet normal 9.914449e-01 0.000000e+00 1.305262e-01
    outer loop
      vertex   3.800000e+01 5.600632e+01 7.850000e+01
      vertex   3.798296e+01 4.200632e+01 7.862941e+01
      vertex   3.798296e+01 3.920632e+01 7.862941e+01
    endloop
  endfacet
  facet normal 9.238795e-01 -0.000000e+00 3.826834e-01
    outer loop
      vertex   3.798296e+01 3.920632e+01 7.862941e+01
      vertex   3.798296e+01 4.200632e+01 7.862941e+01
      vertex   3.793301e+01 3.920632e+01 7.875000e+01
    endloop
  endfacet
  facet normal 9.238795e-01 0.000000e+00 3.826834e-01
    outer loop
      vertex   3.798296e+01 4.760632e+01 7.862941e+01
      vertex   3.793301e+01 4.480632e+01 7.875000e+01
      vertex   3.798296e+01 4.480632e+01 7.862941e+01
    endloop
  endfacet
  facet normal 9.238795e-01 0.000000e+00 3.826834e-01
    outer loop
      vertex   3.798296e+01 4.480632e+01 7.862941e+01
      vertex   3.793301e+01 4.480632e+01 7.875000e+01
      vertex   3.793301e+01 4.200632e+01 7.875000e+01
    endloop
  endfacet
  facet normal 9.238795e-01 0.000000e+00 3.826834e-01
    outer loop
      vertex   3.798296e+01 4.480632e+01 7.862941e+01
      vertex   3.793301e+01 4.200632e+01 7.875000e+01
      vertex   3.798296e+01 4.200632e+01 7.862941e+01
    endloop
  endfacet
  facet normal 9.238795e-01 0.000000e+00 3.826834e-01
    outer loop
      vertex   3.798296e+01 4.200632e+01 7.862941e+01
      vertex   3.793301e+01 4.200632e+01 7.875000e+01
      vertex   3.793301e+01 3.920632e+01 7.875000e+01
    endloop
  endfacet
  facet normal 9.914449e-01 -0.000000e+00 1.305262e-01
    outer loop
      vertex   3.798296e+01 2.800632e+01 7.862941e+01
      vertex   3.800000e+01 5.600632e+01 7.850000e+01
      vertex   3.798296e+01 3.080632e+01 7.862941e+01
    endloop
  endfacet
  facet normal 9.238795e-01 -0.000000e+00 3.826834e-01
    outer loop
      vertex   3.798296e+01 3.360632e+01 7.862941e+01
      vertex   3.798296e+01 3.640632e+01 7.862941e+01
      vertex   3.793301e+01 3.360632e+01 7.875000e+01
    endloop
  endfacet
  facet normal 9.238795e-01 -0.000000e+00 3.826834e-01
    outer loop
      vertex   3.793301e+01 3.360632e+01 7.875000e+01
      vertex   3.798296e+01 3.640632e+01 7.862941e+01
      vertex   3.793301e+01 3.640632e+01 7.875000e+01
    endloop
  endfacet
  facet normal 7.933533e-01 -0.000000e+00 6.087614e-01
    outer loop
      vertex   3.793301e+01 3.360632e+01 7.875000e+01
      vertex   3.793301e+01 3.640632e+01 7.875000e+01
      vertex   3.785355e+01 3.360632e+01 7.885355e+01
    endloop
  endfacet
  facet normal 7.933533e-01 -0.000000e+00 6.087614e-01
    outer loop
      vertex   3.785355e+01 3.360632e+01 7.885355e+01
      vertex   3.793301e+01 3.640632e+01 7.875000e+01
      vertex   3.785355e+01 3.640632e+01 7.885355e+01
    endloop
  endfacet
  facet normal 6.087614e-01 -0.000000e+00 7.933533e-01
    outer loop
      vertex   3.785355e+01 3.360632e+01 7.885355e+01
      vertex   3.785355e+01 3.640632e+01 7.885355e+01
      vertex   3.775000e+01 3.360632e+01 7.893301e+01
    endloop
  endfacet
  facet normal 6.087614e-01 -0.000000e+00 7.933533e-01
    outer loop
      vertex   3.775000e+01 3.360632e+01 7.893301e+01
      vertex   3.785355e+01 3.640632e+01 7.885355e+01
      vertex   3.775000e+01 3.640632e+01 7.893301e+01
    endloop
  endfacet
  facet normal 3.826834e-01 -0.000000e+00 9.238795e-01
    outer loop
      vertex   3.775000e+01 3.360632e+01 7.893301e+01
      vertex   3.775000e+01 3.640632e+01 7.893301e+01
      vertex   3.762941e+01 3.360632e+01 7.898296e+01
    endloop
  endfacet
  facet normal 3.826834e-01 -0.000000e+00 9.238795e-01
    outer loop
      vertex   3.762941e+01 3.360632e+01 7.898296e+01
      vertex   3.775000e+01 3.640632e+01 7.893301e+01
      vertex   3.762941e+01 3.640632e+01 7.898296e+01
    endloop
  endfacet
  facet normal 1.305262e-01 -0.000000e+00 9.914449e-01
    outer loop
      vertex   3.762941e+01 3.360632e+01 7.898296e+01
      vertex   3.762941e+01 3.640632e+01 7.898296e+01
      vertex   3.750000e+01 1.450632e+01 7.900000e+01
    endloop
  endfacet
  facet normal 9.238795e-01 -0.000000e+00 3.826834e-01
    outer loop
      vertex   3.793301e+01 2.520632e+01 7.875000e+01
      vertex   3.798296e+01 2.800632e+01 7.862941e+01
      vertex   3.793301e+01 2.800632e+01 7.875000e+01
    endloop
  endfacet
  facet normal 9.238795e-01 0.000000e+00 3.826834e-01
    outer loop
      vertex   3.793301e+01 2.800632e+01 7.875000e+01
      vertex   3.798296e+01 2.800632e+01 7.862941e+01
      vertex   3.798296e+01 3.080632e+01 7.862941e+01
    endloop
  endfacet
  facet normal 9.238795e-01 0.000000e+00 3.826834e-01
    outer loop
      vertex   3.793301e+01 1.680632e+01 7.875000e+01
      vertex   3.798296e+01 1.680632e+01 7.862941e+01
      vertex   3.798296e+01 1.960632e+01 7.862941e+01
    endloop
  endfacet
  facet normal 9.238795e-01 -0.000000e+00 3.826834e-01
    outer loop
      vertex   3.793301e+01 1.680632e+01 7.875000e+01
      vertex   3.798296e+01 1.960632e+01 7.862941e+01
      vertex   3.793301e+01 1.960632e+01 7.875000e+01
    endloop
  endfacet
  facet normal 7.933533e-01 -0.000000e+00 6.087614e-01
    outer loop
      vertex   3.785355e+01 4.480632e+01 7.885355e+01
      vertex   3.793301e+01 4.760632e+01 7.875000e+01
      vertex   3.785355e+01 4.760632e+01 7.885355e+01
    endloop
  endfacet
  facet normal 7.933533e-01 0.000000e+00 6.087614e-01
    outer loop
      vertex   3.785355e+01 4.760632e+01 7.885355e+01
      vertex   3.793301e+01 4.760632e+01 7.875000e+01
      vertex   3.793301e+01 5.040632e+01 7.875000e+01
    endloop
  endfacet
  facet normal 7.933533e-01 0.000000e+00 6.087614e-01
    outer loop
      vertex   3.785355e+01 3.920632e+01 7.885355e+01
      vertex   3.793301e+01 3.920632e+01 7.875000e+01
      vertex   3.793301e+01 4.200632e+01 7.875000e+01
    endloop
  endfacet
  facet normal 7.933533e-01 -0.000000e+00 6.087614e-01
    outer loop
      vertex   3.785355e+01 3.920632e+01 7.885355e+01
      vertex   3.793301e+01 4.200632e+01 7.875000e+01
      vertex   3.785355e+01 4.200632e+01 7.885355e+01
    endloop
  endfacet
  facet normal 7.933533e-01 0.000000e+00 6.087614e-01
    outer loop
      vertex   3.785355e+01 4.200632e+01 7.885355e+01
      vertex   3.793301e+01 4.200632e+01 7.875000e+01
      vertex   3.793301e+01 4.480632e+01 7.875000e+01
    endloop
  endfacet
  facet normal 9.238795e-01 0.000000e+00 3.826834e-01
    outer loop
      vertex   3.798296e+01 3.360632e+01 7.862941e+01
      vertex   3.793301e+01 3.360632e+01 7.875000e+01
      vertex   3.793301e+01 3.080632e+01 7.875000e+01
    endloop
  endfacet
  facet normal 7.933533e-01 -0.000000e+00 6.087614e-01
    outer loop
      vertex   3.793301e+01 3.080632e+01 7.875000e+01
      vertex   3.793301e+01 3.360632e+01 7.875000e+01
      vertex   3.785355e+01 3.080632e+01 7.885355e+01
    endloop
  endfacet
  facet normal 7.933533e-01 0.000000e+00 6.087614e-01
    outer loop
      vertex   3.793301e+01 3.080632e+01 7.875000e+01
      vertex   3.785355e+01 3.080632e+01 7.885355e+01
      vertex   3.785355e+01 2.800632e+01 7.885355e+01
    endloop
  endfacet
  facet normal 6.087614e-01 -0.000000e+00 7.933533e-01
    outer loop
      vertex   3.785355e+01 2.800632e+01 7.885355e+01
      vertex   3.785355e+01 3.080632e+01 7.885355e+01
      vertex   3.775000e+01 2.800632e+01 7.893301e+01
    endloop
  endfacet
  facet normal 6.087614e-01 0.000000e+00 7.933533e-01
    outer loop
      vertex   3.785355e+01 2.800632e+01 7.885355e+01
      vertex   3.775000e+01 2.800632e+01 7.893301e+01
      vertex   3.775000e+01 2.520632e+01 7.893301e+01
    endloop
  endfacet
  facet normal 3.826834e-01 -0.000000e+00 9.238795e-01
    outer loop
      vertex   3.775000e+01 2.520632e+01 7.893301e+01
      vertex   3.775000e+01 2.800632e+01 7.893301e+01
      vertex   3.762941e+01 2.520632e+01 7.898296e+01
    endloop
  endfacet
  facet normal 3.826834e-01 0.000000e+00 9.238795e-01
    outer loop
      vertex   3.775000e+01 2.520632e+01 7.893301e+01
      vertex   3.762941e+01 2.520632e+01 7.898296e+01
      vertex   3.762941e+01 2.240632e+01 7.898296e+01
    endloop
  endfacet
  facet normal 1.305262e-01 -0.000000e+00 9.914449e-01
    outer loop
      vertex   3.762941e+01 2.240632e+01 7.898296e+01
      vertex   3.762941e+01 2.520632e+01 7.898296e+01
      vertex   3.750000e+01 1.450632e+01 7.900000e+01
    endloop
  endfacet
  facet normal 7.933533e-01 -0.000000e+00 6.087614e-01
    outer loop
      vertex   3.785355e+01 3.080632e+01 7.885355e+01
      vertex   3.793301e+01 3.360632e+01 7.875000e+01
      vertex   3.785355e+01 3.360632e+01 7.885355e+01
    endloop
  endfacet
  facet normal 7.933533e-01 -0.000000e+00 6.087614e-01
    outer loop
      vertex   3.785355e+01 2.240632e+01 7.885355e+01
      vertex   3.793301e+01 2.520632e+01 7.875000e+01
      vertex   3.785355e+01 2.520632e+01 7.885355e+01
    endloop
  endfacet
  facet normal 7.933533e-01 0.000000e+00 6.087614e-01
    outer loop
      vertex   3.785355e+01 2.520632e+01 7.885355e+01
      vertex   3.793301e+01 2.520632e+01 7.875000e+01
      vertex   3.793301e+01 2.800632e+01 7.875000e+01
    endloop
  endfacet
  facet normal 7.933533e-01 0.000000e+00 6.087614e-01
    outer loop
      vertex   3.785355e+01 1.680632e+01 7.885355e+01
      vertex   3.793301e+01 1.680632e+01 7.875000e+01
      vertex   3.793301e+01 1.960632e+01 7.875000e+01
    endloop
  endfacet
  facet normal 6.087614e-01 -0.000000e+00 7.933533e-01
    outer loop
      vertex   3.775000e+01 4.200632e+01 7.893301e+01
      vertex   3.785355e+01 4.480632e+01 7.885355e+01
      vertex   3.775000e+01 4.480632e+01 7.893301e+01
    endloop
  endfacet
  facet normal 6.087614e-01 0.000000e+00 7.933533e-01
    outer loop
      vertex   3.775000e+01 4.480632e+01 7.893301e+01
      vertex   3.785355e+01 4.480632e+01 7.885355e+01
      vertex   3.785355e+01 4.760632e+01 7.885355e+01
    endloop
  endfacet
  facet normal 6.087614e-01 0.000000e+00 7.933533e-01
    outer loop
      vertex   3.775000e+01 3.920632e+01 7.893301e+01
      vertex   3.785355e+01 3.920632e+01 7.885355e+01
      vertex   3.785355e+01 4.200632e+01 7.885355e+01
    endloop
  endfacet
  facet normal 6.087614e-01 -0.000000e+00 7.933533e-01
    outer loop
      vertex   3.785355e+01 3.080632e+01 7.885355e+01
      vertex   3.785355e+01 3.360632e+01 7.885355e+01
      vertex   3.775000e+01 3.080632e+01 7.893301e+01
    endloop
  endfacet
  facet normal 6.087614e-01 -0.000000e+00 7.933533e-01
    outer loop
      vertex   3.775000e+01 3.080632e+01 7.893301e+01
      vertex   3.785355e+01 3.360632e+01 7.885355e+01
      vertex   3.775000e+01 3.360632e+01 7.893301e+01
    endloop
  endfacet
  facet normal 3.826834e-01 -0.000000e+00 9.238795e-01
    outer loop
      vertex   3.775000e+01 3.080632e+01 7.893301e+01
      vertex   3.775000e+01 3.360632e+01 7.893301e+01
      vertex   3.762941e+01 3.080632e+01 7.898296e+01
    endloop
  endfacet
  facet normal 3.826834e-01 -0.000000e+00 9.238795e-01
    outer loop
      vertex   3.762941e+01 3.080632e+01 7.898296e+01
      vertex   3.775000e+01 3.360632e+01 7.893301e+01
      vertex   3.762941e+01 3.360632e+01 7.898296e+01
    endloop
  endfacet
  facet normal 1.305262e-01 -0.000000e+00 9.914449e-01
    outer loop
      vertex   3.762941e+01 3.080632e+01 7.898296e+01
      vertex   3.762941e+01 3.360632e+01 7.898296e+01
      vertex   3.750000e+01 1.450632e+01 7.900000e+01
    endloop
  endfacet
  facet normal 6.087614e-01 -0.000000e+00 7.933533e-01
    outer loop
      vertex   3.775000e+01 1.960632e+01 7.893301e+01
      vertex   3.785355e+01 2.240632e+01 7.885355e+01
      vertex   3.775000e+01 2.240632e+01 7.893301e+01
    endloop
  endfacet
  facet normal 6.087614e-01 0.000000e+00 7.933533e-01
    outer loop
      vertex   3.775000e+01 2.240632e+01 7.893301e+01
      vertex   3.785355e+01 2.240632e+01 7.885355e+01
      vertex   3.785355e+01 2.520632e+01 7.885355e+01
    endloop
  endfacet
  facet normal 6.087614e-01 0.000000e+00 7.933533e-01
    outer loop
      vertex   3.785355e+01 5.320632e+01 7.885355e+01
      vertex   3.775000e+01 5.320632e+01 7.893301e+01
      vertex   3.775000e+01 5.040632e+01 7.893301e+01
    endloop
  endfacet
  facet normal 3.826834e-01 -0.000000e+00 9.238795e-01
    outer loop
      vertex   3.775000e+01 5.040632e+01 7.893301e+01
      vertex   3.775000e+01 5.320632e+01 7.893301e+01
      vertex   3.762941e+01 5.040632e+01 7.898296e+01
    endloop
  endfacet
  facet normal 3.826834e-01 0.000000e+00 9.238795e-01
    outer loop
      vertex   3.775000e+01 5.040632e+01 7.893301e+01
      vertex   3.762941e+01 5.040632e+01 7.898296e+01
      vertex   3.762941e+01 4.760632e+01 7.898296e+01
    endloop
  endfacet
  facet normal 1.790169e-01 -0.000000e+00 9.838460e-01
    outer loop
      vertex   3.762941e+01 4.760632e+01 7.898296e+01
      vertex   3.762941e+01 5.040632e+01 7.898296e+01
      vertex   3.754901e+01 5.550872e+01 7.899759e+01
    endloop
  endfacet
  facet normal 3.826834e-01 -0.000000e+00 9.238795e-01
    outer loop
      vertex   3.762941e+01 3.920632e+01 7.898296e+01
      vertex   3.775000e+01 4.200632e+01 7.893301e+01
      vertex   3.762941e+01 4.200632e+01 7.898296e+01
    endloop
  endfacet
  facet normal 3.826834e-01 0.000000e+00 9.238795e-01
    outer loop
      vertex   3.762941e+01 4.200632e+01 7.898296e+01
      vertex   3.775000e+01 4.200632e+01 7.893301e+01
      vertex   3.775000e+01 4.480632e+01 7.893301e+01
    endloop
  endfacet
  facet normal 6.087614e-01 0.000000e+00 7.933533e-01
    outer loop
      vertex   3.785355e+01 3.080632e+01 7.885355e+01
      vertex   3.775000e+01 3.080632e+01 7.893301e+01
      vertex   3.775000e+01 2.800632e+01 7.893301e+01
    endloop
  endfacet
  facet normal 3.826834e-01 -0.000000e+00 9.238795e-01
    outer loop
      vertex   3.775000e+01 2.800632e+01 7.893301e+01
      vertex   3.775000e+01 3.080632e+01 7.893301e+01
      vertex   3.762941e+01 2.800632e+01 7.898296e+01
    endloop
  endfacet
  facet normal 3.826834e-01 0.000000e+00 9.238795e-01
    outer loop
      vertex   3.775000e+01 2.800632e+01 7.893301e+01
      vertex   3.762941e+01 2.800632e+01 7.898296e+01
      vertex   3.762941e+01 2.520632e+01 7.898296e+01
    endloop
  endfacet
  facet normal 1.305262e-01 -0.000000e+00 9.914449e-01
    outer loop
      vertex   3.762941e+01 2.520632e+01 7.898296e+01
      vertex   3.762941e+01 2.800632e+01 7.898296e+01
      vertex   3.750000e+01 1.450632e+01 7.900000e+01
    endloop
  endfacet
  facet normal 3.826834e-01 -0.000000e+00 9.238795e-01
    outer loop
      vertex   3.762941e+01 2.800632e+01 7.898296e+01
      vertex   3.775000e+01 3.080632e+01 7.893301e+01
      vertex   3.762941e+01 3.080632e+01 7.898296e+01
    endloop
  endfacet
  facet normal 3.826834e-01 -0.000000e+00 9.238795e-01
    outer loop
      vertex   3.762941e+01 1.680632e+01 7.898296e+01
      vertex   3.775000e+01 1.960632e+01 7.893301e+01
      vertex   3.762941e+01 1.960632e+01 7.898296e+01
    endloop
  endfacet
  facet normal 3.826834e-01 0.000000e+00 9.238795e-01
    outer loop
      vertex   3.762941e+01 1.960632e+01 7.898296e+01
      vertex   3.775000e+01 1.960632e+01 7.893301e+01
      vertex   3.775000e+01 2.240632e+01 7.893301e+01
    endloop
  endfacet
  facet normal 1.790169e-01 0.000000e+00 9.838460e-01
    outer loop
      vertex   3.754901e+01 5.550872e+01 7.899759e+01
      vertex   3.762941e+01 5.040632e+01 7.898296e+01
      vertex   3.762941e+01 5.320632e+01 7.898296e+01
    endloop
  endfacet
  facet normal 3.826834e-01 0.000000e+00 9.238795e-01
    outer loop
      vertex   3.762941e+01 5.320632e+01 7.898296e+01
      vertex   3.762941e+01 5.040632e+01 7.898296e+01
      vertex   3.775000e+01 5.320632e+01 7.893301e+01
    endloop
  endfacet
  facet normal 1.305262e-01 0.000000e+00 9.914449e-01
    outer loop
      vertex   3.750000e+01 1.450632e+01 7.900000e+01
      vertex   3.762941e+01 2.800632e+01 7.898296e+01
      vertex   3.762941e+01 3.080632e+01 7.898296e+01
    endloop
  endfacet
  facet normal 4.906767e-02 -9.987955e-01 0.000000e+00
    outer loop
      vertex   3.750000e+01 5.550632e+01 8.550000e+01
      vertex   3.750000e+01 5.550632e+01 7.900000e+01
      vertex   3.754901e+01 5.550872e+01 8.550241e+01
    endloop
  endfacet
  facet normal 1.589177e-01 -9.872915e-01 -8.321977e-04
    outer loop
      vertex   3.754901e+01 5.550872e+01 8.550241e+01
      vertex   3.750000e+01 5.550632e+01 7.900000e+01
      vertex   3.762941e+01 5.552335e+01 8.350000e+01
    endloop
  endfacet
  facet normal 1.469230e-01 -9.891470e-01 -1.327366e-03
    outer loop
      vertex   3.754901e+01 5.550872e+01 8.550241e+01
      vertex   3.762941e+01 5.552335e+01 8.350000e+01
      vertex   3.759755e+01 5.551592e+01 8.550961e+01
    endloop
  endfacet
  facet normal 2.899901e-01 -9.570291e-01 1.059851e-03
    outer loop
      vertex   3.759755e+01 5.551592e+01 8.550961e+01
      vertex   3.762941e+01 5.552335e+01 8.350000e+01
      vertex   3.769134e+01 5.554438e+01 8.553806e+01
    endloop
  endfacet
  facet normal 3.826826e-01 -9.238775e-01 -2.098839e-03
    outer loop
      vertex   3.769134e+01 5.554438e+01 8.553806e+01
      vertex   3.762941e+01 5.552335e+01 8.350000e+01
      vertex   3.775000e+01 5.557330e+01 8.350000e+01
    endloop
  endfacet
  facet normal 4.709664e-01 -8.821505e-01 1.034344e-03
    outer loop
      vertex   3.769134e+01 5.554438e+01 8.553806e+01
      vertex   3.775000e+01 5.557330e+01 8.350000e+01
      vertex   3.777779e+01 5.559058e+01 8.558427e+01
    endloop
  endfacet
  facet normal 6.087607e-01 -7.933524e-01 -1.538685e-03
    outer loop
      vertex   3.777779e+01 5.559058e+01 8.558427e+01
      vertex   3.775000e+01 5.557330e+01 8.350000e+01
      vertex   3.785355e+01 5.565276e+01 8.350000e+01
    endloop
  endfacet
  facet normal 6.343933e-01 -7.730105e-01 5.120351e-15
    outer loop
      vertex   3.777779e+01 5.559058e+01 8.558427e+01
      vertex   3.785355e+01 5.565276e+01 8.350000e+01
      vertex   3.785355e+01 5.565276e+01 8.564645e+01
    endloop
  endfacet
  facet normal 7.730105e-01 -6.343933e-01 4.200091e-15
    outer loop
      vertex   3.785355e+01 5.565276e+01 8.564645e+01
      vertex   3.785355e+01 5.565276e+01 8.350000e+01
      vertex   3.791573e+01 5.572853e+01 8.572221e+01
    endloop
  endfacet
  facet normal 7.933525e-01 -6.087608e-01 -1.443167e-03
    outer loop
      vertex   3.791573e+01 5.572853e+01 8.572221e+01
      vertex   3.785355e+01 5.565276e+01 8.350000e+01
      vertex   3.793301e+01 5.575632e+01 8.350000e+01
    endloop
  endfacet
  facet normal 8.815253e-01 -4.721358e-01 9.506532e-04
    outer loop
      vertex   3.791573e+01 5.572853e+01 8.572221e+01
      vertex   3.793301e+01 5.575632e+01 8.350000e+01
      vertex   3.796194e+01 5.581498e+01 8.580866e+01
    endloop
  endfacet
  facet normal 9.238779e-01 -3.826828e-01 -1.852835e-03
    outer loop
      vertex   3.796194e+01 5.581498e+01 8.580866e+01
      vertex   3.793301e+01 5.575632e+01 8.350000e+01
      vertex   3.798296e+01 5.587691e+01 8.350000e+01
    endloop
  endfacet
  facet normal 9.566889e-01 -2.911109e-01 9.024621e-04
    outer loop
      vertex   3.796194e+01 5.581498e+01 8.580866e+01
      vertex   3.798296e+01 5.587691e+01 8.350000e+01
      vertex   3.799039e+01 5.590877e+01 8.590245e+01
    endloop
  endfacet
  facet normal 9.953573e-01 -9.623229e-02 -1.801845e-03
    outer loop
      vertex   3.799039e+01 5.590877e+01 8.590245e+01
      vertex   3.798296e+01 5.587691e+01 8.350000e+01
      vertex   3.800000e+01 5.600632e+01 8.600000e+01
    endloop
  endfacet
  facet normal 9.914449e-01 -1.305262e-01 0.000000e+00
    outer loop
      vertex   3.800000e+01 5.600632e+01 8.600000e+01
      vertex   3.798296e+01 5.587691e+01 8.350000e+01
      vertex   3.798296e+01 5.587691e+01 8.100000e+01
    endloop
  endfacet
  facet normal 9.864923e-01 -1.638051e-01 8.781956e-04
    outer loop
      vertex   3.800000e+01 5.600632e+01 8.600000e+01
      vertex   3.798296e+01 5.587691e+01 8.100000e+01
      vertex   3.799039e+01 5.590877e+01 7.859755e+01
    endloop
  endfacet
  facet normal 9.566889e-01 -2.911109e-01 -9.024621e-04
    outer loop
      vertex   3.799039e+01 5.590877e+01 7.859755e+01
      vertex   3.798296e+01 5.587691e+01 8.100000e+01
      vertex   3.796194e+01 5.581498e+01 7.869134e+01
    endloop
  endfacet
  facet normal 9.238779e-01 -3.826828e-01 1.852835e-03
    outer loop
      vertex   3.796194e+01 5.581498e+01 7.869134e+01
      vertex   3.798296e+01 5.587691e+01 8.100000e+01
      vertex   3.793301e+01 5.575632e+01 8.100000e+01
    endloop
  endfacet
  facet normal 8.815253e-01 -4.721358e-01 -9.506532e-04
    outer loop
      vertex   3.796194e+01 5.581498e+01 7.869134e+01
      vertex   3.793301e+01 5.575632e+01 8.100000e+01
      vertex   3.791573e+01 5.572853e+01 7.877779e+01
    endloop
  endfacet
  facet normal 7.933525e-01 -6.087608e-01 1.443167e-03
    outer loop
      vertex   3.791573e+01 5.572853e+01 7.877779e+01
      vertex   3.793301e+01 5.575632e+01 8.100000e+01
      vertex   3.785355e+01 5.565276e+01 8.100000e+01
    endloop
  endfacet
  facet normal 7.730105e-01 -6.343933e-01 0.000000e+00
    outer loop
      vertex   3.791573e+01 5.572853e+01 7.877779e+01
      vertex   3.785355e+01 5.565276e+01 8.100000e+01
      vertex   3.785355e+01 5.565276e+01 7.885355e+01
    endloop
  endfacet
  facet normal 6.343933e-01 -7.730105e-01 0.000000e+00
    outer loop
      vertex   3.785355e+01 5.565276e+01 7.885355e+01
      vertex   3.785355e+01 5.565276e+01 8.100000e+01
      vertex   3.777779e+01 5.559058e+01 7.891573e+01
    endloop
  endfacet
  facet normal 6.087607e-01 -7.933524e-01 1.538685e-03
    outer loop
      vertex   3.777779e+01 5.559058e+01 7.891573e+01
      vertex   3.785355e+01 5.565276e+01 8.100000e+01
      vertex   3.775000e+01 5.557330e+01 8.100000e+01
    endloop
  endfacet
  facet normal 4.709664e-01 -8.821505e-01 -1.034344e-03
    outer loop
      vertex   3.777779e+01 5.559058e+01 7.891573e+01
      vertex   3.775000e+01 5.557330e+01 8.100000e+01
      vertex   3.769134e+01 5.554438e+01 7.896194e+01
    endloop
  endfacet
  facet normal 3.826826e-01 -9.238775e-01 2.098839e-03
    outer loop
      vertex   3.769134e+01 5.554438e+01 7.896194e+01
      vertex   3.775000e+01 5.557330e+01 8.100000e+01
      vertex   3.762941e+01 5.552335e+01 8.100000e+01
    endloop
  endfacet
  facet normal 2.899901e-01 -9.570291e-01 -1.059851e-03
    outer loop
      vertex   3.769134e+01 5.554438e+01 7.896194e+01
      vertex   3.762941e+01 5.552335e+01 8.100000e+01
      vertex   3.759755e+01 5.551592e+01 7.899039e+01
    endloop
  endfacet
  facet normal 1.469230e-01 -9.891470e-01 1.327366e-03
    outer loop
      vertex   3.759755e+01 5.551592e+01 7.899039e+01
      vertex   3.762941e+01 5.552335e+01 8.100000e+01
      vertex   3.754901e+01 5.550872e+01 7.899759e+01
    endloop
  endfacet
  facet normal 4.932752e-02 -9.987685e-01 5.316327e-03
    outer loop
      vertex   3.754901e+01 5.550872e+01 7.899759e+01
      vertex   3.762941e+01 5.552335e+01 8.100000e+01
      vertex   3.750000e+01 5.550632e+01 7.900000e+01
    endloop
  endfacet
  facet normal 1.305262e-01 -9.914449e-01 0.000000e+00
    outer loop
      vertex   3.750000e+01 5.550632e+01 7.900000e+01
      vertex   3.762941e+01 5.552335e+01 8.100000e+01
      vertex   3.762941e+01 5.552335e+01 8.350000e+01
    endloop
  endfacet
  facet normal 9.951847e-01 -9.801714e-02 9.291536e-17
    outer loop
      vertex   3.799039e+01 5.590877e+01 7.859755e+01
      vertex   3.800000e+01 5.600632e+01 7.850000e+01
      vertex   3.800000e+01 5.600632e+01 8.600000e+01
    endloop
  endfacet
  facet normal 3.826834e-01 -9.238795e-01 0.000000e+00
    outer loop
      vertex   3.775000e+01 5.557330e+01 8.350000e+01
      vertex   3.762941e+01 5.552335e+01 8.350000e+01
      vertex   3.762941e+01 5.552335e+01 8.100000e+01
    endloop
  endfacet
  facet normal 6.087614e-01 -7.933533e-01 0.000000e+00
    outer loop
      vertex   3.785355e+01 5.565276e+01 8.350000e+01
      vertex   3.775000e+01 5.557330e+01 8.350000e+01
      vertex   3.775000e+01 5.557330e+01 8.100000e+01
    endloop
  endfacet
  facet normal 3.826834e-01 -9.238795e-01 0.000000e+00
    outer loop
      vertex   3.775000e+01 5.557330e+01 8.100000e+01
      vertex   3.775000e+01 5.557330e+01 8.350000e+01
      vertex   3.762941e+01 5.552335e+01 8.100000e+01
    endloop
  endfacet
  facet normal 7.933533e-01 -6.087614e-01 0.000000e+00
    outer loop
      vertex   3.793301e+01 5.575632e+01 8.350000e+01
      vertex   3.785355e+01 5.565276e+01 8.350000e+01
      vertex   3.785355e+01 5.565276e+01 8.100000e+01
    endloop
  endfacet
  facet normal 6.087614e-01 -7.933533e-01 0.000000e+00
    outer loop
      vertex   3.785355e+01 5.565276e+01 8.100000e+01
      vertex   3.785355e+01 5.565276e+01 8.350000e+01
      vertex   3.775000e+01 5.557330e+01 8.100000e+01
    endloop
  endfacet
  facet normal 9.238795e-01 -3.826834e-01 0.000000e+00
    outer loop
      vertex   3.798296e+01 5.587691e+01 8.350000e+01
      vertex   3.793301e+01 5.575632e+01 8.350000e+01
      vertex   3.793301e+01 5.575632e+01 8.100000e+01
    endloop
  endfacet
  facet normal 7.933533e-01 -6.087614e-01 0.000000e+00
    outer loop
      vertex   3.793301e+01 5.575632e+01 8.100000e+01
      vertex   3.793301e+01 5.575632e+01 8.350000e+01
      vertex   3.785355e+01 5.565276e+01 8.100000e+01
    endloop
  endfacet
  facet normal 9.238795e-01 -3.826834e-01 0.000000e+00
    outer loop
      vertex   3.798296e+01 5.587691e+01 8.100000e+01
      vertex   3.798296e+01 5.587691e+01 8.350000e+01
      vertex   3.793301e+01 5.575632e+01 8.100000e+01
    endloop
  endfacet
  facet normal 9.951847e-01 0.000000e+00 -9.801714e-02
    outer loop
      vertex   3.800000e+01 5.600632e+01 8.600000e+01
      vertex   3.800000e+01 1.400632e+01 8.600000e+01
      vertex   3.799039e+01 5.590877e+01 8.590245e+01
    endloop
  endfacet
  facet normal 9.866108e-01 -1.534555e-04 -1.630925e-01
    outer loop
      vertex   3.799039e+01 5.590877e+01 8.590245e+01
      vertex   3.800000e+01 1.400632e+01 8.600000e+01
      vertex   3.798296e+01 4.200632e+01 8.587059e+01
    endloop
  endfacet
  facet normal 9.738770e-01 0.000000e+00 -2.270763e-01
    outer loop
      vertex   3.799039e+01 5.590877e+01 8.590245e+01
      vertex   3.798296e+01 4.200632e+01 8.587059e+01
      vertex   3.798296e+01 4.480632e+01 8.587059e+01
    endloop
  endfacet
  facet normal 9.238795e-01 0.000000e+00 -3.826834e-01
    outer loop
      vertex   3.798296e+01 4.480632e+01 8.587059e+01
      vertex   3.798296e+01 4.200632e+01 8.587059e+01
      vertex   3.793301e+01 4.480632e+01 8.575000e+01
    endloop
  endfacet
  facet normal 9.238795e-01 0.000000e+00 -3.826834e-01
    outer loop
      vertex   3.798296e+01 4.480632e+01 8.587059e+01
      vertex   3.793301e+01 4.480632e+01 8.575000e+01
      vertex   3.793301e+01 4.760632e+01 8.575000e+01
    endloop
  endfacet
  facet normal 7.933533e-01 0.000000e+00 -6.087614e-01
    outer loop
      vertex   3.793301e+01 4.760632e+01 8.575000e+01
      vertex   3.793301e+01 4.480632e+01 8.575000e+01
      vertex   3.785355e+01 4.760632e+01 8.564645e+01
    endloop
  endfacet
  facet normal 7.933533e-01 0.000000e+00 -6.087614e-01
    outer loop
      vertex   3.793301e+01 4.760632e+01 8.575000e+01
      vertex   3.785355e+01 4.760632e+01 8.564645e+01
      vertex   3.785355e+01 5.040632e+01 8.564645e+01
    endloop
  endfacet
  facet normal 6.087614e-01 0.000000e+00 -7.933533e-01
    outer loop
      vertex   3.785355e+01 5.040632e+01 8.564645e+01
      vertex   3.785355e+01 4.760632e+01 8.564645e+01
      vertex   3.775000e+01 5.040632e+01 8.556699e+01
    endloop
  endfacet
  facet normal 6.087614e-01 0.000000e+00 -7.933533e-01
    outer loop
      vertex   3.785355e+01 5.040632e+01 8.564645e+01
      vertex   3.775000e+01 5.040632e+01 8.556699e+01
      vertex   3.775000e+01 5.320632e+01 8.556699e+01
    endloop
  endfacet
  facet normal 3.826834e-01 0.000000e+00 -9.238795e-01
    outer loop
      vertex   3.775000e+01 5.320632e+01 8.556699e+01
      vertex   3.775000e+01 5.040632e+01 8.556699e+01
      vertex   3.762941e+01 5.320632e+01 8.551704e+01
    endloop
  endfacet
  facet normal 3.826828e-01 -1.829535e-03 -9.238780e-01
    outer loop
      vertex   3.775000e+01 5.320632e+01 8.556699e+01
      vertex   3.762941e+01 5.320632e+01 8.551704e+01
      vertex   3.769134e+01 5.554438e+01 8.553806e+01
    endloop
  endfacet
  facet normal 2.900282e-01 9.227473e-04 -9.570176e-01
    outer loop
      vertex   3.769134e+01 5.554438e+01 8.553806e+01
      vertex   3.762941e+01 5.320632e+01 8.551704e+01
      vertex   3.759755e+01 5.551592e+01 8.550961e+01
    endloop
  endfacet
  facet normal 1.468981e-01 -1.155308e-03 -9.891510e-01
    outer loop
      vertex   3.759755e+01 5.551592e+01 8.550961e+01
      vertex   3.762941e+01 5.320632e+01 8.551704e+01
      vertex   3.754901e+01 5.550872e+01 8.550241e+01
    endloop
  endfacet
  facet normal 4.929380e-02 -4.624828e-03 -9.987736e-01
    outer loop
      vertex   3.754901e+01 5.550872e+01 8.550241e+01
      vertex   3.762941e+01 5.320632e+01 8.551704e+01
      vertex   3.750000e+01 5.550632e+01 8.550000e+01
    endloop
  endfacet
  facet normal 1.305262e-01 0.000000e+00 -9.914449e-01
    outer loop
      vertex   3.750000e+01 5.550632e+01 8.550000e+01
      vertex   3.762941e+01 5.320632e+01 8.551704e+01
      vertex   3.762941e+01 5.040632e+01 8.551704e+01
    endloop
  endfacet
  facet normal 1.305262e-01 0.000000e+00 -9.914449e-01
    outer loop
      vertex   3.750000e+01 5.550632e+01 8.550000e+01
      vertex   3.762941e+01 5.040632e+01 8.551704e+01
      vertex   3.762941e+01 4.760632e+01 8.551704e+01
    endloop
  endfacet
  facet normal 3.826834e-01 0.000000e+00 -9.238795e-01
    outer loop
      vertex   3.762941e+01 4.760632e+01 8.551704e+01
      vertex   3.762941e+01 5.040632e+01 8.551704e+01
      vertex   3.775000e+01 4.760632e+01 8.556699e+01
    endloop
  endfacet
  facet normal 3.826834e-01 0.000000e+00 -9.238795e-01
    outer loop
      vertex   3.762941e+01 4.760632e+01 8.551704e+01
      vertex   3.775000e+01 4.760632e+01 8.556699e+01
      vertex   3.775000e+01 4.480632e+01 8.556699e+01
    endloop
  endfacet
  facet normal 6.087614e-01 0.000000e+00 -7.933533e-01
    outer loop
      vertex   3.775000e+01 4.480632e+01 8.556699e+01
      vertex   3.775000e+01 4.760632e+01 8.556699e+01
      vertex   3.785355e+01 4.480632e+01 8.564645e+01
    endloop
  endfacet
  facet normal 6.087614e-01 0.000000e+00 -7.933533e-01
    outer loop
      vertex   3.775000e+01 4.480632e+01 8.556699e+01
      vertex   3.785355e+01 4.480632e+01 8.564645e+01
      vertex   3.785355e+01 4.200632e+01 8.564645e+01
    endloop
  endfacet
  facet normal 7.933533e-01 0.000000e+00 -6.087614e-01
    outer loop
      vertex   3.785355e+01 4.200632e+01 8.564645e+01
      vertex   3.785355e+01 4.480632e+01 8.564645e+01
      vertex   3.793301e+01 4.200632e+01 8.575000e+01
    endloop
  endfacet
  facet normal 7.933533e-01 0.000000e+00 -6.087614e-01
    outer loop
      vertex   3.785355e+01 4.200632e+01 8.564645e+01
      vertex   3.793301e+01 4.200632e+01 8.575000e+01
      vertex   3.793301e+01 3.920632e+01 8.575000e+01
    endloop
  endfacet
  facet normal 9.238795e-01 0.000000e+00 -3.826834e-01
    outer loop
      vertex   3.793301e+01 3.920632e+01 8.575000e+01
      vertex   3.793301e+01 4.200632e+01 8.575000e+01
      vertex   3.798296e+01 3.920632e+01 8.587059e+01
    endloop
  endfacet
  facet normal 9.238795e-01 0.000000e+00 -3.826834e-01
    outer loop
      vertex   3.793301e+01 3.920632e+01 8.575000e+01
      vertex   3.798296e+01 3.920632e+01 8.587059e+01
      vertex   3.798296e+01 3.640632e+01 8.587059e+01
    endloop
  endfacet
  facet normal 9.914449e-01 0.000000e+00 -1.305262e-01
    outer loop
      vertex   3.798296e+01 3.640632e+01 8.587059e+01
      vertex   3.798296e+01 3.920632e+01 8.587059e+01
      vertex   3.800000e+01 1.400632e+01 8.600000e+01
    endloop
  endfacet
  facet normal 9.914449e-01 0.000000e+00 -1.305262e-01
    outer loop
      vertex   3.798296e+01 3.640632e+01 8.587059e+01
      vertex   3.800000e+01 1.400632e+01 8.600000e+01
      vertex   3.798296e+01 3.360632e+01 8.587059e+01
    endloop
  endfacet
  facet normal 9.914449e-01 0.000000e+00 -1.305262e-01
    outer loop
      vertex   3.798296e+01 3.360632e+01 8.587059e+01
      vertex   3.800000e+01 1.400632e+01 8.600000e+01
      vertex   3.798296e+01 3.080632e+01 8.587059e+01
    endloop
  endfacet
  facet normal 9.238795e-01 0.000000e+00 -3.826834e-01
    outer loop
      vertex   3.798296e+01 3.360632e+01 8.587059e+01
      vertex   3.798296e+01 3.080632e+01 8.587059e+01
      vertex   3.793301e+01 3.360632e+01 8.575000e+01
    endloop
  endfacet
  facet normal 9.238795e-01 0.000000e+00 -3.826834e-01
    outer loop
      vertex   3.793301e+01 3.360632e+01 8.575000e+01
      vertex   3.798296e+01 3.080632e+01 8.587059e+01
      vertex   3.793301e+01 3.080632e+01 8.575000e+01
    endloop
  endfacet
  facet normal 7.933533e-01 0.000000e+00 -6.087614e-01
    outer loop
      vertex   3.793301e+01 3.360632e+01 8.575000e+01
      vertex   3.793301e+01 3.080632e+01 8.575000e+01
      vertex   3.785355e+01 3.360632e+01 8.564645e+01
    endloop
  endfacet
  facet normal 7.933533e-01 0.000000e+00 -6.087614e-01
    outer loop
      vertex   3.785355e+01 3.360632e+01 8.564645e+01
      vertex   3.793301e+01 3.080632e+01 8.575000e+01
      vertex   3.785355e+01 3.080632e+01 8.564645e+01
    endloop
  endfacet
  facet normal 6.087614e-01 0.000000e+00 -7.933533e-01
    outer loop
      vertex   3.785355e+01 3.360632e+01 8.564645e+01
      vertex   3.785355e+01 3.080632e+01 8.564645e+01
      vertex   3.775000e+01 3.360632e+01 8.556699e+01
    endloop
  endfacet
  facet normal 6.087614e-01 0.000000e+00 -7.933533e-01
    outer loop
      vertex   3.775000e+01 3.360632e+01 8.556699e+01
      vertex   3.785355e+01 3.080632e+01 8.564645e+01
      vertex   3.775000e+01 3.080632e+01 8.556699e+01
    endloop
  endfacet
  facet normal 3.826834e-01 0.000000e+00 -9.238795e-01
    outer loop
      vertex   3.775000e+01 3.360632e+01 8.556699e+01
      vertex   3.775000e+01 3.080632e+01 8.556699e+01
      vertex   3.762941e+01 3.360632e+01 8.551704e+01
    endloop
  endfacet
  facet normal 3.826834e-01 0.000000e+00 -9.238795e-01
    outer loop
      vertex   3.762941e+01 3.360632e+01 8.551704e+01
      vertex   3.775000e+01 3.080632e+01 8.556699e+01
      vertex   3.762941e+01 3.080632e+01 8.551704e+01
    endloop
  endfacet
  facet normal 1.790169e-01 0.000000e+00 -9.838460e-01
    outer loop
      vertex   3.762941e+01 3.360632e+01 8.551704e+01
      vertex   3.762941e+01 3.080632e+01 8.551704e+01
      vertex   3.754901e+01 1.450391e+01 8.550241e+01
    endloop
  endfacet
  facet normal 1.790169e-01 0.000000e+00 -9.838460e-01
    outer loop
      vertex   3.754901e+01 1.450391e+01 8.550241e+01
      vertex   3.762941e+01 3.080632e+01 8.551704e+01
      vertex   3.762941e+01 2.800632e+01 8.551704e+01
    endloop
  endfacet
  facet normal 1.790169e-01 0.000000e+00 -9.838460e-01
    outer loop
      vertex   3.754901e+01 1.450391e+01 8.550241e+01
      vertex   3.762941e+01 2.800632e+01 8.551704e+01
      vertex   3.762941e+01 2.520632e+01 8.551704e+01
    endloop
  endfacet
  facet normal 3.826834e-01 0.000000e+00 -9.238795e-01
    outer loop
      vertex   3.762941e+01 2.520632e+01 8.551704e+01
      vertex   3.762941e+01 2.800632e+01 8.551704e+01
      vertex   3.775000e+01 2.520632e+01 8.556699e+01
    endloop
  endfacet
  facet normal 3.826834e-01 0.000000e+00 -9.238795e-01
    outer loop
      vertex   3.762941e+01 2.520632e+01 8.551704e+01
      vertex   3.775000e+01 2.520632e+01 8.556699e+01
      vertex   3.775000e+01 2.240632e+01 8.556699e+01
    endloop
  endfacet
  facet normal 6.087614e-01 0.000000e+00 -7.933533e-01
    outer loop
      vertex   3.775000e+01 2.240632e+01 8.556699e+01
      vertex   3.775000e+01 2.520632e+01 8.556699e+01
      vertex   3.785355e+01 2.240632e+01 8.564645e+01
    endloop
  endfacet
  facet normal 6.087614e-01 0.000000e+00 -7.933533e-01
    outer loop
      vertex   3.775000e+01 2.240632e+01 8.556699e+01
      vertex   3.785355e+01 2.240632e+01 8.564645e+01
      vertex   3.785355e+01 1.960632e+01 8.564645e+01
    endloop
  endfacet
  facet normal 7.933533e-01 0.000000e+00 -6.087614e-01
    outer loop
      vertex   3.785355e+01 1.960632e+01 8.564645e+01
      vertex   3.785355e+01 2.240632e+01 8.564645e+01
      vertex   3.793301e+01 1.960632e+01 8.575000e+01
    endloop
  endfacet
  facet normal 7.933533e-01 0.000000e+00 -6.087614e-01
    outer loop
      vertex   3.785355e+01 1.960632e+01 8.564645e+01
      vertex   3.793301e+01 1.960632e+01 8.575000e+01
      vertex   3.793301e+01 1.680632e+01 8.575000e+01
    endloop
  endfacet
  facet normal 9.238795e-01 0.000000e+00 -3.826834e-01
    outer loop
      vertex   3.793301e+01 1.680632e+01 8.575000e+01
      vertex   3.793301e+01 1.960632e+01 8.575000e+01
      vertex   3.798296e+01 1.680632e+01 8.587059e+01
    endloop
  endfacet
  facet normal 9.238783e-01 1.639756e-03 -3.826829e-01
    outer loop
      vertex   3.793301e+01 1.680632e+01 8.575000e+01
      vertex   3.798296e+01 1.680632e+01 8.587059e+01
      vertex   3.796194e+01 1.419766e+01 8.580866e+01
    endloop
  endfacet
  facet normal 9.567172e-01 -8.011080e-04 -2.910181e-01
    outer loop
      vertex   3.796194e+01 1.419766e+01 8.580866e+01
      vertex   3.798296e+01 1.680632e+01 8.587059e+01
      vertex   3.799039e+01 1.410386e+01 8.590245e+01
    endloop
  endfacet
  facet normal 9.953382e-01 1.599405e-03 -9.643285e-02
    outer loop
      vertex   3.799039e+01 1.410386e+01 8.590245e+01
      vertex   3.798296e+01 1.680632e+01 8.587059e+01
      vertex   3.800000e+01 1.400632e+01 8.600000e+01
    endloop
  endfacet
  facet normal 9.914449e-01 0.000000e+00 -1.305262e-01
    outer loop
      vertex   3.800000e+01 1.400632e+01 8.600000e+01
      vertex   3.798296e+01 1.680632e+01 8.587059e+01
      vertex   3.798296e+01 1.960632e+01 8.587059e+01
    endloop
  endfacet
  facet normal 9.914449e-01 0.000000e+00 -1.305262e-01
    outer loop
      vertex   3.800000e+01 1.400632e+01 8.600000e+01
      vertex   3.798296e+01 1.960632e+01 8.587059e+01
      vertex   3.798296e+01 2.240632e+01 8.587059e+01
    endloop
  endfacet
  facet normal 9.238795e-01 0.000000e+00 -3.826834e-01
    outer loop
      vertex   3.798296e+01 2.240632e+01 8.587059e+01
      vertex   3.798296e+01 1.960632e+01 8.587059e+01
      vertex   3.793301e+01 2.240632e+01 8.575000e+01
    endloop
  endfacet
  facet normal 9.238795e-01 0.000000e+00 -3.826834e-01
    outer loop
      vertex   3.798296e+01 2.240632e+01 8.587059e+01
      vertex   3.793301e+01 2.240632e+01 8.575000e+01
      vertex   3.793301e+01 2.520632e+01 8.575000e+01
    endloop
  endfacet
  facet normal 7.933533e-01 0.000000e+00 -6.087614e-01
    outer loop
      vertex   3.793301e+01 2.520632e+01 8.575000e+01
      vertex   3.793301e+01 2.240632e+01 8.575000e+01
      vertex   3.785355e+01 2.520632e+01 8.564645e+01
    endloop
  endfacet
  facet normal 7.933533e-01 0.000000e+00 -6.087614e-01
    outer loop
      vertex   3.793301e+01 2.520632e+01 8.575000e+01
      vertex   3.785355e+01 2.520632e+01 8.564645e+01
      vertex   3.785355e+01 2.800632e+01 8.564645e+01
    endloop
  endfacet
  facet normal 6.087614e-01 0.000000e+00 -7.933533e-01
    outer loop
      vertex   3.785355e+01 2.800632e+01 8.564645e+01
      vertex   3.785355e+01 2.520632e+01 8.564645e+01
      vertex   3.775000e+01 2.800632e+01 8.556699e+01
    endloop
  endfacet
  facet normal 6.087614e-01 0.000000e+00 -7.933533e-01
    outer loop
      vertex   3.785355e+01 2.800632e+01 8.564645e+01
      vertex   3.775000e+01 2.800632e+01 8.556699e+01
      vertex   3.775000e+01 3.080632e+01 8.556699e+01
    endloop
  endfacet
  facet normal 3.826834e-01 0.000000e+00 -9.238795e-01
    outer loop
      vertex   3.775000e+01 3.080632e+01 8.556699e+01
      vertex   3.775000e+01 2.800632e+01 8.556699e+01
      vertex   3.762941e+01 3.080632e+01 8.551704e+01
    endloop
  endfacet
  facet normal 8.815720e-01 -8.388560e-04 -4.720489e-01
    outer loop
      vertex   3.796194e+01 1.419766e+01 8.580866e+01
      vertex   3.791573e+01 1.428410e+01 8.572221e+01
      vertex   3.793301e+01 1.680632e+01 8.575000e+01
    endloop
  endfacet
  facet normal 7.933527e-01 1.271513e-03 -6.087609e-01
    outer loop
      vertex   3.793301e+01 1.680632e+01 8.575000e+01
      vertex   3.791573e+01 1.428410e+01 8.572221e+01
      vertex   3.785355e+01 1.680632e+01 8.564645e+01
    endloop
  endfacet
  facet normal 7.933533e-01 0.000000e+00 -6.087614e-01
    outer loop
      vertex   3.793301e+01 1.680632e+01 8.575000e+01
      vertex   3.785355e+01 1.680632e+01 8.564645e+01
      vertex   3.785355e+01 1.960632e+01 8.564645e+01
    endloop
  endfacet
  facet normal 6.087614e-01 0.000000e+00 -7.933533e-01
    outer loop
      vertex   3.785355e+01 1.960632e+01 8.564645e+01
      vertex   3.785355e+01 1.680632e+01 8.564645e+01
      vertex   3.775000e+01 1.960632e+01 8.556699e+01
    endloop
  endfacet
  facet normal 6.087614e-01 0.000000e+00 -7.933533e-01
    outer loop
      vertex   3.785355e+01 1.960632e+01 8.564645e+01
      vertex   3.775000e+01 1.960632e+01 8.556699e+01
      vertex   3.775000e+01 2.240632e+01 8.556699e+01
    endloop
  endfacet
  facet normal 3.826834e-01 0.000000e+00 -9.238795e-01
    outer loop
      vertex   3.775000e+01 2.240632e+01 8.556699e+01
      vertex   3.775000e+01 1.960632e+01 8.556699e+01
      vertex   3.762941e+01 2.240632e+01 8.551704e+01
    endloop
  endfacet
  facet normal 3.826834e-01 0.000000e+00 -9.238795e-01
    outer loop
      vertex   3.775000e+01 2.240632e+01 8.556699e+01
      vertex   3.762941e+01 2.240632e+01 8.551704e+01
      vertex   3.762941e+01 2.520632e+01 8.551704e+01
    endloop
  endfacet
  facet normal 1.790169e-01 0.000000e+00 -9.838460e-01
    outer loop
      vertex   3.762941e+01 2.520632e+01 8.551704e+01
      vertex   3.762941e+01 2.240632e+01 8.551704e+01
      vertex   3.754901e+01 1.450391e+01 8.550241e+01
    endloop
  endfacet
  facet normal 7.730105e-01 0.000000e+00 -6.343933e-01
    outer loop
      vertex   3.791573e+01 1.428410e+01 8.572221e+01
      vertex   3.785355e+01 1.435987e+01 8.564645e+01
      vertex   3.785355e+01 1.680632e+01 8.564645e+01
    endloop
  endfacet
  facet normal 6.343933e-01 0.000000e+00 -7.730105e-01
    outer loop
      vertex   3.785355e+01 1.680632e+01 8.564645e+01
      vertex   3.785355e+01 1.435987e+01 8.564645e+01
      vertex   3.777779e+01 1.442205e+01 8.558427e+01
    endloop
  endfacet
  facet normal 6.087609e-01 1.345080e-03 -7.933526e-01
    outer loop
      vertex   3.785355e+01 1.680632e+01 8.564645e+01
      vertex   3.777779e+01 1.442205e+01 8.558427e+01
      vertex   3.775000e+01 1.680632e+01 8.556699e+01
    endloop
  endfacet
  facet normal 4.710209e-01 -9.033527e-04 -8.821216e-01
    outer loop
      vertex   3.775000e+01 1.680632e+01 8.556699e+01
      vertex   3.777779e+01 1.442205e+01 8.558427e+01
      vertex   3.769134e+01 1.446826e+01 8.553806e+01
    endloop
  endfacet
  facet normal 3.826828e-01 1.829535e-03 -9.238780e-01
    outer loop
      vertex   3.775000e+01 1.680632e+01 8.556699e+01
      vertex   3.769134e+01 1.446826e+01 8.553806e+01
      vertex   3.762941e+01 1.680632e+01 8.551704e+01
    endloop
  endfacet
  facet normal 2.900282e-01 -9.227473e-04 -9.570176e-01
    outer loop
      vertex   3.762941e+01 1.680632e+01 8.551704e+01
      vertex   3.769134e+01 1.446826e+01 8.553806e+01
      vertex   3.759755e+01 1.449671e+01 8.550961e+01
    endloop
  endfacet
  facet normal 1.468981e-01 1.155308e-03 -9.891510e-01
    outer loop
      vertex   3.762941e+01 1.680632e+01 8.551704e+01
      vertex   3.759755e+01 1.449671e+01 8.550961e+01
      vertex   3.754901e+01 1.450391e+01 8.550241e+01
    endloop
  endfacet
  facet normal 4.906767e-02 0.000000e+00 -9.987955e-01
    outer loop
      vertex   3.750000e+01 1.450632e+01 8.550000e+01
      vertex   3.750000e+01 5.550632e+01 8.550000e+01
      vertex   3.754901e+01 1.450391e+01 8.550241e+01
    endloop
  endfacet
  facet normal 1.508324e-01 1.222365e-04 -9.885593e-01
    outer loop
      vertex   3.754901e+01 1.450391e+01 8.550241e+01
      vertex   3.750000e+01 5.550632e+01 8.550000e+01
      vertex   3.762941e+01 3.360632e+01 8.551704e+01
    endloop
  endfacet
  facet normal 4.710209e-01 9.033527e-04 -8.821216e-01
    outer loop
      vertex   3.769134e+01 5.554438e+01 8.553806e+01
      vertex   3.777779e+01 5.559058e+01 8.558427e+01
      vertex   3.775000e+01 5.320632e+01 8.556699e+01
    endloop
  endfacet
  facet normal 6.087609e-01 -1.345080e-03 -7.933526e-01
    outer loop
      vertex   3.775000e+01 5.320632e+01 8.556699e+01
      vertex   3.777779e+01 5.559058e+01 8.558427e+01
      vertex   3.785355e+01 5.320632e+01 8.564645e+01
    endloop
  endfacet
  facet normal 6.087614e-01 -4.029788e-15 -7.933533e-01
    outer loop
      vertex   3.775000e+01 5.320632e+01 8.556699e+01
      vertex   3.785355e+01 5.320632e+01 8.564645e+01
      vertex   3.785355e+01 5.040632e+01 8.564645e+01
    endloop
  endfacet
  facet normal 7.933533e-01 -3.089650e-15 -6.087614e-01
    outer loop
      vertex   3.785355e+01 5.040632e+01 8.564645e+01
      vertex   3.785355e+01 5.320632e+01 8.564645e+01
      vertex   3.793301e+01 5.040632e+01 8.575000e+01
    endloop
  endfacet
  facet normal 7.933533e-01 0.000000e+00 -6.087614e-01
    outer loop
      vertex   3.785355e+01 5.040632e+01 8.564645e+01
      vertex   3.793301e+01 5.040632e+01 8.575000e+01
      vertex   3.793301e+01 4.760632e+01 8.575000e+01
    endloop
  endfacet
  facet normal 9.238795e-01 0.000000e+00 -3.826834e-01
    outer loop
      vertex   3.793301e+01 4.760632e+01 8.575000e+01
      vertex   3.793301e+01 5.040632e+01 8.575000e+01
      vertex   3.798296e+01 4.760632e+01 8.587059e+01
    endloop
  endfacet
  facet normal 9.238795e-01 0.000000e+00 -3.826834e-01
    outer loop
      vertex   3.793301e+01 4.760632e+01 8.575000e+01
      vertex   3.798296e+01 4.760632e+01 8.587059e+01
      vertex   3.798296e+01 4.480632e+01 8.587059e+01
    endloop
  endfacet
  facet normal 9.738770e-01 0.000000e+00 -2.270763e-01
    outer loop
      vertex   3.798296e+01 4.480632e+01 8.587059e+01
      vertex   3.798296e+01 4.760632e+01 8.587059e+01
      vertex   3.799039e+01 5.590877e+01 8.590245e+01
    endloop
  endfacet
  facet normal 6.343933e-01 -1.841112e-15 -7.730105e-01
    outer loop
      vertex   3.777779e+01 5.559058e+01 8.558427e+01
      vertex   3.785355e+01 5.565276e+01 8.564645e+01
      vertex   3.785355e+01 5.320632e+01 8.564645e+01
    endloop
  endfacet
  facet normal 7.730105e-01 -2.245121e-15 -6.343933e-01
    outer loop
      vertex   3.785355e+01 5.320632e+01 8.564645e+01
      vertex   3.785355e+01 5.565276e+01 8.564645e+01
      vertex   3.791573e+01 5.572853e+01 8.572221e+01
    endloop
  endfacet
  facet normal 7.933527e-01 -1.271513e-03 -6.087609e-01
    outer loop
      vertex   3.785355e+01 5.320632e+01 8.564645e+01
      vertex   3.791573e+01 5.572853e+01 8.572221e+01
      vertex   3.793301e+01 5.320632e+01 8.575000e+01
    endloop
  endfacet
  facet normal 8.815720e-01 8.388560e-04 -4.720489e-01
    outer loop
      vertex   3.793301e+01 5.320632e+01 8.575000e+01
      vertex   3.791573e+01 5.572853e+01 8.572221e+01
      vertex   3.796194e+01 5.581498e+01 8.580866e+01
    endloop
  endfacet
  facet normal 9.238783e-01 -1.639756e-03 -3.826829e-01
    outer loop
      vertex   3.793301e+01 5.320632e+01 8.575000e+01
      vertex   3.796194e+01 5.581498e+01 8.580866e+01
      vertex   3.798296e+01 5.320632e+01 8.587059e+01
    endloop
  endfacet
  facet normal 9.567172e-01 8.011080e-04 -2.910181e-01
    outer loop
      vertex   3.798296e+01 5.320632e+01 8.587059e+01
      vertex   3.796194e+01 5.581498e+01 8.580866e+01
      vertex   3.799039e+01 5.590877e+01 8.590245e+01
    endloop
  endfacet
  facet normal 9.738770e-01 0.000000e+00 -2.270763e-01
    outer loop
      vertex   3.798296e+01 5.320632e+01 8.587059e+01
      vertex   3.799039e+01 5.590877e+01 8.590245e+01
      vertex   3.798296e+01 5.040632e+01 8.587059e+01
    endloop
  endfacet
  facet normal 9.738770e-01 0.000000e+00 -2.270763e-01
    outer loop
      vertex   3.798296e+01 5.040632e+01 8.587059e+01
      vertex   3.799039e+01 5.590877e+01 8.590245e+01
      vertex   3.798296e+01 4.760632e+01 8.587059e+01
    endloop
  endfacet
  facet normal 9.238795e-01 0.000000e+00 -3.826834e-01
    outer loop
      vertex   3.798296e+01 5.040632e+01 8.587059e+01
      vertex   3.798296e+01 4.760632e+01 8.587059e+01
      vertex   3.793301e+01 5.040632e+01 8.575000e+01
    endloop
  endfacet
  facet normal 9.238795e-01 0.000000e+00 -3.826834e-01
    outer loop
      vertex   3.793301e+01 2.240632e+01 8.575000e+01
      vertex   3.798296e+01 1.960632e+01 8.587059e+01
      vertex   3.793301e+01 1.960632e+01 8.575000e+01
    endloop
  endfacet
  facet normal 9.238795e-01 0.000000e+00 -3.826834e-01
    outer loop
      vertex   3.793301e+01 1.960632e+01 8.575000e+01
      vertex   3.798296e+01 1.960632e+01 8.587059e+01
      vertex   3.798296e+01 1.680632e+01 8.587059e+01
    endloop
  endfacet
  facet normal 9.914449e-01 0.000000e+00 -1.305262e-01
    outer loop
      vertex   3.798296e+01 2.240632e+01 8.587059e+01
      vertex   3.798296e+01 2.520632e+01 8.587059e+01
      vertex   3.800000e+01 1.400632e+01 8.600000e+01
    endloop
  endfacet
  facet normal 9.914449e-01 0.000000e+00 -1.305262e-01
    outer loop
      vertex   3.800000e+01 1.400632e+01 8.600000e+01
      vertex   3.798296e+01 2.520632e+01 8.587059e+01
      vertex   3.798296e+01 2.800632e+01 8.587059e+01
    endloop
  endfacet
  facet normal 9.914449e-01 0.000000e+00 -1.305262e-01
    outer loop
      vertex   3.800000e+01 1.400632e+01 8.600000e+01
      vertex   3.798296e+01 2.800632e+01 8.587059e+01
      vertex   3.798296e+01 3.080632e+01 8.587059e+01
    endloop
  endfacet
  facet normal 9.238795e-01 0.000000e+00 -3.826834e-01
    outer loop
      vertex   3.798296e+01 3.080632e+01 8.587059e+01
      vertex   3.798296e+01 2.800632e+01 8.587059e+01
      vertex   3.793301e+01 3.080632e+01 8.575000e+01
    endloop
  endfacet
  facet normal 9.238795e-01 0.000000e+00 -3.826834e-01
    outer loop
      vertex   3.798296e+01 2.240632e+01 8.587059e+01
      vertex   3.793301e+01 2.520632e+01 8.575000e+01
      vertex   3.798296e+01 2.520632e+01 8.587059e+01
    endloop
  endfacet
  facet normal 9.238795e-01 0.000000e+00 -3.826834e-01
    outer loop
      vertex   3.798296e+01 2.520632e+01 8.587059e+01
      vertex   3.793301e+01 2.520632e+01 8.575000e+01
      vertex   3.793301e+01 2.800632e+01 8.575000e+01
    endloop
  endfacet
  facet normal 9.238795e-01 0.000000e+00 -3.826834e-01
    outer loop
      vertex   3.798296e+01 2.520632e+01 8.587059e+01
      vertex   3.793301e+01 2.800632e+01 8.575000e+01
      vertex   3.798296e+01 2.800632e+01 8.587059e+01
    endloop
  endfacet
  facet normal 9.238795e-01 0.000000e+00 -3.826834e-01
    outer loop
      vertex   3.798296e+01 2.800632e+01 8.587059e+01
      vertex   3.793301e+01 2.800632e+01 8.575000e+01
      vertex   3.793301e+01 3.080632e+01 8.575000e+01
    endloop
  endfacet
  facet normal 9.914449e-01 0.000000e+00 -1.305262e-01
    outer loop
      vertex   3.798296e+01 4.200632e+01 8.587059e+01
      vertex   3.800000e+01 1.400632e+01 8.600000e+01
      vertex   3.798296e+01 3.920632e+01 8.587059e+01
    endloop
  endfacet
  facet normal 9.238795e-01 0.000000e+00 -3.826834e-01
    outer loop
      vertex   3.798296e+01 3.640632e+01 8.587059e+01
      vertex   3.798296e+01 3.360632e+01 8.587059e+01
      vertex   3.793301e+01 3.640632e+01 8.575000e+01
    endloop
  endfacet
  facet normal 9.238795e-01 0.000000e+00 -3.826834e-01
    outer loop
      vertex   3.793301e+01 3.640632e+01 8.575000e+01
      vertex   3.798296e+01 3.360632e+01 8.587059e+01
      vertex   3.793301e+01 3.360632e+01 8.575000e+01
    endloop
  endfacet
  facet normal 7.933533e-01 0.000000e+00 -6.087614e-01
    outer loop
      vertex   3.793301e+01 3.640632e+01 8.575000e+01
      vertex   3.793301e+01 3.360632e+01 8.575000e+01
      vertex   3.785355e+01 3.640632e+01 8.564645e+01
    endloop
  endfacet
  facet normal 7.933533e-01 0.000000e+00 -6.087614e-01
    outer loop
      vertex   3.785355e+01 3.640632e+01 8.564645e+01
      vertex   3.793301e+01 3.360632e+01 8.575000e+01
      vertex   3.785355e+01 3.360632e+01 8.564645e+01
    endloop
  endfacet
  facet normal 6.087614e-01 0.000000e+00 -7.933533e-01
    outer loop
      vertex   3.785355e+01 3.640632e+01 8.564645e+01
      vertex   3.785355e+01 3.360632e+01 8.564645e+01
      vertex   3.775000e+01 3.640632e+01 8.556699e+01
    endloop
  endfacet
  facet normal 6.087614e-01 0.000000e+00 -7.933533e-01
    outer loop
      vertex   3.775000e+01 3.640632e+01 8.556699e+01
      vertex   3.785355e+01 3.360632e+01 8.564645e+01
      vertex   3.775000e+01 3.360632e+01 8.556699e+01
    endloop
  endfacet
  facet normal 3.826834e-01 0.000000e+00 -9.238795e-01
    outer loop
      vertex   3.775000e+01 3.640632e+01 8.556699e+01
      vertex   3.775000e+01 3.360632e+01 8.556699e+01
      vertex   3.762941e+01 3.640632e+01 8.551704e+01
    endloop
  endfacet
  facet normal 3.826834e-01 0.000000e+00 -9.238795e-01
    outer loop
      vertex   3.762941e+01 3.640632e+01 8.551704e+01
      vertex   3.775000e+01 3.360632e+01 8.556699e+01
      vertex   3.762941e+01 3.360632e+01 8.551704e+01
    endloop
  endfacet
  facet normal 1.305262e-01 0.000000e+00 -9.914449e-01
    outer loop
      vertex   3.762941e+01 3.640632e+01 8.551704e+01
      vertex   3.762941e+01 3.360632e+01 8.551704e+01
      vertex   3.750000e+01 5.550632e+01 8.550000e+01
    endloop
  endfacet
  facet normal 9.238795e-01 0.000000e+00 -3.826834e-01
    outer loop
      vertex   3.793301e+01 4.480632e+01 8.575000e+01
      vertex   3.798296e+01 4.200632e+01 8.587059e+01
      vertex   3.793301e+01 4.200632e+01 8.575000e+01
    endloop
  endfacet
  facet normal 9.238795e-01 0.000000e+00 -3.826834e-01
    outer loop
      vertex   3.793301e+01 4.200632e+01 8.575000e+01
      vertex   3.798296e+01 4.200632e+01 8.587059e+01
      vertex   3.798296e+01 3.920632e+01 8.587059e+01
    endloop
  endfacet
  facet normal 9.238795e-01 0.000000e+00 -3.826834e-01
    outer loop
      vertex   3.793301e+01 5.320632e+01 8.575000e+01
      vertex   3.798296e+01 5.320632e+01 8.587059e+01
      vertex   3.798296e+01 5.040632e+01 8.587059e+01
    endloop
  endfacet
  facet normal 9.238795e-01 0.000000e+00 -3.826834e-01
    outer loop
      vertex   3.793301e+01 5.320632e+01 8.575000e+01
      vertex   3.798296e+01 5.040632e+01 8.587059e+01
      vertex   3.793301e+01 5.040632e+01 8.575000e+01
    endloop
  endfacet
  facet normal 7.933533e-01 0.000000e+00 -6.087614e-01
    outer loop
      vertex   3.785355e+01 2.520632e+01 8.564645e+01
      vertex   3.793301e+01 2.240632e+01 8.575000e+01
      vertex   3.785355e+01 2.240632e+01 8.564645e+01
    endloop
  endfacet
  facet normal 7.933533e-01 0.000000e+00 -6.087614e-01
    outer loop
      vertex   3.785355e+01 2.240632e+01 8.564645e+01
      vertex   3.793301e+01 2.240632e+01 8.575000e+01
      vertex   3.793301e+01 1.960632e+01 8.575000e+01
    endloop
  endfacet
  facet normal 7.933533e-01 0.000000e+00 -6.087614e-01
    outer loop
      vertex   3.785355e+01 3.080632e+01 8.564645e+01
      vertex   3.793301e+01 3.080632e+01 8.575000e+01
      vertex   3.793301e+01 2.800632e+01 8.575000e+01
    endloop
  endfacet
  facet normal 7.933533e-01 2.013255e-15 -6.087614e-01
    outer loop
      vertex   3.785355e+01 3.080632e+01 8.564645e+01
      vertex   3.793301e+01 2.800632e+01 8.575000e+01
      vertex   3.785355e+01 2.800632e+01 8.564645e+01
    endloop
  endfacet
  facet normal 7.933533e-01 0.000000e+00 -6.087614e-01
    outer loop
      vertex   3.785355e+01 2.800632e+01 8.564645e+01
      vertex   3.793301e+01 2.800632e+01 8.575000e+01
      vertex   3.793301e+01 2.520632e+01 8.575000e+01
    endloop
  endfacet
  facet normal 9.238795e-01 0.000000e+00 -3.826834e-01
    outer loop
      vertex   3.798296e+01 3.640632e+01 8.587059e+01
      vertex   3.793301e+01 3.640632e+01 8.575000e+01
      vertex   3.793301e+01 3.920632e+01 8.575000e+01
    endloop
  endfacet
  facet normal 7.933533e-01 0.000000e+00 -6.087614e-01
    outer loop
      vertex   3.793301e+01 3.920632e+01 8.575000e+01
      vertex   3.793301e+01 3.640632e+01 8.575000e+01
      vertex   3.785355e+01 3.920632e+01 8.564645e+01
    endloop
  endfacet
  facet normal 7.933533e-01 0.000000e+00 -6.087614e-01
    outer loop
      vertex   3.793301e+01 3.920632e+01 8.575000e+01
      vertex   3.785355e+01 3.920632e+01 8.564645e+01
      vertex   3.785355e+01 4.200632e+01 8.564645e+01
    endloop
  endfacet
  facet normal 6.087614e-01 0.000000e+00 -7.933533e-01
    outer loop
      vertex   3.785355e+01 4.200632e+01 8.564645e+01
      vertex   3.785355e+01 3.920632e+01 8.564645e+01
      vertex   3.775000e+01 4.200632e+01 8.556699e+01
    endloop
  endfacet
  facet normal 6.087614e-01 0.000000e+00 -7.933533e-01
    outer loop
      vertex   3.785355e+01 4.200632e+01 8.564645e+01
      vertex   3.775000e+01 4.200632e+01 8.556699e+01
      vertex   3.775000e+01 4.480632e+01 8.556699e+01
    endloop
  endfacet
  facet normal 3.826834e-01 0.000000e+00 -9.238795e-01
    outer loop
      vertex   3.775000e+01 4.480632e+01 8.556699e+01
      vertex   3.775000e+01 4.200632e+01 8.556699e+01
      vertex   3.762941e+01 4.480632e+01 8.551704e+01
    endloop
  endfacet
  facet normal 3.826834e-01 0.000000e+00 -9.238795e-01
    outer loop
      vertex   3.775000e+01 4.480632e+01 8.556699e+01
      vertex   3.762941e+01 4.480632e+01 8.551704e+01
      vertex   3.762941e+01 4.760632e+01 8.551704e+01
    endloop
  endfacet
  facet normal 1.305262e-01 0.000000e+00 -9.914449e-01
    outer loop
      vertex   3.762941e+01 4.760632e+01 8.551704e+01
      vertex   3.762941e+01 4.480632e+01 8.551704e+01
      vertex   3.750000e+01 5.550632e+01 8.550000e+01
    endloop
  endfacet
  facet normal 7.933533e-01 0.000000e+00 -6.087614e-01
    outer loop
      vertex   3.785355e+01 3.920632e+01 8.564645e+01
      vertex   3.793301e+01 3.640632e+01 8.575000e+01
      vertex   3.785355e+01 3.640632e+01 8.564645e+01
    endloop
  endfacet
  facet normal 7.933533e-01 0.000000e+00 -6.087614e-01
    outer loop
      vertex   3.785355e+01 4.760632e+01 8.564645e+01
      vertex   3.793301e+01 4.480632e+01 8.575000e+01
      vertex   3.785355e+01 4.480632e+01 8.564645e+01
    endloop
  endfacet
  facet normal 7.933533e-01 0.000000e+00 -6.087614e-01
    outer loop
      vertex   3.785355e+01 4.480632e+01 8.564645e+01
      vertex   3.793301e+01 4.480632e+01 8.575000e+01
      vertex   3.793301e+01 4.200632e+01 8.575000e+01
    endloop
  endfacet
  facet normal 7.933533e-01 0.000000e+00 -6.087614e-01
    outer loop
      vertex   3.785355e+01 5.320632e+01 8.564645e+01
      vertex   3.793301e+01 5.320632e+01 8.575000e+01
      vertex   3.793301e+01 5.040632e+01 8.575000e+01
    endloop
  endfacet
  facet normal 6.087614e-01 0.000000e+00 -7.933533e-01
    outer loop
      vertex   3.775000e+01 2.800632e+01 8.556699e+01
      vertex   3.785355e+01 2.520632e+01 8.564645e+01
      vertex   3.775000e+01 2.520632e+01 8.556699e+01
    endloop
  endfacet
  facet normal 6.087614e-01 0.000000e+00 -7.933533e-01
    outer loop
      vertex   3.775000e+01 2.520632e+01 8.556699e+01
      vertex   3.785355e+01 2.520632e+01 8.564645e+01
      vertex   3.785355e+01 2.240632e+01 8.564645e+01
    endloop
  endfacet
  facet normal 6.087614e-01 1.542616e-15 -7.933533e-01
    outer loop
      vertex   3.775000e+01 3.080632e+01 8.556699e+01
      vertex   3.785355e+01 3.080632e+01 8.564645e+01
      vertex   3.785355e+01 2.800632e+01 8.564645e+01
    endloop
  endfacet
  facet normal 6.087614e-01 0.000000e+00 -7.933533e-01
    outer loop
      vertex   3.785355e+01 3.920632e+01 8.564645e+01
      vertex   3.785355e+01 3.640632e+01 8.564645e+01
      vertex   3.775000e+01 3.920632e+01 8.556699e+01
    endloop
  endfacet
  facet normal 6.087614e-01 0.000000e+00 -7.933533e-01
    outer loop
      vertex   3.775000e+01 3.920632e+01 8.556699e+01
      vertex   3.785355e+01 3.640632e+01 8.564645e+01
      vertex   3.775000e+01 3.640632e+01 8.556699e+01
    endloop
  endfacet
  facet normal 3.826834e-01 0.000000e+00 -9.238795e-01
    outer loop
      vertex   3.775000e+01 3.920632e+01 8.556699e+01
      vertex   3.775000e+01 3.640632e+01 8.556699e+01
      vertex   3.762941e+01 3.920632e+01 8.551704e+01
    endloop
  endfacet
  facet normal 3.826834e-01 0.000000e+00 -9.238795e-01
    outer loop
      vertex   3.762941e+01 3.920632e+01 8.551704e+01
      vertex   3.775000e+01 3.640632e+01 8.556699e+01
      vertex   3.762941e+01 3.640632e+01 8.551704e+01
    endloop
  endfacet
  facet normal 1.305262e-01 0.000000e+00 -9.914449e-01
    outer loop
      vertex   3.762941e+01 3.920632e+01 8.551704e+01
      vertex   3.762941e+01 3.640632e+01 8.551704e+01
      vertex   3.750000e+01 5.550632e+01 8.550000e+01
    endloop
  endfacet
  facet normal 6.087614e-01 0.000000e+00 -7.933533e-01
    outer loop
      vertex   3.775000e+01 5.040632e+01 8.556699e+01
      vertex   3.785355e+01 4.760632e+01 8.564645e+01
      vertex   3.775000e+01 4.760632e+01 8.556699e+01
    endloop
  endfacet
  facet normal 6.087614e-01 0.000000e+00 -7.933533e-01
    outer loop
      vertex   3.775000e+01 4.760632e+01 8.556699e+01
      vertex   3.785355e+01 4.760632e+01 8.564645e+01
      vertex   3.785355e+01 4.480632e+01 8.564645e+01
    endloop
  endfacet
  facet normal 6.087614e-01 0.000000e+00 -7.933533e-01
    outer loop
      vertex   3.785355e+01 1.680632e+01 8.564645e+01
      vertex   3.775000e+01 1.680632e+01 8.556699e+01
      vertex   3.775000e+01 1.960632e+01 8.556699e+01
    endloop
  endfacet
  facet normal 3.826834e-01 0.000000e+00 -9.238795e-01
    outer loop
      vertex   3.775000e+01 1.960632e+01 8.556699e+01
      vertex   3.775000e+01 1.680632e+01 8.556699e+01
      vertex   3.762941e+01 1.960632e+01 8.551704e+01
    endloop
  endfacet
  facet normal 3.826834e-01 0.000000e+00 -9.238795e-01
    outer loop
      vertex   3.775000e+01 1.960632e+01 8.556699e+01
      vertex   3.762941e+01 1.960632e+01 8.551704e+01
      vertex   3.762941e+01 2.240632e+01 8.551704e+01
    endloop
  endfacet
  facet normal 1.790169e-01 0.000000e+00 -9.838460e-01
    outer loop
      vertex   3.762941e+01 2.240632e+01 8.551704e+01
      vertex   3.762941e+01 1.960632e+01 8.551704e+01
      vertex   3.754901e+01 1.450391e+01 8.550241e+01
    endloop
  endfacet
  facet normal 3.826834e-01 0.000000e+00 -9.238795e-01
    outer loop
      vertex   3.762941e+01 3.080632e+01 8.551704e+01
      vertex   3.775000e+01 2.800632e+01 8.556699e+01
      vertex   3.762941e+01 2.800632e+01 8.551704e+01
    endloop
  endfacet
  facet normal 3.826834e-01 0.000000e+00 -9.238795e-01
    outer loop
      vertex   3.762941e+01 2.800632e+01 8.551704e+01
      vertex   3.775000e+01 2.800632e+01 8.556699e+01
      vertex   3.775000e+01 2.520632e+01 8.556699e+01
    endloop
  endfacet
  facet normal 6.087614e-01 0.000000e+00 -7.933533e-01
    outer loop
      vertex   3.785355e+01 3.920632e+01 8.564645e+01
      vertex   3.775000e+01 3.920632e+01 8.556699e+01
      vertex   3.775000e+01 4.200632e+01 8.556699e+01
    endloop
  endfacet
  facet normal 3.826834e-01 0.000000e+00 -9.238795e-01
    outer loop
      vertex   3.775000e+01 4.200632e+01 8.556699e+01
      vertex   3.775000e+01 3.920632e+01 8.556699e+01
      vertex   3.762941e+01 4.200632e+01 8.551704e+01
    endloop
  endfacet
  facet normal 3.826834e-01 0.000000e+00 -9.238795e-01
    outer loop
      vertex   3.775000e+01 4.200632e+01 8.556699e+01
      vertex   3.762941e+01 4.200632e+01 8.551704e+01
      vertex   3.762941e+01 4.480632e+01 8.551704e+01
    endloop
  endfacet
  facet normal 1.305262e-01 0.000000e+00 -9.914449e-01
    outer loop
      vertex   3.762941e+01 4.480632e+01 8.551704e+01
      vertex   3.762941e+01 4.200632e+01 8.551704e+01
      vertex   3.750000e+01 5.550632e+01 8.550000e+01
    endloop
  endfacet
  facet normal 3.826834e-01 0.000000e+00 -9.238795e-01
    outer loop
      vertex   3.762941e+01 4.200632e+01 8.551704e+01
      vertex   3.775000e+01 3.920632e+01 8.556699e+01
      vertex   3.762941e+01 3.920632e+01 8.551704e+01
    endloop
  endfacet
  facet normal 3.826834e-01 0.000000e+00 -9.238795e-01
    outer loop
      vertex   3.762941e+01 5.320632e+01 8.551704e+01
      vertex   3.775000e+01 5.040632e+01 8.556699e+01
      vertex   3.762941e+01 5.040632e+01 8.551704e+01
    endloop
  endfacet
  facet normal 3.826834e-01 0.000000e+00 -9.238795e-01
    outer loop
      vertex   3.762941e+01 5.040632e+01 8.551704e+01
      vertex   3.775000e+01 5.040632e+01 8.556699e+01
      vertex   3.775000e+01 4.760632e+01 8.556699e+01
    endloop
  endfacet
  facet normal 1.790169e-01 0.000000e+00 -9.838460e-01
    outer loop
      vertex   3.754901e+01 1.450391e+01 8.550241e+01
      vertex   3.762941e+01 1.960632e+01 8.551704e+01
      vertex   3.762941e+01 1.680632e+01 8.551704e+01
    endloop
  endfacet
  facet normal 3.826834e-01 0.000000e+00 -9.238795e-01
    outer loop
      vertex   3.762941e+01 1.680632e+01 8.551704e+01
      vertex   3.762941e+01 1.960632e+01 8.551704e+01
      vertex   3.775000e+01 1.680632e+01 8.556699e+01
    endloop
  endfacet
  facet normal 1.305262e-01 0.000000e+00 -9.914449e-01
    outer loop
      vertex   3.750000e+01 5.550632e+01 8.550000e+01
      vertex   3.762941e+01 4.200632e+01 8.551704e+01
      vertex   3.762941e+01 3.920632e+01 8.551704e+01
    endloop
  endfacet
  facet normal -0.000000e+00 -0.000000e+00 -1.000000e+00
    outer loop
      vertex   3.750000e+01 5.550632e+01 8.550000e+01
      vertex   3.750000e+01 1.450632e+01 8.550000e+01
      vertex   3.400000e+01 5.550632e+01 8.550000e+01
    endloop
  endfacet
  facet normal 0.000000e+00 0.000000e+00 -1.000000e+00
    outer loop
      vertex   3.400000e+01 5.550632e+01 8.550000e+01
      vertex   3.750000e+01 1.450632e+01 8.550000e+01
      vertex   3.400000e+01 1.450632e+01 8.550000e+01
    endloop
  endfacet
  facet normal 0.000000e+00 1.000000e+00 0.000000e+00
    outer loop
      vertex   3.750000e+01 1.450632e+01 8.550000e+01
      vertex   3.750000e+01 1.450632e+01 7.900000e+01
      vertex   3.400000e+01 1.450632e+01 8.550000e+01
    endloop
  endfacet
  facet normal 0.000000e+00 1.000000e+00 0.000000e+00
    outer loop
      vertex   3.400000e+01 1.450632e+01 8.550000e+01
      vertex   3.750000e+01 1.450632e+01 7.900000e+01
      vertex   3.400000e+01 1.450632e+01 7.900000e+01
    endloop
  endfacet
  facet normal 1.000000e+00 -0.000000e+00 0.000000e+00
    outer loop
      vertex   3.800000e+01 5.980000e+01 1.500000e+02
      vertex   3.800000e+01 5.980000e+01 1.399000e+02
      vertex   3.800000e+01 6.100000e+01 1.500000e+02
    endloop
  endfacet
  facet normal 1.000000e+00 0.000000e+00 0.000000e+00
    outer loop
      vertex   3.800000e+01 6.100000e+01 1.500000e+02
      vertex   3.800000e+01 5.980000e+01 1.399000e+02
      vertex   3.800000e+01 6.100000e+01 1.450000e+01
    endloop
  endfacet
  facet normal 1.000000e+00 0.000000e+00 0.000000e+00
    outer loop
      vertex   3.800000e+01 6.100000e+01 1.450000e+01
      vertex   3.800000e+01 5.980000e+01 1.399000e+02
      vertex   3.800000e+01 5.600632e+01 7.850000e+01
    endloop
  endfacet
  facet normal 1.000000e+00 0.000000e+00 0.000000e+00
    outer loop
      vertex   3.800000e+01 6.100000e+01 1.450000e+01
      vertex   3.800000e+01 5.600632e+01 7.850000e+01
      vertex   3.800000e+01 3.965000e+01 4.800000e+01
    endloop
  endfacet
  facet normal 1.000000e+00 0.000000e+00 -0.000000e+00
    outer loop
      vertex   3.800000e+01 3.965000e+01 4.800000e+01
      vertex   3.800000e+01 5.600632e+01 7.850000e+01
      vertex   3.800000e+01 3.955481e+01 4.893604e+01
    endloop
  endfacet
  facet normal 1.000000e+00 0.000000e+00 -0.000000e+00
    outer loop
      vertex   3.800000e+01 3.955481e+01 4.893604e+01
      vertex   3.800000e+01 5.600632e+01 7.850000e+01
      vertex   3.800000e+01 3.927315e+01 4.983375e+01
    endloop
  endfacet
  facet normal 1.000000e+00 0.000000e+00 -0.000000e+00
    outer loop
      vertex   3.800000e+01 3.927315e+01 4.983375e+01
      vertex   3.800000e+01 5.600632e+01 7.850000e+01
      vertex   3.800000e+01 3.881655e+01 5.065640e+01
    endloop
  endfacet
  facet normal 1.000000e+00 0.000000e+00 -0.000000e+00
    outer loop
      vertex   3.800000e+01 3.881655e+01 5.065640e+01
      vertex   3.800000e+01 5.600632e+01 7.850000e+01
      vertex   3.800000e+01 3.820370e+01 5.137029e+01
    endloop
  endfacet
  facet normal 1.000000e+00 0.000000e+00 -0.000000e+00
    outer loop
      vertex   3.800000e+01 3.820370e+01 5.137029e+01
      vertex   3.800000e+01 5.600632e+01 7.850000e+01
      vertex   3.800000e+01 3.745968e+01 5.194620e+01
    endloop
  endfacet
  facet normal 1.000000e+00 0.000000e+00 -0.000000e+00
    outer loop
      vertex   3.800000e+01 3.745968e+01 5.194620e+01
      vertex   3.800000e+01 5.600632e+01 7.850000e+01
      vertex   3.800000e+01 3.661497e+01 5.236055e+01
    endloop
  endfacet
  facet normal 1.000000e+00 0.000000e+00 -0.000000e+00
    outer loop
      vertex   3.800000e+01 3.661497e+01 5.236055e+01
      vertex   3.800000e+01 5.600632e+01 7.850000e+01
      vertex   3.800000e+01 3.570414e+01 5.259638e+01
    endloop
  endfacet
  facet normal 1.000000e+00 0.000000e+00 -0.000000e+00
    outer loop
      vertex   3.800000e+01 3.570414e+01 5.259638e+01
      vertex   3.800000e+01 5.600632e+01 7.850000e+01
      vertex   3.800000e+01 3.476448e+01 5.264403e+01
    endloop
  endfacet
  facet normal 1.000000e+00 0.000000e+00 -0.000000e+00
    outer loop
      vertex   3.800000e+01 3.476448e+01 5.264403e+01
      vertex   3.800000e+01 5.600632e+01 7.850000e+01
      vertex   3.800000e+01 1.400632e+01 7.850000e+01
    endloop
  endfacet
  facet normal 1.000000e+00 0.000000e+00 0.000000e+00
    outer loop
      vertex   3.800000e+01 3.476448e+01 5.264403e+01
      vertex   3.800000e+01 1.400632e+01 7.850000e+01
      vertex   3.800000e+01 3.383447e+01 5.250156e+01
    endloop
  endfacet
  facet normal 1.000000e+00 0.000000e+00 0.000000e+00
    outer loop
      vertex   3.800000e+01 3.383447e+01 5.250156e+01
      vertex   3.800000e+01 1.400632e+01 7.850000e+01
      vertex   3.800000e+01 3.295217e+01 5.217479e+01
    endloop
  endfacet
  facet normal 1.000000e+00 0.000000e+00 0.000000e+00
    outer loop
      vertex   3.800000e+01 3.295217e+01 5.217479e+01
      vertex   3.800000e+01 1.400632e+01 7.850000e+01
      vertex   3.800000e+01 3.215371e+01 5.167711e+01
    endloop
  endfacet
  facet normal 1.000000e+00 0.000000e+00 0.000000e+00
    outer loop
      vertex   3.800000e+01 3.215371e+01 5.167711e+01
      vertex   3.800000e+01 1.400632e+01 7.850000e+01
      vertex   3.800000e+01 3.147177e+01 5.102888e+01
    endloop
  endfacet
  facet normal 1.000000e+00 0.000000e+00 0.000000e+00
    outer loop
      vertex   3.800000e+01 3.147177e+01 5.102888e+01
      vertex   3.800000e+01 1.400632e+01 7.850000e+01
      vertex   3.800000e+01 3.093429e+01 5.025665e+01
    endloop
  endfacet
  facet normal 1.000000e+00 0.000000e+00 0.000000e+00
    outer loop
      vertex   3.800000e+01 3.093429e+01 5.025665e+01
      vertex   3.800000e+01 1.400632e+01 7.850000e+01
      vertex   3.800000e+01 3.056325e+01 4.939204e+01
    endloop
  endfacet
  facet normal 1.000000e+00 0.000000e+00 0.000000e+00
    outer loop
      vertex   3.800000e+01 3.056325e+01 4.939204e+01
      vertex   3.800000e+01 1.400632e+01 7.850000e+01
      vertex   3.800000e+01 3.037386e+01 4.847043e+01
    endloop
  endfacet
  facet normal 1.000000e+00 0.000000e+00 0.000000e+00
    outer loop
      vertex   3.800000e+01 3.037386e+01 4.847043e+01
      vertex   3.800000e+01 1.400632e+01 7.850000e+01
      vertex   3.800000e+01 3.037386e+01 4.752957e+01
    endloop
  endfacet
  facet normal 1.000000e+00 0.000000e+00 0.000000e+00
    outer loop
      vertex   3.800000e+01 3.037386e+01 4.752957e+01
      vertex   3.800000e+01 1.400632e+01 7.850000e+01
      vertex   3.800000e+01 9.000000e+00 1.450000e+01
    endloop
  endfacet
  facet normal 1.000000e+00 0.000000e+00 0.000000e+00
    outer loop
      vertex   3.800000e+01 3.037386e+01 4.752957e+01
      vertex   3.800000e+01 9.000000e+00 1.450000e+01
      vertex   3.800000e+01 3.056325e+01 4.660796e+01
    endloop
  endfacet
  facet normal 1.000000e+00 0.000000e+00 0.000000e+00
    outer loop
      vertex   3.800000e+01 3.056325e+01 4.660796e+01
      vertex   3.800000e+01 9.000000e+00 1.450000e+01
      vertex   3.800000e+01 3.093429e+01 4.574335e+01
    endloop
  endfacet
  facet normal 1.000000e+00 0.000000e+00 0.000000e+00
    outer loop
      vertex   3.800000e+01 3.093429e+01 4.574335e+01
      vertex   3.800000e+01 9.000000e+00 1.450000e+01
      vertex   3.800000e+01 3.147177e+01 4.497112e+01
    endloop
  endfacet
  facet normal 1.000000e+00 0.000000e+00 0.000000e+00
    outer loop
      vertex   3.800000e+01 3.147177e+01 4.497112e+01
      vertex   3.800000e+01 9.000000e+00 1.450000e+01
      vertex   3.800000e+01 3.215371e+01 4.432289e+01
    endloop
  endfacet
  facet normal 1.000000e+00 0.000000e+00 0.000000e+00
    outer loop
      vertex   3.800000e+01 3.215371e+01 4.432289e+01
      vertex   3.800000e+01 9.000000e+00 1.450000e+01
      vertex   3.800000e+01 3.295217e+01 4.382521e+01
    endloop
  endfacet
  facet normal 1.000000e+00 0.000000e+00 0.000000e+00
    outer loop
      vertex   3.800000e+01 3.295217e+01 4.382521e+01
      vertex   3.800000e+01 9.000000e+00 1.450000e+01
      vertex   3.800000e+01 3.383447e+01 4.349844e+01
    endloop
  endfacet
  facet normal 1.000000e+00 0.000000e+00 0.000000e+00
    outer loop
      vertex   3.800000e+01 3.383447e+01 4.349844e+01
      vertex   3.800000e+01 9.000000e+00 1.450000e+01
      vertex   3.800000e+01 3.476448e+01 4.335597e+01
    endloop
  endfacet
  facet normal 1.000000e+00 0.000000e+00 0.000000e+00
    outer loop
      vertex   3.800000e+01 3.476448e+01 4.335597e+01
      vertex   3.800000e+01 9.000000e+00 1.450000e+01
      vertex   3.800000e+01 6.100000e+01 1.450000e+01
    endloop
  endfacet
  facet normal 1.000000e+00 -0.000000e+00 0.000000e+00
    outer loop
      vertex   3.800000e+01 3.476448e+01 4.335597e+01
      vertex   3.800000e+01 6.100000e+01 1.450000e+01
      vertex   3.800000e+01 3.570414e+01 4.340362e+01
    endloop
  endfacet
  facet normal 1.000000e+00 -0.000000e+00 0.000000e+00
    outer loop
      vertex   3.800000e+01 3.570414e+01 4.340362e+01
      vertex   3.800000e+01 6.100000e+01 1.450000e+01
      vertex   3.800000e+01 3.661497e+01 4.363945e+01
    endloop
  endfacet
  facet normal 1.000000e+00 -0.000000e+00 0.000000e+00
    outer loop
      vertex   3.800000e+01 3.661497e+01 4.363945e+01
      vertex   3.800000e+01 6.100000e+01 1.450000e+01
      vertex   3.800000e+01 3.745968e+01 4.405380e+01
    endloop
  endfacet
  facet normal 1.000000e+00 -0.000000e+00 0.000000e+00
    outer loop
      vertex   3.800000e+01 3.745968e+01 4.405380e+01
      vertex   3.800000e+01 6.100000e+01 1.450000e+01
      vertex   3.800000e+01 3.820370e+01 4.462971e+01
    endloop
  endfacet
  facet normal 1.000000e+00 -0.000000e+00 0.000000e+00
    outer loop
      vertex   3.800000e+01 3.820370e+01 4.462971e+01
      vertex   3.800000e+01 6.100000e+01 1.450000e+01
      vertex   3.800000e+01 3.881655e+01 4.534360e+01
    endloop
  endfacet
  facet normal 1.000000e+00 -0.000000e+00 0.000000e+00
    outer loop
      vertex   3.800000e+01 3.881655e+01 4.534360e+01
      vertex   3.800000e+01 6.100000e+01 1.450000e+01
      vertex   3.800000e+01 3.927315e+01 4.616625e+01
    endloop
  endfacet
  facet normal 1.000000e+00 -0.000000e+00 0.000000e+00
    outer loop
      vertex   3.800000e+01 3.927315e+01 4.616625e+01
      vertex   3.800000e+01 6.100000e+01 1.450000e+01
      vertex   3.800000e+01 3.955481e+01 4.706396e+01
    endloop
  endfacet
  facet normal 1.000000e+00 -0.000000e+00 0.000000e+00
    outer loop
      vertex   3.800000e+01 3.955481e+01 4.706396e+01
      vertex   3.800000e+01 6.100000e+01 1.450000e+01
      vertex   3.800000e+01 3.965000e+01 4.800000e+01
    endloop
  endfacet
  facet normal 1.000000e+00 -0.000000e+00 0.000000e+00
    outer loop
      vertex   3.800000e+01 1.020000e+01 1.399000e+02
      vertex   3.800000e+01 1.400632e+01 8.600000e+01
      vertex   3.800000e+01 5.980000e+01 1.399000e+02
    endloop
  endfacet
  facet normal 1.000000e+00 0.000000e+00 0.000000e+00
    outer loop
      vertex   3.800000e+01 5.980000e+01 1.399000e+02
      vertex   3.800000e+01 1.400632e+01 8.600000e+01
      vertex   3.800000e+01 5.600632e+01 8.600000e+01
    endloop
  endfacet
  facet normal 1.000000e+00 0.000000e+00 0.000000e+00
    outer loop
      vertex   3.800000e+01 5.980000e+01 1.399000e+02
      vertex   3.800000e+01 5.600632e+01 8.600000e+01
      vertex   3.800000e+01 5.600632e+01 7.850000e+01
    endloop
  endfacet
  facet normal 1.000000e+00 0.000000e+00 0.000000e+00
    outer loop
      vertex   3.800000e+01 1.020000e+01 1.500000e+02
      vertex   3.800000e+01 9.000000e+00 1.500000e+02
      vertex   3.800000e+01 1.020000e+01 1.399000e+02
    endloop
  endfacet
  facet normal 1.000000e+00 0.000000e+00 0.000000e+00
    outer loop
      vertex   3.800000e+01 1.020000e+01 1.399000e+02
      vertex   3.800000e+01 9.000000e+00 1.500000e+02
      vertex   3.800000e+01 9.000000e+00 1.450000e+01
    endloop
  endfacet
  facet normal 1.000000e+00 0.000000e+00 0.000000e+00
    outer loop
      vertex   3.800000e+01 1.020000e+01 1.399000e+02
      vertex   3.800000e+01 9.000000e+00 1.450000e+01
      vertex   3.800000e+01 1.400632e+01 7.850000e+01
    endloop
  endfacet
  facet normal 1.000000e+00 0.000000e+00 -0.000000e+00
    outer loop
      vertex   3.800000e+01 1.400632e+01 7.850000e+01
      vertex   3.800000e+01 1.400632e+01 8.600000e+01
      vertex   3.800000e+01 1.020000e+01 1.399000e+02
    endloop
  endfacet
  facet normal 0.000000e+00 -0.000000e+00 1.000000e+00
    outer loop
      vertex   3.750000e+01 1.450632e+01 7.900000e+01
      vertex   3.750000e+01 5.550632e+01 7.900000e+01
      vertex   3.400000e+01 1.450632e+01 7.900000e+01
    endloop
  endfacet
  facet normal 0.000000e+00 0.000000e+00 1.000000e+00
    outer loop
      vertex   3.400000e+01 1.450632e+01 7.900000e+01
      vertex   3.750000e+01 5.550632e+01 7.900000e+01
      vertex   3.400000e+01 5.550632e+01 7.900000e+01
    endloop
  endfacet
  facet normal 0.000000e+00 -1.000000e+00 0.000000e+00
    outer loop
      vertex   3.750000e+01 5.550632e+01 7.900000e+01
      vertex   3.750000e+01 5.550632e+01 8.550000e+01
      vertex   3.400000e+01 5.550632e+01 7.900000e+01
    endloop
  endfacet
  facet normal 0.000000e+00 -1.000000e+00 0.000000e+00
    outer loop
      vertex   3.400000e+01 5.550632e+01 7.900000e+01
      vertex   3.750000e+01 5.550632e+01 8.550000e+01
      vertex   3.400000e+01 5.550632e+01 8.550000e+01
    endloop
  endfacet
  facet normal 1.000000e+00 -0.000000e+00 0.000000e+00
    outer loop
      vertex   3.400000e+01 1.450632e+01 8.550000e+01
      vertex   3.400000e+01 1.450632e+01 7.900000e+01
      vertex   3.400000e+01 5.550632e+01 8.550000e+01
    endloop
  endfacet
  facet normal 1.000000e+00 0.000000e+00 0.000000e+00
    outer loop
      vertex   3.400000e+01 5.550632e+01 8.550000e+01
      vertex   3.400000e+01 1.450632e+01 7.900000e+01
      vertex   3.400000e+01 5.550632e+01 7.900000e+01
    endloop
  endfacet
  facet normal 5.984596e-02 -3.730855e-03 -9.982007e-01
    outer loop
      vertex   3.748805e+01 5.930000e+01 1.500006e+02
      vertex   3.750000e+01 5.930000e+01 1.500013e+02
      vertex   3.758532e+01 5.702290e+01 1.500149e+02
    endloop
  endfacet
  facet normal 1.272796e-01 -1.166289e-03 -9.918662e-01
    outer loop
      vertex   3.758532e+01 5.702290e+01 1.500149e+02
      vertex   3.750000e+01 5.930000e+01 1.500013e+02
      vertex   3.755520e+01 5.930306e+01 1.500084e+02
    endloop
  endfacet
  facet normal 2.368570e-01 3.393892e-04 -9.715445e-01
    outer loop
      vertex   3.758532e+01 5.702290e+01 1.500149e+02
      vertex   3.755520e+01 5.930306e+01 1.500084e+02
      vertex   3.760837e+01 5.931196e+01 1.500213e+02
    endloop
  endfacet
  facet normal 3.413682e-01 -8.016508e-04 -9.399293e-01
    outer loop
      vertex   3.760837e+01 5.931196e+01 1.500213e+02
      vertex   3.765987e+01 5.932636e+01 1.500400e+02
      vertex   3.758532e+01 5.702290e+01 1.500149e+02
    endloop
  endfacet
  facet normal 3.591119e-01 -1.448254e-03 -9.332934e-01
    outer loop
      vertex   3.758532e+01 5.702290e+01 1.500149e+02
      vertex   3.765987e+01 5.932636e+01 1.500400e+02
      vertex   3.769931e+01 5.702290e+01 1.500588e+02
    endloop
  endfacet
  facet normal 3.591123e-01 0.000000e+00 -9.332944e-01
    outer loop
      vertex   3.758532e+01 5.702290e+01 1.500149e+02
      vertex   3.769931e+01 5.702290e+01 1.500588e+02
      vertex   3.769931e+01 5.443197e+01 1.500588e+02
    endloop
  endfacet
  facet normal 5.746646e-01 0.000000e+00 -8.183890e-01
    outer loop
      vertex   3.769931e+01 5.443197e+01 1.500588e+02
      vertex   3.769931e+01 5.702290e+01 1.500588e+02
      vertex   3.779926e+01 5.443197e+01 1.501290e+02
    endloop
  endfacet
  facet normal 5.746646e-01 0.000000e+00 -8.183890e-01
    outer loop
      vertex   3.769931e+01 5.443197e+01 1.500588e+02
      vertex   3.779926e+01 5.443197e+01 1.501290e+02
      vertex   3.779926e+01 5.184104e+01 1.501290e+02
    endloop
  endfacet
  facet normal 7.559289e-01 0.000000e+00 -6.546537e-01
    outer loop
      vertex   3.779926e+01 5.184104e+01 1.501290e+02
      vertex   3.779926e+01 5.443197e+01 1.501290e+02
      vertex   3.787921e+01 5.184104e+01 1.502213e+02
    endloop
  endfacet
  facet normal 7.559289e-01 0.000000e+00 -6.546537e-01
    outer loop
      vertex   3.779926e+01 5.184104e+01 1.501290e+02
      vertex   3.787921e+01 5.184104e+01 1.502213e+02
      vertex   3.787921e+01 4.925011e+01 1.502213e+02
    endloop
  endfacet
  facet normal 8.920900e-01 0.000000e+00 -4.518577e-01
    outer loop
      vertex   3.787921e+01 4.925011e+01 1.502213e+02
      vertex   3.787921e+01 5.184104e+01 1.502213e+02
      vertex   3.793440e+01 4.925011e+01 1.503302e+02
    endloop
  endfacet
  facet normal 8.920900e-01 0.000000e+00 -4.518577e-01
    outer loop
      vertex   3.787921e+01 4.925011e+01 1.502213e+02
      vertex   3.793440e+01 4.925011e+01 1.503302e+02
      vertex   3.793440e+01 4.665918e+01 1.503302e+02
    endloop
  endfacet
  facet normal 9.750236e-01 0.000000e+00 -2.221012e-01
    outer loop
      vertex   3.793440e+01 4.665918e+01 1.503302e+02
      vertex   3.793440e+01 4.925011e+01 1.503302e+02
      vertex   3.796153e+01 4.665918e+01 1.504493e+02
    endloop
  endfacet
  facet normal 9.750236e-01 0.000000e+00 -2.221012e-01
    outer loop
      vertex   3.793440e+01 4.665918e+01 1.503302e+02
      vertex   3.796153e+01 4.665918e+01 1.504493e+02
      vertex   3.796153e+01 4.406825e+01 1.504493e+02
    endloop
  endfacet
  facet normal 9.983032e-01 0.000000e+00 -5.823050e-02
    outer loop
      vertex   3.796153e+01 4.406825e+01 1.504493e+02
      vertex   3.796153e+01 4.665918e+01 1.504493e+02
      vertex   3.796405e+01 5.961382e+01 1.504925e+02
    endloop
  endfacet
  facet normal 9.983032e-01 0.000000e+00 -5.823050e-02
    outer loop
      vertex   3.796153e+01 4.406825e+01 1.504493e+02
      vertex   3.796405e+01 5.961382e+01 1.504925e+02
      vertex   3.796153e+01 4.147732e+01 1.504493e+02
    endloop
  endfacet
  facet normal 9.999277e-01 -1.676019e-04 1.202046e-02
    outer loop
      vertex   3.796153e+01 4.147732e+01 1.504493e+02
      vertex   3.796405e+01 5.961382e+01 1.504925e+02
      vertex   3.796372e+01 5.961300e+01 1.505197e+02
    endloop
  endfacet
  facet normal 9.995145e-01 0.000000e+00 -3.115714e-02
    outer loop
      vertex   3.796153e+01 4.147732e+01 1.504493e+02
      vertex   3.796372e+01 5.961300e+01 1.505197e+02
      vertex   3.796153e+01 3.888639e+01 1.504493e+02
    endloop
  endfacet
  facet normal 9.999978e-01 -9.867795e-05 -2.110333e-03
    outer loop
      vertex   3.796153e+01 3.888639e+01 1.504493e+02
      vertex   3.796372e+01 5.961300e+01 1.505197e+02
      vertex   3.795897e+01 1.039835e+01 1.505714e+02
    endloop
  endfacet
  facet normal 9.997814e-01 0.000000e+00 2.090720e-02
    outer loop
      vertex   3.796153e+01 3.888639e+01 1.504493e+02
      vertex   3.795897e+01 1.039835e+01 1.505714e+02
      vertex   3.796153e+01 3.629546e+01 1.504493e+02
    endloop
  endfacet
  facet normal 9.997814e-01 0.000000e+00 2.090720e-02
    outer loop
      vertex   3.796153e+01 3.629546e+01 1.504493e+02
      vertex   3.795897e+01 1.039835e+01 1.505714e+02
      vertex   3.796153e+01 3.370454e+01 1.504493e+02
    endloop
  endfacet
  facet normal 9.750236e-01 0.000000e+00 -2.221012e-01
    outer loop
      vertex   3.796153e+01 3.629546e+01 1.504493e+02
      vertex   3.796153e+01 3.370454e+01 1.504493e+02
      vertex   3.793440e+01 3.629546e+01 1.503302e+02
    endloop
  endfacet
  facet normal 9.750236e-01 0.000000e+00 -2.221012e-01
    outer loop
      vertex   3.793440e+01 3.629546e+01 1.503302e+02
      vertex   3.796153e+01 3.370454e+01 1.504493e+02
      vertex   3.793440e+01 3.370454e+01 1.503302e+02
    endloop
  endfacet
  facet normal 8.920900e-01 0.000000e+00 -4.518577e-01
    outer loop
      vertex   3.793440e+01 3.629546e+01 1.503302e+02
      vertex   3.793440e+01 3.370454e+01 1.503302e+02
      vertex   3.787921e+01 3.629546e+01 1.502213e+02
    endloop
  endfacet
  facet normal 8.920900e-01 0.000000e+00 -4.518577e-01
    outer loop
      vertex   3.787921e+01 3.629546e+01 1.502213e+02
      vertex   3.793440e+01 3.370454e+01 1.503302e+02
      vertex   3.787921e+01 3.370454e+01 1.502213e+02
    endloop
  endfacet
  facet normal 7.559289e-01 0.000000e+00 -6.546537e-01
    outer loop
      vertex   3.787921e+01 3.629546e+01 1.502213e+02
      vertex   3.787921e+01 3.370454e+01 1.502213e+02
      vertex   3.779926e+01 3.629546e+01 1.501290e+02
    endloop
  endfacet
  facet normal 7.559289e-01 0.000000e+00 -6.546537e-01
    outer loop
      vertex   3.779926e+01 3.629546e+01 1.501290e+02
      vertex   3.787921e+01 3.370454e+01 1.502213e+02
      vertex   3.779926e+01 3.370454e+01 1.501290e+02
    endloop
  endfacet
  facet normal 5.746646e-01 0.000000e+00 -8.183890e-01
    outer loop
      vertex   3.779926e+01 3.629546e+01 1.501290e+02
      vertex   3.779926e+01 3.370454e+01 1.501290e+02
      vertex   3.769931e+01 3.629546e+01 1.500588e+02
    endloop
  endfacet
  facet normal 5.746646e-01 0.000000e+00 -8.183890e-01
    outer loop
      vertex   3.769931e+01 3.629546e+01 1.500588e+02
      vertex   3.779926e+01 3.370454e+01 1.501290e+02
      vertex   3.769931e+01 3.370454e+01 1.500588e+02
    endloop
  endfacet
  facet normal 3.591123e-01 0.000000e+00 -9.332944e-01
    outer loop
      vertex   3.769931e+01 3.629546e+01 1.500588e+02
      vertex   3.769931e+01 3.370454e+01 1.500588e+02
      vertex   3.758532e+01 3.629546e+01 1.500149e+02
    endloop
  endfacet
  facet normal 3.591123e-01 0.000000e+00 -9.332944e-01
    outer loop
      vertex   3.758532e+01 3.629546e+01 1.500149e+02
      vertex   3.769931e+01 3.370454e+01 1.500588e+02
      vertex   3.758532e+01 3.370454e+01 1.500149e+02
    endloop
  endfacet
  facet normal 1.221332e-01 0.000000e+00 -9.925137e-01
    outer loop
      vertex   3.758532e+01 3.629546e+01 1.500149e+02
      vertex   3.758532e+01 3.370454e+01 1.500149e+02
      vertex   3.746410e+01 5.930000e+01 1.500000e+02
    endloop
  endfacet
  facet normal 1.280869e-01 2.863439e-05 -9.917629e-01
    outer loop
      vertex   3.746410e+01 5.930000e+01 1.500000e+02
      vertex   3.758532e+01 3.370454e+01 1.500149e+02
      vertex   3.747608e+01 1.070000e+01 1.500001e+02
    endloop
  endfacet
  facet normal 1.197615e-02 0.000000e+00 -9.999283e-01
    outer loop
      vertex   3.746410e+01 5.930000e+01 1.500000e+02
      vertex   3.747608e+01 1.070000e+01 1.500001e+02
      vertex   3.746410e+01 1.070000e+01 1.500000e+02
    endloop
  endfacet
  facet normal 4.396209e-01 2.158712e-04 -8.981834e-01
    outer loop
      vertex   3.765987e+01 5.932636e+01 1.500400e+02
      vertex   3.770863e+01 5.934563e+01 1.500639e+02
      vertex   3.769931e+01 5.702290e+01 1.500588e+02
    endloop
  endfacet
  facet normal 5.746645e-01 -5.023389e-04 -8.183889e-01
    outer loop
      vertex   3.769931e+01 5.702290e+01 1.500588e+02
      vertex   3.770863e+01 5.934563e+01 1.500639e+02
      vertex   3.779926e+01 5.702290e+01 1.501290e+02
    endloop
  endfacet
  facet normal 5.746646e-01 0.000000e+00 -8.183890e-01
    outer loop
      vertex   3.769931e+01 5.702290e+01 1.500588e+02
      vertex   3.779926e+01 5.702290e+01 1.501290e+02
      vertex   3.779926e+01 5.443197e+01 1.501290e+02
    endloop
  endfacet
  facet normal 7.559289e-01 0.000000e+00 -6.546537e-01
    outer loop
      vertex   3.779926e+01 5.443197e+01 1.501290e+02
      vertex   3.779926e+01 5.702290e+01 1.501290e+02
      vertex   3.787921e+01 5.443197e+01 1.502213e+02
    endloop
  endfacet
  facet normal 7.559289e-01 0.000000e+00 -6.546537e-01
    outer loop
      vertex   3.779926e+01 5.443197e+01 1.501290e+02
      vertex   3.787921e+01 5.443197e+01 1.502213e+02
      vertex   3.787921e+01 5.184104e+01 1.502213e+02
    endloop
  endfacet
  facet normal 8.920900e-01 0.000000e+00 -4.518577e-01
    outer loop
      vertex   3.787921e+01 5.184104e+01 1.502213e+02
      vertex   3.787921e+01 5.443197e+01 1.502213e+02
      vertex   3.793440e+01 5.184104e+01 1.503302e+02
    endloop
  endfacet
  facet normal 8.920900e-01 0.000000e+00 -4.518577e-01
    outer loop
      vertex   3.787921e+01 5.184104e+01 1.502213e+02
      vertex   3.793440e+01 5.184104e+01 1.503302e+02
      vertex   3.793440e+01 4.925011e+01 1.503302e+02
    endloop
  endfacet
  facet normal 9.750236e-01 0.000000e+00 -2.221012e-01
    outer loop
      vertex   3.793440e+01 4.925011e+01 1.503302e+02
      vertex   3.793440e+01 5.184104e+01 1.503302e+02
      vertex   3.796153e+01 4.925011e+01 1.504493e+02
    endloop
  endfacet
  facet normal 9.750236e-01 0.000000e+00 -2.221012e-01
    outer loop
      vertex   3.793440e+01 4.925011e+01 1.503302e+02
      vertex   3.796153e+01 4.925011e+01 1.504493e+02
      vertex   3.796153e+01 4.665918e+01 1.504493e+02
    endloop
  endfacet
  facet normal 9.983032e-01 0.000000e+00 -5.823050e-02
    outer loop
      vertex   3.796153e+01 4.665918e+01 1.504493e+02
      vertex   3.796153e+01 4.925011e+01 1.504493e+02
      vertex   3.796405e+01 5.961382e+01 1.504925e+02
    endloop
  endfacet
  facet normal 5.784259e-01 -2.812396e-04 -8.157349e-01
    outer loop
      vertex   3.770863e+01 5.934563e+01 1.500639e+02
      vertex   3.779418e+01 5.939579e+01 1.501245e+02
      vertex   3.779926e+01 5.702290e+01 1.501290e+02
    endloop
  endfacet
  facet normal 7.294375e-01 2.876130e-04 -6.840474e-01
    outer loop
      vertex   3.779926e+01 5.702290e+01 1.501290e+02
      vertex   3.779418e+01 5.939579e+01 1.501245e+02
      vertex   3.786061e+01 5.945366e+01 1.501954e+02
    endloop
  endfacet
  facet normal 7.559284e-01 -1.184512e-03 -6.546532e-01
    outer loop
      vertex   3.779926e+01 5.702290e+01 1.501290e+02
      vertex   3.786061e+01 5.945366e+01 1.501954e+02
      vertex   3.787921e+01 5.702290e+01 1.502213e+02
    endloop
  endfacet
  facet normal 8.473397e-01 8.309709e-04 -5.310506e-01
    outer loop
      vertex   3.787921e+01 5.702290e+01 1.502213e+02
      vertex   3.786061e+01 5.945366e+01 1.501954e+02
      vertex   3.791110e+01 5.951560e+01 1.502761e+02
    endloop
  endfacet
  facet normal 8.920890e-01 -1.481408e-03 -4.518572e-01
    outer loop
      vertex   3.787921e+01 5.702290e+01 1.502213e+02
      vertex   3.791110e+01 5.951560e+01 1.502761e+02
      vertex   3.793440e+01 5.702290e+01 1.503302e+02
    endloop
  endfacet
  facet normal 9.329656e-01 8.982392e-04 -3.599644e-01
    outer loop
      vertex   3.793440e+01 5.702290e+01 1.503302e+02
      vertex   3.791110e+01 5.951560e+01 1.502761e+02
      vertex   3.794600e+01 5.957399e+01 1.503667e+02
    endloop
  endfacet
  facet normal 9.750228e-01 -1.261679e-03 -2.221010e-01
    outer loop
      vertex   3.793440e+01 5.702290e+01 1.503302e+02
      vertex   3.794600e+01 5.957399e+01 1.503667e+02
      vertex   3.796153e+01 5.702290e+01 1.504493e+02
    endloop
  endfacet
  facet normal 9.759295e-01 -1.125986e-03 -2.180832e-01
    outer loop
      vertex   3.796153e+01 5.702290e+01 1.504493e+02
      vertex   3.794600e+01 5.957399e+01 1.503667e+02
      vertex   3.795682e+01 5.959674e+01 1.504150e+02
    endloop
  endfacet
  facet normal 9.928139e-01 2.185818e-04 -1.196686e-01
    outer loop
      vertex   3.796153e+01 5.702290e+01 1.504493e+02
      vertex   3.795682e+01 5.959674e+01 1.504150e+02
      vertex   3.796295e+01 5.961108e+01 1.504658e+02
    endloop
  endfacet
  facet normal 9.991529e-01 -2.856840e-04 -4.115049e-02
    outer loop
      vertex   3.796295e+01 5.961108e+01 1.504658e+02
      vertex   3.796405e+01 5.961382e+01 1.504925e+02
      vertex   3.796153e+01 5.702290e+01 1.504493e+02
    endloop
  endfacet
  facet normal 9.983032e-01 0.000000e+00 -5.823050e-02
    outer loop
      vertex   3.796153e+01 5.702290e+01 1.504493e+02
      vertex   3.796405e+01 5.961382e+01 1.504925e+02
      vertex   3.796153e+01 5.443197e+01 1.504493e+02
    endloop
  endfacet
  facet normal 9.750236e-01 0.000000e+00 -2.221012e-01
    outer loop
      vertex   3.796153e+01 5.702290e+01 1.504493e+02
      vertex   3.796153e+01 5.443197e+01 1.504493e+02
      vertex   3.793440e+01 5.702290e+01 1.503302e+02
    endloop
  endfacet
  facet normal 9.750236e-01 0.000000e+00 -2.221012e-01
    outer loop
      vertex   3.793440e+01 5.702290e+01 1.503302e+02
      vertex   3.796153e+01 5.443197e+01 1.504493e+02
      vertex   3.793440e+01 5.443197e+01 1.503302e+02
    endloop
  endfacet
  facet normal 8.920900e-01 0.000000e+00 -4.518577e-01
    outer loop
      vertex   3.793440e+01 5.702290e+01 1.503302e+02
      vertex   3.793440e+01 5.443197e+01 1.503302e+02
      vertex   3.787921e+01 5.702290e+01 1.502213e+02
    endloop
  endfacet
  facet normal 8.920900e-01 0.000000e+00 -4.518577e-01
    outer loop
      vertex   3.787921e+01 5.702290e+01 1.502213e+02
      vertex   3.793440e+01 5.443197e+01 1.503302e+02
      vertex   3.787921e+01 5.443197e+01 1.502213e+02
    endloop
  endfacet
  facet normal 7.559289e-01 0.000000e+00 -6.546537e-01
    outer loop
      vertex   3.787921e+01 5.702290e+01 1.502213e+02
      vertex   3.787921e+01 5.443197e+01 1.502213e+02
      vertex   3.779926e+01 5.702290e+01 1.501290e+02
    endloop
  endfacet
  facet normal 9.958157e-01 0.000000e+00 9.138485e-02
    outer loop
      vertex   3.796372e+01 5.961300e+01 1.505197e+02
      vertex   3.795897e+01 5.960165e+01 1.505714e+02
      vertex   3.795897e+01 1.039835e+01 1.505714e+02
    endloop
  endfacet
  facet normal 9.958760e-01 3.306955e-03 9.066474e-02
    outer loop
      vertex   3.796372e+01 1.038700e+01 1.505197e+02
      vertex   3.796153e+01 1.297710e+01 1.504493e+02
      vertex   3.795897e+01 1.039835e+01 1.505714e+02
    endloop
  endfacet
  facet normal 9.997814e-01 0.000000e+00 2.090720e-02
    outer loop
      vertex   3.795897e+01 1.039835e+01 1.505714e+02
      vertex   3.796153e+01 1.297710e+01 1.504493e+02
      vertex   3.796153e+01 1.556803e+01 1.504493e+02
    endloop
  endfacet
  facet normal 9.997814e-01 0.000000e+00 2.090720e-02
    outer loop
      vertex   3.795897e+01 1.039835e+01 1.505714e+02
      vertex   3.796153e+01 1.556803e+01 1.504493e+02
      vertex   3.796153e+01 1.815896e+01 1.504493e+02
    endloop
  endfacet
  facet normal 9.750236e-01 0.000000e+00 -2.221012e-01
    outer loop
      vertex   3.796153e+01 1.815896e+01 1.504493e+02
      vertex   3.796153e+01 1.556803e+01 1.504493e+02
      vertex   3.793440e+01 1.815896e+01 1.503302e+02
    endloop
  endfacet
  facet normal 9.750236e-01 0.000000e+00 -2.221012e-01
    outer loop
      vertex   3.796153e+01 1.815896e+01 1.504493e+02
      vertex   3.793440e+01 1.815896e+01 1.503302e+02
      vertex   3.793440e+01 2.074989e+01 1.503302e+02
    endloop
  endfacet
  facet normal 8.920900e-01 0.000000e+00 -4.518577e-01
    outer loop
      vertex   3.793440e+01 2.074989e+01 1.503302e+02
      vertex   3.793440e+01 1.815896e+01 1.503302e+02
      vertex   3.787921e+01 2.074989e+01 1.502213e+02
    endloop
  endfacet
  facet normal 8.920900e-01 0.000000e+00 -4.518577e-01
    outer loop
      vertex   3.793440e+01 2.074989e+01 1.503302e+02
      vertex   3.787921e+01 2.074989e+01 1.502213e+02
      vertex   3.787921e+01 2.334082e+01 1.502213e+02
    endloop
  endfacet
  facet normal 7.559289e-01 0.000000e+00 -6.546537e-01
    outer loop
      vertex   3.787921e+01 2.334082e+01 1.502213e+02
      vertex   3.787921e+01 2.074989e+01 1.502213e+02
      vertex   3.779926e+01 2.334082e+01 1.501290e+02
    endloop
  endfacet
  facet normal 7.559289e-01 0.000000e+00 -6.546537e-01
    outer loop
      vertex   3.787921e+01 2.334082e+01 1.502213e+02
      vertex   3.779926e+01 2.334082e+01 1.501290e+02
      vertex   3.779926e+01 2.593175e+01 1.501290e+02
    endloop
  endfacet
  facet normal 5.746646e-01 0.000000e+00 -8.183890e-01
    outer loop
      vertex   3.779926e+01 2.593175e+01 1.501290e+02
      vertex   3.779926e+01 2.334082e+01 1.501290e+02
      vertex   3.769931e+01 2.593175e+01 1.500588e+02
    endloop
  endfacet
  facet normal 5.746646e-01 0.000000e+00 -8.183890e-01
    outer loop
      vertex   3.779926e+01 2.593175e+01 1.501290e+02
      vertex   3.769931e+01 2.593175e+01 1.500588e+02
      vertex   3.769931e+01 2.852268e+01 1.500588e+02
    endloop
  endfacet
  facet normal 3.591123e-01 0.000000e+00 -9.332944e-01
    outer loop
      vertex   3.769931e+01 2.852268e+01 1.500588e+02
      vertex   3.769931e+01 2.593175e+01 1.500588e+02
      vertex   3.758532e+01 2.852268e+01 1.500149e+02
    endloop
  endfacet
  facet normal 3.591123e-01 0.000000e+00 -9.332944e-01
    outer loop
      vertex   3.769931e+01 2.852268e+01 1.500588e+02
      vertex   3.758532e+01 2.852268e+01 1.500149e+02
      vertex   3.758532e+01 3.111361e+01 1.500149e+02
    endloop
  endfacet
  facet normal 1.340109e-01 0.000000e+00 -9.909799e-01
    outer loop
      vertex   3.758532e+01 3.111361e+01 1.500149e+02
      vertex   3.758532e+01 2.852268e+01 1.500149e+02
      vertex   3.747608e+01 1.070000e+01 1.500001e+02
    endloop
  endfacet
  facet normal 1.340109e-01 0.000000e+00 -9.909799e-01
    outer loop
      vertex   3.758532e+01 3.111361e+01 1.500149e+02
      vertex   3.747608e+01 1.070000e+01 1.500001e+02
      vertex   3.758532e+01 3.370454e+01 1.500149e+02
    endloop
  endfacet
  facet normal 9.999274e-01 1.172704e-03 1.198994e-02
    outer loop
      vertex   3.796372e+01 1.038700e+01 1.505197e+02
      vertex   3.796405e+01 1.038618e+01 1.504925e+02
      vertex   3.796153e+01 1.297710e+01 1.504493e+02
    endloop
  endfacet
  facet normal 9.991529e-01 2.856840e-04 -4.115049e-02
    outer loop
      vertex   3.796153e+01 1.297710e+01 1.504493e+02
      vertex   3.796405e+01 1.038618e+01 1.504925e+02
      vertex   3.796295e+01 1.038892e+01 1.504658e+02
    endloop
  endfacet
  facet normal 9.928139e-01 -2.185818e-04 -1.196686e-01
    outer loop
      vertex   3.796153e+01 1.297710e+01 1.504493e+02
      vertex   3.796295e+01 1.038892e+01 1.504658e+02
      vertex   3.795682e+01 1.040326e+01 1.504150e+02
    endloop
  endfacet
  facet normal 9.759295e-01 1.125986e-03 -2.180832e-01
    outer loop
      vertex   3.795682e+01 1.040326e+01 1.504150e+02
      vertex   3.794600e+01 1.042601e+01 1.503667e+02
      vertex   3.796153e+01 1.297710e+01 1.504493e+02
    endloop
  endfacet
  facet normal 9.750228e-01 1.261679e-03 -2.221010e-01
    outer loop
      vertex   3.796153e+01 1.297710e+01 1.504493e+02
      vertex   3.794600e+01 1.042601e+01 1.503667e+02
      vertex   3.793440e+01 1.297710e+01 1.503302e+02
    endloop
  endfacet
  facet normal 9.750236e-01 0.000000e+00 -2.221012e-01
    outer loop
      vertex   3.796153e+01 1.297710e+01 1.504493e+02
      vertex   3.793440e+01 1.297710e+01 1.503302e+02
      vertex   3.793440e+01 1.556803e+01 1.503302e+02
    endloop
  endfacet
  facet normal 8.920900e-01 0.000000e+00 -4.518577e-01
    outer loop
      vertex   3.793440e+01 1.556803e+01 1.503302e+02
      vertex   3.793440e+01 1.297710e+01 1.503302e+02
      vertex   3.787921e+01 1.556803e+01 1.502213e+02
    endloop
  endfacet
  facet normal 8.920900e-01 0.000000e+00 -4.518577e-01
    outer loop
      vertex   3.793440e+01 1.556803e+01 1.503302e+02
      vertex   3.787921e+01 1.556803e+01 1.502213e+02
      vertex   3.787921e+01 1.815896e+01 1.502213e+02
    endloop
  endfacet
  facet normal 7.559289e-01 0.000000e+00 -6.546537e-01
    outer loop
      vertex   3.787921e+01 1.815896e+01 1.502213e+02
      vertex   3.787921e+01 1.556803e+01 1.502213e+02
      vertex   3.779926e+01 1.815896e+01 1.501290e+02
    endloop
  endfacet
  facet normal 7.559289e-01 0.000000e+00 -6.546537e-01
    outer loop
      vertex   3.787921e+01 1.815896e+01 1.502213e+02
      vertex   3.779926e+01 1.815896e+01 1.501290e+02
      vertex   3.779926e+01 2.074989e+01 1.501290e+02
    endloop
  endfacet
  facet normal 5.746646e-01 0.000000e+00 -8.183890e-01
    outer loop
      vertex   3.779926e+01 2.074989e+01 1.501290e+02
      vertex   3.779926e+01 1.815896e+01 1.501290e+02
      vertex   3.769931e+01 2.074989e+01 1.500588e+02
    endloop
  endfacet
  facet normal 5.746646e-01 0.000000e+00 -8.183890e-01
    outer loop
      vertex   3.779926e+01 2.074989e+01 1.501290e+02
      vertex   3.769931e+01 2.074989e+01 1.500588e+02
      vertex   3.769931e+01 2.334082e+01 1.500588e+02
    endloop
  endfacet
  facet normal 3.591123e-01 0.000000e+00 -9.332944e-01
    outer loop
      vertex   3.769931e+01 2.334082e+01 1.500588e+02
      vertex   3.769931e+01 2.074989e+01 1.500588e+02
      vertex   3.758532e+01 2.334082e+01 1.500149e+02
    endloop
  endfacet
  facet normal 3.591123e-01 0.000000e+00 -9.332944e-01
    outer loop
      vertex   3.769931e+01 2.334082e+01 1.500588e+02
      vertex   3.758532e+01 2.334082e+01 1.500149e+02
      vertex   3.758532e+01 2.593175e+01 1.500149e+02
    endloop
  endfacet
  facet normal 1.340109e-01 0.000000e+00 -9.909799e-01
    outer loop
      vertex   3.758532e+01 2.593175e+01 1.500149e+02
      vertex   3.758532e+01 2.334082e+01 1.500149e+02
      vertex   3.747608e+01 1.070000e+01 1.500001e+02
    endloop
  endfacet
  facet normal 1.340109e-01 0.000000e+00 -9.909799e-01
    outer loop
      vertex   3.758532e+01 2.593175e+01 1.500149e+02
      vertex   3.747608e+01 1.070000e+01 1.500001e+02
      vertex   3.758532e+01 2.852268e+01 1.500149e+02
    endloop
  endfacet
  facet normal 9.329656e-01 -8.982392e-04 -3.599644e-01
    outer loop
      vertex   3.794600e+01 1.042601e+01 1.503667e+02
      vertex   3.791110e+01 1.048440e+01 1.502761e+02
      vertex   3.793440e+01 1.297710e+01 1.503302e+02
    endloop
  endfacet
  facet normal 8.920890e-01 1.481408e-03 -4.518572e-01
    outer loop
      vertex   3.793440e+01 1.297710e+01 1.503302e+02
      vertex   3.791110e+01 1.048440e+01 1.502761e+02
      vertex   3.787921e+01 1.297710e+01 1.502213e+02
    endloop
  endfacet
  facet normal 8.920900e-01 0.000000e+00 -4.518577e-01
    outer loop
      vertex   3.793440e+01 1.297710e+01 1.503302e+02
      vertex   3.787921e+01 1.297710e+01 1.502213e+02
      vertex   3.787921e+01 1.556803e+01 1.502213e+02
    endloop
  endfacet
  facet normal 7.559289e-01 0.000000e+00 -6.546537e-01
    outer loop
      vertex   3.787921e+01 1.556803e+01 1.502213e+02
      vertex   3.787921e+01 1.297710e+01 1.502213e+02
      vertex   3.779926e+01 1.556803e+01 1.501290e+02
    endloop
  endfacet
  facet normal 7.559289e-01 0.000000e+00 -6.546537e-01
    outer loop
      vertex   3.787921e+01 1.556803e+01 1.502213e+02
      vertex   3.779926e+01 1.556803e+01 1.501290e+02
      vertex   3.779926e+01 1.815896e+01 1.501290e+02
    endloop
  endfacet
  facet normal 5.746646e-01 0.000000e+00 -8.183890e-01
    outer loop
      vertex   3.779926e+01 1.815896e+01 1.501290e+02
      vertex   3.779926e+01 1.556803e+01 1.501290e+02
      vertex   3.769931e+01 1.815896e+01 1.500588e+02
    endloop
  endfacet
  facet normal 5.746646e-01 0.000000e+00 -8.183890e-01
    outer loop
      vertex   3.779926e+01 1.815896e+01 1.501290e+02
      vertex   3.769931e+01 1.815896e+01 1.500588e+02
      vertex   3.769931e+01 2.074989e+01 1.500588e+02
    endloop
  endfacet
  facet normal 3.591123e-01 0.000000e+00 -9.332944e-01
    outer loop
      vertex   3.769931e+01 2.074989e+01 1.500588e+02
      vertex   3.769931e+01 1.815896e+01 1.500588e+02
      vertex   3.758532e+01 2.074989e+01 1.500149e+02
    endloop
  endfacet
  facet normal 3.591123e-01 0.000000e+00 -9.332944e-01
    outer loop
      vertex   3.769931e+01 2.074989e+01 1.500588e+02
      vertex   3.758532e+01 2.074989e+01 1.500149e+02
      vertex   3.758532e+01 2.334082e+01 1.500149e+02
    endloop
  endfacet
  facet normal 1.340109e-01 0.000000e+00 -9.909799e-01
    outer loop
      vertex   3.758532e+01 2.334082e+01 1.500149e+02
      vertex   3.758532e+01 2.074989e+01 1.500149e+02
      vertex   3.747608e+01 1.070000e+01 1.500001e+02
    endloop
  endfacet
  facet normal 8.473397e-01 -8.309709e-04 -5.310506e-01
    outer loop
      vertex   3.791110e+01 1.048440e+01 1.502761e+02
      vertex   3.786061e+01 1.054634e+01 1.501954e+02
      vertex   3.787921e+01 1.297710e+01 1.502213e+02
    endloop
  endfacet
  facet normal 7.559284e-01 1.184512e-03 -6.546532e-01
    outer loop
      vertex   3.787921e+01 1.297710e+01 1.502213e+02
      vertex   3.786061e+01 1.054634e+01 1.501954e+02
      vertex   3.779926e+01 1.297710e+01 1.501290e+02
    endloop
  endfacet
  facet normal 7.559289e-01 0.000000e+00 -6.546537e-01
    outer loop
      vertex   3.787921e+01 1.297710e+01 1.502213e+02
      vertex   3.779926e+01 1.297710e+01 1.501290e+02
      vertex   3.779926e+01 1.556803e+01 1.501290e+02
    endloop
  endfacet
  facet normal 5.746646e-01 0.000000e+00 -8.183890e-01
    outer loop
      vertex   3.779926e+01 1.556803e+01 1.501290e+02
      vertex   3.779926e+01 1.297710e+01 1.501290e+02
      vertex   3.769931e+01 1.556803e+01 1.500588e+02
    endloop
  endfacet
  facet normal 5.746646e-01 0.000000e+00 -8.183890e-01
    outer loop
      vertex   3.779926e+01 1.556803e+01 1.501290e+02
      vertex   3.769931e+01 1.556803e+01 1.500588e+02
      vertex   3.769931e+01 1.815896e+01 1.500588e+02
    endloop
  endfacet
  facet normal 3.591123e-01 0.000000e+00 -9.332944e-01
    outer loop
      vertex   3.769931e+01 1.815896e+01 1.500588e+02
      vertex   3.769931e+01 1.556803e+01 1.500588e+02
      vertex   3.758532e+01 1.815896e+01 1.500149e+02
    endloop
  endfacet
  facet normal 3.591123e-01 0.000000e+00 -9.332944e-01
    outer loop
      vertex   3.769931e+01 1.815896e+01 1.500588e+02
      vertex   3.758532e+01 1.815896e+01 1.500149e+02
      vertex   3.758532e+01 2.074989e+01 1.500149e+02
    endloop
  endfacet
  facet normal 1.340109e-01 0.000000e+00 -9.909799e-01
    outer loop
      vertex   3.758532e+01 2.074989e+01 1.500149e+02
      vertex   3.758532e+01 1.815896e+01 1.500149e+02
      vertex   3.747608e+01 1.070000e+01 1.500001e+02
    endloop
  endfacet
  facet normal 7.294375e-01 -2.876130e-04 -6.840474e-01
    outer loop
      vertex   3.786061e+01 1.054634e+01 1.501954e+02
      vertex   3.779418e+01 1.060421e+01 1.501245e+02
      vertex   3.779926e+01 1.297710e+01 1.501290e+02
    endloop
  endfacet
  facet normal 5.784259e-01 2.812396e-04 -8.157349e-01
    outer loop
      vertex   3.779926e+01 1.297710e+01 1.501290e+02
      vertex   3.779418e+01 1.060421e+01 1.501245e+02
      vertex   3.770863e+01 1.065437e+01 1.500639e+02
    endloop
  endfacet
  facet normal 5.746645e-01 5.023389e-04 -8.183889e-01
    outer loop
      vertex   3.779926e+01 1.297710e+01 1.501290e+02
      vertex   3.770863e+01 1.065437e+01 1.500639e+02
      vertex   3.769931e+01 1.297710e+01 1.500588e+02
    endloop
  endfacet
  facet normal 4.396209e-01 -2.158712e-04 -8.981834e-01
    outer loop
      vertex   3.769931e+01 1.297710e+01 1.500588e+02
      vertex   3.770863e+01 1.065437e+01 1.500639e+02
      vertex   3.765987e+01 1.067364e+01 1.500400e+02
    endloop
  endfacet
  facet normal 3.591119e-01 1.448254e-03 -9.332934e-01
    outer loop
      vertex   3.769931e+01 1.297710e+01 1.500588e+02
      vertex   3.765987e+01 1.067364e+01 1.500400e+02
      vertex   3.758532e+01 1.297710e+01 1.500149e+02
    endloop
  endfacet
  facet normal 3.413682e-01 8.016508e-04 -9.399293e-01
    outer loop
      vertex   3.758532e+01 1.297710e+01 1.500149e+02
      vertex   3.765987e+01 1.067364e+01 1.500400e+02
      vertex   3.760837e+01 1.068804e+01 1.500213e+02
    endloop
  endfacet
  facet normal 2.368570e-01 -3.393892e-04 -9.715445e-01
    outer loop
      vertex   3.758532e+01 1.297710e+01 1.500149e+02
      vertex   3.760837e+01 1.068804e+01 1.500213e+02
      vertex   3.755520e+01 1.069694e+01 1.500084e+02
    endloop
  endfacet
  facet normal 1.272796e-01 1.166289e-03 -9.918662e-01
    outer loop
      vertex   3.755520e+01 1.069694e+01 1.500084e+02
      vertex   3.750000e+01 1.070000e+01 1.500013e+02
      vertex   3.758532e+01 1.297710e+01 1.500149e+02
    endloop
  endfacet
  facet normal 5.984596e-02 3.730855e-03 -9.982007e-01
    outer loop
      vertex   3.758532e+01 1.297710e+01 1.500149e+02
      vertex   3.750000e+01 1.070000e+01 1.500013e+02
      vertex   3.748805e+01 1.070000e+01 1.500006e+02
    endloop
  endfacet
  facet normal 3.592116e-02 4.760090e-03 -9.993433e-01
    outer loop
      vertex   3.758532e+01 1.297710e+01 1.500149e+02
      vertex   3.748805e+01 1.070000e+01 1.500006e+02
      vertex   3.747608e+01 1.070000e+01 1.500001e+02
    endloop
  endfacet
  facet normal 1.197594e-02 -5.912538e-03 -9.999108e-01
    outer loop
      vertex   3.747608e+01 5.930000e+01 1.500001e+02
      vertex   3.758532e+01 5.702290e+01 1.500149e+02
      vertex   3.746410e+01 5.930000e+01 1.500000e+02
    endloop
  endfacet
  facet normal 1.221332e-01 0.000000e+00 -9.925137e-01
    outer loop
      vertex   3.746410e+01 5.930000e+01 1.500000e+02
      vertex   3.758532e+01 5.702290e+01 1.500149e+02
      vertex   3.758532e+01 5.443197e+01 1.500149e+02
    endloop
  endfacet
  facet normal 1.221332e-01 0.000000e+00 -9.925137e-01
    outer loop
      vertex   3.746410e+01 5.930000e+01 1.500000e+02
      vertex   3.758532e+01 5.443197e+01 1.500149e+02
      vertex   3.758532e+01 5.184104e+01 1.500149e+02
    endloop
  endfacet
  facet normal 3.591123e-01 0.000000e+00 -9.332944e-01
    outer loop
      vertex   3.758532e+01 5.184104e+01 1.500149e+02
      vertex   3.758532e+01 5.443197e+01 1.500149e+02
      vertex   3.769931e+01 5.184104e+01 1.500588e+02
    endloop
  endfacet
  facet normal 3.591123e-01 0.000000e+00 -9.332944e-01
    outer loop
      vertex   3.758532e+01 5.184104e+01 1.500149e+02
      vertex   3.769931e+01 5.184104e+01 1.500588e+02
      vertex   3.769931e+01 4.925011e+01 1.500588e+02
    endloop
  endfacet
  facet normal 5.746646e-01 0.000000e+00 -8.183890e-01
    outer loop
      vertex   3.769931e+01 4.925011e+01 1.500588e+02
      vertex   3.769931e+01 5.184104e+01 1.500588e+02
      vertex   3.779926e+01 4.925011e+01 1.501290e+02
    endloop
  endfacet
  facet normal 5.746646e-01 0.000000e+00 -8.183890e-01
    outer loop
      vertex   3.769931e+01 4.925011e+01 1.500588e+02
      vertex   3.779926e+01 4.925011e+01 1.501290e+02
      vertex   3.779926e+01 4.665918e+01 1.501290e+02
    endloop
  endfacet
  facet normal 7.559289e-01 0.000000e+00 -6.546537e-01
    outer loop
      vertex   3.779926e+01 4.665918e+01 1.501290e+02
      vertex   3.779926e+01 4.925011e+01 1.501290e+02
      vertex   3.787921e+01 4.665918e+01 1.502213e+02
    endloop
  endfacet
  facet normal 7.559289e-01 0.000000e+00 -6.546537e-01
    outer loop
      vertex   3.779926e+01 4.665918e+01 1.501290e+02
      vertex   3.787921e+01 4.665918e+01 1.502213e+02
      vertex   3.787921e+01 4.406825e+01 1.502213e+02
    endloop
  endfacet
  facet normal 8.920900e-01 0.000000e+00 -4.518577e-01
    outer loop
      vertex   3.787921e+01 4.406825e+01 1.502213e+02
      vertex   3.787921e+01 4.665918e+01 1.502213e+02
      vertex   3.793440e+01 4.406825e+01 1.503302e+02
    endloop
  endfacet
  facet normal 8.920900e-01 0.000000e+00 -4.518577e-01
    outer loop
      vertex   3.787921e+01 4.406825e+01 1.502213e+02
      vertex   3.793440e+01 4.406825e+01 1.503302e+02
      vertex   3.793440e+01 4.147732e+01 1.503302e+02
    endloop
  endfacet
  facet normal 9.750236e-01 0.000000e+00 -2.221012e-01
    outer loop
      vertex   3.793440e+01 4.147732e+01 1.503302e+02
      vertex   3.793440e+01 4.406825e+01 1.503302e+02
      vertex   3.796153e+01 4.147732e+01 1.504493e+02
    endloop
  endfacet
  facet normal 9.750236e-01 0.000000e+00 -2.221012e-01
    outer loop
      vertex   3.793440e+01 4.147732e+01 1.503302e+02
      vertex   3.796153e+01 4.147732e+01 1.504493e+02
      vertex   3.796153e+01 3.888639e+01 1.504493e+02
    endloop
  endfacet
  facet normal 3.592116e-02 -4.760090e-03 -9.993433e-01
    outer loop
      vertex   3.747608e+01 5.930000e+01 1.500001e+02
      vertex   3.748805e+01 5.930000e+01 1.500006e+02
      vertex   3.758532e+01 5.702290e+01 1.500149e+02
    endloop
  endfacet
  facet normal 3.591123e-01 0.000000e+00 -9.332944e-01
    outer loop
      vertex   3.769931e+01 5.184104e+01 1.500588e+02
      vertex   3.758532e+01 5.443197e+01 1.500149e+02
      vertex   3.769931e+01 5.443197e+01 1.500588e+02
    endloop
  endfacet
  facet normal 3.591123e-01 0.000000e+00 -9.332944e-01
    outer loop
      vertex   3.769931e+01 5.443197e+01 1.500588e+02
      vertex   3.758532e+01 5.443197e+01 1.500149e+02
      vertex   3.758532e+01 5.702290e+01 1.500149e+02
    endloop
  endfacet
  facet normal 1.221332e-01 0.000000e+00 -9.925137e-01
    outer loop
      vertex   3.758532e+01 5.184104e+01 1.500149e+02
      vertex   3.758532e+01 4.925011e+01 1.500149e+02
      vertex   3.746410e+01 5.930000e+01 1.500000e+02
    endloop
  endfacet
  facet normal 1.221332e-01 0.000000e+00 -9.925137e-01
    outer loop
      vertex   3.746410e+01 5.930000e+01 1.500000e+02
      vertex   3.758532e+01 4.925011e+01 1.500149e+02
      vertex   3.758532e+01 4.665918e+01 1.500149e+02
    endloop
  endfacet
  facet normal 1.221332e-01 0.000000e+00 -9.925137e-01
    outer loop
      vertex   3.746410e+01 5.930000e+01 1.500000e+02
      vertex   3.758532e+01 4.665918e+01 1.500149e+02
      vertex   3.758532e+01 4.406825e+01 1.500149e+02
    endloop
  endfacet
  facet normal 3.591123e-01 0.000000e+00 -9.332944e-01
    outer loop
      vertex   3.758532e+01 4.406825e+01 1.500149e+02
      vertex   3.758532e+01 4.665918e+01 1.500149e+02
      vertex   3.769931e+01 4.406825e+01 1.500588e+02
    endloop
  endfacet
  facet normal 3.591123e-01 0.000000e+00 -9.332944e-01
    outer loop
      vertex   3.758532e+01 4.406825e+01 1.500149e+02
      vertex   3.769931e+01 4.406825e+01 1.500588e+02
      vertex   3.769931e+01 4.147732e+01 1.500588e+02
    endloop
  endfacet
  facet normal 5.746646e-01 0.000000e+00 -8.183890e-01
    outer loop
      vertex   3.769931e+01 4.147732e+01 1.500588e+02
      vertex   3.769931e+01 4.406825e+01 1.500588e+02
      vertex   3.779926e+01 4.147732e+01 1.501290e+02
    endloop
  endfacet
  facet normal 5.746646e-01 0.000000e+00 -8.183890e-01
    outer loop
      vertex   3.769931e+01 4.147732e+01 1.500588e+02
      vertex   3.779926e+01 4.147732e+01 1.501290e+02
      vertex   3.779926e+01 3.888639e+01 1.501290e+02
    endloop
  endfacet
  facet normal 7.559289e-01 0.000000e+00 -6.546537e-01
    outer loop
      vertex   3.779926e+01 3.888639e+01 1.501290e+02
      vertex   3.779926e+01 4.147732e+01 1.501290e+02
      vertex   3.787921e+01 3.888639e+01 1.502213e+02
    endloop
  endfacet
  facet normal 7.559289e-01 0.000000e+00 -6.546537e-01
    outer loop
      vertex   3.779926e+01 3.888639e+01 1.501290e+02
      vertex   3.787921e+01 3.888639e+01 1.502213e+02
      vertex   3.787921e+01 3.629546e+01 1.502213e+02
    endloop
  endfacet
  facet normal 8.920900e-01 0.000000e+00 -4.518577e-01
    outer loop
      vertex   3.787921e+01 3.629546e+01 1.502213e+02
      vertex   3.787921e+01 3.888639e+01 1.502213e+02
      vertex   3.793440e+01 3.629546e+01 1.503302e+02
    endloop
  endfacet
  facet normal 3.591123e-01 0.000000e+00 -9.332944e-01
    outer loop
      vertex   3.758532e+01 5.184104e+01 1.500149e+02
      vertex   3.769931e+01 4.925011e+01 1.500588e+02
      vertex   3.758532e+01 4.925011e+01 1.500149e+02
    endloop
  endfacet
  facet normal 3.591123e-01 0.000000e+00 -9.332944e-01
    outer loop
      vertex   3.758532e+01 4.925011e+01 1.500149e+02
      vertex   3.769931e+01 4.925011e+01 1.500588e+02
      vertex   3.769931e+01 4.665918e+01 1.500588e+02
    endloop
  endfacet
  facet normal 3.591123e-01 0.000000e+00 -9.332944e-01
    outer loop
      vertex   3.758532e+01 4.925011e+01 1.500149e+02
      vertex   3.769931e+01 4.665918e+01 1.500588e+02
      vertex   3.758532e+01 4.665918e+01 1.500149e+02
    endloop
  endfacet
  facet normal 3.591123e-01 0.000000e+00 -9.332944e-01
    outer loop
      vertex   3.758532e+01 4.665918e+01 1.500149e+02
      vertex   3.769931e+01 4.665918e+01 1.500588e+02
      vertex   3.769931e+01 4.406825e+01 1.500588e+02
    endloop
  endfacet
  facet normal 1.221332e-01 0.000000e+00 -9.925137e-01
    outer loop
      vertex   3.758532e+01 4.406825e+01 1.500149e+02
      vertex   3.758532e+01 4.147732e+01 1.500149e+02
      vertex   3.746410e+01 5.930000e+01 1.500000e+02
    endloop
  endfacet
  facet normal 1.221332e-01 0.000000e+00 -9.925137e-01
    outer loop
      vertex   3.746410e+01 5.930000e+01 1.500000e+02
      vertex   3.758532e+01 4.147732e+01 1.500149e+02
      vertex   3.758532e+01 3.888639e+01 1.500149e+02
    endloop
  endfacet
  facet normal 1.221332e-01 0.000000e+00 -9.925137e-01
    outer loop
      vertex   3.746410e+01 5.930000e+01 1.500000e+02
      vertex   3.758532e+01 3.888639e+01 1.500149e+02
      vertex   3.758532e+01 3.629546e+01 1.500149e+02
    endloop
  endfacet
  facet normal 3.591123e-01 0.000000e+00 -9.332944e-01
    outer loop
      vertex   3.758532e+01 3.629546e+01 1.500149e+02
      vertex   3.758532e+01 3.888639e+01 1.500149e+02
      vertex   3.769931e+01 3.629546e+01 1.500588e+02
    endloop
  endfacet
  facet normal 3.591123e-01 0.000000e+00 -9.332944e-01
    outer loop
      vertex   3.758532e+01 4.406825e+01 1.500149e+02
      vertex   3.769931e+01 4.147732e+01 1.500588e+02
      vertex   3.758532e+01 4.147732e+01 1.500149e+02
    endloop
  endfacet
  facet normal 3.591123e-01 0.000000e+00 -9.332944e-01
    outer loop
      vertex   3.758532e+01 4.147732e+01 1.500149e+02
      vertex   3.769931e+01 4.147732e+01 1.500588e+02
      vertex   3.769931e+01 3.888639e+01 1.500588e+02
    endloop
  endfacet
  facet normal 3.591123e-01 0.000000e+00 -9.332944e-01
    outer loop
      vertex   3.758532e+01 4.147732e+01 1.500149e+02
      vertex   3.769931e+01 3.888639e+01 1.500588e+02
      vertex   3.758532e+01 3.888639e+01 1.500149e+02
    endloop
  endfacet
  facet normal 3.591123e-01 0.000000e+00 -9.332944e-01
    outer loop
      vertex   3.758532e+01 3.888639e+01 1.500149e+02
      vertex   3.769931e+01 3.888639e+01 1.500588e+02
      vertex   3.769931e+01 3.629546e+01 1.500588e+02
    endloop
  endfacet
  facet normal 3.591123e-01 0.000000e+00 -9.332944e-01
    outer loop
      vertex   3.758532e+01 3.111361e+01 1.500149e+02
      vertex   3.758532e+01 3.370454e+01 1.500149e+02
      vertex   3.769931e+01 3.111361e+01 1.500588e+02
    endloop
  endfacet
  facet normal 3.591123e-01 0.000000e+00 -9.332944e-01
    outer loop
      vertex   3.769931e+01 3.111361e+01 1.500588e+02
      vertex   3.758532e+01 3.370454e+01 1.500149e+02
      vertex   3.769931e+01 3.370454e+01 1.500588e+02
    endloop
  endfacet
  facet normal 5.746646e-01 0.000000e+00 -8.183890e-01
    outer loop
      vertex   3.769931e+01 3.111361e+01 1.500588e+02
      vertex   3.769931e+01 3.370454e+01 1.500588e+02
      vertex   3.779926e+01 3.111361e+01 1.501290e+02
    endloop
  endfacet
  facet normal 5.746646e-01 0.000000e+00 -8.183890e-01
    outer loop
      vertex   3.779926e+01 3.111361e+01 1.501290e+02
      vertex   3.769931e+01 3.370454e+01 1.500588e+02
      vertex   3.779926e+01 3.370454e+01 1.501290e+02
    endloop
  endfacet
  facet normal 7.559289e-01 0.000000e+00 -6.546537e-01
    outer loop
      vertex   3.779926e+01 3.111361e+01 1.501290e+02
      vertex   3.779926e+01 3.370454e+01 1.501290e+02
      vertex   3.787921e+01 3.111361e+01 1.502213e+02
    endloop
  endfacet
  facet normal 7.559289e-01 0.000000e+00 -6.546537e-01
    outer loop
      vertex   3.787921e+01 3.111361e+01 1.502213e+02
      vertex   3.779926e+01 3.370454e+01 1.501290e+02
      vertex   3.787921e+01 3.370454e+01 1.502213e+02
    endloop
  endfacet
  facet normal 8.920900e-01 0.000000e+00 -4.518577e-01
    outer loop
      vertex   3.787921e+01 3.111361e+01 1.502213e+02
      vertex   3.787921e+01 3.370454e+01 1.502213e+02
      vertex   3.793440e+01 3.111361e+01 1.503302e+02
    endloop
  endfacet
  facet normal 8.920900e-01 0.000000e+00 -4.518577e-01
    outer loop
      vertex   3.793440e+01 3.111361e+01 1.503302e+02
      vertex   3.787921e+01 3.370454e+01 1.502213e+02
      vertex   3.793440e+01 3.370454e+01 1.503302e+02
    endloop
  endfacet
  facet normal 9.750236e-01 0.000000e+00 -2.221012e-01
    outer loop
      vertex   3.793440e+01 3.111361e+01 1.503302e+02
      vertex   3.793440e+01 3.370454e+01 1.503302e+02
      vertex   3.796153e+01 3.111361e+01 1.504493e+02
    endloop
  endfacet
  facet normal 9.750236e-01 0.000000e+00 -2.221012e-01
    outer loop
      vertex   3.796153e+01 3.111361e+01 1.504493e+02
      vertex   3.793440e+01 3.370454e+01 1.503302e+02
      vertex   3.796153e+01 3.370454e+01 1.504493e+02
    endloop
  endfacet
  facet normal 9.997814e-01 -0.000000e+00 2.090720e-02
    outer loop
      vertex   3.796153e+01 3.111361e+01 1.504493e+02
      vertex   3.796153e+01 3.370454e+01 1.504493e+02
      vertex   3.795897e+01 1.039835e+01 1.505714e+02
    endloop
  endfacet
  facet normal 3.591123e-01 0.000000e+00 -9.332944e-01
    outer loop
      vertex   3.769931e+01 2.334082e+01 1.500588e+02
      vertex   3.758532e+01 2.593175e+01 1.500149e+02
      vertex   3.769931e+01 2.593175e+01 1.500588e+02
    endloop
  endfacet
  facet normal 3.591123e-01 0.000000e+00 -9.332944e-01
    outer loop
      vertex   3.769931e+01 2.593175e+01 1.500588e+02
      vertex   3.758532e+01 2.593175e+01 1.500149e+02
      vertex   3.758532e+01 2.852268e+01 1.500149e+02
    endloop
  endfacet
  facet normal 1.340109e-01 0.000000e+00 -9.909799e-01
    outer loop
      vertex   3.758532e+01 1.297710e+01 1.500149e+02
      vertex   3.747608e+01 1.070000e+01 1.500001e+02
      vertex   3.758532e+01 1.556803e+01 1.500149e+02
    endloop
  endfacet
  facet normal 1.340109e-01 0.000000e+00 -9.909799e-01
    outer loop
      vertex   3.758532e+01 1.556803e+01 1.500149e+02
      vertex   3.747608e+01 1.070000e+01 1.500001e+02
      vertex   3.758532e+01 1.815896e+01 1.500149e+02
    endloop
  endfacet
  facet normal 3.591123e-01 0.000000e+00 -9.332944e-01
    outer loop
      vertex   3.758532e+01 1.556803e+01 1.500149e+02
      vertex   3.758532e+01 1.815896e+01 1.500149e+02
      vertex   3.769931e+01 1.556803e+01 1.500588e+02
    endloop
  endfacet
  facet normal 3.591123e-01 0.000000e+00 -9.332944e-01
    outer loop
      vertex   3.769931e+01 1.297710e+01 1.500588e+02
      vertex   3.758532e+01 1.297710e+01 1.500149e+02
      vertex   3.758532e+01 1.556803e+01 1.500149e+02
    endloop
  endfacet
  facet normal 3.591123e-01 0.000000e+00 -9.332944e-01
    outer loop
      vertex   3.769931e+01 1.297710e+01 1.500588e+02
      vertex   3.758532e+01 1.556803e+01 1.500149e+02
      vertex   3.769931e+01 1.556803e+01 1.500588e+02
    endloop
  endfacet
  facet normal 5.746646e-01 0.000000e+00 -8.183890e-01
    outer loop
      vertex   3.779926e+01 4.925011e+01 1.501290e+02
      vertex   3.769931e+01 5.184104e+01 1.500588e+02
      vertex   3.779926e+01 5.184104e+01 1.501290e+02
    endloop
  endfacet
  facet normal 5.746646e-01 0.000000e+00 -8.183890e-01
    outer loop
      vertex   3.779926e+01 5.184104e+01 1.501290e+02
      vertex   3.769931e+01 5.184104e+01 1.500588e+02
      vertex   3.769931e+01 5.443197e+01 1.500588e+02
    endloop
  endfacet
  facet normal 5.746646e-01 0.000000e+00 -8.183890e-01
    outer loop
      vertex   3.769931e+01 4.925011e+01 1.500588e+02
      vertex   3.779926e+01 4.665918e+01 1.501290e+02
      vertex   3.769931e+01 4.665918e+01 1.500588e+02
    endloop
  endfacet
  facet normal 5.746646e-01 0.000000e+00 -8.183890e-01
    outer loop
      vertex   3.769931e+01 4.665918e+01 1.500588e+02
      vertex   3.779926e+01 4.665918e+01 1.501290e+02
      vertex   3.779926e+01 4.406825e+01 1.501290e+02
    endloop
  endfacet
  facet normal 5.746646e-01 0.000000e+00 -8.183890e-01
    outer loop
      vertex   3.769931e+01 4.665918e+01 1.500588e+02
      vertex   3.779926e+01 4.406825e+01 1.501290e+02
      vertex   3.769931e+01 4.406825e+01 1.500588e+02
    endloop
  endfacet
  facet normal 5.746646e-01 0.000000e+00 -8.183890e-01
    outer loop
      vertex   3.769931e+01 4.406825e+01 1.500588e+02
      vertex   3.779926e+01 4.406825e+01 1.501290e+02
      vertex   3.779926e+01 4.147732e+01 1.501290e+02
    endloop
  endfacet
  facet normal 5.746646e-01 0.000000e+00 -8.183890e-01
    outer loop
      vertex   3.779926e+01 3.629546e+01 1.501290e+02
      vertex   3.769931e+01 3.629546e+01 1.500588e+02
      vertex   3.769931e+01 3.888639e+01 1.500588e+02
    endloop
  endfacet
  facet normal 5.746646e-01 0.000000e+00 -8.183890e-01
    outer loop
      vertex   3.779926e+01 3.629546e+01 1.501290e+02
      vertex   3.769931e+01 3.888639e+01 1.500588e+02
      vertex   3.779926e+01 3.888639e+01 1.501290e+02
    endloop
  endfacet
  facet normal 5.746646e-01 0.000000e+00 -8.183890e-01
    outer loop
      vertex   3.779926e+01 3.888639e+01 1.501290e+02
      vertex   3.769931e+01 3.888639e+01 1.500588e+02
      vertex   3.769931e+01 4.147732e+01 1.500588e+02
    endloop
  endfacet
  facet normal 3.591123e-01 0.000000e+00 -9.332944e-01
    outer loop
      vertex   3.758532e+01 3.111361e+01 1.500149e+02
      vertex   3.769931e+01 3.111361e+01 1.500588e+02
      vertex   3.769931e+01 2.852268e+01 1.500588e+02
    endloop
  endfacet
  facet normal 5.746646e-01 0.000000e+00 -8.183890e-01
    outer loop
      vertex   3.769931e+01 2.852268e+01 1.500588e+02
      vertex   3.769931e+01 3.111361e+01 1.500588e+02
      vertex   3.779926e+01 2.852268e+01 1.501290e+02
    endloop
  endfacet
  facet normal 5.746646e-01 0.000000e+00 -8.183890e-01
    outer loop
      vertex   3.769931e+01 2.852268e+01 1.500588e+02
      vertex   3.779926e+01 2.852268e+01 1.501290e+02
      vertex   3.779926e+01 2.593175e+01 1.501290e+02
    endloop
  endfacet
  facet normal 7.559289e-01 0.000000e+00 -6.546537e-01
    outer loop
      vertex   3.779926e+01 2.593175e+01 1.501290e+02
      vertex   3.779926e+01 2.852268e+01 1.501290e+02
      vertex   3.787921e+01 2.593175e+01 1.502213e+02
    endloop
  endfacet
  facet normal 7.559289e-01 0.000000e+00 -6.546537e-01
    outer loop
      vertex   3.779926e+01 2.593175e+01 1.501290e+02
      vertex   3.787921e+01 2.593175e+01 1.502213e+02
      vertex   3.787921e+01 2.334082e+01 1.502213e+02
    endloop
  endfacet
  facet normal 8.920900e-01 0.000000e+00 -4.518577e-01
    outer loop
      vertex   3.787921e+01 2.334082e+01 1.502213e+02
      vertex   3.787921e+01 2.593175e+01 1.502213e+02
      vertex   3.793440e+01 2.334082e+01 1.503302e+02
    endloop
  endfacet
  facet normal 8.920900e-01 0.000000e+00 -4.518577e-01
    outer loop
      vertex   3.787921e+01 2.334082e+01 1.502213e+02
      vertex   3.793440e+01 2.334082e+01 1.503302e+02
      vertex   3.793440e+01 2.074989e+01 1.503302e+02
    endloop
  endfacet
  facet normal 9.750236e-01 0.000000e+00 -2.221012e-01
    outer loop
      vertex   3.793440e+01 2.074989e+01 1.503302e+02
      vertex   3.793440e+01 2.334082e+01 1.503302e+02
      vertex   3.796153e+01 2.074989e+01 1.504493e+02
    endloop
  endfacet
  facet normal 9.750236e-01 0.000000e+00 -2.221012e-01
    outer loop
      vertex   3.793440e+01 2.074989e+01 1.503302e+02
      vertex   3.796153e+01 2.074989e+01 1.504493e+02
      vertex   3.796153e+01 1.815896e+01 1.504493e+02
    endloop
  endfacet
  facet normal 9.997814e-01 -0.000000e+00 2.090720e-02
    outer loop
      vertex   3.796153e+01 1.815896e+01 1.504493e+02
      vertex   3.796153e+01 2.074989e+01 1.504493e+02
      vertex   3.795897e+01 1.039835e+01 1.505714e+02
    endloop
  endfacet
  facet normal 5.746646e-01 0.000000e+00 -8.183890e-01
    outer loop
      vertex   3.779926e+01 2.852268e+01 1.501290e+02
      vertex   3.769931e+01 3.111361e+01 1.500588e+02
      vertex   3.779926e+01 3.111361e+01 1.501290e+02
    endloop
  endfacet
  facet normal 5.746646e-01 0.000000e+00 -8.183890e-01
    outer loop
      vertex   3.779926e+01 2.074989e+01 1.501290e+02
      vertex   3.769931e+01 2.334082e+01 1.500588e+02
      vertex   3.779926e+01 2.334082e+01 1.501290e+02
    endloop
  endfacet
  facet normal 5.746646e-01 0.000000e+00 -8.183890e-01
    outer loop
      vertex   3.779926e+01 2.334082e+01 1.501290e+02
      vertex   3.769931e+01 2.334082e+01 1.500588e+02
      vertex   3.769931e+01 2.593175e+01 1.500588e+02
    endloop
  endfacet
  facet normal 5.746646e-01 0.000000e+00 -8.183890e-01
    outer loop
      vertex   3.779926e+01 1.297710e+01 1.501290e+02
      vertex   3.769931e+01 1.297710e+01 1.500588e+02
      vertex   3.769931e+01 1.556803e+01 1.500588e+02
    endloop
  endfacet
  facet normal 7.559289e-01 0.000000e+00 -6.546537e-01
    outer loop
      vertex   3.787921e+01 4.665918e+01 1.502213e+02
      vertex   3.779926e+01 4.925011e+01 1.501290e+02
      vertex   3.787921e+01 4.925011e+01 1.502213e+02
    endloop
  endfacet
  facet normal 7.559289e-01 0.000000e+00 -6.546537e-01
    outer loop
      vertex   3.787921e+01 4.925011e+01 1.502213e+02
      vertex   3.779926e+01 4.925011e+01 1.501290e+02
      vertex   3.779926e+01 5.184104e+01 1.501290e+02
    endloop
  endfacet
  facet normal 7.559289e-01 0.000000e+00 -6.546537e-01
    outer loop
      vertex   3.779926e+01 4.665918e+01 1.501290e+02
      vertex   3.787921e+01 4.406825e+01 1.502213e+02
      vertex   3.779926e+01 4.406825e+01 1.501290e+02
    endloop
  endfacet
  facet normal 7.559289e-01 0.000000e+00 -6.546537e-01
    outer loop
      vertex   3.779926e+01 4.406825e+01 1.501290e+02
      vertex   3.787921e+01 4.406825e+01 1.502213e+02
      vertex   3.787921e+01 4.147732e+01 1.502213e+02
    endloop
  endfacet
  facet normal 7.559289e-01 0.000000e+00 -6.546537e-01
    outer loop
      vertex   3.779926e+01 4.406825e+01 1.501290e+02
      vertex   3.787921e+01 4.147732e+01 1.502213e+02
      vertex   3.779926e+01 4.147732e+01 1.501290e+02
    endloop
  endfacet
  facet normal 7.559289e-01 0.000000e+00 -6.546537e-01
    outer loop
      vertex   3.779926e+01 4.147732e+01 1.501290e+02
      vertex   3.787921e+01 4.147732e+01 1.502213e+02
      vertex   3.787921e+01 3.888639e+01 1.502213e+02
    endloop
  endfacet
  facet normal 7.559289e-01 0.000000e+00 -6.546537e-01
    outer loop
      vertex   3.787921e+01 3.629546e+01 1.502213e+02
      vertex   3.779926e+01 3.629546e+01 1.501290e+02
      vertex   3.779926e+01 3.888639e+01 1.501290e+02
    endloop
  endfacet
  facet normal 7.559289e-01 0.000000e+00 -6.546537e-01
    outer loop
      vertex   3.779926e+01 2.852268e+01 1.501290e+02
      vertex   3.779926e+01 3.111361e+01 1.501290e+02
      vertex   3.787921e+01 2.852268e+01 1.502213e+02
    endloop
  endfacet
  facet normal 7.559289e-01 0.000000e+00 -6.546537e-01
    outer loop
      vertex   3.787921e+01 2.852268e+01 1.502213e+02
      vertex   3.779926e+01 3.111361e+01 1.501290e+02
      vertex   3.787921e+01 3.111361e+01 1.502213e+02
    endloop
  endfacet
  facet normal 8.920900e-01 0.000000e+00 -4.518577e-01
    outer loop
      vertex   3.787921e+01 2.852268e+01 1.502213e+02
      vertex   3.787921e+01 3.111361e+01 1.502213e+02
      vertex   3.793440e+01 2.852268e+01 1.503302e+02
    endloop
  endfacet
  facet normal 8.920900e-01 0.000000e+00 -4.518577e-01
    outer loop
      vertex   3.793440e+01 2.852268e+01 1.503302e+02
      vertex   3.787921e+01 3.111361e+01 1.502213e+02
      vertex   3.793440e+01 3.111361e+01 1.503302e+02
    endloop
  endfacet
  facet normal 9.750236e-01 0.000000e+00 -2.221012e-01
    outer loop
      vertex   3.793440e+01 2.852268e+01 1.503302e+02
      vertex   3.793440e+01 3.111361e+01 1.503302e+02
      vertex   3.796153e+01 2.852268e+01 1.504493e+02
    endloop
  endfacet
  facet normal 9.750236e-01 0.000000e+00 -2.221012e-01
    outer loop
      vertex   3.796153e+01 2.852268e+01 1.504493e+02
      vertex   3.793440e+01 3.111361e+01 1.503302e+02
      vertex   3.796153e+01 3.111361e+01 1.504493e+02
    endloop
  endfacet
  facet normal 9.997814e-01 -0.000000e+00 2.090720e-02
    outer loop
      vertex   3.796153e+01 2.852268e+01 1.504493e+02
      vertex   3.796153e+01 3.111361e+01 1.504493e+02
      vertex   3.795897e+01 1.039835e+01 1.505714e+02
    endloop
  endfacet
  facet normal 7.559289e-01 0.000000e+00 -6.546537e-01
    outer loop
      vertex   3.787921e+01 1.815896e+01 1.502213e+02
      vertex   3.779926e+01 2.074989e+01 1.501290e+02
      vertex   3.787921e+01 2.074989e+01 1.502213e+02
    endloop
  endfacet
  facet normal 7.559289e-01 0.000000e+00 -6.546537e-01
    outer loop
      vertex   3.787921e+01 2.074989e+01 1.502213e+02
      vertex   3.779926e+01 2.074989e+01 1.501290e+02
      vertex   3.779926e+01 2.334082e+01 1.501290e+02
    endloop
  endfacet
  facet normal 8.920900e-01 0.000000e+00 -4.518577e-01
    outer loop
      vertex   3.793440e+01 5.184104e+01 1.503302e+02
      vertex   3.787921e+01 5.443197e+01 1.502213e+02
      vertex   3.793440e+01 5.443197e+01 1.503302e+02
    endloop
  endfacet
  facet normal 8.920900e-01 0.000000e+00 -4.518577e-01
    outer loop
      vertex   3.793440e+01 4.406825e+01 1.503302e+02
      vertex   3.787921e+01 4.665918e+01 1.502213e+02
      vertex   3.793440e+01 4.665918e+01 1.503302e+02
    endloop
  endfacet
  facet normal 8.920900e-01 0.000000e+00 -4.518577e-01
    outer loop
      vertex   3.793440e+01 4.665918e+01 1.503302e+02
      vertex   3.787921e+01 4.665918e+01 1.502213e+02
      vertex   3.787921e+01 4.925011e+01 1.502213e+02
    endloop
  endfacet
  facet normal 8.920900e-01 0.000000e+00 -4.518577e-01
    outer loop
      vertex   3.787921e+01 4.406825e+01 1.502213e+02
      vertex   3.793440e+01 4.147732e+01 1.503302e+02
      vertex   3.787921e+01 4.147732e+01 1.502213e+02
    endloop
  endfacet
  facet normal 8.920900e-01 0.000000e+00 -4.518577e-01
    outer loop
      vertex   3.787921e+01 4.147732e+01 1.502213e+02
      vertex   3.793440e+01 4.147732e+01 1.503302e+02
      vertex   3.793440e+01 3.888639e+01 1.503302e+02
    endloop
  endfacet
  facet normal 8.920900e-01 0.000000e+00 -4.518577e-01
    outer loop
      vertex   3.787921e+01 4.147732e+01 1.502213e+02
      vertex   3.793440e+01 3.888639e+01 1.503302e+02
      vertex   3.787921e+01 3.888639e+01 1.502213e+02
    endloop
  endfacet
  facet normal 8.920900e-01 0.000000e+00 -4.518577e-01
    outer loop
      vertex   3.787921e+01 3.888639e+01 1.502213e+02
      vertex   3.793440e+01 3.888639e+01 1.503302e+02
      vertex   3.793440e+01 3.629546e+01 1.503302e+02
    endloop
  endfacet
  facet normal 7.559289e-01 0.000000e+00 -6.546537e-01
    outer loop
      vertex   3.779926e+01 2.852268e+01 1.501290e+02
      vertex   3.787921e+01 2.852268e+01 1.502213e+02
      vertex   3.787921e+01 2.593175e+01 1.502213e+02
    endloop
  endfacet
  facet normal 8.920900e-01 0.000000e+00 -4.518577e-01
    outer loop
      vertex   3.787921e+01 2.593175e+01 1.502213e+02
      vertex   3.787921e+01 2.852268e+01 1.502213e+02
      vertex   3.793440e+01 2.593175e+01 1.503302e+02
    endloop
  endfacet
  facet normal 8.920900e-01 0.000000e+00 -4.518577e-01
    outer loop
      vertex   3.787921e+01 2.593175e+01 1.502213e+02
      vertex   3.793440e+01 2.593175e+01 1.503302e+02
      vertex   3.793440e+01 2.334082e+01 1.503302e+02
    endloop
  endfacet
  facet normal 9.750236e-01 0.000000e+00 -2.221012e-01
    outer loop
      vertex   3.793440e+01 2.334082e+01 1.503302e+02
      vertex   3.793440e+01 2.593175e+01 1.503302e+02
      vertex   3.796153e+01 2.334082e+01 1.504493e+02
    endloop
  endfacet
  facet normal 9.750236e-01 0.000000e+00 -2.221012e-01
    outer loop
      vertex   3.793440e+01 2.334082e+01 1.503302e+02
      vertex   3.796153e+01 2.334082e+01 1.504493e+02
      vertex   3.796153e+01 2.074989e+01 1.504493e+02
    endloop
  endfacet
  facet normal 9.997814e-01 -0.000000e+00 2.090720e-02
    outer loop
      vertex   3.796153e+01 2.074989e+01 1.504493e+02
      vertex   3.796153e+01 2.334082e+01 1.504493e+02
      vertex   3.795897e+01 1.039835e+01 1.505714e+02
    endloop
  endfacet
  facet normal 8.920900e-01 0.000000e+00 -4.518577e-01
    outer loop
      vertex   3.793440e+01 2.593175e+01 1.503302e+02
      vertex   3.787921e+01 2.852268e+01 1.502213e+02
      vertex   3.793440e+01 2.852268e+01 1.503302e+02
    endloop
  endfacet
  facet normal 8.920900e-01 0.000000e+00 -4.518577e-01
    outer loop
      vertex   3.793440e+01 1.556803e+01 1.503302e+02
      vertex   3.787921e+01 1.815896e+01 1.502213e+02
      vertex   3.793440e+01 1.815896e+01 1.503302e+02
    endloop
  endfacet
  facet normal 8.920900e-01 0.000000e+00 -4.518577e-01
    outer loop
      vertex   3.793440e+01 1.815896e+01 1.503302e+02
      vertex   3.787921e+01 1.815896e+01 1.502213e+02
      vertex   3.787921e+01 2.074989e+01 1.502213e+02
    endloop
  endfacet
  facet normal 9.750236e-01 0.000000e+00 -2.221012e-01
    outer loop
      vertex   3.793440e+01 5.184104e+01 1.503302e+02
      vertex   3.793440e+01 5.443197e+01 1.503302e+02
      vertex   3.796153e+01 5.184104e+01 1.504493e+02
    endloop
  endfacet
  facet normal 9.750236e-01 0.000000e+00 -2.221012e-01
    outer loop
      vertex   3.796153e+01 5.184104e+01 1.504493e+02
      vertex   3.793440e+01 5.443197e+01 1.503302e+02
      vertex   3.796153e+01 5.443197e+01 1.504493e+02
    endloop
  endfacet
  facet normal 9.983032e-01 0.000000e+00 -5.823050e-02
    outer loop
      vertex   3.796153e+01 5.184104e+01 1.504493e+02
      vertex   3.796153e+01 5.443197e+01 1.504493e+02
      vertex   3.796405e+01 5.961382e+01 1.504925e+02
    endloop
  endfacet
  facet normal 9.750236e-01 0.000000e+00 -2.221012e-01
    outer loop
      vertex   3.796153e+01 4.147732e+01 1.504493e+02
      vertex   3.793440e+01 4.406825e+01 1.503302e+02
      vertex   3.796153e+01 4.406825e+01 1.504493e+02
    endloop
  endfacet
  facet normal 9.750236e-01 0.000000e+00 -2.221012e-01
    outer loop
      vertex   3.796153e+01 4.406825e+01 1.504493e+02
      vertex   3.793440e+01 4.406825e+01 1.503302e+02
      vertex   3.793440e+01 4.665918e+01 1.503302e+02
    endloop
  endfacet
  facet normal 9.750236e-01 0.000000e+00 -2.221012e-01
    outer loop
      vertex   3.796153e+01 3.629546e+01 1.504493e+02
      vertex   3.793440e+01 3.629546e+01 1.503302e+02
      vertex   3.793440e+01 3.888639e+01 1.503302e+02
    endloop
  endfacet
  facet normal 9.750236e-01 0.000000e+00 -2.221012e-01
    outer loop
      vertex   3.796153e+01 3.629546e+01 1.504493e+02
      vertex   3.793440e+01 3.888639e+01 1.503302e+02
      vertex   3.796153e+01 3.888639e+01 1.504493e+02
    endloop
  endfacet
  facet normal 9.750236e-01 0.000000e+00 -2.221012e-01
    outer loop
      vertex   3.796153e+01 3.888639e+01 1.504493e+02
      vertex   3.793440e+01 3.888639e+01 1.503302e+02
      vertex   3.793440e+01 4.147732e+01 1.503302e+02
    endloop
  endfacet
  facet normal 9.750236e-01 0.000000e+00 -2.221012e-01
    outer loop
      vertex   3.793440e+01 2.593175e+01 1.503302e+02
      vertex   3.793440e+01 2.852268e+01 1.503302e+02
      vertex   3.796153e+01 2.593175e+01 1.504493e+02
    endloop
  endfacet
  facet normal 9.750236e-01 0.000000e+00 -2.221012e-01
    outer loop
      vertex   3.796153e+01 2.593175e+01 1.504493e+02
      vertex   3.793440e+01 2.852268e+01 1.503302e+02
      vertex   3.796153e+01 2.852268e+01 1.504493e+02
    endloop
  endfacet
  facet normal 9.997814e-01 -0.000000e+00 2.090720e-02
    outer loop
      vertex   3.796153e+01 2.593175e+01 1.504493e+02
      vertex   3.796153e+01 2.852268e+01 1.504493e+02
      vertex   3.795897e+01 1.039835e+01 1.505714e+02
    endloop
  endfacet
  facet normal 9.750236e-01 0.000000e+00 -2.221012e-01
    outer loop
      vertex   3.796153e+01 1.297710e+01 1.504493e+02
      vertex   3.793440e+01 1.556803e+01 1.503302e+02
      vertex   3.796153e+01 1.556803e+01 1.504493e+02
    endloop
  endfacet
  facet normal 9.750236e-01 0.000000e+00 -2.221012e-01
    outer loop
      vertex   3.796153e+01 1.556803e+01 1.504493e+02
      vertex   3.793440e+01 1.556803e+01 1.503302e+02
      vertex   3.793440e+01 1.815896e+01 1.503302e+02
    endloop
  endfacet
  facet normal 9.983032e-01 0.000000e+00 -5.823050e-02
    outer loop
      vertex   3.796405e+01 5.961382e+01 1.504925e+02
      vertex   3.796153e+01 4.925011e+01 1.504493e+02
      vertex   3.796153e+01 5.184104e+01 1.504493e+02
    endloop
  endfacet
  facet normal 9.750236e-01 0.000000e+00 -2.221012e-01
    outer loop
      vertex   3.796153e+01 5.184104e+01 1.504493e+02
      vertex   3.796153e+01 4.925011e+01 1.504493e+02
      vertex   3.793440e+01 5.184104e+01 1.503302e+02
    endloop
  endfacet
  facet normal 9.997814e-01 0.000000e+00 2.090720e-02
    outer loop
      vertex   3.795897e+01 1.039835e+01 1.505714e+02
      vertex   3.796153e+01 2.334082e+01 1.504493e+02
      vertex   3.796153e+01 2.593175e+01 1.504493e+02
    endloop
  endfacet
  facet normal 9.750236e-01 0.000000e+00 -2.221012e-01
    outer loop
      vertex   3.796153e+01 2.593175e+01 1.504493e+02
      vertex   3.796153e+01 2.334082e+01 1.504493e+02
      vertex   3.793440e+01 2.593175e+01 1.503302e+02
    endloop
  endfacet
  facet normal -0.000000e+00 -0.000000e+00 -1.000000e+00
    outer loop
      vertex   3.746410e+01 5.930000e+01 1.500000e+02
      vertex   3.746410e+01 1.070000e+01 1.500000e+02
      vertex   2.800000e+01 5.930000e+01 1.500000e+02
    endloop
  endfacet
  facet normal 0.000000e+00 0.000000e+00 -1.000000e+00
    outer loop
      vertex   2.800000e+01 5.930000e+01 1.500000e+02
      vertex   3.746410e+01 1.070000e+01 1.500000e+02
      vertex   2.800000e+01 1.070000e+01 1.500000e+02
    endloop
  endfacet
  facet normal 9.951847e-01 -9.801714e-02 0.000000e+00
    outer loop
      vertex   3.800000e+01 5.980000e+01 1.399000e+02
      vertex   3.800000e+01 5.980000e+01 1.500000e+02
      vertex   3.799039e+01 5.970245e+01 1.399975e+02
    endloop
  endfacet
  facet normal 9.852186e-01 -1.713005e-01 7.242406e-04
    outer loop
      vertex   3.799039e+01 5.970245e+01 1.399975e+02
      vertex   3.800000e+01 5.980000e+01 1.500000e+02
      vertex   3.798296e+01 5.967059e+01 1.425679e+02
    endloop
  endfacet
  facet normal 9.567056e-01 -2.910563e-01 -8.428007e-04
    outer loop
      vertex   3.799039e+01 5.970245e+01 1.399975e+02
      vertex   3.798296e+01 5.967059e+01 1.425679e+02
      vertex   3.796194e+01 5.960866e+01 1.400913e+02
    endloop
  endfacet
  facet normal 9.238782e-01 -3.826829e-01 1.727251e-03
    outer loop
      vertex   3.796194e+01 5.960866e+01 1.400913e+02
      vertex   3.798296e+01 5.967059e+01 1.425679e+02
      vertex   3.793301e+01 5.955000e+01 1.425679e+02
    endloop
  endfacet
  facet normal 8.815529e-01 -4.720845e-01 -8.846827e-04
    outer loop
      vertex   3.796194e+01 5.960866e+01 1.400913e+02
      vertex   3.793301e+01 5.955000e+01 1.425679e+02
      vertex   3.791573e+01 5.952221e+01 1.401778e+02
    endloop
  endfacet
  facet normal 7.933526e-01 -6.087609e-01 1.341812e-03
    outer loop
      vertex   3.791573e+01 5.952221e+01 1.401778e+02
      vertex   3.793301e+01 5.955000e+01 1.425679e+02
      vertex   3.785355e+01 5.944645e+01 1.425679e+02
    endloop
  endfacet
  facet normal 7.730105e-01 -6.343933e-01 0.000000e+00
    outer loop
      vertex   3.791573e+01 5.952221e+01 1.401778e+02
      vertex   3.785355e+01 5.944645e+01 1.425679e+02
      vertex   3.785355e+01 5.944645e+01 1.402536e+02
    endloop
  endfacet
  facet normal 6.343933e-01 -7.730105e-01 0.000000e+00
    outer loop
      vertex   3.785355e+01 5.944645e+01 1.402536e+02
      vertex   3.785355e+01 5.944645e+01 1.425679e+02
      vertex   3.777779e+01 5.938427e+01 1.403157e+02
    endloop
  endfacet
  facet normal 6.087608e-01 -7.933525e-01 1.424002e-03
    outer loop
      vertex   3.777779e+01 5.938427e+01 1.403157e+02
      vertex   3.785355e+01 5.944645e+01 1.425679e+02
      vertex   3.775000e+01 5.936699e+01 1.425679e+02
    endloop
  endfacet
  facet normal 4.709987e-01 -8.821334e-01 -9.567215e-04
    outer loop
      vertex   3.777779e+01 5.938427e+01 1.403157e+02
      vertex   3.775000e+01 5.936699e+01 1.425679e+02
      vertex   3.769134e+01 5.933806e+01 1.403619e+02
    endloop
  endfacet
  facet normal 3.826827e-01 -9.238778e-01 1.939130e-03
    outer loop
      vertex   3.769134e+01 5.933806e+01 1.403619e+02
      vertex   3.775000e+01 5.936699e+01 1.425679e+02
      vertex   3.762941e+01 5.931704e+01 1.425679e+02
    endloop
  endfacet
  facet normal 2.900127e-01 -9.570223e-01 -9.785030e-04
    outer loop
      vertex   3.769134e+01 5.933806e+01 1.403619e+02
      vertex   3.762941e+01 5.931704e+01 1.425679e+02
      vertex   3.759755e+01 5.930961e+01 1.403904e+02
    endloop
  endfacet
  facet normal 1.469082e-01 -9.891494e-01 1.225266e-03
    outer loop
      vertex   3.759755e+01 5.930961e+01 1.403904e+02
      vertex   3.762941e+01 5.931704e+01 1.425679e+02
      vertex   3.754901e+01 5.930241e+01 1.403976e+02
    endloop
  endfacet
  facet normal 4.930751e-02 -9.987716e-01 4.905903e-03
    outer loop
      vertex   3.754901e+01 5.930241e+01 1.403976e+02
      vertex   3.762941e+01 5.931704e+01 1.425679e+02
      vertex   3.750000e+01 5.930000e+01 1.404000e+02
    endloop
  endfacet
  facet normal 1.305262e-01 -9.914449e-01 0.000000e+00
    outer loop
      vertex   3.750000e+01 5.930000e+01 1.404000e+02
      vertex   3.762941e+01 5.931704e+01 1.425679e+02
      vertex   3.762941e+01 5.931704e+01 1.452357e+02
    endloop
  endfacet
  facet normal 1.507578e-01 -9.885706e-01 -5.515484e-04
    outer loop
      vertex   3.750000e+01 5.930000e+01 1.404000e+02
      vertex   3.762941e+01 5.931704e+01 1.452357e+02
      vertex   3.755520e+01 5.930306e+01 1.500084e+02
    endloop
  endfacet
  facet normal 1.851280e-01 -9.827144e-01 0.000000e+00
    outer loop
      vertex   3.755520e+01 5.930306e+01 1.500084e+02
      vertex   3.762941e+01 5.931704e+01 1.452357e+02
      vertex   3.762941e+01 5.931704e+01 1.479036e+02
    endloop
  endfacet
  facet normal 1.652313e-01 -9.862546e-01 -7.249848e-04
    outer loop
      vertex   3.755520e+01 5.930306e+01 1.500084e+02
      vertex   3.762941e+01 5.931704e+01 1.479036e+02
      vertex   3.760837e+01 5.931196e+01 1.500213e+02
    endloop
  endfacet
  facet normal 2.691609e-01 -9.630952e-01 3.630871e-04
    outer loop
      vertex   3.760837e+01 5.931196e+01 1.500213e+02
      vertex   3.762941e+01 5.931704e+01 1.479036e+02
      vertex   3.765987e+01 5.932636e+01 1.500400e+02
    endloop
  endfacet
  facet normal 3.681161e-01 -9.297791e-01 -1.193092e-03
    outer loop
      vertex   3.765987e+01 5.932636e+01 1.500400e+02
      vertex   3.762941e+01 5.931704e+01 1.479036e+02
      vertex   3.770863e+01 5.934563e+01 1.500639e+02
    endloop
  endfacet
  facet normal 3.826828e-01 -9.238780e-01 -1.805386e-03
    outer loop
      vertex   3.770863e+01 5.934563e+01 1.500639e+02
      vertex   3.762941e+01 5.931704e+01 1.479036e+02
      vertex   3.775000e+01 5.936699e+01 1.479036e+02
    endloop
  endfacet
  facet normal 5.052271e-01 -8.629857e-01 1.143133e-03
    outer loop
      vertex   3.770863e+01 5.934563e+01 1.500639e+02
      vertex   3.775000e+01 5.936699e+01 1.479036e+02
      vertex   3.779418e+01 5.939579e+01 1.501245e+02
    endloop
  endfacet
  facet normal 6.087604e-01 -7.933520e-01 -1.819330e-03
    outer loop
      vertex   3.779418e+01 5.939579e+01 1.501245e+02
      vertex   3.775000e+01 5.936699e+01 1.479036e+02
      vertex   3.785355e+01 5.944645e+01 1.479036e+02
    endloop
  endfacet
  facet normal 6.566029e-01 -7.542364e-01 3.518488e-04
    outer loop
      vertex   3.779418e+01 5.939579e+01 1.501245e+02
      vertex   3.785355e+01 5.944645e+01 1.479036e+02
      vertex   3.786061e+01 5.945366e+01 1.501954e+02
    endloop
  endfacet
  facet normal 7.754002e-01 -6.314700e-01 -4.004017e-04
    outer loop
      vertex   3.786061e+01 5.945366e+01 1.501954e+02
      vertex   3.785355e+01 5.944645e+01 1.479036e+02
      vertex   3.791110e+01 5.951560e+01 1.502761e+02
    endloop
  endfacet
  facet normal 7.933525e-01 -6.087607e-01 -1.497740e-03
    outer loop
      vertex   3.791110e+01 5.951560e+01 1.502761e+02
      vertex   3.785355e+01 5.944645e+01 1.479036e+02
      vertex   3.793301e+01 5.955000e+01 1.479036e+02
    endloop
  endfacet
  facet normal 8.580023e-01 -5.136457e-01 4.786525e-04
    outer loop
      vertex   3.791110e+01 5.951560e+01 1.502761e+02
      vertex   3.793301e+01 5.955000e+01 1.479036e+02
      vertex   3.794600e+01 5.957399e+01 1.503667e+02
    endloop
  endfacet
  facet normal 9.035503e-01 -4.284816e-01 -5.909915e-04
    outer loop
      vertex   3.794600e+01 5.957399e+01 1.503667e+02
      vertex   3.793301e+01 5.955000e+01 1.479036e+02
      vertex   3.795682e+01 5.959674e+01 1.504150e+02
    endloop
  endfacet
  facet normal 9.238783e-01 -3.826829e-01 -1.635995e-03
    outer loop
      vertex   3.795682e+01 5.959674e+01 1.504150e+02
      vertex   3.793301e+01 5.955000e+01 1.479036e+02
      vertex   3.798296e+01 5.967059e+01 1.479036e+02
    endloop
  endfacet
  facet normal 9.218817e-01 -3.874674e-01 -1.797480e-03
    outer loop
      vertex   3.795682e+01 5.959674e+01 1.504150e+02
      vertex   3.798296e+01 5.967059e+01 1.479036e+02
      vertex   3.796295e+01 5.961108e+01 1.504658e+02
    endloop
  endfacet
  facet normal 9.319134e-01 -3.626790e-01 -1.143385e-03
    outer loop
      vertex   3.796295e+01 5.961108e+01 1.504658e+02
      vertex   3.798296e+01 5.967059e+01 1.479036e+02
      vertex   3.796405e+01 5.961382e+01 1.504925e+02
    endloop
  endfacet
  facet normal 9.834001e-01 -1.814218e-01 3.207093e-03
    outer loop
      vertex   3.796405e+01 5.961382e+01 1.504925e+02
      vertex   3.798296e+01 5.967059e+01 1.479036e+02
      vertex   3.800000e+01 5.980000e+01 1.500000e+02
    endloop
  endfacet
  facet normal 9.849443e-01 -1.727457e-01 6.599350e-03
    outer loop
      vertex   3.796405e+01 5.961382e+01 1.504925e+02
      vertex   3.800000e+01 5.980000e+01 1.500000e+02
      vertex   3.796372e+01 5.961300e+01 1.505197e+02
    endloop
  endfacet
  facet normal 9.804089e-01 1.533505e-01 1.236206e-01
    outer loop
      vertex   3.796372e+01 5.961300e+01 1.505197e+02
      vertex   3.800000e+01 5.980000e+01 1.500000e+02
      vertex   3.795897e+01 5.960165e+01 1.505714e+02
    endloop
  endfacet
  facet normal 5.530660e-02 -9.984694e-01 0.000000e+00
    outer loop
      vertex   3.755520e+01 5.930306e+01 1.500084e+02
      vertex   3.750000e+01 5.930000e+01 1.500013e+02
      vertex   3.750000e+01 5.930000e+01 1.404000e+02
    endloop
  endfacet
  facet normal 9.914449e-01 -1.305262e-01 0.000000e+00
    outer loop
      vertex   3.798296e+01 5.967059e+01 1.425679e+02
      vertex   3.800000e+01 5.980000e+01 1.500000e+02
      vertex   3.798296e+01 5.967059e+01 1.452357e+02
    endloop
  endfacet
  facet normal 9.914449e-01 -1.305262e-01 0.000000e+00
    outer loop
      vertex   3.798296e+01 5.967059e+01 1.452357e+02
      vertex   3.800000e+01 5.980000e+01 1.500000e+02
      vertex   3.798296e+01 5.967059e+01 1.479036e+02
    endloop
  endfacet
  facet normal 9.238795e-01 -3.826834e-01 0.000000e+00
    outer loop
      vertex   3.798296e+01 5.967059e+01 1.452357e+02
      vertex   3.798296e+01 5.967059e+01 1.479036e+02
      vertex   3.793301e+01 5.955000e+01 1.452357e+02
    endloop
  endfacet
  facet normal 9.238795e-01 -3.826834e-01 0.000000e+00
    outer loop
      vertex   3.793301e+01 5.955000e+01 1.452357e+02
      vertex   3.798296e+01 5.967059e+01 1.479036e+02
      vertex   3.793301e+01 5.955000e+01 1.479036e+02
    endloop
  endfacet
  facet normal 7.933533e-01 -6.087614e-01 0.000000e+00
    outer loop
      vertex   3.793301e+01 5.955000e+01 1.452357e+02
      vertex   3.793301e+01 5.955000e+01 1.479036e+02
      vertex   3.785355e+01 5.944645e+01 1.452357e+02
    endloop
  endfacet
  facet normal 7.933533e-01 -6.087614e-01 0.000000e+00
    outer loop
      vertex   3.785355e+01 5.944645e+01 1.452357e+02
      vertex   3.793301e+01 5.955000e+01 1.479036e+02
      vertex   3.785355e+01 5.944645e+01 1.479036e+02
    endloop
  endfacet
  facet normal 6.087614e-01 -7.933533e-01 0.000000e+00
    outer loop
      vertex   3.785355e+01 5.944645e+01 1.452357e+02
      vertex   3.785355e+01 5.944645e+01 1.479036e+02
      vertex   3.775000e+01 5.936699e+01 1.452357e+02
    endloop
  endfacet
  facet normal 6.087614e-01 -7.933533e-01 0.000000e+00
    outer loop
      vertex   3.775000e+01 5.936699e+01 1.452357e+02
      vertex   3.785355e+01 5.944645e+01 1.479036e+02
      vertex   3.775000e+01 5.936699e+01 1.479036e+02
    endloop
  endfacet
  facet normal 3.826834e-01 -9.238795e-01 0.000000e+00
    outer loop
      vertex   3.775000e+01 5.936699e+01 1.452357e+02
      vertex   3.775000e+01 5.936699e+01 1.479036e+02
      vertex   3.762941e+01 5.931704e+01 1.452357e+02
    endloop
  endfacet
  facet normal 3.826834e-01 -9.238795e-01 0.000000e+00
    outer loop
      vertex   3.762941e+01 5.931704e+01 1.452357e+02
      vertex   3.775000e+01 5.936699e+01 1.479036e+02
      vertex   3.762941e+01 5.931704e+01 1.479036e+02
    endloop
  endfacet
  facet normal 9.238795e-01 -3.826834e-01 0.000000e+00
    outer loop
      vertex   3.793301e+01 5.955000e+01 1.425679e+02
      vertex   3.798296e+01 5.967059e+01 1.425679e+02
      vertex   3.798296e+01 5.967059e+01 1.452357e+02
    endloop
  endfacet
  facet normal 9.238795e-01 -3.826834e-01 0.000000e+00
    outer loop
      vertex   3.793301e+01 5.955000e+01 1.425679e+02
      vertex   3.798296e+01 5.967059e+01 1.452357e+02
      vertex   3.793301e+01 5.955000e+01 1.452357e+02
    endloop
  endfacet
  facet normal 7.933533e-01 -6.087614e-01 0.000000e+00
    outer loop
      vertex   3.785355e+01 5.944645e+01 1.425679e+02
      vertex   3.793301e+01 5.955000e+01 1.425679e+02
      vertex   3.793301e+01 5.955000e+01 1.452357e+02
    endloop
  endfacet
  facet normal 7.933533e-01 -6.087614e-01 0.000000e+00
    outer loop
      vertex   3.785355e+01 5.944645e+01 1.425679e+02
      vertex   3.793301e+01 5.955000e+01 1.452357e+02
      vertex   3.785355e+01 5.944645e+01 1.452357e+02
    endloop
  endfacet
  facet normal 6.087614e-01 -7.933533e-01 0.000000e+00
    outer loop
      vertex   3.775000e+01 5.936699e+01 1.425679e+02
      vertex   3.785355e+01 5.944645e+01 1.425679e+02
      vertex   3.785355e+01 5.944645e+01 1.452357e+02
    endloop
  endfacet
  facet normal 6.087614e-01 -7.933533e-01 0.000000e+00
    outer loop
      vertex   3.775000e+01 5.936699e+01 1.425679e+02
      vertex   3.785355e+01 5.944645e+01 1.452357e+02
      vertex   3.775000e+01 5.936699e+01 1.452357e+02
    endloop
  endfacet
  facet normal 3.826834e-01 -9.238795e-01 0.000000e+00
    outer loop
      vertex   3.762941e+01 5.931704e+01 1.425679e+02
      vertex   3.775000e+01 5.936699e+01 1.425679e+02
      vertex   3.775000e+01 5.936699e+01 1.452357e+02
    endloop
  endfacet
  facet normal 3.826834e-01 -9.238795e-01 0.000000e+00
    outer loop
      vertex   3.762941e+01 5.931704e+01 1.425679e+02
      vertex   3.775000e+01 5.936699e+01 1.452357e+02
      vertex   3.762941e+01 5.931704e+01 1.452357e+02
    endloop
  endfacet
  facet normal 4.906767e-02 9.987955e-01 -0.000000e+00
    outer loop
      vertex   3.750000e+01 1.070000e+01 1.404000e+02
      vertex   3.750000e+01 1.070000e+01 1.500013e+02
      vertex   3.754901e+01 1.069759e+01 1.403976e+02
    endloop
  endfacet
  facet normal 1.490656e-01 9.888272e-01 5.127980e-04
    outer loop
      vertex   3.754901e+01 1.069759e+01 1.403976e+02
      vertex   3.750000e+01 1.070000e+01 1.500013e+02
      vertex   3.762941e+01 1.068296e+01 1.452357e+02
    endloop
  endfacet
  facet normal 1.790169e-01 9.838460e-01 0.000000e+00
    outer loop
      vertex   3.754901e+01 1.069759e+01 1.403976e+02
      vertex   3.762941e+01 1.068296e+01 1.452357e+02
      vertex   3.762941e+01 1.068296e+01 1.425679e+02
    endloop
  endfacet
  facet normal 3.826834e-01 9.238795e-01 -0.000000e+00
    outer loop
      vertex   3.762941e+01 1.068296e+01 1.425679e+02
      vertex   3.762941e+01 1.068296e+01 1.452357e+02
      vertex   3.775000e+01 1.063301e+01 1.425679e+02
    endloop
  endfacet
  facet normal 3.826827e-01 9.238778e-01 1.939130e-03
    outer loop
      vertex   3.762941e+01 1.068296e+01 1.425679e+02
      vertex   3.775000e+01 1.063301e+01 1.425679e+02
      vertex   3.769134e+01 1.066194e+01 1.403619e+02
    endloop
  endfacet
  facet normal 4.709987e-01 8.821334e-01 -9.567215e-04
    outer loop
      vertex   3.769134e+01 1.066194e+01 1.403619e+02
      vertex   3.775000e+01 1.063301e+01 1.425679e+02
      vertex   3.777779e+01 1.061573e+01 1.403157e+02
    endloop
  endfacet
  facet normal 6.087608e-01 7.933525e-01 1.424002e-03
    outer loop
      vertex   3.777779e+01 1.061573e+01 1.403157e+02
      vertex   3.775000e+01 1.063301e+01 1.425679e+02
      vertex   3.785355e+01 1.055355e+01 1.425679e+02
    endloop
  endfacet
  facet normal 6.343933e-01 7.730105e-01 5.926654e-16
    outer loop
      vertex   3.777779e+01 1.061573e+01 1.403157e+02
      vertex   3.785355e+01 1.055355e+01 1.425679e+02
      vertex   3.785355e+01 1.055355e+01 1.402536e+02
    endloop
  endfacet
  facet normal 7.730105e-01 6.343933e-01 4.869321e-16
    outer loop
      vertex   3.785355e+01 1.055355e+01 1.402536e+02
      vertex   3.785355e+01 1.055355e+01 1.425679e+02
      vertex   3.791573e+01 1.047779e+01 1.401778e+02
    endloop
  endfacet
  facet normal 7.933526e-01 6.087609e-01 1.341812e-03
    outer loop
      vertex   3.791573e+01 1.047779e+01 1.401778e+02
      vertex   3.785355e+01 1.055355e+01 1.425679e+02
      vertex   3.793301e+01 1.045000e+01 1.425679e+02
    endloop
  endfacet
  facet normal 8.815529e-01 4.720845e-01 -8.846827e-04
    outer loop
      vertex   3.791573e+01 1.047779e+01 1.401778e+02
      vertex   3.793301e+01 1.045000e+01 1.425679e+02
      vertex   3.796194e+01 1.039134e+01 1.400913e+02
    endloop
  endfacet
  facet normal 9.238782e-01 3.826829e-01 1.727251e-03
    outer loop
      vertex   3.796194e+01 1.039134e+01 1.400913e+02
      vertex   3.793301e+01 1.045000e+01 1.425679e+02
      vertex   3.798296e+01 1.032941e+01 1.425679e+02
    endloop
  endfacet
  facet normal 9.567056e-01 2.910563e-01 -8.428007e-04
    outer loop
      vertex   3.796194e+01 1.039134e+01 1.400913e+02
      vertex   3.798296e+01 1.032941e+01 1.425679e+02
      vertex   3.799039e+01 1.029755e+01 1.399975e+02
    endloop
  endfacet
  facet normal 9.953461e-01 9.635035e-02 1.682678e-03
    outer loop
      vertex   3.799039e+01 1.029755e+01 1.399975e+02
      vertex   3.798296e+01 1.032941e+01 1.425679e+02
      vertex   3.800000e+01 1.020000e+01 1.399000e+02
    endloop
  endfacet
  facet normal 9.914449e-01 1.305262e-01 0.000000e+00
    outer loop
      vertex   3.800000e+01 1.020000e+01 1.399000e+02
      vertex   3.798296e+01 1.032941e+01 1.425679e+02
      vertex   3.798296e+01 1.032941e+01 1.452357e+02
    endloop
  endfacet
  facet normal 9.914449e-01 1.305262e-01 2.295654e-17
    outer loop
      vertex   3.800000e+01 1.020000e+01 1.399000e+02
      vertex   3.798296e+01 1.032941e+01 1.452357e+02
      vertex   3.800000e+01 1.020000e+01 1.500000e+02
    endloop
  endfacet
  facet normal 9.914449e-01 1.305262e-01 0.000000e+00
    outer loop
      vertex   3.800000e+01 1.020000e+01 1.500000e+02
      vertex   3.798296e+01 1.032941e+01 1.452357e+02
      vertex   3.798296e+01 1.032941e+01 1.479036e+02
    endloop
  endfacet
  facet normal 9.834001e-01 1.814218e-01 3.207093e-03
    outer loop
      vertex   3.800000e+01 1.020000e+01 1.500000e+02
      vertex   3.798296e+01 1.032941e+01 1.479036e+02
      vertex   3.796405e+01 1.038618e+01 1.504925e+02
    endloop
  endfacet
  facet normal 9.319134e-01 3.626790e-01 -1.143385e-03
    outer loop
      vertex   3.796405e+01 1.038618e+01 1.504925e+02
      vertex   3.798296e+01 1.032941e+01 1.479036e+02
      vertex   3.796295e+01 1.038892e+01 1.504658e+02
    endloop
  endfacet
  facet normal 9.218817e-01 3.874674e-01 -1.797480e-03
    outer loop
      vertex   3.796295e+01 1.038892e+01 1.504658e+02
      vertex   3.798296e+01 1.032941e+01 1.479036e+02
      vertex   3.795682e+01 1.040326e+01 1.504150e+02
    endloop
  endfacet
  facet normal 9.238783e-01 3.826829e-01 -1.635995e-03
    outer loop
      vertex   3.795682e+01 1.040326e+01 1.504150e+02
      vertex   3.798296e+01 1.032941e+01 1.479036e+02
      vertex   3.793301e+01 1.045000e+01 1.479036e+02
    endloop
  endfacet
  facet normal 9.035503e-01 4.284816e-01 -5.909915e-04
    outer loop
      vertex   3.795682e+01 1.040326e+01 1.504150e+02
      vertex   3.793301e+01 1.045000e+01 1.479036e+02
      vertex   3.794600e+01 1.042601e+01 1.503667e+02
    endloop
  endfacet
  facet normal 8.580023e-01 5.136457e-01 4.786525e-04
    outer loop
      vertex   3.794600e+01 1.042601e+01 1.503667e+02
      vertex   3.793301e+01 1.045000e+01 1.479036e+02
      vertex   3.791110e+01 1.048440e+01 1.502761e+02
    endloop
  endfacet
  facet normal 7.933525e-01 6.087607e-01 -1.497740e-03
    outer loop
      vertex   3.791110e+01 1.048440e+01 1.502761e+02
      vertex   3.793301e+01 1.045000e+01 1.479036e+02
      vertex   3.785355e+01 1.055355e+01 1.479036e+02
    endloop
  endfacet
  facet normal 7.754002e-01 6.314700e-01 -4.004017e-04
    outer loop
      vertex   3.791110e+01 1.048440e+01 1.502761e+02
      vertex   3.785355e+01 1.055355e+01 1.479036e+02
      vertex   3.786061e+01 1.054634e+01 1.501954e+02
    endloop
  endfacet
  facet normal 6.566029e-01 7.542364e-01 3.518488e-04
    outer loop
      vertex   3.786061e+01 1.054634e+01 1.501954e+02
      vertex   3.785355e+01 1.055355e+01 1.479036e+02
      vertex   3.779418e+01 1.060421e+01 1.501245e+02
    endloop
  endfacet
  facet normal 6.087604e-01 7.933520e-01 -1.819330e-03
    outer loop
      vertex   3.779418e+01 1.060421e+01 1.501245e+02
      vertex   3.785355e+01 1.055355e+01 1.479036e+02
      vertex   3.775000e+01 1.063301e+01 1.479036e+02
    endloop
  endfacet
  facet normal 5.052271e-01 8.629857e-01 1.143133e-03
    outer loop
      vertex   3.779418e+01 1.060421e+01 1.501245e+02
      vertex   3.775000e+01 1.063301e+01 1.479036e+02
      vertex   3.770863e+01 1.065437e+01 1.500639e+02
    endloop
  endfacet
  facet normal 3.826828e-01 9.238780e-01 -1.805386e-03
    outer loop
      vertex   3.770863e+01 1.065437e+01 1.500639e+02
      vertex   3.775000e+01 1.063301e+01 1.479036e+02
      vertex   3.762941e+01 1.068296e+01 1.479036e+02
    endloop
  endfacet
  facet normal 3.681161e-01 9.297791e-01 -1.193092e-03
    outer loop
      vertex   3.770863e+01 1.065437e+01 1.500639e+02
      vertex   3.762941e+01 1.068296e+01 1.479036e+02
      vertex   3.765987e+01 1.067364e+01 1.500400e+02
    endloop
  endfacet
  facet normal 2.691609e-01 9.630952e-01 3.630871e-04
    outer loop
      vertex   3.765987e+01 1.067364e+01 1.500400e+02
      vertex   3.762941e+01 1.068296e+01 1.479036e+02
      vertex   3.760837e+01 1.068804e+01 1.500213e+02
    endloop
  endfacet
  facet normal 1.652313e-01 9.862546e-01 -7.249848e-04
    outer loop
      vertex   3.760837e+01 1.068804e+01 1.500213e+02
      vertex   3.762941e+01 1.068296e+01 1.479036e+02
      vertex   3.755520e+01 1.069694e+01 1.500084e+02
    endloop
  endfacet
  facet normal 5.590189e-02 9.984254e-01 -4.660311e-03
    outer loop
      vertex   3.755520e+01 1.069694e+01 1.500084e+02
      vertex   3.762941e+01 1.068296e+01 1.479036e+02
      vertex   3.750000e+01 1.070000e+01 1.500013e+02
    endloop
  endfacet
  facet normal 1.305262e-01 9.914449e-01 0.000000e+00
    outer loop
      vertex   3.750000e+01 1.070000e+01 1.500013e+02
      vertex   3.762941e+01 1.068296e+01 1.479036e+02
      vertex   3.762941e+01 1.068296e+01 1.452357e+02
    endloop
  endfacet
  facet normal 9.849443e-01 1.727457e-01 6.599350e-03
    outer loop
      vertex   3.796405e+01 1.038618e+01 1.504925e+02
      vertex   3.796372e+01 1.038700e+01 1.505197e+02
      vertex   3.800000e+01 1.020000e+01 1.500000e+02
    endloop
  endfacet
  facet normal 9.804089e-01 -1.533505e-01 1.236206e-01
    outer loop
      vertex   3.800000e+01 1.020000e+01 1.500000e+02
      vertex   3.796372e+01 1.038700e+01 1.505197e+02
      vertex   3.795897e+01 1.039835e+01 1.505714e+02
    endloop
  endfacet
  facet normal 2.900127e-01 9.570223e-01 -9.785030e-04
    outer loop
      vertex   3.769134e+01 1.066194e+01 1.403619e+02
      vertex   3.759755e+01 1.069039e+01 1.403904e+02
      vertex   3.762941e+01 1.068296e+01 1.425679e+02
    endloop
  endfacet
  facet normal 1.469082e-01 9.891494e-01 1.225266e-03
    outer loop
      vertex   3.762941e+01 1.068296e+01 1.425679e+02
      vertex   3.759755e+01 1.069039e+01 1.403904e+02
      vertex   3.754901e+01 1.069759e+01 1.403976e+02
    endloop
  endfacet
  facet normal 3.826834e-01 9.238795e-01 -0.000000e+00
    outer loop
      vertex   3.762941e+01 1.068296e+01 1.452357e+02
      vertex   3.762941e+01 1.068296e+01 1.479036e+02
      vertex   3.775000e+01 1.063301e+01 1.452357e+02
    endloop
  endfacet
  facet normal 3.826834e-01 9.238795e-01 -0.000000e+00
    outer loop
      vertex   3.775000e+01 1.063301e+01 1.452357e+02
      vertex   3.762941e+01 1.068296e+01 1.479036e+02
      vertex   3.775000e+01 1.063301e+01 1.479036e+02
    endloop
  endfacet
  facet normal 6.087614e-01 7.933533e-01 -0.000000e+00
    outer loop
      vertex   3.775000e+01 1.063301e+01 1.452357e+02
      vertex   3.775000e+01 1.063301e+01 1.479036e+02
      vertex   3.785355e+01 1.055355e+01 1.452357e+02
    endloop
  endfacet
  facet normal 6.087614e-01 7.933533e-01 -0.000000e+00
    outer loop
      vertex   3.785355e+01 1.055355e+01 1.452357e+02
      vertex   3.775000e+01 1.063301e+01 1.479036e+02
      vertex   3.785355e+01 1.055355e+01 1.479036e+02
    endloop
  endfacet
  facet normal 7.933533e-01 6.087614e-01 -0.000000e+00
    outer loop
      vertex   3.785355e+01 1.055355e+01 1.452357e+02
      vertex   3.785355e+01 1.055355e+01 1.479036e+02
      vertex   3.793301e+01 1.045000e+01 1.452357e+02
    endloop
  endfacet
  facet normal 7.933533e-01 6.087614e-01 -0.000000e+00
    outer loop
      vertex   3.793301e+01 1.045000e+01 1.452357e+02
      vertex   3.785355e+01 1.055355e+01 1.479036e+02
      vertex   3.793301e+01 1.045000e+01 1.479036e+02
    endloop
  endfacet
  facet normal 9.238795e-01 3.826834e-01 -0.000000e+00
    outer loop
      vertex   3.793301e+01 1.045000e+01 1.452357e+02
      vertex   3.793301e+01 1.045000e+01 1.479036e+02
      vertex   3.798296e+01 1.032941e+01 1.452357e+02
    endloop
  endfacet
  facet normal 9.238795e-01 3.826834e-01 -0.000000e+00
    outer loop
      vertex   3.798296e+01 1.032941e+01 1.452357e+02
      vertex   3.793301e+01 1.045000e+01 1.479036e+02
      vertex   3.798296e+01 1.032941e+01 1.479036e+02
    endloop
  endfacet
  facet normal 6.087614e-01 7.933533e-01 0.000000e+00
    outer loop
      vertex   3.785355e+01 1.055355e+01 1.425679e+02
      vertex   3.775000e+01 1.063301e+01 1.425679e+02
      vertex   3.775000e+01 1.063301e+01 1.452357e+02
    endloop
  endfacet
  facet normal 3.826834e-01 9.238795e-01 0.000000e+00
    outer loop
      vertex   3.775000e+01 1.063301e+01 1.452357e+02
      vertex   3.775000e+01 1.063301e+01 1.425679e+02
      vertex   3.762941e+01 1.068296e+01 1.452357e+02
    endloop
  endfacet
  facet normal 6.087614e-01 7.933533e-01 -0.000000e+00
    outer loop
      vertex   3.785355e+01 1.055355e+01 1.425679e+02
      vertex   3.775000e+01 1.063301e+01 1.452357e+02
      vertex   3.785355e+01 1.055355e+01 1.452357e+02
    endloop
  endfacet
  facet normal 7.933533e-01 6.087614e-01 0.000000e+00
    outer loop
      vertex   3.793301e+01 1.045000e+01 1.425679e+02
      vertex   3.785355e+01 1.055355e+01 1.425679e+02
      vertex   3.785355e+01 1.055355e+01 1.452357e+02
    endloop
  endfacet
  facet normal 7.933533e-01 6.087614e-01 -0.000000e+00
    outer loop
      vertex   3.793301e+01 1.045000e+01 1.425679e+02
      vertex   3.785355e+01 1.055355e+01 1.452357e+02
      vertex   3.793301e+01 1.045000e+01 1.452357e+02
    endloop
  endfacet
  facet normal 9.238795e-01 3.826834e-01 0.000000e+00
    outer loop
      vertex   3.798296e+01 1.032941e+01 1.425679e+02
      vertex   3.793301e+01 1.045000e+01 1.425679e+02
      vertex   3.793301e+01 1.045000e+01 1.452357e+02
    endloop
  endfacet
  facet normal 9.238795e-01 3.826834e-01 -0.000000e+00
    outer loop
      vertex   3.798296e+01 1.032941e+01 1.425679e+02
      vertex   3.793301e+01 1.045000e+01 1.452357e+02
      vertex   3.798296e+01 1.032941e+01 1.452357e+02
    endloop
  endfacet
  facet normal 4.906767e-02 0.000000e+00 9.987955e-01
    outer loop
      vertex   3.750000e+01 5.930000e+01 1.404000e+02
      vertex   3.750000e+01 1.070000e+01 1.404000e+02
      vertex   3.754901e+01 5.930241e+01 1.403976e+02
    endloop
  endfacet
  facet normal 1.519139e-01 -1.042210e-04 9.883937e-01
    outer loop
      vertex   3.754901e+01 5.930241e+01 1.403976e+02
      vertex   3.750000e+01 1.070000e+01 1.404000e+02
      vertex   3.762941e+01 3.775556e+01 1.403830e+02
    endloop
  endfacet
  facet normal 1.790169e-01 0.000000e+00 9.838460e-01
    outer loop
      vertex   3.754901e+01 5.930241e+01 1.403976e+02
      vertex   3.762941e+01 3.775556e+01 1.403830e+02
      vertex   3.762941e+01 4.051111e+01 1.403830e+02
    endloop
  endfacet
  facet normal 3.826834e-01 0.000000e+00 9.238795e-01
    outer loop
      vertex   3.762941e+01 4.051111e+01 1.403830e+02
      vertex   3.762941e+01 3.775556e+01 1.403830e+02
      vertex   3.775000e+01 4.051111e+01 1.403330e+02
    endloop
  endfacet
  facet normal 3.826834e-01 0.000000e+00 9.238795e-01
    outer loop
      vertex   3.762941e+01 4.051111e+01 1.403830e+02
      vertex   3.775000e+01 4.051111e+01 1.403330e+02
      vertex   3.775000e+01 4.326667e+01 1.403330e+02
    endloop
  endfacet
  facet normal 6.087614e-01 0.000000e+00 7.933533e-01
    outer loop
      vertex   3.775000e+01 4.326667e+01 1.403330e+02
      vertex   3.775000e+01 4.051111e+01 1.403330e+02
      vertex   3.785355e+01 4.326667e+01 1.402536e+02
    endloop
  endfacet
  facet normal 6.087614e-01 0.000000e+00 7.933533e-01
    outer loop
      vertex   3.775000e+01 4.326667e+01 1.403330e+02
      vertex   3.785355e+01 4.326667e+01 1.402536e+02
      vertex   3.785355e+01 4.602222e+01 1.402536e+02
    endloop
  endfacet
  facet normal 7.933533e-01 0.000000e+00 6.087614e-01
    outer loop
      vertex   3.785355e+01 4.602222e+01 1.402536e+02
      vertex   3.785355e+01 4.326667e+01 1.402536e+02
      vertex   3.793301e+01 4.602222e+01 1.401500e+02
    endloop
  endfacet
  facet normal 7.933533e-01 0.000000e+00 6.087614e-01
    outer loop
      vertex   3.785355e+01 4.602222e+01 1.402536e+02
      vertex   3.793301e+01 4.602222e+01 1.401500e+02
      vertex   3.793301e+01 4.877778e+01 1.401500e+02
    endloop
  endfacet
  facet normal 9.238795e-01 0.000000e+00 3.826834e-01
    outer loop
      vertex   3.793301e+01 4.877778e+01 1.401500e+02
      vertex   3.793301e+01 4.602222e+01 1.401500e+02
      vertex   3.798296e+01 4.877778e+01 1.400294e+02
    endloop
  endfacet
  facet normal 9.238795e-01 0.000000e+00 3.826834e-01
    outer loop
      vertex   3.793301e+01 4.877778e+01 1.401500e+02
      vertex   3.798296e+01 4.877778e+01 1.400294e+02
      vertex   3.798296e+01 5.153333e+01 1.400294e+02
    endloop
  endfacet
  facet normal 9.914449e-01 0.000000e+00 1.305262e-01
    outer loop
      vertex   3.798296e+01 5.153333e+01 1.400294e+02
      vertex   3.798296e+01 4.877778e+01 1.400294e+02
      vertex   3.800000e+01 5.980000e+01 1.399000e+02
    endloop
  endfacet
  facet normal 9.914449e-01 -0.000000e+00 1.305262e-01
    outer loop
      vertex   3.798296e+01 5.153333e+01 1.400294e+02
      vertex   3.800000e+01 5.980000e+01 1.399000e+02
      vertex   3.798296e+01 5.428889e+01 1.400294e+02
    endloop
  endfacet
  facet normal 9.914449e-01 -0.000000e+00 1.305262e-01
    outer loop
      vertex   3.798296e+01 5.428889e+01 1.400294e+02
      vertex   3.800000e+01 5.980000e+01 1.399000e+02
      vertex   3.798296e+01 5.704444e+01 1.400294e+02
    endloop
  endfacet
  facet normal 9.238795e-01 -0.000000e+00 3.826834e-01
    outer loop
      vertex   3.798296e+01 5.428889e+01 1.400294e+02
      vertex   3.798296e+01 5.704444e+01 1.400294e+02
      vertex   3.793301e+01 5.428889e+01 1.401500e+02
    endloop
  endfacet
  facet normal 9.238795e-01 -0.000000e+00 3.826834e-01
    outer loop
      vertex   3.793301e+01 5.428889e+01 1.401500e+02
      vertex   3.798296e+01 5.704444e+01 1.400294e+02
      vertex   3.793301e+01 5.704444e+01 1.401500e+02
    endloop
  endfacet
  facet normal 7.933533e-01 -0.000000e+00 6.087614e-01
    outer loop
      vertex   3.793301e+01 5.428889e+01 1.401500e+02
      vertex   3.793301e+01 5.704444e+01 1.401500e+02
      vertex   3.785355e+01 5.428889e+01 1.402536e+02
    endloop
  endfacet
  facet normal 7.933533e-01 -0.000000e+00 6.087614e-01
    outer loop
      vertex   3.785355e+01 5.428889e+01 1.402536e+02
      vertex   3.793301e+01 5.704444e+01 1.401500e+02
      vertex   3.785355e+01 5.704444e+01 1.402536e+02
    endloop
  endfacet
  facet normal 6.087614e-01 -0.000000e+00 7.933533e-01
    outer loop
      vertex   3.785355e+01 5.428889e+01 1.402536e+02
      vertex   3.785355e+01 5.704444e+01 1.402536e+02
      vertex   3.775000e+01 5.428889e+01 1.403330e+02
    endloop
  endfacet
  facet normal 6.087614e-01 -0.000000e+00 7.933533e-01
    outer loop
      vertex   3.775000e+01 5.428889e+01 1.403330e+02
      vertex   3.785355e+01 5.704444e+01 1.402536e+02
      vertex   3.775000e+01 5.704444e+01 1.403330e+02
    endloop
  endfacet
  facet normal 3.826834e-01 -0.000000e+00 9.238795e-01
    outer loop
      vertex   3.775000e+01 5.428889e+01 1.403330e+02
      vertex   3.775000e+01 5.704444e+01 1.403330e+02
      vertex   3.762941e+01 5.428889e+01 1.403830e+02
    endloop
  endfacet
  facet normal 3.826834e-01 -0.000000e+00 9.238795e-01
    outer loop
      vertex   3.762941e+01 5.428889e+01 1.403830e+02
      vertex   3.775000e+01 5.704444e+01 1.403330e+02
      vertex   3.762941e+01 5.704444e+01 1.403830e+02
    endloop
  endfacet
  facet normal 1.790169e-01 -0.000000e+00 9.838460e-01
    outer loop
      vertex   3.762941e+01 5.428889e+01 1.403830e+02
      vertex   3.762941e+01 5.704444e+01 1.403830e+02
      vertex   3.754901e+01 5.930241e+01 1.403976e+02
    endloop
  endfacet
  facet normal 1.469013e-01 -1.177929e-03 9.891504e-01
    outer loop
      vertex   3.754901e+01 5.930241e+01 1.403976e+02
      vertex   3.762941e+01 5.704444e+01 1.403830e+02
      vertex   3.759755e+01 5.930961e+01 1.403904e+02
    endloop
  endfacet
  facet normal 2.900232e-01 9.407770e-04 9.570192e-01
    outer loop
      vertex   3.759755e+01 5.930961e+01 1.403904e+02
      vertex   3.762941e+01 5.704444e+01 1.403830e+02
      vertex   3.769134e+01 5.933806e+01 1.403619e+02
    endloop
  endfacet
  facet normal 3.826828e-01 -1.864986e-03 9.238779e-01
    outer loop
      vertex   3.769134e+01 5.933806e+01 1.403619e+02
      vertex   3.762941e+01 5.704444e+01 1.403830e+02
      vertex   3.775000e+01 5.704444e+01 1.403330e+02
    endloop
  endfacet
  facet normal 4.710138e-01 9.206254e-04 8.821254e-01
    outer loop
      vertex   3.769134e+01 5.933806e+01 1.403619e+02
      vertex   3.775000e+01 5.704444e+01 1.403330e+02
      vertex   3.777779e+01 5.938427e+01 1.403157e+02
    endloop
  endfacet
  facet normal 6.087609e-01 -1.370630e-03 7.933526e-01
    outer loop
      vertex   3.777779e+01 5.938427e+01 1.403157e+02
      vertex   3.775000e+01 5.704444e+01 1.403330e+02
      vertex   3.785355e+01 5.704444e+01 1.402536e+02
    endloop
  endfacet
  facet normal 6.343933e-01 0.000000e+00 7.730105e-01
    outer loop
      vertex   3.777779e+01 5.938427e+01 1.403157e+02
      vertex   3.785355e+01 5.704444e+01 1.402536e+02
      vertex   3.785355e+01 5.944645e+01 1.402536e+02
    endloop
  endfacet
  facet normal 7.730105e-01 0.000000e+00 6.343933e-01
    outer loop
      vertex   3.785355e+01 5.944645e+01 1.402536e+02
      vertex   3.785355e+01 5.704444e+01 1.402536e+02
      vertex   3.791573e+01 5.952221e+01 1.401778e+02
    endloop
  endfacet
  facet normal 7.933527e-01 -1.294320e-03 6.087609e-01
    outer loop
      vertex   3.791573e+01 5.952221e+01 1.401778e+02
      vertex   3.785355e+01 5.704444e+01 1.402536e+02
      vertex   3.793301e+01 5.704444e+01 1.401500e+02
    endloop
  endfacet
  facet normal 8.815658e-01 8.537299e-04 4.720604e-01
    outer loop
      vertex   3.791573e+01 5.952221e+01 1.401778e+02
      vertex   3.793301e+01 5.704444e+01 1.401500e+02
      vertex   3.796194e+01 5.960866e+01 1.400913e+02
    endloop
  endfacet
  facet normal 9.238782e-01 -1.668177e-03 3.826829e-01
    outer loop
      vertex   3.796194e+01 5.960866e+01 1.400913e+02
      vertex   3.793301e+01 5.704444e+01 1.401500e+02
      vertex   3.798296e+01 5.704444e+01 1.400294e+02
    endloop
  endfacet
  facet normal 9.567134e-01 8.146626e-04 2.910305e-01
    outer loop
      vertex   3.796194e+01 5.960866e+01 1.400913e+02
      vertex   3.798296e+01 5.704444e+01 1.400294e+02
      vertex   3.799039e+01 5.970245e+01 1.399975e+02
    endloop
  endfacet
  facet normal 9.953408e-01 -1.626477e-03 9.640603e-02
    outer loop
      vertex   3.799039e+01 5.970245e+01 1.399975e+02
      vertex   3.798296e+01 5.704444e+01 1.400294e+02
      vertex   3.800000e+01 5.980000e+01 1.399000e+02
    endloop
  endfacet
  facet normal 4.929824e-02 4.715699e-03 9.987730e-01
    outer loop
      vertex   3.754901e+01 1.069759e+01 1.403976e+02
      vertex   3.762941e+01 1.295556e+01 1.403830e+02
      vertex   3.750000e+01 1.070000e+01 1.404000e+02
    endloop
  endfacet
  facet normal 1.305262e-01 0.000000e+00 9.914449e-01
    outer loop
      vertex   3.750000e+01 1.070000e+01 1.404000e+02
      vertex   3.762941e+01 1.295556e+01 1.403830e+02
      vertex   3.762941e+01 1.571111e+01 1.403830e+02
    endloop
  endfacet
  facet normal 1.305262e-01 0.000000e+00 9.914449e-01
    outer loop
      vertex   3.750000e+01 1.070000e+01 1.404000e+02
      vertex   3.762941e+01 1.571111e+01 1.403830e+02
      vertex   3.762941e+01 1.846667e+01 1.403830e+02
    endloop
  endfacet
  facet normal 3.826834e-01 0.000000e+00 9.238795e-01
    outer loop
      vertex   3.762941e+01 1.846667e+01 1.403830e+02
      vertex   3.762941e+01 1.571111e+01 1.403830e+02
      vertex   3.775000e+01 1.846667e+01 1.403330e+02
    endloop
  endfacet
  facet normal 3.826834e-01 0.000000e+00 9.238795e-01
    outer loop
      vertex   3.762941e+01 1.846667e+01 1.403830e+02
      vertex   3.775000e+01 1.846667e+01 1.403330e+02
      vertex   3.775000e+01 2.122222e+01 1.403330e+02
    endloop
  endfacet
  facet normal 6.087614e-01 0.000000e+00 7.933533e-01
    outer loop
      vertex   3.775000e+01 2.122222e+01 1.403330e+02
      vertex   3.775000e+01 1.846667e+01 1.403330e+02
      vertex   3.785355e+01 2.122222e+01 1.402536e+02
    endloop
  endfacet
  facet normal 6.087614e-01 0.000000e+00 7.933533e-01
    outer loop
      vertex   3.775000e+01 2.122222e+01 1.403330e+02
      vertex   3.785355e+01 2.122222e+01 1.402536e+02
      vertex   3.785355e+01 2.397778e+01 1.402536e+02
    endloop
  endfacet
  facet normal 7.933533e-01 0.000000e+00 6.087614e-01
    outer loop
      vertex   3.785355e+01 2.397778e+01 1.402536e+02
      vertex   3.785355e+01 2.122222e+01 1.402536e+02
      vertex   3.793301e+01 2.397778e+01 1.401500e+02
    endloop
  endfacet
  facet normal 7.933533e-01 0.000000e+00 6.087614e-01
    outer loop
      vertex   3.785355e+01 2.397778e+01 1.402536e+02
      vertex   3.793301e+01 2.397778e+01 1.401500e+02
      vertex   3.793301e+01 2.673333e+01 1.401500e+02
    endloop
  endfacet
  facet normal 9.238795e-01 0.000000e+00 3.826834e-01
    outer loop
      vertex   3.793301e+01 2.673333e+01 1.401500e+02
      vertex   3.793301e+01 2.397778e+01 1.401500e+02
      vertex   3.798296e+01 2.673333e+01 1.400294e+02
    endloop
  endfacet
  facet normal 9.238795e-01 0.000000e+00 3.826834e-01
    outer loop
      vertex   3.793301e+01 2.673333e+01 1.401500e+02
      vertex   3.798296e+01 2.673333e+01 1.400294e+02
      vertex   3.798296e+01 2.948889e+01 1.400294e+02
    endloop
  endfacet
  facet normal 9.914449e-01 0.000000e+00 1.305262e-01
    outer loop
      vertex   3.798296e+01 2.948889e+01 1.400294e+02
      vertex   3.798296e+01 2.673333e+01 1.400294e+02
      vertex   3.800000e+01 5.980000e+01 1.399000e+02
    endloop
  endfacet
  facet normal 9.914449e-01 -0.000000e+00 1.305262e-01
    outer loop
      vertex   3.798296e+01 2.948889e+01 1.400294e+02
      vertex   3.800000e+01 5.980000e+01 1.399000e+02
      vertex   3.798296e+01 3.224444e+01 1.400294e+02
    endloop
  endfacet
  facet normal 9.914449e-01 -0.000000e+00 1.305262e-01
    outer loop
      vertex   3.798296e+01 3.224444e+01 1.400294e+02
      vertex   3.800000e+01 5.980000e+01 1.399000e+02
      vertex   3.798296e+01 3.500000e+01 1.400294e+02
    endloop
  endfacet
  facet normal 9.238795e-01 -0.000000e+00 3.826834e-01
    outer loop
      vertex   3.798296e+01 3.224444e+01 1.400294e+02
      vertex   3.798296e+01 3.500000e+01 1.400294e+02
      vertex   3.793301e+01 3.224444e+01 1.401500e+02
    endloop
  endfacet
  facet normal 9.238795e-01 -0.000000e+00 3.826834e-01
    outer loop
      vertex   3.793301e+01 3.224444e+01 1.401500e+02
      vertex   3.798296e+01 3.500000e+01 1.400294e+02
      vertex   3.793301e+01 3.500000e+01 1.401500e+02
    endloop
  endfacet
  facet normal 7.933533e-01 -0.000000e+00 6.087614e-01
    outer loop
      vertex   3.793301e+01 3.224444e+01 1.401500e+02
      vertex   3.793301e+01 3.500000e+01 1.401500e+02
      vertex   3.785355e+01 3.224444e+01 1.402536e+02
    endloop
  endfacet
  facet normal 7.933533e-01 -0.000000e+00 6.087614e-01
    outer loop
      vertex   3.785355e+01 3.224444e+01 1.402536e+02
      vertex   3.793301e+01 3.500000e+01 1.401500e+02
      vertex   3.785355e+01 3.500000e+01 1.402536e+02
    endloop
  endfacet
  facet normal 6.087614e-01 -0.000000e+00 7.933533e-01
    outer loop
      vertex   3.785355e+01 3.224444e+01 1.402536e+02
      vertex   3.785355e+01 3.500000e+01 1.402536e+02
      vertex   3.775000e+01 3.224444e+01 1.403330e+02
    endloop
  endfacet
  facet normal 6.087614e-01 -0.000000e+00 7.933533e-01
    outer loop
      vertex   3.775000e+01 3.224444e+01 1.403330e+02
      vertex   3.785355e+01 3.500000e+01 1.402536e+02
      vertex   3.775000e+01 3.500000e+01 1.403330e+02
    endloop
  endfacet
  facet normal 3.826834e-01 -0.000000e+00 9.238795e-01
    outer loop
      vertex   3.775000e+01 3.224444e+01 1.403330e+02
      vertex   3.775000e+01 3.500000e+01 1.403330e+02
      vertex   3.762941e+01 3.224444e+01 1.403830e+02
    endloop
  endfacet
  facet normal 3.826834e-01 -0.000000e+00 9.238795e-01
    outer loop
      vertex   3.762941e+01 3.224444e+01 1.403830e+02
      vertex   3.775000e+01 3.500000e+01 1.403330e+02
      vertex   3.762941e+01 3.500000e+01 1.403830e+02
    endloop
  endfacet
  facet normal 1.305262e-01 -0.000000e+00 9.914449e-01
    outer loop
      vertex   3.762941e+01 3.224444e+01 1.403830e+02
      vertex   3.762941e+01 3.500000e+01 1.403830e+02
      vertex   3.750000e+01 1.070000e+01 1.404000e+02
    endloop
  endfacet
  facet normal 1.305262e-01 0.000000e+00 9.914449e-01
    outer loop
      vertex   3.750000e+01 1.070000e+01 1.404000e+02
      vertex   3.762941e+01 3.500000e+01 1.403830e+02
      vertex   3.762941e+01 3.775556e+01 1.403830e+02
    endloop
  endfacet
  facet normal 1.469013e-01 1.177929e-03 9.891504e-01
    outer loop
      vertex   3.754901e+01 1.069759e+01 1.403976e+02
      vertex   3.759755e+01 1.069039e+01 1.403904e+02
      vertex   3.762941e+01 1.295556e+01 1.403830e+02
    endloop
  endfacet
  facet normal 2.900232e-01 -9.407770e-04 9.570192e-01
    outer loop
      vertex   3.762941e+01 1.295556e+01 1.403830e+02
      vertex   3.759755e+01 1.069039e+01 1.403904e+02
      vertex   3.769134e+01 1.066194e+01 1.403619e+02
    endloop
  endfacet
  facet normal 3.826828e-01 1.864986e-03 9.238779e-01
    outer loop
      vertex   3.762941e+01 1.295556e+01 1.403830e+02
      vertex   3.769134e+01 1.066194e+01 1.403619e+02
      vertex   3.775000e+01 1.295556e+01 1.403330e+02
    endloop
  endfacet
  facet normal 4.710138e-01 -9.206254e-04 8.821254e-01
    outer loop
      vertex   3.775000e+01 1.295556e+01 1.403330e+02
      vertex   3.769134e+01 1.066194e+01 1.403619e+02
      vertex   3.777779e+01 1.061573e+01 1.403157e+02
    endloop
  endfacet
  facet normal 6.087609e-01 1.370630e-03 7.933526e-01
    outer loop
      vertex   3.775000e+01 1.295556e+01 1.403330e+02
      vertex   3.777779e+01 1.061573e+01 1.403157e+02
      vertex   3.785355e+01 1.295556e+01 1.402536e+02
    endloop
  endfacet
  facet normal 6.343933e-01 0.000000e+00 7.730105e-01
    outer loop
      vertex   3.785355e+01 1.295556e+01 1.402536e+02
      vertex   3.777779e+01 1.061573e+01 1.403157e+02
      vertex   3.785355e+01 1.055355e+01 1.402536e+02
    endloop
  endfacet
  facet normal 7.730105e-01 0.000000e+00 6.343933e-01
    outer loop
      vertex   3.785355e+01 1.295556e+01 1.402536e+02
      vertex   3.785355e+01 1.055355e+01 1.402536e+02
      vertex   3.791573e+01 1.047779e+01 1.401778e+02
    endloop
  endfacet
  facet normal 7.933527e-01 1.294320e-03 6.087609e-01
    outer loop
      vertex   3.785355e+01 1.295556e+01 1.402536e+02
      vertex   3.791573e+01 1.047779e+01 1.401778e+02
      vertex   3.793301e+01 1.295556e+01 1.401500e+02
    endloop
  endfacet
  facet normal 8.815658e-01 -8.537299e-04 4.720604e-01
    outer loop
      vertex   3.793301e+01 1.295556e+01 1.401500e+02
      vertex   3.791573e+01 1.047779e+01 1.401778e+02
      vertex   3.796194e+01 1.039134e+01 1.400913e+02
    endloop
  endfacet
  facet normal 9.238782e-01 1.668177e-03 3.826829e-01
    outer loop
      vertex   3.793301e+01 1.295556e+01 1.401500e+02
      vertex   3.796194e+01 1.039134e+01 1.400913e+02
      vertex   3.798296e+01 1.295556e+01 1.400294e+02
    endloop
  endfacet
  facet normal 9.567134e-01 -8.146626e-04 2.910305e-01
    outer loop
      vertex   3.798296e+01 1.295556e+01 1.400294e+02
      vertex   3.796194e+01 1.039134e+01 1.400913e+02
      vertex   3.799039e+01 1.029755e+01 1.399975e+02
    endloop
  endfacet
  facet normal 9.738770e-01 -0.000000e+00 2.270763e-01
    outer loop
      vertex   3.798296e+01 1.295556e+01 1.400294e+02
      vertex   3.799039e+01 1.029755e+01 1.399975e+02
      vertex   3.798296e+01 1.571111e+01 1.400294e+02
    endloop
  endfacet
  facet normal 9.738770e-01 -0.000000e+00 2.270763e-01
    outer loop
      vertex   3.798296e+01 1.571111e+01 1.400294e+02
      vertex   3.799039e+01 1.029755e+01 1.399975e+02
      vertex   3.798296e+01 1.846667e+01 1.400294e+02
    endloop
  endfacet
  facet normal 9.238795e-01 -0.000000e+00 3.826834e-01
    outer loop
      vertex   3.798296e+01 1.571111e+01 1.400294e+02
      vertex   3.798296e+01 1.846667e+01 1.400294e+02
      vertex   3.793301e+01 1.571111e+01 1.401500e+02
    endloop
  endfacet
  facet normal 9.238795e-01 -0.000000e+00 3.826834e-01
    outer loop
      vertex   3.793301e+01 1.571111e+01 1.401500e+02
      vertex   3.798296e+01 1.846667e+01 1.400294e+02
      vertex   3.793301e+01 1.846667e+01 1.401500e+02
    endloop
  endfacet
  facet normal 7.933533e-01 -0.000000e+00 6.087614e-01
    outer loop
      vertex   3.793301e+01 1.571111e+01 1.401500e+02
      vertex   3.793301e+01 1.846667e+01 1.401500e+02
      vertex   3.785355e+01 1.571111e+01 1.402536e+02
    endloop
  endfacet
  facet normal 7.933533e-01 -0.000000e+00 6.087614e-01
    outer loop
      vertex   3.785355e+01 1.571111e+01 1.402536e+02
      vertex   3.793301e+01 1.846667e+01 1.401500e+02
      vertex   3.785355e+01 1.846667e+01 1.402536e+02
    endloop
  endfacet
  facet normal 6.087614e-01 -0.000000e+00 7.933533e-01
    outer loop
      vertex   3.785355e+01 1.571111e+01 1.402536e+02
      vertex   3.785355e+01 1.846667e+01 1.402536e+02
      vertex   3.775000e+01 1.571111e+01 1.403330e+02
    endloop
  endfacet
  facet normal 6.087614e-01 -0.000000e+00 7.933533e-01
    outer loop
      vertex   3.775000e+01 1.571111e+01 1.403330e+02
      vertex   3.785355e+01 1.846667e+01 1.402536e+02
      vertex   3.775000e+01 1.846667e+01 1.403330e+02
    endloop
  endfacet
  facet normal 3.826834e-01 -0.000000e+00 9.238795e-01
    outer loop
      vertex   3.775000e+01 1.571111e+01 1.403330e+02
      vertex   3.775000e+01 1.846667e+01 1.403330e+02
      vertex   3.762941e+01 1.571111e+01 1.403830e+02
    endloop
  endfacet
  facet normal 9.951847e-01 -0.000000e+00 9.801714e-02
    outer loop
      vertex   3.800000e+01 1.020000e+01 1.399000e+02
      vertex   3.800000e+01 5.980000e+01 1.399000e+02
      vertex   3.799039e+01 1.029755e+01 1.399975e+02
    endloop
  endfacet
  facet normal 9.866146e-01 1.298494e-04 1.630693e-01
    outer loop
      vertex   3.799039e+01 1.029755e+01 1.399975e+02
      vertex   3.800000e+01 5.980000e+01 1.399000e+02
      vertex   3.798296e+01 2.673333e+01 1.400294e+02
    endloop
  endfacet
  facet normal 9.738770e-01 0.000000e+00 2.270763e-01
    outer loop
      vertex   3.799039e+01 1.029755e+01 1.399975e+02
      vertex   3.798296e+01 2.673333e+01 1.400294e+02
      vertex   3.798296e+01 2.397778e+01 1.400294e+02
    endloop
  endfacet
  facet normal 9.238795e-01 -0.000000e+00 3.826834e-01
    outer loop
      vertex   3.798296e+01 2.397778e+01 1.400294e+02
      vertex   3.798296e+01 2.673333e+01 1.400294e+02
      vertex   3.793301e+01 2.397778e+01 1.401500e+02
    endloop
  endfacet
  facet normal 9.238795e-01 0.000000e+00 3.826834e-01
    outer loop
      vertex   3.798296e+01 2.397778e+01 1.400294e+02
      vertex   3.793301e+01 2.397778e+01 1.401500e+02
      vertex   3.793301e+01 2.122222e+01 1.401500e+02
    endloop
  endfacet
  facet normal 7.933533e-01 -0.000000e+00 6.087614e-01
    outer loop
      vertex   3.793301e+01 2.122222e+01 1.401500e+02
      vertex   3.793301e+01 2.397778e+01 1.401500e+02
      vertex   3.785355e+01 2.122222e+01 1.402536e+02
    endloop
  endfacet
  facet normal 7.933533e-01 0.000000e+00 6.087614e-01
    outer loop
      vertex   3.793301e+01 2.122222e+01 1.401500e+02
      vertex   3.785355e+01 2.122222e+01 1.402536e+02
      vertex   3.785355e+01 1.846667e+01 1.402536e+02
    endloop
  endfacet
  facet normal 6.087614e-01 -0.000000e+00 7.933533e-01
    outer loop
      vertex   3.785355e+01 1.846667e+01 1.402536e+02
      vertex   3.785355e+01 2.122222e+01 1.402536e+02
      vertex   3.775000e+01 1.846667e+01 1.403330e+02
    endloop
  endfacet
  facet normal 3.826834e-01 0.000000e+00 9.238795e-01
    outer loop
      vertex   3.775000e+01 1.571111e+01 1.403330e+02
      vertex   3.762941e+01 1.571111e+01 1.403830e+02
      vertex   3.762941e+01 1.295556e+01 1.403830e+02
    endloop
  endfacet
  facet normal 1.305262e-01 -0.000000e+00 9.914449e-01
    outer loop
      vertex   3.762941e+01 1.846667e+01 1.403830e+02
      vertex   3.762941e+01 2.122222e+01 1.403830e+02
      vertex   3.750000e+01 1.070000e+01 1.404000e+02
    endloop
  endfacet
  facet normal 1.305262e-01 0.000000e+00 9.914449e-01
    outer loop
      vertex   3.750000e+01 1.070000e+01 1.404000e+02
      vertex   3.762941e+01 2.122222e+01 1.403830e+02
      vertex   3.762941e+01 2.397778e+01 1.403830e+02
    endloop
  endfacet
  facet normal 1.305262e-01 0.000000e+00 9.914449e-01
    outer loop
      vertex   3.750000e+01 1.070000e+01 1.404000e+02
      vertex   3.762941e+01 2.397778e+01 1.403830e+02
      vertex   3.762941e+01 2.673333e+01 1.403830e+02
    endloop
  endfacet
  facet normal 3.826834e-01 0.000000e+00 9.238795e-01
    outer loop
      vertex   3.762941e+01 2.673333e+01 1.403830e+02
      vertex   3.762941e+01 2.397778e+01 1.403830e+02
      vertex   3.775000e+01 2.673333e+01 1.403330e+02
    endloop
  endfacet
  facet normal 3.826834e-01 0.000000e+00 9.238795e-01
    outer loop
      vertex   3.762941e+01 2.673333e+01 1.403830e+02
      vertex   3.775000e+01 2.673333e+01 1.403330e+02
      vertex   3.775000e+01 2.948889e+01 1.403330e+02
    endloop
  endfacet
  facet normal 6.087614e-01 0.000000e+00 7.933533e-01
    outer loop
      vertex   3.775000e+01 2.948889e+01 1.403330e+02
      vertex   3.775000e+01 2.673333e+01 1.403330e+02
      vertex   3.785355e+01 2.948889e+01 1.402536e+02
    endloop
  endfacet
  facet normal 6.087614e-01 0.000000e+00 7.933533e-01
    outer loop
      vertex   3.775000e+01 2.948889e+01 1.403330e+02
      vertex   3.785355e+01 2.948889e+01 1.402536e+02
      vertex   3.785355e+01 3.224444e+01 1.402536e+02
    endloop
  endfacet
  facet normal 7.933533e-01 0.000000e+00 6.087614e-01
    outer loop
      vertex   3.785355e+01 3.224444e+01 1.402536e+02
      vertex   3.785355e+01 2.948889e+01 1.402536e+02
      vertex   3.793301e+01 3.224444e+01 1.401500e+02
    endloop
  endfacet
  facet normal 3.826834e-01 -0.000000e+00 9.238795e-01
    outer loop
      vertex   3.762941e+01 1.846667e+01 1.403830e+02
      vertex   3.775000e+01 2.122222e+01 1.403330e+02
      vertex   3.762941e+01 2.122222e+01 1.403830e+02
    endloop
  endfacet
  facet normal 3.826834e-01 0.000000e+00 9.238795e-01
    outer loop
      vertex   3.762941e+01 2.122222e+01 1.403830e+02
      vertex   3.775000e+01 2.122222e+01 1.403330e+02
      vertex   3.775000e+01 2.397778e+01 1.403330e+02
    endloop
  endfacet
  facet normal 3.826834e-01 -0.000000e+00 9.238795e-01
    outer loop
      vertex   3.762941e+01 2.122222e+01 1.403830e+02
      vertex   3.775000e+01 2.397778e+01 1.403330e+02
      vertex   3.762941e+01 2.397778e+01 1.403830e+02
    endloop
  endfacet
  facet normal 3.826834e-01 0.000000e+00 9.238795e-01
    outer loop
      vertex   3.762941e+01 2.397778e+01 1.403830e+02
      vertex   3.775000e+01 2.397778e+01 1.403330e+02
      vertex   3.775000e+01 2.673333e+01 1.403330e+02
    endloop
  endfacet
  facet normal 1.305262e-01 0.000000e+00 9.914449e-01
    outer loop
      vertex   3.762941e+01 3.224444e+01 1.403830e+02
      vertex   3.750000e+01 1.070000e+01 1.404000e+02
      vertex   3.762941e+01 2.948889e+01 1.403830e+02
    endloop
  endfacet
  facet normal 1.305262e-01 0.000000e+00 9.914449e-01
    outer loop
      vertex   3.762941e+01 2.948889e+01 1.403830e+02
      vertex   3.750000e+01 1.070000e+01 1.404000e+02
      vertex   3.762941e+01 2.673333e+01 1.403830e+02
    endloop
  endfacet
  facet normal 3.826834e-01 0.000000e+00 9.238795e-01
    outer loop
      vertex   3.762941e+01 2.948889e+01 1.403830e+02
      vertex   3.762941e+01 2.673333e+01 1.403830e+02
      vertex   3.775000e+01 2.948889e+01 1.403330e+02
    endloop
  endfacet
  facet normal 3.826834e-01 0.000000e+00 9.238795e-01
    outer loop
      vertex   3.775000e+01 3.224444e+01 1.403330e+02
      vertex   3.762941e+01 3.224444e+01 1.403830e+02
      vertex   3.762941e+01 2.948889e+01 1.403830e+02
    endloop
  endfacet
  facet normal 3.826834e-01 0.000000e+00 9.238795e-01
    outer loop
      vertex   3.775000e+01 3.224444e+01 1.403330e+02
      vertex   3.762941e+01 2.948889e+01 1.403830e+02
      vertex   3.775000e+01 2.948889e+01 1.403330e+02
    endloop
  endfacet
  facet normal 3.826834e-01 0.000000e+00 9.238795e-01
    outer loop
      vertex   3.762941e+01 3.775556e+01 1.403830e+02
      vertex   3.762941e+01 3.500000e+01 1.403830e+02
      vertex   3.775000e+01 3.775556e+01 1.403330e+02
    endloop
  endfacet
  facet normal 3.826834e-01 0.000000e+00 9.238795e-01
    outer loop
      vertex   3.775000e+01 3.775556e+01 1.403330e+02
      vertex   3.762941e+01 3.500000e+01 1.403830e+02
      vertex   3.775000e+01 3.500000e+01 1.403330e+02
    endloop
  endfacet
  facet normal 6.087614e-01 0.000000e+00 7.933533e-01
    outer loop
      vertex   3.775000e+01 3.775556e+01 1.403330e+02
      vertex   3.775000e+01 3.500000e+01 1.403330e+02
      vertex   3.785355e+01 3.775556e+01 1.402536e+02
    endloop
  endfacet
  facet normal 6.087614e-01 0.000000e+00 7.933533e-01
    outer loop
      vertex   3.785355e+01 3.775556e+01 1.402536e+02
      vertex   3.775000e+01 3.500000e+01 1.403330e+02
      vertex   3.785355e+01 3.500000e+01 1.402536e+02
    endloop
  endfacet
  facet normal 7.933533e-01 0.000000e+00 6.087614e-01
    outer loop
      vertex   3.785355e+01 3.775556e+01 1.402536e+02
      vertex   3.785355e+01 3.500000e+01 1.402536e+02
      vertex   3.793301e+01 3.775556e+01 1.401500e+02
    endloop
  endfacet
  facet normal 7.933533e-01 0.000000e+00 6.087614e-01
    outer loop
      vertex   3.793301e+01 3.775556e+01 1.401500e+02
      vertex   3.785355e+01 3.500000e+01 1.402536e+02
      vertex   3.793301e+01 3.500000e+01 1.401500e+02
    endloop
  endfacet
  facet normal 9.238795e-01 0.000000e+00 3.826834e-01
    outer loop
      vertex   3.793301e+01 3.775556e+01 1.401500e+02
      vertex   3.793301e+01 3.500000e+01 1.401500e+02
      vertex   3.798296e+01 3.775556e+01 1.400294e+02
    endloop
  endfacet
  facet normal 9.238795e-01 0.000000e+00 3.826834e-01
    outer loop
      vertex   3.798296e+01 3.775556e+01 1.400294e+02
      vertex   3.793301e+01 3.500000e+01 1.401500e+02
      vertex   3.798296e+01 3.500000e+01 1.400294e+02
    endloop
  endfacet
  facet normal 9.914449e-01 0.000000e+00 1.305262e-01
    outer loop
      vertex   3.798296e+01 3.775556e+01 1.400294e+02
      vertex   3.798296e+01 3.500000e+01 1.400294e+02
      vertex   3.800000e+01 5.980000e+01 1.399000e+02
    endloop
  endfacet
  facet normal 1.790169e-01 -0.000000e+00 9.838460e-01
    outer loop
      vertex   3.762941e+01 4.051111e+01 1.403830e+02
      vertex   3.762941e+01 4.326667e+01 1.403830e+02
      vertex   3.754901e+01 5.930241e+01 1.403976e+02
    endloop
  endfacet
  facet normal 1.790169e-01 0.000000e+00 9.838460e-01
    outer loop
      vertex   3.754901e+01 5.930241e+01 1.403976e+02
      vertex   3.762941e+01 4.326667e+01 1.403830e+02
      vertex   3.762941e+01 4.602222e+01 1.403830e+02
    endloop
  endfacet
  facet normal 1.790169e-01 0.000000e+00 9.838460e-01
    outer loop
      vertex   3.754901e+01 5.930241e+01 1.403976e+02
      vertex   3.762941e+01 4.602222e+01 1.403830e+02
      vertex   3.762941e+01 4.877778e+01 1.403830e+02
    endloop
  endfacet
  facet normal 3.826834e-01 0.000000e+00 9.238795e-01
    outer loop
      vertex   3.762941e+01 4.877778e+01 1.403830e+02
      vertex   3.762941e+01 4.602222e+01 1.403830e+02
      vertex   3.775000e+01 4.877778e+01 1.403330e+02
    endloop
  endfacet
  facet normal 3.826834e-01 0.000000e+00 9.238795e-01
    outer loop
      vertex   3.762941e+01 4.877778e+01 1.403830e+02
      vertex   3.775000e+01 4.877778e+01 1.403330e+02
      vertex   3.775000e+01 5.153333e+01 1.403330e+02
    endloop
  endfacet
  facet normal 6.087614e-01 0.000000e+00 7.933533e-01
    outer loop
      vertex   3.775000e+01 5.153333e+01 1.403330e+02
      vertex   3.775000e+01 4.877778e+01 1.403330e+02
      vertex   3.785355e+01 5.153333e+01 1.402536e+02
    endloop
  endfacet
  facet normal 6.087614e-01 0.000000e+00 7.933533e-01
    outer loop
      vertex   3.775000e+01 5.153333e+01 1.403330e+02
      vertex   3.785355e+01 5.153333e+01 1.402536e+02
      vertex   3.785355e+01 5.428889e+01 1.402536e+02
    endloop
  endfacet
  facet normal 7.933533e-01 0.000000e+00 6.087614e-01
    outer loop
      vertex   3.785355e+01 5.428889e+01 1.402536e+02
      vertex   3.785355e+01 5.153333e+01 1.402536e+02
      vertex   3.793301e+01 5.428889e+01 1.401500e+02
    endloop
  endfacet
  facet normal 3.826834e-01 -0.000000e+00 9.238795e-01
    outer loop
      vertex   3.762941e+01 4.051111e+01 1.403830e+02
      vertex   3.775000e+01 4.326667e+01 1.403330e+02
      vertex   3.762941e+01 4.326667e+01 1.403830e+02
    endloop
  endfacet
  facet normal 3.826834e-01 0.000000e+00 9.238795e-01
    outer loop
      vertex   3.762941e+01 4.326667e+01 1.403830e+02
      vertex   3.775000e+01 4.326667e+01 1.403330e+02
      vertex   3.775000e+01 4.602222e+01 1.403330e+02
    endloop
  endfacet
  facet normal 3.826834e-01 -0.000000e+00 9.238795e-01
    outer loop
      vertex   3.762941e+01 4.326667e+01 1.403830e+02
      vertex   3.775000e+01 4.602222e+01 1.403330e+02
      vertex   3.762941e+01 4.602222e+01 1.403830e+02
    endloop
  endfacet
  facet normal 3.826834e-01 0.000000e+00 9.238795e-01
    outer loop
      vertex   3.762941e+01 4.602222e+01 1.403830e+02
      vertex   3.775000e+01 4.602222e+01 1.403330e+02
      vertex   3.775000e+01 4.877778e+01 1.403330e+02
    endloop
  endfacet
  facet normal 1.790169e-01 0.000000e+00 9.838460e-01
    outer loop
      vertex   3.762941e+01 5.428889e+01 1.403830e+02
      vertex   3.754901e+01 5.930241e+01 1.403976e+02
      vertex   3.762941e+01 5.153333e+01 1.403830e+02
    endloop
  endfacet
  facet normal 1.790169e-01 0.000000e+00 9.838460e-01
    outer loop
      vertex   3.762941e+01 5.153333e+01 1.403830e+02
      vertex   3.754901e+01 5.930241e+01 1.403976e+02
      vertex   3.762941e+01 4.877778e+01 1.403830e+02
    endloop
  endfacet
  facet normal 3.826834e-01 0.000000e+00 9.238795e-01
    outer loop
      vertex   3.762941e+01 5.153333e+01 1.403830e+02
      vertex   3.762941e+01 4.877778e+01 1.403830e+02
      vertex   3.775000e+01 5.153333e+01 1.403330e+02
    endloop
  endfacet
  facet normal 3.826834e-01 0.000000e+00 9.238795e-01
    outer loop
      vertex   3.775000e+01 5.428889e+01 1.403330e+02
      vertex   3.762941e+01 5.428889e+01 1.403830e+02
      vertex   3.762941e+01 5.153333e+01 1.403830e+02
    endloop
  endfacet
  facet normal 3.826834e-01 0.000000e+00 9.238795e-01
    outer loop
      vertex   3.775000e+01 5.428889e+01 1.403330e+02
      vertex   3.762941e+01 5.153333e+01 1.403830e+02
      vertex   3.775000e+01 5.153333e+01 1.403330e+02
    endloop
  endfacet
  facet normal 6.087614e-01 0.000000e+00 7.933533e-01
    outer loop
      vertex   3.785355e+01 1.571111e+01 1.402536e+02
      vertex   3.775000e+01 1.571111e+01 1.403330e+02
      vertex   3.775000e+01 1.295556e+01 1.403330e+02
    endloop
  endfacet
  facet normal 3.826834e-01 -0.000000e+00 9.238795e-01
    outer loop
      vertex   3.775000e+01 1.295556e+01 1.403330e+02
      vertex   3.775000e+01 1.571111e+01 1.403330e+02
      vertex   3.762941e+01 1.295556e+01 1.403830e+02
    endloop
  endfacet
  facet normal 6.087614e-01 -0.000000e+00 7.933533e-01
    outer loop
      vertex   3.775000e+01 2.122222e+01 1.403330e+02
      vertex   3.785355e+01 2.397778e+01 1.402536e+02
      vertex   3.775000e+01 2.397778e+01 1.403330e+02
    endloop
  endfacet
  facet normal 6.087614e-01 0.000000e+00 7.933533e-01
    outer loop
      vertex   3.775000e+01 2.397778e+01 1.403330e+02
      vertex   3.785355e+01 2.397778e+01 1.402536e+02
      vertex   3.785355e+01 2.673333e+01 1.402536e+02
    endloop
  endfacet
  facet normal 6.087614e-01 -0.000000e+00 7.933533e-01
    outer loop
      vertex   3.775000e+01 2.397778e+01 1.403330e+02
      vertex   3.785355e+01 2.673333e+01 1.402536e+02
      vertex   3.775000e+01 2.673333e+01 1.403330e+02
    endloop
  endfacet
  facet normal 6.087614e-01 0.000000e+00 7.933533e-01
    outer loop
      vertex   3.775000e+01 2.673333e+01 1.403330e+02
      vertex   3.785355e+01 2.673333e+01 1.402536e+02
      vertex   3.785355e+01 2.948889e+01 1.402536e+02
    endloop
  endfacet
  facet normal 6.087614e-01 0.000000e+00 7.933533e-01
    outer loop
      vertex   3.785355e+01 3.224444e+01 1.402536e+02
      vertex   3.775000e+01 3.224444e+01 1.403330e+02
      vertex   3.775000e+01 2.948889e+01 1.403330e+02
    endloop
  endfacet
  facet normal 3.826834e-01 0.000000e+00 9.238795e-01
    outer loop
      vertex   3.762941e+01 3.775556e+01 1.403830e+02
      vertex   3.775000e+01 3.775556e+01 1.403330e+02
      vertex   3.775000e+01 4.051111e+01 1.403330e+02
    endloop
  endfacet
  facet normal 6.087614e-01 0.000000e+00 7.933533e-01
    outer loop
      vertex   3.775000e+01 4.051111e+01 1.403330e+02
      vertex   3.775000e+01 3.775556e+01 1.403330e+02
      vertex   3.785355e+01 4.051111e+01 1.402536e+02
    endloop
  endfacet
  facet normal 6.087614e-01 0.000000e+00 7.933533e-01
    outer loop
      vertex   3.775000e+01 4.051111e+01 1.403330e+02
      vertex   3.785355e+01 4.051111e+01 1.402536e+02
      vertex   3.785355e+01 4.326667e+01 1.402536e+02
    endloop
  endfacet
  facet normal 7.933533e-01 0.000000e+00 6.087614e-01
    outer loop
      vertex   3.785355e+01 4.326667e+01 1.402536e+02
      vertex   3.785355e+01 4.051111e+01 1.402536e+02
      vertex   3.793301e+01 4.326667e+01 1.401500e+02
    endloop
  endfacet
  facet normal 7.933533e-01 0.000000e+00 6.087614e-01
    outer loop
      vertex   3.785355e+01 4.326667e+01 1.402536e+02
      vertex   3.793301e+01 4.326667e+01 1.401500e+02
      vertex   3.793301e+01 4.602222e+01 1.401500e+02
    endloop
  endfacet
  facet normal 9.238795e-01 0.000000e+00 3.826834e-01
    outer loop
      vertex   3.793301e+01 4.602222e+01 1.401500e+02
      vertex   3.793301e+01 4.326667e+01 1.401500e+02
      vertex   3.798296e+01 4.602222e+01 1.400294e+02
    endloop
  endfacet
  facet normal 9.238795e-01 0.000000e+00 3.826834e-01
    outer loop
      vertex   3.793301e+01 4.602222e+01 1.401500e+02
      vertex   3.798296e+01 4.602222e+01 1.400294e+02
      vertex   3.798296e+01 4.877778e+01 1.400294e+02
    endloop
  endfacet
  facet normal 9.914449e-01 0.000000e+00 1.305262e-01
    outer loop
      vertex   3.798296e+01 4.877778e+01 1.400294e+02
      vertex   3.798296e+01 4.602222e+01 1.400294e+02
      vertex   3.800000e+01 5.980000e+01 1.399000e+02
    endloop
  endfacet
  facet normal 6.087614e-01 0.000000e+00 7.933533e-01
    outer loop
      vertex   3.785355e+01 4.051111e+01 1.402536e+02
      vertex   3.775000e+01 3.775556e+01 1.403330e+02
      vertex   3.785355e+01 3.775556e+01 1.402536e+02
    endloop
  endfacet
  facet normal 6.087614e-01 -0.000000e+00 7.933533e-01
    outer loop
      vertex   3.775000e+01 4.326667e+01 1.403330e+02
      vertex   3.785355e+01 4.602222e+01 1.402536e+02
      vertex   3.775000e+01 4.602222e+01 1.403330e+02
    endloop
  endfacet
  facet normal 6.087614e-01 0.000000e+00 7.933533e-01
    outer loop
      vertex   3.775000e+01 4.602222e+01 1.403330e+02
      vertex   3.785355e+01 4.602222e+01 1.402536e+02
      vertex   3.785355e+01 4.877778e+01 1.402536e+02
    endloop
  endfacet
  facet normal 6.087614e-01 -0.000000e+00 7.933533e-01
    outer loop
      vertex   3.775000e+01 4.602222e+01 1.403330e+02
      vertex   3.785355e+01 4.877778e+01 1.402536e+02
      vertex   3.775000e+01 4.877778e+01 1.403330e+02
    endloop
  endfacet
  facet normal 6.087614e-01 0.000000e+00 7.933533e-01
    outer loop
      vertex   3.775000e+01 4.877778e+01 1.403330e+02
      vertex   3.785355e+01 4.877778e+01 1.402536e+02
      vertex   3.785355e+01 5.153333e+01 1.402536e+02
    endloop
  endfacet
  facet normal 6.087614e-01 0.000000e+00 7.933533e-01
    outer loop
      vertex   3.785355e+01 5.428889e+01 1.402536e+02
      vertex   3.775000e+01 5.428889e+01 1.403330e+02
      vertex   3.775000e+01 5.153333e+01 1.403330e+02
    endloop
  endfacet
  facet normal 7.933533e-01 0.000000e+00 6.087614e-01
    outer loop
      vertex   3.793301e+01 1.571111e+01 1.401500e+02
      vertex   3.785355e+01 1.571111e+01 1.402536e+02
      vertex   3.785355e+01 1.295556e+01 1.402536e+02
    endloop
  endfacet
  facet normal 6.087614e-01 -0.000000e+00 7.933533e-01
    outer loop
      vertex   3.785355e+01 1.295556e+01 1.402536e+02
      vertex   3.785355e+01 1.571111e+01 1.402536e+02
      vertex   3.775000e+01 1.295556e+01 1.403330e+02
    endloop
  endfacet
  facet normal 7.933533e-01 0.000000e+00 6.087614e-01
    outer loop
      vertex   3.793301e+01 2.122222e+01 1.401500e+02
      vertex   3.785355e+01 1.846667e+01 1.402536e+02
      vertex   3.793301e+01 1.846667e+01 1.401500e+02
    endloop
  endfacet
  facet normal 7.933533e-01 -0.000000e+00 6.087614e-01
    outer loop
      vertex   3.785355e+01 2.397778e+01 1.402536e+02
      vertex   3.793301e+01 2.673333e+01 1.401500e+02
      vertex   3.785355e+01 2.673333e+01 1.402536e+02
    endloop
  endfacet
  facet normal 7.933533e-01 0.000000e+00 6.087614e-01
    outer loop
      vertex   3.785355e+01 2.673333e+01 1.402536e+02
      vertex   3.793301e+01 2.673333e+01 1.401500e+02
      vertex   3.793301e+01 2.948889e+01 1.401500e+02
    endloop
  endfacet
  facet normal 7.933533e-01 -0.000000e+00 6.087614e-01
    outer loop
      vertex   3.785355e+01 2.673333e+01 1.402536e+02
      vertex   3.793301e+01 2.948889e+01 1.401500e+02
      vertex   3.785355e+01 2.948889e+01 1.402536e+02
    endloop
  endfacet
  facet normal 7.933533e-01 0.000000e+00 6.087614e-01
    outer loop
      vertex   3.785355e+01 2.948889e+01 1.402536e+02
      vertex   3.793301e+01 2.948889e+01 1.401500e+02
      vertex   3.793301e+01 3.224444e+01 1.401500e+02
    endloop
  endfacet
  facet normal 7.933533e-01 0.000000e+00 6.087614e-01
    outer loop
      vertex   3.785355e+01 4.051111e+01 1.402536e+02
      vertex   3.785355e+01 3.775556e+01 1.402536e+02
      vertex   3.793301e+01 4.051111e+01 1.401500e+02
    endloop
  endfacet
  facet normal 7.933533e-01 0.000000e+00 6.087614e-01
    outer loop
      vertex   3.793301e+01 4.051111e+01 1.401500e+02
      vertex   3.785355e+01 3.775556e+01 1.402536e+02
      vertex   3.793301e+01 3.775556e+01 1.401500e+02
    endloop
  endfacet
  facet normal 9.238795e-01 0.000000e+00 3.826834e-01
    outer loop
      vertex   3.793301e+01 4.051111e+01 1.401500e+02
      vertex   3.793301e+01 3.775556e+01 1.401500e+02
      vertex   3.798296e+01 4.051111e+01 1.400294e+02
    endloop
  endfacet
  facet normal 9.238795e-01 0.000000e+00 3.826834e-01
    outer loop
      vertex   3.798296e+01 4.051111e+01 1.400294e+02
      vertex   3.793301e+01 3.775556e+01 1.401500e+02
      vertex   3.798296e+01 3.775556e+01 1.400294e+02
    endloop
  endfacet
  facet normal 9.914449e-01 0.000000e+00 1.305262e-01
    outer loop
      vertex   3.798296e+01 4.051111e+01 1.400294e+02
      vertex   3.798296e+01 3.775556e+01 1.400294e+02
      vertex   3.800000e+01 5.980000e+01 1.399000e+02
    endloop
  endfacet
  facet normal 7.933533e-01 -0.000000e+00 6.087614e-01
    outer loop
      vertex   3.785355e+01 4.602222e+01 1.402536e+02
      vertex   3.793301e+01 4.877778e+01 1.401500e+02
      vertex   3.785355e+01 4.877778e+01 1.402536e+02
    endloop
  endfacet
  facet normal 7.933533e-01 0.000000e+00 6.087614e-01
    outer loop
      vertex   3.785355e+01 4.877778e+01 1.402536e+02
      vertex   3.793301e+01 4.877778e+01 1.401500e+02
      vertex   3.793301e+01 5.153333e+01 1.401500e+02
    endloop
  endfacet
  facet normal 7.933533e-01 -0.000000e+00 6.087614e-01
    outer loop
      vertex   3.785355e+01 4.877778e+01 1.402536e+02
      vertex   3.793301e+01 5.153333e+01 1.401500e+02
      vertex   3.785355e+01 5.153333e+01 1.402536e+02
    endloop
  endfacet
  facet normal 7.933533e-01 0.000000e+00 6.087614e-01
    outer loop
      vertex   3.785355e+01 5.153333e+01 1.402536e+02
      vertex   3.793301e+01 5.153333e+01 1.401500e+02
      vertex   3.793301e+01 5.428889e+01 1.401500e+02
    endloop
  endfacet
  facet normal 9.238795e-01 0.000000e+00 3.826834e-01
    outer loop
      vertex   3.798296e+01 1.571111e+01 1.400294e+02
      vertex   3.793301e+01 1.571111e+01 1.401500e+02
      vertex   3.793301e+01 1.295556e+01 1.401500e+02
    endloop
  endfacet
  facet normal 7.933533e-01 -0.000000e+00 6.087614e-01
    outer loop
      vertex   3.793301e+01 1.295556e+01 1.401500e+02
      vertex   3.793301e+01 1.571111e+01 1.401500e+02
      vertex   3.785355e+01 1.295556e+01 1.402536e+02
    endloop
  endfacet
  facet normal 9.238795e-01 -0.000000e+00 3.826834e-01
    outer loop
      vertex   3.798296e+01 1.295556e+01 1.400294e+02
      vertex   3.798296e+01 1.571111e+01 1.400294e+02
      vertex   3.793301e+01 1.295556e+01 1.401500e+02
    endloop
  endfacet
  facet normal 9.238795e-01 0.000000e+00 3.826834e-01
    outer loop
      vertex   3.793301e+01 2.122222e+01 1.401500e+02
      vertex   3.793301e+01 1.846667e+01 1.401500e+02
      vertex   3.798296e+01 2.122222e+01 1.400294e+02
    endloop
  endfacet
  facet normal 9.238795e-01 0.000000e+00 3.826834e-01
    outer loop
      vertex   3.798296e+01 2.122222e+01 1.400294e+02
      vertex   3.793301e+01 1.846667e+01 1.401500e+02
      vertex   3.798296e+01 1.846667e+01 1.400294e+02
    endloop
  endfacet
  facet normal 9.738770e-01 0.000000e+00 2.270763e-01
    outer loop
      vertex   3.798296e+01 2.122222e+01 1.400294e+02
      vertex   3.798296e+01 1.846667e+01 1.400294e+02
      vertex   3.799039e+01 1.029755e+01 1.399975e+02
    endloop
  endfacet
  facet normal 9.238795e-01 0.000000e+00 3.826834e-01
    outer loop
      vertex   3.798296e+01 3.224444e+01 1.400294e+02
      vertex   3.793301e+01 3.224444e+01 1.401500e+02
      vertex   3.793301e+01 2.948889e+01 1.401500e+02
    endloop
  endfacet
  facet normal 9.238795e-01 0.000000e+00 3.826834e-01
    outer loop
      vertex   3.798296e+01 3.224444e+01 1.400294e+02
      vertex   3.793301e+01 2.948889e+01 1.401500e+02
      vertex   3.798296e+01 2.948889e+01 1.400294e+02
    endloop
  endfacet
  facet normal 9.238795e-01 0.000000e+00 3.826834e-01
    outer loop
      vertex   3.798296e+01 2.948889e+01 1.400294e+02
      vertex   3.793301e+01 2.948889e+01 1.401500e+02
      vertex   3.793301e+01 2.673333e+01 1.401500e+02
    endloop
  endfacet
  facet normal 7.933533e-01 0.000000e+00 6.087614e-01
    outer loop
      vertex   3.785355e+01 4.051111e+01 1.402536e+02
      vertex   3.793301e+01 4.051111e+01 1.401500e+02
      vertex   3.793301e+01 4.326667e+01 1.401500e+02
    endloop
  endfacet
  facet normal 9.238795e-01 0.000000e+00 3.826834e-01
    outer loop
      vertex   3.793301e+01 4.326667e+01 1.401500e+02
      vertex   3.793301e+01 4.051111e+01 1.401500e+02
      vertex   3.798296e+01 4.326667e+01 1.400294e+02
    endloop
  endfacet
  facet normal 9.238795e-01 0.000000e+00 3.826834e-01
    outer loop
      vertex   3.793301e+01 4.326667e+01 1.401500e+02
      vertex   3.798296e+01 4.326667e+01 1.400294e+02
      vertex   3.798296e+01 4.602222e+01 1.400294e+02
    endloop
  endfacet
  facet normal 9.914449e-01 0.000000e+00 1.305262e-01
    outer loop
      vertex   3.798296e+01 4.602222e+01 1.400294e+02
      vertex   3.798296e+01 4.326667e+01 1.400294e+02
      vertex   3.800000e+01 5.980000e+01 1.399000e+02
    endloop
  endfacet
  facet normal 9.238795e-01 0.000000e+00 3.826834e-01
    outer loop
      vertex   3.798296e+01 4.326667e+01 1.400294e+02
      vertex   3.793301e+01 4.051111e+01 1.401500e+02
      vertex   3.798296e+01 4.051111e+01 1.400294e+02
    endloop
  endfacet
  facet normal 9.238795e-01 0.000000e+00 3.826834e-01
    outer loop
      vertex   3.798296e+01 5.428889e+01 1.400294e+02
      vertex   3.793301e+01 5.428889e+01 1.401500e+02
      vertex   3.793301e+01 5.153333e+01 1.401500e+02
    endloop
  endfacet
  facet normal 9.238795e-01 0.000000e+00 3.826834e-01
    outer loop
      vertex   3.798296e+01 5.428889e+01 1.400294e+02
      vertex   3.793301e+01 5.153333e+01 1.401500e+02
      vertex   3.798296e+01 5.153333e+01 1.400294e+02
    endloop
  endfacet
  facet normal 9.238795e-01 0.000000e+00 3.826834e-01
    outer loop
      vertex   3.798296e+01 5.153333e+01 1.400294e+02
      vertex   3.793301e+01 5.153333e+01 1.401500e+02
      vertex   3.793301e+01 4.877778e+01 1.401500e+02
    endloop
  endfacet
  facet normal 9.738770e-01 0.000000e+00 2.270763e-01
    outer loop
      vertex   3.799039e+01 1.029755e+01 1.399975e+02
      vertex   3.798296e+01 2.397778e+01 1.400294e+02
      vertex   3.798296e+01 2.122222e+01 1.400294e+02
    endloop
  endfacet
  facet normal 9.238795e-01 -0.000000e+00 3.826834e-01
    outer loop
      vertex   3.798296e+01 2.122222e+01 1.400294e+02
      vertex   3.798296e+01 2.397778e+01 1.400294e+02
      vertex   3.793301e+01 2.122222e+01 1.401500e+02
    endloop
  endfacet
  facet normal 9.914449e-01 0.000000e+00 1.305262e-01
    outer loop
      vertex   3.800000e+01 5.980000e+01 1.399000e+02
      vertex   3.798296e+01 4.326667e+01 1.400294e+02
      vertex   3.798296e+01 4.051111e+01 1.400294e+02
    endloop
  endfacet
  facet normal 0.000000e+00 -1.000000e+00 -0.000000e+00
    outer loop
      vertex   3.750000e+01 5.930000e+01 1.500013e+02
      vertex   3.748805e+01 5.930000e+01 1.500006e+02
      vertex   3.750000e+01 5.930000e+01 1.404000e+02
    endloop
  endfacet
  facet normal 0.000000e+00 -1.000000e+00 0.000000e+00
    outer loop
      vertex   3.750000e+01 5.930000e+01 1.404000e+02
      vertex   3.748805e+01 5.930000e+01 1.500006e+02
      vertex   3.747608e+01 5.930000e+01 1.500001e+02
    endloop
  endfacet
  facet normal 0.000000e+00 -1.000000e+00 0.000000e+00
    outer loop
      vertex   3.750000e+01 5.930000e+01 1.404000e+02
      vertex   3.747608e+01 5.930000e+01 1.500001e+02
      vertex   3.746410e+01 5.930000e+01 1.500000e+02
    endloop
  endfacet
  facet normal 0.000000e+00 -1.000000e+00 0.000000e+00
    outer loop
      vertex   2.800000e+01 5.930000e+01 1.500000e+02
      vertex   2.800000e+01 5.930000e+01 1.404000e+02
      vertex   3.746410e+01 5.930000e+01 1.500000e+02
    endloop
  endfacet
  facet normal 0.000000e+00 -1.000000e+00 -0.000000e+00
    outer loop
      vertex   3.746410e+01 5.930000e+01 1.500000e+02
      vertex   2.800000e+01 5.930000e+01 1.404000e+02
      vertex   3.750000e+01 5.930000e+01 1.404000e+02
    endloop
  endfacet
  facet normal 0.000000e+00 1.000000e+00 0.000000e+00
    outer loop
      vertex   3.750000e+01 1.070000e+01 1.500013e+02
      vertex   3.750000e+01 1.070000e+01 1.404000e+02
      vertex   3.748805e+01 1.070000e+01 1.500006e+02
    endloop
  endfacet
  facet normal 0.000000e+00 1.000000e+00 0.000000e+00
    outer loop
      vertex   3.748805e+01 1.070000e+01 1.500006e+02
      vertex   3.750000e+01 1.070000e+01 1.404000e+02
      vertex   3.747608e+01 1.070000e+01 1.500001e+02
    endloop
  endfacet
  facet normal 0.000000e+00 1.000000e+00 0.000000e+00
    outer loop
      vertex   3.747608e+01 1.070000e+01 1.500001e+02
      vertex   3.750000e+01 1.070000e+01 1.404000e+02
      vertex   3.746410e+01 1.070000e+01 1.500000e+02
    endloop
  endfacet
  facet normal 0.000000e+00 1.000000e+00 0.000000e+00
    outer loop
      vertex   3.746410e+01 1.070000e+01 1.500000e+02
      vertex   3.750000e+01 1.070000e+01 1.404000e+02
      vertex   2.800000e+01 1.070000e+01 1.404000e+02
    endloop
  endfacet
  facet normal 0.000000e+00 1.000000e+00 0.000000e+00
    outer loop
      vertex   3.746410e+01 1.070000e+01 1.500000e+02
      vertex   2.800000e+01 1.070000e+01 1.404000e+02
      vertex   2.800000e+01 1.070000e+01 1.500000e+02
    endloop
  endfacet
  facet normal 0.000000e+00 -0.000000e+00 1.000000e+00
    outer loop
      vertex   3.750000e+01 1.070000e+01 1.404000e+02
      vertex   3.750000e+01 5.930000e+01 1.404000e+02
      vertex   2.800000e+01 1.070000e+01 1.404000e+02
    endloop
  endfacet
  facet normal 0.000000e+00 0.000000e+00 1.000000e+00
    outer loop
      vertex   2.800000e+01 1.070000e+01 1.404000e+02
      vertex   3.750000e+01 5.930000e+01 1.404000e+02
      vertex   2.800000e+01 5.930000e+01 1.404000e+02
    endloop
  endfacet
  facet normal 1.000000e+00 0.000000e+00 -0.000000e+00
    outer loop
      vertex   2.800000e+01 5.930000e+01 1.404000e+02
      vertex   2.800000e+01 5.930000e+01 1.500000e+02
      vertex   2.800000e+01 1.070000e+01 1.404000e+02
    endloop
  endfacet
  facet normal 1.000000e+00 0.000000e+00 0.000000e+00
    outer loop
      vertex   2.800000e+01 1.070000e+01 1.404000e+02
      vertex   2.800000e+01 5.930000e+01 1.500000e+02
      vertex   2.800000e+01 1.070000e+01 1.500000e+02
    endloop
  endfacet
  facet normal 1.294283e-01 -9.831056e-01 -1.294283e-01
    outer loop
      vertex   3.600000e+01 7.000000e+00 1.450000e+01
      vertex   3.600000e+01 7.017037e+00 1.437059e+01
      vertex   3.651764e+01 7.068148e+00 1.450000e+01
    endloop
  endfacet
  facet normal 1.294283e-01 -9.831056e-01 -1.294283e-01
    outer loop
      vertex   3.651764e+01 7.068148e+00 1.450000e+01
      vertex   3.600000e+01 7.017037e+00 1.437059e+01
      vertex   3.651323e+01 7.084605e+00 1.437059e+01
    endloop
  endfacet
  facet normal 3.794646e-01 -9.161086e-01 -1.294283e-01
    outer loop
      vertex   3.651764e+01 7.068148e+00 1.450000e+01
      vertex   3.651323e+01 7.084605e+00 1.437059e+01
      vertex   3.700000e+01 7.267949e+00 1.450000e+01
    endloop
  endfacet
  facet normal 3.794646e-01 -9.161086e-01 -1.294283e-01
    outer loop
      vertex   3.700000e+01 7.267949e+00 1.450000e+01
      vertex   3.651323e+01 7.084605e+00 1.437059e+01
      vertex   3.699148e+01 7.282704e+00 1.437059e+01
    endloop
  endfacet
  facet normal 6.036410e-01 -7.866803e-01 -1.294283e-01
    outer loop
      vertex   3.700000e+01 7.267949e+00 1.450000e+01
      vertex   3.699148e+01 7.282704e+00 1.437059e+01
      vertex   3.741421e+01 7.585786e+00 1.450000e+01
    endloop
  endfacet
  facet normal 6.036410e-01 -7.866803e-01 -1.294283e-01
    outer loop
      vertex   3.741421e+01 7.585786e+00 1.450000e+01
      vertex   3.699148e+01 7.282704e+00 1.437059e+01
      vertex   3.740217e+01 7.597833e+00 1.437059e+01
    endloop
  endfacet
  facet normal 7.866803e-01 -6.036410e-01 -1.294283e-01
    outer loop
      vertex   3.741421e+01 7.585786e+00 1.450000e+01
      vertex   3.740217e+01 7.597833e+00 1.437059e+01
      vertex   3.773205e+01 8.000000e+00 1.450000e+01
    endloop
  endfacet
  facet normal 7.866803e-01 -6.036410e-01 -1.294283e-01
    outer loop
      vertex   3.773205e+01 8.000000e+00 1.450000e+01
      vertex   3.740217e+01 7.597833e+00 1.437059e+01
      vertex   3.771730e+01 8.008519e+00 1.437059e+01
    endloop
  endfacet
  facet normal 9.161086e-01 -3.794646e-01 -1.294283e-01
    outer loop
      vertex   3.773205e+01 8.000000e+00 1.450000e+01
      vertex   3.771730e+01 8.008519e+00 1.437059e+01
      vertex   3.793185e+01 8.482362e+00 1.450000e+01
    endloop
  endfacet
  facet normal 9.161086e-01 -3.794646e-01 -1.294283e-01
    outer loop
      vertex   3.793185e+01 8.482362e+00 1.450000e+01
      vertex   3.771730e+01 8.008519e+00 1.437059e+01
      vertex   3.791540e+01 8.486771e+00 1.437059e+01
    endloop
  endfacet
  facet normal 9.831056e-01 -1.294283e-01 -1.294283e-01
    outer loop
      vertex   3.793185e+01 8.482362e+00 1.450000e+01
      vertex   3.791540e+01 8.486771e+00 1.437059e+01
      vertex   3.800000e+01 9.000000e+00 1.450000e+01
    endloop
  endfacet
  facet normal 9.831056e-01 -1.294283e-01 -1.294283e-01
    outer loop
      vertex   3.800000e+01 9.000000e+00 1.450000e+01
      vertex   3.791540e+01 8.486771e+00 1.437059e+01
      vertex   3.798296e+01 9.000000e+00 1.437059e+01
    endloop
  endfacet
  facet normal 9.171204e-01 -1.207412e-01 -3.798837e-01
    outer loop
      vertex   3.798296e+01 9.000000e+00 1.437059e+01
      vertex   3.791540e+01 8.486771e+00 1.437059e+01
      vertex   3.786715e+01 8.499699e+00 1.425000e+01
    endloop
  endfacet
  facet normal 9.171204e-01 -1.207412e-01 -3.798837e-01
    outer loop
      vertex   3.798296e+01 9.000000e+00 1.437059e+01
      vertex   3.786715e+01 8.499699e+00 1.425000e+01
      vertex   3.793301e+01 9.000000e+00 1.425000e+01
    endloop
  endfacet
  facet normal 7.890610e-01 -1.038819e-01 -6.054678e-01
    outer loop
      vertex   3.793301e+01 9.000000e+00 1.425000e+01
      vertex   3.786715e+01 8.499699e+00 1.425000e+01
      vertex   3.779040e+01 8.520265e+00 1.414645e+01
    endloop
  endfacet
  facet normal 7.890610e-01 -1.038819e-01 -6.054678e-01
    outer loop
      vertex   3.793301e+01 9.000000e+00 1.425000e+01
      vertex   3.779040e+01 8.520265e+00 1.414645e+01
      vertex   3.785355e+01 9.000000e+00 1.414645e+01
    endloop
  endfacet
  facet normal 6.068157e-01 -7.988880e-02 -7.908176e-01
    outer loop
      vertex   3.785355e+01 9.000000e+00 1.414645e+01
      vertex   3.779040e+01 8.520265e+00 1.414645e+01
      vertex   3.769037e+01 8.547067e+00 1.406699e+01
    endloop
  endfacet
  facet normal 6.068157e-01 -7.988880e-02 -7.908176e-01
    outer loop
      vertex   3.785355e+01 9.000000e+00 1.414645e+01
      vertex   3.769037e+01 8.547067e+00 1.406699e+01
      vertex   3.775000e+01 9.000000e+00 1.406699e+01
    endloop
  endfacet
  facet normal 3.821987e-01 -5.031741e-02 -9.227092e-01
    outer loop
      vertex   3.775000e+01 9.000000e+00 1.406699e+01
      vertex   3.769037e+01 8.547067e+00 1.406699e+01
      vertex   3.757389e+01 8.578278e+00 1.401704e+01
    endloop
  endfacet
  facet normal 3.821987e-01 -5.031741e-02 -9.227092e-01
    outer loop
      vertex   3.775000e+01 9.000000e+00 1.406699e+01
      vertex   3.757389e+01 8.578278e+00 1.401704e+01
      vertex   3.762941e+01 9.000000e+00 1.401704e+01
    endloop
  endfacet
  facet normal 1.305069e-01 -1.718156e-02 -9.912985e-01
    outer loop
      vertex   3.762941e+01 9.000000e+00 1.401704e+01
      vertex   3.757389e+01 8.578278e+00 1.401704e+01
      vertex   3.744889e+01 8.611771e+00 1.400000e+01
    endloop
  endfacet
  facet normal 1.305069e-01 -1.718156e-02 -9.912985e-01
    outer loop
      vertex   3.762941e+01 9.000000e+00 1.401704e+01
      vertex   3.744889e+01 8.611771e+00 1.400000e+01
      vertex   3.750000e+01 9.000000e+00 1.400000e+01
    endloop
  endfacet
  facet normal 1.207412e-01 -9.171204e-01 -3.798837e-01
    outer loop
      vertex   3.600000e+01 7.017037e+00 1.437059e+01
      vertex   3.600000e+01 7.066987e+00 1.425000e+01
      vertex   3.651323e+01 7.084605e+00 1.437059e+01
    endloop
  endfacet
  facet normal 1.207412e-01 -9.171204e-01 -3.798837e-01
    outer loop
      vertex   3.651323e+01 7.084605e+00 1.437059e+01
      vertex   3.600000e+01 7.066987e+00 1.425000e+01
      vertex   3.650030e+01 7.132853e+00 1.425000e+01
    endloop
  endfacet
  facet normal 3.539953e-01 -8.546202e-01 -3.798837e-01
    outer loop
      vertex   3.651323e+01 7.084605e+00 1.437059e+01
      vertex   3.650030e+01 7.132853e+00 1.425000e+01
      vertex   3.699148e+01 7.282704e+00 1.437059e+01
    endloop
  endfacet
  facet normal 3.539953e-01 -8.546202e-01 -3.798837e-01
    outer loop
      vertex   3.699148e+01 7.282704e+00 1.437059e+01
      vertex   3.650030e+01 7.132853e+00 1.425000e+01
      vertex   3.696651e+01 7.325962e+00 1.425000e+01
    endloop
  endfacet
  facet normal 5.631252e-01 -7.338790e-01 -3.798837e-01
    outer loop
      vertex   3.699148e+01 7.282704e+00 1.437059e+01
      vertex   3.696651e+01 7.325962e+00 1.425000e+01
      vertex   3.740217e+01 7.597833e+00 1.437059e+01
    endloop
  endfacet
  facet normal 5.631252e-01 -7.338790e-01 -3.798837e-01
    outer loop
      vertex   3.740217e+01 7.597833e+00 1.437059e+01
      vertex   3.696651e+01 7.325962e+00 1.425000e+01
      vertex   3.736685e+01 7.633154e+00 1.425000e+01
    endloop
  endfacet
  facet normal 7.338790e-01 -5.631252e-01 -3.798837e-01
    outer loop
      vertex   3.740217e+01 7.597833e+00 1.437059e+01
      vertex   3.736685e+01 7.633154e+00 1.425000e+01
      vertex   3.771730e+01 8.008519e+00 1.437059e+01
    endloop
  endfacet
  facet normal 7.338790e-01 -5.631252e-01 -3.798837e-01
    outer loop
      vertex   3.771730e+01 8.008519e+00 1.437059e+01
      vertex   3.736685e+01 7.633154e+00 1.425000e+01
      vertex   3.767404e+01 8.033494e+00 1.425000e+01
    endloop
  endfacet
  facet normal 8.546202e-01 -3.539953e-01 -3.798837e-01
    outer loop
      vertex   3.771730e+01 8.008519e+00 1.437059e+01
      vertex   3.767404e+01 8.033494e+00 1.425000e+01
      vertex   3.791540e+01 8.486771e+00 1.437059e+01
    endloop
  endfacet
  facet normal 8.546202e-01 -3.539953e-01 -3.798837e-01
    outer loop
      vertex   3.791540e+01 8.486771e+00 1.437059e+01
      vertex   3.767404e+01 8.033494e+00 1.425000e+01
      vertex   3.786715e+01 8.499699e+00 1.425000e+01
    endloop
  endfacet
  facet normal 1.038819e-01 -7.890610e-01 -6.054678e-01
    outer loop
      vertex   3.600000e+01 7.066987e+00 1.425000e+01
      vertex   3.600000e+01 7.146447e+00 1.414645e+01
      vertex   3.650030e+01 7.132853e+00 1.425000e+01
    endloop
  endfacet
  facet normal 1.038819e-01 -7.890610e-01 -6.054678e-01
    outer loop
      vertex   3.650030e+01 7.132853e+00 1.425000e+01
      vertex   3.600000e+01 7.146447e+00 1.414645e+01
      vertex   3.647973e+01 7.209605e+00 1.414645e+01
    endloop
  endfacet
  facet normal 3.045662e-01 -7.352878e-01 -6.054678e-01
    outer loop
      vertex   3.650030e+01 7.132853e+00 1.425000e+01
      vertex   3.647973e+01 7.209605e+00 1.414645e+01
      vertex   3.696651e+01 7.325962e+00 1.425000e+01
    endloop
  endfacet
  facet normal 3.045662e-01 -7.352878e-01 -6.054678e-01
    outer loop
      vertex   3.696651e+01 7.325962e+00 1.425000e+01
      vertex   3.647973e+01 7.209605e+00 1.414645e+01
      vertex   3.692678e+01 7.394776e+00 1.414645e+01
    endloop
  endfacet
  facet normal 4.844948e-01 -6.314060e-01 -6.054678e-01
    outer loop
      vertex   3.696651e+01 7.325962e+00 1.425000e+01
      vertex   3.692678e+01 7.394776e+00 1.414645e+01
      vertex   3.736685e+01 7.633154e+00 1.425000e+01
    endloop
  endfacet
  facet normal 4.844948e-01 -6.314060e-01 -6.054678e-01
    outer loop
      vertex   3.736685e+01 7.633154e+00 1.425000e+01
      vertex   3.692678e+01 7.394776e+00 1.414645e+01
      vertex   3.731066e+01 7.689340e+00 1.414645e+01
    endloop
  endfacet
  facet normal 6.314060e-01 -4.844948e-01 -6.054678e-01
    outer loop
      vertex   3.736685e+01 7.633154e+00 1.425000e+01
      vertex   3.731066e+01 7.689340e+00 1.414645e+01
      vertex   3.767404e+01 8.033494e+00 1.425000e+01
    endloop
  endfacet
  facet normal 6.314060e-01 -4.844948e-01 -6.054678e-01
    outer loop
      vertex   3.767404e+01 8.033494e+00 1.425000e+01
      vertex   3.731066e+01 7.689340e+00 1.414645e+01
      vertex   3.760522e+01 8.073223e+00 1.414645e+01
    endloop
  endfacet
  facet normal 7.352878e-01 -3.045662e-01 -6.054678e-01
    outer loop
      vertex   3.767404e+01 8.033494e+00 1.425000e+01
      vertex   3.760522e+01 8.073223e+00 1.414645e+01
      vertex   3.786715e+01 8.499699e+00 1.425000e+01
    endloop
  endfacet
  facet normal 7.352878e-01 -3.045662e-01 -6.054678e-01
    outer loop
      vertex   3.786715e+01 8.499699e+00 1.425000e+01
      vertex   3.760522e+01 8.073223e+00 1.414645e+01
      vertex   3.779040e+01 8.520265e+00 1.414645e+01
    endloop
  endfacet
  facet normal 7.988880e-02 -6.068157e-01 -7.908176e-01
    outer loop
      vertex   3.600000e+01 7.146447e+00 1.414645e+01
      vertex   3.600000e+01 7.250000e+00 1.406699e+01
      vertex   3.647973e+01 7.209605e+00 1.414645e+01
    endloop
  endfacet
  facet normal 7.988880e-02 -6.068157e-01 -7.908176e-01
    outer loop
      vertex   3.647973e+01 7.209605e+00 1.414645e+01
      vertex   3.600000e+01 7.250000e+00 1.406699e+01
      vertex   3.645293e+01 7.309630e+00 1.406699e+01
    endloop
  endfacet
  facet normal 2.342221e-01 -5.654622e-01 -7.908176e-01
    outer loop
      vertex   3.647973e+01 7.209605e+00 1.414645e+01
      vertex   3.645293e+01 7.309630e+00 1.406699e+01
      vertex   3.692678e+01 7.394776e+00 1.414645e+01
    endloop
  endfacet
  facet normal 2.342221e-01 -5.654622e-01 -7.908176e-01
    outer loop
      vertex   3.692678e+01 7.394776e+00 1.414645e+01
      vertex   3.645293e+01 7.309630e+00 1.406699e+01
      vertex   3.687500e+01 7.484456e+00 1.406699e+01
    endloop
  endfacet
  facet normal 3.725936e-01 -4.855734e-01 -7.908176e-01
    outer loop
      vertex   3.692678e+01 7.394776e+00 1.414645e+01
      vertex   3.687500e+01 7.484456e+00 1.406699e+01
      vertex   3.731066e+01 7.689340e+00 1.414645e+01
    endloop
  endfacet
  facet normal 3.725936e-01 -4.855734e-01 -7.908176e-01
    outer loop
      vertex   3.731066e+01 7.689340e+00 1.414645e+01
      vertex   3.687500e+01 7.484456e+00 1.406699e+01
      vertex   3.723744e+01 7.762563e+00 1.406699e+01
    endloop
  endfacet
  facet normal 4.855734e-01 -3.725936e-01 -7.908176e-01
    outer loop
      vertex   3.731066e+01 7.689340e+00 1.414645e+01
      vertex   3.723744e+01 7.762563e+00 1.406699e+01
      vertex   3.760522e+01 8.073223e+00 1.414645e+01
    endloop
  endfacet
  facet normal 4.855734e-01 -3.725936e-01 -7.908176e-01
    outer loop
      vertex   3.760522e+01 8.073223e+00 1.414645e+01
      vertex   3.723744e+01 7.762563e+00 1.406699e+01
      vertex   3.751554e+01 8.125000e+00 1.406699e+01
    endloop
  endfacet
  facet normal 5.654622e-01 -2.342221e-01 -7.908176e-01
    outer loop
      vertex   3.760522e+01 8.073223e+00 1.414645e+01
      vertex   3.751554e+01 8.125000e+00 1.406699e+01
      vertex   3.779040e+01 8.520265e+00 1.414645e+01
    endloop
  endfacet
  facet normal 5.654622e-01 -2.342221e-01 -7.908176e-01
    outer loop
      vertex   3.779040e+01 8.520265e+00 1.414645e+01
      vertex   3.751554e+01 8.125000e+00 1.406699e+01
      vertex   3.769037e+01 8.547067e+00 1.406699e+01
    endloop
  endfacet
  facet normal 5.031741e-02 -3.821987e-01 -9.227092e-01
    outer loop
      vertex   3.600000e+01 7.250000e+00 1.406699e+01
      vertex   3.600000e+01 7.370590e+00 1.401704e+01
      vertex   3.645293e+01 7.309630e+00 1.406699e+01
    endloop
  endfacet
  facet normal 5.031741e-02 -3.821987e-01 -9.227092e-01
    outer loop
      vertex   3.645293e+01 7.309630e+00 1.406699e+01
      vertex   3.600000e+01 7.370590e+00 1.401704e+01
      vertex   3.642172e+01 7.426111e+00 1.401704e+01
    endloop
  endfacet
  facet normal 1.475232e-01 -3.561525e-01 -9.227092e-01
    outer loop
      vertex   3.645293e+01 7.309630e+00 1.406699e+01
      vertex   3.642172e+01 7.426111e+00 1.401704e+01
      vertex   3.687500e+01 7.484456e+00 1.406699e+01
    endloop
  endfacet
  facet normal 1.475232e-01 -3.561525e-01 -9.227092e-01
    outer loop
      vertex   3.687500e+01 7.484456e+00 1.406699e+01
      vertex   3.642172e+01 7.426111e+00 1.401704e+01
      vertex   3.681470e+01 7.588890e+00 1.401704e+01
    endloop
  endfacet
  facet normal 2.346755e-01 -3.058351e-01 -9.227092e-01
    outer loop
      vertex   3.687500e+01 7.484456e+00 1.406699e+01
      vertex   3.681470e+01 7.588890e+00 1.401704e+01
      vertex   3.723744e+01 7.762563e+00 1.406699e+01
    endloop
  endfacet
  facet normal 2.346755e-01 -3.058351e-01 -9.227092e-01
    outer loop
      vertex   3.723744e+01 7.762563e+00 1.406699e+01
      vertex   3.681470e+01 7.588890e+00 1.401704e+01
      vertex   3.715217e+01 7.847833e+00 1.401704e+01
    endloop
  endfacet
  facet normal 3.058351e-01 -2.346755e-01 -9.227092e-01
    outer loop
      vertex   3.723744e+01 7.762563e+00 1.406699e+01
      vertex   3.715217e+01 7.847833e+00 1.401704e+01
      vertex   3.751554e+01 8.125000e+00 1.406699e+01
    endloop
  endfacet
  facet normal 3.058351e-01 -2.346755e-01 -9.227092e-01
    outer loop
      vertex   3.751554e+01 8.125000e+00 1.406699e+01
      vertex   3.715217e+01 7.847833e+00 1.401704e+01
      vertex   3.741111e+01 8.185295e+00 1.401704e+01
    endloop
  endfacet
  facet normal 3.561525e-01 -1.475232e-01 -9.227092e-01
    outer loop
      vertex   3.751554e+01 8.125000e+00 1.406699e+01
      vertex   3.741111e+01 8.185295e+00 1.401704e+01
      vertex   3.769037e+01 8.547067e+00 1.406699e+01
    endloop
  endfacet
  facet normal 3.561525e-01 -1.475232e-01 -9.227092e-01
    outer loop
      vertex   3.769037e+01 8.547067e+00 1.406699e+01
      vertex   3.741111e+01 8.185295e+00 1.401704e+01
      vertex   3.757389e+01 8.578278e+00 1.401704e+01
    endloop
  endfacet
  facet normal 1.718156e-02 -1.305069e-01 -9.912985e-01
    outer loop
      vertex   3.600000e+01 7.370590e+00 1.401704e+01
      vertex   3.600000e+01 7.500000e+00 1.400000e+01
      vertex   3.642172e+01 7.426111e+00 1.401704e+01
    endloop
  endfacet
  facet normal 1.718156e-02 -1.305069e-01 -9.912985e-01
    outer loop
      vertex   3.642172e+01 7.426111e+00 1.401704e+01
      vertex   3.600000e+01 7.500000e+00 1.400000e+01
      vertex   3.638823e+01 7.551111e+00 1.400000e+01
    endloop
  endfacet
  facet normal 5.037379e-02 -1.216131e-01 -9.912985e-01
    outer loop
      vertex   3.642172e+01 7.426111e+00 1.401704e+01
      vertex   3.638823e+01 7.551111e+00 1.400000e+01
      vertex   3.681470e+01 7.588890e+00 1.401704e+01
    endloop
  endfacet
  facet normal 5.037379e-02 -1.216131e-01 -9.912985e-01
    outer loop
      vertex   3.681470e+01 7.588890e+00 1.401704e+01
      vertex   3.638823e+01 7.551111e+00 1.400000e+01
      vertex   3.675000e+01 7.700962e+00 1.400000e+01
    endloop
  endfacet
  facet normal 8.013313e-02 -1.044315e-01 -9.912985e-01
    outer loop
      vertex   3.681470e+01 7.588890e+00 1.401704e+01
      vertex   3.675000e+01 7.700962e+00 1.400000e+01
      vertex   3.715217e+01 7.847833e+00 1.401704e+01
    endloop
  endfacet
  facet normal 8.013313e-02 -1.044315e-01 -9.912985e-01
    outer loop
      vertex   3.715217e+01 7.847833e+00 1.401704e+01
      vertex   3.675000e+01 7.700962e+00 1.400000e+01
      vertex   3.706066e+01 7.939340e+00 1.400000e+01
    endloop
  endfacet
  facet normal 1.044315e-01 -8.013313e-02 -9.912985e-01
    outer loop
      vertex   3.715217e+01 7.847833e+00 1.401704e+01
      vertex   3.706066e+01 7.939340e+00 1.400000e+01
      vertex   3.741111e+01 8.185295e+00 1.401704e+01
    endloop
  endfacet
  facet normal 1.044315e-01 -8.013313e-02 -9.912985e-01
    outer loop
      vertex   3.741111e+01 8.185295e+00 1.401704e+01
      vertex   3.706066e+01 7.939340e+00 1.400000e+01
      vertex   3.729904e+01 8.250000e+00 1.400000e+01
    endloop
  endfacet
  facet normal 1.216131e-01 -5.037379e-02 -9.912985e-01
    outer loop
      vertex   3.741111e+01 8.185295e+00 1.401704e+01
      vertex   3.729904e+01 8.250000e+00 1.400000e+01
      vertex   3.757389e+01 8.578278e+00 1.401704e+01
    endloop
  endfacet
  facet normal 1.216131e-01 -5.037379e-02 -9.912985e-01
    outer loop
      vertex   3.757389e+01 8.578278e+00 1.401704e+01
      vertex   3.729904e+01 8.250000e+00 1.400000e+01
      vertex   3.744889e+01 8.611771e+00 1.400000e+01
    endloop
  endfacet
  facet normal 1.305262e-01 -6.435007e-16 -9.914449e-01
    outer loop
      vertex   3.762941e+01 6.100000e+01 1.401704e+01
      vertex   3.762941e+01 5.826316e+01 1.401704e+01
      vertex   3.750000e+01 6.100000e+01 1.400000e+01
    endloop
  endfacet
  facet normal 1.305262e-01 0.000000e+00 -9.914449e-01
    outer loop
      vertex   3.750000e+01 6.100000e+01 1.400000e+01
      vertex   3.762941e+01 5.826316e+01 1.401704e+01
      vertex   3.762941e+01 5.552632e+01 1.401704e+01
    endloop
  endfacet
  facet normal 1.305262e-01 0.000000e+00 -9.914449e-01
    outer loop
      vertex   3.750000e+01 6.100000e+01 1.400000e+01
      vertex   3.762941e+01 5.552632e+01 1.401704e+01
      vertex   3.762941e+01 5.278947e+01 1.401704e+01
    endloop
  endfacet
  facet normal 3.826834e-01 0.000000e+00 -9.238795e-01
    outer loop
      vertex   3.762941e+01 5.278947e+01 1.401704e+01
      vertex   3.762941e+01 5.552632e+01 1.401704e+01
      vertex   3.775000e+01 5.278947e+01 1.406699e+01
    endloop
  endfacet
  facet normal 3.826834e-01 0.000000e+00 -9.238795e-01
    outer loop
      vertex   3.762941e+01 5.278947e+01 1.401704e+01
      vertex   3.775000e+01 5.278947e+01 1.406699e+01
      vertex   3.775000e+01 5.005263e+01 1.406699e+01
    endloop
  endfacet
  facet normal 6.087614e-01 0.000000e+00 -7.933533e-01
    outer loop
      vertex   3.775000e+01 5.005263e+01 1.406699e+01
      vertex   3.775000e+01 5.278947e+01 1.406699e+01
      vertex   3.785355e+01 5.005263e+01 1.414645e+01
    endloop
  endfacet
  facet normal 6.087614e-01 0.000000e+00 -7.933533e-01
    outer loop
      vertex   3.775000e+01 5.005263e+01 1.406699e+01
      vertex   3.785355e+01 5.005263e+01 1.414645e+01
      vertex   3.785355e+01 4.731579e+01 1.414645e+01
    endloop
  endfacet
  facet normal 7.933533e-01 0.000000e+00 -6.087614e-01
    outer loop
      vertex   3.785355e+01 4.731579e+01 1.414645e+01
      vertex   3.785355e+01 5.005263e+01 1.414645e+01
      vertex   3.793301e+01 4.731579e+01 1.425000e+01
    endloop
  endfacet
  facet normal 7.933533e-01 0.000000e+00 -6.087614e-01
    outer loop
      vertex   3.785355e+01 4.731579e+01 1.414645e+01
      vertex   3.793301e+01 4.731579e+01 1.425000e+01
      vertex   3.793301e+01 4.457895e+01 1.425000e+01
    endloop
  endfacet
  facet normal 9.238795e-01 0.000000e+00 -3.826834e-01
    outer loop
      vertex   3.793301e+01 4.457895e+01 1.425000e+01
      vertex   3.793301e+01 4.731579e+01 1.425000e+01
      vertex   3.798296e+01 4.457895e+01 1.437059e+01
    endloop
  endfacet
  facet normal 9.238795e-01 0.000000e+00 -3.826834e-01
    outer loop
      vertex   3.793301e+01 4.457895e+01 1.425000e+01
      vertex   3.798296e+01 4.457895e+01 1.437059e+01
      vertex   3.798296e+01 4.184211e+01 1.437059e+01
    endloop
  endfacet
  facet normal 9.914449e-01 0.000000e+00 -1.305262e-01
    outer loop
      vertex   3.798296e+01 4.184211e+01 1.437059e+01
      vertex   3.798296e+01 4.457895e+01 1.437059e+01
      vertex   3.800000e+01 6.100000e+01 1.450000e+01
    endloop
  endfacet
  facet normal 9.914449e-01 0.000000e+00 -1.305262e-01
    outer loop
      vertex   3.798296e+01 4.184211e+01 1.437059e+01
      vertex   3.800000e+01 6.100000e+01 1.450000e+01
      vertex   3.798296e+01 3.910526e+01 1.437059e+01
    endloop
  endfacet
  facet normal 9.914449e-01 0.000000e+00 -1.305262e-01
    outer loop
      vertex   3.798296e+01 3.910526e+01 1.437059e+01
      vertex   3.800000e+01 6.100000e+01 1.450000e+01
      vertex   3.798296e+01 3.636842e+01 1.437059e+01
    endloop
  endfacet
  facet normal 9.238795e-01 0.000000e+00 -3.826834e-01
    outer loop
      vertex   3.798296e+01 3.910526e+01 1.437059e+01
      vertex   3.798296e+01 3.636842e+01 1.437059e+01
      vertex   3.793301e+01 3.910526e+01 1.425000e+01
    endloop
  endfacet
  facet normal 9.238795e-01 0.000000e+00 -3.826834e-01
    outer loop
      vertex   3.793301e+01 3.910526e+01 1.425000e+01
      vertex   3.798296e+01 3.636842e+01 1.437059e+01
      vertex   3.793301e+01 3.636842e+01 1.425000e+01
    endloop
  endfacet
  facet normal 7.933533e-01 0.000000e+00 -6.087614e-01
    outer loop
      vertex   3.793301e+01 3.910526e+01 1.425000e+01
      vertex   3.793301e+01 3.636842e+01 1.425000e+01
      vertex   3.785355e+01 3.910526e+01 1.414645e+01
    endloop
  endfacet
  facet normal 7.933533e-01 0.000000e+00 -6.087614e-01
    outer loop
      vertex   3.785355e+01 3.910526e+01 1.414645e+01
      vertex   3.793301e+01 3.636842e+01 1.425000e+01
      vertex   3.785355e+01 3.636842e+01 1.414645e+01
    endloop
  endfacet
  facet normal 6.087614e-01 0.000000e+00 -7.933533e-01
    outer loop
      vertex   3.785355e+01 3.910526e+01 1.414645e+01
      vertex   3.785355e+01 3.636842e+01 1.414645e+01
      vertex   3.775000e+01 3.910526e+01 1.406699e+01
    endloop
  endfacet
  facet normal 6.087614e-01 0.000000e+00 -7.933533e-01
    outer loop
      vertex   3.775000e+01 3.910526e+01 1.406699e+01
      vertex   3.785355e+01 3.636842e+01 1.414645e+01
      vertex   3.775000e+01 3.636842e+01 1.406699e+01
    endloop
  endfacet
  facet normal 3.826834e-01 0.000000e+00 -9.238795e-01
    outer loop
      vertex   3.775000e+01 3.910526e+01 1.406699e+01
      vertex   3.775000e+01 3.636842e+01 1.406699e+01
      vertex   3.762941e+01 3.910526e+01 1.401704e+01
    endloop
  endfacet
  facet normal 3.826834e-01 0.000000e+00 -9.238795e-01
    outer loop
      vertex   3.762941e+01 3.910526e+01 1.401704e+01
      vertex   3.775000e+01 3.636842e+01 1.406699e+01
      vertex   3.762941e+01 3.636842e+01 1.401704e+01
    endloop
  endfacet
  facet normal 1.305262e-01 0.000000e+00 -9.914449e-01
    outer loop
      vertex   3.762941e+01 3.910526e+01 1.401704e+01
      vertex   3.762941e+01 3.636842e+01 1.401704e+01
      vertex   3.750000e+01 6.100000e+01 1.400000e+01
    endloop
  endfacet
  facet normal 1.305262e-01 0.000000e+00 -9.914449e-01
    outer loop
      vertex   3.750000e+01 6.100000e+01 1.400000e+01
      vertex   3.762941e+01 3.636842e+01 1.401704e+01
      vertex   3.762941e+01 3.363158e+01 1.401704e+01
    endloop
  endfacet
  facet normal 1.305262e-01 0.000000e+00 -9.914449e-01
    outer loop
      vertex   3.750000e+01 6.100000e+01 1.400000e+01
      vertex   3.762941e+01 3.363158e+01 1.401704e+01
      vertex   3.750000e+01 9.000000e+00 1.400000e+01
    endloop
  endfacet
  facet normal 1.305262e-01 0.000000e+00 -9.914449e-01
    outer loop
      vertex   3.750000e+01 9.000000e+00 1.400000e+01
      vertex   3.762941e+01 3.363158e+01 1.401704e+01
      vertex   3.762941e+01 3.089474e+01 1.401704e+01
    endloop
  endfacet
  facet normal 1.305262e-01 0.000000e+00 -9.914449e-01
    outer loop
      vertex   3.750000e+01 9.000000e+00 1.400000e+01
      vertex   3.762941e+01 3.089474e+01 1.401704e+01
      vertex   3.762941e+01 2.815789e+01 1.401704e+01
    endloop
  endfacet
  facet normal 3.826834e-01 0.000000e+00 -9.238795e-01
    outer loop
      vertex   3.762941e+01 2.815789e+01 1.401704e+01
      vertex   3.762941e+01 3.089474e+01 1.401704e+01
      vertex   3.775000e+01 2.815789e+01 1.406699e+01
    endloop
  endfacet
  facet normal 3.826834e-01 0.000000e+00 -9.238795e-01
    outer loop
      vertex   3.762941e+01 2.815789e+01 1.401704e+01
      vertex   3.775000e+01 2.815789e+01 1.406699e+01
      vertex   3.775000e+01 2.542105e+01 1.406699e+01
    endloop
  endfacet
  facet normal 6.087614e-01 0.000000e+00 -7.933533e-01
    outer loop
      vertex   3.775000e+01 2.542105e+01 1.406699e+01
      vertex   3.775000e+01 2.815789e+01 1.406699e+01
      vertex   3.785355e+01 2.542105e+01 1.414645e+01
    endloop
  endfacet
  facet normal 6.087614e-01 0.000000e+00 -7.933533e-01
    outer loop
      vertex   3.775000e+01 2.542105e+01 1.406699e+01
      vertex   3.785355e+01 2.542105e+01 1.414645e+01
      vertex   3.785355e+01 2.268421e+01 1.414645e+01
    endloop
  endfacet
  facet normal 7.933533e-01 0.000000e+00 -6.087614e-01
    outer loop
      vertex   3.785355e+01 2.268421e+01 1.414645e+01
      vertex   3.785355e+01 2.542105e+01 1.414645e+01
      vertex   3.793301e+01 2.268421e+01 1.425000e+01
    endloop
  endfacet
  facet normal 7.933533e-01 0.000000e+00 -6.087614e-01
    outer loop
      vertex   3.785355e+01 2.268421e+01 1.414645e+01
      vertex   3.793301e+01 2.268421e+01 1.425000e+01
      vertex   3.793301e+01 1.994737e+01 1.425000e+01
    endloop
  endfacet
  facet normal 9.238795e-01 0.000000e+00 -3.826834e-01
    outer loop
      vertex   3.793301e+01 1.994737e+01 1.425000e+01
      vertex   3.793301e+01 2.268421e+01 1.425000e+01
      vertex   3.798296e+01 1.994737e+01 1.437059e+01
    endloop
  endfacet
  facet normal 9.238795e-01 0.000000e+00 -3.826834e-01
    outer loop
      vertex   3.793301e+01 1.994737e+01 1.425000e+01
      vertex   3.798296e+01 1.994737e+01 1.437059e+01
      vertex   3.798296e+01 1.721053e+01 1.437059e+01
    endloop
  endfacet
  facet normal 9.914449e-01 0.000000e+00 -1.305262e-01
    outer loop
      vertex   3.798296e+01 1.721053e+01 1.437059e+01
      vertex   3.798296e+01 1.994737e+01 1.437059e+01
      vertex   3.800000e+01 9.000000e+00 1.450000e+01
    endloop
  endfacet
  facet normal 9.914449e-01 0.000000e+00 -1.305262e-01
    outer loop
      vertex   3.798296e+01 1.721053e+01 1.437059e+01
      vertex   3.800000e+01 9.000000e+00 1.450000e+01
      vertex   3.798296e+01 1.447368e+01 1.437059e+01
    endloop
  endfacet
  facet normal 9.914449e-01 0.000000e+00 -1.305262e-01
    outer loop
      vertex   3.798296e+01 1.447368e+01 1.437059e+01
      vertex   3.800000e+01 9.000000e+00 1.450000e+01
      vertex   3.798296e+01 1.173684e+01 1.437059e+01
    endloop
  endfacet
  facet normal 9.238795e-01 0.000000e+00 -3.826834e-01
    outer loop
      vertex   3.798296e+01 1.447368e+01 1.437059e+01
      vertex   3.798296e+01 1.173684e+01 1.437059e+01
      vertex   3.793301e+01 1.447368e+01 1.425000e+01
    endloop
  endfacet
  facet normal 9.238795e-01 0.000000e+00 -3.826834e-01
    outer loop
      vertex   3.793301e+01 1.447368e+01 1.425000e+01
      vertex   3.798296e+01 1.173684e+01 1.437059e+01
      vertex   3.793301e+01 1.173684e+01 1.425000e+01
    endloop
  endfacet
  facet normal 7.933533e-01 0.000000e+00 -6.087614e-01
    outer loop
      vertex   3.793301e+01 1.447368e+01 1.425000e+01
      vertex   3.793301e+01 1.173684e+01 1.425000e+01
      vertex   3.785355e+01 1.447368e+01 1.414645e+01
    endloop
  endfacet
  facet normal 7.933533e-01 0.000000e+00 -6.087614e-01
    outer loop
      vertex   3.785355e+01 1.447368e+01 1.414645e+01
      vertex   3.793301e+01 1.173684e+01 1.425000e+01
      vertex   3.785355e+01 1.173684e+01 1.414645e+01
    endloop
  endfacet
  facet normal 6.087614e-01 0.000000e+00 -7.933533e-01
    outer loop
      vertex   3.785355e+01 1.447368e+01 1.414645e+01
      vertex   3.785355e+01 1.173684e+01 1.414645e+01
      vertex   3.775000e+01 1.447368e+01 1.406699e+01
    endloop
  endfacet
  facet normal 6.087614e-01 0.000000e+00 -7.933533e-01
    outer loop
      vertex   3.775000e+01 1.447368e+01 1.406699e+01
      vertex   3.785355e+01 1.173684e+01 1.414645e+01
      vertex   3.775000e+01 1.173684e+01 1.406699e+01
    endloop
  endfacet
  facet normal 3.826834e-01 0.000000e+00 -9.238795e-01
    outer loop
      vertex   3.775000e+01 1.447368e+01 1.406699e+01
      vertex   3.775000e+01 1.173684e+01 1.406699e+01
      vertex   3.762941e+01 1.447368e+01 1.401704e+01
    endloop
  endfacet
  facet normal 3.826834e-01 0.000000e+00 -9.238795e-01
    outer loop
      vertex   3.762941e+01 1.447368e+01 1.401704e+01
      vertex   3.775000e+01 1.173684e+01 1.406699e+01
      vertex   3.762941e+01 1.173684e+01 1.401704e+01
    endloop
  endfacet
  facet normal 1.305262e-01 0.000000e+00 -9.914449e-01
    outer loop
      vertex   3.762941e+01 1.447368e+01 1.401704e+01
      vertex   3.762941e+01 1.173684e+01 1.401704e+01
      vertex   3.750000e+01 9.000000e+00 1.400000e+01
    endloop
  endfacet
  facet normal 1.305262e-01 6.434262e-16 -9.914449e-01
    outer loop
      vertex   3.750000e+01 9.000000e+00 1.400000e+01
      vertex   3.762941e+01 1.173684e+01 1.401704e+01
      vertex   3.762941e+01 9.000000e+00 1.401704e+01
    endloop
  endfacet
  facet normal 3.826834e-01 5.996472e-16 -9.238795e-01
    outer loop
      vertex   3.762941e+01 9.000000e+00 1.401704e+01
      vertex   3.762941e+01 1.173684e+01 1.401704e+01
      vertex   3.775000e+01 9.000000e+00 1.406699e+01
    endloop
  endfacet
  facet normal 3.826834e-01 0.000000e+00 -9.238795e-01
    outer loop
      vertex   3.775000e+01 9.000000e+00 1.406699e+01
      vertex   3.762941e+01 1.173684e+01 1.401704e+01
      vertex   3.775000e+01 1.173684e+01 1.406699e+01
    endloop
  endfacet
  facet normal 6.087614e-01 0.000000e+00 -7.933533e-01
    outer loop
      vertex   3.775000e+01 9.000000e+00 1.406699e+01
      vertex   3.775000e+01 1.173684e+01 1.406699e+01
      vertex   3.785355e+01 9.000000e+00 1.414645e+01
    endloop
  endfacet
  facet normal 6.087614e-01 0.000000e+00 -7.933533e-01
    outer loop
      vertex   3.785355e+01 9.000000e+00 1.414645e+01
      vertex   3.775000e+01 1.173684e+01 1.406699e+01
      vertex   3.785355e+01 1.173684e+01 1.414645e+01
    endloop
  endfacet
  facet normal 7.933533e-01 0.000000e+00 -6.087614e-01
    outer loop
      vertex   3.785355e+01 9.000000e+00 1.414645e+01
      vertex   3.785355e+01 1.173684e+01 1.414645e+01
      vertex   3.793301e+01 9.000000e+00 1.425000e+01
    endloop
  endfacet
  facet normal 7.933533e-01 7.902374e-16 -6.087614e-01
    outer loop
      vertex   3.793301e+01 9.000000e+00 1.425000e+01
      vertex   3.785355e+01 1.173684e+01 1.414645e+01
      vertex   3.793301e+01 1.173684e+01 1.425000e+01
    endloop
  endfacet
  facet normal 9.238795e-01 4.967640e-16 -3.826834e-01
    outer loop
      vertex   3.793301e+01 9.000000e+00 1.425000e+01
      vertex   3.793301e+01 1.173684e+01 1.425000e+01
      vertex   3.798296e+01 9.000000e+00 1.437059e+01
    endloop
  endfacet
  facet normal 9.238795e-01 0.000000e+00 -3.826834e-01
    outer loop
      vertex   3.798296e+01 9.000000e+00 1.437059e+01
      vertex   3.793301e+01 1.173684e+01 1.425000e+01
      vertex   3.798296e+01 1.173684e+01 1.437059e+01
    endloop
  endfacet
  facet normal 9.914449e-01 0.000000e+00 -1.305262e-01
    outer loop
      vertex   3.798296e+01 9.000000e+00 1.437059e+01
      vertex   3.798296e+01 1.173684e+01 1.437059e+01
      vertex   3.800000e+01 9.000000e+00 1.450000e+01
    endloop
  endfacet
  facet normal 3.826834e-01 -5.996472e-16 -9.238795e-01
    outer loop
      vertex   3.762941e+01 5.826316e+01 1.401704e+01
      vertex   3.762941e+01 6.100000e+01 1.401704e+01
      vertex   3.775000e+01 5.826316e+01 1.406699e+01
    endloop
  endfacet
  facet normal 3.826834e-01 0.000000e+00 -9.238795e-01
    outer loop
      vertex   3.775000e+01 5.826316e+01 1.406699e+01
      vertex   3.762941e+01 6.100000e+01 1.401704e+01
      vertex   3.775000e+01 6.100000e+01 1.406699e+01
    endloop
  endfacet
  facet normal 6.087614e-01 0.000000e+00 -7.933533e-01
    outer loop
      vertex   3.775000e+01 5.826316e+01 1.406699e+01
      vertex   3.775000e+01 6.100000e+01 1.406699e+01
      vertex   3.785355e+01 5.826316e+01 1.414645e+01
    endloop
  endfacet
  facet normal 6.087614e-01 0.000000e+00 -7.933533e-01
    outer loop
      vertex   3.785355e+01 5.826316e+01 1.414645e+01
      vertex   3.775000e+01 6.100000e+01 1.406699e+01
      vertex   3.785355e+01 6.100000e+01 1.414645e+01
    endloop
  endfacet
  facet normal 7.933533e-01 0.000000e+00 -6.087614e-01
    outer loop
      vertex   3.785355e+01 5.826316e+01 1.414645e+01
      vertex   3.785355e+01 6.100000e+01 1.414645e+01
      vertex   3.793301e+01 5.826316e+01 1.425000e+01
    endloop
  endfacet
  facet normal 7.933533e-01 -7.902374e-16 -6.087614e-01
    outer loop
      vertex   3.793301e+01 5.826316e+01 1.425000e+01
      vertex   3.785355e+01 6.100000e+01 1.414645e+01
      vertex   3.793301e+01 6.100000e+01 1.425000e+01
    endloop
  endfacet
  facet normal 9.238795e-01 -4.967640e-16 -3.826834e-01
    outer loop
      vertex   3.793301e+01 5.826316e+01 1.425000e+01
      vertex   3.793301e+01 6.100000e+01 1.425000e+01
      vertex   3.798296e+01 5.826316e+01 1.437059e+01
    endloop
  endfacet
  facet normal 9.238795e-01 0.000000e+00 -3.826834e-01
    outer loop
      vertex   3.798296e+01 5.826316e+01 1.437059e+01
      vertex   3.793301e+01 6.100000e+01 1.425000e+01
      vertex   3.798296e+01 6.100000e+01 1.437059e+01
    endloop
  endfacet
  facet normal 9.914449e-01 0.000000e+00 -1.305262e-01
    outer loop
      vertex   3.798296e+01 5.826316e+01 1.437059e+01
      vertex   3.798296e+01 6.100000e+01 1.437059e+01
      vertex   3.800000e+01 6.100000e+01 1.450000e+01
    endloop
  endfacet
  facet normal 9.914449e-01 0.000000e+00 -1.305262e-01
    outer loop
      vertex   3.800000e+01 6.100000e+01 1.450000e+01
      vertex   3.800000e+01 9.000000e+00 1.450000e+01
      vertex   3.798296e+01 3.636842e+01 1.437059e+01
    endloop
  endfacet
  facet normal 9.914449e-01 0.000000e+00 -1.305262e-01
    outer loop
      vertex   3.798296e+01 3.636842e+01 1.437059e+01
      vertex   3.800000e+01 9.000000e+00 1.450000e+01
      vertex   3.798296e+01 3.363158e+01 1.437059e+01
    endloop
  endfacet
  facet normal 9.238795e-01 0.000000e+00 -3.826834e-01
    outer loop
      vertex   3.798296e+01 3.636842e+01 1.437059e+01
      vertex   3.798296e+01 3.363158e+01 1.437059e+01
      vertex   3.793301e+01 3.636842e+01 1.425000e+01
    endloop
  endfacet
  facet normal 9.238795e-01 0.000000e+00 -3.826834e-01
    outer loop
      vertex   3.793301e+01 3.636842e+01 1.425000e+01
      vertex   3.798296e+01 3.363158e+01 1.437059e+01
      vertex   3.793301e+01 3.363158e+01 1.425000e+01
    endloop
  endfacet
  facet normal 7.933533e-01 0.000000e+00 -6.087614e-01
    outer loop
      vertex   3.793301e+01 3.636842e+01 1.425000e+01
      vertex   3.793301e+01 3.363158e+01 1.425000e+01
      vertex   3.785355e+01 3.636842e+01 1.414645e+01
    endloop
  endfacet
  facet normal 7.933533e-01 0.000000e+00 -6.087614e-01
    outer loop
      vertex   3.785355e+01 3.636842e+01 1.414645e+01
      vertex   3.793301e+01 3.363158e+01 1.425000e+01
      vertex   3.785355e+01 3.363158e+01 1.414645e+01
    endloop
  endfacet
  facet normal 6.087614e-01 0.000000e+00 -7.933533e-01
    outer loop
      vertex   3.785355e+01 3.636842e+01 1.414645e+01
      vertex   3.785355e+01 3.363158e+01 1.414645e+01
      vertex   3.775000e+01 3.636842e+01 1.406699e+01
    endloop
  endfacet
  facet normal 6.087614e-01 0.000000e+00 -7.933533e-01
    outer loop
      vertex   3.775000e+01 3.636842e+01 1.406699e+01
      vertex   3.785355e+01 3.363158e+01 1.414645e+01
      vertex   3.775000e+01 3.363158e+01 1.406699e+01
    endloop
  endfacet
  facet normal 3.826834e-01 0.000000e+00 -9.238795e-01
    outer loop
      vertex   3.775000e+01 3.636842e+01 1.406699e+01
      vertex   3.775000e+01 3.363158e+01 1.406699e+01
      vertex   3.762941e+01 3.636842e+01 1.401704e+01
    endloop
  endfacet
  facet normal 3.826834e-01 0.000000e+00 -9.238795e-01
    outer loop
      vertex   3.762941e+01 3.636842e+01 1.401704e+01
      vertex   3.775000e+01 3.363158e+01 1.406699e+01
      vertex   3.762941e+01 3.363158e+01 1.401704e+01
    endloop
  endfacet
  facet normal 3.826834e-01 0.000000e+00 -9.238795e-01
    outer loop
      vertex   3.762941e+01 5.552632e+01 1.401704e+01
      vertex   3.762941e+01 5.826316e+01 1.401704e+01
      vertex   3.775000e+01 5.552632e+01 1.406699e+01
    endloop
  endfacet
  facet normal 3.826834e-01 0.000000e+00 -9.238795e-01
    outer loop
      vertex   3.775000e+01 5.552632e+01 1.406699e+01
      vertex   3.762941e+01 5.826316e+01 1.401704e+01
      vertex   3.775000e+01 5.826316e+01 1.406699e+01
    endloop
  endfacet
  facet normal 6.087614e-01 0.000000e+00 -7.933533e-01
    outer loop
      vertex   3.775000e+01 5.552632e+01 1.406699e+01
      vertex   3.775000e+01 5.826316e+01 1.406699e+01
      vertex   3.785355e+01 5.552632e+01 1.414645e+01
    endloop
  endfacet
  facet normal 6.087614e-01 0.000000e+00 -7.933533e-01
    outer loop
      vertex   3.785355e+01 5.552632e+01 1.414645e+01
      vertex   3.775000e+01 5.826316e+01 1.406699e+01
      vertex   3.785355e+01 5.826316e+01 1.414645e+01
    endloop
  endfacet
  facet normal 7.933533e-01 0.000000e+00 -6.087614e-01
    outer loop
      vertex   3.785355e+01 5.552632e+01 1.414645e+01
      vertex   3.785355e+01 5.826316e+01 1.414645e+01
      vertex   3.793301e+01 5.552632e+01 1.425000e+01
    endloop
  endfacet
  facet normal 7.933533e-01 0.000000e+00 -6.087614e-01
    outer loop
      vertex   3.793301e+01 5.552632e+01 1.425000e+01
      vertex   3.785355e+01 5.826316e+01 1.414645e+01
      vertex   3.793301e+01 5.826316e+01 1.425000e+01
    endloop
  endfacet
  facet normal 9.238795e-01 0.000000e+00 -3.826834e-01
    outer loop
      vertex   3.793301e+01 5.552632e+01 1.425000e+01
      vertex   3.793301e+01 5.826316e+01 1.425000e+01
      vertex   3.798296e+01 5.552632e+01 1.437059e+01
    endloop
  endfacet
  facet normal 9.238795e-01 0.000000e+00 -3.826834e-01
    outer loop
      vertex   3.798296e+01 5.552632e+01 1.437059e+01
      vertex   3.793301e+01 5.826316e+01 1.425000e+01
      vertex   3.798296e+01 5.826316e+01 1.437059e+01
    endloop
  endfacet
  facet normal 9.914449e-01 0.000000e+00 -1.305262e-01
    outer loop
      vertex   3.798296e+01 5.552632e+01 1.437059e+01
      vertex   3.798296e+01 5.826316e+01 1.437059e+01
      vertex   3.800000e+01 6.100000e+01 1.450000e+01
    endloop
  endfacet
  facet normal 1.305262e-01 0.000000e+00 -9.914449e-01
    outer loop
      vertex   3.762941e+01 5.278947e+01 1.401704e+01
      vertex   3.762941e+01 5.005263e+01 1.401704e+01
      vertex   3.750000e+01 6.100000e+01 1.400000e+01
    endloop
  endfacet
  facet normal 1.305262e-01 0.000000e+00 -9.914449e-01
    outer loop
      vertex   3.750000e+01 6.100000e+01 1.400000e+01
      vertex   3.762941e+01 5.005263e+01 1.401704e+01
      vertex   3.762941e+01 4.731579e+01 1.401704e+01
    endloop
  endfacet
  facet normal 1.305262e-01 0.000000e+00 -9.914449e-01
    outer loop
      vertex   3.750000e+01 6.100000e+01 1.400000e+01
      vertex   3.762941e+01 4.731579e+01 1.401704e+01
      vertex   3.762941e+01 4.457895e+01 1.401704e+01
    endloop
  endfacet
  facet normal 3.826834e-01 0.000000e+00 -9.238795e-01
    outer loop
      vertex   3.762941e+01 4.457895e+01 1.401704e+01
      vertex   3.762941e+01 4.731579e+01 1.401704e+01
      vertex   3.775000e+01 4.457895e+01 1.406699e+01
    endloop
  endfacet
  facet normal 3.826834e-01 0.000000e+00 -9.238795e-01
    outer loop
      vertex   3.762941e+01 4.457895e+01 1.401704e+01
      vertex   3.775000e+01 4.457895e+01 1.406699e+01
      vertex   3.775000e+01 4.184211e+01 1.406699e+01
    endloop
  endfacet
  facet normal 6.087614e-01 0.000000e+00 -7.933533e-01
    outer loop
      vertex   3.775000e+01 4.184211e+01 1.406699e+01
      vertex   3.775000e+01 4.457895e+01 1.406699e+01
      vertex   3.785355e+01 4.184211e+01 1.414645e+01
    endloop
  endfacet
  facet normal 6.087614e-01 0.000000e+00 -7.933533e-01
    outer loop
      vertex   3.775000e+01 4.184211e+01 1.406699e+01
      vertex   3.785355e+01 4.184211e+01 1.414645e+01
      vertex   3.785355e+01 3.910526e+01 1.414645e+01
    endloop
  endfacet
  facet normal 7.933533e-01 0.000000e+00 -6.087614e-01
    outer loop
      vertex   3.785355e+01 3.910526e+01 1.414645e+01
      vertex   3.785355e+01 4.184211e+01 1.414645e+01
      vertex   3.793301e+01 3.910526e+01 1.425000e+01
    endloop
  endfacet
  facet normal 3.826834e-01 0.000000e+00 -9.238795e-01
    outer loop
      vertex   3.762941e+01 5.278947e+01 1.401704e+01
      vertex   3.775000e+01 5.005263e+01 1.406699e+01
      vertex   3.762941e+01 5.005263e+01 1.401704e+01
    endloop
  endfacet
  facet normal 3.826834e-01 0.000000e+00 -9.238795e-01
    outer loop
      vertex   3.762941e+01 5.005263e+01 1.401704e+01
      vertex   3.775000e+01 5.005263e+01 1.406699e+01
      vertex   3.775000e+01 4.731579e+01 1.406699e+01
    endloop
  endfacet
  facet normal 3.826834e-01 0.000000e+00 -9.238795e-01
    outer loop
      vertex   3.762941e+01 5.005263e+01 1.401704e+01
      vertex   3.775000e+01 4.731579e+01 1.406699e+01
      vertex   3.762941e+01 4.731579e+01 1.401704e+01
    endloop
  endfacet
  facet normal 3.826834e-01 0.000000e+00 -9.238795e-01
    outer loop
      vertex   3.762941e+01 4.731579e+01 1.401704e+01
      vertex   3.775000e+01 4.731579e+01 1.406699e+01
      vertex   3.775000e+01 4.457895e+01 1.406699e+01
    endloop
  endfacet
  facet normal 1.305262e-01 0.000000e+00 -9.914449e-01
    outer loop
      vertex   3.762941e+01 3.910526e+01 1.401704e+01
      vertex   3.750000e+01 6.100000e+01 1.400000e+01
      vertex   3.762941e+01 4.184211e+01 1.401704e+01
    endloop
  endfacet
  facet normal 1.305262e-01 0.000000e+00 -9.914449e-01
    outer loop
      vertex   3.762941e+01 4.184211e+01 1.401704e+01
      vertex   3.750000e+01 6.100000e+01 1.400000e+01
      vertex   3.762941e+01 4.457895e+01 1.401704e+01
    endloop
  endfacet
  facet normal 3.826834e-01 0.000000e+00 -9.238795e-01
    outer loop
      vertex   3.762941e+01 4.184211e+01 1.401704e+01
      vertex   3.762941e+01 4.457895e+01 1.401704e+01
      vertex   3.775000e+01 4.184211e+01 1.406699e+01
    endloop
  endfacet
  facet normal 3.826834e-01 0.000000e+00 -9.238795e-01
    outer loop
      vertex   3.775000e+01 3.910526e+01 1.406699e+01
      vertex   3.762941e+01 3.910526e+01 1.401704e+01
      vertex   3.762941e+01 4.184211e+01 1.401704e+01
    endloop
  endfacet
  facet normal 3.826834e-01 0.000000e+00 -9.238795e-01
    outer loop
      vertex   3.775000e+01 3.910526e+01 1.406699e+01
      vertex   3.762941e+01 4.184211e+01 1.401704e+01
      vertex   3.775000e+01 4.184211e+01 1.406699e+01
    endloop
  endfacet
  facet normal 3.826834e-01 0.000000e+00 -9.238795e-01
    outer loop
      vertex   3.762941e+01 3.089474e+01 1.401704e+01
      vertex   3.762941e+01 3.363158e+01 1.401704e+01
      vertex   3.775000e+01 3.089474e+01 1.406699e+01
    endloop
  endfacet
  facet normal 3.826834e-01 0.000000e+00 -9.238795e-01
    outer loop
      vertex   3.775000e+01 3.089474e+01 1.406699e+01
      vertex   3.762941e+01 3.363158e+01 1.401704e+01
      vertex   3.775000e+01 3.363158e+01 1.406699e+01
    endloop
  endfacet
  facet normal 6.087614e-01 0.000000e+00 -7.933533e-01
    outer loop
      vertex   3.775000e+01 3.089474e+01 1.406699e+01
      vertex   3.775000e+01 3.363158e+01 1.406699e+01
      vertex   3.785355e+01 3.089474e+01 1.414645e+01
    endloop
  endfacet
  facet normal 6.087614e-01 0.000000e+00 -7.933533e-01
    outer loop
      vertex   3.785355e+01 3.089474e+01 1.414645e+01
      vertex   3.775000e+01 3.363158e+01 1.406699e+01
      vertex   3.785355e+01 3.363158e+01 1.414645e+01
    endloop
  endfacet
  facet normal 7.933533e-01 0.000000e+00 -6.087614e-01
    outer loop
      vertex   3.785355e+01 3.089474e+01 1.414645e+01
      vertex   3.785355e+01 3.363158e+01 1.414645e+01
      vertex   3.793301e+01 3.089474e+01 1.425000e+01
    endloop
  endfacet
  facet normal 7.933533e-01 0.000000e+00 -6.087614e-01
    outer loop
      vertex   3.793301e+01 3.089474e+01 1.425000e+01
      vertex   3.785355e+01 3.363158e+01 1.414645e+01
      vertex   3.793301e+01 3.363158e+01 1.425000e+01
    endloop
  endfacet
  facet normal 9.238795e-01 0.000000e+00 -3.826834e-01
    outer loop
      vertex   3.793301e+01 3.089474e+01 1.425000e+01
      vertex   3.793301e+01 3.363158e+01 1.425000e+01
      vertex   3.798296e+01 3.089474e+01 1.437059e+01
    endloop
  endfacet
  facet normal 9.238795e-01 0.000000e+00 -3.826834e-01
    outer loop
      vertex   3.798296e+01 3.089474e+01 1.437059e+01
      vertex   3.793301e+01 3.363158e+01 1.425000e+01
      vertex   3.798296e+01 3.363158e+01 1.437059e+01
    endloop
  endfacet
  facet normal 9.914449e-01 0.000000e+00 -1.305262e-01
    outer loop
      vertex   3.798296e+01 3.089474e+01 1.437059e+01
      vertex   3.798296e+01 3.363158e+01 1.437059e+01
      vertex   3.800000e+01 9.000000e+00 1.450000e+01
    endloop
  endfacet
  facet normal 1.305262e-01 0.000000e+00 -9.914449e-01
    outer loop
      vertex   3.762941e+01 2.815789e+01 1.401704e+01
      vertex   3.762941e+01 2.542105e+01 1.401704e+01
      vertex   3.750000e+01 9.000000e+00 1.400000e+01
    endloop
  endfacet
  facet normal 1.305262e-01 0.000000e+00 -9.914449e-01
    outer loop
      vertex   3.750000e+01 9.000000e+00 1.400000e+01
      vertex   3.762941e+01 2.542105e+01 1.401704e+01
      vertex   3.762941e+01 2.268421e+01 1.401704e+01
    endloop
  endfacet
  facet normal 1.305262e-01 0.000000e+00 -9.914449e-01
    outer loop
      vertex   3.750000e+01 9.000000e+00 1.400000e+01
      vertex   3.762941e+01 2.268421e+01 1.401704e+01
      vertex   3.762941e+01 1.994737e+01 1.401704e+01
    endloop
  endfacet
  facet normal 3.826834e-01 0.000000e+00 -9.238795e-01
    outer loop
      vertex   3.762941e+01 1.994737e+01 1.401704e+01
      vertex   3.762941e+01 2.268421e+01 1.401704e+01
      vertex   3.775000e+01 1.994737e+01 1.406699e+01
    endloop
  endfacet
  facet normal 3.826834e-01 0.000000e+00 -9.238795e-01
    outer loop
      vertex   3.762941e+01 1.994737e+01 1.401704e+01
      vertex   3.775000e+01 1.994737e+01 1.406699e+01
      vertex   3.775000e+01 1.721053e+01 1.406699e+01
    endloop
  endfacet
  facet normal 6.087614e-01 0.000000e+00 -7.933533e-01
    outer loop
      vertex   3.775000e+01 1.721053e+01 1.406699e+01
      vertex   3.775000e+01 1.994737e+01 1.406699e+01
      vertex   3.785355e+01 1.721053e+01 1.414645e+01
    endloop
  endfacet
  facet normal 6.087614e-01 0.000000e+00 -7.933533e-01
    outer loop
      vertex   3.775000e+01 1.721053e+01 1.406699e+01
      vertex   3.785355e+01 1.721053e+01 1.414645e+01
      vertex   3.785355e+01 1.447368e+01 1.414645e+01
    endloop
  endfacet
  facet normal 7.933533e-01 0.000000e+00 -6.087614e-01
    outer loop
      vertex   3.785355e+01 1.447368e+01 1.414645e+01
      vertex   3.785355e+01 1.721053e+01 1.414645e+01
      vertex   3.793301e+01 1.447368e+01 1.425000e+01
    endloop
  endfacet
  facet normal 3.826834e-01 0.000000e+00 -9.238795e-01
    outer loop
      vertex   3.762941e+01 2.815789e+01 1.401704e+01
      vertex   3.775000e+01 2.542105e+01 1.406699e+01
      vertex   3.762941e+01 2.542105e+01 1.401704e+01
    endloop
  endfacet
  facet normal 3.826834e-01 0.000000e+00 -9.238795e-01
    outer loop
      vertex   3.762941e+01 2.542105e+01 1.401704e+01
      vertex   3.775000e+01 2.542105e+01 1.406699e+01
      vertex   3.775000e+01 2.268421e+01 1.406699e+01
    endloop
  endfacet
  facet normal 3.826834e-01 0.000000e+00 -9.238795e-01
    outer loop
      vertex   3.762941e+01 2.542105e+01 1.401704e+01
      vertex   3.775000e+01 2.268421e+01 1.406699e+01
      vertex   3.762941e+01 2.268421e+01 1.401704e+01
    endloop
  endfacet
  facet normal 3.826834e-01 0.000000e+00 -9.238795e-01
    outer loop
      vertex   3.762941e+01 2.268421e+01 1.401704e+01
      vertex   3.775000e+01 2.268421e+01 1.406699e+01
      vertex   3.775000e+01 1.994737e+01 1.406699e+01
    endloop
  endfacet
  facet normal 1.305262e-01 0.000000e+00 -9.914449e-01
    outer loop
      vertex   3.762941e+01 1.447368e+01 1.401704e+01
      vertex   3.750000e+01 9.000000e+00 1.400000e+01
      vertex   3.762941e+01 1.721053e+01 1.401704e+01
    endloop
  endfacet
  facet normal 1.305262e-01 0.000000e+00 -9.914449e-01
    outer loop
      vertex   3.762941e+01 1.721053e+01 1.401704e+01
      vertex   3.750000e+01 9.000000e+00 1.400000e+01
      vertex   3.762941e+01 1.994737e+01 1.401704e+01
    endloop
  endfacet
  facet normal 3.826834e-01 0.000000e+00 -9.238795e-01
    outer loop
      vertex   3.762941e+01 1.721053e+01 1.401704e+01
      vertex   3.762941e+01 1.994737e+01 1.401704e+01
      vertex   3.775000e+01 1.721053e+01 1.406699e+01
    endloop
  endfacet
  facet normal 3.826834e-01 0.000000e+00 -9.238795e-01
    outer loop
      vertex   3.775000e+01 1.447368e+01 1.406699e+01
      vertex   3.762941e+01 1.447368e+01 1.401704e+01
      vertex   3.762941e+01 1.721053e+01 1.401704e+01
    endloop
  endfacet
  facet normal 3.826834e-01 0.000000e+00 -9.238795e-01
    outer loop
      vertex   3.775000e+01 1.447368e+01 1.406699e+01
      vertex   3.762941e+01 1.721053e+01 1.401704e+01
      vertex   3.775000e+01 1.721053e+01 1.406699e+01
    endloop
  endfacet
  facet normal 3.826834e-01 0.000000e+00 -9.238795e-01
    outer loop
      vertex   3.762941e+01 5.552632e+01 1.401704e+01
      vertex   3.775000e+01 5.552632e+01 1.406699e+01
      vertex   3.775000e+01 5.278947e+01 1.406699e+01
    endloop
  endfacet
  facet normal 6.087614e-01 0.000000e+00 -7.933533e-01
    outer loop
      vertex   3.775000e+01 5.278947e+01 1.406699e+01
      vertex   3.775000e+01 5.552632e+01 1.406699e+01
      vertex   3.785355e+01 5.278947e+01 1.414645e+01
    endloop
  endfacet
  facet normal 6.087614e-01 0.000000e+00 -7.933533e-01
    outer loop
      vertex   3.775000e+01 5.278947e+01 1.406699e+01
      vertex   3.785355e+01 5.278947e+01 1.414645e+01
      vertex   3.785355e+01 5.005263e+01 1.414645e+01
    endloop
  endfacet
  facet normal 7.933533e-01 0.000000e+00 -6.087614e-01
    outer loop
      vertex   3.785355e+01 5.005263e+01 1.414645e+01
      vertex   3.785355e+01 5.278947e+01 1.414645e+01
      vertex   3.793301e+01 5.005263e+01 1.425000e+01
    endloop
  endfacet
  facet normal 7.933533e-01 0.000000e+00 -6.087614e-01
    outer loop
      vertex   3.785355e+01 5.005263e+01 1.414645e+01
      vertex   3.793301e+01 5.005263e+01 1.425000e+01
      vertex   3.793301e+01 4.731579e+01 1.425000e+01
    endloop
  endfacet
  facet normal 9.238795e-01 0.000000e+00 -3.826834e-01
    outer loop
      vertex   3.793301e+01 4.731579e+01 1.425000e+01
      vertex   3.793301e+01 5.005263e+01 1.425000e+01
      vertex   3.798296e+01 4.731579e+01 1.437059e+01
    endloop
  endfacet
  facet normal 9.238795e-01 0.000000e+00 -3.826834e-01
    outer loop
      vertex   3.793301e+01 4.731579e+01 1.425000e+01
      vertex   3.798296e+01 4.731579e+01 1.437059e+01
      vertex   3.798296e+01 4.457895e+01 1.437059e+01
    endloop
  endfacet
  facet normal 9.914449e-01 0.000000e+00 -1.305262e-01
    outer loop
      vertex   3.798296e+01 4.457895e+01 1.437059e+01
      vertex   3.798296e+01 4.731579e+01 1.437059e+01
      vertex   3.800000e+01 6.100000e+01 1.450000e+01
    endloop
  endfacet
  facet normal 6.087614e-01 0.000000e+00 -7.933533e-01
    outer loop
      vertex   3.785355e+01 5.278947e+01 1.414645e+01
      vertex   3.775000e+01 5.552632e+01 1.406699e+01
      vertex   3.785355e+01 5.552632e+01 1.414645e+01
    endloop
  endfacet
  facet normal 6.087614e-01 0.000000e+00 -7.933533e-01
    outer loop
      vertex   3.775000e+01 5.005263e+01 1.406699e+01
      vertex   3.785355e+01 4.731579e+01 1.414645e+01
      vertex   3.775000e+01 4.731579e+01 1.406699e+01
    endloop
  endfacet
  facet normal 6.087614e-01 0.000000e+00 -7.933533e-01
    outer loop
      vertex   3.775000e+01 4.731579e+01 1.406699e+01
      vertex   3.785355e+01 4.731579e+01 1.414645e+01
      vertex   3.785355e+01 4.457895e+01 1.414645e+01
    endloop
  endfacet
  facet normal 6.087614e-01 0.000000e+00 -7.933533e-01
    outer loop
      vertex   3.775000e+01 4.731579e+01 1.406699e+01
      vertex   3.785355e+01 4.457895e+01 1.414645e+01
      vertex   3.775000e+01 4.457895e+01 1.406699e+01
    endloop
  endfacet
  facet normal 6.087614e-01 0.000000e+00 -7.933533e-01
    outer loop
      vertex   3.775000e+01 4.457895e+01 1.406699e+01
      vertex   3.785355e+01 4.457895e+01 1.414645e+01
      vertex   3.785355e+01 4.184211e+01 1.414645e+01
    endloop
  endfacet
  facet normal 6.087614e-01 0.000000e+00 -7.933533e-01
    outer loop
      vertex   3.785355e+01 3.910526e+01 1.414645e+01
      vertex   3.775000e+01 3.910526e+01 1.406699e+01
      vertex   3.775000e+01 4.184211e+01 1.406699e+01
    endloop
  endfacet
  facet normal 3.826834e-01 0.000000e+00 -9.238795e-01
    outer loop
      vertex   3.762941e+01 3.089474e+01 1.401704e+01
      vertex   3.775000e+01 3.089474e+01 1.406699e+01
      vertex   3.775000e+01 2.815789e+01 1.406699e+01
    endloop
  endfacet
  facet normal 6.087614e-01 0.000000e+00 -7.933533e-01
    outer loop
      vertex   3.775000e+01 2.815789e+01 1.406699e+01
      vertex   3.775000e+01 3.089474e+01 1.406699e+01
      vertex   3.785355e+01 2.815789e+01 1.414645e+01
    endloop
  endfacet
  facet normal 6.087614e-01 0.000000e+00 -7.933533e-01
    outer loop
      vertex   3.775000e+01 2.815789e+01 1.406699e+01
      vertex   3.785355e+01 2.815789e+01 1.414645e+01
      vertex   3.785355e+01 2.542105e+01 1.414645e+01
    endloop
  endfacet
  facet normal 7.933533e-01 0.000000e+00 -6.087614e-01
    outer loop
      vertex   3.785355e+01 2.542105e+01 1.414645e+01
      vertex   3.785355e+01 2.815789e+01 1.414645e+01
      vertex   3.793301e+01 2.542105e+01 1.425000e+01
    endloop
  endfacet
  facet normal 7.933533e-01 0.000000e+00 -6.087614e-01
    outer loop
      vertex   3.785355e+01 2.542105e+01 1.414645e+01
      vertex   3.793301e+01 2.542105e+01 1.425000e+01
      vertex   3.793301e+01 2.268421e+01 1.425000e+01
    endloop
  endfacet
  facet normal 9.238795e-01 0.000000e+00 -3.826834e-01
    outer loop
      vertex   3.793301e+01 2.268421e+01 1.425000e+01
      vertex   3.793301e+01 2.542105e+01 1.425000e+01
      vertex   3.798296e+01 2.268421e+01 1.437059e+01
    endloop
  endfacet
  facet normal 9.238795e-01 0.000000e+00 -3.826834e-01
    outer loop
      vertex   3.793301e+01 2.268421e+01 1.425000e+01
      vertex   3.798296e+01 2.268421e+01 1.437059e+01
      vertex   3.798296e+01 1.994737e+01 1.437059e+01
    endloop
  endfacet
  facet normal 9.914449e-01 0.000000e+00 -1.305262e-01
    outer loop
      vertex   3.798296e+01 1.994737e+01 1.437059e+01
      vertex   3.798296e+01 2.268421e+01 1.437059e+01
      vertex   3.800000e+01 9.000000e+00 1.450000e+01
    endloop
  endfacet
  facet normal 6.087614e-01 0.000000e+00 -7.933533e-01
    outer loop
      vertex   3.785355e+01 2.815789e+01 1.414645e+01
      vertex   3.775000e+01 3.089474e+01 1.406699e+01
      vertex   3.785355e+01 3.089474e+01 1.414645e+01
    endloop
  endfacet
  facet normal 6.087614e-01 0.000000e+00 -7.933533e-01
    outer loop
      vertex   3.775000e+01 2.542105e+01 1.406699e+01
      vertex   3.785355e+01 2.268421e+01 1.414645e+01
      vertex   3.775000e+01 2.268421e+01 1.406699e+01
    endloop
  endfacet
  facet normal 6.087614e-01 0.000000e+00 -7.933533e-01
    outer loop
      vertex   3.775000e+01 2.268421e+01 1.406699e+01
      vertex   3.785355e+01 2.268421e+01 1.414645e+01
      vertex   3.785355e+01 1.994737e+01 1.414645e+01
    endloop
  endfacet
  facet normal 6.087614e-01 0.000000e+00 -7.933533e-01
    outer loop
      vertex   3.775000e+01 2.268421e+01 1.406699e+01
      vertex   3.785355e+01 1.994737e+01 1.414645e+01
      vertex   3.775000e+01 1.994737e+01 1.406699e+01
    endloop
  endfacet
  facet normal 6.087614e-01 0.000000e+00 -7.933533e-01
    outer loop
      vertex   3.775000e+01 1.994737e+01 1.406699e+01
      vertex   3.785355e+01 1.994737e+01 1.414645e+01
      vertex   3.785355e+01 1.721053e+01 1.414645e+01
    endloop
  endfacet
  facet normal 6.087614e-01 0.000000e+00 -7.933533e-01
    outer loop
      vertex   3.785355e+01 1.447368e+01 1.414645e+01
      vertex   3.775000e+01 1.447368e+01 1.406699e+01
      vertex   3.775000e+01 1.721053e+01 1.406699e+01
    endloop
  endfacet
  facet normal 7.933533e-01 0.000000e+00 -6.087614e-01
    outer loop
      vertex   3.785355e+01 5.278947e+01 1.414645e+01
      vertex   3.785355e+01 5.552632e+01 1.414645e+01
      vertex   3.793301e+01 5.278947e+01 1.425000e+01
    endloop
  endfacet
  facet normal 7.933533e-01 0.000000e+00 -6.087614e-01
    outer loop
      vertex   3.793301e+01 5.278947e+01 1.425000e+01
      vertex   3.785355e+01 5.552632e+01 1.414645e+01
      vertex   3.793301e+01 5.552632e+01 1.425000e+01
    endloop
  endfacet
  facet normal 9.238795e-01 0.000000e+00 -3.826834e-01
    outer loop
      vertex   3.793301e+01 5.278947e+01 1.425000e+01
      vertex   3.793301e+01 5.552632e+01 1.425000e+01
      vertex   3.798296e+01 5.278947e+01 1.437059e+01
    endloop
  endfacet
  facet normal 9.238795e-01 0.000000e+00 -3.826834e-01
    outer loop
      vertex   3.798296e+01 5.278947e+01 1.437059e+01
      vertex   3.793301e+01 5.552632e+01 1.425000e+01
      vertex   3.798296e+01 5.552632e+01 1.437059e+01
    endloop
  endfacet
  facet normal 9.914449e-01 0.000000e+00 -1.305262e-01
    outer loop
      vertex   3.798296e+01 5.278947e+01 1.437059e+01
      vertex   3.798296e+01 5.552632e+01 1.437059e+01
      vertex   3.800000e+01 6.100000e+01 1.450000e+01
    endloop
  endfacet
  facet normal 7.933533e-01 0.000000e+00 -6.087614e-01
    outer loop
      vertex   3.785355e+01 4.731579e+01 1.414645e+01
      vertex   3.793301e+01 4.457895e+01 1.425000e+01
      vertex   3.785355e+01 4.457895e+01 1.414645e+01
    endloop
  endfacet
  facet normal 7.933533e-01 0.000000e+00 -6.087614e-01
    outer loop
      vertex   3.785355e+01 4.457895e+01 1.414645e+01
      vertex   3.793301e+01 4.457895e+01 1.425000e+01
      vertex   3.793301e+01 4.184211e+01 1.425000e+01
    endloop
  endfacet
  facet normal 7.933533e-01 0.000000e+00 -6.087614e-01
    outer loop
      vertex   3.785355e+01 4.457895e+01 1.414645e+01
      vertex   3.793301e+01 4.184211e+01 1.425000e+01
      vertex   3.785355e+01 4.184211e+01 1.414645e+01
    endloop
  endfacet
  facet normal 7.933533e-01 0.000000e+00 -6.087614e-01
    outer loop
      vertex   3.785355e+01 4.184211e+01 1.414645e+01
      vertex   3.793301e+01 4.184211e+01 1.425000e+01
      vertex   3.793301e+01 3.910526e+01 1.425000e+01
    endloop
  endfacet
  facet normal 7.933533e-01 0.000000e+00 -6.087614e-01
    outer loop
      vertex   3.785355e+01 2.815789e+01 1.414645e+01
      vertex   3.785355e+01 3.089474e+01 1.414645e+01
      vertex   3.793301e+01 2.815789e+01 1.425000e+01
    endloop
  endfacet
  facet normal 7.933533e-01 0.000000e+00 -6.087614e-01
    outer loop
      vertex   3.793301e+01 2.815789e+01 1.425000e+01
      vertex   3.785355e+01 3.089474e+01 1.414645e+01
      vertex   3.793301e+01 3.089474e+01 1.425000e+01
    endloop
  endfacet
  facet normal 9.238795e-01 0.000000e+00 -3.826834e-01
    outer loop
      vertex   3.793301e+01 2.815789e+01 1.425000e+01
      vertex   3.793301e+01 3.089474e+01 1.425000e+01
      vertex   3.798296e+01 2.815789e+01 1.437059e+01
    endloop
  endfacet
  facet normal 9.238795e-01 0.000000e+00 -3.826834e-01
    outer loop
      vertex   3.798296e+01 2.815789e+01 1.437059e+01
      vertex   3.793301e+01 3.089474e+01 1.425000e+01
      vertex   3.798296e+01 3.089474e+01 1.437059e+01
    endloop
  endfacet
  facet normal 9.914449e-01 0.000000e+00 -1.305262e-01
    outer loop
      vertex   3.798296e+01 2.815789e+01 1.437059e+01
      vertex   3.798296e+01 3.089474e+01 1.437059e+01
      vertex   3.800000e+01 9.000000e+00 1.450000e+01
    endloop
  endfacet
  facet normal 7.933533e-01 0.000000e+00 -6.087614e-01
    outer loop
      vertex   3.785355e+01 2.268421e+01 1.414645e+01
      vertex   3.793301e+01 1.994737e+01 1.425000e+01
      vertex   3.785355e+01 1.994737e+01 1.414645e+01
    endloop
  endfacet
  facet normal 7.933533e-01 0.000000e+00 -6.087614e-01
    outer loop
      vertex   3.785355e+01 1.994737e+01 1.414645e+01
      vertex   3.793301e+01 1.994737e+01 1.425000e+01
      vertex   3.793301e+01 1.721053e+01 1.425000e+01
    endloop
  endfacet
  facet normal 7.933533e-01 0.000000e+00 -6.087614e-01
    outer loop
      vertex   3.785355e+01 1.994737e+01 1.414645e+01
      vertex   3.793301e+01 1.721053e+01 1.425000e+01
      vertex   3.785355e+01 1.721053e+01 1.414645e+01
    endloop
  endfacet
  facet normal 7.933533e-01 0.000000e+00 -6.087614e-01
    outer loop
      vertex   3.785355e+01 1.721053e+01 1.414645e+01
      vertex   3.793301e+01 1.721053e+01 1.425000e+01
      vertex   3.793301e+01 1.447368e+01 1.425000e+01
    endloop
  endfacet
  facet normal 7.933533e-01 0.000000e+00 -6.087614e-01
    outer loop
      vertex   3.785355e+01 5.278947e+01 1.414645e+01
      vertex   3.793301e+01 5.278947e+01 1.425000e+01
      vertex   3.793301e+01 5.005263e+01 1.425000e+01
    endloop
  endfacet
  facet normal 9.238795e-01 0.000000e+00 -3.826834e-01
    outer loop
      vertex   3.793301e+01 5.005263e+01 1.425000e+01
      vertex   3.793301e+01 5.278947e+01 1.425000e+01
      vertex   3.798296e+01 5.005263e+01 1.437059e+01
    endloop
  endfacet
  facet normal 9.238795e-01 0.000000e+00 -3.826834e-01
    outer loop
      vertex   3.793301e+01 5.005263e+01 1.425000e+01
      vertex   3.798296e+01 5.005263e+01 1.437059e+01
      vertex   3.798296e+01 4.731579e+01 1.437059e+01
    endloop
  endfacet
  facet normal 9.914449e-01 0.000000e+00 -1.305262e-01
    outer loop
      vertex   3.798296e+01 4.731579e+01 1.437059e+01
      vertex   3.798296e+01 5.005263e+01 1.437059e+01
      vertex   3.800000e+01 6.100000e+01 1.450000e+01
    endloop
  endfacet
  facet normal 9.238795e-01 0.000000e+00 -3.826834e-01
    outer loop
      vertex   3.798296e+01 5.005263e+01 1.437059e+01
      vertex   3.793301e+01 5.278947e+01 1.425000e+01
      vertex   3.798296e+01 5.278947e+01 1.437059e+01
    endloop
  endfacet
  facet normal 9.238795e-01 0.000000e+00 -3.826834e-01
    outer loop
      vertex   3.798296e+01 3.910526e+01 1.437059e+01
      vertex   3.793301e+01 3.910526e+01 1.425000e+01
      vertex   3.793301e+01 4.184211e+01 1.425000e+01
    endloop
  endfacet
  facet normal 9.238795e-01 0.000000e+00 -3.826834e-01
    outer loop
      vertex   3.798296e+01 3.910526e+01 1.437059e+01
      vertex   3.793301e+01 4.184211e+01 1.425000e+01
      vertex   3.798296e+01 4.184211e+01 1.437059e+01
    endloop
  endfacet
  facet normal 9.238795e-01 0.000000e+00 -3.826834e-01
    outer loop
      vertex   3.798296e+01 4.184211e+01 1.437059e+01
      vertex   3.793301e+01 4.184211e+01 1.425000e+01
      vertex   3.793301e+01 4.457895e+01 1.425000e+01
    endloop
  endfacet
  facet normal 7.933533e-01 0.000000e+00 -6.087614e-01
    outer loop
      vertex   3.785355e+01 2.815789e+01 1.414645e+01
      vertex   3.793301e+01 2.815789e+01 1.425000e+01
      vertex   3.793301e+01 2.542105e+01 1.425000e+01
    endloop
  endfacet
  facet normal 9.238795e-01 0.000000e+00 -3.826834e-01
    outer loop
      vertex   3.793301e+01 2.542105e+01 1.425000e+01
      vertex   3.793301e+01 2.815789e+01 1.425000e+01
      vertex   3.798296e+01 2.542105e+01 1.437059e+01
    endloop
  endfacet
  facet normal 9.238795e-01 0.000000e+00 -3.826834e-01
    outer loop
      vertex   3.793301e+01 2.542105e+01 1.425000e+01
      vertex   3.798296e+01 2.542105e+01 1.437059e+01
      vertex   3.798296e+01 2.268421e+01 1.437059e+01
    endloop
  endfacet
  facet normal 9.914449e-01 0.000000e+00 -1.305262e-01
    outer loop
      vertex   3.798296e+01 2.268421e+01 1.437059e+01
      vertex   3.798296e+01 2.542105e+01 1.437059e+01
      vertex   3.800000e+01 9.000000e+00 1.450000e+01
    endloop
  endfacet
  facet normal 9.238795e-01 0.000000e+00 -3.826834e-01
    outer loop
      vertex   3.798296e+01 2.542105e+01 1.437059e+01
      vertex   3.793301e+01 2.815789e+01 1.425000e+01
      vertex   3.798296e+01 2.815789e+01 1.437059e+01
    endloop
  endfacet
  facet normal 9.238795e-01 0.000000e+00 -3.826834e-01
    outer loop
      vertex   3.798296e+01 1.447368e+01 1.437059e+01
      vertex   3.793301e+01 1.447368e+01 1.425000e+01
      vertex   3.793301e+01 1.721053e+01 1.425000e+01
    endloop
  endfacet
  facet normal 9.238795e-01 0.000000e+00 -3.826834e-01
    outer loop
      vertex   3.798296e+01 1.447368e+01 1.437059e+01
      vertex   3.793301e+01 1.721053e+01 1.425000e+01
      vertex   3.798296e+01 1.721053e+01 1.437059e+01
    endloop
  endfacet
  facet normal 9.238795e-01 0.000000e+00 -3.826834e-01
    outer loop
      vertex   3.798296e+01 1.721053e+01 1.437059e+01
      vertex   3.793301e+01 1.721053e+01 1.425000e+01
      vertex   3.793301e+01 1.994737e+01 1.425000e+01
    endloop
  endfacet
  facet normal 9.914449e-01 0.000000e+00 -1.305262e-01
    outer loop
      vertex   3.800000e+01 6.100000e+01 1.450000e+01
      vertex   3.798296e+01 5.005263e+01 1.437059e+01
      vertex   3.798296e+01 5.278947e+01 1.437059e+01
    endloop
  endfacet
  facet normal 9.914449e-01 0.000000e+00 -1.305262e-01
    outer loop
      vertex   3.800000e+01 9.000000e+00 1.450000e+01
      vertex   3.798296e+01 2.542105e+01 1.437059e+01
      vertex   3.798296e+01 2.815789e+01 1.437059e+01
    endloop
  endfacet
  facet normal 1.718156e-02 1.305069e-01 -9.912985e-01
    outer loop
      vertex   3.600000e+01 6.250000e+01 1.400000e+01
      vertex   3.600000e+01 6.262941e+01 1.401704e+01
      vertex   3.638823e+01 6.244889e+01 1.400000e+01
    endloop
  endfacet
  facet normal 1.718156e-02 1.305069e-01 -9.912985e-01
    outer loop
      vertex   3.638823e+01 6.244889e+01 1.400000e+01
      vertex   3.600000e+01 6.262941e+01 1.401704e+01
      vertex   3.642172e+01 6.257389e+01 1.401704e+01
    endloop
  endfacet
  facet normal 5.037379e-02 1.216131e-01 -9.912985e-01
    outer loop
      vertex   3.638823e+01 6.244889e+01 1.400000e+01
      vertex   3.642172e+01 6.257389e+01 1.401704e+01
      vertex   3.675000e+01 6.229904e+01 1.400000e+01
    endloop
  endfacet
  facet normal 5.037379e-02 1.216131e-01 -9.912985e-01
    outer loop
      vertex   3.675000e+01 6.229904e+01 1.400000e+01
      vertex   3.642172e+01 6.257389e+01 1.401704e+01
      vertex   3.681470e+01 6.241111e+01 1.401704e+01
    endloop
  endfacet
  facet normal 8.013313e-02 1.044315e-01 -9.912985e-01
    outer loop
      vertex   3.675000e+01 6.229904e+01 1.400000e+01
      vertex   3.681470e+01 6.241111e+01 1.401704e+01
      vertex   3.706066e+01 6.206066e+01 1.400000e+01
    endloop
  endfacet
  facet normal 8.013313e-02 1.044315e-01 -9.912985e-01
    outer loop
      vertex   3.706066e+01 6.206066e+01 1.400000e+01
      vertex   3.681470e+01 6.241111e+01 1.401704e+01
      vertex   3.715217e+01 6.215217e+01 1.401704e+01
    endloop
  endfacet
  facet normal 1.044315e-01 8.013313e-02 -9.912985e-01
    outer loop
      vertex   3.706066e+01 6.206066e+01 1.400000e+01
      vertex   3.715217e+01 6.215217e+01 1.401704e+01
      vertex   3.729904e+01 6.175000e+01 1.400000e+01
    endloop
  endfacet
  facet normal 1.044315e-01 8.013313e-02 -9.912985e-01
    outer loop
      vertex   3.729904e+01 6.175000e+01 1.400000e+01
      vertex   3.715217e+01 6.215217e+01 1.401704e+01
      vertex   3.741111e+01 6.181470e+01 1.401704e+01
    endloop
  endfacet
  facet normal 1.216131e-01 5.037379e-02 -9.912985e-01
    outer loop
      vertex   3.729904e+01 6.175000e+01 1.400000e+01
      vertex   3.741111e+01 6.181470e+01 1.401704e+01
      vertex   3.744889e+01 6.138823e+01 1.400000e+01
    endloop
  endfacet
  facet normal 1.216131e-01 5.037379e-02 -9.912985e-01
    outer loop
      vertex   3.744889e+01 6.138823e+01 1.400000e+01
      vertex   3.741111e+01 6.181470e+01 1.401704e+01
      vertex   3.757389e+01 6.142172e+01 1.401704e+01
    endloop
  endfacet
  facet normal 1.305069e-01 1.718156e-02 -9.912985e-01
    outer loop
      vertex   3.744889e+01 6.138823e+01 1.400000e+01
      vertex   3.757389e+01 6.142172e+01 1.401704e+01
      vertex   3.750000e+01 6.100000e+01 1.400000e+01
    endloop
  endfacet
  facet normal 1.305069e-01 1.718156e-02 -9.912985e-01
    outer loop
      vertex   3.750000e+01 6.100000e+01 1.400000e+01
      vertex   3.757389e+01 6.142172e+01 1.401704e+01
      vertex   3.762941e+01 6.100000e+01 1.401704e+01
    endloop
  endfacet
  facet normal 3.821987e-01 5.031741e-02 -9.227092e-01
    outer loop
      vertex   3.762941e+01 6.100000e+01 1.401704e+01
      vertex   3.757389e+01 6.142172e+01 1.401704e+01
      vertex   3.769037e+01 6.145293e+01 1.406699e+01
    endloop
  endfacet
  facet normal 3.821987e-01 5.031741e-02 -9.227092e-01
    outer loop
      vertex   3.762941e+01 6.100000e+01 1.401704e+01
      vertex   3.769037e+01 6.145293e+01 1.406699e+01
      vertex   3.775000e+01 6.100000e+01 1.406699e+01
    endloop
  endfacet
  facet normal 6.068157e-01 7.988880e-02 -7.908176e-01
    outer loop
      vertex   3.775000e+01 6.100000e+01 1.406699e+01
      vertex   3.769037e+01 6.145293e+01 1.406699e+01
      vertex   3.779040e+01 6.147973e+01 1.414645e+01
    endloop
  endfacet
  facet normal 6.068157e-01 7.988880e-02 -7.908176e-01
    outer loop
      vertex   3.775000e+01 6.100000e+01 1.406699e+01
      vertex   3.779040e+01 6.147973e+01 1.414645e+01
      vertex   3.785355e+01 6.100000e+01 1.414645e+01
    endloop
  endfacet
  facet normal 7.890610e-01 1.038819e-01 -6.054678e-01
    outer loop
      vertex   3.785355e+01 6.100000e+01 1.414645e+01
      vertex   3.779040e+01 6.147973e+01 1.414645e+01
      vertex   3.786715e+01 6.150030e+01 1.425000e+01
    endloop
  endfacet
  facet normal 7.890610e-01 1.038819e-01 -6.054678e-01
    outer loop
      vertex   3.785355e+01 6.100000e+01 1.414645e+01
      vertex   3.786715e+01 6.150030e+01 1.425000e+01
      vertex   3.793301e+01 6.100000e+01 1.425000e+01
    endloop
  endfacet
  facet normal 9.171204e-01 1.207412e-01 -3.798837e-01
    outer loop
      vertex   3.793301e+01 6.100000e+01 1.425000e+01
      vertex   3.786715e+01 6.150030e+01 1.425000e+01
      vertex   3.791540e+01 6.151323e+01 1.437059e+01
    endloop
  endfacet
  facet normal 9.171204e-01 1.207412e-01 -3.798837e-01
    outer loop
      vertex   3.793301e+01 6.100000e+01 1.425000e+01
      vertex   3.791540e+01 6.151323e+01 1.437059e+01
      vertex   3.798296e+01 6.100000e+01 1.437059e+01
    endloop
  endfacet
  facet normal 9.831056e-01 1.294283e-01 -1.294283e-01
    outer loop
      vertex   3.798296e+01 6.100000e+01 1.437059e+01
      vertex   3.791540e+01 6.151323e+01 1.437059e+01
      vertex   3.793185e+01 6.151764e+01 1.450000e+01
    endloop
  endfacet
  facet normal 9.831056e-01 1.294283e-01 -1.294283e-01
    outer loop
      vertex   3.798296e+01 6.100000e+01 1.437059e+01
      vertex   3.793185e+01 6.151764e+01 1.450000e+01
      vertex   3.800000e+01 6.100000e+01 1.450000e+01
    endloop
  endfacet
  facet normal 5.031741e-02 3.821987e-01 -9.227092e-01
    outer loop
      vertex   3.600000e+01 6.262941e+01 1.401704e+01
      vertex   3.600000e+01 6.275000e+01 1.406699e+01
      vertex   3.642172e+01 6.257389e+01 1.401704e+01
    endloop
  endfacet
  facet normal 5.031741e-02 3.821987e-01 -9.227092e-01
    outer loop
      vertex   3.642172e+01 6.257389e+01 1.401704e+01
      vertex   3.600000e+01 6.275000e+01 1.406699e+01
      vertex   3.645293e+01 6.269037e+01 1.406699e+01
    endloop
  endfacet
  facet normal 1.475232e-01 3.561525e-01 -9.227092e-01
    outer loop
      vertex   3.642172e+01 6.257389e+01 1.401704e+01
      vertex   3.645293e+01 6.269037e+01 1.406699e+01
      vertex   3.681470e+01 6.241111e+01 1.401704e+01
    endloop
  endfacet
  facet normal 1.475232e-01 3.561525e-01 -9.227092e-01
    outer loop
      vertex   3.681470e+01 6.241111e+01 1.401704e+01
      vertex   3.645293e+01 6.269037e+01 1.406699e+01
      vertex   3.687500e+01 6.251554e+01 1.406699e+01
    endloop
  endfacet
  facet normal 2.346755e-01 3.058351e-01 -9.227092e-01
    outer loop
      vertex   3.681470e+01 6.241111e+01 1.401704e+01
      vertex   3.687500e+01 6.251554e+01 1.406699e+01
      vertex   3.715217e+01 6.215217e+01 1.401704e+01
    endloop
  endfacet
  facet normal 2.346755e-01 3.058351e-01 -9.227092e-01
    outer loop
      vertex   3.715217e+01 6.215217e+01 1.401704e+01
      vertex   3.687500e+01 6.251554e+01 1.406699e+01
      vertex   3.723744e+01 6.223744e+01 1.406699e+01
    endloop
  endfacet
  facet normal 3.058351e-01 2.346755e-01 -9.227092e-01
    outer loop
      vertex   3.715217e+01 6.215217e+01 1.401704e+01
      vertex   3.723744e+01 6.223744e+01 1.406699e+01
      vertex   3.741111e+01 6.181470e+01 1.401704e+01
    endloop
  endfacet
  facet normal 3.058351e-01 2.346755e-01 -9.227092e-01
    outer loop
      vertex   3.741111e+01 6.181470e+01 1.401704e+01
      vertex   3.723744e+01 6.223744e+01 1.406699e+01
      vertex   3.751554e+01 6.187500e+01 1.406699e+01
    endloop
  endfacet
  facet normal 3.561525e-01 1.475232e-01 -9.227092e-01
    outer loop
      vertex   3.741111e+01 6.181470e+01 1.401704e+01
      vertex   3.751554e+01 6.187500e+01 1.406699e+01
      vertex   3.757389e+01 6.142172e+01 1.401704e+01
    endloop
  endfacet
  facet normal 3.561525e-01 1.475232e-01 -9.227092e-01
    outer loop
      vertex   3.757389e+01 6.142172e+01 1.401704e+01
      vertex   3.751554e+01 6.187500e+01 1.406699e+01
      vertex   3.769037e+01 6.145293e+01 1.406699e+01
    endloop
  endfacet
  facet normal 7.988880e-02 6.068157e-01 -7.908176e-01
    outer loop
      vertex   3.600000e+01 6.275000e+01 1.406699e+01
      vertex   3.600000e+01 6.285355e+01 1.414645e+01
      vertex   3.645293e+01 6.269037e+01 1.406699e+01
    endloop
  endfacet
  facet normal 7.988880e-02 6.068157e-01 -7.908176e-01
    outer loop
      vertex   3.645293e+01 6.269037e+01 1.406699e+01
      vertex   3.600000e+01 6.285355e+01 1.414645e+01
      vertex   3.647973e+01 6.279040e+01 1.414645e+01
    endloop
  endfacet
  facet normal 2.342221e-01 5.654622e-01 -7.908176e-01
    outer loop
      vertex   3.645293e+01 6.269037e+01 1.406699e+01
      vertex   3.647973e+01 6.279040e+01 1.414645e+01
      vertex   3.687500e+01 6.251554e+01 1.406699e+01
    endloop
  endfacet
  facet normal 2.342221e-01 5.654622e-01 -7.908176e-01
    outer loop
      vertex   3.687500e+01 6.251554e+01 1.406699e+01
      vertex   3.647973e+01 6.279040e+01 1.414645e+01
      vertex   3.692678e+01 6.260522e+01 1.414645e+01
    endloop
  endfacet
  facet normal 3.725936e-01 4.855734e-01 -7.908176e-01
    outer loop
      vertex   3.687500e+01 6.251554e+01 1.406699e+01
      vertex   3.692678e+01 6.260522e+01 1.414645e+01
      vertex   3.723744e+01 6.223744e+01 1.406699e+01
    endloop
  endfacet
  facet normal 3.725936e-01 4.855734e-01 -7.908176e-01
    outer loop
      vertex   3.723744e+01 6.223744e+01 1.406699e+01
      vertex   3.692678e+01 6.260522e+01 1.414645e+01
      vertex   3.731066e+01 6.231066e+01 1.414645e+01
    endloop
  endfacet
  facet normal 4.855734e-01 3.725936e-01 -7.908176e-01
    outer loop
      vertex   3.723744e+01 6.223744e+01 1.406699e+01
      vertex   3.731066e+01 6.231066e+01 1.414645e+01
      vertex   3.751554e+01 6.187500e+01 1.406699e+01
    endloop
  endfacet
  facet normal 4.855734e-01 3.725936e-01 -7.908176e-01
    outer loop
      vertex   3.751554e+01 6.187500e+01 1.406699e+01
      vertex   3.731066e+01 6.231066e+01 1.414645e+01
      vertex   3.760522e+01 6.192678e+01 1.414645e+01
    endloop
  endfacet
  facet normal 5.654622e-01 2.342221e-01 -7.908176e-01
    outer loop
      vertex   3.751554e+01 6.187500e+01 1.406699e+01
      vertex   3.760522e+01 6.192678e+01 1.414645e+01
      vertex   3.769037e+01 6.145293e+01 1.406699e+01
    endloop
  endfacet
  facet normal 5.654622e-01 2.342221e-01 -7.908176e-01
    outer loop
      vertex   3.769037e+01 6.145293e+01 1.406699e+01
      vertex   3.760522e+01 6.192678e+01 1.414645e+01
      vertex   3.779040e+01 6.147973e+01 1.414645e+01
    endloop
  endfacet
  facet normal 1.038819e-01 7.890610e-01 -6.054678e-01
    outer loop
      vertex   3.600000e+01 6.285355e+01 1.414645e+01
      vertex   3.600000e+01 6.293301e+01 1.425000e+01
      vertex   3.647973e+01 6.279040e+01 1.414645e+01
    endloop
  endfacet
  facet normal 1.038819e-01 7.890610e-01 -6.054678e-01
    outer loop
      vertex   3.647973e+01 6.279040e+01 1.414645e+01
      vertex   3.600000e+01 6.293301e+01 1.425000e+01
      vertex   3.650030e+01 6.286715e+01 1.425000e+01
    endloop
  endfacet
  facet normal 3.045662e-01 7.352878e-01 -6.054678e-01
    outer loop
      vertex   3.647973e+01 6.279040e+01 1.414645e+01
      vertex   3.650030e+01 6.286715e+01 1.425000e+01
      vertex   3.692678e+01 6.260522e+01 1.414645e+01
    endloop
  endfacet
  facet normal 3.045662e-01 7.352878e-01 -6.054678e-01
    outer loop
      vertex   3.692678e+01 6.260522e+01 1.414645e+01
      vertex   3.650030e+01 6.286715e+01 1.425000e+01
      vertex   3.696651e+01 6.267404e+01 1.425000e+01
    endloop
  endfacet
  facet normal 4.844948e-01 6.314060e-01 -6.054678e-01
    outer loop
      vertex   3.692678e+01 6.260522e+01 1.414645e+01
      vertex   3.696651e+01 6.267404e+01 1.425000e+01
      vertex   3.731066e+01 6.231066e+01 1.414645e+01
    endloop
  endfacet
  facet normal 4.844948e-01 6.314060e-01 -6.054678e-01
    outer loop
      vertex   3.731066e+01 6.231066e+01 1.414645e+01
      vertex   3.696651e+01 6.267404e+01 1.425000e+01
      vertex   3.736685e+01 6.236685e+01 1.425000e+01
    endloop
  endfacet
  facet normal 6.314060e-01 4.844948e-01 -6.054678e-01
    outer loop
      vertex   3.731066e+01 6.231066e+01 1.414645e+01
      vertex   3.736685e+01 6.236685e+01 1.425000e+01
      vertex   3.760522e+01 6.192678e+01 1.414645e+01
    endloop
  endfacet
  facet normal 6.314060e-01 4.844948e-01 -6.054678e-01
    outer loop
      vertex   3.760522e+01 6.192678e+01 1.414645e+01
      vertex   3.736685e+01 6.236685e+01 1.425000e+01
      vertex   3.767404e+01 6.196651e+01 1.425000e+01
    endloop
  endfacet
  facet normal 7.352878e-01 3.045662e-01 -6.054678e-01
    outer loop
      vertex   3.760522e+01 6.192678e+01 1.414645e+01
      vertex   3.767404e+01 6.196651e+01 1.425000e+01
      vertex   3.779040e+01 6.147973e+01 1.414645e+01
    endloop
  endfacet
  facet normal 7.352878e-01 3.045662e-01 -6.054678e-01
    outer loop
      vertex   3.779040e+01 6.147973e+01 1.414645e+01
      vertex   3.767404e+01 6.196651e+01 1.425000e+01
      vertex   3.786715e+01 6.150030e+01 1.425000e+01
    endloop
  endfacet
  facet normal 1.207412e-01 9.171204e-01 -3.798837e-01
    outer loop
      vertex   3.600000e+01 6.293301e+01 1.425000e+01
      vertex   3.600000e+01 6.298296e+01 1.437059e+01
      vertex   3.650030e+01 6.286715e+01 1.425000e+01
    endloop
  endfacet
  facet normal 1.207412e-01 9.171204e-01 -3.798837e-01
    outer loop
      vertex   3.650030e+01 6.286715e+01 1.425000e+01
      vertex   3.600000e+01 6.298296e+01 1.437059e+01
      vertex   3.651323e+01 6.291540e+01 1.437059e+01
    endloop
  endfacet
  facet normal 3.539953e-01 8.546202e-01 -3.798837e-01
    outer loop
      vertex   3.650030e+01 6.286715e+01 1.425000e+01
      vertex   3.651323e+01 6.291540e+01 1.437059e+01
      vertex   3.696651e+01 6.267404e+01 1.425000e+01
    endloop
  endfacet
  facet normal 3.539953e-01 8.546202e-01 -3.798837e-01
    outer loop
      vertex   3.696651e+01 6.267404e+01 1.425000e+01
      vertex   3.651323e+01 6.291540e+01 1.437059e+01
      vertex   3.699148e+01 6.271730e+01 1.437059e+01
    endloop
  endfacet
  facet normal 5.631252e-01 7.338790e-01 -3.798837e-01
    outer loop
      vertex   3.696651e+01 6.267404e+01 1.425000e+01
      vertex   3.699148e+01 6.271730e+01 1.437059e+01
      vertex   3.736685e+01 6.236685e+01 1.425000e+01
    endloop
  endfacet
  facet normal 5.631252e-01 7.338790e-01 -3.798837e-01
    outer loop
      vertex   3.736685e+01 6.236685e+01 1.425000e+01
      vertex   3.699148e+01 6.271730e+01 1.437059e+01
      vertex   3.740217e+01 6.240217e+01 1.437059e+01
    endloop
  endfacet
  facet normal 7.338790e-01 5.631252e-01 -3.798837e-01
    outer loop
      vertex   3.736685e+01 6.236685e+01 1.425000e+01
      vertex   3.740217e+01 6.240217e+01 1.437059e+01
      vertex   3.767404e+01 6.196651e+01 1.425000e+01
    endloop
  endfacet
  facet normal 7.338790e-01 5.631252e-01 -3.798837e-01
    outer loop
      vertex   3.767404e+01 6.196651e+01 1.425000e+01
      vertex   3.740217e+01 6.240217e+01 1.437059e+01
      vertex   3.771730e+01 6.199148e+01 1.437059e+01
    endloop
  endfacet
  facet normal 8.546202e-01 3.539953e-01 -3.798837e-01
    outer loop
      vertex   3.767404e+01 6.196651e+01 1.425000e+01
      vertex   3.771730e+01 6.199148e+01 1.437059e+01
      vertex   3.786715e+01 6.150030e+01 1.425000e+01
    endloop
  endfacet
  facet normal 8.546202e-01 3.539953e-01 -3.798837e-01
    outer loop
      vertex   3.786715e+01 6.150030e+01 1.425000e+01
      vertex   3.771730e+01 6.199148e+01 1.437059e+01
      vertex   3.791540e+01 6.151323e+01 1.437059e+01
    endloop
  endfacet
  facet normal 1.294283e-01 9.831056e-01 -1.294283e-01
    outer loop
      vertex   3.600000e+01 6.298296e+01 1.437059e+01
      vertex   3.600000e+01 6.300000e+01 1.450000e+01
      vertex   3.651323e+01 6.291540e+01 1.437059e+01
    endloop
  endfacet
  facet normal 1.294283e-01 9.831056e-01 -1.294283e-01
    outer loop
      vertex   3.651323e+01 6.291540e+01 1.437059e+01
      vertex   3.600000e+01 6.300000e+01 1.450000e+01
      vertex   3.651764e+01 6.293185e+01 1.450000e+01
    endloop
  endfacet
  facet normal 3.794646e-01 9.161086e-01 -1.294283e-01
    outer loop
      vertex   3.651323e+01 6.291540e+01 1.437059e+01
      vertex   3.651764e+01 6.293185e+01 1.450000e+01
      vertex   3.699148e+01 6.271730e+01 1.437059e+01
    endloop
  endfacet
  facet normal 3.794646e-01 9.161086e-01 -1.294283e-01
    outer loop
      vertex   3.699148e+01 6.271730e+01 1.437059e+01
      vertex   3.651764e+01 6.293185e+01 1.450000e+01
      vertex   3.700000e+01 6.273205e+01 1.450000e+01
    endloop
  endfacet
  facet normal 6.036410e-01 7.866803e-01 -1.294283e-01
    outer loop
      vertex   3.699148e+01 6.271730e+01 1.437059e+01
      vertex   3.700000e+01 6.273205e+01 1.450000e+01
      vertex   3.740217e+01 6.240217e+01 1.437059e+01
    endloop
  endfacet
  facet normal 6.036410e-01 7.866803e-01 -1.294283e-01
    outer loop
      vertex   3.740217e+01 6.240217e+01 1.437059e+01
      vertex   3.700000e+01 6.273205e+01 1.450000e+01
      vertex   3.741421e+01 6.241421e+01 1.450000e+01
    endloop
  endfacet
  facet normal 7.866803e-01 6.036410e-01 -1.294283e-01
    outer loop
      vertex   3.740217e+01 6.240217e+01 1.437059e+01
      vertex   3.741421e+01 6.241421e+01 1.450000e+01
      vertex   3.771730e+01 6.199148e+01 1.437059e+01
    endloop
  endfacet
  facet normal 7.866803e-01 6.036410e-01 -1.294283e-01
    outer loop
      vertex   3.771730e+01 6.199148e+01 1.437059e+01
      vertex   3.741421e+01 6.241421e+01 1.450000e+01
      vertex   3.773205e+01 6.200000e+01 1.450000e+01
    endloop
  endfacet
  facet normal 9.161086e-01 3.794646e-01 -1.294283e-01
    outer loop
      vertex   3.771730e+01 6.199148e+01 1.437059e+01
      vertex   3.773205e+01 6.200000e+01 1.450000e+01
      vertex   3.791540e+01 6.151323e+01 1.437059e+01
    endloop
  endfacet
  facet normal 9.161086e-01 3.794646e-01 -1.294283e-01
    outer loop
      vertex   3.791540e+01 6.151323e+01 1.437059e+01
      vertex   3.773205e+01 6.200000e+01 1.450000e+01
      vertex   3.793185e+01 6.151764e+01 1.450000e+01
    endloop
  endfacet
  facet normal 0.000000e+00 1.305262e-01 -9.914449e-01
    outer loop
      vertex   2.200000e+01 6.262941e+01 1.401704e+01
      vertex   2.480000e+01 6.262941e+01 1.401704e+01
      vertex   2.200000e+01 6.250000e+01 1.400000e+01
    endloop
  endfacet
  facet normal 0.000000e+00 1.305262e-01 -9.914449e-01
    outer loop
      vertex   2.200000e+01 6.250000e+01 1.400000e+01
      vertex   2.480000e+01 6.262941e+01 1.401704e+01
      vertex   2.760000e+01 6.262941e+01 1.401704e+01
    endloop
  endfacet
  facet normal 0.000000e+00 1.305262e-01 -9.914449e-01
    outer loop
      vertex   2.200000e+01 6.250000e+01 1.400000e+01
      vertex   2.760000e+01 6.262941e+01 1.401704e+01
      vertex   3.040000e+01 6.262941e+01 1.401704e+01
    endloop
  endfacet
  facet normal 0.000000e+00 3.826834e-01 -9.238795e-01
    outer loop
      vertex   3.040000e+01 6.262941e+01 1.401704e+01
      vertex   2.760000e+01 6.262941e+01 1.401704e+01
      vertex   3.040000e+01 6.275000e+01 1.406699e+01
    endloop
  endfacet
  facet normal 0.000000e+00 3.826834e-01 -9.238795e-01
    outer loop
      vertex   3.040000e+01 6.262941e+01 1.401704e+01
      vertex   3.040000e+01 6.275000e+01 1.406699e+01
      vertex   3.320000e+01 6.275000e+01 1.406699e+01
    endloop
  endfacet
  facet normal 0.000000e+00 6.087614e-01 -7.933533e-01
    outer loop
      vertex   3.320000e+01 6.275000e+01 1.406699e+01
      vertex   3.040000e+01 6.275000e+01 1.406699e+01
      vertex   3.320000e+01 6.285355e+01 1.414645e+01
    endloop
  endfacet
  facet normal 0.000000e+00 6.087614e-01 -7.933533e-01
    outer loop
      vertex   3.320000e+01 6.275000e+01 1.406699e+01
      vertex   3.320000e+01 6.285355e+01 1.414645e+01
      vertex   3.600000e+01 6.285355e+01 1.414645e+01
    endloop
  endfacet
  facet normal 0.000000e+00 7.933533e-01 -6.087614e-01
    outer loop
      vertex   3.600000e+01 6.285355e+01 1.414645e+01
      vertex   3.320000e+01 6.285355e+01 1.414645e+01
      vertex   3.600000e+01 6.293301e+01 1.425000e+01
    endloop
  endfacet
  facet normal 0.000000e+00 7.933533e-01 -6.087614e-01
    outer loop
      vertex   3.600000e+01 6.293301e+01 1.425000e+01
      vertex   3.320000e+01 6.285355e+01 1.414645e+01
      vertex   3.320000e+01 6.293301e+01 1.425000e+01
    endloop
  endfacet
  facet normal 0.000000e+00 9.238795e-01 -3.826834e-01
    outer loop
      vertex   3.600000e+01 6.293301e+01 1.425000e+01
      vertex   3.320000e+01 6.293301e+01 1.425000e+01
      vertex   3.600000e+01 6.298296e+01 1.437059e+01
    endloop
  endfacet
  facet normal 0.000000e+00 9.238795e-01 -3.826834e-01
    outer loop
      vertex   3.600000e+01 6.298296e+01 1.437059e+01
      vertex   3.320000e+01 6.293301e+01 1.425000e+01
      vertex   3.320000e+01 6.298296e+01 1.437059e+01
    endloop
  endfacet
  facet normal 0.000000e+00 9.914449e-01 -1.305262e-01
    outer loop
      vertex   3.600000e+01 6.298296e+01 1.437059e+01
      vertex   3.320000e+01 6.298296e+01 1.437059e+01
      vertex   3.600000e+01 6.300000e+01 1.450000e+01
    endloop
  endfacet
  facet normal 0.000000e+00 9.914449e-01 -1.305262e-01
    outer loop
      vertex   3.600000e+01 6.300000e+01 1.450000e+01
      vertex   3.320000e+01 6.298296e+01 1.437059e+01
      vertex   3.040000e+01 6.298296e+01 1.437059e+01
    endloop
  endfacet
  facet normal 0.000000e+00 9.914449e-01 -1.305262e-01
    outer loop
      vertex   3.600000e+01 6.300000e+01 1.450000e+01
      vertex   3.040000e+01 6.298296e+01 1.437059e+01
      vertex   2.760000e+01 6.298296e+01 1.437059e+01
    endloop
  endfacet
  facet normal 0.000000e+00 9.238795e-01 -3.826834e-01
    outer loop
      vertex   2.760000e+01 6.298296e+01 1.437059e+01
      vertex   3.040000e+01 6.298296e+01 1.437059e+01
      vertex   2.760000e+01 6.293301e+01 1.425000e+01
    endloop
  endfacet
  facet normal 0.000000e+00 9.238795e-01 -3.826834e-01
    outer loop
      vertex   2.760000e+01 6.298296e+01 1.437059e+01
      vertex   2.760000e+01 6.293301e+01 1.425000e+01
      vertex   2.480000e+01 6.293301e+01 1.425000e+01
    endloop
  endfacet
  facet normal 0.000000e+00 7.933533e-01 -6.087614e-01
    outer loop
      vertex   2.480000e+01 6.293301e+01 1.425000e+01
      vertex   2.760000e+01 6.293301e+01 1.425000e+01
      vertex   2.480000e+01 6.285355e+01 1.414645e+01
    endloop
  endfacet
  facet normal 0.000000e+00 7.933533e-01 -6.087614e-01
    outer loop
      vertex   2.480000e+01 6.293301e+01 1.425000e+01
      vertex   2.480000e+01 6.285355e+01 1.414645e+01
      vertex   2.200000e+01 6.285355e+01 1.414645e+01
    endloop
  endfacet
  facet normal 0.000000e+00 6.087614e-01 -7.933533e-01
    outer loop
      vertex   2.200000e+01 6.285355e+01 1.414645e+01
      vertex   2.480000e+01 6.285355e+01 1.414645e+01
      vertex   2.200000e+01 6.275000e+01 1.406699e+01
    endloop
  endfacet
  facet normal 5.033138e-16 6.087614e-01 -7.933533e-01
    outer loop
      vertex   2.200000e+01 6.275000e+01 1.406699e+01
      vertex   2.480000e+01 6.285355e+01 1.414645e+01
      vertex   2.480000e+01 6.275000e+01 1.406699e+01
    endloop
  endfacet
  facet normal 5.861213e-16 3.826834e-01 -9.238795e-01
    outer loop
      vertex   2.200000e+01 6.275000e+01 1.406699e+01
      vertex   2.480000e+01 6.275000e+01 1.406699e+01
      vertex   2.200000e+01 6.262941e+01 1.401704e+01
    endloop
  endfacet
  facet normal 0.000000e+00 3.826834e-01 -9.238795e-01
    outer loop
      vertex   2.200000e+01 6.262941e+01 1.401704e+01
      vertex   2.480000e+01 6.275000e+01 1.406699e+01
      vertex   2.480000e+01 6.262941e+01 1.401704e+01
    endloop
  endfacet
  facet normal 0.000000e+00 7.933533e-01 -6.087614e-01
    outer loop
      vertex   2.200000e+01 6.285355e+01 1.414645e+01
      vertex   2.200000e+01 6.293301e+01 1.425000e+01
      vertex   2.480000e+01 6.293301e+01 1.425000e+01
    endloop
  endfacet
  facet normal 0.000000e+00 9.238795e-01 -3.826834e-01
    outer loop
      vertex   2.480000e+01 6.293301e+01 1.425000e+01
      vertex   2.200000e+01 6.293301e+01 1.425000e+01
      vertex   2.480000e+01 6.298296e+01 1.437059e+01
    endloop
  endfacet
  facet normal 0.000000e+00 9.238795e-01 -3.826834e-01
    outer loop
      vertex   2.480000e+01 6.293301e+01 1.425000e+01
      vertex   2.480000e+01 6.298296e+01 1.437059e+01
      vertex   2.760000e+01 6.298296e+01 1.437059e+01
    endloop
  endfacet
  facet normal 0.000000e+00 9.914449e-01 -1.305262e-01
    outer loop
      vertex   2.760000e+01 6.298296e+01 1.437059e+01
      vertex   2.480000e+01 6.298296e+01 1.437059e+01
      vertex   2.200000e+01 6.300000e+01 1.450000e+01
    endloop
  endfacet
  facet normal 0.000000e+00 9.914449e-01 -1.305262e-01
    outer loop
      vertex   2.760000e+01 6.298296e+01 1.437059e+01
      vertex   2.200000e+01 6.300000e+01 1.450000e+01
      vertex   3.600000e+01 6.300000e+01 1.450000e+01
    endloop
  endfacet
  facet normal 0.000000e+00 9.238795e-01 -3.826834e-01
    outer loop
      vertex   2.200000e+01 6.293301e+01 1.425000e+01
      vertex   2.200000e+01 6.298296e+01 1.437059e+01
      vertex   2.480000e+01 6.298296e+01 1.437059e+01
    endloop
  endfacet
  facet normal 0.000000e+00 9.914449e-01 -1.305262e-01
    outer loop
      vertex   2.480000e+01 6.298296e+01 1.437059e+01
      vertex   2.200000e+01 6.298296e+01 1.437059e+01
      vertex   2.200000e+01 6.300000e+01 1.450000e+01
    endloop
  endfacet
  facet normal -5.031302e-16 6.087614e-01 -7.933533e-01
    outer loop
      vertex   3.600000e+01 6.285355e+01 1.414645e+01
      vertex   3.600000e+01 6.275000e+01 1.406699e+01
      vertex   3.320000e+01 6.275000e+01 1.406699e+01
    endloop
  endfacet
  facet normal -5.861213e-16 3.826834e-01 -9.238795e-01
    outer loop
      vertex   3.320000e+01 6.275000e+01 1.406699e+01
      vertex   3.600000e+01 6.275000e+01 1.406699e+01
      vertex   3.320000e+01 6.262941e+01 1.401704e+01
    endloop
  endfacet
  facet normal 0.000000e+00 3.826834e-01 -9.238795e-01
    outer loop
      vertex   3.320000e+01 6.275000e+01 1.406699e+01
      vertex   3.320000e+01 6.262941e+01 1.401704e+01
      vertex   3.040000e+01 6.262941e+01 1.401704e+01
    endloop
  endfacet
  facet normal 0.000000e+00 1.305262e-01 -9.914449e-01
    outer loop
      vertex   3.040000e+01 6.262941e+01 1.401704e+01
      vertex   3.320000e+01 6.262941e+01 1.401704e+01
      vertex   3.600000e+01 6.250000e+01 1.400000e+01
    endloop
  endfacet
  facet normal 0.000000e+00 1.305262e-01 -9.914449e-01
    outer loop
      vertex   3.040000e+01 6.262941e+01 1.401704e+01
      vertex   3.600000e+01 6.250000e+01 1.400000e+01
      vertex   2.200000e+01 6.250000e+01 1.400000e+01
    endloop
  endfacet
  facet normal 0.000000e+00 3.826834e-01 -9.238795e-01
    outer loop
      vertex   3.600000e+01 6.275000e+01 1.406699e+01
      vertex   3.600000e+01 6.262941e+01 1.401704e+01
      vertex   3.320000e+01 6.262941e+01 1.401704e+01
    endloop
  endfacet
  facet normal 0.000000e+00 1.305262e-01 -9.914449e-01
    outer loop
      vertex   3.320000e+01 6.262941e+01 1.401704e+01
      vertex   3.600000e+01 6.262941e+01 1.401704e+01
      vertex   3.600000e+01 6.250000e+01 1.400000e+01
    endloop
  endfacet
  facet normal 0.000000e+00 3.826834e-01 -9.238795e-01
    outer loop
      vertex   2.760000e+01 6.262941e+01 1.401704e+01
      vertex   2.480000e+01 6.262941e+01 1.401704e+01
      vertex   2.760000e+01 6.275000e+01 1.406699e+01
    endloop
  endfacet
  facet normal 0.000000e+00 3.826834e-01 -9.238795e-01
    outer loop
      vertex   2.760000e+01 6.275000e+01 1.406699e+01
      vertex   2.480000e+01 6.262941e+01 1.401704e+01
      vertex   2.480000e+01 6.275000e+01 1.406699e+01
    endloop
  endfacet
  facet normal 0.000000e+00 6.087614e-01 -7.933533e-01
    outer loop
      vertex   2.760000e+01 6.275000e+01 1.406699e+01
      vertex   2.480000e+01 6.275000e+01 1.406699e+01
      vertex   2.760000e+01 6.285355e+01 1.414645e+01
    endloop
  endfacet
  facet normal 0.000000e+00 6.087614e-01 -7.933533e-01
    outer loop
      vertex   2.760000e+01 6.285355e+01 1.414645e+01
      vertex   2.480000e+01 6.275000e+01 1.406699e+01
      vertex   2.480000e+01 6.285355e+01 1.414645e+01
    endloop
  endfacet
  facet normal 0.000000e+00 7.933533e-01 -6.087614e-01
    outer loop
      vertex   2.760000e+01 6.285355e+01 1.414645e+01
      vertex   2.480000e+01 6.285355e+01 1.414645e+01
      vertex   2.760000e+01 6.293301e+01 1.425000e+01
    endloop
  endfacet
  facet normal 0.000000e+00 3.826834e-01 -9.238795e-01
    outer loop
      vertex   2.760000e+01 6.262941e+01 1.401704e+01
      vertex   2.760000e+01 6.275000e+01 1.406699e+01
      vertex   3.040000e+01 6.275000e+01 1.406699e+01
    endloop
  endfacet
  facet normal 0.000000e+00 6.087614e-01 -7.933533e-01
    outer loop
      vertex   3.040000e+01 6.275000e+01 1.406699e+01
      vertex   2.760000e+01 6.275000e+01 1.406699e+01
      vertex   3.040000e+01 6.285355e+01 1.414645e+01
    endloop
  endfacet
  facet normal 0.000000e+00 6.087614e-01 -7.933533e-01
    outer loop
      vertex   3.040000e+01 6.275000e+01 1.406699e+01
      vertex   3.040000e+01 6.285355e+01 1.414645e+01
      vertex   3.320000e+01 6.285355e+01 1.414645e+01
    endloop
  endfacet
  facet normal 0.000000e+00 7.933533e-01 -6.087614e-01
    outer loop
      vertex   3.320000e+01 6.285355e+01 1.414645e+01
      vertex   3.040000e+01 6.285355e+01 1.414645e+01
      vertex   3.320000e+01 6.293301e+01 1.425000e+01
    endloop
  endfacet
  facet normal 0.000000e+00 6.087614e-01 -7.933533e-01
    outer loop
      vertex   3.040000e+01 6.285355e+01 1.414645e+01
      vertex   2.760000e+01 6.275000e+01 1.406699e+01
      vertex   2.760000e+01 6.285355e+01 1.414645e+01
    endloop
  endfacet
  facet normal 0.000000e+00 7.933533e-01 -6.087614e-01
    outer loop
      vertex   3.040000e+01 6.285355e+01 1.414645e+01
      vertex   2.760000e+01 6.285355e+01 1.414645e+01
      vertex   3.040000e+01 6.293301e+01 1.425000e+01
    endloop
  endfacet
  facet normal 0.000000e+00 7.933533e-01 -6.087614e-01
    outer loop
      vertex   3.040000e+01 6.293301e+01 1.425000e+01
      vertex   2.760000e+01 6.285355e+01 1.414645e+01
      vertex   2.760000e+01 6.293301e+01 1.425000e+01
    endloop
  endfacet
  facet normal 0.000000e+00 9.238795e-01 -3.826834e-01
    outer loop
      vertex   3.040000e+01 6.293301e+01 1.425000e+01
      vertex   2.760000e+01 6.293301e+01 1.425000e+01
      vertex   3.040000e+01 6.298296e+01 1.437059e+01
    endloop
  endfacet
  facet normal 0.000000e+00 9.238795e-01 -3.826834e-01
    outer loop
      vertex   3.320000e+01 6.298296e+01 1.437059e+01
      vertex   3.320000e+01 6.293301e+01 1.425000e+01
      vertex   3.040000e+01 6.293301e+01 1.425000e+01
    endloop
  endfacet
  facet normal 0.000000e+00 7.933533e-01 -6.087614e-01
    outer loop
      vertex   3.040000e+01 6.293301e+01 1.425000e+01
      vertex   3.320000e+01 6.293301e+01 1.425000e+01
      vertex   3.040000e+01 6.285355e+01 1.414645e+01
    endloop
  endfacet
  facet normal 0.000000e+00 9.238795e-01 -3.826834e-01
    outer loop
      vertex   3.320000e+01 6.298296e+01 1.437059e+01
      vertex   3.040000e+01 6.293301e+01 1.425000e+01
      vertex   3.040000e+01 6.298296e+01 1.437059e+01
    endloop
  endfacet
  facet normal -1.305069e-01 1.718156e-02 -9.912985e-01
    outer loop
      vertex   2.050000e+01 6.100000e+01 1.400000e+01
      vertex   2.037059e+01 6.100000e+01 1.401704e+01
      vertex   2.055111e+01 6.138823e+01 1.400000e+01
    endloop
  endfacet
  facet normal -1.305069e-01 1.718156e-02 -9.912985e-01
    outer loop
      vertex   2.055111e+01 6.138823e+01 1.400000e+01
      vertex   2.037059e+01 6.100000e+01 1.401704e+01
      vertex   2.042611e+01 6.142172e+01 1.401704e+01
    endloop
  endfacet
  facet normal -1.216131e-01 5.037379e-02 -9.912985e-01
    outer loop
      vertex   2.055111e+01 6.138823e+01 1.400000e+01
      vertex   2.042611e+01 6.142172e+01 1.401704e+01
      vertex   2.070096e+01 6.175000e+01 1.400000e+01
    endloop
  endfacet
  facet normal -1.216131e-01 5.037379e-02 -9.912985e-01
    outer loop
      vertex   2.070096e+01 6.175000e+01 1.400000e+01
      vertex   2.042611e+01 6.142172e+01 1.401704e+01
      vertex   2.058889e+01 6.181470e+01 1.401704e+01
    endloop
  endfacet
  facet normal -1.044315e-01 8.013313e-02 -9.912985e-01
    outer loop
      vertex   2.070096e+01 6.175000e+01 1.400000e+01
      vertex   2.058889e+01 6.181470e+01 1.401704e+01
      vertex   2.093934e+01 6.206066e+01 1.400000e+01
    endloop
  endfacet
  facet normal -1.044315e-01 8.013313e-02 -9.912985e-01
    outer loop
      vertex   2.093934e+01 6.206066e+01 1.400000e+01
      vertex   2.058889e+01 6.181470e+01 1.401704e+01
      vertex   2.084783e+01 6.215217e+01 1.401704e+01
    endloop
  endfacet
  facet normal -8.013313e-02 1.044315e-01 -9.912985e-01
    outer loop
      vertex   2.093934e+01 6.206066e+01 1.400000e+01
      vertex   2.084783e+01 6.215217e+01 1.401704e+01
      vertex   2.125000e+01 6.229904e+01 1.400000e+01
    endloop
  endfacet
  facet normal -8.013313e-02 1.044315e-01 -9.912985e-01
    outer loop
      vertex   2.125000e+01 6.229904e+01 1.400000e+01
      vertex   2.084783e+01 6.215217e+01 1.401704e+01
      vertex   2.118530e+01 6.241111e+01 1.401704e+01
    endloop
  endfacet
  facet normal -5.037379e-02 1.216131e-01 -9.912985e-01
    outer loop
      vertex   2.125000e+01 6.229904e+01 1.400000e+01
      vertex   2.118530e+01 6.241111e+01 1.401704e+01
      vertex   2.161177e+01 6.244889e+01 1.400000e+01
    endloop
  endfacet
  facet normal -5.037379e-02 1.216131e-01 -9.912985e-01
    outer loop
      vertex   2.161177e+01 6.244889e+01 1.400000e+01
      vertex   2.118530e+01 6.241111e+01 1.401704e+01
      vertex   2.157828e+01 6.257389e+01 1.401704e+01
    endloop
  endfacet
  facet normal -1.718156e-02 1.305069e-01 -9.912985e-01
    outer loop
      vertex   2.161177e+01 6.244889e+01 1.400000e+01
      vertex   2.157828e+01 6.257389e+01 1.401704e+01
      vertex   2.200000e+01 6.250000e+01 1.400000e+01
    endloop
  endfacet
  facet normal -1.718156e-02 1.305069e-01 -9.912985e-01
    outer loop
      vertex   2.200000e+01 6.250000e+01 1.400000e+01
      vertex   2.157828e+01 6.257389e+01 1.401704e+01
      vertex   2.200000e+01 6.262941e+01 1.401704e+01
    endloop
  endfacet
  facet normal -5.031741e-02 3.821987e-01 -9.227092e-01
    outer loop
      vertex   2.200000e+01 6.262941e+01 1.401704e+01
      vertex   2.157828e+01 6.257389e+01 1.401704e+01
      vertex   2.154707e+01 6.269037e+01 1.406699e+01
    endloop
  endfacet
  facet normal -5.031741e-02 3.821987e-01 -9.227092e-01
    outer loop
      vertex   2.200000e+01 6.262941e+01 1.401704e+01
      vertex   2.154707e+01 6.269037e+01 1.406699e+01
      vertex   2.200000e+01 6.275000e+01 1.406699e+01
    endloop
  endfacet
  facet normal -7.988880e-02 6.068157e-01 -7.908176e-01
    outer loop
      vertex   2.200000e+01 6.275000e+01 1.406699e+01
      vertex   2.154707e+01 6.269037e+01 1.406699e+01
      vertex   2.152027e+01 6.279040e+01 1.414645e+01
    endloop
  endfacet
  facet normal -7.988880e-02 6.068157e-01 -7.908176e-01
    outer loop
      vertex   2.200000e+01 6.275000e+01 1.406699e+01
      vertex   2.152027e+01 6.279040e+01 1.414645e+01
      vertex   2.200000e+01 6.285355e+01 1.414645e+01
    endloop
  endfacet
  facet normal -1.038819e-01 7.890610e-01 -6.054678e-01
    outer loop
      vertex   2.200000e+01 6.285355e+01 1.414645e+01
      vertex   2.152027e+01 6.279040e+01 1.414645e+01
      vertex   2.149970e+01 6.286715e+01 1.425000e+01
    endloop
  endfacet
  facet normal -1.038819e-01 7.890610e-01 -6.054678e-01
    outer loop
      vertex   2.200000e+01 6.285355e+01 1.414645e+01
      vertex   2.149970e+01 6.286715e+01 1.425000e+01
      vertex   2.200000e+01 6.293301e+01 1.425000e+01
    endloop
  endfacet
  facet normal -1.207412e-01 9.171204e-01 -3.798837e-01
    outer loop
      vertex   2.200000e+01 6.293301e+01 1.425000e+01
      vertex   2.149970e+01 6.286715e+01 1.425000e+01
      vertex   2.148677e+01 6.291540e+01 1.437059e+01
    endloop
  endfacet
  facet normal -1.207412e-01 9.171204e-01 -3.798837e-01
    outer loop
      vertex   2.200000e+01 6.293301e+01 1.425000e+01
      vertex   2.148677e+01 6.291540e+01 1.437059e+01
      vertex   2.200000e+01 6.298296e+01 1.437059e+01
    endloop
  endfacet
  facet normal -1.294283e-01 9.831056e-01 -1.294283e-01
    outer loop
      vertex   2.200000e+01 6.298296e+01 1.437059e+01
      vertex   2.148677e+01 6.291540e+01 1.437059e+01
      vertex   2.148236e+01 6.293185e+01 1.450000e+01
    endloop
  endfacet
  facet normal -1.294283e-01 9.831056e-01 -1.294283e-01
    outer loop
      vertex   2.200000e+01 6.298296e+01 1.437059e+01
      vertex   2.148236e+01 6.293185e+01 1.450000e+01
      vertex   2.200000e+01 6.300000e+01 1.450000e+01
    endloop
  endfacet
  facet normal -3.821987e-01 5.031741e-02 -9.227092e-01
    outer loop
      vertex   2.037059e+01 6.100000e+01 1.401704e+01
      vertex   2.025000e+01 6.100000e+01 1.406699e+01
      vertex   2.042611e+01 6.142172e+01 1.401704e+01
    endloop
  endfacet
  facet normal -3.821987e-01 5.031741e-02 -9.227092e-01
    outer loop
      vertex   2.042611e+01 6.142172e+01 1.401704e+01
      vertex   2.025000e+01 6.100000e+01 1.406699e+01
      vertex   2.030963e+01 6.145293e+01 1.406699e+01
    endloop
  endfacet
  facet normal -3.561525e-01 1.475232e-01 -9.227092e-01
    outer loop
      vertex   2.042611e+01 6.142172e+01 1.401704e+01
      vertex   2.030963e+01 6.145293e+01 1.406699e+01
      vertex   2.058889e+01 6.181470e+01 1.401704e+01
    endloop
  endfacet
  facet normal -3.561525e-01 1.475232e-01 -9.227092e-01
    outer loop
      vertex   2.058889e+01 6.181470e+01 1.401704e+01
      vertex   2.030963e+01 6.145293e+01 1.406699e+01
      vertex   2.048446e+01 6.187500e+01 1.406699e+01
    endloop
  endfacet
  facet normal -3.058351e-01 2.346755e-01 -9.227092e-01
    outer loop
      vertex   2.058889e+01 6.181470e+01 1.401704e+01
      vertex   2.048446e+01 6.187500e+01 1.406699e+01
      vertex   2.084783e+01 6.215217e+01 1.401704e+01
    endloop
  endfacet
  facet normal -3.058351e-01 2.346755e-01 -9.227092e-01
    outer loop
      vertex   2.084783e+01 6.215217e+01 1.401704e+01
      vertex   2.048446e+01 6.187500e+01 1.406699e+01
      vertex   2.076256e+01 6.223744e+01 1.406699e+01
    endloop
  endfacet
  facet normal -2.346755e-01 3.058351e-01 -9.227092e-01
    outer loop
      vertex   2.084783e+01 6.215217e+01 1.401704e+01
      vertex   2.076256e+01 6.223744e+01 1.406699e+01
      vertex   2.118530e+01 6.241111e+01 1.401704e+01
    endloop
  endfacet
  facet normal -2.346755e-01 3.058351e-01 -9.227092e-01
    outer loop
      vertex   2.118530e+01 6.241111e+01 1.401704e+01
      vertex   2.076256e+01 6.223744e+01 1.406699e+01
      vertex   2.112500e+01 6.251554e+01 1.406699e+01
    endloop
  endfacet
  facet normal -1.475232e-01 3.561525e-01 -9.227092e-01
    outer loop
      vertex   2.118530e+01 6.241111e+01 1.401704e+01
      vertex   2.112500e+01 6.251554e+01 1.406699e+01
      vertex   2.157828e+01 6.257389e+01 1.401704e+01
    endloop
  endfacet
  facet normal -1.475232e-01 3.561525e-01 -9.227092e-01
    outer loop
      vertex   2.157828e+01 6.257389e+01 1.401704e+01
      vertex   2.112500e+01 6.251554e+01 1.406699e+01
      vertex   2.154707e+01 6.269037e+01 1.406699e+01
    endloop
  endfacet
  facet normal -6.068157e-01 7.988880e-02 -7.908176e-01
    outer loop
      vertex   2.025000e+01 6.100000e+01 1.406699e+01
      vertex   2.014645e+01 6.100000e+01 1.414645e+01
      vertex   2.030963e+01 6.145293e+01 1.406699e+01
    endloop
  endfacet
  facet normal -6.068157e-01 7.988880e-02 -7.908176e-01
    outer loop
      vertex   2.030963e+01 6.145293e+01 1.406699e+01
      vertex   2.014645e+01 6.100000e+01 1.414645e+01
      vertex   2.020960e+01 6.147973e+01 1.414645e+01
    endloop
  endfacet
  facet normal -5.654622e-01 2.342221e-01 -7.908176e-01
    outer loop
      vertex   2.030963e+01 6.145293e+01 1.406699e+01
      vertex   2.020960e+01 6.147973e+01 1.414645e+01
      vertex   2.048446e+01 6.187500e+01 1.406699e+01
    endloop
  endfacet
  facet normal -5.654622e-01 2.342221e-01 -7.908176e-01
    outer loop
      vertex   2.048446e+01 6.187500e+01 1.406699e+01
      vertex   2.020960e+01 6.147973e+01 1.414645e+01
      vertex   2.039478e+01 6.192678e+01 1.414645e+01
    endloop
  endfacet
  facet normal -4.855734e-01 3.725936e-01 -7.908176e-01
    outer loop
      vertex   2.048446e+01 6.187500e+01 1.406699e+01
      vertex   2.039478e+01 6.192678e+01 1.414645e+01
      vertex   2.076256e+01 6.223744e+01 1.406699e+01
    endloop
  endfacet
  facet normal -4.855734e-01 3.725936e-01 -7.908176e-01
    outer loop
      vertex   2.076256e+01 6.223744e+01 1.406699e+01
      vertex   2.039478e+01 6.192678e+01 1.414645e+01
      vertex   2.068934e+01 6.231066e+01 1.414645e+01
    endloop
  endfacet
  facet normal -3.725936e-01 4.855734e-01 -7.908176e-01
    outer loop
      vertex   2.076256e+01 6.223744e+01 1.406699e+01
      vertex   2.068934e+01 6.231066e+01 1.414645e+01
      vertex   2.112500e+01 6.251554e+01 1.406699e+01
    endloop
  endfacet
  facet normal -3.725936e-01 4.855734e-01 -7.908176e-01
    outer loop
      vertex   2.112500e+01 6.251554e+01 1.406699e+01
      vertex   2.068934e+01 6.231066e+01 1.414645e+01
      vertex   2.107322e+01 6.260522e+01 1.414645e+01
    endloop
  endfacet
  facet normal -2.342221e-01 5.654622e-01 -7.908176e-01
    outer loop
      vertex   2.112500e+01 6.251554e+01 1.406699e+01
      vertex   2.107322e+01 6.260522e+01 1.414645e+01
      vertex   2.154707e+01 6.269037e+01 1.406699e+01
    endloop
  endfacet
  facet normal -2.342221e-01 5.654622e-01 -7.908176e-01
    outer loop
      vertex   2.154707e+01 6.269037e+01 1.406699e+01
      vertex   2.107322e+01 6.260522e+01 1.414645e+01
      vertex   2.152027e+01 6.279040e+01 1.414645e+01
    endloop
  endfacet
  facet normal -7.890610e-01 1.038819e-01 -6.054678e-01
    outer loop
      vertex   2.014645e+01 6.100000e+01 1.414645e+01
      vertex   2.006699e+01 6.100000e+01 1.425000e+01
      vertex   2.020960e+01 6.147973e+01 1.414645e+01
    endloop
  endfacet
  facet normal -7.890610e-01 1.038819e-01 -6.054678e-01
    outer loop
      vertex   2.020960e+01 6.147973e+01 1.414645e+01
      vertex   2.006699e+01 6.100000e+01 1.425000e+01
      vertex   2.013285e+01 6.150030e+01 1.425000e+01
    endloop
  endfacet
  facet normal -7.352878e-01 3.045662e-01 -6.054678e-01
    outer loop
      vertex   2.020960e+01 6.147973e+01 1.414645e+01
      vertex   2.013285e+01 6.150030e+01 1.425000e+01
      vertex   2.039478e+01 6.192678e+01 1.414645e+01
    endloop
  endfacet
  facet normal -7.352878e-01 3.045662e-01 -6.054678e-01
    outer loop
      vertex   2.039478e+01 6.192678e+01 1.414645e+01
      vertex   2.013285e+01 6.150030e+01 1.425000e+01
      vertex   2.032596e+01 6.196651e+01 1.425000e+01
    endloop
  endfacet
  facet normal -6.314060e-01 4.844948e-01 -6.054678e-01
    outer loop
      vertex   2.039478e+01 6.192678e+01 1.414645e+01
      vertex   2.032596e+01 6.196651e+01 1.425000e+01
      vertex   2.068934e+01 6.231066e+01 1.414645e+01
    endloop
  endfacet
  facet normal -6.314060e-01 4.844948e-01 -6.054678e-01
    outer loop
      vertex   2.068934e+01 6.231066e+01 1.414645e+01
      vertex   2.032596e+01 6.196651e+01 1.425000e+01
      vertex   2.063315e+01 6.236685e+01 1.425000e+01
    endloop
  endfacet
  facet normal -4.844948e-01 6.314060e-01 -6.054678e-01
    outer loop
      vertex   2.068934e+01 6.231066e+01 1.414645e+01
      vertex   2.063315e+01 6.236685e+01 1.425000e+01
      vertex   2.107322e+01 6.260522e+01 1.414645e+01
    endloop
  endfacet
  facet normal -4.844948e-01 6.314060e-01 -6.054678e-01
    outer loop
      vertex   2.107322e+01 6.260522e+01 1.414645e+01
      vertex   2.063315e+01 6.236685e+01 1.425000e+01
      vertex   2.103349e+01 6.267404e+01 1.425000e+01
    endloop
  endfacet
  facet normal -3.045662e-01 7.352878e-01 -6.054678e-01
    outer loop
      vertex   2.107322e+01 6.260522e+01 1.414645e+01
      vertex   2.103349e+01 6.267404e+01 1.425000e+01
      vertex   2.152027e+01 6.279040e+01 1.414645e+01
    endloop
  endfacet
  facet normal -3.045662e-01 7.352878e-01 -6.054678e-01
    outer loop
      vertex   2.152027e+01 6.279040e+01 1.414645e+01
      vertex   2.103349e+01 6.267404e+01 1.425000e+01
      vertex   2.149970e+01 6.286715e+01 1.425000e+01
    endloop
  endfacet
  facet normal -9.171204e-01 1.207412e-01 -3.798837e-01
    outer loop
      vertex   2.006699e+01 6.100000e+01 1.425000e+01
      vertex   2.001704e+01 6.100000e+01 1.437059e+01
      vertex   2.013285e+01 6.150030e+01 1.425000e+01
    endloop
  endfacet
  facet normal -9.171204e-01 1.207412e-01 -3.798837e-01
    outer loop
      vertex   2.013285e+01 6.150030e+01 1.425000e+01
      vertex   2.001704e+01 6.100000e+01 1.437059e+01
      vertex   2.008460e+01 6.151323e+01 1.437059e+01
    endloop
  endfacet
  facet normal -8.546202e-01 3.539953e-01 -3.798837e-01
    outer loop
      vertex   2.013285e+01 6.150030e+01 1.425000e+01
      vertex   2.008460e+01 6.151323e+01 1.437059e+01
      vertex   2.032596e+01 6.196651e+01 1.425000e+01
    endloop
  endfacet
  facet normal -8.546202e-01 3.539953e-01 -3.798837e-01
    outer loop
      vertex   2.032596e+01 6.196651e+01 1.425000e+01
      vertex   2.008460e+01 6.151323e+01 1.437059e+01
      vertex   2.028270e+01 6.199148e+01 1.437059e+01
    endloop
  endfacet
  facet normal -7.338790e-01 5.631252e-01 -3.798837e-01
    outer loop
      vertex   2.032596e+01 6.196651e+01 1.425000e+01
      vertex   2.028270e+01 6.199148e+01 1.437059e+01
      vertex   2.063315e+01 6.236685e+01 1.425000e+01
    endloop
  endfacet
  facet normal -7.338790e-01 5.631252e-01 -3.798837e-01
    outer loop
      vertex   2.063315e+01 6.236685e+01 1.425000e+01
      vertex   2.028270e+01 6.199148e+01 1.437059e+01
      vertex   2.059783e+01 6.240217e+01 1.437059e+01
    endloop
  endfacet
  facet normal -5.631252e-01 7.338790e-01 -3.798837e-01
    outer loop
      vertex   2.063315e+01 6.236685e+01 1.425000e+01
      vertex   2.059783e+01 6.240217e+01 1.437059e+01
      vertex   2.103349e+01 6.267404e+01 1.425000e+01
    endloop
  endfacet
  facet normal -5.631252e-01 7.338790e-01 -3.798837e-01
    outer loop
      vertex   2.103349e+01 6.267404e+01 1.425000e+01
      vertex   2.059783e+01 6.240217e+01 1.437059e+01
      vertex   2.100852e+01 6.271730e+01 1.437059e+01
    endloop
  endfacet
  facet normal -3.539953e-01 8.546202e-01 -3.798837e-01
    outer loop
      vertex   2.103349e+01 6.267404e+01 1.425000e+01
      vertex   2.100852e+01 6.271730e+01 1.437059e+01
      vertex   2.149970e+01 6.286715e+01 1.425000e+01
    endloop
  endfacet
  facet normal -3.539953e-01 8.546202e-01 -3.798837e-01
    outer loop
      vertex   2.149970e+01 6.286715e+01 1.425000e+01
      vertex   2.100852e+01 6.271730e+01 1.437059e+01
      vertex   2.148677e+01 6.291540e+01 1.437059e+01
    endloop
  endfacet
  facet normal -9.831056e-01 1.294283e-01 -1.294283e-01
    outer loop
      vertex   2.001704e+01 6.100000e+01 1.437059e+01
      vertex   2.000000e+01 6.100000e+01 1.450000e+01
      vertex   2.008460e+01 6.151323e+01 1.437059e+01
    endloop
  endfacet
  facet normal -9.831056e-01 1.294283e-01 -1.294283e-01
    outer loop
      vertex   2.008460e+01 6.151323e+01 1.437059e+01
      vertex   2.000000e+01 6.100000e+01 1.450000e+01
      vertex   2.006815e+01 6.151764e+01 1.450000e+01
    endloop
  endfacet
  facet normal -9.161086e-01 3.794646e-01 -1.294283e-01
    outer loop
      vertex   2.008460e+01 6.151323e+01 1.437059e+01
      vertex   2.006815e+01 6.151764e+01 1.450000e+01
      vertex   2.028270e+01 6.199148e+01 1.437059e+01
    endloop
  endfacet
  facet normal -9.161086e-01 3.794646e-01 -1.294283e-01
    outer loop
      vertex   2.028270e+01 6.199148e+01 1.437059e+01
      vertex   2.006815e+01 6.151764e+01 1.450000e+01
      vertex   2.026795e+01 6.200000e+01 1.450000e+01
    endloop
  endfacet
  facet normal -7.866803e-01 6.036410e-01 -1.294283e-01
    outer loop
      vertex   2.028270e+01 6.199148e+01 1.437059e+01
      vertex   2.026795e+01 6.200000e+01 1.450000e+01
      vertex   2.059783e+01 6.240217e+01 1.437059e+01
    endloop
  endfacet
  facet normal -7.866803e-01 6.036410e-01 -1.294283e-01
    outer loop
      vertex   2.059783e+01 6.240217e+01 1.437059e+01
      vertex   2.026795e+01 6.200000e+01 1.450000e+01
      vertex   2.058579e+01 6.241421e+01 1.450000e+01
    endloop
  endfacet
  facet normal -6.036410e-01 7.866803e-01 -1.294283e-01
    outer loop
      vertex   2.059783e+01 6.240217e+01 1.437059e+01
      vertex   2.058579e+01 6.241421e+01 1.450000e+01
      vertex   2.100852e+01 6.271730e+01 1.437059e+01
    endloop
  endfacet
  facet normal -6.036410e-01 7.866803e-01 -1.294283e-01
    outer loop
      vertex   2.100852e+01 6.271730e+01 1.437059e+01
      vertex   2.058579e+01 6.241421e+01 1.450000e+01
      vertex   2.100000e+01 6.273205e+01 1.450000e+01
    endloop
  endfacet
  facet normal -3.794646e-01 9.161086e-01 -1.294283e-01
    outer loop
      vertex   2.100852e+01 6.271730e+01 1.437059e+01
      vertex   2.100000e+01 6.273205e+01 1.450000e+01
      vertex   2.148677e+01 6.291540e+01 1.437059e+01
    endloop
  endfacet
  facet normal -3.794646e-01 9.161086e-01 -1.294283e-01
    outer loop
      vertex   2.148677e+01 6.291540e+01 1.437059e+01
      vertex   2.100000e+01 6.273205e+01 1.450000e+01
      vertex   2.148236e+01 6.293185e+01 1.450000e+01
    endloop
  endfacet
  facet normal -1.305262e-01 6.435007e-16 -9.914449e-01
    outer loop
      vertex   2.037059e+01 9.000000e+00 1.401704e+01
      vertex   2.037059e+01 1.173684e+01 1.401704e+01
      vertex   2.050000e+01 9.000000e+00 1.400000e+01
    endloop
  endfacet
  facet normal -1.305262e-01 0.000000e+00 -9.914449e-01
    outer loop
      vertex   2.050000e+01 9.000000e+00 1.400000e+01
      vertex   2.037059e+01 1.173684e+01 1.401704e+01
      vertex   2.037059e+01 1.447368e+01 1.401704e+01
    endloop
  endfacet
  facet normal -1.305262e-01 0.000000e+00 -9.914449e-01
    outer loop
      vertex   2.050000e+01 9.000000e+00 1.400000e+01
      vertex   2.037059e+01 1.447368e+01 1.401704e+01
      vertex   2.037059e+01 1.721053e+01 1.401704e+01
    endloop
  endfacet
  facet normal -3.826834e-01 -0.000000e+00 -9.238795e-01
    outer loop
      vertex   2.037059e+01 1.721053e+01 1.401704e+01
      vertex   2.037059e+01 1.447368e+01 1.401704e+01
      vertex   2.025000e+01 1.721053e+01 1.406699e+01
    endloop
  endfacet
  facet normal -3.826834e-01 0.000000e+00 -9.238795e-01
    outer loop
      vertex   2.037059e+01 1.721053e+01 1.401704e+01
      vertex   2.025000e+01 1.721053e+01 1.406699e+01
      vertex   2.025000e+01 1.994737e+01 1.406699e+01
    endloop
  endfacet
  facet normal -6.087614e-01 -0.000000e+00 -7.933533e-01
    outer loop
      vertex   2.025000e+01 1.994737e+01 1.406699e+01
      vertex   2.025000e+01 1.721053e+01 1.406699e+01
      vertex   2.014645e+01 1.994737e+01 1.414645e+01
    endloop
  endfacet
  facet normal -6.087614e-01 0.000000e+00 -7.933533e-01
    outer loop
      vertex   2.025000e+01 1.994737e+01 1.406699e+01
      vertex   2.014645e+01 1.994737e+01 1.414645e+01
      vertex   2.014645e+01 2.268421e+01 1.414645e+01
    endloop
  endfacet
  facet normal -7.933533e-01 -0.000000e+00 -6.087614e-01
    outer loop
      vertex   2.014645e+01 2.268421e+01 1.414645e+01
      vertex   2.014645e+01 1.994737e+01 1.414645e+01
      vertex   2.006699e+01 2.268421e+01 1.425000e+01
    endloop
  endfacet
  facet normal -7.933533e-01 0.000000e+00 -6.087614e-01
    outer loop
      vertex   2.014645e+01 2.268421e+01 1.414645e+01
      vertex   2.006699e+01 2.268421e+01 1.425000e+01
      vertex   2.006699e+01 2.542105e+01 1.425000e+01
    endloop
  endfacet
  facet normal -9.238795e-01 -0.000000e+00 -3.826834e-01
    outer loop
      vertex   2.006699e+01 2.542105e+01 1.425000e+01
      vertex   2.006699e+01 2.268421e+01 1.425000e+01
      vertex   2.001704e+01 2.542105e+01 1.437059e+01
    endloop
  endfacet
  facet normal -9.238795e-01 0.000000e+00 -3.826834e-01
    outer loop
      vertex   2.006699e+01 2.542105e+01 1.425000e+01
      vertex   2.001704e+01 2.542105e+01 1.437059e+01
      vertex   2.001704e+01 2.815789e+01 1.437059e+01
    endloop
  endfacet
  facet normal -9.914449e-01 -0.000000e+00 -1.305262e-01
    outer loop
      vertex   2.001704e+01 2.815789e+01 1.437059e+01
      vertex   2.001704e+01 2.542105e+01 1.437059e+01
      vertex   2.000000e+01 9.000000e+00 1.450000e+01
    endloop
  endfacet
  facet normal -9.914449e-01 0.000000e+00 -1.305262e-01
    outer loop
      vertex   2.001704e+01 2.815789e+01 1.437059e+01
      vertex   2.000000e+01 9.000000e+00 1.450000e+01
      vertex   2.001704e+01 3.089474e+01 1.437059e+01
    endloop
  endfacet
  facet normal -9.914449e-01 0.000000e+00 -1.305262e-01
    outer loop
      vertex   2.001704e+01 3.089474e+01 1.437059e+01
      vertex   2.000000e+01 9.000000e+00 1.450000e+01
      vertex   2.001704e+01 3.363158e+01 1.437059e+01
    endloop
  endfacet
  facet normal -9.238795e-01 0.000000e+00 -3.826834e-01
    outer loop
      vertex   2.001704e+01 3.089474e+01 1.437059e+01
      vertex   2.001704e+01 3.363158e+01 1.437059e+01
      vertex   2.006699e+01 3.089474e+01 1.425000e+01
    endloop
  endfacet
  facet normal -9.238795e-01 0.000000e+00 -3.826834e-01
    outer loop
      vertex   2.006699e+01 3.089474e+01 1.425000e+01
      vertex   2.001704e+01 3.363158e+01 1.437059e+01
      vertex   2.006699e+01 3.363158e+01 1.425000e+01
    endloop
  endfacet
  facet normal -7.933533e-01 0.000000e+00 -6.087614e-01
    outer loop
      vertex   2.006699e+01 3.089474e+01 1.425000e+01
      vertex   2.006699e+01 3.363158e+01 1.425000e+01
      vertex   2.014645e+01 3.089474e+01 1.414645e+01
    endloop
  endfacet
  facet normal -7.933533e-01 0.000000e+00 -6.087614e-01
    outer loop
      vertex   2.014645e+01 3.089474e+01 1.414645e+01
      vertex   2.006699e+01 3.363158e+01 1.425000e+01
      vertex   2.014645e+01 3.363158e+01 1.414645e+01
    endloop
  endfacet
  facet normal -6.087614e-01 0.000000e+00 -7.933533e-01
    outer loop
      vertex   2.014645e+01 3.089474e+01 1.414645e+01
      vertex   2.014645e+01 3.363158e+01 1.414645e+01
      vertex   2.025000e+01 3.089474e+01 1.406699e+01
    endloop
  endfacet
  facet normal -6.087614e-01 0.000000e+00 -7.933533e-01
    outer loop
      vertex   2.025000e+01 3.089474e+01 1.406699e+01
      vertex   2.014645e+01 3.363158e+01 1.414645e+01
      vertex   2.025000e+01 3.363158e+01 1.406699e+01
    endloop
  endfacet
  facet normal -3.826834e-01 0.000000e+00 -9.238795e-01
    outer loop
      vertex   2.025000e+01 3.089474e+01 1.406699e+01
      vertex   2.025000e+01 3.363158e+01 1.406699e+01
      vertex   2.037059e+01 3.089474e+01 1.401704e+01
    endloop
  endfacet
  facet normal -3.826834e-01 0.000000e+00 -9.238795e-01
    outer loop
      vertex   2.037059e+01 3.089474e+01 1.401704e+01
      vertex   2.025000e+01 3.363158e+01 1.406699e+01
      vertex   2.037059e+01 3.363158e+01 1.401704e+01
    endloop
  endfacet
  facet normal -1.305262e-01 0.000000e+00 -9.914449e-01
    outer loop
      vertex   2.037059e+01 3.089474e+01 1.401704e+01
      vertex   2.037059e+01 3.363158e+01 1.401704e+01
      vertex   2.050000e+01 9.000000e+00 1.400000e+01
    endloop
  endfacet
  facet normal -1.305262e-01 0.000000e+00 -9.914449e-01
    outer loop
      vertex   2.050000e+01 9.000000e+00 1.400000e+01
      vertex   2.037059e+01 3.363158e+01 1.401704e+01
      vertex   2.037059e+01 3.636842e+01 1.401704e+01
    endloop
  endfacet
  facet normal -1.305262e-01 -8.917734e-18 -9.914449e-01
    outer loop
      vertex   2.050000e+01 9.000000e+00 1.400000e+01
      vertex   2.037059e+01 3.636842e+01 1.401704e+01
      vertex   2.050000e+01 6.100000e+01 1.400000e+01
    endloop
  endfacet
  facet normal -1.305262e-01 0.000000e+00 -9.914449e-01
    outer loop
      vertex   2.050000e+01 6.100000e+01 1.400000e+01
      vertex   2.037059e+01 3.636842e+01 1.401704e+01
      vertex   2.037059e+01 3.910526e+01 1.401704e+01
    endloop
  endfacet
  facet normal -1.305262e-01 0.000000e+00 -9.914449e-01
    outer loop
      vertex   2.050000e+01 6.100000e+01 1.400000e+01
      vertex   2.037059e+01 3.910526e+01 1.401704e+01
      vertex   2.037059e+01 4.184211e+01 1.401704e+01
    endloop
  endfacet
  facet normal -3.826834e-01 -0.000000e+00 -9.238795e-01
    outer loop
      vertex   2.037059e+01 4.184211e+01 1.401704e+01
      vertex   2.037059e+01 3.910526e+01 1.401704e+01
      vertex   2.025000e+01 4.184211e+01 1.406699e+01
    endloop
  endfacet
  facet normal -3.826834e-01 0.000000e+00 -9.238795e-01
    outer loop
      vertex   2.037059e+01 4.184211e+01 1.401704e+01
      vertex   2.025000e+01 4.184211e+01 1.406699e+01
      vertex   2.025000e+01 4.457895e+01 1.406699e+01
    endloop
  endfacet
  facet normal -6.087614e-01 -0.000000e+00 -7.933533e-01
    outer loop
      vertex   2.025000e+01 4.457895e+01 1.406699e+01
      vertex   2.025000e+01 4.184211e+01 1.406699e+01
      vertex   2.014645e+01 4.457895e+01 1.414645e+01
    endloop
  endfacet
  facet normal -6.087614e-01 -7.915356e-16 -7.933533e-01
    outer loop
      vertex   2.025000e+01 4.457895e+01 1.406699e+01
      vertex   2.014645e+01 4.457895e+01 1.414645e+01
      vertex   2.014645e+01 4.731579e+01 1.414645e+01
    endloop
  endfacet
  facet normal -7.933533e-01 -1.029857e-15 -6.087614e-01
    outer loop
      vertex   2.014645e+01 4.731579e+01 1.414645e+01
      vertex   2.014645e+01 4.457895e+01 1.414645e+01
      vertex   2.006699e+01 4.731579e+01 1.425000e+01
    endloop
  endfacet
  facet normal -7.933533e-01 0.000000e+00 -6.087614e-01
    outer loop
      vertex   2.014645e+01 4.731579e+01 1.414645e+01
      vertex   2.006699e+01 4.731579e+01 1.425000e+01
      vertex   2.006699e+01 5.005263e+01 1.425000e+01
    endloop
  endfacet
  facet normal -9.238795e-01 -0.000000e+00 -3.826834e-01
    outer loop
      vertex   2.006699e+01 5.005263e+01 1.425000e+01
      vertex   2.006699e+01 4.731579e+01 1.425000e+01
      vertex   2.001704e+01 5.005263e+01 1.437059e+01
    endloop
  endfacet
  facet normal -9.238795e-01 0.000000e+00 -3.826834e-01
    outer loop
      vertex   2.006699e+01 5.005263e+01 1.425000e+01
      vertex   2.001704e+01 5.005263e+01 1.437059e+01
      vertex   2.001704e+01 5.278947e+01 1.437059e+01
    endloop
  endfacet
  facet normal -9.914449e-01 -0.000000e+00 -1.305262e-01
    outer loop
      vertex   2.001704e+01 5.278947e+01 1.437059e+01
      vertex   2.001704e+01 5.005263e+01 1.437059e+01
      vertex   2.000000e+01 6.100000e+01 1.450000e+01
    endloop
  endfacet
  facet normal -9.914449e-01 0.000000e+00 -1.305262e-01
    outer loop
      vertex   2.001704e+01 5.278947e+01 1.437059e+01
      vertex   2.000000e+01 6.100000e+01 1.450000e+01
      vertex   2.001704e+01 5.552632e+01 1.437059e+01
    endloop
  endfacet
  facet normal -9.914449e-01 0.000000e+00 -1.305262e-01
    outer loop
      vertex   2.001704e+01 5.552632e+01 1.437059e+01
      vertex   2.000000e+01 6.100000e+01 1.450000e+01
      vertex   2.001704e+01 5.826316e+01 1.437059e+01
    endloop
  endfacet
  facet normal -9.238795e-01 0.000000e+00 -3.826834e-01
    outer loop
      vertex   2.001704e+01 5.552632e+01 1.437059e+01
      vertex   2.001704e+01 5.826316e+01 1.437059e+01
      vertex   2.006699e+01 5.552632e+01 1.425000e+01
    endloop
  endfacet
  facet normal -9.238795e-01 0.000000e+00 -3.826834e-01
    outer loop
      vertex   2.006699e+01 5.552632e+01 1.425000e+01
      vertex   2.001704e+01 5.826316e+01 1.437059e+01
      vertex   2.006699e+01 5.826316e+01 1.425000e+01
    endloop
  endfacet
  facet normal -7.933533e-01 0.000000e+00 -6.087614e-01
    outer loop
      vertex   2.006699e+01 5.552632e+01 1.425000e+01
      vertex   2.006699e+01 5.826316e+01 1.425000e+01
      vertex   2.014645e+01 5.552632e+01 1.414645e+01
    endloop
  endfacet
  facet normal -7.933533e-01 0.000000e+00 -6.087614e-01
    outer loop
      vertex   2.014645e+01 5.552632e+01 1.414645e+01
      vertex   2.006699e+01 5.826316e+01 1.425000e+01
      vertex   2.014645e+01 5.826316e+01 1.414645e+01
    endloop
  endfacet
  facet normal -6.087614e-01 0.000000e+00 -7.933533e-01
    outer loop
      vertex   2.014645e+01 5.552632e+01 1.414645e+01
      vertex   2.014645e+01 5.826316e+01 1.414645e+01
      vertex   2.025000e+01 5.552632e+01 1.406699e+01
    endloop
  endfacet
  facet normal -6.087614e-01 0.000000e+00 -7.933533e-01
    outer loop
      vertex   2.025000e+01 5.552632e+01 1.406699e+01
      vertex   2.014645e+01 5.826316e+01 1.414645e+01
      vertex   2.025000e+01 5.826316e+01 1.406699e+01
    endloop
  endfacet
  facet normal -3.826834e-01 0.000000e+00 -9.238795e-01
    outer loop
      vertex   2.025000e+01 5.552632e+01 1.406699e+01
      vertex   2.025000e+01 5.826316e+01 1.406699e+01
      vertex   2.037059e+01 5.552632e+01 1.401704e+01
    endloop
  endfacet
  facet normal -3.826834e-01 0.000000e+00 -9.238795e-01
    outer loop
      vertex   2.037059e+01 5.552632e+01 1.401704e+01
      vertex   2.025000e+01 5.826316e+01 1.406699e+01
      vertex   2.037059e+01 5.826316e+01 1.401704e+01
    endloop
  endfacet
  facet normal -1.305262e-01 0.000000e+00 -9.914449e-01
    outer loop
      vertex   2.037059e+01 5.552632e+01 1.401704e+01
      vertex   2.037059e+01 5.826316e+01 1.401704e+01
      vertex   2.050000e+01 6.100000e+01 1.400000e+01
    endloop
  endfacet
  facet normal -1.305262e-01 -6.434262e-16 -9.914449e-01
    outer loop
      vertex   2.050000e+01 6.100000e+01 1.400000e+01
      vertex   2.037059e+01 5.826316e+01 1.401704e+01
      vertex   2.037059e+01 6.100000e+01 1.401704e+01
    endloop
  endfacet
  facet normal -3.826834e-01 -5.996472e-16 -9.238795e-01
    outer loop
      vertex   2.037059e+01 6.100000e+01 1.401704e+01
      vertex   2.037059e+01 5.826316e+01 1.401704e+01
      vertex   2.025000e+01 6.100000e+01 1.406699e+01
    endloop
  endfacet
  facet normal -3.826834e-01 -5.996472e-16 -9.238795e-01
    outer loop
      vertex   2.025000e+01 6.100000e+01 1.406699e+01
      vertex   2.037059e+01 5.826316e+01 1.401704e+01
      vertex   2.025000e+01 5.826316e+01 1.406699e+01
    endloop
  endfacet
  facet normal -6.087614e-01 -5.149287e-16 -7.933533e-01
    outer loop
      vertex   2.025000e+01 6.100000e+01 1.406699e+01
      vertex   2.025000e+01 5.826316e+01 1.406699e+01
      vertex   2.014645e+01 6.100000e+01 1.414645e+01
    endloop
  endfacet
  facet normal -6.087614e-01 -5.149287e-16 -7.933533e-01
    outer loop
      vertex   2.014645e+01 6.100000e+01 1.414645e+01
      vertex   2.025000e+01 5.826316e+01 1.406699e+01
      vertex   2.014645e+01 5.826316e+01 1.414645e+01
    endloop
  endfacet
  facet normal -7.933533e-01 -3.951187e-16 -6.087614e-01
    outer loop
      vertex   2.014645e+01 6.100000e+01 1.414645e+01
      vertex   2.014645e+01 5.826316e+01 1.414645e+01
      vertex   2.006699e+01 6.100000e+01 1.425000e+01
    endloop
  endfacet
  facet normal -7.933533e-01 -1.820095e-15 -6.087614e-01
    outer loop
      vertex   2.006699e+01 6.100000e+01 1.425000e+01
      vertex   2.014645e+01 5.826316e+01 1.414645e+01
      vertex   2.006699e+01 5.826316e+01 1.425000e+01
    endloop
  endfacet
  facet normal -9.238795e-01 -1.696058e-15 -3.826834e-01
    outer loop
      vertex   2.006699e+01 6.100000e+01 1.425000e+01
      vertex   2.006699e+01 5.826316e+01 1.425000e+01
      vertex   2.001704e+01 6.100000e+01 1.437059e+01
    endloop
  endfacet
  facet normal -9.238795e-01 -1.447676e-15 -3.826834e-01
    outer loop
      vertex   2.001704e+01 6.100000e+01 1.437059e+01
      vertex   2.006699e+01 5.826316e+01 1.425000e+01
      vertex   2.001704e+01 5.826316e+01 1.437059e+01
    endloop
  endfacet
  facet normal -9.914449e-01 -1.371720e-15 -1.305262e-01
    outer loop
      vertex   2.001704e+01 6.100000e+01 1.437059e+01
      vertex   2.001704e+01 5.826316e+01 1.437059e+01
      vertex   2.000000e+01 6.100000e+01 1.450000e+01
    endloop
  endfacet
  facet normal -3.826834e-01 5.996472e-16 -9.238795e-01
    outer loop
      vertex   2.037059e+01 1.173684e+01 1.401704e+01
      vertex   2.037059e+01 9.000000e+00 1.401704e+01
      vertex   2.025000e+01 1.173684e+01 1.406699e+01
    endloop
  endfacet
  facet normal -3.826834e-01 -0.000000e+00 -9.238795e-01
    outer loop
      vertex   2.025000e+01 1.173684e+01 1.406699e+01
      vertex   2.037059e+01 9.000000e+00 1.401704e+01
      vertex   2.025000e+01 9.000000e+00 1.406699e+01
    endloop
  endfacet
  facet normal -6.087614e-01 -0.000000e+00 -7.933533e-01
    outer loop
      vertex   2.025000e+01 1.173684e+01 1.406699e+01
      vertex   2.025000e+01 9.000000e+00 1.406699e+01
      vertex   2.014645e+01 1.173684e+01 1.414645e+01
    endloop
  endfacet
  facet normal -6.087614e-01 -0.000000e+00 -7.933533e-01
    outer loop
      vertex   2.014645e+01 1.173684e+01 1.414645e+01
      vertex   2.025000e+01 9.000000e+00 1.406699e+01
      vertex   2.014645e+01 9.000000e+00 1.414645e+01
    endloop
  endfacet
  facet normal -7.933533e-01 -0.000000e+00 -6.087614e-01
    outer loop
      vertex   2.014645e+01 1.173684e+01 1.414645e+01
      vertex   2.014645e+01 9.000000e+00 1.414645e+01
      vertex   2.006699e+01 1.173684e+01 1.425000e+01
    endloop
  endfacet
  facet normal -7.933533e-01 7.902374e-16 -6.087614e-01
    outer loop
      vertex   2.006699e+01 1.173684e+01 1.425000e+01
      vertex   2.014645e+01 9.000000e+00 1.414645e+01
      vertex   2.006699e+01 9.000000e+00 1.425000e+01
    endloop
  endfacet
  facet normal -9.238795e-01 4.967640e-16 -3.826834e-01
    outer loop
      vertex   2.006699e+01 1.173684e+01 1.425000e+01
      vertex   2.006699e+01 9.000000e+00 1.425000e+01
      vertex   2.001704e+01 1.173684e+01 1.437059e+01
    endloop
  endfacet
  facet normal -9.238795e-01 -0.000000e+00 -3.826834e-01
    outer loop
      vertex   2.001704e+01 1.173684e+01 1.437059e+01
      vertex   2.006699e+01 9.000000e+00 1.425000e+01
      vertex   2.001704e+01 9.000000e+00 1.437059e+01
    endloop
  endfacet
  facet normal -9.914449e-01 -0.000000e+00 -1.305262e-01
    outer loop
      vertex   2.001704e+01 1.173684e+01 1.437059e+01
      vertex   2.001704e+01 9.000000e+00 1.437059e+01
      vertex   2.000000e+01 9.000000e+00 1.450000e+01
    endloop
  endfacet
  facet normal -9.914449e-01 0.000000e+00 -1.305262e-01
    outer loop
      vertex   2.000000e+01 9.000000e+00 1.450000e+01
      vertex   2.000000e+01 6.100000e+01 1.450000e+01
      vertex   2.001704e+01 3.363158e+01 1.437059e+01
    endloop
  endfacet
  facet normal -9.914449e-01 0.000000e+00 -1.305262e-01
    outer loop
      vertex   2.001704e+01 3.363158e+01 1.437059e+01
      vertex   2.000000e+01 6.100000e+01 1.450000e+01
      vertex   2.001704e+01 3.636842e+01 1.437059e+01
    endloop
  endfacet
  facet normal -9.238795e-01 0.000000e+00 -3.826834e-01
    outer loop
      vertex   2.001704e+01 3.363158e+01 1.437059e+01
      vertex   2.001704e+01 3.636842e+01 1.437059e+01
      vertex   2.006699e+01 3.363158e+01 1.425000e+01
    endloop
  endfacet
  facet normal -9.238795e-01 0.000000e+00 -3.826834e-01
    outer loop
      vertex   2.006699e+01 3.363158e+01 1.425000e+01
      vertex   2.001704e+01 3.636842e+01 1.437059e+01
      vertex   2.006699e+01 3.636842e+01 1.425000e+01
    endloop
  endfacet
  facet normal -7.933533e-01 0.000000e+00 -6.087614e-01
    outer loop
      vertex   2.006699e+01 3.363158e+01 1.425000e+01
      vertex   2.006699e+01 3.636842e+01 1.425000e+01
      vertex   2.014645e+01 3.363158e+01 1.414645e+01
    endloop
  endfacet
  facet normal -7.933533e-01 0.000000e+00 -6.087614e-01
    outer loop
      vertex   2.014645e+01 3.363158e+01 1.414645e+01
      vertex   2.006699e+01 3.636842e+01 1.425000e+01
      vertex   2.014645e+01 3.636842e+01 1.414645e+01
    endloop
  endfacet
  facet normal -6.087614e-01 0.000000e+00 -7.933533e-01
    outer loop
      vertex   2.014645e+01 3.363158e+01 1.414645e+01
      vertex   2.014645e+01 3.636842e+01 1.414645e+01
      vertex   2.025000e+01 3.363158e+01 1.406699e+01
    endloop
  endfacet
  facet normal -6.087614e-01 0.000000e+00 -7.933533e-01
    outer loop
      vertex   2.025000e+01 3.363158e+01 1.406699e+01
      vertex   2.014645e+01 3.636842e+01 1.414645e+01
      vertex   2.025000e+01 3.636842e+01 1.406699e+01
    endloop
  endfacet
  facet normal -3.826834e-01 0.000000e+00 -9.238795e-01
    outer loop
      vertex   2.025000e+01 3.363158e+01 1.406699e+01
      vertex   2.025000e+01 3.636842e+01 1.406699e+01
      vertex   2.037059e+01 3.363158e+01 1.401704e+01
    endloop
  endfacet
  facet normal -3.826834e-01 0.000000e+00 -9.238795e-01
    outer loop
      vertex   2.037059e+01 3.363158e+01 1.401704e+01
      vertex   2.025000e+01 3.636842e+01 1.406699e+01
      vertex   2.037059e+01 3.636842e+01 1.401704e+01
    endloop
  endfacet
  facet normal -3.826834e-01 -0.000000e+00 -9.238795e-01
    outer loop
      vertex   2.037059e+01 1.447368e+01 1.401704e+01
      vertex   2.037059e+01 1.173684e+01 1.401704e+01
      vertex   2.025000e+01 1.447368e+01 1.406699e+01
    endloop
  endfacet
  facet normal -3.826834e-01 -0.000000e+00 -9.238795e-01
    outer loop
      vertex   2.025000e+01 1.447368e+01 1.406699e+01
      vertex   2.037059e+01 1.173684e+01 1.401704e+01
      vertex   2.025000e+01 1.173684e+01 1.406699e+01
    endloop
  endfacet
  facet normal -6.087614e-01 -0.000000e+00 -7.933533e-01
    outer loop
      vertex   2.025000e+01 1.447368e+01 1.406699e+01
      vertex   2.025000e+01 1.173684e+01 1.406699e+01
      vertex   2.014645e+01 1.447368e+01 1.414645e+01
    endloop
  endfacet
  facet normal -6.087614e-01 -0.000000e+00 -7.933533e-01
    outer loop
      vertex   2.014645e+01 1.447368e+01 1.414645e+01
      vertex   2.025000e+01 1.173684e+01 1.406699e+01
      vertex   2.014645e+01 1.173684e+01 1.414645e+01
    endloop
  endfacet
  facet normal -7.933533e-01 -0.000000e+00 -6.087614e-01
    outer loop
      vertex   2.014645e+01 1.447368e+01 1.414645e+01
      vertex   2.014645e+01 1.173684e+01 1.414645e+01
      vertex   2.006699e+01 1.447368e+01 1.425000e+01
    endloop
  endfacet
  facet normal -7.933533e-01 -0.000000e+00 -6.087614e-01
    outer loop
      vertex   2.006699e+01 1.447368e+01 1.425000e+01
      vertex   2.014645e+01 1.173684e+01 1.414645e+01
      vertex   2.006699e+01 1.173684e+01 1.425000e+01
    endloop
  endfacet
  facet normal -9.238795e-01 -0.000000e+00 -3.826834e-01
    outer loop
      vertex   2.006699e+01 1.447368e+01 1.425000e+01
      vertex   2.006699e+01 1.173684e+01 1.425000e+01
      vertex   2.001704e+01 1.447368e+01 1.437059e+01
    endloop
  endfacet
  facet normal -9.238795e-01 -0.000000e+00 -3.826834e-01
    outer loop
      vertex   2.001704e+01 1.447368e+01 1.437059e+01
      vertex   2.006699e+01 1.173684e+01 1.425000e+01
      vertex   2.001704e+01 1.173684e+01 1.437059e+01
    endloop
  endfacet
  facet normal -9.914449e-01 -0.000000e+00 -1.305262e-01
    outer loop
      vertex   2.001704e+01 1.447368e+01 1.437059e+01
      vertex   2.001704e+01 1.173684e+01 1.437059e+01
      vertex   2.000000e+01 9.000000e+00 1.450000e+01
    endloop
  endfacet
  facet normal -1.305262e-01 0.000000e+00 -9.914449e-01
    outer loop
      vertex   2.037059e+01 1.721053e+01 1.401704e+01
      vertex   2.037059e+01 1.994737e+01 1.401704e+01
      vertex   2.050000e+01 9.000000e+00 1.400000e+01
    endloop
  endfacet
  facet normal -1.305262e-01 0.000000e+00 -9.914449e-01
    outer loop
      vertex   2.050000e+01 9.000000e+00 1.400000e+01
      vertex   2.037059e+01 1.994737e+01 1.401704e+01
      vertex   2.037059e+01 2.268421e+01 1.401704e+01
    endloop
  endfacet
  facet normal -1.305262e-01 0.000000e+00 -9.914449e-01
    outer loop
      vertex   2.050000e+01 9.000000e+00 1.400000e+01
      vertex   2.037059e+01 2.268421e+01 1.401704e+01
      vertex   2.037059e+01 2.542105e+01 1.401704e+01
    endloop
  endfacet
  facet normal -3.826834e-01 -0.000000e+00 -9.238795e-01
    outer loop
      vertex   2.037059e+01 2.542105e+01 1.401704e+01
      vertex   2.037059e+01 2.268421e+01 1.401704e+01
      vertex   2.025000e+01 2.542105e+01 1.406699e+01
    endloop
  endfacet
  facet normal -3.826834e-01 0.000000e+00 -9.238795e-01
    outer loop
      vertex   2.037059e+01 2.542105e+01 1.401704e+01
      vertex   2.025000e+01 2.542105e+01 1.406699e+01
      vertex   2.025000e+01 2.815789e+01 1.406699e+01
    endloop
  endfacet
  facet normal -6.087614e-01 -0.000000e+00 -7.933533e-01
    outer loop
      vertex   2.025000e+01 2.815789e+01 1.406699e+01
      vertex   2.025000e+01 2.542105e+01 1.406699e+01
      vertex   2.014645e+01 2.815789e+01 1.414645e+01
    endloop
  endfacet
  facet normal -6.087614e-01 0.000000e+00 -7.933533e-01
    outer loop
      vertex   2.025000e+01 2.815789e+01 1.406699e+01
      vertex   2.014645e+01 2.815789e+01 1.414645e+01
      vertex   2.014645e+01 3.089474e+01 1.414645e+01
    endloop
  endfacet
  facet normal -7.933533e-01 -0.000000e+00 -6.087614e-01
    outer loop
      vertex   2.014645e+01 3.089474e+01 1.414645e+01
      vertex   2.014645e+01 2.815789e+01 1.414645e+01
      vertex   2.006699e+01 3.089474e+01 1.425000e+01
    endloop
  endfacet
  facet normal -3.826834e-01 0.000000e+00 -9.238795e-01
    outer loop
      vertex   2.037059e+01 1.721053e+01 1.401704e+01
      vertex   2.025000e+01 1.994737e+01 1.406699e+01
      vertex   2.037059e+01 1.994737e+01 1.401704e+01
    endloop
  endfacet
  facet normal -3.826834e-01 0.000000e+00 -9.238795e-01
    outer loop
      vertex   2.037059e+01 1.994737e+01 1.401704e+01
      vertex   2.025000e+01 1.994737e+01 1.406699e+01
      vertex   2.025000e+01 2.268421e+01 1.406699e+01
    endloop
  endfacet
  facet normal -3.826834e-01 0.000000e+00 -9.238795e-01
    outer loop
      vertex   2.037059e+01 1.994737e+01 1.401704e+01
      vertex   2.025000e+01 2.268421e+01 1.406699e+01
      vertex   2.037059e+01 2.268421e+01 1.401704e+01
    endloop
  endfacet
  facet normal -3.826834e-01 0.000000e+00 -9.238795e-01
    outer loop
      vertex   2.037059e+01 2.268421e+01 1.401704e+01
      vertex   2.025000e+01 2.268421e+01 1.406699e+01
      vertex   2.025000e+01 2.542105e+01 1.406699e+01
    endloop
  endfacet
  facet normal -1.305262e-01 -0.000000e+00 -9.914449e-01
    outer loop
      vertex   2.037059e+01 3.089474e+01 1.401704e+01
      vertex   2.050000e+01 9.000000e+00 1.400000e+01
      vertex   2.037059e+01 2.815789e+01 1.401704e+01
    endloop
  endfacet
  facet normal -1.305262e-01 -0.000000e+00 -9.914449e-01
    outer loop
      vertex   2.037059e+01 2.815789e+01 1.401704e+01
      vertex   2.050000e+01 9.000000e+00 1.400000e+01
      vertex   2.037059e+01 2.542105e+01 1.401704e+01
    endloop
  endfacet
  facet normal -3.826834e-01 -0.000000e+00 -9.238795e-01
    outer loop
      vertex   2.037059e+01 2.815789e+01 1.401704e+01
      vertex   2.037059e+01 2.542105e+01 1.401704e+01
      vertex   2.025000e+01 2.815789e+01 1.406699e+01
    endloop
  endfacet
  facet normal -3.826834e-01 0.000000e+00 -9.238795e-01
    outer loop
      vertex   2.025000e+01 3.089474e+01 1.406699e+01
      vertex   2.037059e+01 3.089474e+01 1.401704e+01
      vertex   2.037059e+01 2.815789e+01 1.401704e+01
    endloop
  endfacet
  facet normal -3.826834e-01 -0.000000e+00 -9.238795e-01
    outer loop
      vertex   2.025000e+01 3.089474e+01 1.406699e+01
      vertex   2.037059e+01 2.815789e+01 1.401704e+01
      vertex   2.025000e+01 2.815789e+01 1.406699e+01
    endloop
  endfacet
  facet normal -3.826834e-01 -0.000000e+00 -9.238795e-01
    outer loop
      vertex   2.037059e+01 3.910526e+01 1.401704e+01
      vertex   2.037059e+01 3.636842e+01 1.401704e+01
      vertex   2.025000e+01 3.910526e+01 1.406699e+01
    endloop
  endfacet
  facet normal -3.826834e-01 -4.967640e-16 -9.238795e-01
    outer loop
      vertex   2.025000e+01 3.910526e+01 1.406699e+01
      vertex   2.037059e+01 3.636842e+01 1.401704e+01
      vertex   2.025000e+01 3.636842e+01 1.406699e+01
    endloop
  endfacet
  facet normal -6.087614e-01 -7.902374e-16 -7.933533e-01
    outer loop
      vertex   2.025000e+01 3.910526e+01 1.406699e+01
      vertex   2.025000e+01 3.636842e+01 1.406699e+01
      vertex   2.014645e+01 3.910526e+01 1.414645e+01
    endloop
  endfacet
  facet normal -6.087614e-01 -0.000000e+00 -7.933533e-01
    outer loop
      vertex   2.014645e+01 3.910526e+01 1.414645e+01
      vertex   2.025000e+01 3.636842e+01 1.406699e+01
      vertex   2.014645e+01 3.636842e+01 1.414645e+01
    endloop
  endfacet
  facet normal -7.933533e-01 -0.000000e+00 -6.087614e-01
    outer loop
      vertex   2.014645e+01 3.910526e+01 1.414645e+01
      vertex   2.014645e+01 3.636842e+01 1.414645e+01
      vertex   2.006699e+01 3.910526e+01 1.425000e+01
    endloop
  endfacet
  facet normal -7.933533e-01 -0.000000e+00 -6.087614e-01
    outer loop
      vertex   2.006699e+01 3.910526e+01 1.425000e+01
      vertex   2.014645e+01 3.636842e+01 1.414645e+01
      vertex   2.006699e+01 3.636842e+01 1.425000e+01
    endloop
  endfacet
  facet normal -9.238795e-01 -0.000000e+00 -3.826834e-01
    outer loop
      vertex   2.006699e+01 3.910526e+01 1.425000e+01
      vertex   2.006699e+01 3.636842e+01 1.425000e+01
      vertex   2.001704e+01 3.910526e+01 1.437059e+01
    endloop
  endfacet
  facet normal -9.238795e-01 -0.000000e+00 -3.826834e-01
    outer loop
      vertex   2.001704e+01 3.910526e+01 1.437059e+01
      vertex   2.006699e+01 3.636842e+01 1.425000e+01
      vertex   2.001704e+01 3.636842e+01 1.437059e+01
    endloop
  endfacet
  facet normal -9.914449e-01 -0.000000e+00 -1.305262e-01
    outer loop
      vertex   2.001704e+01 3.910526e+01 1.437059e+01
      vertex   2.001704e+01 3.636842e+01 1.437059e+01
      vertex   2.000000e+01 6.100000e+01 1.450000e+01
    endloop
  endfacet
  facet normal -1.305262e-01 -1.694370e-16 -9.914449e-01
    outer loop
      vertex   2.037059e+01 4.184211e+01 1.401704e+01
      vertex   2.037059e+01 4.457895e+01 1.401704e+01
      vertex   2.050000e+01 6.100000e+01 1.400000e+01
    endloop
  endfacet
  facet normal -1.305262e-01 0.000000e+00 -9.914449e-01
    outer loop
      vertex   2.050000e+01 6.100000e+01 1.400000e+01
      vertex   2.037059e+01 4.457895e+01 1.401704e+01
      vertex   2.037059e+01 4.731579e+01 1.401704e+01
    endloop
  endfacet
  facet normal -1.305262e-01 0.000000e+00 -9.914449e-01
    outer loop
      vertex   2.050000e+01 6.100000e+01 1.400000e+01
      vertex   2.037059e+01 4.731579e+01 1.401704e+01
      vertex   2.037059e+01 5.005263e+01 1.401704e+01
    endloop
  endfacet
  facet normal -3.826834e-01 -0.000000e+00 -9.238795e-01
    outer loop
      vertex   2.037059e+01 5.005263e+01 1.401704e+01
      vertex   2.037059e+01 4.731579e+01 1.401704e+01
      vertex   2.025000e+01 5.005263e+01 1.406699e+01
    endloop
  endfacet
  facet normal -3.826834e-01 0.000000e+00 -9.238795e-01
    outer loop
      vertex   2.037059e+01 5.005263e+01 1.401704e+01
      vertex   2.025000e+01 5.005263e+01 1.406699e+01
      vertex   2.025000e+01 5.278947e+01 1.406699e+01
    endloop
  endfacet
  facet normal -6.087614e-01 -0.000000e+00 -7.933533e-01
    outer loop
      vertex   2.025000e+01 5.278947e+01 1.406699e+01
      vertex   2.025000e+01 5.005263e+01 1.406699e+01
      vertex   2.014645e+01 5.278947e+01 1.414645e+01
    endloop
  endfacet
  facet normal -6.087614e-01 0.000000e+00 -7.933533e-01
    outer loop
      vertex   2.025000e+01 5.278947e+01 1.406699e+01
      vertex   2.014645e+01 5.278947e+01 1.414645e+01
      vertex   2.014645e+01 5.552632e+01 1.414645e+01
    endloop
  endfacet
  facet normal -7.933533e-01 -0.000000e+00 -6.087614e-01
    outer loop
      vertex   2.014645e+01 5.552632e+01 1.414645e+01
      vertex   2.014645e+01 5.278947e+01 1.414645e+01
      vertex   2.006699e+01 5.552632e+01 1.425000e+01
    endloop
  endfacet
  facet normal -3.826834e-01 -4.967640e-16 -9.238795e-01
    outer loop
      vertex   2.037059e+01 4.184211e+01 1.401704e+01
      vertex   2.025000e+01 4.457895e+01 1.406699e+01
      vertex   2.037059e+01 4.457895e+01 1.401704e+01
    endloop
  endfacet
  facet normal -3.826834e-01 0.000000e+00 -9.238795e-01
    outer loop
      vertex   2.037059e+01 4.457895e+01 1.401704e+01
      vertex   2.025000e+01 4.457895e+01 1.406699e+01
      vertex   2.025000e+01 4.731579e+01 1.406699e+01
    endloop
  endfacet
  facet normal -3.826834e-01 0.000000e+00 -9.238795e-01
    outer loop
      vertex   2.037059e+01 4.457895e+01 1.401704e+01
      vertex   2.025000e+01 4.731579e+01 1.406699e+01
      vertex   2.037059e+01 4.731579e+01 1.401704e+01
    endloop
  endfacet
  facet normal -3.826834e-01 5.997218e-16 -9.238795e-01
    outer loop
      vertex   2.037059e+01 4.731579e+01 1.401704e+01
      vertex   2.025000e+01 4.731579e+01 1.406699e+01
      vertex   2.025000e+01 5.005263e+01 1.406699e+01
    endloop
  endfacet
  facet normal -1.305262e-01 -0.000000e+00 -9.914449e-01
    outer loop
      vertex   2.037059e+01 5.552632e+01 1.401704e+01
      vertex   2.050000e+01 6.100000e+01 1.400000e+01
      vertex   2.037059e+01 5.278947e+01 1.401704e+01
    endloop
  endfacet
  facet normal -1.305262e-01 -0.000000e+00 -9.914449e-01
    outer loop
      vertex   2.037059e+01 5.278947e+01 1.401704e+01
      vertex   2.050000e+01 6.100000e+01 1.400000e+01
      vertex   2.037059e+01 5.005263e+01 1.401704e+01
    endloop
  endfacet
  facet normal -3.826834e-01 -0.000000e+00 -9.238795e-01
    outer loop
      vertex   2.037059e+01 5.278947e+01 1.401704e+01
      vertex   2.037059e+01 5.005263e+01 1.401704e+01
      vertex   2.025000e+01 5.278947e+01 1.406699e+01
    endloop
  endfacet
  facet normal -3.826834e-01 0.000000e+00 -9.238795e-01
    outer loop
      vertex   2.025000e+01 5.552632e+01 1.406699e+01
      vertex   2.037059e+01 5.552632e+01 1.401704e+01
      vertex   2.037059e+01 5.278947e+01 1.401704e+01
    endloop
  endfacet
  facet normal -3.826834e-01 -0.000000e+00 -9.238795e-01
    outer loop
      vertex   2.025000e+01 5.552632e+01 1.406699e+01
      vertex   2.037059e+01 5.278947e+01 1.401704e+01
      vertex   2.025000e+01 5.278947e+01 1.406699e+01
    endloop
  endfacet
  facet normal -3.826834e-01 0.000000e+00 -9.238795e-01
    outer loop
      vertex   2.037059e+01 1.447368e+01 1.401704e+01
      vertex   2.025000e+01 1.447368e+01 1.406699e+01
      vertex   2.025000e+01 1.721053e+01 1.406699e+01
    endloop
  endfacet
  facet normal -6.087614e-01 -0.000000e+00 -7.933533e-01
    outer loop
      vertex   2.025000e+01 1.721053e+01 1.406699e+01
      vertex   2.025000e+01 1.447368e+01 1.406699e+01
      vertex   2.014645e+01 1.721053e+01 1.414645e+01
    endloop
  endfacet
  facet normal -6.087614e-01 0.000000e+00 -7.933533e-01
    outer loop
      vertex   2.025000e+01 1.721053e+01 1.406699e+01
      vertex   2.014645e+01 1.721053e+01 1.414645e+01
      vertex   2.014645e+01 1.994737e+01 1.414645e+01
    endloop
  endfacet
  facet normal -7.933533e-01 -0.000000e+00 -6.087614e-01
    outer loop
      vertex   2.014645e+01 1.994737e+01 1.414645e+01
      vertex   2.014645e+01 1.721053e+01 1.414645e+01
      vertex   2.006699e+01 1.994737e+01 1.425000e+01
    endloop
  endfacet
  facet normal -7.933533e-01 0.000000e+00 -6.087614e-01
    outer loop
      vertex   2.014645e+01 1.994737e+01 1.414645e+01
      vertex   2.006699e+01 1.994737e+01 1.425000e+01
      vertex   2.006699e+01 2.268421e+01 1.425000e+01
    endloop
  endfacet
  facet normal -9.238795e-01 -0.000000e+00 -3.826834e-01
    outer loop
      vertex   2.006699e+01 2.268421e+01 1.425000e+01
      vertex   2.006699e+01 1.994737e+01 1.425000e+01
      vertex   2.001704e+01 2.268421e+01 1.437059e+01
    endloop
  endfacet
  facet normal -9.238795e-01 0.000000e+00 -3.826834e-01
    outer loop
      vertex   2.006699e+01 2.268421e+01 1.425000e+01
      vertex   2.001704e+01 2.268421e+01 1.437059e+01
      vertex   2.001704e+01 2.542105e+01 1.437059e+01
    endloop
  endfacet
  facet normal -9.914449e-01 -0.000000e+00 -1.305262e-01
    outer loop
      vertex   2.001704e+01 2.542105e+01 1.437059e+01
      vertex   2.001704e+01 2.268421e+01 1.437059e+01
      vertex   2.000000e+01 9.000000e+00 1.450000e+01
    endloop
  endfacet
  facet normal -6.087614e-01 -0.000000e+00 -7.933533e-01
    outer loop
      vertex   2.014645e+01 1.721053e+01 1.414645e+01
      vertex   2.025000e+01 1.447368e+01 1.406699e+01
      vertex   2.014645e+01 1.447368e+01 1.414645e+01
    endloop
  endfacet
  facet normal -6.087614e-01 0.000000e+00 -7.933533e-01
    outer loop
      vertex   2.025000e+01 1.994737e+01 1.406699e+01
      vertex   2.014645e+01 2.268421e+01 1.414645e+01
      vertex   2.025000e+01 2.268421e+01 1.406699e+01
    endloop
  endfacet
  facet normal -6.087614e-01 0.000000e+00 -7.933533e-01
    outer loop
      vertex   2.025000e+01 2.268421e+01 1.406699e+01
      vertex   2.014645e+01 2.268421e+01 1.414645e+01
      vertex   2.014645e+01 2.542105e+01 1.414645e+01
    endloop
  endfacet
  facet normal -6.087614e-01 0.000000e+00 -7.933533e-01
    outer loop
      vertex   2.025000e+01 2.268421e+01 1.406699e+01
      vertex   2.014645e+01 2.542105e+01 1.414645e+01
      vertex   2.025000e+01 2.542105e+01 1.406699e+01
    endloop
  endfacet
  facet normal -6.087614e-01 0.000000e+00 -7.933533e-01
    outer loop
      vertex   2.025000e+01 2.542105e+01 1.406699e+01
      vertex   2.014645e+01 2.542105e+01 1.414645e+01
      vertex   2.014645e+01 2.815789e+01 1.414645e+01
    endloop
  endfacet
  facet normal -6.087614e-01 0.000000e+00 -7.933533e-01
    outer loop
      vertex   2.014645e+01 3.089474e+01 1.414645e+01
      vertex   2.025000e+01 3.089474e+01 1.406699e+01
      vertex   2.025000e+01 2.815789e+01 1.406699e+01
    endloop
  endfacet
  facet normal -3.826834e-01 0.000000e+00 -9.238795e-01
    outer loop
      vertex   2.037059e+01 3.910526e+01 1.401704e+01
      vertex   2.025000e+01 3.910526e+01 1.406699e+01
      vertex   2.025000e+01 4.184211e+01 1.406699e+01
    endloop
  endfacet
  facet normal -6.087614e-01 -0.000000e+00 -7.933533e-01
    outer loop
      vertex   2.025000e+01 4.184211e+01 1.406699e+01
      vertex   2.025000e+01 3.910526e+01 1.406699e+01
      vertex   2.014645e+01 4.184211e+01 1.414645e+01
    endloop
  endfacet
  facet normal -6.087614e-01 0.000000e+00 -7.933533e-01
    outer loop
      vertex   2.025000e+01 4.184211e+01 1.406699e+01
      vertex   2.014645e+01 4.184211e+01 1.414645e+01
      vertex   2.014645e+01 4.457895e+01 1.414645e+01
    endloop
  endfacet
  facet normal -7.933533e-01 -0.000000e+00 -6.087614e-01
    outer loop
      vertex   2.014645e+01 4.457895e+01 1.414645e+01
      vertex   2.014645e+01 4.184211e+01 1.414645e+01
      vertex   2.006699e+01 4.457895e+01 1.425000e+01
    endloop
  endfacet
  facet normal -7.933533e-01 0.000000e+00 -6.087614e-01
    outer loop
      vertex   2.014645e+01 4.457895e+01 1.414645e+01
      vertex   2.006699e+01 4.457895e+01 1.425000e+01
      vertex   2.006699e+01 4.731579e+01 1.425000e+01
    endloop
  endfacet
  facet normal -9.238795e-01 -0.000000e+00 -3.826834e-01
    outer loop
      vertex   2.006699e+01 4.731579e+01 1.425000e+01
      vertex   2.006699e+01 4.457895e+01 1.425000e+01
      vertex   2.001704e+01 4.731579e+01 1.437059e+01
    endloop
  endfacet
  facet normal -9.238795e-01 2.476584e-16 -3.826834e-01
    outer loop
      vertex   2.006699e+01 4.731579e+01 1.425000e+01
      vertex   2.001704e+01 4.731579e+01 1.437059e+01
      vertex   2.001704e+01 5.005263e+01 1.437059e+01
    endloop
  endfacet
  facet normal -9.914449e-01 8.471848e-17 -1.305262e-01
    outer loop
      vertex   2.001704e+01 5.005263e+01 1.437059e+01
      vertex   2.001704e+01 4.731579e+01 1.437059e+01
      vertex   2.000000e+01 6.100000e+01 1.450000e+01
    endloop
  endfacet
  facet normal -6.087614e-01 -0.000000e+00 -7.933533e-01
    outer loop
      vertex   2.014645e+01 4.184211e+01 1.414645e+01
      vertex   2.025000e+01 3.910526e+01 1.406699e+01
      vertex   2.014645e+01 3.910526e+01 1.414645e+01
    endloop
  endfacet
  facet normal -6.087614e-01 0.000000e+00 -7.933533e-01
    outer loop
      vertex   2.025000e+01 4.457895e+01 1.406699e+01
      vertex   2.014645e+01 4.731579e+01 1.414645e+01
      vertex   2.025000e+01 4.731579e+01 1.406699e+01
    endloop
  endfacet
  facet normal -6.087614e-01 0.000000e+00 -7.933533e-01
    outer loop
      vertex   2.025000e+01 4.731579e+01 1.406699e+01
      vertex   2.014645e+01 4.731579e+01 1.414645e+01
      vertex   2.014645e+01 5.005263e+01 1.414645e+01
    endloop
  endfacet
  facet normal -6.087614e-01 5.149287e-16 -7.933533e-01
    outer loop
      vertex   2.025000e+01 4.731579e+01 1.406699e+01
      vertex   2.014645e+01 5.005263e+01 1.414645e+01
      vertex   2.025000e+01 5.005263e+01 1.406699e+01
    endloop
  endfacet
  facet normal -6.087614e-01 5.147409e-16 -7.933533e-01
    outer loop
      vertex   2.025000e+01 5.005263e+01 1.406699e+01
      vertex   2.014645e+01 5.005263e+01 1.414645e+01
      vertex   2.014645e+01 5.278947e+01 1.414645e+01
    endloop
  endfacet
  facet normal -6.087614e-01 0.000000e+00 -7.933533e-01
    outer loop
      vertex   2.014645e+01 5.552632e+01 1.414645e+01
      vertex   2.025000e+01 5.552632e+01 1.406699e+01
      vertex   2.025000e+01 5.278947e+01 1.406699e+01
    endloop
  endfacet
  facet normal -7.933533e-01 -0.000000e+00 -6.087614e-01
    outer loop
      vertex   2.014645e+01 1.721053e+01 1.414645e+01
      vertex   2.014645e+01 1.447368e+01 1.414645e+01
      vertex   2.006699e+01 1.721053e+01 1.425000e+01
    endloop
  endfacet
  facet normal -7.933533e-01 -0.000000e+00 -6.087614e-01
    outer loop
      vertex   2.006699e+01 1.721053e+01 1.425000e+01
      vertex   2.014645e+01 1.447368e+01 1.414645e+01
      vertex   2.006699e+01 1.447368e+01 1.425000e+01
    endloop
  endfacet
  facet normal -9.238795e-01 -0.000000e+00 -3.826834e-01
    outer loop
      vertex   2.006699e+01 1.721053e+01 1.425000e+01
      vertex   2.006699e+01 1.447368e+01 1.425000e+01
      vertex   2.001704e+01 1.721053e+01 1.437059e+01
    endloop
  endfacet
  facet normal -9.238795e-01 -0.000000e+00 -3.826834e-01
    outer loop
      vertex   2.001704e+01 1.721053e+01 1.437059e+01
      vertex   2.006699e+01 1.447368e+01 1.425000e+01
      vertex   2.001704e+01 1.447368e+01 1.437059e+01
    endloop
  endfacet
  facet normal -9.914449e-01 -0.000000e+00 -1.305262e-01
    outer loop
      vertex   2.001704e+01 1.721053e+01 1.437059e+01
      vertex   2.001704e+01 1.447368e+01 1.437059e+01
      vertex   2.000000e+01 9.000000e+00 1.450000e+01
    endloop
  endfacet
  facet normal -7.933533e-01 0.000000e+00 -6.087614e-01
    outer loop
      vertex   2.014645e+01 2.268421e+01 1.414645e+01
      vertex   2.006699e+01 2.542105e+01 1.425000e+01
      vertex   2.014645e+01 2.542105e+01 1.414645e+01
    endloop
  endfacet
  facet normal -7.933533e-01 0.000000e+00 -6.087614e-01
    outer loop
      vertex   2.014645e+01 2.542105e+01 1.414645e+01
      vertex   2.006699e+01 2.542105e+01 1.425000e+01
      vertex   2.006699e+01 2.815789e+01 1.425000e+01
    endloop
  endfacet
  facet normal -7.933533e-01 0.000000e+00 -6.087614e-01
    outer loop
      vertex   2.014645e+01 2.542105e+01 1.414645e+01
      vertex   2.006699e+01 2.815789e+01 1.425000e+01
      vertex   2.014645e+01 2.815789e+01 1.414645e+01
    endloop
  endfacet
  facet normal -7.933533e-01 0.000000e+00 -6.087614e-01
    outer loop
      vertex   2.014645e+01 2.815789e+01 1.414645e+01
      vertex   2.006699e+01 2.815789e+01 1.425000e+01
      vertex   2.006699e+01 3.089474e+01 1.425000e+01
    endloop
  endfacet
  facet normal -7.933533e-01 -0.000000e+00 -6.087614e-01
    outer loop
      vertex   2.014645e+01 4.184211e+01 1.414645e+01
      vertex   2.014645e+01 3.910526e+01 1.414645e+01
      vertex   2.006699e+01 4.184211e+01 1.425000e+01
    endloop
  endfacet
  facet normal -7.933533e-01 -0.000000e+00 -6.087614e-01
    outer loop
      vertex   2.006699e+01 4.184211e+01 1.425000e+01
      vertex   2.014645e+01 3.910526e+01 1.414645e+01
      vertex   2.006699e+01 3.910526e+01 1.425000e+01
    endloop
  endfacet
  facet normal -9.238795e-01 -0.000000e+00 -3.826834e-01
    outer loop
      vertex   2.006699e+01 4.184211e+01 1.425000e+01
      vertex   2.006699e+01 3.910526e+01 1.425000e+01
      vertex   2.001704e+01 4.184211e+01 1.437059e+01
    endloop
  endfacet
  facet normal -9.238795e-01 -0.000000e+00 -3.826834e-01
    outer loop
      vertex   2.001704e+01 4.184211e+01 1.437059e+01
      vertex   2.006699e+01 3.910526e+01 1.425000e+01
      vertex   2.001704e+01 3.910526e+01 1.437059e+01
    endloop
  endfacet
  facet normal -9.914449e-01 -0.000000e+00 -1.305262e-01
    outer loop
      vertex   2.001704e+01 4.184211e+01 1.437059e+01
      vertex   2.001704e+01 3.910526e+01 1.437059e+01
      vertex   2.000000e+01 6.100000e+01 1.450000e+01
    endloop
  endfacet
  facet normal -7.933533e-01 0.000000e+00 -6.087614e-01
    outer loop
      vertex   2.014645e+01 4.731579e+01 1.414645e+01
      vertex   2.006699e+01 5.005263e+01 1.425000e+01
      vertex   2.014645e+01 5.005263e+01 1.414645e+01
    endloop
  endfacet
  facet normal -7.933533e-01 0.000000e+00 -6.087614e-01
    outer loop
      vertex   2.014645e+01 5.005263e+01 1.414645e+01
      vertex   2.006699e+01 5.005263e+01 1.425000e+01
      vertex   2.006699e+01 5.278947e+01 1.425000e+01
    endloop
  endfacet
  facet normal -7.933533e-01 3.951187e-16 -6.087614e-01
    outer loop
      vertex   2.014645e+01 5.005263e+01 1.414645e+01
      vertex   2.006699e+01 5.278947e+01 1.425000e+01
      vertex   2.014645e+01 5.278947e+01 1.414645e+01
    endloop
  endfacet
  facet normal -7.933533e-01 0.000000e+00 -6.087614e-01
    outer loop
      vertex   2.014645e+01 5.278947e+01 1.414645e+01
      vertex   2.006699e+01 5.278947e+01 1.425000e+01
      vertex   2.006699e+01 5.552632e+01 1.425000e+01
    endloop
  endfacet
  facet normal -7.933533e-01 0.000000e+00 -6.087614e-01
    outer loop
      vertex   2.014645e+01 1.721053e+01 1.414645e+01
      vertex   2.006699e+01 1.721053e+01 1.425000e+01
      vertex   2.006699e+01 1.994737e+01 1.425000e+01
    endloop
  endfacet
  facet normal -9.238795e-01 -0.000000e+00 -3.826834e-01
    outer loop
      vertex   2.006699e+01 1.994737e+01 1.425000e+01
      vertex   2.006699e+01 1.721053e+01 1.425000e+01
      vertex   2.001704e+01 1.994737e+01 1.437059e+01
    endloop
  endfacet
  facet normal -9.238795e-01 0.000000e+00 -3.826834e-01
    outer loop
      vertex   2.006699e+01 1.994737e+01 1.425000e+01
      vertex   2.001704e+01 1.994737e+01 1.437059e+01
      vertex   2.001704e+01 2.268421e+01 1.437059e+01
    endloop
  endfacet
  facet normal -9.914449e-01 -0.000000e+00 -1.305262e-01
    outer loop
      vertex   2.001704e+01 2.268421e+01 1.437059e+01
      vertex   2.001704e+01 1.994737e+01 1.437059e+01
      vertex   2.000000e+01 9.000000e+00 1.450000e+01
    endloop
  endfacet
  facet normal -9.238795e-01 -0.000000e+00 -3.826834e-01
    outer loop
      vertex   2.001704e+01 1.994737e+01 1.437059e+01
      vertex   2.006699e+01 1.721053e+01 1.425000e+01
      vertex   2.001704e+01 1.721053e+01 1.437059e+01
    endloop
  endfacet
  facet normal -9.238795e-01 0.000000e+00 -3.826834e-01
    outer loop
      vertex   2.001704e+01 3.089474e+01 1.437059e+01
      vertex   2.006699e+01 3.089474e+01 1.425000e+01
      vertex   2.006699e+01 2.815789e+01 1.425000e+01
    endloop
  endfacet
  facet normal -9.238795e-01 -0.000000e+00 -3.826834e-01
    outer loop
      vertex   2.001704e+01 3.089474e+01 1.437059e+01
      vertex   2.006699e+01 2.815789e+01 1.425000e+01
      vertex   2.001704e+01 2.815789e+01 1.437059e+01
    endloop
  endfacet
  facet normal -9.238795e-01 0.000000e+00 -3.826834e-01
    outer loop
      vertex   2.001704e+01 2.815789e+01 1.437059e+01
      vertex   2.006699e+01 2.815789e+01 1.425000e+01
      vertex   2.006699e+01 2.542105e+01 1.425000e+01
    endloop
  endfacet
  facet normal -7.933533e-01 0.000000e+00 -6.087614e-01
    outer loop
      vertex   2.014645e+01 4.184211e+01 1.414645e+01
      vertex   2.006699e+01 4.184211e+01 1.425000e+01
      vertex   2.006699e+01 4.457895e+01 1.425000e+01
    endloop
  endfacet
  facet normal -9.238795e-01 -0.000000e+00 -3.826834e-01
    outer loop
      vertex   2.006699e+01 4.457895e+01 1.425000e+01
      vertex   2.006699e+01 4.184211e+01 1.425000e+01
      vertex   2.001704e+01 4.457895e+01 1.437059e+01
    endloop
  endfacet
  facet normal -9.238795e-01 0.000000e+00 -3.826834e-01
    outer loop
      vertex   2.006699e+01 4.457895e+01 1.425000e+01
      vertex   2.001704e+01 4.457895e+01 1.437059e+01
      vertex   2.001704e+01 4.731579e+01 1.437059e+01
    endloop
  endfacet
  facet normal -9.914449e-01 -0.000000e+00 -1.305262e-01
    outer loop
      vertex   2.001704e+01 4.731579e+01 1.437059e+01
      vertex   2.001704e+01 4.457895e+01 1.437059e+01
      vertex   2.000000e+01 6.100000e+01 1.450000e+01
    endloop
  endfacet
  facet normal -9.238795e-01 -0.000000e+00 -3.826834e-01
    outer loop
      vertex   2.001704e+01 4.457895e+01 1.437059e+01
      vertex   2.006699e+01 4.184211e+01 1.425000e+01
      vertex   2.001704e+01 4.184211e+01 1.437059e+01
    endloop
  endfacet
  facet normal -9.238795e-01 0.000000e+00 -3.826834e-01
    outer loop
      vertex   2.001704e+01 5.552632e+01 1.437059e+01
      vertex   2.006699e+01 5.552632e+01 1.425000e+01
      vertex   2.006699e+01 5.278947e+01 1.425000e+01
    endloop
  endfacet
  facet normal -9.238795e-01 -0.000000e+00 -3.826834e-01
    outer loop
      vertex   2.001704e+01 5.552632e+01 1.437059e+01
      vertex   2.006699e+01 5.278947e+01 1.425000e+01
      vertex   2.001704e+01 5.278947e+01 1.437059e+01
    endloop
  endfacet
  facet normal -9.238795e-01 0.000000e+00 -3.826834e-01
    outer loop
      vertex   2.001704e+01 5.278947e+01 1.437059e+01
      vertex   2.006699e+01 5.278947e+01 1.425000e+01
      vertex   2.006699e+01 5.005263e+01 1.425000e+01
    endloop
  endfacet
  facet normal -9.914449e-01 0.000000e+00 -1.305262e-01
    outer loop
      vertex   2.000000e+01 9.000000e+00 1.450000e+01
      vertex   2.001704e+01 1.994737e+01 1.437059e+01
      vertex   2.001704e+01 1.721053e+01 1.437059e+01
    endloop
  endfacet
  facet normal -9.914449e-01 0.000000e+00 -1.305262e-01
    outer loop
      vertex   2.000000e+01 6.100000e+01 1.450000e+01
      vertex   2.001704e+01 4.457895e+01 1.437059e+01
      vertex   2.001704e+01 4.184211e+01 1.437059e+01
    endloop
  endfacet
  facet normal -1.718156e-02 -1.305069e-01 -9.912985e-01
    outer loop
      vertex   2.200000e+01 7.500000e+00 1.400000e+01
      vertex   2.200000e+01 7.370590e+00 1.401704e+01
      vertex   2.161177e+01 7.551111e+00 1.400000e+01
    endloop
  endfacet
  facet normal -1.718156e-02 -1.305069e-01 -9.912985e-01
    outer loop
      vertex   2.161177e+01 7.551111e+00 1.400000e+01
      vertex   2.200000e+01 7.370590e+00 1.401704e+01
      vertex   2.157828e+01 7.426111e+00 1.401704e+01
    endloop
  endfacet
  facet normal -5.037379e-02 -1.216131e-01 -9.912985e-01
    outer loop
      vertex   2.161177e+01 7.551111e+00 1.400000e+01
      vertex   2.157828e+01 7.426111e+00 1.401704e+01
      vertex   2.125000e+01 7.700962e+00 1.400000e+01
    endloop
  endfacet
  facet normal -5.037379e-02 -1.216131e-01 -9.912985e-01
    outer loop
      vertex   2.125000e+01 7.700962e+00 1.400000e+01
      vertex   2.157828e+01 7.426111e+00 1.401704e+01
      vertex   2.118530e+01 7.588890e+00 1.401704e+01
    endloop
  endfacet
  facet normal -8.013313e-02 -1.044315e-01 -9.912985e-01
    outer loop
      vertex   2.125000e+01 7.700962e+00 1.400000e+01
      vertex   2.118530e+01 7.588890e+00 1.401704e+01
      vertex   2.093934e+01 7.939340e+00 1.400000e+01
    endloop
  endfacet
  facet normal -8.013313e-02 -1.044315e-01 -9.912985e-01
    outer loop
      vertex   2.093934e+01 7.939340e+00 1.400000e+01
      vertex   2.118530e+01 7.588890e+00 1.401704e+01
      vertex   2.084783e+01 7.847833e+00 1.401704e+01
    endloop
  endfacet
  facet normal -1.044315e-01 -8.013313e-02 -9.912985e-01
    outer loop
      vertex   2.093934e+01 7.939340e+00 1.400000e+01
      vertex   2.084783e+01 7.847833e+00 1.401704e+01
      vertex   2.070096e+01 8.250000e+00 1.400000e+01
    endloop
  endfacet
  facet normal -1.044315e-01 -8.013313e-02 -9.912985e-01
    outer loop
      vertex   2.070096e+01 8.250000e+00 1.400000e+01
      vertex   2.084783e+01 7.847833e+00 1.401704e+01
      vertex   2.058889e+01 8.185295e+00 1.401704e+01
    endloop
  endfacet
  facet normal -1.216131e-01 -5.037379e-02 -9.912985e-01
    outer loop
      vertex   2.070096e+01 8.250000e+00 1.400000e+01
      vertex   2.058889e+01 8.185295e+00 1.401704e+01
      vertex   2.055111e+01 8.611771e+00 1.400000e+01
    endloop
  endfacet
  facet normal -1.216131e-01 -5.037379e-02 -9.912985e-01
    outer loop
      vertex   2.055111e+01 8.611771e+00 1.400000e+01
      vertex   2.058889e+01 8.185295e+00 1.401704e+01
      vertex   2.042611e+01 8.578278e+00 1.401704e+01
    endloop
  endfacet
  facet normal -1.305069e-01 -1.718156e-02 -9.912985e-01
    outer loop
      vertex   2.055111e+01 8.611771e+00 1.400000e+01
      vertex   2.042611e+01 8.578278e+00 1.401704e+01
      vertex   2.050000e+01 9.000000e+00 1.400000e+01
    endloop
  endfacet
  facet normal -1.305069e-01 -1.718156e-02 -9.912985e-01
    outer loop
      vertex   2.050000e+01 9.000000e+00 1.400000e+01
      vertex   2.042611e+01 8.578278e+00 1.401704e+01
      vertex   2.037059e+01 9.000000e+00 1.401704e+01
    endloop
  endfacet
  facet normal -3.821987e-01 -5.031741e-02 -9.227092e-01
    outer loop
      vertex   2.037059e+01 9.000000e+00 1.401704e+01
      vertex   2.042611e+01 8.578278e+00 1.401704e+01
      vertex   2.030963e+01 8.547067e+00 1.406699e+01
    endloop
  endfacet
  facet normal -3.821987e-01 -5.031741e-02 -9.227092e-01
    outer loop
      vertex   2.037059e+01 9.000000e+00 1.401704e+01
      vertex   2.030963e+01 8.547067e+00 1.406699e+01
      vertex   2.025000e+01 9.000000e+00 1.406699e+01
    endloop
  endfacet
  facet normal -6.068157e-01 -7.988880e-02 -7.908176e-01
    outer loop
      vertex   2.025000e+01 9.000000e+00 1.406699e+01
      vertex   2.030963e+01 8.547067e+00 1.406699e+01
      vertex   2.020960e+01 8.520265e+00 1.414645e+01
    endloop
  endfacet
  facet normal -6.068157e-01 -7.988880e-02 -7.908176e-01
    outer loop
      vertex   2.025000e+01 9.000000e+00 1.406699e+01
      vertex   2.020960e+01 8.520265e+00 1.414645e+01
      vertex   2.014645e+01 9.000000e+00 1.414645e+01
    endloop
  endfacet
  facet normal -7.890610e-01 -1.038819e-01 -6.054678e-01
    outer loop
      vertex   2.014645e+01 9.000000e+00 1.414645e+01
      vertex   2.020960e+01 8.520265e+00 1.414645e+01
      vertex   2.013285e+01 8.499699e+00 1.425000e+01
    endloop
  endfacet
  facet normal -7.890610e-01 -1.038819e-01 -6.054678e-01
    outer loop
      vertex   2.014645e+01 9.000000e+00 1.414645e+01
      vertex   2.013285e+01 8.499699e+00 1.425000e+01
      vertex   2.006699e+01 9.000000e+00 1.425000e+01
    endloop
  endfacet
  facet normal -9.171204e-01 -1.207412e-01 -3.798837e-01
    outer loop
      vertex   2.006699e+01 9.000000e+00 1.425000e+01
      vertex   2.013285e+01 8.499699e+00 1.425000e+01
      vertex   2.008460e+01 8.486771e+00 1.437059e+01
    endloop
  endfacet
  facet normal -9.171204e-01 -1.207412e-01 -3.798837e-01
    outer loop
      vertex   2.006699e+01 9.000000e+00 1.425000e+01
      vertex   2.008460e+01 8.486771e+00 1.437059e+01
      vertex   2.001704e+01 9.000000e+00 1.437059e+01
    endloop
  endfacet
  facet normal -9.831056e-01 -1.294283e-01 -1.294283e-01
    outer loop
      vertex   2.001704e+01 9.000000e+00 1.437059e+01
      vertex   2.008460e+01 8.486771e+00 1.437059e+01
      vertex   2.006815e+01 8.482362e+00 1.450000e+01
    endloop
  endfacet
  facet normal -9.831056e-01 -1.294283e-01 -1.294283e-01
    outer loop
      vertex   2.001704e+01 9.000000e+00 1.437059e+01
      vertex   2.006815e+01 8.482362e+00 1.450000e+01
      vertex   2.000000e+01 9.000000e+00 1.450000e+01
    endloop
  endfacet
  facet normal -5.031741e-02 -3.821987e-01 -9.227092e-01
    outer loop
      vertex   2.200000e+01 7.370590e+00 1.401704e+01
      vertex   2.200000e+01 7.250000e+00 1.406699e+01
      vertex   2.157828e+01 7.426111e+00 1.401704e+01
    endloop
  endfacet
  facet normal -5.031741e-02 -3.821987e-01 -9.227092e-01
    outer loop
      vertex   2.157828e+01 7.426111e+00 1.401704e+01
      vertex   2.200000e+01 7.250000e+00 1.406699e+01
      vertex   2.154707e+01 7.309630e+00 1.406699e+01
    endloop
  endfacet
  facet normal -1.475232e-01 -3.561525e-01 -9.227092e-01
    outer loop
      vertex   2.157828e+01 7.426111e+00 1.401704e+01
      vertex   2.154707e+01 7.309630e+00 1.406699e+01
      vertex   2.118530e+01 7.588890e+00 1.401704e+01
    endloop
  endfacet
  facet normal -1.475232e-01 -3.561525e-01 -9.227092e-01
    outer loop
      vertex   2.118530e+01 7.588890e+00 1.401704e+01
      vertex   2.154707e+01 7.309630e+00 1.406699e+01
      vertex   2.112500e+01 7.484456e+00 1.406699e+01
    endloop
  endfacet
  facet normal -2.346755e-01 -3.058351e-01 -9.227092e-01
    outer loop
      vertex   2.118530e+01 7.588890e+00 1.401704e+01
      vertex   2.112500e+01 7.484456e+00 1.406699e+01
      vertex   2.084783e+01 7.847833e+00 1.401704e+01
    endloop
  endfacet
  facet normal -2.346755e-01 -3.058351e-01 -9.227092e-01
    outer loop
      vertex   2.084783e+01 7.847833e+00 1.401704e+01
      vertex   2.112500e+01 7.484456e+00 1.406699e+01
      vertex   2.076256e+01 7.762563e+00 1.406699e+01
    endloop
  endfacet
  facet normal -3.058351e-01 -2.346755e-01 -9.227092e-01
    outer loop
      vertex   2.084783e+01 7.847833e+00 1.401704e+01
      vertex   2.076256e+01 7.762563e+00 1.406699e+01
      vertex   2.058889e+01 8.185295e+00 1.401704e+01
    endloop
  endfacet
  facet normal -3.058351e-01 -2.346755e-01 -9.227092e-01
    outer loop
      vertex   2.058889e+01 8.185295e+00 1.401704e+01
      vertex   2.076256e+01 7.762563e+00 1.406699e+01
      vertex   2.048446e+01 8.125000e+00 1.406699e+01
    endloop
  endfacet
  facet normal -3.561525e-01 -1.475232e-01 -9.227092e-01
    outer loop
      vertex   2.058889e+01 8.185295e+00 1.401704e+01
      vertex   2.048446e+01 8.125000e+00 1.406699e+01
      vertex   2.042611e+01 8.578278e+00 1.401704e+01
    endloop
  endfacet
  facet normal -3.561525e-01 -1.475232e-01 -9.227092e-01
    outer loop
      vertex   2.042611e+01 8.578278e+00 1.401704e+01
      vertex   2.048446e+01 8.125000e+00 1.406699e+01
      vertex   2.030963e+01 8.547067e+00 1.406699e+01
    endloop
  endfacet
  facet normal -7.988880e-02 -6.068157e-01 -7.908176e-01
    outer loop
      vertex   2.200000e+01 7.250000e+00 1.406699e+01
      vertex   2.200000e+01 7.146447e+00 1.414645e+01
      vertex   2.154707e+01 7.309630e+00 1.406699e+01
    endloop
  endfacet
  facet normal -7.988880e-02 -6.068157e-01 -7.908176e-01
    outer loop
      vertex   2.154707e+01 7.309630e+00 1.406699e+01
      vertex   2.200000e+01 7.146447e+00 1.414645e+01
      vertex   2.152027e+01 7.209605e+00 1.414645e+01
    endloop
  endfacet
  facet normal -2.342221e-01 -5.654622e-01 -7.908176e-01
    outer loop
      vertex   2.154707e+01 7.309630e+00 1.406699e+01
      vertex   2.152027e+01 7.209605e+00 1.414645e+01
      vertex   2.112500e+01 7.484456e+00 1.406699e+01
    endloop
  endfacet
  facet normal -2.342221e-01 -5.654622e-01 -7.908176e-01
    outer loop
      vertex   2.112500e+01 7.484456e+00 1.406699e+01
      vertex   2.152027e+01 7.209605e+00 1.414645e+01
      vertex   2.107322e+01 7.394776e+00 1.414645e+01
    endloop
  endfacet
  facet normal -3.725936e-01 -4.855734e-01 -7.908176e-01
    outer loop
      vertex   2.112500e+01 7.484456e+00 1.406699e+01
      vertex   2.107322e+01 7.394776e+00 1.414645e+01
      vertex   2.076256e+01 7.762563e+00 1.406699e+01
    endloop
  endfacet
  facet normal -3.725936e-01 -4.855734e-01 -7.908176e-01
    outer loop
      vertex   2.076256e+01 7.762563e+00 1.406699e+01
      vertex   2.107322e+01 7.394776e+00 1.414645e+01
      vertex   2.068934e+01 7.689340e+00 1.414645e+01
    endloop
  endfacet
  facet normal -4.855734e-01 -3.725936e-01 -7.908176e-01
    outer loop
      vertex   2.076256e+01 7.762563e+00 1.406699e+01
      vertex   2.068934e+01 7.689340e+00 1.414645e+01
      vertex   2.048446e+01 8.125000e+00 1.406699e+01
    endloop
  endfacet
  facet normal -4.855734e-01 -3.725936e-01 -7.908176e-01
    outer loop
      vertex   2.048446e+01 8.125000e+00 1.406699e+01
      vertex   2.068934e+01 7.689340e+00 1.414645e+01
      vertex   2.039478e+01 8.073223e+00 1.414645e+01
    endloop
  endfacet
  facet normal -5.654622e-01 -2.342221e-01 -7.908176e-01
    outer loop
      vertex   2.048446e+01 8.125000e+00 1.406699e+01
      vertex   2.039478e+01 8.073223e+00 1.414645e+01
      vertex   2.030963e+01 8.547067e+00 1.406699e+01
    endloop
  endfacet
  facet normal -5.654622e-01 -2.342221e-01 -7.908176e-01
    outer loop
      vertex   2.030963e+01 8.547067e+00 1.406699e+01
      vertex   2.039478e+01 8.073223e+00 1.414645e+01
      vertex   2.020960e+01 8.520265e+00 1.414645e+01
    endloop
  endfacet
  facet normal -1.038819e-01 -7.890610e-01 -6.054678e-01
    outer loop
      vertex   2.200000e+01 7.146447e+00 1.414645e+01
      vertex   2.200000e+01 7.066987e+00 1.425000e+01
      vertex   2.152027e+01 7.209605e+00 1.414645e+01
    endloop
  endfacet
  facet normal -1.038819e-01 -7.890610e-01 -6.054678e-01
    outer loop
      vertex   2.152027e+01 7.209605e+00 1.414645e+01
      vertex   2.200000e+01 7.066987e+00 1.425000e+01
      vertex   2.149970e+01 7.132853e+00 1.425000e+01
    endloop
  endfacet
  facet normal -3.045662e-01 -7.352878e-01 -6.054678e-01
    outer loop
      vertex   2.152027e+01 7.209605e+00 1.414645e+01
      vertex   2.149970e+01 7.132853e+00 1.425000e+01
      vertex   2.107322e+01 7.394776e+00 1.414645e+01
    endloop
  endfacet
  facet normal -3.045662e-01 -7.352878e-01 -6.054678e-01
    outer loop
      vertex   2.107322e+01 7.394776e+00 1.414645e+01
      vertex   2.149970e+01 7.132853e+00 1.425000e+01
      vertex   2.103349e+01 7.325962e+00 1.425000e+01
    endloop
  endfacet
  facet normal -4.844948e-01 -6.314060e-01 -6.054678e-01
    outer loop
      vertex   2.107322e+01 7.394776e+00 1.414645e+01
      vertex   2.103349e+01 7.325962e+00 1.425000e+01
      vertex   2.068934e+01 7.689340e+00 1.414645e+01
    endloop
  endfacet
  facet normal -4.844948e-01 -6.314060e-01 -6.054678e-01
    outer loop
      vertex   2.068934e+01 7.689340e+00 1.414645e+01
      vertex   2.103349e+01 7.325962e+00 1.425000e+01
      vertex   2.063315e+01 7.633154e+00 1.425000e+01
    endloop
  endfacet
  facet normal -6.314060e-01 -4.844948e-01 -6.054678e-01
    outer loop
      vertex   2.068934e+01 7.689340e+00 1.414645e+01
      vertex   2.063315e+01 7.633154e+00 1.425000e+01
      vertex   2.039478e+01 8.073223e+00 1.414645e+01
    endloop
  endfacet
  facet normal -6.314060e-01 -4.844948e-01 -6.054678e-01
    outer loop
      vertex   2.039478e+01 8.073223e+00 1.414645e+01
      vertex   2.063315e+01 7.633154e+00 1.425000e+01
      vertex   2.032596e+01 8.033494e+00 1.425000e+01
    endloop
  endfacet
  facet normal -7.352878e-01 -3.045662e-01 -6.054678e-01
    outer loop
      vertex   2.039478e+01 8.073223e+00 1.414645e+01
      vertex   2.032596e+01 8.033494e+00 1.425000e+01
      vertex   2.020960e+01 8.520265e+00 1.414645e+01
    endloop
  endfacet
  facet normal -7.352878e-01 -3.045662e-01 -6.054678e-01
    outer loop
      vertex   2.020960e+01 8.520265e+00 1.414645e+01
      vertex   2.032596e+01 8.033494e+00 1.425000e+01
      vertex   2.013285e+01 8.499699e+00 1.425000e+01
    endloop
  endfacet
  facet normal -1.207412e-01 -9.171204e-01 -3.798837e-01
    outer loop
      vertex   2.200000e+01 7.066987e+00 1.425000e+01
      vertex   2.200000e+01 7.017037e+00 1.437059e+01
      vertex   2.149970e+01 7.132853e+00 1.425000e+01
    endloop
  endfacet
  facet normal -1.207412e-01 -9.171204e-01 -3.798837e-01
    outer loop
      vertex   2.149970e+01 7.132853e+00 1.425000e+01
      vertex   2.200000e+01 7.017037e+00 1.437059e+01
      vertex   2.148677e+01 7.084605e+00 1.437059e+01
    endloop
  endfacet
  facet normal -3.539953e-01 -8.546202e-01 -3.798837e-01
    outer loop
      vertex   2.149970e+01 7.132853e+00 1.425000e+01
      vertex   2.148677e+01 7.084605e+00 1.437059e+01
      vertex   2.103349e+01 7.325962e+00 1.425000e+01
    endloop
  endfacet
  facet normal -3.539953e-01 -8.546202e-01 -3.798837e-01
    outer loop
      vertex   2.103349e+01 7.325962e+00 1.425000e+01
      vertex   2.148677e+01 7.084605e+00 1.437059e+01
      vertex   2.100852e+01 7.282704e+00 1.437059e+01
    endloop
  endfacet
  facet normal -5.631252e-01 -7.338790e-01 -3.798837e-01
    outer loop
      vertex   2.103349e+01 7.325962e+00 1.425000e+01
      vertex   2.100852e+01 7.282704e+00 1.437059e+01
      vertex   2.063315e+01 7.633154e+00 1.425000e+01
    endloop
  endfacet
  facet normal -5.631252e-01 -7.338790e-01 -3.798837e-01
    outer loop
      vertex   2.063315e+01 7.633154e+00 1.425000e+01
      vertex   2.100852e+01 7.282704e+00 1.437059e+01
      vertex   2.059783e+01 7.597833e+00 1.437059e+01
    endloop
  endfacet
  facet normal -7.338790e-01 -5.631252e-01 -3.798837e-01
    outer loop
      vertex   2.063315e+01 7.633154e+00 1.425000e+01
      vertex   2.059783e+01 7.597833e+00 1.437059e+01
      vertex   2.032596e+01 8.033494e+00 1.425000e+01
    endloop
  endfacet
  facet normal -7.338790e-01 -5.631252e-01 -3.798837e-01
    outer loop
      vertex   2.032596e+01 8.033494e+00 1.425000e+01
      vertex   2.059783e+01 7.597833e+00 1.437059e+01
      vertex   2.028270e+01 8.008519e+00 1.437059e+01
    endloop
  endfacet
  facet normal -8.546202e-01 -3.539953e-01 -3.798837e-01
    outer loop
      vertex   2.032596e+01 8.033494e+00 1.425000e+01
      vertex   2.028270e+01 8.008519e+00 1.437059e+01
      vertex   2.013285e+01 8.499699e+00 1.425000e+01
    endloop
  endfacet
  facet normal -8.546202e-01 -3.539953e-01 -3.798837e-01
    outer loop
      vertex   2.013285e+01 8.499699e+00 1.425000e+01
      vertex   2.028270e+01 8.008519e+00 1.437059e+01
      vertex   2.008460e+01 8.486771e+00 1.437059e+01
    endloop
  endfacet
  facet normal -1.294283e-01 -9.831056e-01 -1.294283e-01
    outer loop
      vertex   2.200000e+01 7.017037e+00 1.437059e+01
      vertex   2.200000e+01 7.000000e+00 1.450000e+01
      vertex   2.148677e+01 7.084605e+00 1.437059e+01
    endloop
  endfacet
  facet normal -1.294283e-01 -9.831056e-01 -1.294283e-01
    outer loop
      vertex   2.148677e+01 7.084605e+00 1.437059e+01
      vertex   2.200000e+01 7.000000e+00 1.450000e+01
      vertex   2.148236e+01 7.068148e+00 1.450000e+01
    endloop
  endfacet
  facet normal -3.794646e-01 -9.161086e-01 -1.294283e-01
    outer loop
      vertex   2.148677e+01 7.084605e+00 1.437059e+01
      vertex   2.148236e+01 7.068148e+00 1.450000e+01
      vertex   2.100852e+01 7.282704e+00 1.437059e+01
    endloop
  endfacet
  facet normal -3.794646e-01 -9.161086e-01 -1.294283e-01
    outer loop
      vertex   2.100852e+01 7.282704e+00 1.437059e+01
      vertex   2.148236e+01 7.068148e+00 1.450000e+01
      vertex   2.100000e+01 7.267949e+00 1.450000e+01
    endloop
  endfacet
  facet normal -6.036410e-01 -7.866803e-01 -1.294283e-01
    outer loop
      vertex   2.100852e+01 7.282704e+00 1.437059e+01
      vertex   2.100000e+01 7.267949e+00 1.450000e+01
      vertex   2.059783e+01 7.597833e+00 1.437059e+01
    endloop
  endfacet
  facet normal -6.036410e-01 -7.866803e-01 -1.294283e-01
    outer loop
      vertex   2.059783e+01 7.597833e+00 1.437059e+01
      vertex   2.100000e+01 7.267949e+00 1.450000e+01
      vertex   2.058579e+01 7.585786e+00 1.450000e+01
    endloop
  endfacet
  facet normal -7.866803e-01 -6.036410e-01 -1.294283e-01
    outer loop
      vertex   2.059783e+01 7.597833e+00 1.437059e+01
      vertex   2.058579e+01 7.585786e+00 1.450000e+01
      vertex   2.028270e+01 8.008519e+00 1.437059e+01
    endloop
  endfacet
  facet normal -7.866803e-01 -6.036410e-01 -1.294283e-01
    outer loop
      vertex   2.028270e+01 8.008519e+00 1.437059e+01
      vertex   2.058579e+01 7.585786e+00 1.450000e+01
      vertex   2.026795e+01 8.000000e+00 1.450000e+01
    endloop
  endfacet
  facet normal -9.161086e-01 -3.794646e-01 -1.294283e-01
    outer loop
      vertex   2.028270e+01 8.008519e+00 1.437059e+01
      vertex   2.026795e+01 8.000000e+00 1.450000e+01
      vertex   2.008460e+01 8.486771e+00 1.437059e+01
    endloop
  endfacet
  facet normal -9.161086e-01 -3.794646e-01 -1.294283e-01
    outer loop
      vertex   2.008460e+01 8.486771e+00 1.437059e+01
      vertex   2.026795e+01 8.000000e+00 1.450000e+01
      vertex   2.006815e+01 8.482362e+00 1.450000e+01
    endloop
  endfacet
  facet normal -0.000000e+00 -1.305262e-01 -9.914449e-01
    outer loop
      vertex   3.600000e+01 7.370590e+00 1.401704e+01
      vertex   3.320000e+01 7.370590e+00 1.401704e+01
      vertex   3.600000e+01 7.500000e+00 1.400000e+01
    endloop
  endfacet
  facet normal -4.153198e-17 -1.305262e-01 -9.914449e-01
    outer loop
      vertex   3.600000e+01 7.500000e+00 1.400000e+01
      vertex   3.320000e+01 7.370590e+00 1.401704e+01
      vertex   3.040000e+01 7.370590e+00 1.401704e+01
    endloop
  endfacet
  facet normal 0.000000e+00 -1.305262e-01 -9.914449e-01
    outer loop
      vertex   3.600000e+01 7.500000e+00 1.400000e+01
      vertex   3.040000e+01 7.370590e+00 1.401704e+01
      vertex   2.760000e+01 7.370590e+00 1.401704e+01
    endloop
  endfacet
  facet normal 0.000000e+00 -3.826834e-01 -9.238795e-01
    outer loop
      vertex   2.760000e+01 7.370590e+00 1.401704e+01
      vertex   3.040000e+01 7.370590e+00 1.401704e+01
      vertex   2.760000e+01 7.250000e+00 1.406699e+01
    endloop
  endfacet
  facet normal 0.000000e+00 -3.826834e-01 -9.238795e-01
    outer loop
      vertex   2.760000e+01 7.370590e+00 1.401704e+01
      vertex   2.760000e+01 7.250000e+00 1.406699e+01
      vertex   2.480000e+01 7.250000e+00 1.406699e+01
    endloop
  endfacet
  facet normal 0.000000e+00 -6.087614e-01 -7.933533e-01
    outer loop
      vertex   2.480000e+01 7.250000e+00 1.406699e+01
      vertex   2.760000e+01 7.250000e+00 1.406699e+01
      vertex   2.480000e+01 7.146447e+00 1.414645e+01
    endloop
  endfacet
  facet normal 1.898605e-16 -6.087614e-01 -7.933533e-01
    outer loop
      vertex   2.480000e+01 7.250000e+00 1.406699e+01
      vertex   2.480000e+01 7.146447e+00 1.414645e+01
      vertex   2.200000e+01 7.146447e+00 1.414645e+01
    endloop
  endfacet
  facet normal 2.516569e-16 -7.933533e-01 -6.087614e-01
    outer loop
      vertex   2.200000e+01 7.146447e+00 1.414645e+01
      vertex   2.480000e+01 7.146447e+00 1.414645e+01
      vertex   2.200000e+01 7.066987e+00 1.425000e+01
    endloop
  endfacet
  facet normal 1.275726e-15 -7.933533e-01 -6.087614e-01
    outer loop
      vertex   2.200000e+01 7.066987e+00 1.425000e+01
      vertex   2.480000e+01 7.146447e+00 1.414645e+01
      vertex   2.480000e+01 7.066987e+00 1.425000e+01
    endloop
  endfacet
  facet normal 1.071680e-15 -9.238795e-01 -3.826834e-01
    outer loop
      vertex   2.200000e+01 7.066987e+00 1.425000e+01
      vertex   2.480000e+01 7.066987e+00 1.425000e+01
      vertex   2.200000e+01 7.017037e+00 1.437059e+01
    endloop
  endfacet
  facet normal 5.861213e-16 -9.238795e-01 -3.826834e-01
    outer loop
      vertex   2.200000e+01 7.017037e+00 1.437059e+01
      vertex   2.480000e+01 7.066987e+00 1.425000e+01
      vertex   2.480000e+01 7.017037e+00 1.437059e+01
    endloop
  endfacet
  facet normal 6.289857e-16 -9.914449e-01 -1.305262e-01
    outer loop
      vertex   2.200000e+01 7.017037e+00 1.437059e+01
      vertex   2.480000e+01 7.017037e+00 1.437059e+01
      vertex   2.200000e+01 7.000000e+00 1.450000e+01
    endloop
  endfacet
  facet normal 0.000000e+00 -9.914449e-01 -1.305262e-01
    outer loop
      vertex   2.200000e+01 7.000000e+00 1.450000e+01
      vertex   2.480000e+01 7.017037e+00 1.437059e+01
      vertex   2.760000e+01 7.017037e+00 1.437059e+01
    endloop
  endfacet
  facet normal 0.000000e+00 -9.914449e-01 -1.305262e-01
    outer loop
      vertex   2.200000e+01 7.000000e+00 1.450000e+01
      vertex   2.760000e+01 7.017037e+00 1.437059e+01
      vertex   3.040000e+01 7.017037e+00 1.437059e+01
    endloop
  endfacet
  facet normal -0.000000e+00 -9.238795e-01 -3.826834e-01
    outer loop
      vertex   3.040000e+01 7.017037e+00 1.437059e+01
      vertex   2.760000e+01 7.017037e+00 1.437059e+01
      vertex   3.040000e+01 7.066987e+00 1.425000e+01
    endloop
  endfacet
  facet normal 0.000000e+00 -9.238795e-01 -3.826834e-01
    outer loop
      vertex   3.040000e+01 7.017037e+00 1.437059e+01
      vertex   3.040000e+01 7.066987e+00 1.425000e+01
      vertex   3.320000e+01 7.066987e+00 1.425000e+01
    endloop
  endfacet
  facet normal -0.000000e+00 -7.933533e-01 -6.087614e-01
    outer loop
      vertex   3.320000e+01 7.066987e+00 1.425000e+01
      vertex   3.040000e+01 7.066987e+00 1.425000e+01
      vertex   3.320000e+01 7.146447e+00 1.414645e+01
    endloop
  endfacet
  facet normal -2.515651e-16 -7.933533e-01 -6.087614e-01
    outer loop
      vertex   3.320000e+01 7.066987e+00 1.425000e+01
      vertex   3.320000e+01 7.146447e+00 1.414645e+01
      vertex   3.600000e+01 7.146447e+00 1.414645e+01
    endloop
  endfacet
  facet normal -1.931031e-16 -6.087614e-01 -7.933533e-01
    outer loop
      vertex   3.600000e+01 7.146447e+00 1.414645e+01
      vertex   3.320000e+01 7.146447e+00 1.414645e+01
      vertex   3.600000e+01 7.250000e+00 1.406699e+01
    endloop
  endfacet
  facet normal -6.964169e-16 -6.087614e-01 -7.933533e-01
    outer loop
      vertex   3.600000e+01 7.250000e+00 1.406699e+01
      vertex   3.320000e+01 7.146447e+00 1.414645e+01
      vertex   3.320000e+01 7.250000e+00 1.406699e+01
    endloop
  endfacet
  facet normal -7.075110e-16 -3.826834e-01 -9.238795e-01
    outer loop
      vertex   3.600000e+01 7.250000e+00 1.406699e+01
      vertex   3.320000e+01 7.250000e+00 1.406699e+01
      vertex   3.600000e+01 7.370590e+00 1.401704e+01
    endloop
  endfacet
  facet normal -0.000000e+00 -3.826834e-01 -9.238795e-01
    outer loop
      vertex   3.600000e+01 7.370590e+00 1.401704e+01
      vertex   3.320000e+01 7.250000e+00 1.406699e+01
      vertex   3.320000e+01 7.370590e+00 1.401704e+01
    endloop
  endfacet
  facet normal -5.031302e-16 -7.933533e-01 -6.087614e-01
    outer loop
      vertex   3.600000e+01 7.146447e+00 1.414645e+01
      vertex   3.600000e+01 7.066987e+00 1.425000e+01
      vertex   3.320000e+01 7.066987e+00 1.425000e+01
    endloop
  endfacet
  facet normal -5.861213e-16 -9.238795e-01 -3.826834e-01
    outer loop
      vertex   3.320000e+01 7.066987e+00 1.425000e+01
      vertex   3.600000e+01 7.066987e+00 1.425000e+01
      vertex   3.320000e+01 7.017037e+00 1.437059e+01
    endloop
  endfacet
  facet normal 0.000000e+00 -9.238795e-01 -3.826834e-01
    outer loop
      vertex   3.320000e+01 7.066987e+00 1.425000e+01
      vertex   3.320000e+01 7.017037e+00 1.437059e+01
      vertex   3.040000e+01 7.017037e+00 1.437059e+01
    endloop
  endfacet
  facet normal 0.000000e+00 -9.914449e-01 -1.305262e-01
    outer loop
      vertex   3.040000e+01 7.017037e+00 1.437059e+01
      vertex   3.320000e+01 7.017037e+00 1.437059e+01
      vertex   3.600000e+01 7.000000e+00 1.450000e+01
    endloop
  endfacet
  facet normal 0.000000e+00 -9.914449e-01 -1.305262e-01
    outer loop
      vertex   3.040000e+01 7.017037e+00 1.437059e+01
      vertex   3.600000e+01 7.000000e+00 1.450000e+01
      vertex   2.200000e+01 7.000000e+00 1.450000e+01
    endloop
  endfacet
  facet normal -5.861942e-16 -9.238795e-01 -3.826834e-01
    outer loop
      vertex   3.600000e+01 7.066987e+00 1.425000e+01
      vertex   3.600000e+01 7.017037e+00 1.437059e+01
      vertex   3.320000e+01 7.017037e+00 1.437059e+01
    endloop
  endfacet
  facet normal -6.289857e-16 -9.914449e-01 -1.305262e-01
    outer loop
      vertex   3.320000e+01 7.017037e+00 1.437059e+01
      vertex   3.600000e+01 7.017037e+00 1.437059e+01
      vertex   3.600000e+01 7.000000e+00 1.450000e+01
    endloop
  endfacet
  facet normal 5.031302e-16 -6.087614e-01 -7.933533e-01
    outer loop
      vertex   2.200000e+01 7.146447e+00 1.414645e+01
      vertex   2.200000e+01 7.250000e+00 1.406699e+01
      vertex   2.480000e+01 7.250000e+00 1.406699e+01
    endloop
  endfacet
  facet normal 5.861213e-16 -3.826834e-01 -9.238795e-01
    outer loop
      vertex   2.480000e+01 7.250000e+00 1.406699e+01
      vertex   2.200000e+01 7.250000e+00 1.406699e+01
      vertex   2.480000e+01 7.370590e+00 1.401704e+01
    endloop
  endfacet
  facet normal 0.000000e+00 -3.826834e-01 -9.238795e-01
    outer loop
      vertex   2.480000e+01 7.250000e+00 1.406699e+01
      vertex   2.480000e+01 7.370590e+00 1.401704e+01
      vertex   2.760000e+01 7.370590e+00 1.401704e+01
    endloop
  endfacet
  facet normal -0.000000e+00 -1.305262e-01 -9.914449e-01
    outer loop
      vertex   2.760000e+01 7.370590e+00 1.401704e+01
      vertex   2.480000e+01 7.370590e+00 1.401704e+01
      vertex   2.200000e+01 7.500000e+00 1.400000e+01
    endloop
  endfacet
  facet normal -8.306395e-18 -1.305262e-01 -9.914449e-01
    outer loop
      vertex   2.760000e+01 7.370590e+00 1.401704e+01
      vertex   2.200000e+01 7.500000e+00 1.400000e+01
      vertex   3.600000e+01 7.500000e+00 1.400000e+01
    endloop
  endfacet
  facet normal 5.861942e-16 -3.826834e-01 -9.238795e-01
    outer loop
      vertex   2.200000e+01 7.250000e+00 1.406699e+01
      vertex   2.200000e+01 7.370590e+00 1.401704e+01
      vertex   2.480000e+01 7.370590e+00 1.401704e+01
    endloop
  endfacet
  facet normal 6.289857e-16 -1.305262e-01 -9.914449e-01
    outer loop
      vertex   2.480000e+01 7.370590e+00 1.401704e+01
      vertex   2.200000e+01 7.370590e+00 1.401704e+01
      vertex   2.200000e+01 7.500000e+00 1.400000e+01
    endloop
  endfacet
  facet normal -1.213897e-16 -3.826834e-01 -9.238795e-01
    outer loop
      vertex   3.040000e+01 7.370590e+00 1.401704e+01
      vertex   3.320000e+01 7.370590e+00 1.401704e+01
      vertex   3.040000e+01 7.250000e+00 1.406699e+01
    endloop
  endfacet
  facet normal 0.000000e+00 -3.826834e-01 -9.238795e-01
    outer loop
      vertex   3.040000e+01 7.250000e+00 1.406699e+01
      vertex   3.320000e+01 7.370590e+00 1.401704e+01
      vertex   3.320000e+01 7.250000e+00 1.406699e+01
    endloop
  endfacet
  facet normal 0.000000e+00 -6.087614e-01 -7.933533e-01
    outer loop
      vertex   3.040000e+01 7.250000e+00 1.406699e+01
      vertex   3.320000e+01 7.250000e+00 1.406699e+01
      vertex   3.040000e+01 7.146447e+00 1.414645e+01
    endloop
  endfacet
  facet normal 0.000000e+00 -6.087614e-01 -7.933533e-01
    outer loop
      vertex   3.040000e+01 7.146447e+00 1.414645e+01
      vertex   3.320000e+01 7.250000e+00 1.406699e+01
      vertex   3.320000e+01 7.146447e+00 1.414645e+01
    endloop
  endfacet
  facet normal 0.000000e+00 -7.933533e-01 -6.087614e-01
    outer loop
      vertex   3.040000e+01 7.146447e+00 1.414645e+01
      vertex   3.320000e+01 7.146447e+00 1.414645e+01
      vertex   3.040000e+01 7.066987e+00 1.425000e+01
    endloop
  endfacet
  facet normal 0.000000e+00 -3.826834e-01 -9.238795e-01
    outer loop
      vertex   3.040000e+01 7.370590e+00 1.401704e+01
      vertex   3.040000e+01 7.250000e+00 1.406699e+01
      vertex   2.760000e+01 7.250000e+00 1.406699e+01
    endloop
  endfacet
  facet normal 0.000000e+00 -6.087614e-01 -7.933533e-01
    outer loop
      vertex   2.760000e+01 7.250000e+00 1.406699e+01
      vertex   3.040000e+01 7.250000e+00 1.406699e+01
      vertex   2.760000e+01 7.146447e+00 1.414645e+01
    endloop
  endfacet
  facet normal 0.000000e+00 -6.087614e-01 -7.933533e-01
    outer loop
      vertex   2.760000e+01 7.250000e+00 1.406699e+01
      vertex   2.760000e+01 7.146447e+00 1.414645e+01
      vertex   2.480000e+01 7.146447e+00 1.414645e+01
    endloop
  endfacet
  facet normal 0.000000e+00 -7.933533e-01 -6.087614e-01
    outer loop
      vertex   2.480000e+01 7.146447e+00 1.414645e+01
      vertex   2.760000e+01 7.146447e+00 1.414645e+01
      vertex   2.480000e+01 7.066987e+00 1.425000e+01
    endloop
  endfacet
  facet normal 0.000000e+00 -6.087614e-01 -7.933533e-01
    outer loop
      vertex   2.760000e+01 7.146447e+00 1.414645e+01
      vertex   3.040000e+01 7.250000e+00 1.406699e+01
      vertex   3.040000e+01 7.146447e+00 1.414645e+01
    endloop
  endfacet
  facet normal 0.000000e+00 -7.933533e-01 -6.087614e-01
    outer loop
      vertex   2.760000e+01 7.146447e+00 1.414645e+01
      vertex   3.040000e+01 7.146447e+00 1.414645e+01
      vertex   2.760000e+01 7.066987e+00 1.425000e+01
    endloop
  endfacet
  facet normal -2.516569e-16 -7.933533e-01 -6.087614e-01
    outer loop
      vertex   2.760000e+01 7.066987e+00 1.425000e+01
      vertex   3.040000e+01 7.146447e+00 1.414645e+01
      vertex   3.040000e+01 7.066987e+00 1.425000e+01
    endloop
  endfacet
  facet normal -2.930607e-16 -9.238795e-01 -3.826834e-01
    outer loop
      vertex   2.760000e+01 7.066987e+00 1.425000e+01
      vertex   3.040000e+01 7.066987e+00 1.425000e+01
      vertex   2.760000e+01 7.017037e+00 1.437059e+01
    endloop
  endfacet
  facet normal 0.000000e+00 -9.238795e-01 -3.826834e-01
    outer loop
      vertex   2.480000e+01 7.017037e+00 1.437059e+01
      vertex   2.480000e+01 7.066987e+00 1.425000e+01
      vertex   2.760000e+01 7.066987e+00 1.425000e+01
    endloop
  endfacet
  facet normal -0.000000e+00 -7.933533e-01 -6.087614e-01
    outer loop
      vertex   2.760000e+01 7.066987e+00 1.425000e+01
      vertex   2.480000e+01 7.066987e+00 1.425000e+01
      vertex   2.760000e+01 7.146447e+00 1.414645e+01
    endloop
  endfacet
  facet normal 0.000000e+00 -9.238795e-01 -3.826834e-01
    outer loop
      vertex   2.480000e+01 7.017037e+00 1.437059e+01
      vertex   2.760000e+01 7.066987e+00 1.425000e+01
      vertex   2.760000e+01 7.017037e+00 1.437059e+01
    endloop
  endfacet
  facet normal -1.000000e+00 0.000000e+00 0.000000e+00
    outer loop
      vertex   2.000000e+01 3.955481e+01 4.706396e+01
      vertex   2.000000e+01 3.965000e+01 4.800000e+01
      vertex   2.000000e+01 6.100000e+01 1.450000e+01
    endloop
  endfacet
  facet normal -1.000000e+00 0.000000e+00 0.000000e+00
    outer loop
      vertex   2.000000e+01 6.100000e+01 1.450000e+01
      vertex   2.000000e+01 3.965000e+01 4.800000e+01
      vertex   2.000000e+01 3.955481e+01 4.893604e+01
    endloop
  endfacet
  facet normal -1.000000e+00 0.000000e+00 0.000000e+00
    outer loop
      vertex   2.000000e+01 6.100000e+01 1.450000e+01
      vertex   2.000000e+01 3.955481e+01 4.893604e+01
      vertex   2.000000e+01 6.100000e+01 1.500000e+02
    endloop
  endfacet
  facet normal -1.000000e+00 0.000000e+00 0.000000e+00
    outer loop
      vertex   2.000000e+01 6.100000e+01 1.500000e+02
      vertex   2.000000e+01 3.955481e+01 4.893604e+01
      vertex   2.000000e+01 3.927315e+01 4.983375e+01
    endloop
  endfacet
  facet normal -1.000000e+00 0.000000e+00 0.000000e+00
    outer loop
      vertex   2.000000e+01 6.100000e+01 1.500000e+02
      vertex   2.000000e+01 3.927315e+01 4.983375e+01
      vertex   2.000000e+01 3.881655e+01 5.065640e+01
    endloop
  endfacet
  facet normal -1.000000e+00 0.000000e+00 0.000000e+00
    outer loop
      vertex   2.000000e+01 3.881655e+01 5.065640e+01
      vertex   2.000000e+01 3.820370e+01 5.137029e+01
      vertex   2.000000e+01 6.100000e+01 1.500000e+02
    endloop
  endfacet
  facet normal -1.000000e+00 0.000000e+00 0.000000e+00
    outer loop
      vertex   2.000000e+01 6.100000e+01 1.500000e+02
      vertex   2.000000e+01 3.820370e+01 5.137029e+01
      vertex   2.000000e+01 3.745968e+01 5.194620e+01
    endloop
  endfacet
  facet normal -1.000000e+00 0.000000e+00 0.000000e+00
    outer loop
      vertex   2.000000e+01 6.100000e+01 1.500000e+02
      vertex   2.000000e+01 3.745968e+01 5.194620e+01
      vertex   2.000000e+01 3.661497e+01 5.236055e+01
    endloop
  endfacet
  facet normal -1.000000e+00 0.000000e+00 0.000000e+00
    outer loop
      vertex   2.000000e+01 3.661497e+01 5.236055e+01
      vertex   2.000000e+01 3.570414e+01 5.259638e+01
      vertex   2.000000e+01 6.100000e+01 1.500000e+02
    endloop
  endfacet
  facet normal -1.000000e+00 0.000000e+00 0.000000e+00
    outer loop
      vertex   2.000000e+01 6.100000e+01 1.500000e+02
      vertex   2.000000e+01 3.570414e+01 5.259638e+01
      vertex   2.000000e+01 3.476448e+01 5.264403e+01
    endloop
  endfacet
  facet normal -1.000000e+00 -0.000000e+00 0.000000e+00
    outer loop
      vertex   2.000000e+01 6.100000e+01 1.500000e+02
      vertex   2.000000e+01 3.476448e+01 5.264403e+01
      vertex   2.000000e+01 9.000000e+00 1.500000e+02
    endloop
  endfacet
  facet normal -1.000000e+00 0.000000e+00 0.000000e+00
    outer loop
      vertex   2.000000e+01 9.000000e+00 1.500000e+02
      vertex   2.000000e+01 3.476448e+01 5.264403e+01
      vertex   2.000000e+01 3.383447e+01 5.250156e+01
    endloop
  endfacet
  facet normal -1.000000e+00 0.000000e+00 0.000000e+00
    outer loop
      vertex   2.000000e+01 9.000000e+00 1.500000e+02
      vertex   2.000000e+01 3.383447e+01 5.250156e+01
      vertex   2.000000e+01 3.295217e+01 5.217479e+01
    endloop
  endfacet
  facet normal -1.000000e+00 -0.000000e+00 0.000000e+00
    outer loop
      vertex   2.000000e+01 3.295217e+01 5.217479e+01
      vertex   2.000000e+01 3.215371e+01 5.167711e+01
      vertex   2.000000e+01 9.000000e+00 1.500000e+02
    endloop
  endfacet
  facet normal -1.000000e+00 0.000000e+00 0.000000e+00
    outer loop
      vertex   2.000000e+01 9.000000e+00 1.500000e+02
      vertex   2.000000e+01 3.215371e+01 5.167711e+01
      vertex   2.000000e+01 3.147177e+01 5.102888e+01
    endloop
  endfacet
  facet normal -1.000000e+00 0.000000e+00 0.000000e+00
    outer loop
      vertex   2.000000e+01 9.000000e+00 1.500000e+02
      vertex   2.000000e+01 3.147177e+01 5.102888e+01
      vertex   2.000000e+01 3.093429e+01 5.025665e+01
    endloop
  endfacet
  facet normal -1.000000e+00 -0.000000e+00 0.000000e+00
    outer loop
      vertex   2.000000e+01 3.093429e+01 5.025665e+01
      vertex   2.000000e+01 3.056325e+01 4.939204e+01
      vertex   2.000000e+01 9.000000e+00 1.500000e+02
    endloop
  endfacet
  facet normal -1.000000e+00 0.000000e+00 0.000000e+00
    outer loop
      vertex   2.000000e+01 9.000000e+00 1.500000e+02
      vertex   2.000000e+01 3.056325e+01 4.939204e+01
      vertex   2.000000e+01 9.000000e+00 1.450000e+01
    endloop
  endfacet
  facet normal -1.000000e+00 0.000000e+00 0.000000e+00
    outer loop
      vertex   2.000000e+01 9.000000e+00 1.450000e+01
      vertex   2.000000e+01 3.056325e+01 4.939204e+01
      vertex   2.000000e+01 3.037386e+01 4.847043e+01
    endloop
  endfacet
  facet normal -1.000000e+00 0.000000e+00 0.000000e+00
    outer loop
      vertex   2.000000e+01 9.000000e+00 1.450000e+01
      vertex   2.000000e+01 3.037386e+01 4.847043e+01
      vertex   2.000000e+01 3.037386e+01 4.752957e+01
    endloop
  endfacet
  facet normal -1.000000e+00 0.000000e+00 -0.000000e+00
    outer loop
      vertex   2.000000e+01 3.037386e+01 4.752957e+01
      vertex   2.000000e+01 3.056325e+01 4.660796e+01
      vertex   2.000000e+01 9.000000e+00 1.450000e+01
    endloop
  endfacet
  facet normal -1.000000e+00 0.000000e+00 0.000000e+00
    outer loop
      vertex   2.000000e+01 9.000000e+00 1.450000e+01
      vertex   2.000000e+01 3.056325e+01 4.660796e+01
      vertex   2.000000e+01 3.093429e+01 4.574335e+01
    endloop
  endfacet
  facet normal -1.000000e+00 0.000000e+00 0.000000e+00
    outer loop
      vertex   2.000000e+01 9.000000e+00 1.450000e+01
      vertex   2.000000e+01 3.093429e+01 4.574335e+01
      vertex   2.000000e+01 3.147177e+01 4.497112e+01
    endloop
  endfacet
  facet normal -1.000000e+00 0.000000e+00 -0.000000e+00
    outer loop
      vertex   2.000000e+01 3.147177e+01 4.497112e+01
      vertex   2.000000e+01 3.215371e+01 4.432289e+01
      vertex   2.000000e+01 9.000000e+00 1.450000e+01
    endloop
  endfacet
  facet normal -1.000000e+00 0.000000e+00 0.000000e+00
    outer loop
      vertex   2.000000e+01 9.000000e+00 1.450000e+01
      vertex   2.000000e+01 3.215371e+01 4.432289e+01
      vertex   2.000000e+01 3.295217e+01 4.382521e+01
    endloop
  endfacet
  facet normal -1.000000e+00 0.000000e+00 0.000000e+00
    outer loop
      vertex   2.000000e+01 9.000000e+00 1.450000e+01
      vertex   2.000000e+01 3.295217e+01 4.382521e+01
      vertex   2.000000e+01 3.383447e+01 4.349844e+01
    endloop
  endfacet
  facet normal -1.000000e+00 0.000000e+00 -0.000000e+00
    outer loop
      vertex   2.000000e+01 3.383447e+01 4.349844e+01
      vertex   2.000000e+01 3.476448e+01 4.335597e+01
      vertex   2.000000e+01 9.000000e+00 1.450000e+01
    endloop
  endfacet
  facet normal -1.000000e+00 0.000000e+00 0.000000e+00
    outer loop
      vertex   2.000000e+01 9.000000e+00 1.450000e+01
      vertex   2.000000e+01 3.476448e+01 4.335597e+01
      vertex   2.000000e+01 6.100000e+01 1.450000e+01
    endloop
  endfacet
  facet normal -1.000000e+00 0.000000e+00 0.000000e+00
    outer loop
      vertex   2.000000e+01 6.100000e+01 1.450000e+01
      vertex   2.000000e+01 3.476448e+01 4.335597e+01
      vertex   2.000000e+01 3.570414e+01 4.340362e+01
    endloop
  endfacet
  facet normal -1.000000e+00 0.000000e+00 0.000000e+00
    outer loop
      vertex   2.000000e+01 6.100000e+01 1.450000e+01
      vertex   2.000000e+01 3.570414e+01 4.340362e+01
      vertex   2.000000e+01 3.661497e+01 4.363945e+01
    endloop
  endfacet
  facet normal -1.000000e+00 0.000000e+00 0.000000e+00
    outer loop
      vertex   2.000000e+01 3.661497e+01 4.363945e+01
      vertex   2.000000e+01 3.745968e+01 4.405380e+01
      vertex   2.000000e+01 6.100000e+01 1.450000e+01
    endloop
  endfacet
  facet normal -1.000000e+00 0.000000e+00 0.000000e+00
    outer loop
      vertex   2.000000e+01 6.100000e+01 1.450000e+01
      vertex   2.000000e+01 3.745968e+01 4.405380e+01
      vertex   2.000000e+01 3.820370e+01 4.462971e+01
    endloop
  endfacet
  facet normal -1.000000e+00 0.000000e+00 0.000000e+00
    outer loop
      vertex   2.000000e+01 6.100000e+01 1.450000e+01
      vertex   2.000000e+01 3.820370e+01 4.462971e+01
      vertex   2.000000e+01 3.881655e+01 4.534360e+01
    endloop
  endfacet
  facet normal -1.000000e+00 0.000000e+00 0.000000e+00
    outer loop
      vertex   2.000000e+01 3.881655e+01 4.534360e+01
      vertex   2.000000e+01 3.927315e+01 4.616625e+01
      vertex   2.000000e+01 6.100000e+01 1.450000e+01
    endloop
  endfacet
  facet normal -1.000000e+00 0.000000e+00 0.000000e+00
    outer loop
      vertex   2.000000e+01 6.100000e+01 1.450000e+01
      vertex   2.000000e+01 3.927315e+01 4.616625e+01
      vertex   2.000000e+01 3.955481e+01 4.706396e+01
    endloop
  endfacet
  facet normal -9.914449e-01 -1.305262e-01 0.000000e+00
    outer loop
      vertex   2.006815e+01 8.482362e+00 1.450000e+01
      vertex   2.006815e+01 8.482362e+00 2.579167e+01
      vertex   2.000000e+01 9.000000e+00 1.450000e+01
    endloop
  endfacet
  facet normal -9.914449e-01 -1.305262e-01 0.000000e+00
    outer loop
      vertex   2.000000e+01 9.000000e+00 1.450000e+01
      vertex   2.006815e+01 8.482362e+00 2.579167e+01
      vertex   2.006815e+01 8.482362e+00 3.708333e+01
    endloop
  endfacet
  facet normal -9.914449e-01 -1.305262e-01 0.000000e+00
    outer loop
      vertex   2.000000e+01 9.000000e+00 1.450000e+01
      vertex   2.006815e+01 8.482362e+00 3.708333e+01
      vertex   2.006815e+01 8.482362e+00 4.837500e+01
    endloop
  endfacet
  facet normal -9.238795e-01 -3.826834e-01 -0.000000e+00
    outer loop
      vertex   2.006815e+01 8.482362e+00 4.837500e+01
      vertex   2.006815e+01 8.482362e+00 3.708333e+01
      vertex   2.026795e+01 8.000000e+00 4.837500e+01
    endloop
  endfacet
  facet normal -9.238795e-01 -3.826834e-01 0.000000e+00
    outer loop
      vertex   2.006815e+01 8.482362e+00 4.837500e+01
      vertex   2.026795e+01 8.000000e+00 4.837500e+01
      vertex   2.026795e+01 8.000000e+00 5.966667e+01
    endloop
  endfacet
  facet normal -7.933533e-01 -6.087614e-01 -0.000000e+00
    outer loop
      vertex   2.026795e+01 8.000000e+00 5.966667e+01
      vertex   2.026795e+01 8.000000e+00 4.837500e+01
      vertex   2.058579e+01 7.585786e+00 5.966667e+01
    endloop
  endfacet
  facet normal -7.933533e-01 -6.087614e-01 4.707979e-17
    outer loop
      vertex   2.026795e+01 8.000000e+00 5.966667e+01
      vertex   2.058579e+01 7.585786e+00 5.966667e+01
      vertex   2.058579e+01 7.585786e+00 7.095833e+01
    endloop
  endfacet
  facet normal -6.087614e-01 -7.933533e-01 6.240348e-17
    outer loop
      vertex   2.058579e+01 7.585786e+00 7.095833e+01
      vertex   2.058579e+01 7.585786e+00 5.966667e+01
      vertex   2.100000e+01 7.267949e+00 7.095833e+01
    endloop
  endfacet
  facet normal -6.087614e-01 -7.933533e-01 0.000000e+00
    outer loop
      vertex   2.058579e+01 7.585786e+00 7.095833e+01
      vertex   2.100000e+01 7.267949e+00 7.095833e+01
      vertex   2.100000e+01 7.267949e+00 8.225000e+01
    endloop
  endfacet
  facet normal -3.826834e-01 -9.238795e-01 -0.000000e+00
    outer loop
      vertex   2.100000e+01 7.267949e+00 8.225000e+01
      vertex   2.100000e+01 7.267949e+00 7.095833e+01
      vertex   2.148236e+01 7.068148e+00 8.225000e+01
    endloop
  endfacet
  facet normal -3.826834e-01 -9.238795e-01 7.297368e-17
    outer loop
      vertex   2.100000e+01 7.267949e+00 8.225000e+01
      vertex   2.148236e+01 7.068148e+00 8.225000e+01
      vertex   2.148236e+01 7.068148e+00 9.354167e+01
    endloop
  endfacet
  facet normal -1.305262e-01 -9.914449e-01 7.798494e-17
    outer loop
      vertex   2.148236e+01 7.068148e+00 9.354167e+01
      vertex   2.148236e+01 7.068148e+00 8.225000e+01
      vertex   2.200000e+01 7.000000e+00 1.500000e+02
    endloop
  endfacet
  facet normal -1.305262e-01 -9.914449e-01 0.000000e+00
    outer loop
      vertex   2.148236e+01 7.068148e+00 9.354167e+01
      vertex   2.200000e+01 7.000000e+00 1.500000e+02
      vertex   2.148236e+01 7.068148e+00 1.048333e+02
    endloop
  endfacet
  facet normal -1.305262e-01 -9.914449e-01 -4.106765e-17
    outer loop
      vertex   2.148236e+01 7.068148e+00 1.048333e+02
      vertex   2.200000e+01 7.000000e+00 1.500000e+02
      vertex   2.148236e+01 7.068148e+00 1.161250e+02
    endloop
  endfacet
  facet normal -3.826834e-01 -9.238795e-01 -1.204043e-16
    outer loop
      vertex   2.148236e+01 7.068148e+00 1.048333e+02
      vertex   2.148236e+01 7.068148e+00 1.161250e+02
      vertex   2.100000e+01 7.267949e+00 1.048333e+02
    endloop
  endfacet
  facet normal -3.826834e-01 -9.238795e-01 1.453408e-16
    outer loop
      vertex   2.100000e+01 7.267949e+00 1.048333e+02
      vertex   2.148236e+01 7.068148e+00 1.161250e+02
      vertex   2.100000e+01 7.267949e+00 1.161250e+02
    endloop
  endfacet
  facet normal -6.087614e-01 -7.933533e-01 1.248070e-16
    outer loop
      vertex   2.100000e+01 7.267949e+00 1.048333e+02
      vertex   2.100000e+01 7.267949e+00 1.161250e+02
      vertex   2.058579e+01 7.585786e+00 1.048333e+02
    endloop
  endfacet
  facet normal -6.087614e-01 -7.933533e-01 0.000000e+00
    outer loop
      vertex   2.058579e+01 7.585786e+00 1.048333e+02
      vertex   2.100000e+01 7.267949e+00 1.161250e+02
      vertex   2.058579e+01 7.585786e+00 1.161250e+02
    endloop
  endfacet
  facet normal -7.933533e-01 -6.087614e-01 0.000000e+00
    outer loop
      vertex   2.058579e+01 7.585786e+00 1.048333e+02
      vertex   2.058579e+01 7.585786e+00 1.161250e+02
      vertex   2.026795e+01 8.000000e+00 1.048333e+02
    endloop
  endfacet
  facet normal -7.933533e-01 -6.087614e-01 0.000000e+00
    outer loop
      vertex   2.026795e+01 8.000000e+00 1.048333e+02
      vertex   2.058579e+01 7.585786e+00 1.161250e+02
      vertex   2.026795e+01 8.000000e+00 1.161250e+02
    endloop
  endfacet
  facet normal -9.238795e-01 -3.826834e-01 0.000000e+00
    outer loop
      vertex   2.026795e+01 8.000000e+00 1.048333e+02
      vertex   2.026795e+01 8.000000e+00 1.161250e+02
      vertex   2.006815e+01 8.482362e+00 1.048333e+02
    endloop
  endfacet
  facet normal -9.238795e-01 -3.826834e-01 0.000000e+00
    outer loop
      vertex   2.006815e+01 8.482362e+00 1.048333e+02
      vertex   2.026795e+01 8.000000e+00 1.161250e+02
      vertex   2.006815e+01 8.482362e+00 1.161250e+02
    endloop
  endfacet
  facet normal -9.914449e-01 -1.305262e-01 0.000000e+00
    outer loop
      vertex   2.006815e+01 8.482362e+00 1.048333e+02
      vertex   2.006815e+01 8.482362e+00 1.161250e+02
      vertex   2.000000e+01 9.000000e+00 1.500000e+02
    endloop
  endfacet
  facet normal -9.914449e-01 -1.305262e-01 0.000000e+00
    outer loop
      vertex   2.000000e+01 9.000000e+00 1.500000e+02
      vertex   2.006815e+01 8.482362e+00 1.161250e+02
      vertex   2.006815e+01 8.482362e+00 1.274167e+02
    endloop
  endfacet
  facet normal -9.914449e-01 -1.305262e-01 0.000000e+00
    outer loop
      vertex   2.000000e+01 9.000000e+00 1.500000e+02
      vertex   2.006815e+01 8.482362e+00 1.274167e+02
      vertex   2.006815e+01 8.482362e+00 1.387083e+02
    endloop
  endfacet
  facet normal -9.238795e-01 -3.826834e-01 -0.000000e+00
    outer loop
      vertex   2.006815e+01 8.482362e+00 1.387083e+02
      vertex   2.006815e+01 8.482362e+00 1.274167e+02
      vertex   2.026795e+01 8.000000e+00 1.387083e+02
    endloop
  endfacet
  facet normal -9.238795e-01 -3.826834e-01 -6.120373e-17
    outer loop
      vertex   2.006815e+01 8.482362e+00 1.387083e+02
      vertex   2.026795e+01 8.000000e+00 1.387083e+02
      vertex   2.026795e+01 8.000000e+00 1.500000e+02
    endloop
  endfacet
  facet normal -7.933533e-01 -6.087614e-01 -9.576775e-17
    outer loop
      vertex   2.026795e+01 8.000000e+00 1.500000e+02
      vertex   2.026795e+01 8.000000e+00 1.387083e+02
      vertex   2.058579e+01 7.585786e+00 1.500000e+02
    endloop
  endfacet
  facet normal -7.933533e-01 -6.087614e-01 -4.788388e-17
    outer loop
      vertex   2.058579e+01 7.585786e+00 1.500000e+02
      vertex   2.026795e+01 8.000000e+00 1.387083e+02
      vertex   2.058579e+01 7.585786e+00 1.387083e+02
    endloop
  endfacet
  facet normal -6.087614e-01 -7.933533e-01 -6.240348e-17
    outer loop
      vertex   2.058579e+01 7.585786e+00 1.500000e+02
      vertex   2.058579e+01 7.585786e+00 1.387083e+02
      vertex   2.100000e+01 7.267949e+00 1.500000e+02
    endloop
  endfacet
  facet normal -6.087614e-01 -7.933533e-01 -1.872104e-16
    outer loop
      vertex   2.100000e+01 7.267949e+00 1.500000e+02
      vertex   2.058579e+01 7.585786e+00 1.387083e+02
      vertex   2.100000e+01 7.267949e+00 1.387083e+02
    endloop
  endfacet
  facet normal -3.826834e-01 -9.238795e-01 -2.180112e-16
    outer loop
      vertex   2.100000e+01 7.267949e+00 1.500000e+02
      vertex   2.100000e+01 7.267949e+00 1.387083e+02
      vertex   2.148236e+01 7.068148e+00 1.500000e+02
    endloop
  endfacet
  facet normal -3.826834e-01 -9.238795e-01 7.267039e-17
    outer loop
      vertex   2.148236e+01 7.068148e+00 1.500000e+02
      vertex   2.100000e+01 7.267949e+00 1.387083e+02
      vertex   2.148236e+01 7.068148e+00 1.387083e+02
    endloop
  endfacet
  facet normal -1.305262e-01 -9.914449e-01 7.798494e-17
    outer loop
      vertex   2.148236e+01 7.068148e+00 1.500000e+02
      vertex   2.148236e+01 7.068148e+00 1.387083e+02
      vertex   2.200000e+01 7.000000e+00 1.500000e+02
    endloop
  endfacet
  facet normal -1.305262e-01 -9.914449e-01 0.000000e+00
    outer loop
      vertex   2.200000e+01 7.000000e+00 1.500000e+02
      vertex   2.148236e+01 7.068148e+00 1.387083e+02
      vertex   2.148236e+01 7.068148e+00 1.274167e+02
    endloop
  endfacet
  facet normal -1.305262e-01 -9.914449e-01 7.885865e-17
    outer loop
      vertex   2.200000e+01 7.000000e+00 1.500000e+02
      vertex   2.148236e+01 7.068148e+00 1.274167e+02
      vertex   2.148236e+01 7.068148e+00 1.161250e+02
    endloop
  endfacet
  facet normal -3.826834e-01 -9.238795e-01 7.267039e-17
    outer loop
      vertex   2.148236e+01 7.068148e+00 1.161250e+02
      vertex   2.148236e+01 7.068148e+00 1.274167e+02
      vertex   2.100000e+01 7.267949e+00 1.161250e+02
    endloop
  endfacet
  facet normal -9.238795e-01 -3.826834e-01 -0.000000e+00
    outer loop
      vertex   2.006815e+01 8.482362e+00 2.579167e+01
      vertex   2.006815e+01 8.482362e+00 1.450000e+01
      vertex   2.026795e+01 8.000000e+00 2.579167e+01
    endloop
  endfacet
  facet normal -9.238795e-01 -3.826834e-01 -0.000000e+00
    outer loop
      vertex   2.026795e+01 8.000000e+00 2.579167e+01
      vertex   2.006815e+01 8.482362e+00 1.450000e+01
      vertex   2.026795e+01 8.000000e+00 1.450000e+01
    endloop
  endfacet
  facet normal -7.933533e-01 -6.087614e-01 -0.000000e+00
    outer loop
      vertex   2.026795e+01 8.000000e+00 2.579167e+01
      vertex   2.026795e+01 8.000000e+00 1.450000e+01
      vertex   2.058579e+01 7.585786e+00 2.579167e+01
    endloop
  endfacet
  facet normal -7.933533e-01 -6.087614e-01 9.576775e-17
    outer loop
      vertex   2.058579e+01 7.585786e+00 2.579167e+01
      vertex   2.026795e+01 8.000000e+00 1.450000e+01
      vertex   2.058579e+01 7.585786e+00 1.450000e+01
    endloop
  endfacet
  facet normal -6.087614e-01 -7.933533e-01 1.248070e-16
    outer loop
      vertex   2.058579e+01 7.585786e+00 2.579167e+01
      vertex   2.058579e+01 7.585786e+00 1.450000e+01
      vertex   2.100000e+01 7.267949e+00 2.579167e+01
    endloop
  endfacet
  facet normal -6.087614e-01 -7.933533e-01 -0.000000e+00
    outer loop
      vertex   2.100000e+01 7.267949e+00 2.579167e+01
      vertex   2.058579e+01 7.585786e+00 1.450000e+01
      vertex   2.100000e+01 7.267949e+00 1.450000e+01
    endloop
  endfacet
  facet normal -3.826834e-01 -9.238795e-01 -0.000000e+00
    outer loop
      vertex   2.100000e+01 7.267949e+00 2.579167e+01
      vertex   2.100000e+01 7.267949e+00 1.450000e+01
      vertex   2.148236e+01 7.068148e+00 2.579167e+01
    endloop
  endfacet
  facet normal -3.826834e-01 -9.238795e-01 1.453408e-16
    outer loop
      vertex   2.148236e+01 7.068148e+00 2.579167e+01
      vertex   2.100000e+01 7.267949e+00 1.450000e+01
      vertex   2.148236e+01 7.068148e+00 1.450000e+01
    endloop
  endfacet
  facet normal -1.305262e-01 -9.914449e-01 1.559699e-16
    outer loop
      vertex   2.148236e+01 7.068148e+00 2.579167e+01
      vertex   2.148236e+01 7.068148e+00 1.450000e+01
      vertex   2.200000e+01 7.000000e+00 1.450000e+01
    endloop
  endfacet
  facet normal -1.305262e-01 -9.914449e-01 -1.676566e-17
    outer loop
      vertex   2.200000e+01 7.000000e+00 1.500000e+02
      vertex   2.148236e+01 7.068148e+00 8.225000e+01
      vertex   2.200000e+01 7.000000e+00 1.450000e+01
    endloop
  endfacet
  facet normal -1.305262e-01 -9.914449e-01 0.000000e+00
    outer loop
      vertex   2.200000e+01 7.000000e+00 1.450000e+01
      vertex   2.148236e+01 7.068148e+00 8.225000e+01
      vertex   2.148236e+01 7.068148e+00 7.095833e+01
    endloop
  endfacet
  facet normal -1.305262e-01 -9.914449e-01 0.000000e+00
    outer loop
      vertex   2.200000e+01 7.000000e+00 1.450000e+01
      vertex   2.148236e+01 7.068148e+00 7.095833e+01
      vertex   2.148236e+01 7.068148e+00 5.966667e+01
    endloop
  endfacet
  facet normal -3.826834e-01 -9.238795e-01 0.000000e+00
    outer loop
      vertex   2.148236e+01 7.068148e+00 5.966667e+01
      vertex   2.148236e+01 7.068148e+00 7.095833e+01
      vertex   2.100000e+01 7.267949e+00 5.966667e+01
    endloop
  endfacet
  facet normal -3.826834e-01 -9.238795e-01 -2.401069e-16
    outer loop
      vertex   2.148236e+01 7.068148e+00 5.966667e+01
      vertex   2.100000e+01 7.267949e+00 5.966667e+01
      vertex   2.100000e+01 7.267949e+00 4.837500e+01
    endloop
  endfacet
  facet normal -6.087614e-01 -7.933533e-01 -3.830710e-16
    outer loop
      vertex   2.100000e+01 7.267949e+00 4.837500e+01
      vertex   2.100000e+01 7.267949e+00 5.966667e+01
      vertex   2.058579e+01 7.585786e+00 4.837500e+01
    endloop
  endfacet
  facet normal -6.087614e-01 -7.933533e-01 6.120373e-17
    outer loop
      vertex   2.100000e+01 7.267949e+00 4.837500e+01
      vertex   2.058579e+01 7.585786e+00 4.837500e+01
      vertex   2.058579e+01 7.585786e+00 3.708333e+01
    endloop
  endfacet
  facet normal -7.933533e-01 -6.087614e-01 4.788388e-17
    outer loop
      vertex   2.058579e+01 7.585786e+00 3.708333e+01
      vertex   2.058579e+01 7.585786e+00 4.837500e+01
      vertex   2.026795e+01 8.000000e+00 3.708333e+01
    endloop
  endfacet
  facet normal -7.933533e-01 -6.087614e-01 0.000000e+00
    outer loop
      vertex   2.058579e+01 7.585786e+00 3.708333e+01
      vertex   2.026795e+01 8.000000e+00 3.708333e+01
      vertex   2.026795e+01 8.000000e+00 2.579167e+01
    endloop
  endfacet
  facet normal -9.238795e-01 -3.826834e-01 0.000000e+00
    outer loop
      vertex   2.026795e+01 8.000000e+00 2.579167e+01
      vertex   2.026795e+01 8.000000e+00 3.708333e+01
      vertex   2.006815e+01 8.482362e+00 2.579167e+01
    endloop
  endfacet
  facet normal -9.238795e-01 -3.826834e-01 0.000000e+00
    outer loop
      vertex   2.026795e+01 8.000000e+00 1.500000e+02
      vertex   2.006815e+01 8.482362e+00 1.500000e+02
      vertex   2.006815e+01 8.482362e+00 1.387083e+02
    endloop
  endfacet
  facet normal -9.914449e-01 -1.305262e-01 0.000000e+00
    outer loop
      vertex   2.006815e+01 8.482362e+00 1.387083e+02
      vertex   2.006815e+01 8.482362e+00 1.500000e+02
      vertex   2.000000e+01 9.000000e+00 1.500000e+02
    endloop
  endfacet
  facet normal -9.914449e-01 -1.305262e-01 0.000000e+00
    outer loop
      vertex   2.000000e+01 9.000000e+00 1.450000e+01
      vertex   2.006815e+01 8.482362e+00 8.225000e+01
      vertex   2.000000e+01 9.000000e+00 1.500000e+02
    endloop
  endfacet
  facet normal -9.914449e-01 -1.305262e-01 0.000000e+00
    outer loop
      vertex   2.000000e+01 9.000000e+00 1.500000e+02
      vertex   2.006815e+01 8.482362e+00 8.225000e+01
      vertex   2.006815e+01 8.482362e+00 9.354167e+01
    endloop
  endfacet
  facet normal -9.914449e-01 -1.305262e-01 0.000000e+00
    outer loop
      vertex   2.000000e+01 9.000000e+00 1.500000e+02
      vertex   2.006815e+01 8.482362e+00 9.354167e+01
      vertex   2.006815e+01 8.482362e+00 1.048333e+02
    endloop
  endfacet
  facet normal -9.238795e-01 -3.826834e-01 -0.000000e+00
    outer loop
      vertex   2.006815e+01 8.482362e+00 1.048333e+02
      vertex   2.006815e+01 8.482362e+00 9.354167e+01
      vertex   2.026795e+01 8.000000e+00 1.048333e+02
    endloop
  endfacet
  facet normal -9.238795e-01 -3.826834e-01 6.020213e-17
    outer loop
      vertex   2.026795e+01 8.000000e+00 4.837500e+01
      vertex   2.006815e+01 8.482362e+00 3.708333e+01
      vertex   2.026795e+01 8.000000e+00 3.708333e+01
    endloop
  endfacet
  facet normal -9.238795e-01 -3.826834e-01 0.000000e+00
    outer loop
      vertex   2.026795e+01 8.000000e+00 3.708333e+01
      vertex   2.006815e+01 8.482362e+00 3.708333e+01
      vertex   2.006815e+01 8.482362e+00 2.579167e+01
    endloop
  endfacet
  facet normal -9.914449e-01 -1.305262e-01 0.000000e+00
    outer loop
      vertex   2.006815e+01 8.482362e+00 4.837500e+01
      vertex   2.006815e+01 8.482362e+00 5.966667e+01
      vertex   2.000000e+01 9.000000e+00 1.450000e+01
    endloop
  endfacet
  facet normal -9.914449e-01 -1.305262e-01 2.118591e-17
    outer loop
      vertex   2.000000e+01 9.000000e+00 1.450000e+01
      vertex   2.006815e+01 8.482362e+00 5.966667e+01
      vertex   2.006815e+01 8.482362e+00 7.095833e+01
    endloop
  endfacet
  facet normal -9.914449e-01 -1.305262e-01 0.000000e+00
    outer loop
      vertex   2.000000e+01 9.000000e+00 1.450000e+01
      vertex   2.006815e+01 8.482362e+00 7.095833e+01
      vertex   2.006815e+01 8.482362e+00 8.225000e+01
    endloop
  endfacet
  facet normal -9.238795e-01 -3.826834e-01 -0.000000e+00
    outer loop
      vertex   2.006815e+01 8.482362e+00 8.225000e+01
      vertex   2.006815e+01 8.482362e+00 7.095833e+01
      vertex   2.026795e+01 8.000000e+00 8.225000e+01
    endloop
  endfacet
  facet normal -9.238795e-01 -3.826834e-01 0.000000e+00
    outer loop
      vertex   2.006815e+01 8.482362e+00 8.225000e+01
      vertex   2.026795e+01 8.000000e+00 8.225000e+01
      vertex   2.026795e+01 8.000000e+00 9.354167e+01
    endloop
  endfacet
  facet normal -7.933533e-01 -6.087614e-01 -0.000000e+00
    outer loop
      vertex   2.026795e+01 8.000000e+00 9.354167e+01
      vertex   2.026795e+01 8.000000e+00 8.225000e+01
      vertex   2.058579e+01 7.585786e+00 9.354167e+01
    endloop
  endfacet
  facet normal -7.933533e-01 -6.087614e-01 0.000000e+00
    outer loop
      vertex   2.026795e+01 8.000000e+00 9.354167e+01
      vertex   2.058579e+01 7.585786e+00 9.354167e+01
      vertex   2.058579e+01 7.585786e+00 1.048333e+02
    endloop
  endfacet
  facet normal -6.087614e-01 -7.933533e-01 -0.000000e+00
    outer loop
      vertex   2.058579e+01 7.585786e+00 1.048333e+02
      vertex   2.058579e+01 7.585786e+00 9.354167e+01
      vertex   2.100000e+01 7.267949e+00 1.048333e+02
    endloop
  endfacet
  facet normal -9.238795e-01 -3.826834e-01 0.000000e+00
    outer loop
      vertex   2.006815e+01 8.482362e+00 4.837500e+01
      vertex   2.026795e+01 8.000000e+00 5.966667e+01
      vertex   2.006815e+01 8.482362e+00 5.966667e+01
    endloop
  endfacet
  facet normal -9.238795e-01 -3.826834e-01 0.000000e+00
    outer loop
      vertex   2.006815e+01 8.482362e+00 5.966667e+01
      vertex   2.026795e+01 8.000000e+00 5.966667e+01
      vertex   2.026795e+01 8.000000e+00 7.095833e+01
    endloop
  endfacet
  facet normal -9.238795e-01 -3.826834e-01 6.020213e-17
    outer loop
      vertex   2.006815e+01 8.482362e+00 5.966667e+01
      vertex   2.026795e+01 8.000000e+00 7.095833e+01
      vertex   2.006815e+01 8.482362e+00 7.095833e+01
    endloop
  endfacet
  facet normal -9.238795e-01 -3.826834e-01 0.000000e+00
    outer loop
      vertex   2.006815e+01 8.482362e+00 7.095833e+01
      vertex   2.026795e+01 8.000000e+00 7.095833e+01
      vertex   2.026795e+01 8.000000e+00 8.225000e+01
    endloop
  endfacet
  facet normal -9.238795e-01 -3.826834e-01 -0.000000e+00
    outer loop
      vertex   2.026795e+01 8.000000e+00 1.048333e+02
      vertex   2.006815e+01 8.482362e+00 9.354167e+01
      vertex   2.026795e+01 8.000000e+00 9.354167e+01
    endloop
  endfacet
  facet normal -9.238795e-01 -3.826834e-01 0.000000e+00
    outer loop
      vertex   2.026795e+01 8.000000e+00 9.354167e+01
      vertex   2.006815e+01 8.482362e+00 9.354167e+01
      vertex   2.006815e+01 8.482362e+00 8.225000e+01
    endloop
  endfacet
  facet normal -9.238795e-01 -3.826834e-01 -0.000000e+00
    outer loop
      vertex   2.006815e+01 8.482362e+00 1.274167e+02
      vertex   2.006815e+01 8.482362e+00 1.161250e+02
      vertex   2.026795e+01 8.000000e+00 1.274167e+02
    endloop
  endfacet
  facet normal -9.238795e-01 -3.826834e-01 -2.304794e-16
    outer loop
      vertex   2.026795e+01 8.000000e+00 1.274167e+02
      vertex   2.006815e+01 8.482362e+00 1.161250e+02
      vertex   2.026795e+01 8.000000e+00 1.161250e+02
    endloop
  endfacet
  facet normal -7.933533e-01 -6.087614e-01 -1.538462e-16
    outer loop
      vertex   2.026795e+01 8.000000e+00 1.274167e+02
      vertex   2.026795e+01 8.000000e+00 1.161250e+02
      vertex   2.058579e+01 7.585786e+00 1.274167e+02
    endloop
  endfacet
  facet normal -7.933533e-01 -6.087614e-01 4.788388e-17
    outer loop
      vertex   2.058579e+01 7.585786e+00 1.274167e+02
      vertex   2.026795e+01 8.000000e+00 1.161250e+02
      vertex   2.058579e+01 7.585786e+00 1.161250e+02
    endloop
  endfacet
  facet normal -6.087614e-01 -7.933533e-01 6.240348e-17
    outer loop
      vertex   2.058579e+01 7.585786e+00 1.274167e+02
      vertex   2.058579e+01 7.585786e+00 1.161250e+02
      vertex   2.100000e+01 7.267949e+00 1.274167e+02
    endloop
  endfacet
  facet normal -6.087614e-01 -7.933533e-01 -0.000000e+00
    outer loop
      vertex   2.100000e+01 7.267949e+00 1.274167e+02
      vertex   2.058579e+01 7.585786e+00 1.161250e+02
      vertex   2.100000e+01 7.267949e+00 1.161250e+02
    endloop
  endfacet
  facet normal -3.826834e-01 -9.238795e-01 -0.000000e+00
    outer loop
      vertex   2.100000e+01 7.267949e+00 1.274167e+02
      vertex   2.100000e+01 7.267949e+00 1.161250e+02
      vertex   2.148236e+01 7.068148e+00 1.274167e+02
    endloop
  endfacet
  facet normal -7.933533e-01 -6.087614e-01 -0.000000e+00
    outer loop
      vertex   2.058579e+01 7.585786e+00 3.708333e+01
      vertex   2.026795e+01 8.000000e+00 2.579167e+01
      vertex   2.058579e+01 7.585786e+00 2.579167e+01
    endloop
  endfacet
  facet normal -7.933533e-01 -6.087614e-01 -0.000000e+00
    outer loop
      vertex   2.058579e+01 7.585786e+00 5.966667e+01
      vertex   2.026795e+01 8.000000e+00 4.837500e+01
      vertex   2.058579e+01 7.585786e+00 4.837500e+01
    endloop
  endfacet
  facet normal -7.933533e-01 -6.087614e-01 9.415958e-17
    outer loop
      vertex   2.058579e+01 7.585786e+00 4.837500e+01
      vertex   2.026795e+01 8.000000e+00 4.837500e+01
      vertex   2.026795e+01 8.000000e+00 3.708333e+01
    endloop
  endfacet
  facet normal -7.933533e-01 -6.087614e-01 0.000000e+00
    outer loop
      vertex   2.026795e+01 8.000000e+00 5.966667e+01
      vertex   2.058579e+01 7.585786e+00 7.095833e+01
      vertex   2.026795e+01 8.000000e+00 7.095833e+01
    endloop
  endfacet
  facet normal -7.933533e-01 -6.087614e-01 0.000000e+00
    outer loop
      vertex   2.026795e+01 8.000000e+00 7.095833e+01
      vertex   2.058579e+01 7.585786e+00 7.095833e+01
      vertex   2.058579e+01 7.585786e+00 8.225000e+01
    endloop
  endfacet
  facet normal -7.933533e-01 -6.087614e-01 0.000000e+00
    outer loop
      vertex   2.026795e+01 8.000000e+00 7.095833e+01
      vertex   2.058579e+01 7.585786e+00 8.225000e+01
      vertex   2.026795e+01 8.000000e+00 8.225000e+01
    endloop
  endfacet
  facet normal -7.933533e-01 -6.087614e-01 0.000000e+00
    outer loop
      vertex   2.026795e+01 8.000000e+00 8.225000e+01
      vertex   2.058579e+01 7.585786e+00 8.225000e+01
      vertex   2.058579e+01 7.585786e+00 9.354167e+01
    endloop
  endfacet
  facet normal -7.933533e-01 -6.087614e-01 0.000000e+00
    outer loop
      vertex   2.058579e+01 7.585786e+00 1.048333e+02
      vertex   2.026795e+01 8.000000e+00 1.048333e+02
      vertex   2.026795e+01 8.000000e+00 9.354167e+01
    endloop
  endfacet
  facet normal -7.933533e-01 -6.087614e-01 0.000000e+00
    outer loop
      vertex   2.058579e+01 7.585786e+00 1.387083e+02
      vertex   2.026795e+01 8.000000e+00 1.387083e+02
      vertex   2.026795e+01 8.000000e+00 1.274167e+02
    endloop
  endfacet
  facet normal -9.238795e-01 -3.826834e-01 0.000000e+00
    outer loop
      vertex   2.026795e+01 8.000000e+00 1.274167e+02
      vertex   2.026795e+01 8.000000e+00 1.387083e+02
      vertex   2.006815e+01 8.482362e+00 1.274167e+02
    endloop
  endfacet
  facet normal -7.933533e-01 -6.087614e-01 -2.496139e-16
    outer loop
      vertex   2.058579e+01 7.585786e+00 1.387083e+02
      vertex   2.026795e+01 8.000000e+00 1.274167e+02
      vertex   2.058579e+01 7.585786e+00 1.274167e+02
    endloop
  endfacet
  facet normal -6.087614e-01 -7.933533e-01 -0.000000e+00
    outer loop
      vertex   2.058579e+01 7.585786e+00 3.708333e+01
      vertex   2.058579e+01 7.585786e+00 2.579167e+01
      vertex   2.100000e+01 7.267949e+00 3.708333e+01
    endloop
  endfacet
  facet normal -6.087614e-01 -7.933533e-01 -0.000000e+00
    outer loop
      vertex   2.100000e+01 7.267949e+00 3.708333e+01
      vertex   2.058579e+01 7.585786e+00 2.579167e+01
      vertex   2.100000e+01 7.267949e+00 2.579167e+01
    endloop
  endfacet
  facet normal -3.826834e-01 -9.238795e-01 -0.000000e+00
    outer loop
      vertex   2.100000e+01 7.267949e+00 3.708333e+01
      vertex   2.100000e+01 7.267949e+00 2.579167e+01
      vertex   2.148236e+01 7.068148e+00 3.708333e+01
    endloop
  endfacet
  facet normal -3.826834e-01 -9.238795e-01 -0.000000e+00
    outer loop
      vertex   2.148236e+01 7.068148e+00 3.708333e+01
      vertex   2.100000e+01 7.267949e+00 2.579167e+01
      vertex   2.148236e+01 7.068148e+00 2.579167e+01
    endloop
  endfacet
  facet normal -1.305262e-01 -9.914449e-01 -0.000000e+00
    outer loop
      vertex   2.148236e+01 7.068148e+00 3.708333e+01
      vertex   2.148236e+01 7.068148e+00 2.579167e+01
      vertex   2.200000e+01 7.000000e+00 1.450000e+01
    endloop
  endfacet
  facet normal -6.087614e-01 -7.933533e-01 6.240348e-17
    outer loop
      vertex   2.100000e+01 7.267949e+00 7.095833e+01
      vertex   2.058579e+01 7.585786e+00 5.966667e+01
      vertex   2.100000e+01 7.267949e+00 5.966667e+01
    endloop
  endfacet
  facet normal -6.087614e-01 -7.933533e-01 0.000000e+00
    outer loop
      vertex   2.100000e+01 7.267949e+00 5.966667e+01
      vertex   2.058579e+01 7.585786e+00 5.966667e+01
      vertex   2.058579e+01 7.585786e+00 4.837500e+01
    endloop
  endfacet
  facet normal -6.087614e-01 -7.933533e-01 0.000000e+00
    outer loop
      vertex   2.058579e+01 7.585786e+00 7.095833e+01
      vertex   2.100000e+01 7.267949e+00 8.225000e+01
      vertex   2.058579e+01 7.585786e+00 8.225000e+01
    endloop
  endfacet
  facet normal -6.087614e-01 -7.933533e-01 0.000000e+00
    outer loop
      vertex   2.058579e+01 7.585786e+00 8.225000e+01
      vertex   2.100000e+01 7.267949e+00 8.225000e+01
      vertex   2.100000e+01 7.267949e+00 9.354167e+01
    endloop
  endfacet
  facet normal -6.087614e-01 -7.933533e-01 0.000000e+00
    outer loop
      vertex   2.058579e+01 7.585786e+00 8.225000e+01
      vertex   2.100000e+01 7.267949e+00 9.354167e+01
      vertex   2.058579e+01 7.585786e+00 9.354167e+01
    endloop
  endfacet
  facet normal -6.087614e-01 -7.933533e-01 0.000000e+00
    outer loop
      vertex   2.058579e+01 7.585786e+00 9.354167e+01
      vertex   2.100000e+01 7.267949e+00 9.354167e+01
      vertex   2.100000e+01 7.267949e+00 1.048333e+02
    endloop
  endfacet
  facet normal -6.087614e-01 -7.933533e-01 -1.883192e-16
    outer loop
      vertex   2.100000e+01 7.267949e+00 1.387083e+02
      vertex   2.058579e+01 7.585786e+00 1.387083e+02
      vertex   2.058579e+01 7.585786e+00 1.274167e+02
    endloop
  endfacet
  facet normal -6.087614e-01 -7.933533e-01 -1.291320e-16
    outer loop
      vertex   2.100000e+01 7.267949e+00 1.387083e+02
      vertex   2.058579e+01 7.585786e+00 1.274167e+02
      vertex   2.100000e+01 7.267949e+00 1.274167e+02
    endloop
  endfacet
  facet normal -6.087614e-01 -7.933533e-01 6.120373e-17
    outer loop
      vertex   2.058579e+01 7.585786e+00 3.708333e+01
      vertex   2.100000e+01 7.267949e+00 3.708333e+01
      vertex   2.100000e+01 7.267949e+00 4.837500e+01
    endloop
  endfacet
  facet normal -3.826834e-01 -9.238795e-01 7.267039e-17
    outer loop
      vertex   2.100000e+01 7.267949e+00 4.837500e+01
      vertex   2.100000e+01 7.267949e+00 3.708333e+01
      vertex   2.148236e+01 7.068148e+00 4.837500e+01
    endloop
  endfacet
  facet normal -3.826834e-01 -9.238795e-01 0.000000e+00
    outer loop
      vertex   2.100000e+01 7.267949e+00 4.837500e+01
      vertex   2.148236e+01 7.068148e+00 4.837500e+01
      vertex   2.148236e+01 7.068148e+00 5.966667e+01
    endloop
  endfacet
  facet normal -1.305262e-01 -9.914449e-01 -0.000000e+00
    outer loop
      vertex   2.148236e+01 7.068148e+00 5.966667e+01
      vertex   2.148236e+01 7.068148e+00 4.837500e+01
      vertex   2.200000e+01 7.000000e+00 1.450000e+01
    endloop
  endfacet
  facet normal -3.826834e-01 -9.238795e-01 -1.204043e-16
    outer loop
      vertex   2.148236e+01 7.068148e+00 4.837500e+01
      vertex   2.100000e+01 7.267949e+00 3.708333e+01
      vertex   2.148236e+01 7.068148e+00 3.708333e+01
    endloop
  endfacet
  facet normal -3.826834e-01 -9.238795e-01 -0.000000e+00
    outer loop
      vertex   2.148236e+01 7.068148e+00 8.225000e+01
      vertex   2.100000e+01 7.267949e+00 7.095833e+01
      vertex   2.148236e+01 7.068148e+00 7.095833e+01
    endloop
  endfacet
  facet normal -3.826834e-01 -9.238795e-01 7.297368e-17
    outer loop
      vertex   2.148236e+01 7.068148e+00 7.095833e+01
      vertex   2.100000e+01 7.267949e+00 7.095833e+01
      vertex   2.100000e+01 7.267949e+00 5.966667e+01
    endloop
  endfacet
  facet normal -3.826834e-01 -9.238795e-01 0.000000e+00
    outer loop
      vertex   2.148236e+01 7.068148e+00 1.048333e+02
      vertex   2.100000e+01 7.267949e+00 1.048333e+02
      vertex   2.100000e+01 7.267949e+00 9.354167e+01
    endloop
  endfacet
  facet normal -3.826834e-01 -9.238795e-01 -0.000000e+00
    outer loop
      vertex   2.148236e+01 7.068148e+00 1.048333e+02
      vertex   2.100000e+01 7.267949e+00 9.354167e+01
      vertex   2.148236e+01 7.068148e+00 9.354167e+01
    endloop
  endfacet
  facet normal -3.826834e-01 -9.238795e-01 0.000000e+00
    outer loop
      vertex   2.148236e+01 7.068148e+00 9.354167e+01
      vertex   2.100000e+01 7.267949e+00 9.354167e+01
      vertex   2.100000e+01 7.267949e+00 8.225000e+01
    endloop
  endfacet
  facet normal -3.826834e-01 -9.238795e-01 -4.707979e-17
    outer loop
      vertex   2.148236e+01 7.068148e+00 1.387083e+02
      vertex   2.100000e+01 7.267949e+00 1.387083e+02
      vertex   2.100000e+01 7.267949e+00 1.274167e+02
    endloop
  endfacet
  facet normal -3.826834e-01 -9.238795e-01 -0.000000e+00
    outer loop
      vertex   2.148236e+01 7.068148e+00 1.387083e+02
      vertex   2.100000e+01 7.267949e+00 1.274167e+02
      vertex   2.148236e+01 7.068148e+00 1.274167e+02
    endloop
  endfacet
  facet normal -1.305262e-01 -9.914449e-01 -4.119482e-17
    outer loop
      vertex   2.200000e+01 7.000000e+00 1.450000e+01
      vertex   2.148236e+01 7.068148e+00 4.837500e+01
      vertex   2.148236e+01 7.068148e+00 3.708333e+01
    endloop
  endfacet
  facet normal 0.000000e+00 -1.000000e+00 -6.554822e-18
    outer loop
      vertex   2.200000e+01 7.000000e+00 1.450000e+01
      vertex   3.600000e+01 7.000000e+00 1.450000e+01
      vertex   2.200000e+01 7.000000e+00 1.500000e+02
    endloop
  endfacet
  facet normal -6.344132e-17 -1.000000e+00 -1.310964e-17
    outer loop
      vertex   2.200000e+01 7.000000e+00 1.500000e+02
      vertex   3.600000e+01 7.000000e+00 1.450000e+01
      vertex   3.600000e+01 7.000000e+00 1.500000e+02
    endloop
  endfacet
  facet normal 1.305262e-01 -9.914449e-01 0.000000e+00
    outer loop
      vertex   3.651764e+01 7.068148e+00 1.450000e+01
      vertex   3.651764e+01 7.068148e+00 2.579167e+01
      vertex   3.600000e+01 7.000000e+00 1.450000e+01
    endloop
  endfacet
  facet normal 1.305262e-01 -9.914449e-01 0.000000e+00
    outer loop
      vertex   3.600000e+01 7.000000e+00 1.450000e+01
      vertex   3.651764e+01 7.068148e+00 2.579167e+01
      vertex   3.651764e+01 7.068148e+00 3.708333e+01
    endloop
  endfacet
  facet normal 1.305262e-01 -9.914449e-01 0.000000e+00
    outer loop
      vertex   3.600000e+01 7.000000e+00 1.450000e+01
      vertex   3.651764e+01 7.068148e+00 3.708333e+01
      vertex   3.651764e+01 7.068148e+00 4.837500e+01
    endloop
  endfacet
  facet normal 3.826834e-01 -9.238795e-01 0.000000e+00
    outer loop
      vertex   3.651764e+01 7.068148e+00 4.837500e+01
      vertex   3.651764e+01 7.068148e+00 3.708333e+01
      vertex   3.700000e+01 7.267949e+00 4.837500e+01
    endloop
  endfacet
  facet normal 3.826834e-01 -9.238795e-01 0.000000e+00
    outer loop
      vertex   3.651764e+01 7.068148e+00 4.837500e+01
      vertex   3.700000e+01 7.267949e+00 4.837500e+01
      vertex   3.700000e+01 7.267949e+00 5.966667e+01
    endloop
  endfacet
  facet normal 6.087614e-01 -7.933533e-01 0.000000e+00
    outer loop
      vertex   3.700000e+01 7.267949e+00 5.966667e+01
      vertex   3.700000e+01 7.267949e+00 4.837500e+01
      vertex   3.741421e+01 7.585786e+00 5.966667e+01
    endloop
  endfacet
  facet normal 6.087614e-01 -7.933533e-01 0.000000e+00
    outer loop
      vertex   3.700000e+01 7.267949e+00 5.966667e+01
      vertex   3.741421e+01 7.585786e+00 5.966667e+01
      vertex   3.741421e+01 7.585786e+00 7.095833e+01
    endloop
  endfacet
  facet normal 7.933533e-01 -6.087614e-01 0.000000e+00
    outer loop
      vertex   3.741421e+01 7.585786e+00 7.095833e+01
      vertex   3.741421e+01 7.585786e+00 5.966667e+01
      vertex   3.773205e+01 8.000000e+00 7.095833e+01
    endloop
  endfacet
  facet normal 7.933533e-01 -6.087614e-01 -9.415958e-17
    outer loop
      vertex   3.741421e+01 7.585786e+00 7.095833e+01
      vertex   3.773205e+01 8.000000e+00 7.095833e+01
      vertex   3.773205e+01 8.000000e+00 8.225000e+01
    endloop
  endfacet
  facet normal 9.238795e-01 -3.826834e-01 -6.020213e-17
    outer loop
      vertex   3.773205e+01 8.000000e+00 8.225000e+01
      vertex   3.773205e+01 8.000000e+00 7.095833e+01
      vertex   3.793185e+01 8.482362e+00 8.225000e+01
    endloop
  endfacet
  facet normal 9.238795e-01 -3.826834e-01 0.000000e+00
    outer loop
      vertex   3.773205e+01 8.000000e+00 8.225000e+01
      vertex   3.793185e+01 8.482362e+00 8.225000e+01
      vertex   3.793185e+01 8.482362e+00 9.354167e+01
    endloop
  endfacet
  facet normal 9.914449e-01 -1.305262e-01 0.000000e+00
    outer loop
      vertex   3.793185e+01 8.482362e+00 9.354167e+01
      vertex   3.793185e+01 8.482362e+00 8.225000e+01
      vertex   3.800000e+01 9.000000e+00 1.500000e+02
    endloop
  endfacet
  facet normal 9.914449e-01 -1.305262e-01 0.000000e+00
    outer loop
      vertex   3.793185e+01 8.482362e+00 9.354167e+01
      vertex   3.800000e+01 9.000000e+00 1.500000e+02
      vertex   3.793185e+01 8.482362e+00 1.048333e+02
    endloop
  endfacet
  facet normal 9.914449e-01 -1.305262e-01 0.000000e+00
    outer loop
      vertex   3.793185e+01 8.482362e+00 1.048333e+02
      vertex   3.800000e+01 9.000000e+00 1.500000e+02
      vertex   3.793185e+01 8.482362e+00 1.161250e+02
    endloop
  endfacet
  facet normal 9.238795e-01 -3.826834e-01 0.000000e+00
    outer loop
      vertex   3.793185e+01 8.482362e+00 1.048333e+02
      vertex   3.793185e+01 8.482362e+00 1.161250e+02
      vertex   3.773205e+01 8.000000e+00 1.048333e+02
    endloop
  endfacet
  facet normal 9.238795e-01 -3.826834e-01 0.000000e+00
    outer loop
      vertex   3.773205e+01 8.000000e+00 1.048333e+02
      vertex   3.793185e+01 8.482362e+00 1.161250e+02
      vertex   3.773205e+01 8.000000e+00 1.161250e+02
    endloop
  endfacet
  facet normal 7.933533e-01 -6.087614e-01 0.000000e+00
    outer loop
      vertex   3.773205e+01 8.000000e+00 1.048333e+02
      vertex   3.773205e+01 8.000000e+00 1.161250e+02
      vertex   3.741421e+01 7.585786e+00 1.048333e+02
    endloop
  endfacet
  facet normal 7.933533e-01 -6.087614e-01 0.000000e+00
    outer loop
      vertex   3.741421e+01 7.585786e+00 1.048333e+02
      vertex   3.773205e+01 8.000000e+00 1.161250e+02
      vertex   3.741421e+01 7.585786e+00 1.161250e+02
    endloop
  endfacet
  facet normal 6.087614e-01 -7.933533e-01 0.000000e+00
    outer loop
      vertex   3.741421e+01 7.585786e+00 1.048333e+02
      vertex   3.741421e+01 7.585786e+00 1.161250e+02
      vertex   3.700000e+01 7.267949e+00 1.048333e+02
    endloop
  endfacet
  facet normal 6.087614e-01 -7.933533e-01 0.000000e+00
    outer loop
      vertex   3.700000e+01 7.267949e+00 1.048333e+02
      vertex   3.741421e+01 7.585786e+00 1.161250e+02
      vertex   3.700000e+01 7.267949e+00 1.161250e+02
    endloop
  endfacet
  facet normal 3.826834e-01 -9.238795e-01 0.000000e+00
    outer loop
      vertex   3.700000e+01 7.267949e+00 1.048333e+02
      vertex   3.700000e+01 7.267949e+00 1.161250e+02
      vertex   3.651764e+01 7.068148e+00 1.048333e+02
    endloop
  endfacet
  facet normal 3.826834e-01 -9.238795e-01 0.000000e+00
    outer loop
      vertex   3.651764e+01 7.068148e+00 1.048333e+02
      vertex   3.700000e+01 7.267949e+00 1.161250e+02
      vertex   3.651764e+01 7.068148e+00 1.161250e+02
    endloop
  endfacet
  facet normal 1.305262e-01 -9.914449e-01 0.000000e+00
    outer loop
      vertex   3.651764e+01 7.068148e+00 1.048333e+02
      vertex   3.651764e+01 7.068148e+00 1.161250e+02
      vertex   3.600000e+01 7.000000e+00 1.500000e+02
    endloop
  endfacet
  facet normal 1.305262e-01 -9.914449e-01 0.000000e+00
    outer loop
      vertex   3.600000e+01 7.000000e+00 1.500000e+02
      vertex   3.651764e+01 7.068148e+00 1.161250e+02
      vertex   3.651764e+01 7.068148e+00 1.274167e+02
    endloop
  endfacet
  facet normal 1.305262e-01 -9.914449e-01 0.000000e+00
    outer loop
      vertex   3.600000e+01 7.000000e+00 1.500000e+02
      vertex   3.651764e+01 7.068148e+00 1.274167e+02
      vertex   3.651764e+01 7.068148e+00 1.387083e+02
    endloop
  endfacet
  facet normal 3.826834e-01 -9.238795e-01 0.000000e+00
    outer loop
      vertex   3.651764e+01 7.068148e+00 1.387083e+02
      vertex   3.651764e+01 7.068148e+00 1.274167e+02
      vertex   3.700000e+01 7.267949e+00 1.387083e+02
    endloop
  endfacet
  facet normal 3.826834e-01 -9.238795e-01 -2.189210e-16
    outer loop
      vertex   3.651764e+01 7.068148e+00 1.387083e+02
      vertex   3.700000e+01 7.267949e+00 1.387083e+02
      vertex   3.700000e+01 7.267949e+00 1.500000e+02
    endloop
  endfacet
  facet normal 6.087614e-01 -7.933533e-01 -1.872104e-16
    outer loop
      vertex   3.700000e+01 7.267949e+00 1.500000e+02
      vertex   3.700000e+01 7.267949e+00 1.387083e+02
      vertex   3.741421e+01 7.585786e+00 1.500000e+02
    endloop
  endfacet
  facet normal 6.087614e-01 -7.933533e-01 -1.248070e-16
    outer loop
      vertex   3.741421e+01 7.585786e+00 1.500000e+02
      vertex   3.700000e+01 7.267949e+00 1.387083e+02
      vertex   3.741421e+01 7.585786e+00 1.387083e+02
    endloop
  endfacet
  facet normal 7.933533e-01 -6.087614e-01 -9.576775e-17
    outer loop
      vertex   3.741421e+01 7.585786e+00 1.500000e+02
      vertex   3.741421e+01 7.585786e+00 1.387083e+02
      vertex   3.773205e+01 8.000000e+00 1.500000e+02
    endloop
  endfacet
  facet normal 7.933533e-01 -6.087614e-01 0.000000e+00
    outer loop
      vertex   3.773205e+01 8.000000e+00 1.500000e+02
      vertex   3.741421e+01 7.585786e+00 1.387083e+02
      vertex   3.773205e+01 8.000000e+00 1.387083e+02
    endloop
  endfacet
  facet normal 9.238795e-01 -3.826834e-01 0.000000e+00
    outer loop
      vertex   3.773205e+01 8.000000e+00 1.500000e+02
      vertex   3.773205e+01 8.000000e+00 1.387083e+02
      vertex   3.793185e+01 8.482362e+00 1.500000e+02
    endloop
  endfacet
  facet normal 9.238795e-01 -3.826834e-01 5.813632e-16
    outer loop
      vertex   3.793185e+01 8.482362e+00 1.500000e+02
      vertex   3.773205e+01 8.000000e+00 1.387083e+02
      vertex   3.793185e+01 8.482362e+00 1.387083e+02
    endloop
  endfacet
  facet normal 9.914449e-01 -1.305262e-01 6.238795e-16
    outer loop
      vertex   3.793185e+01 8.482362e+00 1.500000e+02
      vertex   3.793185e+01 8.482362e+00 1.387083e+02
      vertex   3.800000e+01 9.000000e+00 1.500000e+02
    endloop
  endfacet
  facet normal 9.914449e-01 -1.305262e-01 0.000000e+00
    outer loop
      vertex   3.800000e+01 9.000000e+00 1.500000e+02
      vertex   3.793185e+01 8.482362e+00 1.387083e+02
      vertex   3.793185e+01 8.482362e+00 1.274167e+02
    endloop
  endfacet
  facet normal 9.914449e-01 -1.305262e-01 0.000000e+00
    outer loop
      vertex   3.800000e+01 9.000000e+00 1.500000e+02
      vertex   3.793185e+01 8.482362e+00 1.274167e+02
      vertex   3.793185e+01 8.482362e+00 1.161250e+02
    endloop
  endfacet
  facet normal 9.238795e-01 -3.826834e-01 0.000000e+00
    outer loop
      vertex   3.793185e+01 8.482362e+00 1.161250e+02
      vertex   3.793185e+01 8.482362e+00 1.274167e+02
      vertex   3.773205e+01 8.000000e+00 1.161250e+02
    endloop
  endfacet
  facet normal 3.826834e-01 -9.238795e-01 0.000000e+00
    outer loop
      vertex   3.651764e+01 7.068148e+00 2.579167e+01
      vertex   3.651764e+01 7.068148e+00 1.450000e+01
      vertex   3.700000e+01 7.267949e+00 2.579167e+01
    endloop
  endfacet
  facet normal 3.826834e-01 -9.238795e-01 1.453408e-16
    outer loop
      vertex   3.700000e+01 7.267949e+00 2.579167e+01
      vertex   3.651764e+01 7.068148e+00 1.450000e+01
      vertex   3.700000e+01 7.267949e+00 1.450000e+01
    endloop
  endfacet
  facet normal 6.087614e-01 -7.933533e-01 1.248070e-16
    outer loop
      vertex   3.700000e+01 7.267949e+00 2.579167e+01
      vertex   3.700000e+01 7.267949e+00 1.450000e+01
      vertex   3.741421e+01 7.585786e+00 2.579167e+01
    endloop
  endfacet
  facet normal 6.087614e-01 -7.933533e-01 6.240348e-17
    outer loop
      vertex   3.741421e+01 7.585786e+00 2.579167e+01
      vertex   3.700000e+01 7.267949e+00 1.450000e+01
      vertex   3.741421e+01 7.585786e+00 1.450000e+01
    endloop
  endfacet
  facet normal 7.933533e-01 -6.087614e-01 4.788388e-17
    outer loop
      vertex   3.741421e+01 7.585786e+00 2.579167e+01
      vertex   3.741421e+01 7.585786e+00 1.450000e+01
      vertex   3.773205e+01 8.000000e+00 2.579167e+01
    endloop
  endfacet
  facet normal 7.933533e-01 -6.087614e-01 5.949956e-16
    outer loop
      vertex   3.773205e+01 8.000000e+00 2.579167e+01
      vertex   3.741421e+01 7.585786e+00 1.450000e+01
      vertex   3.773205e+01 8.000000e+00 1.450000e+01
    endloop
  endfacet
  facet normal 9.238795e-01 -3.826834e-01 6.415653e-16
    outer loop
      vertex   3.773205e+01 8.000000e+00 2.579167e+01
      vertex   3.773205e+01 8.000000e+00 1.450000e+01
      vertex   3.793185e+01 8.482362e+00 2.579167e+01
    endloop
  endfacet
  facet normal 9.238795e-01 -3.826834e-01 0.000000e+00
    outer loop
      vertex   3.793185e+01 8.482362e+00 2.579167e+01
      vertex   3.773205e+01 8.000000e+00 1.450000e+01
      vertex   3.793185e+01 8.482362e+00 1.450000e+01
    endloop
  endfacet
  facet normal 9.914449e-01 -1.305262e-01 0.000000e+00
    outer loop
      vertex   3.793185e+01 8.482362e+00 2.579167e+01
      vertex   3.793185e+01 8.482362e+00 1.450000e+01
      vertex   3.800000e+01 9.000000e+00 1.450000e+01
    endloop
  endfacet
  facet normal 9.914449e-01 -1.305262e-01 -3.422304e-18
    outer loop
      vertex   3.800000e+01 9.000000e+00 1.500000e+02
      vertex   3.793185e+01 8.482362e+00 8.225000e+01
      vertex   3.800000e+01 9.000000e+00 1.450000e+01
    endloop
  endfacet
  facet normal 9.914449e-01 -1.305262e-01 -2.000891e-17
    outer loop
      vertex   3.800000e+01 9.000000e+00 1.450000e+01
      vertex   3.793185e+01 8.482362e+00 8.225000e+01
      vertex   3.793185e+01 8.482362e+00 7.095833e+01
    endloop
  endfacet
  facet normal 9.914449e-01 -1.305262e-01 0.000000e+00
    outer loop
      vertex   3.800000e+01 9.000000e+00 1.450000e+01
      vertex   3.793185e+01 8.482362e+00 7.095833e+01
      vertex   3.793185e+01 8.482362e+00 5.966667e+01
    endloop
  endfacet
  facet normal 9.238795e-01 -3.826834e-01 0.000000e+00
    outer loop
      vertex   3.793185e+01 8.482362e+00 5.966667e+01
      vertex   3.793185e+01 8.482362e+00 7.095833e+01
      vertex   3.773205e+01 8.000000e+00 5.966667e+01
    endloop
  endfacet
  facet normal 9.238795e-01 -3.826834e-01 0.000000e+00
    outer loop
      vertex   3.793185e+01 8.482362e+00 5.966667e+01
      vertex   3.773205e+01 8.000000e+00 5.966667e+01
      vertex   3.773205e+01 8.000000e+00 4.837500e+01
    endloop
  endfacet
  facet normal 7.933533e-01 -6.087614e-01 0.000000e+00
    outer loop
      vertex   3.773205e+01 8.000000e+00 4.837500e+01
      vertex   3.773205e+01 8.000000e+00 5.966667e+01
      vertex   3.741421e+01 7.585786e+00 4.837500e+01
    endloop
  endfacet
  facet normal 7.933533e-01 -6.087614e-01 0.000000e+00
    outer loop
      vertex   3.773205e+01 8.000000e+00 4.837500e+01
      vertex   3.741421e+01 7.585786e+00 4.837500e+01
      vertex   3.741421e+01 7.585786e+00 3.708333e+01
    endloop
  endfacet
  facet normal 6.087614e-01 -7.933533e-01 0.000000e+00
    outer loop
      vertex   3.741421e+01 7.585786e+00 3.708333e+01
      vertex   3.741421e+01 7.585786e+00 4.837500e+01
      vertex   3.700000e+01 7.267949e+00 3.708333e+01
    endloop
  endfacet
  facet normal 6.087614e-01 -7.933533e-01 0.000000e+00
    outer loop
      vertex   3.741421e+01 7.585786e+00 3.708333e+01
      vertex   3.700000e+01 7.267949e+00 3.708333e+01
      vertex   3.700000e+01 7.267949e+00 2.579167e+01
    endloop
  endfacet
  facet normal 3.826834e-01 -9.238795e-01 0.000000e+00
    outer loop
      vertex   3.700000e+01 7.267949e+00 2.579167e+01
      vertex   3.700000e+01 7.267949e+00 3.708333e+01
      vertex   3.651764e+01 7.068148e+00 2.579167e+01
    endloop
  endfacet
  facet normal 3.826834e-01 -9.238795e-01 -1.459474e-16
    outer loop
      vertex   3.700000e+01 7.267949e+00 1.500000e+02
      vertex   3.651764e+01 7.068148e+00 1.500000e+02
      vertex   3.651764e+01 7.068148e+00 1.387083e+02
    endloop
  endfacet
  facet normal 1.305262e-01 -9.914449e-01 -1.559699e-16
    outer loop
      vertex   3.651764e+01 7.068148e+00 1.387083e+02
      vertex   3.651764e+01 7.068148e+00 1.500000e+02
      vertex   3.600000e+01 7.000000e+00 1.500000e+02
    endloop
  endfacet
  facet normal 1.305262e-01 -9.914449e-01 -1.299749e-17
    outer loop
      vertex   3.600000e+01 7.000000e+00 1.450000e+01
      vertex   3.651764e+01 7.068148e+00 8.225000e+01
      vertex   3.600000e+01 7.000000e+00 1.500000e+02
    endloop
  endfacet
  facet normal 1.305262e-01 -9.914449e-01 0.000000e+00
    outer loop
      vertex   3.600000e+01 7.000000e+00 1.500000e+02
      vertex   3.651764e+01 7.068148e+00 8.225000e+01
      vertex   3.651764e+01 7.068148e+00 9.354167e+01
    endloop
  endfacet
  facet normal 1.305262e-01 -9.914449e-01 0.000000e+00
    outer loop
      vertex   3.600000e+01 7.000000e+00 1.500000e+02
      vertex   3.651764e+01 7.068148e+00 9.354167e+01
      vertex   3.651764e+01 7.068148e+00 1.048333e+02
    endloop
  endfacet
  facet normal 3.826834e-01 -9.238795e-01 0.000000e+00
    outer loop
      vertex   3.651764e+01 7.068148e+00 1.048333e+02
      vertex   3.651764e+01 7.068148e+00 9.354167e+01
      vertex   3.700000e+01 7.267949e+00 1.048333e+02
    endloop
  endfacet
  facet normal 3.826834e-01 -9.238795e-01 0.000000e+00
    outer loop
      vertex   3.700000e+01 7.267949e+00 4.837500e+01
      vertex   3.651764e+01 7.068148e+00 3.708333e+01
      vertex   3.700000e+01 7.267949e+00 3.708333e+01
    endloop
  endfacet
  facet normal 3.826834e-01 -9.238795e-01 0.000000e+00
    outer loop
      vertex   3.700000e+01 7.267949e+00 3.708333e+01
      vertex   3.651764e+01 7.068148e+00 3.708333e+01
      vertex   3.651764e+01 7.068148e+00 2.579167e+01
    endloop
  endfacet
  facet normal 1.305262e-01 -9.914449e-01 0.000000e+00
    outer loop
      vertex   3.651764e+01 7.068148e+00 4.837500e+01
      vertex   3.651764e+01 7.068148e+00 5.966667e+01
      vertex   3.600000e+01 7.000000e+00 1.450000e+01
    endloop
  endfacet
  facet normal 1.305262e-01 -9.914449e-01 0.000000e+00
    outer loop
      vertex   3.600000e+01 7.000000e+00 1.450000e+01
      vertex   3.651764e+01 7.068148e+00 5.966667e+01
      vertex   3.651764e+01 7.068148e+00 7.095833e+01
    endloop
  endfacet
  facet normal 1.305262e-01 -9.914449e-01 0.000000e+00
    outer loop
      vertex   3.600000e+01 7.000000e+00 1.450000e+01
      vertex   3.651764e+01 7.068148e+00 7.095833e+01
      vertex   3.651764e+01 7.068148e+00 8.225000e+01
    endloop
  endfacet
  facet normal 3.826834e-01 -9.238795e-01 0.000000e+00
    outer loop
      vertex   3.651764e+01 7.068148e+00 8.225000e+01
      vertex   3.651764e+01 7.068148e+00 7.095833e+01
      vertex   3.700000e+01 7.267949e+00 8.225000e+01
    endloop
  endfacet
  facet normal 3.826834e-01 -9.238795e-01 0.000000e+00
    outer loop
      vertex   3.651764e+01 7.068148e+00 8.225000e+01
      vertex   3.700000e+01 7.267949e+00 8.225000e+01
      vertex   3.700000e+01 7.267949e+00 9.354167e+01
    endloop
  endfacet
  facet normal 6.087614e-01 -7.933533e-01 0.000000e+00
    outer loop
      vertex   3.700000e+01 7.267949e+00 9.354167e+01
      vertex   3.700000e+01 7.267949e+00 8.225000e+01
      vertex   3.741421e+01 7.585786e+00 9.354167e+01
    endloop
  endfacet
  facet normal 6.087614e-01 -7.933533e-01 0.000000e+00
    outer loop
      vertex   3.700000e+01 7.267949e+00 9.354167e+01
      vertex   3.741421e+01 7.585786e+00 9.354167e+01
      vertex   3.741421e+01 7.585786e+00 1.048333e+02
    endloop
  endfacet
  facet normal 7.933533e-01 -6.087614e-01 0.000000e+00
    outer loop
      vertex   3.741421e+01 7.585786e+00 1.048333e+02
      vertex   3.741421e+01 7.585786e+00 9.354167e+01
      vertex   3.773205e+01 8.000000e+00 1.048333e+02
    endloop
  endfacet
  facet normal 3.826834e-01 -9.238795e-01 0.000000e+00
    outer loop
      vertex   3.651764e+01 7.068148e+00 4.837500e+01
      vertex   3.700000e+01 7.267949e+00 5.966667e+01
      vertex   3.651764e+01 7.068148e+00 5.966667e+01
    endloop
  endfacet
  facet normal 3.826834e-01 -9.238795e-01 0.000000e+00
    outer loop
      vertex   3.651764e+01 7.068148e+00 5.966667e+01
      vertex   3.700000e+01 7.267949e+00 5.966667e+01
      vertex   3.700000e+01 7.267949e+00 7.095833e+01
    endloop
  endfacet
  facet normal 3.826834e-01 -9.238795e-01 0.000000e+00
    outer loop
      vertex   3.651764e+01 7.068148e+00 5.966667e+01
      vertex   3.700000e+01 7.267949e+00 7.095833e+01
      vertex   3.651764e+01 7.068148e+00 7.095833e+01
    endloop
  endfacet
  facet normal 3.826834e-01 -9.238795e-01 -1.459474e-16
    outer loop
      vertex   3.651764e+01 7.068148e+00 7.095833e+01
      vertex   3.700000e+01 7.267949e+00 7.095833e+01
      vertex   3.700000e+01 7.267949e+00 8.225000e+01
    endloop
  endfacet
  facet normal 3.826834e-01 -9.238795e-01 0.000000e+00
    outer loop
      vertex   3.700000e+01 7.267949e+00 1.048333e+02
      vertex   3.651764e+01 7.068148e+00 9.354167e+01
      vertex   3.700000e+01 7.267949e+00 9.354167e+01
    endloop
  endfacet
  facet normal 3.826834e-01 -9.238795e-01 0.000000e+00
    outer loop
      vertex   3.700000e+01 7.267949e+00 9.354167e+01
      vertex   3.651764e+01 7.068148e+00 9.354167e+01
      vertex   3.651764e+01 7.068148e+00 8.225000e+01
    endloop
  endfacet
  facet normal 3.826834e-01 -9.238795e-01 0.000000e+00
    outer loop
      vertex   3.651764e+01 7.068148e+00 1.274167e+02
      vertex   3.651764e+01 7.068148e+00 1.161250e+02
      vertex   3.700000e+01 7.267949e+00 1.274167e+02
    endloop
  endfacet
  facet normal 3.826834e-01 -9.238795e-01 0.000000e+00
    outer loop
      vertex   3.700000e+01 7.267949e+00 1.274167e+02
      vertex   3.651764e+01 7.068148e+00 1.161250e+02
      vertex   3.700000e+01 7.267949e+00 1.161250e+02
    endloop
  endfacet
  facet normal 6.087614e-01 -7.933533e-01 0.000000e+00
    outer loop
      vertex   3.700000e+01 7.267949e+00 1.274167e+02
      vertex   3.700000e+01 7.267949e+00 1.161250e+02
      vertex   3.741421e+01 7.585786e+00 1.274167e+02
    endloop
  endfacet
  facet normal 6.087614e-01 -7.933533e-01 0.000000e+00
    outer loop
      vertex   3.741421e+01 7.585786e+00 1.274167e+02
      vertex   3.700000e+01 7.267949e+00 1.161250e+02
      vertex   3.741421e+01 7.585786e+00 1.161250e+02
    endloop
  endfacet
  facet normal 7.933533e-01 -6.087614e-01 0.000000e+00
    outer loop
      vertex   3.741421e+01 7.585786e+00 1.274167e+02
      vertex   3.741421e+01 7.585786e+00 1.161250e+02
      vertex   3.773205e+01 8.000000e+00 1.274167e+02
    endloop
  endfacet
  facet normal 7.933533e-01 -6.087614e-01 0.000000e+00
    outer loop
      vertex   3.773205e+01 8.000000e+00 1.274167e+02
      vertex   3.741421e+01 7.585786e+00 1.161250e+02
      vertex   3.773205e+01 8.000000e+00 1.161250e+02
    endloop
  endfacet
  facet normal 9.238795e-01 -3.826834e-01 0.000000e+00
    outer loop
      vertex   3.773205e+01 8.000000e+00 1.274167e+02
      vertex   3.773205e+01 8.000000e+00 1.161250e+02
      vertex   3.793185e+01 8.482362e+00 1.274167e+02
    endloop
  endfacet
  facet normal 6.087614e-01 -7.933533e-01 0.000000e+00
    outer loop
      vertex   3.741421e+01 7.585786e+00 3.708333e+01
      vertex   3.700000e+01 7.267949e+00 2.579167e+01
      vertex   3.741421e+01 7.585786e+00 2.579167e+01
    endloop
  endfacet
  facet normal 6.087614e-01 -7.933533e-01 0.000000e+00
    outer loop
      vertex   3.741421e+01 7.585786e+00 5.966667e+01
      vertex   3.700000e+01 7.267949e+00 4.837500e+01
      vertex   3.741421e+01 7.585786e+00 4.837500e+01
    endloop
  endfacet
  facet normal 6.087614e-01 -7.933533e-01 0.000000e+00
    outer loop
      vertex   3.741421e+01 7.585786e+00 4.837500e+01
      vertex   3.700000e+01 7.267949e+00 4.837500e+01
      vertex   3.700000e+01 7.267949e+00 3.708333e+01
    endloop
  endfacet
  facet normal 6.087614e-01 -7.933533e-01 0.000000e+00
    outer loop
      vertex   3.700000e+01 7.267949e+00 5.966667e+01
      vertex   3.741421e+01 7.585786e+00 7.095833e+01
      vertex   3.700000e+01 7.267949e+00 7.095833e+01
    endloop
  endfacet
  facet normal 6.087614e-01 -7.933533e-01 0.000000e+00
    outer loop
      vertex   3.700000e+01 7.267949e+00 7.095833e+01
      vertex   3.741421e+01 7.585786e+00 7.095833e+01
      vertex   3.741421e+01 7.585786e+00 8.225000e+01
    endloop
  endfacet
  facet normal 6.087614e-01 -7.933533e-01 -1.248070e-16
    outer loop
      vertex   3.700000e+01 7.267949e+00 7.095833e+01
      vertex   3.741421e+01 7.585786e+00 8.225000e+01
      vertex   3.700000e+01 7.267949e+00 8.225000e+01
    endloop
  endfacet
  facet normal 6.087614e-01 -7.933533e-01 0.000000e+00
    outer loop
      vertex   3.700000e+01 7.267949e+00 8.225000e+01
      vertex   3.741421e+01 7.585786e+00 8.225000e+01
      vertex   3.741421e+01 7.585786e+00 9.354167e+01
    endloop
  endfacet
  facet normal 6.087614e-01 -7.933533e-01 0.000000e+00
    outer loop
      vertex   3.741421e+01 7.585786e+00 1.048333e+02
      vertex   3.700000e+01 7.267949e+00 1.048333e+02
      vertex   3.700000e+01 7.267949e+00 9.354167e+01
    endloop
  endfacet
  facet normal 6.087614e-01 -7.933533e-01 1.271154e-16
    outer loop
      vertex   3.741421e+01 7.585786e+00 1.387083e+02
      vertex   3.700000e+01 7.267949e+00 1.387083e+02
      vertex   3.700000e+01 7.267949e+00 1.274167e+02
    endloop
  endfacet
  facet normal 3.826834e-01 -9.238795e-01 1.453408e-16
    outer loop
      vertex   3.700000e+01 7.267949e+00 1.274167e+02
      vertex   3.700000e+01 7.267949e+00 1.387083e+02
      vertex   3.651764e+01 7.068148e+00 1.274167e+02
    endloop
  endfacet
  facet normal 6.087614e-01 -7.933533e-01 -6.240348e-17
    outer loop
      vertex   3.741421e+01 7.585786e+00 1.387083e+02
      vertex   3.700000e+01 7.267949e+00 1.274167e+02
      vertex   3.741421e+01 7.585786e+00 1.274167e+02
    endloop
  endfacet
  facet normal 7.933533e-01 -6.087614e-01 0.000000e+00
    outer loop
      vertex   3.741421e+01 7.585786e+00 3.708333e+01
      vertex   3.741421e+01 7.585786e+00 2.579167e+01
      vertex   3.773205e+01 8.000000e+00 3.708333e+01
    endloop
  endfacet
  facet normal 7.933533e-01 -6.087614e-01 0.000000e+00
    outer loop
      vertex   3.773205e+01 8.000000e+00 3.708333e+01
      vertex   3.741421e+01 7.585786e+00 2.579167e+01
      vertex   3.773205e+01 8.000000e+00 2.579167e+01
    endloop
  endfacet
  facet normal 9.238795e-01 -3.826834e-01 0.000000e+00
    outer loop
      vertex   3.773205e+01 8.000000e+00 3.708333e+01
      vertex   3.773205e+01 8.000000e+00 2.579167e+01
      vertex   3.793185e+01 8.482362e+00 3.708333e+01
    endloop
  endfacet
  facet normal 9.238795e-01 -3.826834e-01 0.000000e+00
    outer loop
      vertex   3.793185e+01 8.482362e+00 3.708333e+01
      vertex   3.773205e+01 8.000000e+00 2.579167e+01
      vertex   3.793185e+01 8.482362e+00 2.579167e+01
    endloop
  endfacet
  facet normal 9.914449e-01 -1.305262e-01 0.000000e+00
    outer loop
      vertex   3.793185e+01 8.482362e+00 3.708333e+01
      vertex   3.793185e+01 8.482362e+00 2.579167e+01
      vertex   3.800000e+01 9.000000e+00 1.450000e+01
    endloop
  endfacet
  facet normal 7.933533e-01 -6.087614e-01 0.000000e+00
    outer loop
      vertex   3.773205e+01 8.000000e+00 7.095833e+01
      vertex   3.741421e+01 7.585786e+00 5.966667e+01
      vertex   3.773205e+01 8.000000e+00 5.966667e+01
    endloop
  endfacet
  facet normal 7.933533e-01 -6.087614e-01 0.000000e+00
    outer loop
      vertex   3.773205e+01 8.000000e+00 5.966667e+01
      vertex   3.741421e+01 7.585786e+00 5.966667e+01
      vertex   3.741421e+01 7.585786e+00 4.837500e+01
    endloop
  endfacet
  facet normal 7.933533e-01 -6.087614e-01 0.000000e+00
    outer loop
      vertex   3.741421e+01 7.585786e+00 7.095833e+01
      vertex   3.773205e+01 8.000000e+00 8.225000e+01
      vertex   3.741421e+01 7.585786e+00 8.225000e+01
    endloop
  endfacet
  facet normal 7.933533e-01 -6.087614e-01 0.000000e+00
    outer loop
      vertex   3.741421e+01 7.585786e+00 8.225000e+01
      vertex   3.773205e+01 8.000000e+00 8.225000e+01
      vertex   3.773205e+01 8.000000e+00 9.354167e+01
    endloop
  endfacet
  facet normal 7.933533e-01 -6.087614e-01 0.000000e+00
    outer loop
      vertex   3.741421e+01 7.585786e+00 8.225000e+01
      vertex   3.773205e+01 8.000000e+00 9.354167e+01
      vertex   3.741421e+01 7.585786e+00 9.354167e+01
    endloop
  endfacet
  facet normal 7.933533e-01 -6.087614e-01 0.000000e+00
    outer loop
      vertex   3.741421e+01 7.585786e+00 9.354167e+01
      vertex   3.773205e+01 8.000000e+00 9.354167e+01
      vertex   3.773205e+01 8.000000e+00 1.048333e+02
    endloop
  endfacet
  facet normal 7.933533e-01 -6.087614e-01 -4.707979e-17
    outer loop
      vertex   3.773205e+01 8.000000e+00 1.387083e+02
      vertex   3.741421e+01 7.585786e+00 1.387083e+02
      vertex   3.741421e+01 7.585786e+00 1.274167e+02
    endloop
  endfacet
  facet normal 7.933533e-01 -6.087614e-01 0.000000e+00
    outer loop
      vertex   3.773205e+01 8.000000e+00 1.387083e+02
      vertex   3.741421e+01 7.585786e+00 1.274167e+02
      vertex   3.773205e+01 8.000000e+00 1.274167e+02
    endloop
  endfacet
  facet normal 7.933533e-01 -6.087614e-01 0.000000e+00
    outer loop
      vertex   3.741421e+01 7.585786e+00 3.708333e+01
      vertex   3.773205e+01 8.000000e+00 3.708333e+01
      vertex   3.773205e+01 8.000000e+00 4.837500e+01
    endloop
  endfacet
  facet normal 9.238795e-01 -3.826834e-01 0.000000e+00
    outer loop
      vertex   3.773205e+01 8.000000e+00 4.837500e+01
      vertex   3.773205e+01 8.000000e+00 3.708333e+01
      vertex   3.793185e+01 8.482362e+00 4.837500e+01
    endloop
  endfacet
  facet normal 9.238795e-01 -3.826834e-01 0.000000e+00
    outer loop
      vertex   3.773205e+01 8.000000e+00 4.837500e+01
      vertex   3.793185e+01 8.482362e+00 4.837500e+01
      vertex   3.793185e+01 8.482362e+00 5.966667e+01
    endloop
  endfacet
  facet normal 9.914449e-01 -1.305262e-01 0.000000e+00
    outer loop
      vertex   3.793185e+01 8.482362e+00 5.966667e+01
      vertex   3.793185e+01 8.482362e+00 4.837500e+01
      vertex   3.800000e+01 9.000000e+00 1.450000e+01
    endloop
  endfacet
  facet normal 9.238795e-01 -3.826834e-01 0.000000e+00
    outer loop
      vertex   3.793185e+01 8.482362e+00 4.837500e+01
      vertex   3.773205e+01 8.000000e+00 3.708333e+01
      vertex   3.793185e+01 8.482362e+00 3.708333e+01
    endloop
  endfacet
  facet normal 9.238795e-01 -3.826834e-01 -6.020213e-17
    outer loop
      vertex   3.793185e+01 8.482362e+00 8.225000e+01
      vertex   3.773205e+01 8.000000e+00 7.095833e+01
      vertex   3.793185e+01 8.482362e+00 7.095833e+01
    endloop
  endfacet
  facet normal 9.238795e-01 -3.826834e-01 0.000000e+00
    outer loop
      vertex   3.793185e+01 8.482362e+00 7.095833e+01
      vertex   3.773205e+01 8.000000e+00 7.095833e+01
      vertex   3.773205e+01 8.000000e+00 5.966667e+01
    endloop
  endfacet
  facet normal 9.238795e-01 -3.826834e-01 0.000000e+00
    outer loop
      vertex   3.793185e+01 8.482362e+00 1.048333e+02
      vertex   3.773205e+01 8.000000e+00 1.048333e+02
      vertex   3.773205e+01 8.000000e+00 9.354167e+01
    endloop
  endfacet
  facet normal 9.238795e-01 -3.826834e-01 0.000000e+00
    outer loop
      vertex   3.793185e+01 8.482362e+00 1.048333e+02
      vertex   3.773205e+01 8.000000e+00 9.354167e+01
      vertex   3.793185e+01 8.482362e+00 9.354167e+01
    endloop
  endfacet
  facet normal 9.238795e-01 -3.826834e-01 0.000000e+00
    outer loop
      vertex   3.793185e+01 8.482362e+00 9.354167e+01
      vertex   3.773205e+01 8.000000e+00 9.354167e+01
      vertex   3.773205e+01 8.000000e+00 8.225000e+01
    endloop
  endfacet
  facet normal 9.238795e-01 -3.826834e-01 0.000000e+00
    outer loop
      vertex   3.793185e+01 8.482362e+00 1.387083e+02
      vertex   3.773205e+01 8.000000e+00 1.387083e+02
      vertex   3.773205e+01 8.000000e+00 1.274167e+02
    endloop
  endfacet
  facet normal 9.238795e-01 -3.826834e-01 0.000000e+00
    outer loop
      vertex   3.793185e+01 8.482362e+00 1.387083e+02
      vertex   3.773205e+01 8.000000e+00 1.274167e+02
      vertex   3.793185e+01 8.482362e+00 1.274167e+02
    endloop
  endfacet
  facet normal 9.914449e-01 -1.305262e-01 0.000000e+00
    outer loop
      vertex   3.800000e+01 9.000000e+00 1.450000e+01
      vertex   3.793185e+01 8.482362e+00 4.837500e+01
      vertex   3.793185e+01 8.482362e+00 3.708333e+01
    endloop
  endfacet
  facet normal -0.000000e+00 0.000000e+00 -1.000000e+00
    outer loop
      vertex   3.744889e+01 8.611771e+00 1.400000e+01
      vertex   3.729904e+01 8.250000e+00 1.400000e+01
      vertex   3.750000e+01 9.000000e+00 1.400000e+01
    endloop
  endfacet
  facet normal 0.000000e+00 0.000000e+00 -1.000000e+00
    outer loop
      vertex   3.750000e+01 9.000000e+00 1.400000e+01
      vertex   3.729904e+01 8.250000e+00 1.400000e+01
      vertex   3.706066e+01 7.939340e+00 1.400000e+01
    endloop
  endfacet
  facet normal 0.000000e+00 0.000000e+00 -1.000000e+00
    outer loop
      vertex   3.750000e+01 9.000000e+00 1.400000e+01
      vertex   3.706066e+01 7.939340e+00 1.400000e+01
      vertex   3.675000e+01 7.700962e+00 1.400000e+01
    endloop
  endfacet
  facet normal -0.000000e+00 0.000000e+00 -1.000000e+00
    outer loop
      vertex   3.675000e+01 7.700962e+00 1.400000e+01
      vertex   3.638823e+01 7.551111e+00 1.400000e+01
      vertex   3.750000e+01 9.000000e+00 1.400000e+01
    endloop
  endfacet
  facet normal 0.000000e+00 0.000000e+00 -1.000000e+00
    outer loop
      vertex   3.750000e+01 9.000000e+00 1.400000e+01
      vertex   3.638823e+01 7.551111e+00 1.400000e+01
      vertex   3.600000e+01 7.500000e+00 1.400000e+01
    endloop
  endfacet
  facet normal -0.000000e+00 0.000000e+00 -1.000000e+00
    outer loop
      vertex   3.750000e+01 9.000000e+00 1.400000e+01
      vertex   3.600000e+01 7.500000e+00 1.400000e+01
      vertex   3.750000e+01 6.100000e+01 1.400000e+01
    endloop
  endfacet
  facet normal -0.000000e+00 0.000000e+00 -1.000000e+00
    outer loop
      vertex   3.750000e+01 6.100000e+01 1.400000e+01
      vertex   3.600000e+01 7.500000e+00 1.400000e+01
      vertex   3.600000e+01 6.250000e+01 1.400000e+01
    endloop
  endfacet
  facet normal 0.000000e+00 0.000000e+00 -1.000000e+00
    outer loop
      vertex   3.750000e+01 6.100000e+01 1.400000e+01
      vertex   3.600000e+01 6.250000e+01 1.400000e+01
      vertex   3.638823e+01 6.244889e+01 1.400000e+01
    endloop
  endfacet
  facet normal 0.000000e+00 0.000000e+00 -1.000000e+00
    outer loop
      vertex   3.600000e+01 7.500000e+00 1.400000e+01
      vertex   2.200000e+01 7.500000e+00 1.400000e+01
      vertex   3.600000e+01 6.250000e+01 1.400000e+01
    endloop
  endfacet
  facet normal -0.000000e+00 0.000000e+00 -1.000000e+00
    outer loop
      vertex   3.600000e+01 6.250000e+01 1.400000e+01
      vertex   2.200000e+01 7.500000e+00 1.400000e+01
      vertex   2.200000e+01 6.250000e+01 1.400000e+01
    endloop
  endfacet
  facet normal 0.000000e+00 -0.000000e+00 -1.000000e+00
    outer loop
      vertex   2.200000e+01 6.250000e+01 1.400000e+01
      vertex   2.200000e+01 7.500000e+00 1.400000e+01
      vertex   2.050000e+01 6.100000e+01 1.400000e+01
    endloop
  endfacet
  facet normal 0.000000e+00 0.000000e+00 -1.000000e+00
    outer loop
      vertex   2.200000e+01 6.250000e+01 1.400000e+01
      vertex   2.050000e+01 6.100000e+01 1.400000e+01
      vertex   2.161177e+01 6.244889e+01 1.400000e+01
    endloop
  endfacet
  facet normal 0.000000e+00 0.000000e+00 -1.000000e+00
    outer loop
      vertex   2.161177e+01 6.244889e+01 1.400000e+01
      vertex   2.050000e+01 6.100000e+01 1.400000e+01
      vertex   2.125000e+01 6.229904e+01 1.400000e+01
    endloop
  endfacet
  facet normal 0.000000e+00 0.000000e+00 -1.000000e+00
    outer loop
      vertex   2.125000e+01 6.229904e+01 1.400000e+01
      vertex   2.050000e+01 6.100000e+01 1.400000e+01
      vertex   2.093934e+01 6.206066e+01 1.400000e+01
    endloop
  endfacet
  facet normal 0.000000e+00 0.000000e+00 -1.000000e+00
    outer loop
      vertex   2.093934e+01 6.206066e+01 1.400000e+01
      vertex   2.050000e+01 6.100000e+01 1.400000e+01
      vertex   2.070096e+01 6.175000e+01 1.400000e+01
    endloop
  endfacet
  facet normal 0.000000e+00 0.000000e+00 -1.000000e+00
    outer loop
      vertex   2.070096e+01 6.175000e+01 1.400000e+01
      vertex   2.050000e+01 6.100000e+01 1.400000e+01
      vertex   2.055111e+01 6.138823e+01 1.400000e+01
    endloop
  endfacet
  facet normal 0.000000e+00 0.000000e+00 -1.000000e+00
    outer loop
      vertex   2.050000e+01 6.100000e+01 1.400000e+01
      vertex   2.200000e+01 7.500000e+00 1.400000e+01
      vertex   2.050000e+01 9.000000e+00 1.400000e+01
    endloop
  endfacet
  facet normal 0.000000e+00 0.000000e+00 -1.000000e+00
    outer loop
      vertex   2.050000e+01 9.000000e+00 1.400000e+01
      vertex   2.200000e+01 7.500000e+00 1.400000e+01
      vertex   2.161177e+01 7.551111e+00 1.400000e+01
    endloop
  endfacet
  facet normal 0.000000e+00 0.000000e+00 -1.000000e+00
    outer loop
      vertex   2.050000e+01 9.000000e+00 1.400000e+01
      vertex   2.161177e+01 7.551111e+00 1.400000e+01
      vertex   2.125000e+01 7.700962e+00 1.400000e+01
    endloop
  endfacet
  facet normal 0.000000e+00 0.000000e+00 -1.000000e+00
    outer loop
      vertex   2.125000e+01 7.700962e+00 1.400000e+01
      vertex   2.093934e+01 7.939340e+00 1.400000e+01
      vertex   2.050000e+01 9.000000e+00 1.400000e+01
    endloop
  endfacet
  facet normal 0.000000e+00 0.000000e+00 -1.000000e+00
    outer loop
      vertex   2.050000e+01 9.000000e+00 1.400000e+01
      vertex   2.093934e+01 7.939340e+00 1.400000e+01
      vertex   2.070096e+01 8.250000e+00 1.400000e+01
    endloop
  endfacet
  facet normal 0.000000e+00 0.000000e+00 -1.000000e+00
    outer loop
      vertex   2.050000e+01 9.000000e+00 1.400000e+01
      vertex   2.070096e+01 8.250000e+00 1.400000e+01
      vertex   2.055111e+01 8.611771e+00 1.400000e+01
    endloop
  endfacet
  facet normal 0.000000e+00 0.000000e+00 -1.000000e+00
    outer loop
      vertex   3.638823e+01 6.244889e+01 1.400000e+01
      vertex   3.675000e+01 6.229904e+01 1.400000e+01
      vertex   3.750000e+01 6.100000e+01 1.400000e+01
    endloop
  endfacet
  facet normal 0.000000e+00 0.000000e+00 -1.000000e+00
    outer loop
      vertex   3.750000e+01 6.100000e+01 1.400000e+01
      vertex   3.675000e+01 6.229904e+01 1.400000e+01
      vertex   3.706066e+01 6.206066e+01 1.400000e+01
    endloop
  endfacet
  facet normal 0.000000e+00 0.000000e+00 -1.000000e+00
    outer loop
      vertex   3.750000e+01 6.100000e+01 1.400000e+01
      vertex   3.706066e+01 6.206066e+01 1.400000e+01
      vertex   3.729904e+01 6.175000e+01 1.400000e+01
    endloop
  endfacet
  facet normal 0.000000e+00 0.000000e+00 -1.000000e+00
    outer loop
      vertex   3.729904e+01 6.175000e+01 1.400000e+01
      vertex   3.744889e+01 6.138823e+01 1.400000e+01
      vertex   3.750000e+01 6.100000e+01 1.400000e+01
    endloop
  endfacet
  facet normal 8.890978e-02 -9.908069e-01 1.019644e-01
    outer loop
      vertex   3.596157e+01 7.076859e+00 1.507804e+02
      vertex   3.600000e+01 7.000000e+00 1.500000e+02
      vertex   3.649431e+01 7.088829e+00 1.504321e+02
    endloop
  endfacet
  facet normal 1.303328e-01 -9.899761e-01 5.441224e-02
    outer loop
      vertex   3.649431e+01 7.088829e+00 1.504321e+02
      vertex   3.600000e+01 7.000000e+00 1.500000e+02
      vertex   3.651764e+01 7.068148e+00 1.500000e+02
    endloop
  endfacet
  facet normal 3.195844e-01 -9.454943e-01 6.250073e-02
    outer loop
      vertex   3.649431e+01 7.088829e+00 1.504321e+02
      vertex   3.651764e+01 7.068148e+00 1.500000e+02
      vertex   3.674186e+01 7.173555e+00 1.504481e+02
    endloop
  endfacet
  facet normal 3.825557e-01 -9.235712e-01 2.583183e-02
    outer loop
      vertex   3.674186e+01 7.173555e+00 1.504481e+02
      vertex   3.651764e+01 7.068148e+00 1.500000e+02
      vertex   3.700000e+01 7.267949e+00 1.500000e+02
    endloop
  endfacet
  facet normal 4.410982e-01 -8.950606e-01 6.556577e-02
    outer loop
      vertex   3.674186e+01 7.173555e+00 1.504481e+02
      vertex   3.700000e+01 7.267949e+00 1.500000e+02
      vertex   3.697643e+01 7.290002e+00 1.504596e+02
    endloop
  endfacet
  facet normal 5.539561e-01 -8.297462e-01 6.821950e-02
    outer loop
      vertex   3.697643e+01 7.290002e+00 1.504596e+02
      vertex   3.700000e+01 7.267949e+00 1.500000e+02
      vertex   3.719414e+01 7.435925e+00 1.504666e+02
    endloop
  endfacet
  facet normal 5.412973e-01 -8.171168e-01 1.982859e-01
    outer loop
      vertex   3.697643e+01 7.290002e+00 1.504596e+02
      vertex   3.719414e+01 7.435925e+00 1.504666e+02
      vertex   3.691867e+01 7.360667e+00 1.509085e+02
    endloop
  endfacet
  facet normal 5.439157e-01 -8.148842e-01 2.002985e-01
    outer loop
      vertex   3.691867e+01 7.360667e+00 1.509085e+02
      vertex   3.719414e+01 7.435925e+00 1.504666e+02
      vertex   3.713101e+01 7.505671e+00 1.509218e+02
    endloop
  endfacet
  facet normal 5.196217e-01 -7.906483e-01 3.238340e-01
    outer loop
      vertex   3.691867e+01 7.360667e+00 1.509085e+02
      vertex   3.713101e+01 7.505671e+00 1.509218e+02
      vertex   3.682560e+01 7.474797e+00 1.513365e+02
    endloop
  endfacet
  facet normal 5.236358e-01 -7.866505e-01 3.270880e-01
    outer loop
      vertex   3.682560e+01 7.474797e+00 1.513365e+02
      vertex   3.713101e+01 7.505671e+00 1.509218e+02
      vertex   3.702942e+01 7.618044e+00 1.513547e+02
    endloop
  endfacet
  facet normal 4.901500e-01 -7.531900e-01 4.387001e-01
    outer loop
      vertex   3.682560e+01 7.474797e+00 1.513365e+02
      vertex   3.702942e+01 7.618044e+00 1.513547e+02
      vertex   3.670152e+01 7.627430e+00 1.517372e+02
    endloop
  endfacet
  facet normal 4.952107e-01 -7.474015e-01 4.428966e-01
    outer loop
      vertex   3.670152e+01 7.627430e+00 1.517372e+02
      vertex   3.702942e+01 7.618044e+00 1.513547e+02
      vertex   3.689424e+01 7.767826e+00 1.517586e+02
    endloop
  endfacet
  facet normal 4.551182e-01 -7.073236e-01 5.408889e-01
    outer loop
      vertex   3.670152e+01 7.627430e+00 1.517372e+02
      vertex   3.689424e+01 7.767826e+00 1.517586e+02
      vertex   3.655089e+01 7.813316e+00 1.521070e+02
    endloop
  endfacet
  facet normal 4.609453e-01 -6.998494e-01 5.456558e-01
    outer loop
      vertex   3.655089e+01 7.813316e+00 1.521070e+02
      vertex   3.689424e+01 7.767826e+00 1.517586e+02
      vertex   3.673051e+01 7.949548e+00 1.521300e+02
    endloop
  endfacet
  facet normal 4.157524e-01 -6.547101e-01 6.312722e-01
    outer loop
      vertex   3.655089e+01 7.813316e+00 1.521070e+02
      vertex   3.673051e+01 7.949548e+00 1.521300e+02
      vertex   3.637817e+01 8.027203e+00 1.524426e+02
    endloop
  endfacet
  facet normal 4.222115e-01 -6.456459e-01 6.363009e-01
    outer loop
      vertex   3.637817e+01 8.027203e+00 1.524426e+02
      vertex   3.673051e+01 7.949548e+00 1.521300e+02
      vertex   3.654327e+01 8.157746e+00 1.524655e+02
    endloop
  endfacet
  facet normal 3.490953e-01 -5.717947e-01 7.424172e-01
    outer loop
      vertex   3.637817e+01 8.027203e+00 1.524426e+02
      vertex   3.654327e+01 8.157746e+00 1.524655e+02
      vertex   3.598107e+01 8.521178e+00 1.530098e+02
    endloop
  endfacet
  facet normal 3.666738e-01 -5.530951e-01 7.480884e-01
    outer loop
      vertex   3.598107e+01 8.521178e+00 1.530098e+02
      vertex   3.654327e+01 8.157746e+00 1.524655e+02
      vertex   3.611466e+01 8.635493e+00 1.530288e+02
    endloop
  endfacet
  facet normal 2.788401e-01 -4.657386e-01 8.398427e-01
    outer loop
      vertex   3.598107e+01 8.521178e+00 1.530098e+02
      vertex   3.611466e+01 8.635493e+00 1.530288e+02
      vertex   3.567050e+01 8.908863e+00 1.533279e+02
    endloop
  endfacet
  facet normal 2.917910e-01 -4.495318e-01 8.442625e-01
    outer loop
      vertex   3.567050e+01 8.908863e+00 1.533279e+02
      vertex   3.611466e+01 8.635493e+00 1.530288e+02
      vertex   3.578098e+01 9.008118e+00 1.533425e+02
    endloop
  endfacet
  facet normal 2.209231e-01 -3.787045e-01 8.987635e-01
    outer loop
      vertex   3.567050e+01 8.908863e+00 1.533279e+02
      vertex   3.578098e+01 9.008118e+00 1.533425e+02
      vertex   3.534087e+01 9.321057e+00 1.535826e+02
    endloop
  endfacet
  facet normal 2.346022e-01 -3.620631e-01 9.021486e-01
    outer loop
      vertex   3.534087e+01 9.321057e+00 1.535826e+02
      vertex   3.578098e+01 9.008118e+00 1.533425e+02
      vertex   3.542809e+01 9.402569e+00 1.535926e+02
    endloop
  endfacet
  facet normal 1.703372e-01 -2.978695e-01 9.392864e-01
    outer loop
      vertex   3.534087e+01 9.321057e+00 1.535826e+02
      vertex   3.542809e+01 9.402569e+00 1.535926e+02
      vertex   3.505872e+01 9.674187e+00 1.537457e+02
    endloop
  endfacet
  facet normal 1.820257e-01 -2.832813e-01 9.416041e-01
    outer loop
      vertex   3.505872e+01 9.674187e+00 1.537457e+02
      vertex   3.542809e+01 9.402569e+00 1.535926e+02
      vertex   3.512682e+01 9.739487e+00 1.537522e+02
    endloop
  endfacet
  facet normal 1.248063e-01 -2.260477e-01 9.660879e-01
    outer loop
      vertex   3.505872e+01 9.674187e+00 1.537457e+02
      vertex   3.512682e+01 9.739487e+00 1.537522e+02
      vertex   3.476885e+01 1.003715e+01 1.538681e+02
    endloop
  endfacet
  facet normal 1.377622e-01 -2.110981e-01 9.677082e-01
    outer loop
      vertex   3.476885e+01 1.003715e+01 1.538681e+02
      vertex   3.512682e+01 9.739487e+00 1.537522e+02
      vertex   3.481785e+01 1.008509e+01 1.538716e+02
    endloop
  endfacet
  facet normal 8.119162e-02 -1.545148e-01 9.846487e-01
    outer loop
      vertex   3.476885e+01 1.003715e+01 1.538681e+02
      vertex   3.481785e+01 1.008509e+01 1.538716e+02
      vertex   3.447354e+01 1.040698e+01 1.539505e+02
    endloop
  endfacet
  facet normal 9.509340e-02 -1.398758e-01 9.855922e-01
    outer loop
      vertex   3.447354e+01 1.040698e+01 1.539505e+02
      vertex   3.481785e+01 1.008509e+01 1.538716e+02
      vertex   3.450352e+01 1.043673e+01 1.539518e+02
    endloop
  endfacet
  facet normal 3.846485e-02 -8.324679e-02 9.957863e-01
    outer loop
      vertex   3.447354e+01 1.040698e+01 1.539505e+02
      vertex   3.450352e+01 1.043673e+01 1.539518e+02
      vertex   3.417491e+01 1.078096e+01 1.539933e+02
    endloop
  endfacet
  facet normal 5.287649e-02 -6.953623e-02 9.961771e-01
    outer loop
      vertex   3.417491e+01 1.078096e+01 1.539933e+02
      vertex   3.450352e+01 1.043673e+01 1.539518e+02
      vertex   3.418594e+01 1.079199e+01 1.539935e+02
    endloop
  endfacet
  facet normal 7.766550e-03 -2.443488e-02 9.996713e-01
    outer loop
      vertex   3.417491e+01 1.078096e+01 1.539933e+02
      vertex   3.418594e+01 1.079199e+01 1.539935e+02
      vertex   3.400000e+01 1.100000e+01 1.540000e+02
    endloop
  endfacet
  facet normal 6.084438e-01 -7.929393e-01 3.230150e-02
    outer loop
      vertex   3.700000e+01 7.267949e+00 1.500000e+02
      vertex   3.741421e+01 7.585786e+00 1.500000e+02
      vertex   3.719414e+01 7.435925e+00 1.504666e+02
    endloop
  endfacet
  facet normal 6.573908e-01 -7.503792e-01 6.905398e-02
    outer loop
      vertex   3.719414e+01 7.435925e+00 1.504666e+02
      vertex   3.741421e+01 7.585786e+00 1.500000e+02
      vertex   3.739121e+01 7.608792e+00 1.504690e+02
    endloop
  endfacet
  facet normal 6.444154e-01 -7.374122e-01 2.023661e-01
    outer loop
      vertex   3.719414e+01 7.435925e+00 1.504666e+02
      vertex   3.739121e+01 7.608792e+00 1.504690e+02
      vertex   3.713101e+01 7.505671e+00 1.509218e+02
    endloop
  endfacet
  facet normal 6.452112e-01 -7.365352e-01 2.030232e-01
    outer loop
      vertex   3.713101e+01 7.505671e+00 1.509218e+02
      vertex   3.739121e+01 7.608792e+00 1.504690e+02
      vertex   3.732402e+01 7.675984e+00 1.509263e+02
    endloop
  endfacet
  facet normal 6.201981e-01 -7.115401e-01 3.302500e-01
    outer loop
      vertex   3.713101e+01 7.505671e+00 1.509218e+02
      vertex   3.732402e+01 7.675984e+00 1.509263e+02
      vertex   3.702942e+01 7.618044e+00 1.513547e+02
    endloop
  endfacet
  facet normal 6.214111e-01 -7.099951e-01 3.312931e-01
    outer loop
      vertex   3.702942e+01 7.618044e+00 1.513547e+02
      vertex   3.732402e+01 7.675984e+00 1.509263e+02
      vertex   3.721589e+01 7.784108e+00 1.513608e+02
    endloop
  endfacet
  facet normal 5.867496e-01 -6.753407e-01 4.468108e-01
    outer loop
      vertex   3.702942e+01 7.618044e+00 1.513547e+02
      vertex   3.721589e+01 7.784108e+00 1.513608e+02
      vertex   3.689424e+01 7.767826e+00 1.517586e+02
    endloop
  endfacet
  facet normal 5.882721e-01 -6.731370e-01 4.481321e-01
    outer loop
      vertex   3.689424e+01 7.767826e+00 1.517586e+02
      vertex   3.721589e+01 7.784108e+00 1.513608e+02
      vertex   3.707201e+01 7.927986e+00 1.517658e+02
    endloop
  endfacet
  facet normal 5.466062e-01 -6.314750e-01 5.499645e-01
    outer loop
      vertex   3.689424e+01 7.767826e+00 1.517586e+02
      vertex   3.707201e+01 7.927986e+00 1.517658e+02
      vertex   3.673051e+01 7.949548e+00 1.521300e+02
    endloop
  endfacet
  facet normal 5.483551e-01 -6.286672e-01 5.514383e-01
    outer loop
      vertex   3.673051e+01 7.949548e+00 1.521300e+02
      vertex   3.707201e+01 7.927986e+00 1.517658e+02
      vertex   3.689778e+01 8.102224e+00 1.521377e+02
    endloop
  endfacet
  facet normal 5.012700e-01 -5.816007e-01 6.406786e-01
    outer loop
      vertex   3.673051e+01 7.949548e+00 1.521300e+02
      vertex   3.689778e+01 8.102224e+00 1.521377e+02
      vertex   3.654327e+01 8.157746e+00 1.524655e+02
    endloop
  endfacet
  facet normal 5.032069e-01 -5.782365e-01 6.422036e-01
    outer loop
      vertex   3.654327e+01 8.157746e+00 1.524655e+02
      vertex   3.689778e+01 8.102224e+00 1.521377e+02
      vertex   3.669857e+01 8.301434e+00 1.524732e+02
    endloop
  endfacet
  facet normal 4.276299e-01 -5.024057e-01 7.514793e-01
    outer loop
      vertex   3.654327e+01 8.157746e+00 1.524655e+02
      vertex   3.669857e+01 8.301434e+00 1.524732e+02
      vertex   3.611466e+01 8.635493e+00 1.530288e+02
    endloop
  endfacet
  facet normal 4.330258e-01 -4.954801e-01 7.529861e-01
    outer loop
      vertex   3.611466e+01 8.635493e+00 1.530288e+02
      vertex   3.669857e+01 8.301434e+00 1.524732e+02
      vertex   3.624281e+01 8.757190e+00 1.530352e+02
    endloop
  endfacet
  facet normal 3.432139e-01 -4.058348e-01 8.470551e-01
    outer loop
      vertex   3.611466e+01 8.635493e+00 1.530288e+02
      vertex   3.624281e+01 8.757190e+00 1.530352e+02
      vertex   3.578098e+01 9.008118e+00 1.533425e+02
    endloop
  endfacet
  facet normal 3.471885e-01 -3.999583e-01 8.482296e-01
    outer loop
      vertex   3.578098e+01 9.008118e+00 1.533425e+02
      vertex   3.624281e+01 8.757190e+00 1.530352e+02
      vertex   3.588831e+01 9.111693e+00 1.533474e+02
    endloop
  endfacet
  facet normal 2.746588e-01 -3.274449e-01 9.040699e-01
    outer loop
      vertex   3.578098e+01 9.008118e+00 1.533425e+02
      vertex   3.588831e+01 9.111693e+00 1.533474e+02
      vertex   3.542809e+01 9.402569e+00 1.535926e+02
    endloop
  endfacet
  facet normal 2.788863e-01 -3.214719e-01 9.049189e-01
    outer loop
      vertex   3.542809e+01 9.402569e+00 1.535926e+02
      vertex   3.588831e+01 9.111693e+00 1.533474e+02
      vertex   3.551371e+01 9.486288e+00 1.535960e+02
    endloop
  endfacet
  facet normal 2.133027e-01 -2.559146e-01 9.428731e-01
    outer loop
      vertex   3.542809e+01 9.402569e+00 1.535926e+02
      vertex   3.551371e+01 9.486288e+00 1.535960e+02
      vertex   3.512682e+01 9.739487e+00 1.537522e+02
    endloop
  endfacet
  facet normal 2.169262e-01 -2.507275e-01 9.434398e-01
    outer loop
      vertex   3.512682e+01 9.739487e+00 1.537522e+02
      vertex   3.551371e+01 9.486288e+00 1.535960e+02
      vertex   3.519413e+01 9.805870e+00 1.537544e+02
    endloop
  endfacet
  facet normal 1.587565e-01 -1.925544e-01 9.683590e-01
    outer loop
      vertex   3.512682e+01 9.739487e+00 1.537522e+02
      vertex   3.519413e+01 9.805870e+00 1.537544e+02
      vertex   3.481785e+01 1.008509e+01 1.538716e+02
    endloop
  endfacet
  facet normal 1.627980e-01 -1.872621e-01 9.687258e-01
    outer loop
      vertex   3.481785e+01 1.008509e+01 1.538716e+02
      vertex   3.519413e+01 9.805870e+00 1.537544e+02
      vertex   3.486656e+01 1.013344e+01 1.538727e+02
    endloop
  endfacet
  facet normal 1.058492e-01 -1.303100e-01 9.858069e-01
    outer loop
      vertex   3.481785e+01 1.008509e+01 1.538716e+02
      vertex   3.486656e+01 1.013344e+01 1.538727e+02
      vertex   3.450352e+01 1.043673e+01 1.539518e+02
    endloop
  endfacet
  facet normal 1.102092e-01 -1.251409e-01 9.859988e-01
    outer loop
      vertex   3.450352e+01 1.043673e+01 1.539518e+02
      vertex   3.486656e+01 1.013344e+01 1.538727e+02
      vertex   3.453344e+01 1.046656e+01 1.539523e+02
    endloop
  endfacet
  facet normal 5.378923e-02 -6.872122e-02 9.961848e-01
    outer loop
      vertex   3.450352e+01 1.043673e+01 1.539518e+02
      vertex   3.453344e+01 1.046656e+01 1.539523e+02
      vertex   3.418594e+01 1.079199e+01 1.539935e+02
    endloop
  endfacet
  facet normal 5.832919e-02 -6.388185e-02 9.962514e-01
    outer loop
      vertex   3.418594e+01 1.079199e+01 1.539935e+02
      vertex   3.453344e+01 1.046656e+01 1.539523e+02
      vertex   3.419698e+01 1.080302e+01 1.539935e+02
    endloop
  endfacet
  facet normal 1.363503e-02 -1.919059e-02 9.997229e-01
    outer loop
      vertex   3.418594e+01 1.079199e+01 1.539935e+02
      vertex   3.419698e+01 1.080302e+01 1.539935e+02
      vertex   3.400000e+01 1.100000e+01 1.540000e+02
    endloop
  endfacet
  facet normal 7.607798e-01 -6.453347e-01 6.897277e-02
    outer loop
      vertex   3.739121e+01 7.608792e+00 1.504690e+02
      vertex   3.741421e+01 7.585786e+00 1.500000e+02
      vertex   3.760220e+01 7.857142e+00 1.504654e+02
    endloop
  endfacet
  facet normal 7.928820e-01 -6.083997e-01 3.446699e-02
    outer loop
      vertex   3.760220e+01 7.857142e+00 1.504654e+02
      vertex   3.741421e+01 7.585786e+00 1.500000e+02
      vertex   3.773205e+01 8.000000e+00 1.500000e+02
    endloop
  endfacet
  facet normal 8.524610e-01 -5.167528e-01 7.922571e-02
    outer loop
      vertex   3.760220e+01 7.857142e+00 1.504654e+02
      vertex   3.773205e+01 8.000000e+00 1.500000e+02
      vertex   3.776269e+01 8.120355e+00 1.504553e+02
    endloop
  endfacet
  facet normal 9.231785e-01 -3.823930e-01 3.895008e-02
    outer loop
      vertex   3.776269e+01 8.120355e+00 1.504553e+02
      vertex   3.773205e+01 8.000000e+00 1.500000e+02
      vertex   3.793185e+01 8.482362e+00 1.500000e+02
    endloop
  endfacet
  facet normal 9.234071e-01 -3.817819e-01 3.952092e-02
    outer loop
      vertex   3.776269e+01 8.120355e+00 1.504553e+02
      vertex   3.793185e+01 8.482362e+00 1.500000e+02
      vertex   3.788095e+01 8.404702e+00 1.504391e+02
    endloop
  endfacet
  facet normal 9.699576e-01 -2.325891e-01 7.130589e-02
    outer loop
      vertex   3.788095e+01 8.404702e+00 1.504391e+02
      vertex   3.793185e+01 8.482362e+00 1.500000e+02
      vertex   3.795422e+01 8.703486e+00 1.504170e+02
    endloop
  endfacet
  facet normal 9.588603e-01 -2.220792e-01 1.768271e-01
    outer loop
      vertex   3.788095e+01 8.404702e+00 1.504391e+02
      vertex   3.795422e+01 8.703486e+00 1.504170e+02
      vertex   3.781247e+01 8.451749e+00 1.508695e+02
    endloop
  endfacet
  facet normal 9.575028e-01 -2.325950e-01 1.705517e-01
    outer loop
      vertex   3.781247e+01 8.451749e+00 1.508695e+02
      vertex   3.795422e+01 8.703486e+00 1.504170e+02
      vertex   3.789031e+01 8.741468e+00 1.508276e+02
    endloop
  endfacet
  facet normal 9.339376e-01 -2.090015e-01 2.899638e-01
    outer loop
      vertex   3.781247e+01 8.451749e+00 1.508695e+02
      vertex   3.789031e+01 8.741468e+00 1.508276e+02
      vertex   3.770112e+01 8.527973e+00 1.512831e+02
    endloop
  endfacet
  facet normal 9.324731e-01 -2.272595e-01 2.807973e-01
    outer loop
      vertex   3.770112e+01 8.527973e+00 1.512831e+02
      vertex   3.789031e+01 8.741468e+00 1.508276e+02
      vertex   3.778557e+01 8.803514e+00 1.512257e+02
    endloop
  endfacet
  facet normal 8.979889e-01 -1.927691e-01 3.955452e-01
    outer loop
      vertex   3.770112e+01 8.527973e+00 1.512831e+02
      vertex   3.778557e+01 8.803514e+00 1.512257e+02
      vertex   3.755081e+01 8.630395e+00 1.516742e+02
    endloop
  endfacet
  facet normal 8.967080e-01 -2.184281e-01 3.849726e-01
    outer loop
      vertex   3.755081e+01 8.630395e+00 1.516742e+02
      vertex   3.778557e+01 8.803514e+00 1.512257e+02
      vertex   3.764265e+01 8.887842e+00 1.516064e+02
    endloop
  endfacet
  facet normal 8.528697e-01 -1.745667e-01 4.920769e-01
    outer loop
      vertex   3.755081e+01 8.630395e+00 1.516742e+02
      vertex   3.764265e+01 8.887842e+00 1.516064e+02
      vertex   3.736582e+01 8.755871e+00 1.520394e+02
    endloop
  endfacet
  facet normal 8.516971e-01 -2.068078e-01 4.815004e-01
    outer loop
      vertex   3.736582e+01 8.755871e+00 1.520394e+02
      vertex   3.764265e+01 8.887842e+00 1.516064e+02
      vertex   3.746457e+01 8.992491e+00 1.519663e+02
    endloop
  endfacet
  facet normal 7.997054e-01 -1.546591e-01 5.801308e-01
    outer loop
      vertex   3.736582e+01 8.755871e+00 1.520394e+02
      vertex   3.746457e+01 8.992491e+00 1.519663e+02
      vertex   3.715040e+01 8.901253e+00 1.523751e+02
    endloop
  endfacet
  facet normal 7.983150e-01 -1.927636e-01 5.705570e-01
    outer loop
      vertex   3.715040e+01 8.901253e+00 1.523751e+02
      vertex   3.746457e+01 8.992491e+00 1.519663e+02
      vertex   3.725437e+01 9.115498e+00 1.523020e+02
    endloop
  endfacet
  facet normal 7.144104e-01 -1.109987e-01 6.908669e-01
    outer loop
      vertex   3.715040e+01 8.901253e+00 1.523751e+02
      vertex   3.725437e+01 9.115498e+00 1.523020e+02
      vertex   3.664387e+01 9.240948e+00 1.529535e+02
    endloop
  endfacet
  facet normal 6.981106e-01 -1.889615e-01 6.906049e-01
    outer loop
      vertex   3.664387e+01 9.240948e+00 1.529535e+02
      vertex   3.725437e+01 9.115498e+00 1.523020e+02
      vertex   3.675001e+01 9.409111e+00 1.528922e+02
    endloop
  endfacet
  facet normal 5.961372e-01 -8.533723e-02 7.983345e-01
    outer loop
      vertex   3.664387e+01 9.240948e+00 1.529535e+02
      vertex   3.675001e+01 9.409111e+00 1.528922e+02
      vertex   3.623934e+01 9.510953e+00 1.532844e+02
    endloop
  endfacet
  facet normal 5.832869e-01 -1.497825e-01 7.983368e-01
    outer loop
      vertex   3.623934e+01 9.510953e+00 1.532844e+02
      vertex   3.675001e+01 9.409111e+00 1.528922e+02
      vertex   3.633933e+01 9.647280e+00 1.532369e+02
    endloop
  endfacet
  facet normal 4.941932e-01 -6.043150e-02 8.672491e-01
    outer loop
      vertex   3.623934e+01 9.510953e+00 1.532844e+02
      vertex   3.633933e+01 9.647280e+00 1.532369e+02
      vertex   3.580382e+01 9.800961e+00 1.535528e+02
    endloop
  endfacet
  facet normal 4.771782e-01 -1.250859e-01 8.698589e-01
    outer loop
      vertex   3.580382e+01 9.800961e+00 1.535528e+02
      vertex   3.633933e+01 9.647280e+00 1.532369e+02
      vertex   3.589105e+01 9.906780e+00 1.535202e+02
    endloop
  endfacet
  facet normal 3.950872e-01 -4.267346e-02 9.176519e-01
    outer loop
      vertex   3.580382e+01 9.800961e+00 1.535528e+02
      vertex   3.589105e+01 9.906780e+00 1.535202e+02
      vertex   3.542749e+01 1.005125e+01 1.537265e+02
    endloop
  endfacet
  facet normal 3.789276e-01 -9.816870e-02 9.202047e-01
    outer loop
      vertex   3.542749e+01 1.005125e+01 1.537265e+02
      vertex   3.589105e+01 9.906780e+00 1.535202e+02
      vertex   3.550003e+01 1.013293e+01 1.537053e+02
    endloop
  endfacet
  facet normal 3.050698e-01 -2.432525e-02 9.520193e-01
    outer loop
      vertex   3.542749e+01 1.005125e+01 1.537265e+02
      vertex   3.550003e+01 1.013293e+01 1.537053e+02
      vertex   3.503843e+01 1.030987e+01 1.538577e+02
    endloop
  endfacet
  facet normal 2.845516e-01 -8.064718e-02 9.552625e-01
    outer loop
      vertex   3.503843e+01 1.030987e+01 1.538577e+02
      vertex   3.550003e+01 1.013293e+01 1.537053e+02
      vertex   3.509321e+01 1.036810e+01 1.538463e+02
    endloop
  endfacet
  facet normal 2.123360e-01 -8.433211e-03 9.771603e-01
    outer loop
      vertex   3.503843e+01 1.030987e+01 1.538577e+02
      vertex   3.509321e+01 1.036810e+01 1.538463e+02
      vertex   3.464030e+01 1.057446e+01 1.539465e+02
    endloop
  endfacet
  facet normal 1.880124e-01 -6.325938e-02 9.801273e-01
    outer loop
      vertex   3.464030e+01 1.057446e+01 1.539465e+02
      vertex   3.509321e+01 1.036810e+01 1.538463e+02
      vertex   3.467493e+01 1.060988e+01 1.539422e+02
    endloop
  endfacet
  facet normal 1.181078e-01 6.676528e-03 9.929783e-01
    outer loop
      vertex   3.464030e+01 1.057446e+01 1.539465e+02
      vertex   3.467493e+01 1.060988e+01 1.539422e+02
      vertex   3.423664e+01 1.084273e+01 1.539927e+02
    endloop
  endfacet
  facet normal 9.108371e-02 -4.459525e-02 9.948442e-01
    outer loop
      vertex   3.423664e+01 1.084273e+01 1.539927e+02
      vertex   3.467493e+01 1.060988e+01 1.539422e+02
      vertex   3.424960e+01 1.085573e+01 1.539921e+02
    endloop
  endfacet
  facet normal 3.699475e-02 9.532772e-03 9.992700e-01
    outer loop
      vertex   3.423664e+01 1.084273e+01 1.539927e+02
      vertex   3.424960e+01 1.085573e+01 1.539921e+02
      vertex   3.400000e+01 1.100000e+01 1.540000e+02
    endloop
  endfacet
  facet normal 9.913174e-01 -1.305094e-01 1.603201e-02
    outer loop
      vertex   3.793185e+01 8.482362e+00 1.500000e+02
      vertex   3.800000e+01 9.000000e+00 1.500000e+02
      vertex   3.795422e+01 8.703486e+00 1.504170e+02
    endloop
  endfacet
  facet normal 9.950048e-01 -1.477733e-02 9.872714e-02
    outer loop
      vertex   3.795422e+01 8.703486e+00 1.504170e+02
      vertex   3.800000e+01 9.000000e+00 1.500000e+02
      vertex   3.792314e+01 9.038429e+00 1.507804e+02
    endloop
  endfacet
  facet normal 9.834826e-01 -8.315240e-02 1.607718e-01
    outer loop
      vertex   3.795422e+01 8.703486e+00 1.504170e+02
      vertex   3.792314e+01 9.038429e+00 1.507804e+02
      vertex   3.789031e+01 8.741468e+00 1.508276e+02
    endloop
  endfacet
  facet normal 9.625436e-01 -6.451105e-02 2.633402e-01
    outer loop
      vertex   3.789031e+01 8.741468e+00 1.508276e+02
      vertex   3.792314e+01 9.038429e+00 1.507804e+02
      vertex   3.778557e+01 8.803514e+00 1.512257e+02
    endloop
  endfacet
  facet normal 9.565778e-01 -7.884313e-03 2.913705e-01
    outer loop
      vertex   3.792314e+01 9.038429e+00 1.507804e+02
      vertex   3.769552e+01 9.152241e+00 1.515307e+02
      vertex   3.778557e+01 8.803514e+00 1.512257e+02
    endloop
  endfacet
  facet normal 9.271542e-01 -8.067556e-02 3.658914e-01
    outer loop
      vertex   3.778557e+01 8.803514e+00 1.512257e+02
      vertex   3.769552e+01 9.152241e+00 1.515307e+02
      vertex   3.764265e+01 8.887842e+00 1.516064e+02
    endloop
  endfacet
  facet normal 8.896635e-01 -4.793690e-02 4.540934e-01
    outer loop
      vertex   3.764265e+01 8.887842e+00 1.516064e+02
      vertex   3.769552e+01 9.152241e+00 1.515307e+02
      vertex   3.746457e+01 8.992491e+00 1.519663e+02
    endloop
  endfacet
  facet normal 8.825756e-01 6.042591e-03 4.701316e-01
    outer loop
      vertex   3.746457e+01 8.992491e+00 1.519663e+02
      vertex   3.769552e+01 9.152241e+00 1.515307e+02
      vertex   3.732588e+01 9.337061e+00 1.522223e+02
    endloop
  endfacet
  facet normal 8.333214e-01 -7.171032e-02 5.481177e-01
    outer loop
      vertex   3.746457e+01 8.992491e+00 1.519663e+02
      vertex   3.732588e+01 9.337061e+00 1.522223e+02
      vertex   3.725437e+01 9.115498e+00 1.523020e+02
    endloop
  endfacet
  facet normal 7.577690e-01 -9.787024e-03 6.524495e-01
    outer loop
      vertex   3.725437e+01 9.115498e+00 1.523020e+02
      vertex   3.732588e+01 9.337061e+00 1.522223e+02
      vertex   3.675001e+01 9.409111e+00 1.528922e+02
    endloop
  endfacet
  facet normal 7.496424e-01 -9.642248e-02 6.547816e-01
    outer loop
      vertex   3.732588e+01 9.337061e+00 1.522223e+02
      vertex   3.682843e+01 9.585786e+00 1.528284e+02
      vertex   3.675001e+01 9.409111e+00 1.528922e+02
    endloop
  endfacet
  facet normal 6.404877e-01 -7.143854e-03 7.679352e-01
    outer loop
      vertex   3.675001e+01 9.409111e+00 1.528922e+02
      vertex   3.682843e+01 9.585786e+00 1.528284e+02
      vertex   3.633933e+01 9.647280e+00 1.532369e+02
    endloop
  endfacet
  facet normal 6.429483e-01 2.971126e-02 7.653331e-01
    outer loop
      vertex   3.682843e+01 9.585786e+00 1.528284e+02
      vertex   3.622228e+01 9.888860e+00 1.533259e+02
      vertex   3.633933e+01 9.647280e+00 1.532369e+02
    endloop
  endfacet
  facet normal 5.015250e-01 -7.438387e-02 8.619395e-01
    outer loop
      vertex   3.633933e+01 9.647280e+00 1.532369e+02
      vertex   3.622228e+01 9.888860e+00 1.533259e+02
      vertex   3.589105e+01 9.906780e+00 1.535202e+02
    endloop
  endfacet
  facet normal 5.074095e-01 9.984141e-02 8.559014e-01
    outer loop
      vertex   3.622228e+01 9.888860e+00 1.533259e+02
      vertex   3.553073e+01 1.023463e+01 1.536955e+02
      vertex   3.589105e+01 9.906780e+00 1.535202e+02
    endloop
  endfacet
  facet normal 4.104273e-01 -3.630704e-02 9.111702e-01
    outer loop
      vertex   3.589105e+01 9.906780e+00 1.535202e+02
      vertex   3.553073e+01 1.023463e+01 1.536955e+02
      vertex   3.550003e+01 1.013293e+01 1.537053e+02
    endloop
  endfacet
  facet normal 3.240033e-01 -6.866473e-03 9.460310e-01
    outer loop
      vertex   3.550003e+01 1.013293e+01 1.537053e+02
      vertex   3.553073e+01 1.023463e+01 1.536955e+02
      vertex   3.509321e+01 1.036810e+01 1.538463e+02
    endloop
  endfacet
  facet normal 3.717948e-01 1.926480e-01 9.081054e-01
    outer loop
      vertex   3.509321e+01 1.036810e+01 1.538463e+02
      vertex   3.553073e+01 1.023463e+01 1.536955e+02
      vertex   3.478036e+01 1.060982e+01 1.539231e+02
    endloop
  endfacet
  facet normal 1.769991e-01 -8.255686e-02 9.807424e-01
    outer loop
      vertex   3.509321e+01 1.036810e+01 1.538463e+02
      vertex   3.478036e+01 1.060982e+01 1.539231e+02
      vertex   3.467493e+01 1.060988e+01 1.539422e+02
    endloop
  endfacet
  facet normal 1.766902e-01 1.068398e-01 9.784507e-01
    outer loop
      vertex   3.467493e+01 1.060988e+01 1.539422e+02
      vertex   3.478036e+01 1.060982e+01 1.539231e+02
      vertex   3.424960e+01 1.085573e+01 1.539921e+02
    endloop
  endfacet
  facet normal 3.717444e-01 6.047470e-01 7.043346e-01
    outer loop
      vertex   3.478036e+01 1.060982e+01 1.539231e+02
      vertex   3.400000e+01 1.100000e+01 1.540000e+02
      vertex   3.424960e+01 1.085573e+01 1.539921e+02
    endloop
  endfacet
  facet normal -9.961735e-02 -3.341207e-01 9.372512e-01
    outer loop
      vertex   3.476537e+01 9.469266e+00 1.536955e+02
      vertex   3.467022e+01 9.942729e+00 1.538542e+02
      vertex   3.439018e+01 1.021964e+01 1.539231e+02
    endloop
  endfacet
  facet normal 6.345648e-02 -1.802404e-01 9.815736e-01
    outer loop
      vertex   3.439018e+01 1.021964e+01 1.539231e+02
      vertex   3.467022e+01 9.942729e+00 1.538542e+02
      vertex   3.441342e+01 1.034783e+01 1.539452e+02
    endloop
  endfacet
  facet normal -6.847881e-02 -1.569479e-01 9.852299e-01
    outer loop
      vertex   3.439018e+01 1.021964e+01 1.539231e+02
      vertex   3.441342e+01 1.034783e+01 1.539452e+02
      vertex   3.415282e+01 1.075893e+01 1.539926e+02
    endloop
  endfacet
  facet normal 6.198904e-03 -1.106014e-01 9.938455e-01
    outer loop
      vertex   3.415282e+01 1.075893e+01 1.539926e+02
      vertex   3.441342e+01 1.034783e+01 1.539452e+02
      vertex   3.444350e+01 1.037734e+01 1.539483e+02
    endloop
  endfacet
  facet normal 4.350929e-02 -8.238871e-02 9.956501e-01
    outer loop
      vertex   3.415282e+01 1.075893e+01 1.539926e+02
      vertex   3.444350e+01 1.037734e+01 1.539483e+02
      vertex   3.416386e+01 1.076994e+01 1.539930e+02
    endloop
  endfacet
  facet normal 2.259989e-02 -9.720869e-02 9.950074e-01
    outer loop
      vertex   3.416386e+01 1.076994e+01 1.539930e+02
      vertex   3.444350e+01 1.037734e+01 1.539483e+02
      vertex   3.447354e+01 1.040698e+01 1.539505e+02
    endloop
  endfacet
  facet normal 4.793659e-02 -7.570527e-02 9.959773e-01
    outer loop
      vertex   3.416386e+01 1.076994e+01 1.539930e+02
      vertex   3.447354e+01 1.040698e+01 1.539505e+02
      vertex   3.417491e+01 1.078096e+01 1.539933e+02
    endloop
  endfacet
  facet normal -3.306473e-02 -4.839475e-01 8.744722e-01
    outer loop
      vertex   3.511114e+01 8.777719e+00 1.533259e+02
      vertex   3.516292e+01 9.165842e+00 1.535426e+02
      vertex   3.476537e+01 9.469266e+00 1.536955e+02
    endloop
  endfacet
  facet normal 5.353343e-02 -3.925125e-01 9.181874e-01
    outer loop
      vertex   3.476537e+01 9.469266e+00 1.536955e+02
      vertex   3.516292e+01 9.165842e+00 1.535426e+02
      vertex   3.492084e+01 9.547442e+00 1.537199e+02
    endloop
  endfacet
  facet normal 1.022300e-02 -3.158969e-01 9.487385e-01
    outer loop
      vertex   3.476537e+01 9.469266e+00 1.536955e+02
      vertex   3.492084e+01 9.547442e+00 1.537199e+02
      vertex   3.467022e+01 9.942729e+00 1.538542e+02
    endloop
  endfacet
  facet normal 5.465741e-02 -2.900091e-01 9.554618e-01
    outer loop
      vertex   3.467022e+01 9.942729e+00 1.538542e+02
      vertex   3.492084e+01 9.547442e+00 1.537199e+02
      vertex   3.499001e+01 9.610122e+00 1.537349e+02
    endloop
  endfacet
  facet normal 8.870696e-02 -2.594942e-01 9.616620e-01
    outer loop
      vertex   3.467022e+01 9.942729e+00 1.538542e+02
      vertex   3.499001e+01 9.610122e+00 1.537349e+02
      vertex   3.471962e+01 9.989675e+00 1.538623e+02
    endloop
  endfacet
  facet normal 9.009378e-02 -2.585484e-01 9.617878e-01
    outer loop
      vertex   3.471962e+01 9.989675e+00 1.538623e+02
      vertex   3.499001e+01 9.610122e+00 1.537349e+02
      vertex   3.505872e+01 9.674187e+00 1.537457e+02
    endloop
  endfacet
  facet normal 1.130597e-01 -2.351812e-01 9.653535e-01
    outer loop
      vertex   3.471962e+01 9.989675e+00 1.538623e+02
      vertex   3.505872e+01 9.674187e+00 1.537457e+02
      vertex   3.476885e+01 1.003715e+01 1.538681e+02
    endloop
  endfacet
  facet normal 6.947013e-02 -4.934502e-01 8.669953e-01
    outer loop
      vertex   3.516292e+01 9.165842e+00 1.535426e+02
      vertex   3.511114e+01 8.777719e+00 1.533259e+02
      vertex   3.544258e+01 8.725514e+00 1.532696e+02
    endloop
  endfacet
  facet normal 3.433779e-02 -6.237041e-01 7.809060e-01
    outer loop
      vertex   3.544258e+01 8.725514e+00 1.532696e+02
      vertex   3.511114e+01 8.777719e+00 1.533259e+02
      vertex   3.541421e+01 8.171573e+00 1.528284e+02
    endloop
  endfacet
  facet normal 3.041351e-02 -6.236605e-01 7.811035e-01
    outer loop
      vertex   3.544258e+01 8.725514e+00 1.532696e+02
      vertex   3.541421e+01 8.171573e+00 1.528284e+02
      vertex   3.570182e+01 8.318252e+00 1.529343e+02
    endloop
  endfacet
  facet normal 1.333120e-01 -7.385870e-01 6.608458e-01
    outer loop
      vertex   3.570182e+01 8.318252e+00 1.529343e+02
      vertex   3.541421e+01 8.171573e+00 1.528284e+02
      vertex   3.566294e+01 7.674122e+00 1.522223e+02
    endloop
  endfacet
  facet normal 4.098385e-02 -7.420850e-01 6.690517e-01
    outer loop
      vertex   3.570182e+01 8.318252e+00 1.529343e+02
      vertex   3.566294e+01 7.674122e+00 1.522223e+02
      vertex   3.602601e+01 7.811344e+00 1.523522e+02
    endloop
  endfacet
  facet normal 1.065929e-01 -8.177361e-01 5.656374e-01
    outer loop
      vertex   3.602601e+01 7.811344e+00 1.523522e+02
      vertex   3.566294e+01 7.674122e+00 1.522223e+02
      vertex   3.616389e+01 7.597098e+00 1.520165e+02
    endloop
  endfacet
  facet normal 2.290129e-01 -7.751855e-01 5.887618e-01
    outer loop
      vertex   3.602601e+01 7.811344e+00 1.523522e+02
      vertex   3.616389e+01 7.597098e+00 1.520165e+02
      vertex   3.636122e+01 7.695291e+00 1.520691e+02
    endloop
  endfacet
  facet normal 2.690205e-01 -8.150968e-01 5.130743e-01
    outer loop
      vertex   3.636122e+01 7.695291e+00 1.520691e+02
      vertex   3.616389e+01 7.597098e+00 1.520165e+02
      vertex   3.649662e+01 7.508829e+00 1.517018e+02
    endloop
  endfacet
  facet normal 3.570755e-01 -7.731052e-01 5.242189e-01
    outer loop
      vertex   3.636122e+01 7.695291e+00 1.520691e+02
      vertex   3.649662e+01 7.508829e+00 1.517018e+02
      vertex   3.670152e+01 7.627430e+00 1.517372e+02
    endloop
  endfacet
  facet normal 3.950883e-01 -8.110916e-01 4.313184e-01
    outer loop
      vertex   3.670152e+01 7.627430e+00 1.517372e+02
      vertex   3.649662e+01 7.508829e+00 1.517018e+02
      vertex   3.682560e+01 7.474797e+00 1.513365e+02
    endloop
  endfacet
  facet normal 6.449784e-02 -8.728167e-01 4.837676e-01
    outer loop
      vertex   3.566294e+01 7.674122e+00 1.522223e+02
      vertex   3.584776e+01 7.304482e+00 1.515307e+02
      vertex   3.616389e+01 7.597098e+00 1.520165e+02
    endloop
  endfacet
  facet normal 8.834754e-02 -8.776220e-01 4.711416e-01
    outer loop
      vertex   3.616389e+01 7.597098e+00 1.520165e+02
      vertex   3.584776e+01 7.304482e+00 1.515307e+02
      vertex   3.628240e+01 7.413868e+00 1.516530e+02
    endloop
  endfacet
  facet normal 2.531391e-01 -8.282245e-01 4.999647e-01
    outer loop
      vertex   3.616389e+01 7.597098e+00 1.520165e+02
      vertex   3.628240e+01 7.413868e+00 1.516530e+02
      vertex   3.649662e+01 7.508829e+00 1.517018e+02
    endloop
  endfacet
  facet normal 2.885305e-01 -8.635816e-01 4.134936e-01
    outer loop
      vertex   3.649662e+01 7.508829e+00 1.517018e+02
      vertex   3.628240e+01 7.413868e+00 1.516530e+02
      vertex   3.660762e+01 7.356622e+00 1.513065e+02
    endloop
  endfacet
  facet normal 3.859128e-01 -8.194134e-01 4.238313e-01
    outer loop
      vertex   3.649662e+01 7.508829e+00 1.517018e+02
      vertex   3.660762e+01 7.356622e+00 1.513065e+02
      vertex   3.682560e+01 7.474797e+00 1.513365e+02
    endloop
  endfacet
  facet normal 4.177222e-01 -8.511762e-01 3.178164e-01
    outer loop
      vertex   3.682560e+01 7.474797e+00 1.513365e+02
      vertex   3.660762e+01 7.356622e+00 1.513065e+02
      vertex   3.691867e+01 7.360667e+00 1.509085e+02
    endloop
  endfacet
  facet normal 1.234275e-01 -9.162901e-01 3.810225e-01
    outer loop
      vertex   3.628240e+01 7.413868e+00 1.516530e+02
      vertex   3.584776e+01 7.304482e+00 1.515307e+02
      vertex   3.637878e+01 7.265549e+00 1.512651e+02
    endloop
  endfacet
  facet normal 8.065940e-02 -9.503582e-01 3.005219e-01
    outer loop
      vertex   3.637878e+01 7.265549e+00 1.512651e+02
      vertex   3.584776e+01 7.304482e+00 1.515307e+02
      vertex   3.596157e+01 7.076859e+00 1.507804e+02
    endloop
  endfacet
  facet normal 1.118380e-01 -9.547980e-01 2.754142e-01
    outer loop
      vertex   3.637878e+01 7.265549e+00 1.512651e+02
      vertex   3.596157e+01 7.076859e+00 1.507804e+02
      vertex   3.645028e+01 7.156028e+00 1.508564e+02
    endloop
  endfacet
  facet normal 1.320453e-01 -9.768278e-01 1.684385e-01
    outer loop
      vertex   3.645028e+01 7.156028e+00 1.508564e+02
      vertex   3.596157e+01 7.076859e+00 1.507804e+02
      vertex   3.649431e+01 7.088829e+00 1.504321e+02
    endloop
  endfacet
  facet normal 3.081510e-01 -9.341619e-01 1.799569e-01
    outer loop
      vertex   3.645028e+01 7.156028e+00 1.508564e+02
      vertex   3.649431e+01 7.088829e+00 1.504321e+02
      vertex   3.674186e+01 7.173555e+00 1.504481e+02
    endloop
  endfacet
  facet normal 3.177368e-02 1.666368e-03 9.994937e-01
    outer loop
      vertex   3.423664e+01 1.084273e+01 1.539927e+02
      vertex   3.400000e+01 1.100000e+01 1.540000e+02
      vertex   3.422367e+01 1.082974e+01 1.539932e+02
    endloop
  endfacet
  facet normal 2.612233e-02 -5.763702e-03 9.996421e-01
    outer loop
      vertex   3.422367e+01 1.082974e+01 1.539932e+02
      vertex   3.400000e+01 1.100000e+01 1.540000e+02
      vertex   3.421070e+01 1.081674e+01 1.539934e+02
    endloop
  endfacet
  facet normal 1.986731e-02 -1.295817e-02 9.997186e-01
    outer loop
      vertex   3.421070e+01 1.081674e+01 1.539934e+02
      vertex   3.400000e+01 1.100000e+01 1.540000e+02
      vertex   3.419698e+01 1.080302e+01 1.539935e+02
    endloop
  endfacet
  facet normal 1.584697e-03 -2.936799e-02 9.995674e-01
    outer loop
      vertex   3.417491e+01 1.078096e+01 1.539933e+02
      vertex   3.400000e+01 1.100000e+01 1.540000e+02
      vertex   3.416386e+01 1.076994e+01 1.539930e+02
    endloop
  endfacet
  facet normal -4.911105e-03 -3.398993e-02 9.994101e-01
    outer loop
      vertex   3.416386e+01 1.076994e+01 1.539930e+02
      vertex   3.400000e+01 1.100000e+01 1.540000e+02
      vertex   3.415282e+01 1.075893e+01 1.539926e+02
    endloop
  endfacet
  facet normal -4.300264e-01 -2.989176e-01 8.518953e-01
    outer loop
      vertex   3.400000e+01 1.100000e+01 1.540000e+02
      vertex   3.439018e+01 1.021964e+01 1.539231e+02
      vertex   3.415282e+01 1.075893e+01 1.539926e+02
    endloop
  endfacet
  facet normal 9.103302e-01 -3.677549e-01 1.898825e-01
    outer loop
      vertex   3.776269e+01 8.120355e+00 1.504553e+02
      vertex   3.788095e+01 8.404702e+00 1.504391e+02
      vertex   3.769216e+01 8.175526e+00 1.509003e+02
    endloop
  endfacet
  facet normal 9.083074e-01 -3.749279e-01 1.854907e-01
    outer loop
      vertex   3.769216e+01 8.175526e+00 1.509003e+02
      vertex   3.788095e+01 8.404702e+00 1.504391e+02
      vertex   3.781247e+01 8.451749e+00 1.508695e+02
    endloop
  endfacet
  facet normal 8.836759e-01 -3.502457e-01 3.105556e-01
    outer loop
      vertex   3.769216e+01 8.175526e+00 1.509003e+02
      vertex   3.781247e+01 8.451749e+00 1.508695e+02
      vertex   3.757807e+01 8.264506e+00 1.513253e+02
    endloop
  endfacet
  facet normal 8.809176e-01 -3.627088e-01 3.040172e-01
    outer loop
      vertex   3.757807e+01 8.264506e+00 1.513253e+02
      vertex   3.781247e+01 8.451749e+00 1.508695e+02
      vertex   3.770112e+01 8.527973e+00 1.512831e+02
    endloop
  endfacet
  facet normal 8.455663e-01 -3.273394e-01 4.217424e-01
    outer loop
      vertex   3.757807e+01 8.264506e+00 1.513253e+02
      vertex   3.770112e+01 8.527973e+00 1.512831e+02
      vertex   3.742521e+01 8.383305e+00 1.517240e+02
    endloop
  endfacet
  facet normal 8.424110e-01 -3.448684e-01 4.140162e-01
    outer loop
      vertex   3.742521e+01 8.383305e+00 1.517240e+02
      vertex   3.770112e+01 8.527973e+00 1.512831e+02
      vertex   3.755081e+01 8.630395e+00 1.516742e+02
    endloop
  endfacet
  facet normal 7.983720e-01 -3.008070e-01 5.216487e-01
    outer loop
      vertex   3.742521e+01 8.383305e+00 1.517240e+02
      vertex   3.755081e+01 8.630395e+00 1.516742e+02
      vertex   3.723863e+01 8.527764e+00 1.520929e+02
    endloop
  endfacet
  facet normal 7.949257e-01 -3.228489e-01 5.136747e-01
    outer loop
      vertex   3.723863e+01 8.527764e+00 1.520929e+02
      vertex   3.755081e+01 8.630395e+00 1.516742e+02
      vertex   3.736582e+01 8.755871e+00 1.520394e+02
    endloop
  endfacet
  facet normal 7.436024e-01 -2.714034e-01 6.110611e-01
    outer loop
      vertex   3.723863e+01 8.527764e+00 1.520929e+02
      vertex   3.736582e+01 8.755871e+00 1.520394e+02
      vertex   3.702340e+01 8.693726e+00 1.524285e+02
    endloop
  endfacet
  facet normal 7.397716e-01 -2.974833e-01 6.035243e-01
    outer loop
      vertex   3.702340e+01 8.693726e+00 1.524285e+02
      vertex   3.736582e+01 8.755871e+00 1.520394e+02
      vertex   3.715040e+01 8.901253e+00 1.523751e+02
    endloop
  endfacet
  facet normal 6.574729e-01 -2.167410e-01 7.216320e-01
    outer loop
      vertex   3.702340e+01 8.693726e+00 1.524285e+02
      vertex   3.715040e+01 8.901253e+00 1.523751e+02
      vertex   3.652446e+01 9.076461e+00 1.529980e+02
    endloop
  endfacet
  facet normal 6.401783e-01 -2.699731e-01 7.192261e-01
    outer loop
      vertex   3.652446e+01 9.076461e+00 1.529980e+02
      vertex   3.715040e+01 8.901253e+00 1.523751e+02
      vertex   3.664387e+01 9.240948e+00 1.529535e+02
    endloop
  endfacet
  facet normal 5.417076e-01 -1.703534e-01 8.231237e-01
    outer loop
      vertex   3.652446e+01 9.076461e+00 1.529980e+02
      vertex   3.664387e+01 9.240948e+00 1.529535e+02
      vertex   3.613144e+01 9.376739e+00 1.533188e+02
    endloop
  endfacet
  facet normal 5.286833e-01 -2.145084e-01 8.212674e-01
    outer loop
      vertex   3.613144e+01 9.376739e+00 1.533188e+02
      vertex   3.664387e+01 9.240948e+00 1.529535e+02
      vertex   3.623934e+01 9.510953e+00 1.532844e+02
    endloop
  endfacet
  facet normal 4.450129e-01 -1.306717e-01 8.859393e-01
    outer loop
      vertex   3.613144e+01 9.376739e+00 1.533188e+02
      vertex   3.623934e+01 9.510953e+00 1.532844e+02
      vertex   3.571248e+01 9.696202e+00 1.535764e+02
    endloop
  endfacet
  facet normal 4.294502e-01 -1.749885e-01 8.859749e-01
    outer loop
      vertex   3.571248e+01 9.696202e+00 1.535764e+02
      vertex   3.623934e+01 9.510953e+00 1.532844e+02
      vertex   3.580382e+01 9.800961e+00 1.535528e+02
    endloop
  endfacet
  facet normal 3.529758e-01 -9.829939e-02 9.304543e-01
    outer loop
      vertex   3.571248e+01 9.696202e+00 1.535764e+02
      vertex   3.580382e+01 9.800961e+00 1.535528e+02
      vertex   3.535291e+01 9.970097e+00 1.537417e+02
    endloop
  endfacet
  facet normal 3.388781e-01 -1.363747e-01 9.308940e-01
    outer loop
      vertex   3.535291e+01 9.970097e+00 1.537417e+02
      vertex   3.580382e+01 9.800961e+00 1.535528e+02
      vertex   3.542749e+01 1.005125e+01 1.537265e+02
    endloop
  endfacet
  facet normal 2.705664e-01 -6.807020e-02 9.602918e-01
    outer loop
      vertex   3.535291e+01 9.970097e+00 1.537417e+02
      vertex   3.542749e+01 1.005125e+01 1.537265e+02
      vertex   3.498287e+01 1.025182e+01 1.538659e+02
    endloop
  endfacet
  facet normal 2.535151e-01 -1.066637e-01 9.614328e-01
    outer loop
      vertex   3.498287e+01 1.025182e+01 1.538659e+02
      vertex   3.542749e+01 1.005125e+01 1.537265e+02
      vertex   3.503843e+01 1.030987e+01 1.538577e+02
    endloop
  endfacet
  facet normal 1.871029e-01 -4.025639e-02 9.815151e-01
    outer loop
      vertex   3.498287e+01 1.025182e+01 1.538659e+02
      vertex   3.503843e+01 1.030987e+01 1.538577e+02
      vertex   3.460549e+01 1.053909e+01 1.539497e+02
    endloop
  endfacet
  facet normal 1.675170e-01 -7.776305e-02 9.827975e-01
    outer loop
      vertex   3.460549e+01 1.053909e+01 1.539497e+02
      vertex   3.503843e+01 1.030987e+01 1.538577e+02
      vertex   3.464030e+01 1.057446e+01 1.539465e+02
    endloop
  endfacet
  facet normal 1.031485e-01 -1.337863e-02 9.945760e-01
    outer loop
      vertex   3.460549e+01 1.053909e+01 1.539497e+02
      vertex   3.464030e+01 1.057446e+01 1.539465e+02
      vertex   3.422367e+01 1.082974e+01 1.539932e+02
    endloop
  endfacet
  facet normal 8.180046e-02 -4.838415e-02 9.954736e-01
    outer loop
      vertex   3.422367e+01 1.082974e+01 1.539932e+02
      vertex   3.464030e+01 1.057446e+01 1.539465e+02
      vertex   3.423664e+01 1.084273e+01 1.539927e+02
    endloop
  endfacet
  facet normal 7.477326e-01 -6.322822e-01 2.027687e-01
    outer loop
      vertex   3.732402e+01 7.675984e+00 1.509263e+02
      vertex   3.739121e+01 7.608792e+00 1.504690e+02
      vertex   3.760220e+01 7.857142e+00 1.504654e+02
    endloop
  endfacet
  facet normal 8.401464e-01 -5.046884e-01 1.986044e-01
    outer loop
      vertex   3.760220e+01 7.857142e+00 1.504654e+02
      vertex   3.776269e+01 8.120355e+00 1.504553e+02
      vertex   3.753208e+01 7.919076e+00 1.509194e+02
    endloop
  endfacet
  facet normal 8.383294e-01 -5.087320e-01 1.959477e-01
    outer loop
      vertex   3.753208e+01 7.919076e+00 1.509194e+02
      vertex   3.776269e+01 8.120355e+00 1.504553e+02
      vertex   3.769216e+01 8.175526e+00 1.509003e+02
    endloop
  endfacet
  facet normal 8.130864e-01 -4.834403e-01 3.243085e-01
    outer loop
      vertex   3.753208e+01 7.919076e+00 1.509194e+02
      vertex   3.769216e+01 8.175526e+00 1.509003e+02
      vertex   3.741904e+01 8.018754e+00 1.513514e+02
    endloop
  endfacet
  facet normal 8.104594e-01 -4.904951e-01 3.202657e-01
    outer loop
      vertex   3.741904e+01 8.018754e+00 1.513514e+02
      vertex   3.769216e+01 8.175526e+00 1.509003e+02
      vertex   3.757807e+01 8.264506e+00 1.513253e+02
    endloop
  endfacet
  facet normal 7.747628e-01 -4.547779e-01 4.392263e-01
    outer loop
      vertex   3.741904e+01 8.018754e+00 1.513514e+02
      vertex   3.757807e+01 8.264506e+00 1.513253e+02
      vertex   3.726828e+01 8.151436e+00 1.517547e+02
    endloop
  endfacet
  facet normal 7.716072e-01 -4.647395e-01 4.343264e-01
    outer loop
      vertex   3.726828e+01 8.151436e+00 1.517547e+02
      vertex   3.757807e+01 8.264506e+00 1.513253e+02
      vertex   3.742521e+01 8.383305e+00 1.517240e+02
    endloop
  endfacet
  facet normal 7.278280e-01 -4.209417e-01 5.413635e-01
    outer loop
      vertex   3.726828e+01 8.151436e+00 1.517547e+02
      vertex   3.742521e+01 8.383305e+00 1.517240e+02
      vertex   3.708522e+01 8.312197e+00 1.521258e+02
    endloop
  endfacet
  facet normal 7.242984e-01 -4.335121e-01 5.361522e-01
    outer loop
      vertex   3.708522e+01 8.312197e+00 1.521258e+02
      vertex   3.742521e+01 8.383305e+00 1.517240e+02
      vertex   3.723863e+01 8.527764e+00 1.520929e+02
    endloop
  endfacet
  facet normal 6.739754e-01 -3.831099e-01 6.316518e-01
    outer loop
      vertex   3.708522e+01 8.312197e+00 1.521258e+02
      vertex   3.723863e+01 8.527764e+00 1.520929e+02
      vertex   3.687532e+01 8.496116e+00 1.524613e+02
    endloop
  endfacet
  facet normal 6.700887e-01 -3.980350e-01 6.265375e-01
    outer loop
      vertex   3.687532e+01 8.496116e+00 1.524613e+02
      vertex   3.723863e+01 8.527764e+00 1.520929e+02
      vertex   3.702340e+01 8.693726e+00 1.524285e+02
    endloop
  endfacet
  facet normal 5.896751e-01 -3.185675e-01 7.421577e-01
    outer loop
      vertex   3.687532e+01 8.496116e+00 1.524613e+02
      vertex   3.702340e+01 8.693726e+00 1.524285e+02
      vertex   3.639307e+01 8.917427e+00 1.530253e+02
    endloop
  endfacet
  facet normal 5.760549e-01 -3.489787e-01 7.391716e-01
    outer loop
      vertex   3.639307e+01 8.917427e+00 1.530253e+02
      vertex   3.702340e+01 8.693726e+00 1.524285e+02
      vertex   3.652446e+01 9.076461e+00 1.529980e+02
    endloop
  endfacet
  facet normal 4.807306e-01 -2.529774e-01 8.395835e-01
    outer loop
      vertex   3.639307e+01 8.917427e+00 1.530253e+02
      vertex   3.652446e+01 9.076461e+00 1.529980e+02
      vertex   3.601648e+01 9.245670e+00 1.533399e+02
    endloop
  endfacet
  facet normal 4.706857e-01 -2.783832e-01 8.372322e-01
    outer loop
      vertex   3.601648e+01 9.245670e+00 1.533399e+02
      vertex   3.652446e+01 9.076461e+00 1.529980e+02
      vertex   3.613144e+01 9.376739e+00 1.533188e+02
    endloop
  endfacet
  facet normal 3.915682e-01 -1.991753e-01 8.983338e-01
    outer loop
      vertex   3.601648e+01 9.245670e+00 1.533399e+02
      vertex   3.613144e+01 9.376739e+00 1.533188e+02
      vertex   3.561750e+01 9.593027e+00 1.535908e+02
    endloop
  endfacet
  facet normal 3.802054e-01 -2.247304e-01 8.971845e-01
    outer loop
      vertex   3.561750e+01 9.593027e+00 1.535908e+02
      vertex   3.613144e+01 9.376739e+00 1.533188e+02
      vertex   3.571248e+01 9.696202e+00 1.535764e+02
    endloop
  endfacet
  facet normal 3.083551e-01 -1.527595e-01 9.389258e-01
    outer loop
      vertex   3.561750e+01 9.593027e+00 1.535908e+02
      vertex   3.571248e+01 9.696202e+00 1.535764e+02
      vertex   3.527653e+01 9.889707e+00 1.537510e+02
    endloop
  endfacet
  facet normal 2.983418e-01 -1.747730e-01 9.383211e-01
    outer loop
      vertex   3.527653e+01 9.889707e+00 1.537510e+02
      vertex   3.571248e+01 9.696202e+00 1.535764e+02
      vertex   3.535291e+01 9.970097e+00 1.537417e+02
    endloop
  endfacet
  facet normal 2.345023e-01 -1.109381e-01 9.657647e-01
    outer loop
      vertex   3.527653e+01 9.889707e+00 1.537510e+02
      vertex   3.535291e+01 9.970097e+00 1.537417e+02
      vertex   3.492663e+01 1.019406e+01 1.538709e+02
    endloop
  endfacet
  facet normal 2.227693e-01 -1.332454e-01 9.657223e-01
    outer loop
      vertex   3.492663e+01 1.019406e+01 1.538709e+02
      vertex   3.535291e+01 9.970097e+00 1.537417e+02
      vertex   3.498287e+01 1.025182e+01 1.538659e+02
    endloop
  endfacet
  facet normal 1.608436e-01 -7.132531e-02 9.843993e-01
    outer loop
      vertex   3.492663e+01 1.019406e+01 1.538709e+02
      vertex   3.498287e+01 1.025182e+01 1.538659e+02
      vertex   3.457053e+01 1.050378e+01 1.539516e+02
    endloop
  endfacet
  facet normal 1.476630e-01 -9.298328e-02 9.846572e-01
    outer loop
      vertex   3.457053e+01 1.050378e+01 1.539516e+02
      vertex   3.498287e+01 1.025182e+01 1.538659e+02
      vertex   3.460549e+01 1.053909e+01 1.539497e+02
    endloop
  endfacet
  facet normal 8.739041e-02 -3.270419e-02 9.956372e-01
    outer loop
      vertex   3.457053e+01 1.050378e+01 1.539516e+02
      vertex   3.460549e+01 1.053909e+01 1.539497e+02
      vertex   3.421070e+01 1.081674e+01 1.539934e+02
    endloop
  endfacet
  facet normal 7.322915e-02 -5.288309e-02 9.959121e-01
    outer loop
      vertex   3.421070e+01 1.081674e+01 1.539934e+02
      vertex   3.460549e+01 1.053909e+01 1.539497e+02
      vertex   3.422367e+01 1.082974e+01 1.539932e+02
    endloop
  endfacet
  facet normal 4.289221e-01 -8.829575e-01 1.908191e-01
    outer loop
      vertex   3.674186e+01 7.173555e+00 1.504481e+02
      vertex   3.697643e+01 7.290002e+00 1.504596e+02
      vertex   3.669054e+01 7.243398e+00 1.508866e+02
    endloop
  endfacet
  facet normal 4.336405e-01 -8.798852e-01 1.943138e-01
    outer loop
      vertex   3.669054e+01 7.243398e+00 1.508866e+02
      vertex   3.697643e+01 7.290002e+00 1.504596e+02
      vertex   3.691867e+01 7.360667e+00 1.509085e+02
    endloop
  endfacet
  facet normal 4.104648e-01 -8.568081e-01 3.120872e-01
    outer loop
      vertex   3.669054e+01 7.243398e+00 1.508866e+02
      vertex   3.691867e+01 7.360667e+00 1.509085e+02
      vertex   3.660762e+01 7.356622e+00 1.513065e+02
    endloop
  endfacet
  facet normal 2.935488e-01 -9.092861e-01 2.950050e-01
    outer loop
      vertex   3.645028e+01 7.156028e+00 1.508564e+02
      vertex   3.669054e+01 7.243398e+00 1.508866e+02
      vertex   3.637878e+01 7.265549e+00 1.512651e+02
    endloop
  endfacet
  facet normal 3.043961e-01 -9.028796e-01 3.035647e-01
    outer loop
      vertex   3.637878e+01 7.265549e+00 1.512651e+02
      vertex   3.669054e+01 7.243398e+00 1.508866e+02
      vertex   3.660762e+01 7.356622e+00 1.513065e+02
    endloop
  endfacet
  facet normal 2.747891e-01 -8.733383e-01 4.022078e-01
    outer loop
      vertex   3.637878e+01 7.265549e+00 1.512651e+02
      vertex   3.660762e+01 7.356622e+00 1.513065e+02
      vertex   3.628240e+01 7.413868e+00 1.516530e+02
    endloop
  endfacet
  facet normal 3.151917e-01 -9.307961e-01 1.851293e-01
    outer loop
      vertex   3.669054e+01 7.243398e+00 1.508866e+02
      vertex   3.645028e+01 7.156028e+00 1.508564e+02
      vertex   3.674186e+01 7.173555e+00 1.504481e+02
    endloop
  endfacet
  facet normal 7.215651e-01 -6.081651e-01 3.308761e-01
    outer loop
      vertex   3.732402e+01 7.675984e+00 1.509263e+02
      vertex   3.753208e+01 7.919076e+00 1.509194e+02
      vertex   3.721589e+01 7.784108e+00 1.513608e+02
    endloop
  endfacet
  facet normal 7.203798e-01 -6.103974e-01 3.293446e-01
    outer loop
      vertex   3.721589e+01 7.784108e+00 1.513608e+02
      vertex   3.753208e+01 7.919076e+00 1.509194e+02
      vertex   3.741904e+01 8.018754e+00 1.513514e+02
    endloop
  endfacet
  facet normal 6.849260e-01 -5.749326e-01 4.475812e-01
    outer loop
      vertex   3.721589e+01 7.784108e+00 1.513608e+02
      vertex   3.741904e+01 8.018754e+00 1.513514e+02
      vertex   3.707201e+01 7.927986e+00 1.517658e+02
    endloop
  endfacet
  facet normal 6.834875e-01 -5.781122e-01 4.456804e-01
    outer loop
      vertex   3.707201e+01 7.927986e+00 1.517658e+02
      vertex   3.741904e+01 8.018754e+00 1.513514e+02
      vertex   3.726828e+01 8.151436e+00 1.517547e+02
    endloop
  endfacet
  facet normal 6.405157e-01 -5.351314e-01 5.507940e-01
    outer loop
      vertex   3.707201e+01 7.927986e+00 1.517658e+02
      vertex   3.726828e+01 8.151436e+00 1.517547e+02
      vertex   3.689778e+01 8.102224e+00 1.521377e+02
    endloop
  endfacet
  facet normal 6.389067e-01 -5.391718e-01 5.487185e-01
    outer loop
      vertex   3.689778e+01 8.102224e+00 1.521377e+02
      vertex   3.726828e+01 8.151436e+00 1.517547e+02
      vertex   3.708522e+01 8.312197e+00 1.521258e+02
    endloop
  endfacet
  facet normal 5.900172e-01 -4.902533e-01 6.415071e-01
    outer loop
      vertex   3.689778e+01 8.102224e+00 1.521377e+02
      vertex   3.708522e+01 8.312197e+00 1.521258e+02
      vertex   3.669857e+01 8.301434e+00 1.524732e+02
    endloop
  endfacet
  facet normal 5.882656e-01 -4.950766e-01 6.394081e-01
    outer loop
      vertex   3.669857e+01 8.301434e+00 1.524732e+02
      vertex   3.708522e+01 8.312197e+00 1.521258e+02
      vertex   3.687532e+01 8.496116e+00 1.524613e+02
    endloop
  endfacet
  facet normal 5.101398e-01 -4.172666e-01 7.520944e-01
    outer loop
      vertex   3.669857e+01 8.301434e+00 1.524732e+02
      vertex   3.687532e+01 8.496116e+00 1.524613e+02
      vertex   3.624281e+01 8.757190e+00 1.530352e+02
    endloop
  endfacet
  facet normal 5.045762e-01 -4.269923e-01 7.503868e-01
    outer loop
      vertex   3.624281e+01 8.757190e+00 1.530352e+02
      vertex   3.687532e+01 8.496116e+00 1.524613e+02
      vertex   3.639307e+01 8.917427e+00 1.530253e+02
    endloop
  endfacet
  facet normal 4.121712e-01 -3.343638e-01 8.475351e-01
    outer loop
      vertex   3.624281e+01 8.757190e+00 1.530352e+02
      vertex   3.639307e+01 8.917427e+00 1.530253e+02
      vertex   3.588831e+01 9.111693e+00 1.533474e+02
    endloop
  endfacet
  facet normal 4.081553e-01 -3.425791e-01 8.461967e-01
    outer loop
      vertex   3.588831e+01 9.111693e+00 1.533474e+02
      vertex   3.639307e+01 8.917427e+00 1.530253e+02
      vertex   3.601648e+01 9.245670e+00 1.533399e+02
    endloop
  endfacet
  facet normal 3.327941e-01 -2.671899e-01 9.043548e-01
    outer loop
      vertex   3.588831e+01 9.111693e+00 1.533474e+02
      vertex   3.601648e+01 9.245670e+00 1.533399e+02
      vertex   3.551371e+01 9.486288e+00 1.535960e+02
    endloop
  endfacet
  facet normal 3.283921e-01 -2.754593e-01 9.034826e-01
    outer loop
      vertex   3.551371e+01 9.486288e+00 1.535960e+02
      vertex   3.601648e+01 9.245670e+00 1.533399e+02
      vertex   3.561750e+01 9.593027e+00 1.535908e+02
    endloop
  endfacet
  facet normal 2.602151e-01 -2.072440e-01 9.430472e-01
    outer loop
      vertex   3.551371e+01 9.486288e+00 1.535960e+02
      vertex   3.561750e+01 9.593027e+00 1.535908e+02
      vertex   3.519413e+01 9.805870e+00 1.537544e+02
    endloop
  endfacet
  facet normal 2.564095e-01 -2.143875e-01 9.424925e-01
    outer loop
      vertex   3.519413e+01 9.805870e+00 1.537544e+02
      vertex   3.561750e+01 9.593027e+00 1.535908e+02
      vertex   3.527653e+01 9.889707e+00 1.537510e+02
    endloop
  endfacet
  facet normal 1.959891e-01 -1.539687e-01 9.684430e-01
    outer loop
      vertex   3.519413e+01 9.805870e+00 1.537544e+02
      vertex   3.527653e+01 9.889707e+00 1.537510e+02
      vertex   3.486656e+01 1.013344e+01 1.538727e+02
    endloop
  endfacet
  facet normal 1.916076e-01 -1.611897e-01 9.681448e-01
    outer loop
      vertex   3.486656e+01 1.013344e+01 1.538727e+02
      vertex   3.527653e+01 9.889707e+00 1.537510e+02
      vertex   3.492663e+01 1.019406e+01 1.538709e+02
    endloop
  endfacet
  facet normal 1.328621e-01 -1.024467e-01 9.858257e-01
    outer loop
      vertex   3.486656e+01 1.013344e+01 1.538727e+02
      vertex   3.492663e+01 1.019406e+01 1.538709e+02
      vertex   3.453344e+01 1.046656e+01 1.539523e+02
    endloop
  endfacet
  facet normal 1.279990e-01 -1.094317e-01 9.857185e-01
    outer loop
      vertex   3.453344e+01 1.046656e+01 1.539523e+02
      vertex   3.492663e+01 1.019406e+01 1.538709e+02
      vertex   3.457053e+01 1.050378e+01 1.539516e+02
    endloop
  endfacet
  facet normal 7.038507e-02 -5.181637e-02 9.961732e-01
    outer loop
      vertex   3.453344e+01 1.046656e+01 1.539523e+02
      vertex   3.457053e+01 1.050378e+01 1.539516e+02
      vertex   3.419698e+01 1.080302e+01 1.539935e+02
    endloop
  endfacet
  facet normal 6.519717e-02 -5.829189e-02 9.961684e-01
    outer loop
      vertex   3.419698e+01 1.080302e+01 1.539935e+02
      vertex   3.457053e+01 1.050378e+01 1.539516e+02
      vertex   3.421070e+01 1.081674e+01 1.539934e+02
    endloop
  endfacet
  facet normal 7.469264e-01 -6.335488e-01 2.017844e-01
    outer loop
      vertex   3.753208e+01 7.919076e+00 1.509194e+02
      vertex   3.732402e+01 7.675984e+00 1.509263e+02
      vertex   3.760220e+01 7.857142e+00 1.504654e+02
    endloop
  endfacet
  facet normal 3.676602e-01 -7.621748e-01 5.328372e-01
    outer loop
      vertex   3.670152e+01 7.627430e+00 1.517372e+02
      vertex   3.655089e+01 7.813316e+00 1.521070e+02
      vertex   3.636122e+01 7.695291e+00 1.520691e+02
    endloop
  endfacet
  facet normal 3.248129e-01 -7.194090e-01 6.139603e-01
    outer loop
      vertex   3.636122e+01 7.695291e+00 1.520691e+02
      vertex   3.655089e+01 7.813316e+00 1.521070e+02
      vertex   3.620512e+01 7.911276e+00 1.524047e+02
    endloop
  endfacet
  facet normal 2.466678e-01 -7.587179e-01 6.029114e-01
    outer loop
      vertex   3.636122e+01 7.695291e+00 1.520691e+02
      vertex   3.620512e+01 7.911276e+00 1.524047e+02
      vertex   3.602601e+01 7.811344e+00 1.523522e+02
    endloop
  endfacet
  facet normal 1.796476e-01 -6.901293e-01 7.010337e-01
    outer loop
      vertex   3.602601e+01 7.811344e+00 1.523522e+02
      vertex   3.620512e+01 7.911276e+00 1.524047e+02
      vertex   3.570182e+01 8.318252e+00 1.529343e+02
    endloop
  endfacet
  facet normal 3.365589e-01 -7.059593e-01 6.231769e-01
    outer loop
      vertex   3.620512e+01 7.911276e+00 1.524047e+02
      vertex   3.655089e+01 7.813316e+00 1.521070e+02
      vertex   3.637817e+01 8.027203e+00 1.524426e+02
    endloop
  endfacet
  facet normal 2.662910e-01 -6.345164e-01 7.255880e-01
    outer loop
      vertex   3.620512e+01 7.911276e+00 1.524047e+02
      vertex   3.637817e+01 8.027203e+00 1.524426e+02
      vertex   3.584310e+01 8.415144e+00 1.529782e+02
    endloop
  endfacet
  facet normal 2.977961e-01 -6.067837e-01 7.369742e-01
    outer loop
      vertex   3.584310e+01 8.415144e+00 1.529782e+02
      vertex   3.637817e+01 8.027203e+00 1.524426e+02
      vertex   3.598107e+01 8.521178e+00 1.530098e+02
    endloop
  endfacet
  facet normal 2.119192e-01 -5.216600e-01 8.264146e-01
    outer loop
      vertex   3.584310e+01 8.415144e+00 1.529782e+02
      vertex   3.598107e+01 8.521178e+00 1.530098e+02
      vertex   3.555749e+01 8.814482e+00 1.533035e+02
    endloop
  endfacet
  facet normal 2.351437e-01 -4.970016e-01 8.352825e-01
    outer loop
      vertex   3.555749e+01 8.814482e+00 1.533035e+02
      vertex   3.598107e+01 8.521178e+00 1.530098e+02
      vertex   3.567050e+01 8.908863e+00 1.533279e+02
    endloop
  endfacet
  facet normal 1.654466e-01 -4.273568e-01 8.888158e-01
    outer loop
      vertex   3.555749e+01 8.814482e+00 1.533035e+02
      vertex   3.567050e+01 8.908863e+00 1.533279e+02
      vertex   3.525237e+01 9.242051e+00 1.535659e+02
    endloop
  endfacet
  facet normal 1.898595e-01 -4.017476e-01 8.958528e-01
    outer loop
      vertex   3.525237e+01 9.242051e+00 1.535659e+02
      vertex   3.567050e+01 8.908863e+00 1.533279e+02
      vertex   3.534087e+01 9.321057e+00 1.535826e+02
    endloop
  endfacet
  facet normal 1.262768e-01 -3.382711e-01 9.325378e-01
    outer loop
      vertex   3.525237e+01 9.242051e+00 1.535659e+02
      vertex   3.534087e+01 9.321057e+00 1.535826e+02
      vertex   3.499001e+01 9.610122e+00 1.537349e+02
    endloop
  endfacet
  facet normal 1.470944e-01 -3.155814e-01 9.374282e-01
    outer loop
      vertex   3.499001e+01 9.610122e+00 1.537349e+02
      vertex   3.534087e+01 9.321057e+00 1.535826e+02
      vertex   3.505872e+01 9.674187e+00 1.537457e+02
    endloop
  endfacet
  facet normal 1.427076e-01 -5.733320e-01 8.067992e-01
    outer loop
      vertex   3.544258e+01 8.725514e+00 1.532696e+02
      vertex   3.570182e+01 8.318252e+00 1.529343e+02
      vertex   3.584310e+01 8.415144e+00 1.529782e+02
    endloop
  endfacet
  facet normal 2.266398e-01 -6.562769e-01 7.196770e-01
    outer loop
      vertex   3.584310e+01 8.415144e+00 1.529782e+02
      vertex   3.570182e+01 8.318252e+00 1.529343e+02
      vertex   3.620512e+01 7.911276e+00 1.524047e+02
    endloop
  endfacet
  facet normal 1.773929e-01 -5.421972e-01 8.213124e-01
    outer loop
      vertex   3.544258e+01 8.725514e+00 1.532696e+02
      vertex   3.584310e+01 8.415144e+00 1.529782e+02
      vertex   3.555749e+01 8.814482e+00 1.533035e+02
    endloop
  endfacet
  facet normal 1.083806e-01 -4.732328e-01 8.742450e-01
    outer loop
      vertex   3.516292e+01 9.165842e+00 1.535426e+02
      vertex   3.544258e+01 8.725514e+00 1.532696e+02
      vertex   3.555749e+01 8.814482e+00 1.533035e+02
    endloop
  endfacet
  facet normal 1.447357e-01 -4.404340e-01 8.860415e-01
    outer loop
      vertex   3.516292e+01 9.165842e+00 1.535426e+02
      vertex   3.555749e+01 8.814482e+00 1.533035e+02
      vertex   3.525237e+01 9.242051e+00 1.535659e+02
    endloop
  endfacet
  facet normal 8.119973e-02 -3.770278e-01 9.226357e-01
    outer loop
      vertex   3.492084e+01 9.547442e+00 1.537199e+02
      vertex   3.516292e+01 9.165842e+00 1.535426e+02
      vertex   3.525237e+01 9.242051e+00 1.535659e+02
    endloop
  endfacet
  facet normal 1.121700e-01 -3.475815e-01 9.309162e-01
    outer loop
      vertex   3.492084e+01 9.547442e+00 1.537199e+02
      vertex   3.525237e+01 9.242051e+00 1.535659e+02
      vertex   3.499001e+01 9.610122e+00 1.537349e+02
    endloop
  endfacet
  facet normal 3.010116e-02 -2.008430e-01 9.791609e-01
    outer loop
      vertex   3.441342e+01 1.034783e+01 1.539452e+02
      vertex   3.467022e+01 9.942729e+00 1.538542e+02
      vertex   3.471962e+01 9.989675e+00 1.538623e+02
    endloop
  endfacet
  facet normal 8.047144e-02 -1.550831e-01 9.846185e-01
    outer loop
      vertex   3.447354e+01 1.040698e+01 1.539505e+02
      vertex   3.444350e+01 1.037734e+01 1.539483e+02
      vertex   3.476885e+01 1.003715e+01 1.538681e+02
    endloop
  endfacet
  facet normal 5.593718e-02 -1.780323e-01 9.824335e-01
    outer loop
      vertex   3.476885e+01 1.003715e+01 1.538681e+02
      vertex   3.444350e+01 1.037734e+01 1.539483e+02
      vertex   3.471962e+01 9.989675e+00 1.538623e+02
    endloop
  endfacet
  facet normal 6.634903e-02 -1.707588e-01 9.830764e-01
    outer loop
      vertex   3.444350e+01 1.037734e+01 1.539483e+02
      vertex   3.441342e+01 1.034783e+01 1.539452e+02
      vertex   3.471962e+01 9.989675e+00 1.538623e+02
    endloop
  endfacet
  facet normal 9.908069e-01 8.890978e-02 1.019644e-01
    outer loop
      vertex   3.792314e+01 6.096157e+01 1.507804e+02
      vertex   3.800000e+01 6.100000e+01 1.500000e+02
      vertex   3.791117e+01 6.149431e+01 1.504321e+02
    endloop
  endfacet
  facet normal 9.899761e-01 1.303328e-01 5.441224e-02
    outer loop
      vertex   3.791117e+01 6.149431e+01 1.504321e+02
      vertex   3.800000e+01 6.100000e+01 1.500000e+02
      vertex   3.793185e+01 6.151764e+01 1.500000e+02
    endloop
  endfacet
  facet normal 9.454943e-01 3.195844e-01 6.250073e-02
    outer loop
      vertex   3.791117e+01 6.149431e+01 1.504321e+02
      vertex   3.793185e+01 6.151764e+01 1.500000e+02
      vertex   3.782644e+01 6.174186e+01 1.504481e+02
    endloop
  endfacet
  facet normal 9.235712e-01 3.825557e-01 2.583183e-02
    outer loop
      vertex   3.782644e+01 6.174186e+01 1.504481e+02
      vertex   3.793185e+01 6.151764e+01 1.500000e+02
      vertex   3.773205e+01 6.200000e+01 1.500000e+02
    endloop
  endfacet
  facet normal 8.950606e-01 4.410982e-01 6.556577e-02
    outer loop
      vertex   3.782644e+01 6.174186e+01 1.504481e+02
      vertex   3.773205e+01 6.200000e+01 1.500000e+02
      vertex   3.771000e+01 6.197643e+01 1.504596e+02
    endloop
  endfacet
  facet normal 8.297462e-01 5.539561e-01 6.821950e-02
    outer loop
      vertex   3.771000e+01 6.197643e+01 1.504596e+02
      vertex   3.773205e+01 6.200000e+01 1.500000e+02
      vertex   3.756407e+01 6.219414e+01 1.504666e+02
    endloop
  endfacet
  facet normal 8.171168e-01 5.412973e-01 1.982859e-01
    outer loop
      vertex   3.771000e+01 6.197643e+01 1.504596e+02
      vertex   3.756407e+01 6.219414e+01 1.504666e+02
      vertex   3.763933e+01 6.191867e+01 1.509085e+02
    endloop
  endfacet
  facet normal 8.148842e-01 5.439157e-01 2.002985e-01
    outer loop
      vertex   3.763933e+01 6.191867e+01 1.509085e+02
      vertex   3.756407e+01 6.219414e+01 1.504666e+02
      vertex   3.749433e+01 6.213101e+01 1.509218e+02
    endloop
  endfacet
  facet normal 7.906483e-01 5.196217e-01 3.238340e-01
    outer loop
      vertex   3.763933e+01 6.191867e+01 1.509085e+02
      vertex   3.749433e+01 6.213101e+01 1.509218e+02
      vertex   3.752520e+01 6.182560e+01 1.513365e+02
    endloop
  endfacet
  facet normal 7.866505e-01 5.236358e-01 3.270880e-01
    outer loop
      vertex   3.752520e+01 6.182560e+01 1.513365e+02
      vertex   3.749433e+01 6.213101e+01 1.509218e+02
      vertex   3.738196e+01 6.202942e+01 1.513547e+02
    endloop
  endfacet
  facet normal 7.531900e-01 4.901500e-01 4.387001e-01
    outer loop
      vertex   3.752520e+01 6.182560e+01 1.513365e+02
      vertex   3.738196e+01 6.202942e+01 1.513547e+02
      vertex   3.737257e+01 6.170152e+01 1.517372e+02
    endloop
  endfacet
  facet normal 7.474015e-01 4.952107e-01 4.428966e-01
    outer loop
      vertex   3.737257e+01 6.170152e+01 1.517372e+02
      vertex   3.738196e+01 6.202942e+01 1.513547e+02
      vertex   3.723217e+01 6.189424e+01 1.517586e+02
    endloop
  endfacet
  facet normal 7.073236e-01 4.551182e-01 5.408889e-01
    outer loop
      vertex   3.737257e+01 6.170152e+01 1.517372e+02
      vertex   3.723217e+01 6.189424e+01 1.517586e+02
      vertex   3.718668e+01 6.155089e+01 1.521070e+02
    endloop
  endfacet
  facet normal 6.998494e-01 4.609453e-01 5.456558e-01
    outer loop
      vertex   3.718668e+01 6.155089e+01 1.521070e+02
      vertex   3.723217e+01 6.189424e+01 1.517586e+02
      vertex   3.705045e+01 6.173051e+01 1.521300e+02
    endloop
  endfacet
  facet normal 6.547101e-01 4.157524e-01 6.312722e-01
    outer loop
      vertex   3.718668e+01 6.155089e+01 1.521070e+02
      vertex   3.705045e+01 6.173051e+01 1.521300e+02
      vertex   3.697280e+01 6.137817e+01 1.524426e+02
    endloop
  endfacet
  facet normal 6.456459e-01 4.222115e-01 6.363009e-01
    outer loop
      vertex   3.697280e+01 6.137817e+01 1.524426e+02
      vertex   3.705045e+01 6.173051e+01 1.521300e+02
      vertex   3.684225e+01 6.154327e+01 1.524655e+02
    endloop
  endfacet
  facet normal 5.717947e-01 3.490953e-01 7.424172e-01
    outer loop
      vertex   3.697280e+01 6.137817e+01 1.524426e+02
      vertex   3.684225e+01 6.154327e+01 1.524655e+02
      vertex   3.647882e+01 6.098107e+01 1.530098e+02
    endloop
  endfacet
  facet normal 5.530951e-01 3.666738e-01 7.480884e-01
    outer loop
      vertex   3.647882e+01 6.098107e+01 1.530098e+02
      vertex   3.684225e+01 6.154327e+01 1.524655e+02
      vertex   3.636451e+01 6.111466e+01 1.530288e+02
    endloop
  endfacet
  facet normal 4.657386e-01 2.788401e-01 8.398427e-01
    outer loop
      vertex   3.647882e+01 6.098107e+01 1.530098e+02
      vertex   3.636451e+01 6.111466e+01 1.530288e+02
      vertex   3.609114e+01 6.067050e+01 1.533279e+02
    endloop
  endfacet
  facet normal 4.495318e-01 2.917910e-01 8.442625e-01
    outer loop
      vertex   3.609114e+01 6.067050e+01 1.533279e+02
      vertex   3.636451e+01 6.111466e+01 1.530288e+02
      vertex   3.599188e+01 6.078098e+01 1.533425e+02
    endloop
  endfacet
  facet normal 3.787045e-01 2.209231e-01 8.987635e-01
    outer loop
      vertex   3.609114e+01 6.067050e+01 1.533279e+02
      vertex   3.599188e+01 6.078098e+01 1.533425e+02
      vertex   3.567894e+01 6.034087e+01 1.535826e+02
    endloop
  endfacet
  facet normal 3.620631e-01 2.346022e-01 9.021486e-01
    outer loop
      vertex   3.567894e+01 6.034087e+01 1.535826e+02
      vertex   3.599188e+01 6.078098e+01 1.533425e+02
      vertex   3.559743e+01 6.042809e+01 1.535926e+02
    endloop
  endfacet
  facet normal 2.978695e-01 1.703372e-01 9.392864e-01
    outer loop
      vertex   3.567894e+01 6.034087e+01 1.535826e+02
      vertex   3.559743e+01 6.042809e+01 1.535926e+02
      vertex   3.532581e+01 6.005872e+01 1.537457e+02
    endloop
  endfacet
  facet normal 2.832813e-01 1.820257e-01 9.416041e-01
    outer loop
      vertex   3.532581e+01 6.005872e+01 1.537457e+02
      vertex   3.559743e+01 6.042809e+01 1.535926e+02
      vertex   3.526051e+01 6.012682e+01 1.537522e+02
    endloop
  endfacet
  facet normal 2.260477e-01 1.248063e-01 9.660879e-01
    outer loop
      vertex   3.532581e+01 6.005872e+01 1.537457e+02
      vertex   3.526051e+01 6.012682e+01 1.537522e+02
      vertex   3.496285e+01 5.976885e+01 1.538681e+02
    endloop
  endfacet
  facet normal 2.110981e-01 1.377622e-01 9.677082e-01
    outer loop
      vertex   3.496285e+01 5.976885e+01 1.538681e+02
      vertex   3.526051e+01 6.012682e+01 1.537522e+02
      vertex   3.491491e+01 5.981785e+01 1.538716e+02
    endloop
  endfacet
  facet normal 1.545148e-01 8.119162e-02 9.846487e-01
    outer loop
      vertex   3.496285e+01 5.976885e+01 1.538681e+02
      vertex   3.491491e+01 5.981785e+01 1.538716e+02
      vertex   3.459302e+01 5.947354e+01 1.539505e+02
    endloop
  endfacet
  facet normal 1.398758e-01 9.509340e-02 9.855922e-01
    outer loop
      vertex   3.459302e+01 5.947354e+01 1.539505e+02
      vertex   3.491491e+01 5.981785e+01 1.538716e+02
      vertex   3.456327e+01 5.950352e+01 1.539518e+02
    endloop
  endfacet
  facet normal 8.324679e-02 3.846485e-02 9.957863e-01
    outer loop
      vertex   3.459302e+01 5.947354e+01 1.539505e+02
      vertex   3.456327e+01 5.950352e+01 1.539518e+02
      vertex   3.421904e+01 5.917491e+01 1.539933e+02
    endloop
  endfacet
  facet normal 6.953623e-02 5.287649e-02 9.961771e-01
    outer loop
      vertex   3.421904e+01 5.917491e+01 1.539933e+02
      vertex   3.456327e+01 5.950352e+01 1.539518e+02
      vertex   3.420801e+01 5.918594e+01 1.539935e+02
    endloop
  endfacet
  facet normal 2.443488e-02 7.766550e-03 9.996713e-01
    outer loop
      vertex   3.421904e+01 5.917491e+01 1.539933e+02
      vertex   3.420801e+01 5.918594e+01 1.539935e+02
      vertex   3.400000e+01 5.900000e+01 1.540000e+02
    endloop
  endfacet
  facet normal 7.929393e-01 6.084438e-01 3.230150e-02
    outer loop
      vertex   3.773205e+01 6.200000e+01 1.500000e+02
      vertex   3.741421e+01 6.241421e+01 1.500000e+02
      vertex   3.756407e+01 6.219414e+01 1.504666e+02
    endloop
  endfacet
  facet normal 7.503792e-01 6.573908e-01 6.905398e-02
    outer loop
      vertex   3.756407e+01 6.219414e+01 1.504666e+02
      vertex   3.741421e+01 6.241421e+01 1.500000e+02
      vertex   3.739121e+01 6.239121e+01 1.504690e+02
    endloop
  endfacet
  facet normal 7.374122e-01 6.444154e-01 2.023661e-01
    outer loop
      vertex   3.756407e+01 6.219414e+01 1.504666e+02
      vertex   3.739121e+01 6.239121e+01 1.504690e+02
      vertex   3.749433e+01 6.213101e+01 1.509218e+02
    endloop
  endfacet
  facet normal 7.365352e-01 6.452112e-01 2.030232e-01
    outer loop
      vertex   3.749433e+01 6.213101e+01 1.509218e+02
      vertex   3.739121e+01 6.239121e+01 1.504690e+02
      vertex   3.732402e+01 6.232402e+01 1.509263e+02
    endloop
  endfacet
  facet normal 7.115401e-01 6.201981e-01 3.302500e-01
    outer loop
      vertex   3.749433e+01 6.213101e+01 1.509218e+02
      vertex   3.732402e+01 6.232402e+01 1.509263e+02
      vertex   3.738196e+01 6.202942e+01 1.513547e+02
    endloop
  endfacet
  facet normal 7.099951e-01 6.214111e-01 3.312931e-01
    outer loop
      vertex   3.738196e+01 6.202942e+01 1.513547e+02
      vertex   3.732402e+01 6.232402e+01 1.509263e+02
      vertex   3.721589e+01 6.221589e+01 1.513608e+02
    endloop
  endfacet
  facet normal 6.753407e-01 5.867496e-01 4.468108e-01
    outer loop
      vertex   3.738196e+01 6.202942e+01 1.513547e+02
      vertex   3.721589e+01 6.221589e+01 1.513608e+02
      vertex   3.723217e+01 6.189424e+01 1.517586e+02
    endloop
  endfacet
  facet normal 6.731370e-01 5.882721e-01 4.481321e-01
    outer loop
      vertex   3.723217e+01 6.189424e+01 1.517586e+02
      vertex   3.721589e+01 6.221589e+01 1.513608e+02
      vertex   3.707201e+01 6.207201e+01 1.517658e+02
    endloop
  endfacet
  facet normal 6.314750e-01 5.466062e-01 5.499645e-01
    outer loop
      vertex   3.723217e+01 6.189424e+01 1.517586e+02
      vertex   3.707201e+01 6.207201e+01 1.517658e+02
      vertex   3.705045e+01 6.173051e+01 1.521300e+02
    endloop
  endfacet
  facet normal 6.286672e-01 5.483551e-01 5.514383e-01
    outer loop
      vertex   3.705045e+01 6.173051e+01 1.521300e+02
      vertex   3.707201e+01 6.207201e+01 1.517658e+02
      vertex   3.689778e+01 6.189778e+01 1.521377e+02
    endloop
  endfacet
  facet normal 5.816007e-01 5.012700e-01 6.406786e-01
    outer loop
      vertex   3.705045e+01 6.173051e+01 1.521300e+02
      vertex   3.689778e+01 6.189778e+01 1.521377e+02
      vertex   3.684225e+01 6.154327e+01 1.524655e+02
    endloop
  endfacet
  facet normal 5.782365e-01 5.032069e-01 6.422036e-01
    outer loop
      vertex   3.684225e+01 6.154327e+01 1.524655e+02
      vertex   3.689778e+01 6.189778e+01 1.521377e+02
      vertex   3.669857e+01 6.169857e+01 1.524732e+02
    endloop
  endfacet
  facet normal 5.024057e-01 4.276299e-01 7.514793e-01
    outer loop
      vertex   3.684225e+01 6.154327e+01 1.524655e+02
      vertex   3.669857e+01 6.169857e+01 1.524732e+02
      vertex   3.636451e+01 6.111466e+01 1.530288e+02
    endloop
  endfacet
  facet normal 4.954801e-01 4.330258e-01 7.529861e-01
    outer loop
      vertex   3.636451e+01 6.111466e+01 1.530288e+02
      vertex   3.669857e+01 6.169857e+01 1.524732e+02
      vertex   3.624281e+01 6.124281e+01 1.530352e+02
    endloop
  endfacet
  facet normal 4.058348e-01 3.432139e-01 8.470551e-01
    outer loop
      vertex   3.636451e+01 6.111466e+01 1.530288e+02
      vertex   3.624281e+01 6.124281e+01 1.530352e+02
      vertex   3.599188e+01 6.078098e+01 1.533425e+02
    endloop
  endfacet
  facet normal 3.999583e-01 3.471885e-01 8.482296e-01
    outer loop
      vertex   3.599188e+01 6.078098e+01 1.533425e+02
      vertex   3.624281e+01 6.124281e+01 1.530352e+02
      vertex   3.588831e+01 6.088831e+01 1.533474e+02
    endloop
  endfacet
  facet normal 3.274449e-01 2.746588e-01 9.040699e-01
    outer loop
      vertex   3.599188e+01 6.078098e+01 1.533425e+02
      vertex   3.588831e+01 6.088831e+01 1.533474e+02
      vertex   3.559743e+01 6.042809e+01 1.535926e+02
    endloop
  endfacet
  facet normal 3.214719e-01 2.788863e-01 9.049189e-01
    outer loop
      vertex   3.559743e+01 6.042809e+01 1.535926e+02
      vertex   3.588831e+01 6.088831e+01 1.533474e+02
      vertex   3.551371e+01 6.051371e+01 1.535960e+02
    endloop
  endfacet
  facet normal 2.559146e-01 2.133027e-01 9.428731e-01
    outer loop
      vertex   3.559743e+01 6.042809e+01 1.535926e+02
      vertex   3.551371e+01 6.051371e+01 1.535960e+02
      vertex   3.526051e+01 6.012682e+01 1.537522e+02
    endloop
  endfacet
  facet normal 2.507275e-01 2.169262e-01 9.434398e-01
    outer loop
      vertex   3.526051e+01 6.012682e+01 1.537522e+02
      vertex   3.551371e+01 6.051371e+01 1.535960e+02
      vertex   3.519413e+01 6.019413e+01 1.537544e+02
    endloop
  endfacet
  facet normal 1.925544e-01 1.587565e-01 9.683590e-01
    outer loop
      vertex   3.526051e+01 6.012682e+01 1.537522e+02
      vertex   3.519413e+01 6.019413e+01 1.537544e+02
      vertex   3.491491e+01 5.981785e+01 1.538716e+02
    endloop
  endfacet
  facet normal 1.872621e-01 1.627980e-01 9.687258e-01
    outer loop
      vertex   3.491491e+01 5.981785e+01 1.538716e+02
      vertex   3.519413e+01 6.019413e+01 1.537544e+02
      vertex   3.486656e+01 5.986656e+01 1.538727e+02
    endloop
  endfacet
  facet normal 1.303100e-01 1.058492e-01 9.858069e-01
    outer loop
      vertex   3.491491e+01 5.981785e+01 1.538716e+02
      vertex   3.486656e+01 5.986656e+01 1.538727e+02
      vertex   3.456327e+01 5.950352e+01 1.539518e+02
    endloop
  endfacet
  facet normal 1.251409e-01 1.102092e-01 9.859988e-01
    outer loop
      vertex   3.456327e+01 5.950352e+01 1.539518e+02
      vertex   3.486656e+01 5.986656e+01 1.538727e+02
      vertex   3.453344e+01 5.953344e+01 1.539523e+02
    endloop
  endfacet
  facet normal 6.872122e-02 5.378923e-02 9.961848e-01
    outer loop
      vertex   3.456327e+01 5.950352e+01 1.539518e+02
      vertex   3.453344e+01 5.953344e+01 1.539523e+02
      vertex   3.420801e+01 5.918594e+01 1.539935e+02
    endloop
  endfacet
  facet normal 6.388185e-02 5.832919e-02 9.962514e-01
    outer loop
      vertex   3.420801e+01 5.918594e+01 1.539935e+02
      vertex   3.453344e+01 5.953344e+01 1.539523e+02
      vertex   3.419698e+01 5.919698e+01 1.539935e+02
    endloop
  endfacet
  facet normal 1.919059e-02 1.363503e-02 9.997229e-01
    outer loop
      vertex   3.420801e+01 5.918594e+01 1.539935e+02
      vertex   3.419698e+01 5.919698e+01 1.539935e+02
      vertex   3.400000e+01 5.900000e+01 1.540000e+02
    endloop
  endfacet
  facet normal 6.453347e-01 7.607798e-01 6.897277e-02
    outer loop
      vertex   3.739121e+01 6.239121e+01 1.504690e+02
      vertex   3.741421e+01 6.241421e+01 1.500000e+02
      vertex   3.714286e+01 6.260220e+01 1.504654e+02
    endloop
  endfacet
  facet normal 6.083997e-01 7.928820e-01 3.446699e-02
    outer loop
      vertex   3.714286e+01 6.260220e+01 1.504654e+02
      vertex   3.741421e+01 6.241421e+01 1.500000e+02
      vertex   3.700000e+01 6.273205e+01 1.500000e+02
    endloop
  endfacet
  facet normal 5.167528e-01 8.524610e-01 7.922571e-02
    outer loop
      vertex   3.714286e+01 6.260220e+01 1.504654e+02
      vertex   3.700000e+01 6.273205e+01 1.500000e+02
      vertex   3.687964e+01 6.276269e+01 1.504553e+02
    endloop
  endfacet
  facet normal 3.823930e-01 9.231785e-01 3.895008e-02
    outer loop
      vertex   3.687964e+01 6.276269e+01 1.504553e+02
      vertex   3.700000e+01 6.273205e+01 1.500000e+02
      vertex   3.651764e+01 6.293185e+01 1.500000e+02
    endloop
  endfacet
  facet normal 3.817819e-01 9.234071e-01 3.952092e-02
    outer loop
      vertex   3.687964e+01 6.276269e+01 1.504553e+02
      vertex   3.651764e+01 6.293185e+01 1.500000e+02
      vertex   3.659530e+01 6.288095e+01 1.504391e+02
    endloop
  endfacet
  facet normal 2.325891e-01 9.699576e-01 7.130589e-02
    outer loop
      vertex   3.659530e+01 6.288095e+01 1.504391e+02
      vertex   3.651764e+01 6.293185e+01 1.500000e+02
      vertex   3.629651e+01 6.295422e+01 1.504170e+02
    endloop
  endfacet
  facet normal 2.220792e-01 9.588603e-01 1.768271e-01
    outer loop
      vertex   3.659530e+01 6.288095e+01 1.504391e+02
      vertex   3.629651e+01 6.295422e+01 1.504170e+02
      vertex   3.654825e+01 6.281247e+01 1.508695e+02
    endloop
  endfacet
  facet normal 2.325950e-01 9.575028e-01 1.705517e-01
    outer loop
      vertex   3.654825e+01 6.281247e+01 1.508695e+02
      vertex   3.629651e+01 6.295422e+01 1.504170e+02
      vertex   3.625853e+01 6.289031e+01 1.508276e+02
    endloop
  endfacet
  facet normal 2.090015e-01 9.339376e-01 2.899638e-01
    outer loop
      vertex   3.654825e+01 6.281247e+01 1.508695e+02
      vertex   3.625853e+01 6.289031e+01 1.508276e+02
      vertex   3.647203e+01 6.270112e+01 1.512831e+02
    endloop
  endfacet
  facet normal 2.272595e-01 9.324731e-01 2.807973e-01
    outer loop
      vertex   3.647203e+01 6.270112e+01 1.512831e+02
      vertex   3.625853e+01 6.289031e+01 1.508276e+02
      vertex   3.619649e+01 6.278557e+01 1.512257e+02
    endloop
  endfacet
  facet normal 1.927691e-01 8.979889e-01 3.955452e-01
    outer loop
      vertex   3.647203e+01 6.270112e+01 1.512831e+02
      vertex   3.619649e+01 6.278557e+01 1.512257e+02
      vertex   3.636960e+01 6.255081e+01 1.516742e+02
    endloop
  endfacet
  facet normal 2.184281e-01 8.967080e-01 3.849726e-01
    outer loop
      vertex   3.636960e+01 6.255081e+01 1.516742e+02
      vertex   3.619649e+01 6.278557e+01 1.512257e+02
      vertex   3.611216e+01 6.264265e+01 1.516064e+02
    endloop
  endfacet
  facet normal 1.745667e-01 8.528697e-01 4.920769e-01
    outer loop
      vertex   3.636960e+01 6.255081e+01 1.516742e+02
      vertex   3.611216e+01 6.264265e+01 1.516064e+02
      vertex   3.624413e+01 6.236582e+01 1.520394e+02
    endloop
  endfacet
  facet normal 2.068078e-01 8.516971e-01 4.815004e-01
    outer loop
      vertex   3.624413e+01 6.236582e+01 1.520394e+02
      vertex   3.611216e+01 6.264265e+01 1.516064e+02
      vertex   3.600751e+01 6.246457e+01 1.519663e+02
    endloop
  endfacet
  facet normal 1.546591e-01 7.997054e-01 5.801308e-01
    outer loop
      vertex   3.624413e+01 6.236582e+01 1.520394e+02
      vertex   3.600751e+01 6.246457e+01 1.519663e+02
      vertex   3.609875e+01 6.215040e+01 1.523751e+02
    endloop
  endfacet
  facet normal 1.927636e-01 7.983150e-01 5.705570e-01
    outer loop
      vertex   3.609875e+01 6.215040e+01 1.523751e+02
      vertex   3.600751e+01 6.246457e+01 1.519663e+02
      vertex   3.588450e+01 6.225437e+01 1.523020e+02
    endloop
  endfacet
  facet normal 1.109987e-01 7.144104e-01 6.908669e-01
    outer loop
      vertex   3.609875e+01 6.215040e+01 1.523751e+02
      vertex   3.588450e+01 6.225437e+01 1.523020e+02
      vertex   3.575905e+01 6.164387e+01 1.529535e+02
    endloop
  endfacet
  facet normal 1.889615e-01 6.981106e-01 6.906049e-01
    outer loop
      vertex   3.575905e+01 6.164387e+01 1.529535e+02
      vertex   3.588450e+01 6.225437e+01 1.523020e+02
      vertex   3.559089e+01 6.175001e+01 1.528922e+02
    endloop
  endfacet
  facet normal 8.533723e-02 5.961372e-01 7.983345e-01
    outer loop
      vertex   3.575905e+01 6.164387e+01 1.529535e+02
      vertex   3.559089e+01 6.175001e+01 1.528922e+02
      vertex   3.548905e+01 6.123934e+01 1.532844e+02
    endloop
  endfacet
  facet normal 1.497825e-01 5.832869e-01 7.983368e-01
    outer loop
      vertex   3.548905e+01 6.123934e+01 1.532844e+02
      vertex   3.559089e+01 6.175001e+01 1.528922e+02
      vertex   3.535272e+01 6.133933e+01 1.532369e+02
    endloop
  endfacet
  facet normal 6.043150e-02 4.941932e-01 8.672491e-01
    outer loop
      vertex   3.548905e+01 6.123934e+01 1.532844e+02
      vertex   3.535272e+01 6.133933e+01 1.532369e+02
      vertex   3.519904e+01 6.080382e+01 1.535528e+02
    endloop
  endfacet
  facet normal 1.250859e-01 4.771782e-01 8.698589e-01
    outer loop
      vertex   3.519904e+01 6.080382e+01 1.535528e+02
      vertex   3.535272e+01 6.133933e+01 1.532369e+02
      vertex   3.509322e+01 6.089105e+01 1.535202e+02
    endloop
  endfacet
  facet normal 4.267346e-02 3.950872e-01 9.176519e-01
    outer loop
      vertex   3.519904e+01 6.080382e+01 1.535528e+02
      vertex   3.509322e+01 6.089105e+01 1.535202e+02
      vertex   3.494875e+01 6.042749e+01 1.537265e+02
    endloop
  endfacet
  facet normal 9.816870e-02 3.789276e-01 9.202047e-01
    outer loop
      vertex   3.494875e+01 6.042749e+01 1.537265e+02
      vertex   3.509322e+01 6.089105e+01 1.535202e+02
      vertex   3.486707e+01 6.050003e+01 1.537053e+02
    endloop
  endfacet
  facet normal 2.432525e-02 3.050698e-01 9.520193e-01
    outer loop
      vertex   3.494875e+01 6.042749e+01 1.537265e+02
      vertex   3.486707e+01 6.050003e+01 1.537053e+02
      vertex   3.469013e+01 6.003843e+01 1.538577e+02
    endloop
  endfacet
  facet normal 8.064718e-02 2.845516e-01 9.552625e-01
    outer loop
      vertex   3.469013e+01 6.003843e+01 1.538577e+02
      vertex   3.486707e+01 6.050003e+01 1.537053e+02
      vertex   3.463190e+01 6.009321e+01 1.538463e+02
    endloop
  endfacet
  facet normal 8.433211e-03 2.123360e-01 9.771603e-01
    outer loop
      vertex   3.469013e+01 6.003843e+01 1.538577e+02
      vertex   3.463190e+01 6.009321e+01 1.538463e+02
      vertex   3.442554e+01 5.964030e+01 1.539465e+02
    endloop
  endfacet
  facet normal 6.325938e-02 1.880124e-01 9.801273e-01
    outer loop
      vertex   3.442554e+01 5.964030e+01 1.539465e+02
      vertex   3.463190e+01 6.009321e+01 1.538463e+02
      vertex   3.439012e+01 5.967493e+01 1.539422e+02
    endloop
  endfacet
  facet normal -6.676528e-03 1.181078e-01 9.929783e-01
    outer loop
      vertex   3.442554e+01 5.964030e+01 1.539465e+02
      vertex   3.439012e+01 5.967493e+01 1.539422e+02
      vertex   3.415727e+01 5.923664e+01 1.539927e+02
    endloop
  endfacet
  facet normal 4.459525e-02 9.108371e-02 9.948442e-01
    outer loop
      vertex   3.415727e+01 5.923664e+01 1.539927e+02
      vertex   3.439012e+01 5.967493e+01 1.539422e+02
      vertex   3.414427e+01 5.924960e+01 1.539921e+02
    endloop
  endfacet
  facet normal -9.532772e-03 3.699475e-02 9.992700e-01
    outer loop
      vertex   3.415727e+01 5.923664e+01 1.539927e+02
      vertex   3.414427e+01 5.924960e+01 1.539921e+02
      vertex   3.400000e+01 5.900000e+01 1.540000e+02
    endloop
  endfacet
  facet normal 1.305094e-01 9.913174e-01 1.603201e-02
    outer loop
      vertex   3.651764e+01 6.293185e+01 1.500000e+02
      vertex   3.600000e+01 6.300000e+01 1.500000e+02
      vertex   3.629651e+01 6.295422e+01 1.504170e+02
    endloop
  endfacet
  facet normal 1.477733e-02 9.950048e-01 9.872714e-02
    outer loop
      vertex   3.629651e+01 6.295422e+01 1.504170e+02
      vertex   3.600000e+01 6.300000e+01 1.500000e+02
      vertex   3.596157e+01 6.292314e+01 1.507804e+02
    endloop
  endfacet
  facet normal 8.315240e-02 9.834826e-01 1.607718e-01
    outer loop
      vertex   3.629651e+01 6.295422e+01 1.504170e+02
      vertex   3.596157e+01 6.292314e+01 1.507804e+02
      vertex   3.625853e+01 6.289031e+01 1.508276e+02
    endloop
  endfacet
  facet normal 6.451105e-02 9.625436e-01 2.633402e-01
    outer loop
      vertex   3.625853e+01 6.289031e+01 1.508276e+02
      vertex   3.596157e+01 6.292314e+01 1.507804e+02
      vertex   3.619649e+01 6.278557e+01 1.512257e+02
    endloop
  endfacet
  facet normal 7.884313e-03 9.565778e-01 2.913705e-01
    outer loop
      vertex   3.596157e+01 6.292314e+01 1.507804e+02
      vertex   3.584776e+01 6.269552e+01 1.515307e+02
      vertex   3.619649e+01 6.278557e+01 1.512257e+02
    endloop
  endfacet
  facet normal 8.067556e-02 9.271542e-01 3.658914e-01
    outer loop
      vertex   3.619649e+01 6.278557e+01 1.512257e+02
      vertex   3.584776e+01 6.269552e+01 1.515307e+02
      vertex   3.611216e+01 6.264265e+01 1.516064e+02
    endloop
  endfacet
  facet normal 4.793690e-02 8.896635e-01 4.540934e-01
    outer loop
      vertex   3.611216e+01 6.264265e+01 1.516064e+02
      vertex   3.584776e+01 6.269552e+01 1.515307e+02
      vertex   3.600751e+01 6.246457e+01 1.519663e+02
    endloop
  endfacet
  facet normal -6.042591e-03 8.825756e-01 4.701316e-01
    outer loop
      vertex   3.600751e+01 6.246457e+01 1.519663e+02
      vertex   3.584776e+01 6.269552e+01 1.515307e+02
      vertex   3.566294e+01 6.232588e+01 1.522223e+02
    endloop
  endfacet
  facet normal 7.171032e-02 8.333214e-01 5.481177e-01
    outer loop
      vertex   3.600751e+01 6.246457e+01 1.519663e+02
      vertex   3.566294e+01 6.232588e+01 1.522223e+02
      vertex   3.588450e+01 6.225437e+01 1.523020e+02
    endloop
  endfacet
  facet normal 9.787024e-03 7.577690e-01 6.524495e-01
    outer loop
      vertex   3.588450e+01 6.225437e+01 1.523020e+02
      vertex   3.566294e+01 6.232588e+01 1.522223e+02
      vertex   3.559089e+01 6.175001e+01 1.528922e+02
    endloop
  endfacet
  facet normal 9.642248e-02 7.496424e-01 6.547816e-01
    outer loop
      vertex   3.566294e+01 6.232588e+01 1.522223e+02
      vertex   3.541421e+01 6.182843e+01 1.528284e+02
      vertex   3.559089e+01 6.175001e+01 1.528922e+02
    endloop
  endfacet
  facet normal 7.143854e-03 6.404877e-01 7.679352e-01
    outer loop
      vertex   3.559089e+01 6.175001e+01 1.528922e+02
      vertex   3.541421e+01 6.182843e+01 1.528284e+02
      vertex   3.535272e+01 6.133933e+01 1.532369e+02
    endloop
  endfacet
  facet normal -2.971126e-02 6.429483e-01 7.653331e-01
    outer loop
      vertex   3.541421e+01 6.182843e+01 1.528284e+02
      vertex   3.511114e+01 6.122228e+01 1.533259e+02
      vertex   3.535272e+01 6.133933e+01 1.532369e+02
    endloop
  endfacet
  facet normal 7.438387e-02 5.015250e-01 8.619395e-01
    outer loop
      vertex   3.535272e+01 6.133933e+01 1.532369e+02
      vertex   3.511114e+01 6.122228e+01 1.533259e+02
      vertex   3.509322e+01 6.089105e+01 1.535202e+02
    endloop
  endfacet
  facet normal -9.984141e-02 5.074095e-01 8.559014e-01
    outer loop
      vertex   3.511114e+01 6.122228e+01 1.533259e+02
      vertex   3.476537e+01 6.053073e+01 1.536955e+02
      vertex   3.509322e+01 6.089105e+01 1.535202e+02
    endloop
  endfacet
  facet normal 3.630704e-02 4.104273e-01 9.111702e-01
    outer loop
      vertex   3.509322e+01 6.089105e+01 1.535202e+02
      vertex   3.476537e+01 6.053073e+01 1.536955e+02
      vertex   3.486707e+01 6.050003e+01 1.537053e+02
    endloop
  endfacet
  facet normal 6.866473e-03 3.240033e-01 9.460310e-01
    outer loop
      vertex   3.486707e+01 6.050003e+01 1.537053e+02
      vertex   3.476537e+01 6.053073e+01 1.536955e+02
      vertex   3.463190e+01 6.009321e+01 1.538463e+02
    endloop
  endfacet
  facet normal -1.926480e-01 3.717948e-01 9.081054e-01
    outer loop
      vertex   3.463190e+01 6.009321e+01 1.538463e+02
      vertex   3.476537e+01 6.053073e+01 1.536955e+02
      vertex   3.439018e+01 5.978036e+01 1.539231e+02
    endloop
  endfacet
  facet normal 8.255686e-02 1.769991e-01 9.807424e-01
    outer loop
      vertex   3.463190e+01 6.009321e+01 1.538463e+02
      vertex   3.439018e+01 5.978036e+01 1.539231e+02
      vertex   3.439012e+01 5.967493e+01 1.539422e+02
    endloop
  endfacet
  facet normal -1.068398e-01 1.766902e-01 9.784507e-01
    outer loop
      vertex   3.439012e+01 5.967493e+01 1.539422e+02
      vertex   3.439018e+01 5.978036e+01 1.539231e+02
      vertex   3.414427e+01 5.924960e+01 1.539921e+02
    endloop
  endfacet
  facet normal -6.047470e-01 3.717444e-01 7.043346e-01
    outer loop
      vertex   3.439018e+01 5.978036e+01 1.539231e+02
      vertex   3.400000e+01 5.900000e+01 1.540000e+02
      vertex   3.414427e+01 5.924960e+01 1.539921e+02
    endloop
  endfacet
  facet normal 3.341207e-01 -9.961735e-02 9.372512e-01
    outer loop
      vertex   3.553073e+01 5.976537e+01 1.536955e+02
      vertex   3.505727e+01 5.967022e+01 1.538542e+02
      vertex   3.478036e+01 5.939018e+01 1.539231e+02
    endloop
  endfacet
  facet normal 1.802404e-01 6.345648e-02 9.815736e-01
    outer loop
      vertex   3.478036e+01 5.939018e+01 1.539231e+02
      vertex   3.505727e+01 5.967022e+01 1.538542e+02
      vertex   3.465217e+01 5.941342e+01 1.539452e+02
    endloop
  endfacet
  facet normal 1.569479e-01 -6.847881e-02 9.852299e-01
    outer loop
      vertex   3.478036e+01 5.939018e+01 1.539231e+02
      vertex   3.465217e+01 5.941342e+01 1.539452e+02
      vertex   3.424107e+01 5.915282e+01 1.539926e+02
    endloop
  endfacet
  facet normal 1.106014e-01 6.198904e-03 9.938455e-01
    outer loop
      vertex   3.424107e+01 5.915282e+01 1.539926e+02
      vertex   3.465217e+01 5.941342e+01 1.539452e+02
      vertex   3.462266e+01 5.944350e+01 1.539483e+02
    endloop
  endfacet
  facet normal 8.238871e-02 4.350929e-02 9.956501e-01
    outer loop
      vertex   3.424107e+01 5.915282e+01 1.539926e+02
      vertex   3.462266e+01 5.944350e+01 1.539483e+02
      vertex   3.423006e+01 5.916386e+01 1.539930e+02
    endloop
  endfacet
  facet normal 9.720869e-02 2.259989e-02 9.950074e-01
    outer loop
      vertex   3.423006e+01 5.916386e+01 1.539930e+02
      vertex   3.462266e+01 5.944350e+01 1.539483e+02
      vertex   3.459302e+01 5.947354e+01 1.539505e+02
    endloop
  endfacet
  facet normal 7.570527e-02 4.793659e-02 9.959773e-01
    outer loop
      vertex   3.423006e+01 5.916386e+01 1.539930e+02
      vertex   3.459302e+01 5.947354e+01 1.539505e+02
      vertex   3.421904e+01 5.917491e+01 1.539933e+02
    endloop
  endfacet
  facet normal 4.839475e-01 -3.306473e-02 8.744722e-01
    outer loop
      vertex   3.622228e+01 6.011114e+01 1.533259e+02
      vertex   3.583416e+01 6.016292e+01 1.535426e+02
      vertex   3.553073e+01 5.976537e+01 1.536955e+02
    endloop
  endfacet
  facet normal 3.925125e-01 5.353343e-02 9.181874e-01
    outer loop
      vertex   3.553073e+01 5.976537e+01 1.536955e+02
      vertex   3.583416e+01 6.016292e+01 1.535426e+02
      vertex   3.545256e+01 5.992084e+01 1.537199e+02
    endloop
  endfacet
  facet normal 3.158969e-01 1.022300e-02 9.487385e-01
    outer loop
      vertex   3.553073e+01 5.976537e+01 1.536955e+02
      vertex   3.545256e+01 5.992084e+01 1.537199e+02
      vertex   3.505727e+01 5.967022e+01 1.538542e+02
    endloop
  endfacet
  facet normal 2.900091e-01 5.465741e-02 9.554618e-01
    outer loop
      vertex   3.505727e+01 5.967022e+01 1.538542e+02
      vertex   3.545256e+01 5.992084e+01 1.537199e+02
      vertex   3.538988e+01 5.999001e+01 1.537349e+02
    endloop
  endfacet
  facet normal 2.594942e-01 8.870696e-02 9.616620e-01
    outer loop
      vertex   3.505727e+01 5.967022e+01 1.538542e+02
      vertex   3.538988e+01 5.999001e+01 1.537349e+02
      vertex   3.501032e+01 5.971962e+01 1.538623e+02
    endloop
  endfacet
  facet normal 2.585484e-01 9.009378e-02 9.617878e-01
    outer loop
      vertex   3.501032e+01 5.971962e+01 1.538623e+02
      vertex   3.538988e+01 5.999001e+01 1.537349e+02
      vertex   3.532581e+01 6.005872e+01 1.537457e+02
    endloop
  endfacet
  facet normal 2.351812e-01 1.130597e-01 9.653535e-01
    outer loop
      vertex   3.501032e+01 5.971962e+01 1.538623e+02
      vertex   3.532581e+01 6.005872e+01 1.537457e+02
      vertex   3.496285e+01 5.976885e+01 1.538681e+02
    endloop
  endfacet
  facet normal 4.934502e-01 6.947013e-02 8.669953e-01
    outer loop
      vertex   3.583416e+01 6.016292e+01 1.535426e+02
      vertex   3.622228e+01 6.011114e+01 1.533259e+02
      vertex   3.627449e+01 6.044258e+01 1.532696e+02
    endloop
  endfacet
  facet normal 6.237041e-01 3.433779e-02 7.809060e-01
    outer loop
      vertex   3.627449e+01 6.044258e+01 1.532696e+02
      vertex   3.622228e+01 6.011114e+01 1.533259e+02
      vertex   3.682843e+01 6.041421e+01 1.528284e+02
    endloop
  endfacet
  facet normal 6.236605e-01 3.041351e-02 7.811035e-01
    outer loop
      vertex   3.627449e+01 6.044258e+01 1.532696e+02
      vertex   3.682843e+01 6.041421e+01 1.528284e+02
      vertex   3.668175e+01 6.070182e+01 1.529343e+02
    endloop
  endfacet
  facet normal 7.385870e-01 1.333120e-01 6.608458e-01
    outer loop
      vertex   3.668175e+01 6.070182e+01 1.529343e+02
      vertex   3.682843e+01 6.041421e+01 1.528284e+02
      vertex   3.732588e+01 6.066294e+01 1.522223e+02
    endloop
  endfacet
  facet normal 7.420850e-01 4.098385e-02 6.690517e-01
    outer loop
      vertex   3.668175e+01 6.070182e+01 1.529343e+02
      vertex   3.732588e+01 6.066294e+01 1.522223e+02
      vertex   3.718866e+01 6.102601e+01 1.523522e+02
    endloop
  endfacet
  facet normal 8.177361e-01 1.065929e-01 5.656374e-01
    outer loop
      vertex   3.718866e+01 6.102601e+01 1.523522e+02
      vertex   3.732588e+01 6.066294e+01 1.522223e+02
      vertex   3.740290e+01 6.116389e+01 1.520165e+02
    endloop
  endfacet
  facet normal 7.751855e-01 2.290129e-01 5.887618e-01
    outer loop
      vertex   3.718866e+01 6.102601e+01 1.523522e+02
      vertex   3.740290e+01 6.116389e+01 1.520165e+02
      vertex   3.730471e+01 6.136122e+01 1.520691e+02
    endloop
  endfacet
  facet normal 8.150968e-01 2.690205e-01 5.130743e-01
    outer loop
      vertex   3.730471e+01 6.136122e+01 1.520691e+02
      vertex   3.740290e+01 6.116389e+01 1.520165e+02
      vertex   3.749117e+01 6.149662e+01 1.517018e+02
    endloop
  endfacet
  facet normal 7.731052e-01 3.570755e-01 5.242189e-01
    outer loop
      vertex   3.730471e+01 6.136122e+01 1.520691e+02
      vertex   3.749117e+01 6.149662e+01 1.517018e+02
      vertex   3.737257e+01 6.170152e+01 1.517372e+02
    endloop
  endfacet
  facet normal 8.110916e-01 3.950883e-01 4.313184e-01
    outer loop
      vertex   3.737257e+01 6.170152e+01 1.517372e+02
      vertex   3.749117e+01 6.149662e+01 1.517018e+02
      vertex   3.752520e+01 6.182560e+01 1.513365e+02
    endloop
  endfacet
  facet normal 8.728167e-01 6.449784e-02 4.837676e-01
    outer loop
      vertex   3.732588e+01 6.066294e+01 1.522223e+02
      vertex   3.769552e+01 6.084776e+01 1.515307e+02
      vertex   3.740290e+01 6.116389e+01 1.520165e+02
    endloop
  endfacet
  facet normal 8.776220e-01 8.834754e-02 4.711416e-01
    outer loop
      vertex   3.740290e+01 6.116389e+01 1.520165e+02
      vertex   3.769552e+01 6.084776e+01 1.515307e+02
      vertex   3.758613e+01 6.128240e+01 1.516530e+02
    endloop
  endfacet
  facet normal 8.282245e-01 2.531391e-01 4.999647e-01
    outer loop
      vertex   3.740290e+01 6.116389e+01 1.520165e+02
      vertex   3.758613e+01 6.128240e+01 1.516530e+02
      vertex   3.749117e+01 6.149662e+01 1.517018e+02
    endloop
  endfacet
  facet normal 8.635816e-01 2.885305e-01 4.134936e-01
    outer loop
      vertex   3.749117e+01 6.149662e+01 1.517018e+02
      vertex   3.758613e+01 6.128240e+01 1.516530e+02
      vertex   3.764338e+01 6.160762e+01 1.513065e+02
    endloop
  endfacet
  facet normal 8.194134e-01 3.859128e-01 4.238313e-01
    outer loop
      vertex   3.749117e+01 6.149662e+01 1.517018e+02
      vertex   3.764338e+01 6.160762e+01 1.513065e+02
      vertex   3.752520e+01 6.182560e+01 1.513365e+02
    endloop
  endfacet
  facet normal 8.511762e-01 4.177222e-01 3.178164e-01
    outer loop
      vertex   3.752520e+01 6.182560e+01 1.513365e+02
      vertex   3.764338e+01 6.160762e+01 1.513065e+02
      vertex   3.763933e+01 6.191867e+01 1.509085e+02
    endloop
  endfacet
  facet normal 9.162901e-01 1.234275e-01 3.810225e-01
    outer loop
      vertex   3.758613e+01 6.128240e+01 1.516530e+02
      vertex   3.769552e+01 6.084776e+01 1.515307e+02
      vertex   3.773445e+01 6.137878e+01 1.512651e+02
    endloop
  endfacet
  facet normal 9.503582e-01 8.065940e-02 3.005219e-01
    outer loop
      vertex   3.773445e+01 6.137878e+01 1.512651e+02
      vertex   3.769552e+01 6.084776e+01 1.515307e+02
      vertex   3.792314e+01 6.096157e+01 1.507804e+02
    endloop
  endfacet
  facet normal 9.547980e-01 1.118380e-01 2.754142e-01
    outer loop
      vertex   3.773445e+01 6.137878e+01 1.512651e+02
      vertex   3.792314e+01 6.096157e+01 1.507804e+02
      vertex   3.784397e+01 6.145028e+01 1.508564e+02
    endloop
  endfacet
  facet normal 9.768278e-01 1.320453e-01 1.684385e-01
    outer loop
      vertex   3.784397e+01 6.145028e+01 1.508564e+02
      vertex   3.792314e+01 6.096157e+01 1.507804e+02
      vertex   3.791117e+01 6.149431e+01 1.504321e+02
    endloop
  endfacet
  facet normal 9.341619e-01 3.081510e-01 1.799569e-01
    outer loop
      vertex   3.784397e+01 6.145028e+01 1.508564e+02
      vertex   3.791117e+01 6.149431e+01 1.504321e+02
      vertex   3.782644e+01 6.174186e+01 1.504481e+02
    endloop
  endfacet
  facet normal -1.666368e-03 3.177368e-02 9.994937e-01
    outer loop
      vertex   3.415727e+01 5.923664e+01 1.539927e+02
      vertex   3.400000e+01 5.900000e+01 1.540000e+02
      vertex   3.417026e+01 5.922367e+01 1.539932e+02
    endloop
  endfacet
  facet normal 5.763702e-03 2.612233e-02 9.996421e-01
    outer loop
      vertex   3.417026e+01 5.922367e+01 1.539932e+02
      vertex   3.400000e+01 5.900000e+01 1.540000e+02
      vertex   3.418326e+01 5.921070e+01 1.539934e+02
    endloop
  endfacet
  facet normal 1.295817e-02 1.986731e-02 9.997186e-01
    outer loop
      vertex   3.418326e+01 5.921070e+01 1.539934e+02
      vertex   3.400000e+01 5.900000e+01 1.540000e+02
      vertex   3.419698e+01 5.919698e+01 1.539935e+02
    endloop
  endfacet
  facet normal 2.936799e-02 1.584697e-03 9.995674e-01
    outer loop
      vertex   3.421904e+01 5.917491e+01 1.539933e+02
      vertex   3.400000e+01 5.900000e+01 1.540000e+02
      vertex   3.423006e+01 5.916386e+01 1.539930e+02
    endloop
  endfacet
  facet normal 3.398993e-02 -4.911105e-03 9.994101e-01
    outer loop
      vertex   3.423006e+01 5.916386e+01 1.539930e+02
      vertex   3.400000e+01 5.900000e+01 1.540000e+02
      vertex   3.424107e+01 5.915282e+01 1.539926e+02
    endloop
  endfacet
  facet normal 2.989176e-01 -4.300264e-01 8.518953e-01
    outer loop
      vertex   3.400000e+01 5.900000e+01 1.540000e+02
      vertex   3.478036e+01 5.939018e+01 1.539231e+02
      vertex   3.424107e+01 5.915282e+01 1.539926e+02
    endloop
  endfacet
  facet normal 3.677549e-01 9.103302e-01 1.898825e-01
    outer loop
      vertex   3.687964e+01 6.276269e+01 1.504553e+02
      vertex   3.659530e+01 6.288095e+01 1.504391e+02
      vertex   3.682447e+01 6.269216e+01 1.509003e+02
    endloop
  endfacet
  facet normal 3.749279e-01 9.083074e-01 1.854907e-01
    outer loop
      vertex   3.682447e+01 6.269216e+01 1.509003e+02
      vertex   3.659530e+01 6.288095e+01 1.504391e+02
      vertex   3.654825e+01 6.281247e+01 1.508695e+02
    endloop
  endfacet
  facet normal 3.502457e-01 8.836759e-01 3.105556e-01
    outer loop
      vertex   3.682447e+01 6.269216e+01 1.509003e+02
      vertex   3.654825e+01 6.281247e+01 1.508695e+02
      vertex   3.673549e+01 6.257807e+01 1.513253e+02
    endloop
  endfacet
  facet normal 3.627088e-01 8.809176e-01 3.040172e-01
    outer loop
      vertex   3.673549e+01 6.257807e+01 1.513253e+02
      vertex   3.654825e+01 6.281247e+01 1.508695e+02
      vertex   3.647203e+01 6.270112e+01 1.512831e+02
    endloop
  endfacet
  facet normal 3.273394e-01 8.455663e-01 4.217424e-01
    outer loop
      vertex   3.673549e+01 6.257807e+01 1.513253e+02
      vertex   3.647203e+01 6.270112e+01 1.512831e+02
      vertex   3.661669e+01 6.242521e+01 1.517240e+02
    endloop
  endfacet
  facet normal 3.448684e-01 8.424110e-01 4.140162e-01
    outer loop
      vertex   3.661669e+01 6.242521e+01 1.517240e+02
      vertex   3.647203e+01 6.270112e+01 1.512831e+02
      vertex   3.636960e+01 6.255081e+01 1.516742e+02
    endloop
  endfacet
  facet normal 3.008070e-01 7.983720e-01 5.216487e-01
    outer loop
      vertex   3.661669e+01 6.242521e+01 1.517240e+02
      vertex   3.636960e+01 6.255081e+01 1.516742e+02
      vertex   3.647224e+01 6.223863e+01 1.520929e+02
    endloop
  endfacet
  facet normal 3.228489e-01 7.949257e-01 5.136747e-01
    outer loop
      vertex   3.647224e+01 6.223863e+01 1.520929e+02
      vertex   3.636960e+01 6.255081e+01 1.516742e+02
      vertex   3.624413e+01 6.236582e+01 1.520394e+02
    endloop
  endfacet
  facet normal 2.714034e-01 7.436024e-01 6.110611e-01
    outer loop
      vertex   3.647224e+01 6.223863e+01 1.520929e+02
      vertex   3.624413e+01 6.236582e+01 1.520394e+02
      vertex   3.630627e+01 6.202340e+01 1.524285e+02
    endloop
  endfacet
  facet normal 2.974833e-01 7.397716e-01 6.035243e-01
    outer loop
      vertex   3.630627e+01 6.202340e+01 1.524285e+02
      vertex   3.624413e+01 6.236582e+01 1.520394e+02
      vertex   3.609875e+01 6.215040e+01 1.523751e+02
    endloop
  endfacet
  facet normal 2.167410e-01 6.574729e-01 7.216320e-01
    outer loop
      vertex   3.630627e+01 6.202340e+01 1.524285e+02
      vertex   3.609875e+01 6.215040e+01 1.523751e+02
      vertex   3.592354e+01 6.152446e+01 1.529980e+02
    endloop
  endfacet
  facet normal 2.699731e-01 6.401783e-01 7.192261e-01
    outer loop
      vertex   3.592354e+01 6.152446e+01 1.529980e+02
      vertex   3.609875e+01 6.215040e+01 1.523751e+02
      vertex   3.575905e+01 6.164387e+01 1.529535e+02
    endloop
  endfacet
  facet normal 1.703534e-01 5.417076e-01 8.231237e-01
    outer loop
      vertex   3.592354e+01 6.152446e+01 1.529980e+02
      vertex   3.575905e+01 6.164387e+01 1.529535e+02
      vertex   3.562326e+01 6.113144e+01 1.533188e+02
    endloop
  endfacet
  facet normal 2.145084e-01 5.286833e-01 8.212674e-01
    outer loop
      vertex   3.562326e+01 6.113144e+01 1.533188e+02
      vertex   3.575905e+01 6.164387e+01 1.529535e+02
      vertex   3.548905e+01 6.123934e+01 1.532844e+02
    endloop
  endfacet
  facet normal 1.306717e-01 4.450129e-01 8.859393e-01
    outer loop
      vertex   3.562326e+01 6.113144e+01 1.533188e+02
      vertex   3.548905e+01 6.123934e+01 1.532844e+02
      vertex   3.530380e+01 6.071248e+01 1.535764e+02
    endloop
  endfacet
  facet normal 1.749885e-01 4.294502e-01 8.859749e-01
    outer loop
      vertex   3.530380e+01 6.071248e+01 1.535764e+02
      vertex   3.548905e+01 6.123934e+01 1.532844e+02
      vertex   3.519904e+01 6.080382e+01 1.535528e+02
    endloop
  endfacet
  facet normal 9.829939e-02 3.529758e-01 9.304543e-01
    outer loop
      vertex   3.530380e+01 6.071248e+01 1.535764e+02
      vertex   3.519904e+01 6.080382e+01 1.535528e+02
      vertex   3.502990e+01 6.035291e+01 1.537417e+02
    endloop
  endfacet
  facet normal 1.363747e-01 3.388781e-01 9.308940e-01
    outer loop
      vertex   3.502990e+01 6.035291e+01 1.537417e+02
      vertex   3.519904e+01 6.080382e+01 1.535528e+02
      vertex   3.494875e+01 6.042749e+01 1.537265e+02
    endloop
  endfacet
  facet normal 6.807020e-02 2.705664e-01 9.602918e-01
    outer loop
      vertex   3.502990e+01 6.035291e+01 1.537417e+02
      vertex   3.494875e+01 6.042749e+01 1.537265e+02
      vertex   3.474818e+01 5.998287e+01 1.538659e+02
    endloop
  endfacet
  facet normal 1.066637e-01 2.535151e-01 9.614328e-01
    outer loop
      vertex   3.474818e+01 5.998287e+01 1.538659e+02
      vertex   3.494875e+01 6.042749e+01 1.537265e+02
      vertex   3.469013e+01 6.003843e+01 1.538577e+02
    endloop
  endfacet
  facet normal 4.025639e-02 1.871029e-01 9.815151e-01
    outer loop
      vertex   3.474818e+01 5.998287e+01 1.538659e+02
      vertex   3.469013e+01 6.003843e+01 1.538577e+02
      vertex   3.446091e+01 5.960549e+01 1.539497e+02
    endloop
  endfacet
  facet normal 7.776305e-02 1.675170e-01 9.827975e-01
    outer loop
      vertex   3.446091e+01 5.960549e+01 1.539497e+02
      vertex   3.469013e+01 6.003843e+01 1.538577e+02
      vertex   3.442554e+01 5.964030e+01 1.539465e+02
    endloop
  endfacet
  facet normal 1.337863e-02 1.031485e-01 9.945760e-01
    outer loop
      vertex   3.446091e+01 5.960549e+01 1.539497e+02
      vertex   3.442554e+01 5.964030e+01 1.539465e+02
      vertex   3.417026e+01 5.922367e+01 1.539932e+02
    endloop
  endfacet
  facet normal 4.838415e-02 8.180046e-02 9.954736e-01
    outer loop
      vertex   3.417026e+01 5.922367e+01 1.539932e+02
      vertex   3.442554e+01 5.964030e+01 1.539465e+02
      vertex   3.415727e+01 5.923664e+01 1.539927e+02
    endloop
  endfacet
  facet normal 6.322822e-01 7.477326e-01 2.027687e-01
    outer loop
      vertex   3.732402e+01 6.232402e+01 1.509263e+02
      vertex   3.739121e+01 6.239121e+01 1.504690e+02
      vertex   3.714286e+01 6.260220e+01 1.504654e+02
    endloop
  endfacet
  facet normal 5.046884e-01 8.401464e-01 1.986044e-01
    outer loop
      vertex   3.714286e+01 6.260220e+01 1.504654e+02
      vertex   3.687964e+01 6.276269e+01 1.504553e+02
      vertex   3.708092e+01 6.253208e+01 1.509194e+02
    endloop
  endfacet
  facet normal 5.087320e-01 8.383294e-01 1.959477e-01
    outer loop
      vertex   3.708092e+01 6.253208e+01 1.509194e+02
      vertex   3.687964e+01 6.276269e+01 1.504553e+02
      vertex   3.682447e+01 6.269216e+01 1.509003e+02
    endloop
  endfacet
  facet normal 4.834403e-01 8.130864e-01 3.243085e-01
    outer loop
      vertex   3.708092e+01 6.253208e+01 1.509194e+02
      vertex   3.682447e+01 6.269216e+01 1.509003e+02
      vertex   3.698125e+01 6.241904e+01 1.513514e+02
    endloop
  endfacet
  facet normal 4.904951e-01 8.104594e-01 3.202657e-01
    outer loop
      vertex   3.698125e+01 6.241904e+01 1.513514e+02
      vertex   3.682447e+01 6.269216e+01 1.509003e+02
      vertex   3.673549e+01 6.257807e+01 1.513253e+02
    endloop
  endfacet
  facet normal 4.547779e-01 7.747628e-01 4.392263e-01
    outer loop
      vertex   3.698125e+01 6.241904e+01 1.513514e+02
      vertex   3.673549e+01 6.257807e+01 1.513253e+02
      vertex   3.684856e+01 6.226828e+01 1.517547e+02
    endloop
  endfacet
  facet normal 4.647395e-01 7.716072e-01 4.343264e-01
    outer loop
      vertex   3.684856e+01 6.226828e+01 1.517547e+02
      vertex   3.673549e+01 6.257807e+01 1.513253e+02
      vertex   3.661669e+01 6.242521e+01 1.517240e+02
    endloop
  endfacet
  facet normal 4.209417e-01 7.278280e-01 5.413635e-01
    outer loop
      vertex   3.684856e+01 6.226828e+01 1.517547e+02
      vertex   3.661669e+01 6.242521e+01 1.517240e+02
      vertex   3.668780e+01 6.208522e+01 1.521258e+02
    endloop
  endfacet
  facet normal 4.335121e-01 7.242984e-01 5.361522e-01
    outer loop
      vertex   3.668780e+01 6.208522e+01 1.521258e+02
      vertex   3.661669e+01 6.242521e+01 1.517240e+02
      vertex   3.647224e+01 6.223863e+01 1.520929e+02
    endloop
  endfacet
  facet normal 3.831099e-01 6.739754e-01 6.316518e-01
    outer loop
      vertex   3.668780e+01 6.208522e+01 1.521258e+02
      vertex   3.647224e+01 6.223863e+01 1.520929e+02
      vertex   3.650388e+01 6.187532e+01 1.524613e+02
    endloop
  endfacet
  facet normal 3.980350e-01 6.700887e-01 6.265375e-01
    outer loop
      vertex   3.650388e+01 6.187532e+01 1.524613e+02
      vertex   3.647224e+01 6.223863e+01 1.520929e+02
      vertex   3.630627e+01 6.202340e+01 1.524285e+02
    endloop
  endfacet
  facet normal 3.185675e-01 5.896751e-01 7.421577e-01
    outer loop
      vertex   3.650388e+01 6.187532e+01 1.524613e+02
      vertex   3.630627e+01 6.202340e+01 1.524285e+02
      vertex   3.608257e+01 6.139307e+01 1.530253e+02
    endloop
  endfacet
  facet normal 3.489787e-01 5.760549e-01 7.391716e-01
    outer loop
      vertex   3.608257e+01 6.139307e+01 1.530253e+02
      vertex   3.630627e+01 6.202340e+01 1.524285e+02
      vertex   3.592354e+01 6.152446e+01 1.529980e+02
    endloop
  endfacet
  facet normal 2.529774e-01 4.807306e-01 8.395835e-01
    outer loop
      vertex   3.608257e+01 6.139307e+01 1.530253e+02
      vertex   3.592354e+01 6.152446e+01 1.529980e+02
      vertex   3.575433e+01 6.101648e+01 1.533399e+02
    endloop
  endfacet
  facet normal 2.783832e-01 4.706857e-01 8.372322e-01
    outer loop
      vertex   3.575433e+01 6.101648e+01 1.533399e+02
      vertex   3.592354e+01 6.152446e+01 1.529980e+02
      vertex   3.562326e+01 6.113144e+01 1.533188e+02
    endloop
  endfacet
  facet normal 1.991753e-01 3.915682e-01 8.983338e-01
    outer loop
      vertex   3.575433e+01 6.101648e+01 1.533399e+02
      vertex   3.562326e+01 6.113144e+01 1.533188e+02
      vertex   3.540697e+01 6.061750e+01 1.535908e+02
    endloop
  endfacet
  facet normal 2.247304e-01 3.802054e-01 8.971845e-01
    outer loop
      vertex   3.540697e+01 6.061750e+01 1.535908e+02
      vertex   3.562326e+01 6.113144e+01 1.533188e+02
      vertex   3.530380e+01 6.071248e+01 1.535764e+02
    endloop
  endfacet
  facet normal 1.527595e-01 3.083551e-01 9.389258e-01
    outer loop
      vertex   3.540697e+01 6.061750e+01 1.535908e+02
      vertex   3.530380e+01 6.071248e+01 1.535764e+02
      vertex   3.511029e+01 6.027653e+01 1.537510e+02
    endloop
  endfacet
  facet normal 1.747730e-01 2.983418e-01 9.383211e-01
    outer loop
      vertex   3.511029e+01 6.027653e+01 1.537510e+02
      vertex   3.530380e+01 6.071248e+01 1.535764e+02
      vertex   3.502990e+01 6.035291e+01 1.537417e+02
    endloop
  endfacet
  facet normal 1.109381e-01 2.345023e-01 9.657647e-01
    outer loop
      vertex   3.511029e+01 6.027653e+01 1.537510e+02
      vertex   3.502990e+01 6.035291e+01 1.537417e+02
      vertex   3.480594e+01 5.992663e+01 1.538709e+02
    endloop
  endfacet
  facet normal 1.332454e-01 2.227693e-01 9.657223e-01
    outer loop
      vertex   3.480594e+01 5.992663e+01 1.538709e+02
      vertex   3.502990e+01 6.035291e+01 1.537417e+02
      vertex   3.474818e+01 5.998287e+01 1.538659e+02
    endloop
  endfacet
  facet normal 7.132531e-02 1.608436e-01 9.843993e-01
    outer loop
      vertex   3.480594e+01 5.992663e+01 1.538709e+02
      vertex   3.474818e+01 5.998287e+01 1.538659e+02
      vertex   3.449622e+01 5.957053e+01 1.539516e+02
    endloop
  endfacet
  facet normal 9.298328e-02 1.476630e-01 9.846572e-01
    outer loop
      vertex   3.449622e+01 5.957053e+01 1.539516e+02
      vertex   3.474818e+01 5.998287e+01 1.538659e+02
      vertex   3.446091e+01 5.960549e+01 1.539497e+02
    endloop
  endfacet
  facet normal 3.270419e-02 8.739041e-02 9.956372e-01
    outer loop
      vertex   3.449622e+01 5.957053e+01 1.539516e+02
      vertex   3.446091e+01 5.960549e+01 1.539497e+02
      vertex   3.418326e+01 5.921070e+01 1.539934e+02
    endloop
  endfacet
  facet normal 5.288309e-02 7.322915e-02 9.959121e-01
    outer loop
      vertex   3.418326e+01 5.921070e+01 1.539934e+02
      vertex   3.446091e+01 5.960549e+01 1.539497e+02
      vertex   3.417026e+01 5.922367e+01 1.539932e+02
    endloop
  endfacet
  facet normal 8.829575e-01 4.289221e-01 1.908191e-01
    outer loop
      vertex   3.782644e+01 6.174186e+01 1.504481e+02
      vertex   3.771000e+01 6.197643e+01 1.504596e+02
      vertex   3.775660e+01 6.169054e+01 1.508866e+02
    endloop
  endfacet
  facet normal 8.798852e-01 4.336405e-01 1.943138e-01
    outer loop
      vertex   3.775660e+01 6.169054e+01 1.508866e+02
      vertex   3.771000e+01 6.197643e+01 1.504596e+02
      vertex   3.763933e+01 6.191867e+01 1.509085e+02
    endloop
  endfacet
  facet normal 8.568081e-01 4.104648e-01 3.120872e-01
    outer loop
      vertex   3.775660e+01 6.169054e+01 1.508866e+02
      vertex   3.763933e+01 6.191867e+01 1.509085e+02
      vertex   3.764338e+01 6.160762e+01 1.513065e+02
    endloop
  endfacet
  facet normal 9.092861e-01 2.935488e-01 2.950050e-01
    outer loop
      vertex   3.784397e+01 6.145028e+01 1.508564e+02
      vertex   3.775660e+01 6.169054e+01 1.508866e+02
      vertex   3.773445e+01 6.137878e+01 1.512651e+02
    endloop
  endfacet
  facet normal 9.028796e-01 3.043961e-01 3.035647e-01
    outer loop
      vertex   3.773445e+01 6.137878e+01 1.512651e+02
      vertex   3.775660e+01 6.169054e+01 1.508866e+02
      vertex   3.764338e+01 6.160762e+01 1.513065e+02
    endloop
  endfacet
  facet normal 8.733383e-01 2.747891e-01 4.022078e-01
    outer loop
      vertex   3.773445e+01 6.137878e+01 1.512651e+02
      vertex   3.764338e+01 6.160762e+01 1.513065e+02
      vertex   3.758613e+01 6.128240e+01 1.516530e+02
    endloop
  endfacet
  facet normal 9.307961e-01 3.151917e-01 1.851293e-01
    outer loop
      vertex   3.775660e+01 6.169054e+01 1.508866e+02
      vertex   3.784397e+01 6.145028e+01 1.508564e+02
      vertex   3.782644e+01 6.174186e+01 1.504481e+02
    endloop
  endfacet
  facet normal 6.081651e-01 7.215651e-01 3.308761e-01
    outer loop
      vertex   3.732402e+01 6.232402e+01 1.509263e+02
      vertex   3.708092e+01 6.253208e+01 1.509194e+02
      vertex   3.721589e+01 6.221589e+01 1.513608e+02
    endloop
  endfacet
  facet normal 6.103974e-01 7.203798e-01 3.293446e-01
    outer loop
      vertex   3.721589e+01 6.221589e+01 1.513608e+02
      vertex   3.708092e+01 6.253208e+01 1.509194e+02
      vertex   3.698125e+01 6.241904e+01 1.513514e+02
    endloop
  endfacet
  facet normal 5.749326e-01 6.849260e-01 4.475812e-01
    outer loop
      vertex   3.721589e+01 6.221589e+01 1.513608e+02
      vertex   3.698125e+01 6.241904e+01 1.513514e+02
      vertex   3.707201e+01 6.207201e+01 1.517658e+02
    endloop
  endfacet
  facet normal 5.781122e-01 6.834875e-01 4.456804e-01
    outer loop
      vertex   3.707201e+01 6.207201e+01 1.517658e+02
      vertex   3.698125e+01 6.241904e+01 1.513514e+02
      vertex   3.684856e+01 6.226828e+01 1.517547e+02
    endloop
  endfacet
  facet normal 5.351314e-01 6.405157e-01 5.507940e-01
    outer loop
      vertex   3.707201e+01 6.207201e+01 1.517658e+02
      vertex   3.684856e+01 6.226828e+01 1.517547e+02
      vertex   3.689778e+01 6.189778e+01 1.521377e+02
    endloop
  endfacet
  facet normal 5.391718e-01 6.389067e-01 5.487185e-01
    outer loop
      vertex   3.689778e+01 6.189778e+01 1.521377e+02
      vertex   3.684856e+01 6.226828e+01 1.517547e+02
      vertex   3.668780e+01 6.208522e+01 1.521258e+02
    endloop
  endfacet
  facet normal 4.902533e-01 5.900172e-01 6.415071e-01
    outer loop
      vertex   3.689778e+01 6.189778e+01 1.521377e+02
      vertex   3.668780e+01 6.208522e+01 1.521258e+02
      vertex   3.669857e+01 6.169857e+01 1.524732e+02
    endloop
  endfacet
  facet normal 4.950766e-01 5.882656e-01 6.394081e-01
    outer loop
      vertex   3.669857e+01 6.169857e+01 1.524732e+02
      vertex   3.668780e+01 6.208522e+01 1.521258e+02
      vertex   3.650388e+01 6.187532e+01 1.524613e+02
    endloop
  endfacet
  facet normal 4.172666e-01 5.101398e-01 7.520944e-01
    outer loop
      vertex   3.669857e+01 6.169857e+01 1.524732e+02
      vertex   3.650388e+01 6.187532e+01 1.524613e+02
      vertex   3.624281e+01 6.124281e+01 1.530352e+02
    endloop
  endfacet
  facet normal 4.269923e-01 5.045762e-01 7.503868e-01
    outer loop
      vertex   3.624281e+01 6.124281e+01 1.530352e+02
      vertex   3.650388e+01 6.187532e+01 1.524613e+02
      vertex   3.608257e+01 6.139307e+01 1.530253e+02
    endloop
  endfacet
  facet normal 3.343638e-01 4.121712e-01 8.475351e-01
    outer loop
      vertex   3.624281e+01 6.124281e+01 1.530352e+02
      vertex   3.608257e+01 6.139307e+01 1.530253e+02
      vertex   3.588831e+01 6.088831e+01 1.533474e+02
    endloop
  endfacet
  facet normal 3.425791e-01 4.081553e-01 8.461967e-01
    outer loop
      vertex   3.588831e+01 6.088831e+01 1.533474e+02
      vertex   3.608257e+01 6.139307e+01 1.530253e+02
      vertex   3.575433e+01 6.101648e+01 1.533399e+02
    endloop
  endfacet
  facet normal 2.671899e-01 3.327941e-01 9.043548e-01
    outer loop
      vertex   3.588831e+01 6.088831e+01 1.533474e+02
      vertex   3.575433e+01 6.101648e+01 1.533399e+02
      vertex   3.551371e+01 6.051371e+01 1.535960e+02
    endloop
  endfacet
  facet normal 2.754593e-01 3.283921e-01 9.034826e-01
    outer loop
      vertex   3.551371e+01 6.051371e+01 1.535960e+02
      vertex   3.575433e+01 6.101648e+01 1.533399e+02
      vertex   3.540697e+01 6.061750e+01 1.535908e+02
    endloop
  endfacet
  facet normal 2.072440e-01 2.602151e-01 9.430472e-01
    outer loop
      vertex   3.551371e+01 6.051371e+01 1.535960e+02
      vertex   3.540697e+01 6.061750e+01 1.535908e+02
      vertex   3.519413e+01 6.019413e+01 1.537544e+02
    endloop
  endfacet
  facet normal 2.143875e-01 2.564095e-01 9.424925e-01
    outer loop
      vertex   3.519413e+01 6.019413e+01 1.537544e+02
      vertex   3.540697e+01 6.061750e+01 1.535908e+02
      vertex   3.511029e+01 6.027653e+01 1.537510e+02
    endloop
  endfacet
  facet normal 1.539687e-01 1.959891e-01 9.684430e-01
    outer loop
      vertex   3.519413e+01 6.019413e+01 1.537544e+02
      vertex   3.511029e+01 6.027653e+01 1.537510e+02
      vertex   3.486656e+01 5.986656e+01 1.538727e+02
    endloop
  endfacet
  facet normal 1.611897e-01 1.916076e-01 9.681448e-01
    outer loop
      vertex   3.486656e+01 5.986656e+01 1.538727e+02
      vertex   3.511029e+01 6.027653e+01 1.537510e+02
      vertex   3.480594e+01 5.992663e+01 1.538709e+02
    endloop
  endfacet
  facet normal 1.024467e-01 1.328621e-01 9.858257e-01
    outer loop
      vertex   3.486656e+01 5.986656e+01 1.538727e+02
      vertex   3.480594e+01 5.992663e+01 1.538709e+02
      vertex   3.453344e+01 5.953344e+01 1.539523e+02
    endloop
  endfacet
  facet normal 1.094317e-01 1.279990e-01 9.857185e-01
    outer loop
      vertex   3.453344e+01 5.953344e+01 1.539523e+02
      vertex   3.480594e+01 5.992663e+01 1.538709e+02
      vertex   3.449622e+01 5.957053e+01 1.539516e+02
    endloop
  endfacet
  facet normal 5.181637e-02 7.038507e-02 9.961732e-01
    outer loop
      vertex   3.453344e+01 5.953344e+01 1.539523e+02
      vertex   3.449622e+01 5.957053e+01 1.539516e+02
      vertex   3.419698e+01 5.919698e+01 1.539935e+02
    endloop
  endfacet
  facet normal 5.829189e-02 6.519717e-02 9.961684e-01
    outer loop
      vertex   3.419698e+01 5.919698e+01 1.539935e+02
      vertex   3.449622e+01 5.957053e+01 1.539516e+02
      vertex   3.418326e+01 5.921070e+01 1.539934e+02
    endloop
  endfacet
  facet normal 6.335488e-01 7.469264e-01 2.017844e-01
    outer loop
      vertex   3.708092e+01 6.253208e+01 1.509194e+02
      vertex   3.732402e+01 6.232402e+01 1.509263e+02
      vertex   3.714286e+01 6.260220e+01 1.504654e+02
    endloop
  endfacet
  facet normal 7.621748e-01 3.676602e-01 5.328372e-01
    outer loop
      vertex   3.737257e+01 6.170152e+01 1.517372e+02
      vertex   3.718668e+01 6.155089e+01 1.521070e+02
      vertex   3.730471e+01 6.136122e+01 1.520691e+02
    endloop
  endfacet
  facet normal 7.194090e-01 3.248129e-01 6.139603e-01
    outer loop
      vertex   3.730471e+01 6.136122e+01 1.520691e+02
      vertex   3.718668e+01 6.155089e+01 1.521070e+02
      vertex   3.708872e+01 6.120512e+01 1.524047e+02
    endloop
  endfacet
  facet normal 7.587179e-01 2.466678e-01 6.029114e-01
    outer loop
      vertex   3.730471e+01 6.136122e+01 1.520691e+02
      vertex   3.708872e+01 6.120512e+01 1.524047e+02
      vertex   3.718866e+01 6.102601e+01 1.523522e+02
    endloop
  endfacet
  facet normal 6.901293e-01 1.796476e-01 7.010337e-01
    outer loop
      vertex   3.718866e+01 6.102601e+01 1.523522e+02
      vertex   3.708872e+01 6.120512e+01 1.524047e+02
      vertex   3.668175e+01 6.070182e+01 1.529343e+02
    endloop
  endfacet
  facet normal 7.059593e-01 3.365589e-01 6.231769e-01
    outer loop
      vertex   3.708872e+01 6.120512e+01 1.524047e+02
      vertex   3.718668e+01 6.155089e+01 1.521070e+02
      vertex   3.697280e+01 6.137817e+01 1.524426e+02
    endloop
  endfacet
  facet normal 6.345164e-01 2.662910e-01 7.255880e-01
    outer loop
      vertex   3.708872e+01 6.120512e+01 1.524047e+02
      vertex   3.697280e+01 6.137817e+01 1.524426e+02
      vertex   3.658486e+01 6.084310e+01 1.529782e+02
    endloop
  endfacet
  facet normal 6.067837e-01 2.977961e-01 7.369742e-01
    outer loop
      vertex   3.658486e+01 6.084310e+01 1.529782e+02
      vertex   3.697280e+01 6.137817e+01 1.524426e+02
      vertex   3.647882e+01 6.098107e+01 1.530098e+02
    endloop
  endfacet
  facet normal 5.216600e-01 2.119192e-01 8.264146e-01
    outer loop
      vertex   3.658486e+01 6.084310e+01 1.529782e+02
      vertex   3.647882e+01 6.098107e+01 1.530098e+02
      vertex   3.618552e+01 6.055749e+01 1.533035e+02
    endloop
  endfacet
  facet normal 4.970016e-01 2.351437e-01 8.352825e-01
    outer loop
      vertex   3.618552e+01 6.055749e+01 1.533035e+02
      vertex   3.647882e+01 6.098107e+01 1.530098e+02
      vertex   3.609114e+01 6.067050e+01 1.533279e+02
    endloop
  endfacet
  facet normal 4.273568e-01 1.654466e-01 8.888158e-01
    outer loop
      vertex   3.618552e+01 6.055749e+01 1.533035e+02
      vertex   3.609114e+01 6.067050e+01 1.533279e+02
      vertex   3.575795e+01 6.025237e+01 1.535659e+02
    endloop
  endfacet
  facet normal 4.017476e-01 1.898595e-01 8.958528e-01
    outer loop
      vertex   3.575795e+01 6.025237e+01 1.535659e+02
      vertex   3.609114e+01 6.067050e+01 1.533279e+02
      vertex   3.567894e+01 6.034087e+01 1.535826e+02
    endloop
  endfacet
  facet normal 3.382711e-01 1.262768e-01 9.325378e-01
    outer loop
      vertex   3.575795e+01 6.025237e+01 1.535659e+02
      vertex   3.567894e+01 6.034087e+01 1.535826e+02
      vertex   3.538988e+01 5.999001e+01 1.537349e+02
    endloop
  endfacet
  facet normal 3.155814e-01 1.470944e-01 9.374282e-01
    outer loop
      vertex   3.538988e+01 5.999001e+01 1.537349e+02
      vertex   3.567894e+01 6.034087e+01 1.535826e+02
      vertex   3.532581e+01 6.005872e+01 1.537457e+02
    endloop
  endfacet
  facet normal 5.733320e-01 1.427076e-01 8.067992e-01
    outer loop
      vertex   3.627449e+01 6.044258e+01 1.532696e+02
      vertex   3.668175e+01 6.070182e+01 1.529343e+02
      vertex   3.658486e+01 6.084310e+01 1.529782e+02
    endloop
  endfacet
  facet normal 6.562769e-01 2.266398e-01 7.196770e-01
    outer loop
      vertex   3.658486e+01 6.084310e+01 1.529782e+02
      vertex   3.668175e+01 6.070182e+01 1.529343e+02
      vertex   3.708872e+01 6.120512e+01 1.524047e+02
    endloop
  endfacet
  facet normal 5.421972e-01 1.773929e-01 8.213124e-01
    outer loop
      vertex   3.627449e+01 6.044258e+01 1.532696e+02
      vertex   3.658486e+01 6.084310e+01 1.529782e+02
      vertex   3.618552e+01 6.055749e+01 1.533035e+02
    endloop
  endfacet
  facet normal 4.732328e-01 1.083806e-01 8.742450e-01
    outer loop
      vertex   3.583416e+01 6.016292e+01 1.535426e+02
      vertex   3.627449e+01 6.044258e+01 1.532696e+02
      vertex   3.618552e+01 6.055749e+01 1.533035e+02
    endloop
  endfacet
  facet normal 4.404340e-01 1.447357e-01 8.860415e-01
    outer loop
      vertex   3.583416e+01 6.016292e+01 1.535426e+02
      vertex   3.618552e+01 6.055749e+01 1.533035e+02
      vertex   3.575795e+01 6.025237e+01 1.535659e+02
    endloop
  endfacet
  facet normal 3.770278e-01 8.119973e-02 9.226357e-01
    outer loop
      vertex   3.545256e+01 5.992084e+01 1.537199e+02
      vertex   3.583416e+01 6.016292e+01 1.535426e+02
      vertex   3.575795e+01 6.025237e+01 1.535659e+02
    endloop
  endfacet
  facet normal 3.475815e-01 1.121700e-01 9.309162e-01
    outer loop
      vertex   3.545256e+01 5.992084e+01 1.537199e+02
      vertex   3.575795e+01 6.025237e+01 1.535659e+02
      vertex   3.538988e+01 5.999001e+01 1.537349e+02
    endloop
  endfacet
  facet normal 2.008430e-01 3.010116e-02 9.791609e-01
    outer loop
      vertex   3.465217e+01 5.941342e+01 1.539452e+02
      vertex   3.505727e+01 5.967022e+01 1.538542e+02
      vertex   3.501032e+01 5.971962e+01 1.538623e+02
    endloop
  endfacet
  facet normal 1.550831e-01 8.047144e-02 9.846185e-01
    outer loop
      vertex   3.459302e+01 5.947354e+01 1.539505e+02
      vertex   3.462266e+01 5.944350e+01 1.539483e+02
      vertex   3.496285e+01 5.976885e+01 1.538681e+02
    endloop
  endfacet
  facet normal 1.780323e-01 5.593718e-02 9.824335e-01
    outer loop
      vertex   3.496285e+01 5.976885e+01 1.538681e+02
      vertex   3.462266e+01 5.944350e+01 1.539483e+02
      vertex   3.501032e+01 5.971962e+01 1.538623e+02
    endloop
  endfacet
  facet normal 1.707588e-01 6.634903e-02 9.830764e-01
    outer loop
      vertex   3.462266e+01 5.944350e+01 1.539483e+02
      vertex   3.465217e+01 5.941342e+01 1.539452e+02
      vertex   3.501032e+01 5.971962e+01 1.538623e+02
    endloop
  endfacet
  facet normal -8.890978e-02 9.908069e-01 1.019644e-01
    outer loop
      vertex   2.203843e+01 6.292314e+01 1.507804e+02
      vertex   2.200000e+01 6.300000e+01 1.500000e+02
      vertex   2.150569e+01 6.291117e+01 1.504321e+02
    endloop
  endfacet
  facet normal -1.303328e-01 9.899761e-01 5.441224e-02
    outer loop
      vertex   2.150569e+01 6.291117e+01 1.504321e+02
      vertex   2.200000e+01 6.300000e+01 1.500000e+02
      vertex   2.148236e+01 6.293185e+01 1.500000e+02
    endloop
  endfacet
  facet normal -3.195844e-01 9.454943e-01 6.250073e-02
    outer loop
      vertex   2.150569e+01 6.291117e+01 1.504321e+02
      vertex   2.148236e+01 6.293185e+01 1.500000e+02
      vertex   2.125814e+01 6.282644e+01 1.504481e+02
    endloop
  endfacet
  facet normal -3.825557e-01 9.235712e-01 2.583183e-02
    outer loop
      vertex   2.125814e+01 6.282644e+01 1.504481e+02
      vertex   2.148236e+01 6.293185e+01 1.500000e+02
      vertex   2.100000e+01 6.273205e+01 1.500000e+02
    endloop
  endfacet
  facet normal -4.410982e-01 8.950606e-01 6.556577e-02
    outer loop
      vertex   2.125814e+01 6.282644e+01 1.504481e+02
      vertex   2.100000e+01 6.273205e+01 1.500000e+02
      vertex   2.102357e+01 6.271000e+01 1.504596e+02
    endloop
  endfacet
  facet normal -5.539561e-01 8.297462e-01 6.821950e-02
    outer loop
      vertex   2.102357e+01 6.271000e+01 1.504596e+02
      vertex   2.100000e+01 6.273205e+01 1.500000e+02
      vertex   2.080586e+01 6.256407e+01 1.504666e+02
    endloop
  endfacet
  facet normal -5.412973e-01 8.171168e-01 1.982859e-01
    outer loop
      vertex   2.102357e+01 6.271000e+01 1.504596e+02
      vertex   2.080586e+01 6.256407e+01 1.504666e+02
      vertex   2.108133e+01 6.263933e+01 1.509085e+02
    endloop
  endfacet
  facet normal -5.439157e-01 8.148842e-01 2.002985e-01
    outer loop
      vertex   2.108133e+01 6.263933e+01 1.509085e+02
      vertex   2.080586e+01 6.256407e+01 1.504666e+02
      vertex   2.086899e+01 6.249433e+01 1.509218e+02
    endloop
  endfacet
  facet normal -5.196217e-01 7.906483e-01 3.238340e-01
    outer loop
      vertex   2.108133e+01 6.263933e+01 1.509085e+02
      vertex   2.086899e+01 6.249433e+01 1.509218e+02
      vertex   2.117440e+01 6.252520e+01 1.513365e+02
    endloop
  endfacet
  facet normal -5.236358e-01 7.866505e-01 3.270880e-01
    outer loop
      vertex   2.117440e+01 6.252520e+01 1.513365e+02
      vertex   2.086899e+01 6.249433e+01 1.509218e+02
      vertex   2.097058e+01 6.238196e+01 1.513547e+02
    endloop
  endfacet
  facet normal -4.901500e-01 7.531900e-01 4.387001e-01
    outer loop
      vertex   2.117440e+01 6.252520e+01 1.513365e+02
      vertex   2.097058e+01 6.238196e+01 1.513547e+02
      vertex   2.129848e+01 6.237257e+01 1.517372e+02
    endloop
  endfacet
  facet normal -4.952107e-01 7.474015e-01 4.428966e-01
    outer loop
      vertex   2.129848e+01 6.237257e+01 1.517372e+02
      vertex   2.097058e+01 6.238196e+01 1.513547e+02
      vertex   2.110576e+01 6.223217e+01 1.517586e+02
    endloop
  endfacet
  facet normal -4.551182e-01 7.073236e-01 5.408889e-01
    outer loop
      vertex   2.129848e+01 6.237257e+01 1.517372e+02
      vertex   2.110576e+01 6.223217e+01 1.517586e+02
      vertex   2.144911e+01 6.218668e+01 1.521070e+02
    endloop
  endfacet
  facet normal -4.609453e-01 6.998494e-01 5.456558e-01
    outer loop
      vertex   2.144911e+01 6.218668e+01 1.521070e+02
      vertex   2.110576e+01 6.223217e+01 1.517586e+02
      vertex   2.126949e+01 6.205045e+01 1.521300e+02
    endloop
  endfacet
  facet normal -4.157524e-01 6.547101e-01 6.312722e-01
    outer loop
      vertex   2.144911e+01 6.218668e+01 1.521070e+02
      vertex   2.126949e+01 6.205045e+01 1.521300e+02
      vertex   2.162183e+01 6.197280e+01 1.524426e+02
    endloop
  endfacet
  facet normal -4.222115e-01 6.456459e-01 6.363009e-01
    outer loop
      vertex   2.162183e+01 6.197280e+01 1.524426e+02
      vertex   2.126949e+01 6.205045e+01 1.521300e+02
      vertex   2.145673e+01 6.184225e+01 1.524655e+02
    endloop
  endfacet
  facet normal -3.490953e-01 5.717947e-01 7.424172e-01
    outer loop
      vertex   2.162183e+01 6.197280e+01 1.524426e+02
      vertex   2.145673e+01 6.184225e+01 1.524655e+02
      vertex   2.201893e+01 6.147882e+01 1.530098e+02
    endloop
  endfacet
  facet normal -3.666738e-01 5.530951e-01 7.480884e-01
    outer loop
      vertex   2.201893e+01 6.147882e+01 1.530098e+02
      vertex   2.145673e+01 6.184225e+01 1.524655e+02
      vertex   2.188534e+01 6.136451e+01 1.530288e+02
    endloop
  endfacet
  facet normal -2.788401e-01 4.657386e-01 8.398427e-01
    outer loop
      vertex   2.201893e+01 6.147882e+01 1.530098e+02
      vertex   2.188534e+01 6.136451e+01 1.530288e+02
      vertex   2.232950e+01 6.109114e+01 1.533279e+02
    endloop
  endfacet
  facet normal -2.917910e-01 4.495318e-01 8.442625e-01
    outer loop
      vertex   2.232950e+01 6.109114e+01 1.533279e+02
      vertex   2.188534e+01 6.136451e+01 1.530288e+02
      vertex   2.221902e+01 6.099188e+01 1.533425e+02
    endloop
  endfacet
  facet normal -2.209231e-01 3.787045e-01 8.987635e-01
    outer loop
      vertex   2.232950e+01 6.109114e+01 1.533279e+02
      vertex   2.221902e+01 6.099188e+01 1.533425e+02
      vertex   2.265913e+01 6.067894e+01 1.535826e+02
    endloop
  endfacet
  facet normal -2.346022e-01 3.620631e-01 9.021486e-01
    outer loop
      vertex   2.265913e+01 6.067894e+01 1.535826e+02
      vertex   2.221902e+01 6.099188e+01 1.533425e+02
      vertex   2.257191e+01 6.059743e+01 1.535926e+02
    endloop
  endfacet
  facet normal -1.703372e-01 2.978695e-01 9.392864e-01
    outer loop
      vertex   2.265913e+01 6.067894e+01 1.535826e+02
      vertex   2.257191e+01 6.059743e+01 1.535926e+02
      vertex   2.294128e+01 6.032581e+01 1.537457e+02
    endloop
  endfacet
  facet normal -1.820257e-01 2.832813e-01 9.416041e-01
    outer loop
      vertex   2.294128e+01 6.032581e+01 1.537457e+02
      vertex   2.257191e+01 6.059743e+01 1.535926e+02
      vertex   2.287318e+01 6.026051e+01 1.537522e+02
    endloop
  endfacet
  facet normal -1.248063e-01 2.260477e-01 9.660879e-01
    outer loop
      vertex   2.294128e+01 6.032581e+01 1.537457e+02
      vertex   2.287318e+01 6.026051e+01 1.537522e+02
      vertex   2.323115e+01 5.996285e+01 1.538681e+02
    endloop
  endfacet
  facet normal -1.377622e-01 2.110981e-01 9.677082e-01
    outer loop
      vertex   2.323115e+01 5.996285e+01 1.538681e+02
      vertex   2.287318e+01 6.026051e+01 1.537522e+02
      vertex   2.318215e+01 5.991491e+01 1.538716e+02
    endloop
  endfacet
  facet normal -8.119162e-02 1.545148e-01 9.846487e-01
    outer loop
      vertex   2.323115e+01 5.996285e+01 1.538681e+02
      vertex   2.318215e+01 5.991491e+01 1.538716e+02
      vertex   2.352646e+01 5.959302e+01 1.539505e+02
    endloop
  endfacet
  facet normal -9.509340e-02 1.398758e-01 9.855922e-01
    outer loop
      vertex   2.352646e+01 5.959302e+01 1.539505e+02
      vertex   2.318215e+01 5.991491e+01 1.538716e+02
      vertex   2.349648e+01 5.956327e+01 1.539518e+02
    endloop
  endfacet
  facet normal -3.846485e-02 8.324679e-02 9.957863e-01
    outer loop
      vertex   2.352646e+01 5.959302e+01 1.539505e+02
      vertex   2.349648e+01 5.956327e+01 1.539518e+02
      vertex   2.382509e+01 5.921904e+01 1.539933e+02
    endloop
  endfacet
  facet normal -5.287649e-02 6.953623e-02 9.961771e-01
    outer loop
      vertex   2.382509e+01 5.921904e+01 1.539933e+02
      vertex   2.349648e+01 5.956327e+01 1.539518e+02
      vertex   2.381406e+01 5.920801e+01 1.539935e+02
    endloop
  endfacet
  facet normal -7.766550e-03 2.443488e-02 9.996713e-01
    outer loop
      vertex   2.382509e+01 5.921904e+01 1.539933e+02
      vertex   2.381406e+01 5.920801e+01 1.539935e+02
      vertex   2.400000e+01 5.900000e+01 1.540000e+02
    endloop
  endfacet
  facet normal -6.084438e-01 7.929393e-01 3.230150e-02
    outer loop
      vertex   2.100000e+01 6.273205e+01 1.500000e+02
      vertex   2.058579e+01 6.241421e+01 1.500000e+02
      vertex   2.080586e+01 6.256407e+01 1.504666e+02
    endloop
  endfacet
  facet normal -6.573908e-01 7.503792e-01 6.905398e-02
    outer loop
      vertex   2.080586e+01 6.256407e+01 1.504666e+02
      vertex   2.058579e+01 6.241421e+01 1.500000e+02
      vertex   2.060879e+01 6.239121e+01 1.504690e+02
    endloop
  endfacet
  facet normal -6.444154e-01 7.374122e-01 2.023661e-01
    outer loop
      vertex   2.080586e+01 6.256407e+01 1.504666e+02
      vertex   2.060879e+01 6.239121e+01 1.504690e+02
      vertex   2.086899e+01 6.249433e+01 1.509218e+02
    endloop
  endfacet
  facet normal -6.452112e-01 7.365352e-01 2.030232e-01
    outer loop
      vertex   2.086899e+01 6.249433e+01 1.509218e+02
      vertex   2.060879e+01 6.239121e+01 1.504690e+02
      vertex   2.067598e+01 6.232402e+01 1.509263e+02
    endloop
  endfacet
  facet normal -6.201981e-01 7.115401e-01 3.302500e-01
    outer loop
      vertex   2.086899e+01 6.249433e+01 1.509218e+02
      vertex   2.067598e+01 6.232402e+01 1.509263e+02
      vertex   2.097058e+01 6.238196e+01 1.513547e+02
    endloop
  endfacet
  facet normal -6.214111e-01 7.099951e-01 3.312931e-01
    outer loop
      vertex   2.097058e+01 6.238196e+01 1.513547e+02
      vertex   2.067598e+01 6.232402e+01 1.509263e+02
      vertex   2.078411e+01 6.221589e+01 1.513608e+02
    endloop
  endfacet
  facet normal -5.867496e-01 6.753407e-01 4.468108e-01
    outer loop
      vertex   2.097058e+01 6.238196e+01 1.513547e+02
      vertex   2.078411e+01 6.221589e+01 1.513608e+02
      vertex   2.110576e+01 6.223217e+01 1.517586e+02
    endloop
  endfacet
  facet normal -5.882721e-01 6.731370e-01 4.481321e-01
    outer loop
      vertex   2.110576e+01 6.223217e+01 1.517586e+02
      vertex   2.078411e+01 6.221589e+01 1.513608e+02
      vertex   2.092799e+01 6.207201e+01 1.517658e+02
    endloop
  endfacet
  facet normal -5.466062e-01 6.314750e-01 5.499645e-01
    outer loop
      vertex   2.110576e+01 6.223217e+01 1.517586e+02
      vertex   2.092799e+01 6.207201e+01 1.517658e+02
      vertex   2.126949e+01 6.205045e+01 1.521300e+02
    endloop
  endfacet
  facet normal -5.483551e-01 6.286672e-01 5.514383e-01
    outer loop
      vertex   2.126949e+01 6.205045e+01 1.521300e+02
      vertex   2.092799e+01 6.207201e+01 1.517658e+02
      vertex   2.110222e+01 6.189778e+01 1.521377e+02
    endloop
  endfacet
  facet normal -5.012700e-01 5.816007e-01 6.406786e-01
    outer loop
      vertex   2.126949e+01 6.205045e+01 1.521300e+02
      vertex   2.110222e+01 6.189778e+01 1.521377e+02
      vertex   2.145673e+01 6.184225e+01 1.524655e+02
    endloop
  endfacet
  facet normal -5.032069e-01 5.782365e-01 6.422036e-01
    outer loop
      vertex   2.145673e+01 6.184225e+01 1.524655e+02
      vertex   2.110222e+01 6.189778e+01 1.521377e+02
      vertex   2.130143e+01 6.169857e+01 1.524732e+02
    endloop
  endfacet
  facet normal -4.276299e-01 5.024057e-01 7.514793e-01
    outer loop
      vertex   2.145673e+01 6.184225e+01 1.524655e+02
      vertex   2.130143e+01 6.169857e+01 1.524732e+02
      vertex   2.188534e+01 6.136451e+01 1.530288e+02
    endloop
  endfacet
  facet normal -4.330258e-01 4.954801e-01 7.529861e-01
    outer loop
      vertex   2.188534e+01 6.136451e+01 1.530288e+02
      vertex   2.130143e+01 6.169857e+01 1.524732e+02
      vertex   2.175719e+01 6.124281e+01 1.530352e+02
    endloop
  endfacet
  facet normal -3.432139e-01 4.058348e-01 8.470551e-01
    outer loop
      vertex   2.188534e+01 6.136451e+01 1.530288e+02
      vertex   2.175719e+01 6.124281e+01 1.530352e+02
      vertex   2.221902e+01 6.099188e+01 1.533425e+02
    endloop
  endfacet
  facet normal -3.471885e-01 3.999583e-01 8.482296e-01
    outer loop
      vertex   2.221902e+01 6.099188e+01 1.533425e+02
      vertex   2.175719e+01 6.124281e+01 1.530352e+02
      vertex   2.211169e+01 6.088831e+01 1.533474e+02
    endloop
  endfacet
  facet normal -2.746588e-01 3.274449e-01 9.040699e-01
    outer loop
      vertex   2.221902e+01 6.099188e+01 1.533425e+02
      vertex   2.211169e+01 6.088831e+01 1.533474e+02
      vertex   2.257191e+01 6.059743e+01 1.535926e+02
    endloop
  endfacet
  facet normal -2.788863e-01 3.214719e-01 9.049189e-01
    outer loop
      vertex   2.257191e+01 6.059743e+01 1.535926e+02
      vertex   2.211169e+01 6.088831e+01 1.533474e+02
      vertex   2.248629e+01 6.051371e+01 1.535960e+02
    endloop
  endfacet
  facet normal -2.133027e-01 2.559146e-01 9.428731e-01
    outer loop
      vertex   2.257191e+01 6.059743e+01 1.535926e+02
      vertex   2.248629e+01 6.051371e+01 1.535960e+02
      vertex   2.287318e+01 6.026051e+01 1.537522e+02
    endloop
  endfacet
  facet normal -2.169262e-01 2.507275e-01 9.434398e-01
    outer loop
      vertex   2.287318e+01 6.026051e+01 1.537522e+02
      vertex   2.248629e+01 6.051371e+01 1.535960e+02
      vertex   2.280587e+01 6.019413e+01 1.537544e+02
    endloop
  endfacet
  facet normal -1.587565e-01 1.925544e-01 9.683590e-01
    outer loop
      vertex   2.287318e+01 6.026051e+01 1.537522e+02
      vertex   2.280587e+01 6.019413e+01 1.537544e+02
      vertex   2.318215e+01 5.991491e+01 1.538716e+02
    endloop
  endfacet
  facet normal -1.627980e-01 1.872621e-01 9.687258e-01
    outer loop
      vertex   2.318215e+01 5.991491e+01 1.538716e+02
      vertex   2.280587e+01 6.019413e+01 1.537544e+02
      vertex   2.313344e+01 5.986656e+01 1.538727e+02
    endloop
  endfacet
  facet normal -1.058492e-01 1.303100e-01 9.858069e-01
    outer loop
      vertex   2.318215e+01 5.991491e+01 1.538716e+02
      vertex   2.313344e+01 5.986656e+01 1.538727e+02
      vertex   2.349648e+01 5.956327e+01 1.539518e+02
    endloop
  endfacet
  facet normal -1.102092e-01 1.251409e-01 9.859988e-01
    outer loop
      vertex   2.349648e+01 5.956327e+01 1.539518e+02
      vertex   2.313344e+01 5.986656e+01 1.538727e+02
      vertex   2.346656e+01 5.953344e+01 1.539523e+02
    endloop
  endfacet
  facet normal -5.378923e-02 6.872122e-02 9.961848e-01
    outer loop
      vertex   2.349648e+01 5.956327e+01 1.539518e+02
      vertex   2.346656e+01 5.953344e+01 1.539523e+02
      vertex   2.381406e+01 5.920801e+01 1.539935e+02
    endloop
  endfacet
  facet normal -5.832919e-02 6.388185e-02 9.962514e-01
    outer loop
      vertex   2.381406e+01 5.920801e+01 1.539935e+02
      vertex   2.346656e+01 5.953344e+01 1.539523e+02
      vertex   2.380302e+01 5.919698e+01 1.539935e+02
    endloop
  endfacet
  facet normal -1.363503e-02 1.919059e-02 9.997229e-01
    outer loop
      vertex   2.381406e+01 5.920801e+01 1.539935e+02
      vertex   2.380302e+01 5.919698e+01 1.539935e+02
      vertex   2.400000e+01 5.900000e+01 1.540000e+02
    endloop
  endfacet
  facet normal -7.607798e-01 6.453347e-01 6.897277e-02
    outer loop
      vertex   2.060879e+01 6.239121e+01 1.504690e+02
      vertex   2.058579e+01 6.241421e+01 1.500000e+02
      vertex   2.039780e+01 6.214286e+01 1.504654e+02
    endloop
  endfacet
  facet normal -7.928820e-01 6.083997e-01 3.446699e-02
    outer loop
      vertex   2.039780e+01 6.214286e+01 1.504654e+02
      vertex   2.058579e+01 6.241421e+01 1.500000e+02
      vertex   2.026795e+01 6.200000e+01 1.500000e+02
    endloop
  endfacet
  facet normal -8.524610e-01 5.167528e-01 7.922571e-02
    outer loop
      vertex   2.039780e+01 6.214286e+01 1.504654e+02
      vertex   2.026795e+01 6.200000e+01 1.500000e+02
      vertex   2.023731e+01 6.187964e+01 1.504553e+02
    endloop
  endfacet
  facet normal -9.231785e-01 3.823930e-01 3.895008e-02
    outer loop
      vertex   2.023731e+01 6.187964e+01 1.504553e+02
      vertex   2.026795e+01 6.200000e+01 1.500000e+02
      vertex   2.006815e+01 6.151764e+01 1.500000e+02
    endloop
  endfacet
  facet normal -9.234071e-01 3.817819e-01 3.952092e-02
    outer loop
      vertex   2.023731e+01 6.187964e+01 1.504553e+02
      vertex   2.006815e+01 6.151764e+01 1.500000e+02
      vertex   2.011905e+01 6.159530e+01 1.504391e+02
    endloop
  endfacet
  facet normal -9.699576e-01 2.325891e-01 7.130589e-02
    outer loop
      vertex   2.011905e+01 6.159530e+01 1.504391e+02
      vertex   2.006815e+01 6.151764e+01 1.500000e+02
      vertex   2.004578e+01 6.129651e+01 1.504170e+02
    endloop
  endfacet
  facet normal -9.588603e-01 2.220792e-01 1.768271e-01
    outer loop
      vertex   2.011905e+01 6.159530e+01 1.504391e+02
      vertex   2.004578e+01 6.129651e+01 1.504170e+02
      vertex   2.018753e+01 6.154825e+01 1.508695e+02
    endloop
  endfacet
  facet normal -9.575028e-01 2.325950e-01 1.705517e-01
    outer loop
      vertex   2.018753e+01 6.154825e+01 1.508695e+02
      vertex   2.004578e+01 6.129651e+01 1.504170e+02
      vertex   2.010969e+01 6.125853e+01 1.508276e+02
    endloop
  endfacet
  facet normal -9.339376e-01 2.090015e-01 2.899638e-01
    outer loop
      vertex   2.018753e+01 6.154825e+01 1.508695e+02
      vertex   2.010969e+01 6.125853e+01 1.508276e+02
      vertex   2.029888e+01 6.147203e+01 1.512831e+02
    endloop
  endfacet
  facet normal -9.324731e-01 2.272595e-01 2.807973e-01
    outer loop
      vertex   2.029888e+01 6.147203e+01 1.512831e+02
      vertex   2.010969e+01 6.125853e+01 1.508276e+02
      vertex   2.021443e+01 6.119649e+01 1.512257e+02
    endloop
  endfacet
  facet normal -8.979889e-01 1.927691e-01 3.955452e-01
    outer loop
      vertex   2.029888e+01 6.147203e+01 1.512831e+02
      vertex   2.021443e+01 6.119649e+01 1.512257e+02
      vertex   2.044919e+01 6.136960e+01 1.516742e+02
    endloop
  endfacet
  facet normal -8.967080e-01 2.184281e-01 3.849726e-01
    outer loop
      vertex   2.044919e+01 6.136960e+01 1.516742e+02
      vertex   2.021443e+01 6.119649e+01 1.512257e+02
      vertex   2.035735e+01 6.111216e+01 1.516064e+02
    endloop
  endfacet
  facet normal -8.528697e-01 1.745667e-01 4.920769e-01
    outer loop
      vertex   2.044919e+01 6.136960e+01 1.516742e+02
      vertex   2.035735e+01 6.111216e+01 1.516064e+02
      vertex   2.063418e+01 6.124413e+01 1.520394e+02
    endloop
  endfacet
  facet normal -8.516971e-01 2.068078e-01 4.815004e-01
    outer loop
      vertex   2.063418e+01 6.124413e+01 1.520394e+02
      vertex   2.035735e+01 6.111216e+01 1.516064e+02
      vertex   2.053543e+01 6.100751e+01 1.519663e+02
    endloop
  endfacet
  facet normal -7.997054e-01 1.546591e-01 5.801308e-01
    outer loop
      vertex   2.063418e+01 6.124413e+01 1.520394e+02
      vertex   2.053543e+01 6.100751e+01 1.519663e+02
      vertex   2.084960e+01 6.109875e+01 1.523751e+02
    endloop
  endfacet
  facet normal -7.983150e-01 1.927636e-01 5.705570e-01
    outer loop
      vertex   2.084960e+01 6.109875e+01 1.523751e+02
      vertex   2.053543e+01 6.100751e+01 1.519663e+02
      vertex   2.074563e+01 6.088450e+01 1.523020e+02
    endloop
  endfacet
  facet normal -7.144104e-01 1.109987e-01 6.908669e-01
    outer loop
      vertex   2.084960e+01 6.109875e+01 1.523751e+02
      vertex   2.074563e+01 6.088450e+01 1.523020e+02
      vertex   2.135613e+01 6.075905e+01 1.529535e+02
    endloop
  endfacet
  facet normal -6.981106e-01 1.889615e-01 6.906049e-01
    outer loop
      vertex   2.135613e+01 6.075905e+01 1.529535e+02
      vertex   2.074563e+01 6.088450e+01 1.523020e+02
      vertex   2.124999e+01 6.059089e+01 1.528922e+02
    endloop
  endfacet
  facet normal -5.961372e-01 8.533723e-02 7.983345e-01
    outer loop
      vertex   2.135613e+01 6.075905e+01 1.529535e+02
      vertex   2.124999e+01 6.059089e+01 1.528922e+02
      vertex   2.176066e+01 6.048905e+01 1.532844e+02
    endloop
  endfacet
  facet normal -5.832869e-01 1.497825e-01 7.983368e-01
    outer loop
      vertex   2.176066e+01 6.048905e+01 1.532844e+02
      vertex   2.124999e+01 6.059089e+01 1.528922e+02
      vertex   2.166067e+01 6.035272e+01 1.532369e+02
    endloop
  endfacet
  facet normal -4.941932e-01 6.043150e-02 8.672491e-01
    outer loop
      vertex   2.176066e+01 6.048905e+01 1.532844e+02
      vertex   2.166067e+01 6.035272e+01 1.532369e+02
      vertex   2.219618e+01 6.019904e+01 1.535528e+02
    endloop
  endfacet
  facet normal -4.771782e-01 1.250859e-01 8.698589e-01
    outer loop
      vertex   2.219618e+01 6.019904e+01 1.535528e+02
      vertex   2.166067e+01 6.035272e+01 1.532369e+02
      vertex   2.210895e+01 6.009322e+01 1.535202e+02
    endloop
  endfacet
  facet normal -3.950872e-01 4.267346e-02 9.176519e-01
    outer loop
      vertex   2.219618e+01 6.019904e+01 1.535528e+02
      vertex   2.210895e+01 6.009322e+01 1.535202e+02
      vertex   2.257251e+01 5.994875e+01 1.537265e+02
    endloop
  endfacet
  facet normal -3.789276e-01 9.816870e-02 9.202047e-01
    outer loop
      vertex   2.257251e+01 5.994875e+01 1.537265e+02
      vertex   2.210895e+01 6.009322e+01 1.535202e+02
      vertex   2.249997e+01 5.986707e+01 1.537053e+02
    endloop
  endfacet
  facet normal -3.050698e-01 2.432525e-02 9.520193e-01
    outer loop
      vertex   2.257251e+01 5.994875e+01 1.537265e+02
      vertex   2.249997e+01 5.986707e+01 1.537053e+02
      vertex   2.296157e+01 5.969013e+01 1.538577e+02
    endloop
  endfacet
  facet normal -2.845516e-01 8.064718e-02 9.552625e-01
    outer loop
      vertex   2.296157e+01 5.969013e+01 1.538577e+02
      vertex   2.249997e+01 5.986707e+01 1.537053e+02
      vertex   2.290679e+01 5.963190e+01 1.538463e+02
    endloop
  endfacet
  facet normal -2.123360e-01 8.433211e-03 9.771603e-01
    outer loop
      vertex   2.296157e+01 5.969013e+01 1.538577e+02
      vertex   2.290679e+01 5.963190e+01 1.538463e+02
      vertex   2.335970e+01 5.942554e+01 1.539465e+02
    endloop
  endfacet
  facet normal -1.880124e-01 6.325938e-02 9.801273e-01
    outer loop
      vertex   2.335970e+01 5.942554e+01 1.539465e+02
      vertex   2.290679e+01 5.963190e+01 1.538463e+02
      vertex   2.332507e+01 5.939012e+01 1.539422e+02
    endloop
  endfacet
  facet normal -1.181078e-01 -6.676528e-03 9.929783e-01
    outer loop
      vertex   2.335970e+01 5.942554e+01 1.539465e+02
      vertex   2.332507e+01 5.939012e+01 1.539422e+02
      vertex   2.376336e+01 5.915727e+01 1.539927e+02
    endloop
  endfacet
  facet normal -9.108371e-02 4.459525e-02 9.948442e-01
    outer loop
      vertex   2.376336e+01 5.915727e+01 1.539927e+02
      vertex   2.332507e+01 5.939012e+01 1.539422e+02
      vertex   2.375040e+01 5.914427e+01 1.539921e+02
    endloop
  endfacet
  facet normal -3.699475e-02 -9.532772e-03 9.992700e-01
    outer loop
      vertex   2.376336e+01 5.915727e+01 1.539927e+02
      vertex   2.375040e+01 5.914427e+01 1.539921e+02
      vertex   2.400000e+01 5.900000e+01 1.540000e+02
    endloop
  endfacet
  facet normal -9.913174e-01 1.305094e-01 1.603201e-02
    outer loop
      vertex   2.006815e+01 6.151764e+01 1.500000e+02
      vertex   2.000000e+01 6.100000e+01 1.500000e+02
      vertex   2.004578e+01 6.129651e+01 1.504170e+02
    endloop
  endfacet
  facet normal -9.950048e-01 1.477733e-02 9.872714e-02
    outer loop
      vertex   2.004578e+01 6.129651e+01 1.504170e+02
      vertex   2.000000e+01 6.100000e+01 1.500000e+02
      vertex   2.007686e+01 6.096157e+01 1.507804e+02
    endloop
  endfacet
  facet normal -9.834826e-01 8.315240e-02 1.607718e-01
    outer loop
      vertex   2.004578e+01 6.129651e+01 1.504170e+02
      vertex   2.007686e+01 6.096157e+01 1.507804e+02
      vertex   2.010969e+01 6.125853e+01 1.508276e+02
    endloop
  endfacet
  facet normal -9.625436e-01 6.451105e-02 2.633402e-01
    outer loop
      vertex   2.010969e+01 6.125853e+01 1.508276e+02
      vertex   2.007686e+01 6.096157e+01 1.507804e+02
      vertex   2.021443e+01 6.119649e+01 1.512257e+02
    endloop
  endfacet
  facet normal -9.565778e-01 7.884313e-03 2.913705e-01
    outer loop
      vertex   2.007686e+01 6.096157e+01 1.507804e+02
      vertex   2.030448e+01 6.084776e+01 1.515307e+02
      vertex   2.021443e+01 6.119649e+01 1.512257e+02
    endloop
  endfacet
  facet normal -9.271542e-01 8.067556e-02 3.658914e-01
    outer loop
      vertex   2.021443e+01 6.119649e+01 1.512257e+02
      vertex   2.030448e+01 6.084776e+01 1.515307e+02
      vertex   2.035735e+01 6.111216e+01 1.516064e+02
    endloop
  endfacet
  facet normal -8.896635e-01 4.793690e-02 4.540934e-01
    outer loop
      vertex   2.035735e+01 6.111216e+01 1.516064e+02
      vertex   2.030448e+01 6.084776e+01 1.515307e+02
      vertex   2.053543e+01 6.100751e+01 1.519663e+02
    endloop
  endfacet
  facet normal -8.825756e-01 -6.042591e-03 4.701316e-01
    outer loop
      vertex   2.053543e+01 6.100751e+01 1.519663e+02
      vertex   2.030448e+01 6.084776e+01 1.515307e+02
      vertex   2.067412e+01 6.066294e+01 1.522223e+02
    endloop
  endfacet
  facet normal -8.333214e-01 7.171032e-02 5.481177e-01
    outer loop
      vertex   2.053543e+01 6.100751e+01 1.519663e+02
      vertex   2.067412e+01 6.066294e+01 1.522223e+02
      vertex   2.074563e+01 6.088450e+01 1.523020e+02
    endloop
  endfacet
  facet normal -7.577690e-01 9.787024e-03 6.524495e-01
    outer loop
      vertex   2.074563e+01 6.088450e+01 1.523020e+02
      vertex   2.067412e+01 6.066294e+01 1.522223e+02
      vertex   2.124999e+01 6.059089e+01 1.528922e+02
    endloop
  endfacet
  facet normal -7.496424e-01 9.642248e-02 6.547816e-01
    outer loop
      vertex   2.067412e+01 6.066294e+01 1.522223e+02
      vertex   2.117157e+01 6.041421e+01 1.528284e+02
      vertex   2.124999e+01 6.059089e+01 1.528922e+02
    endloop
  endfacet
  facet normal -6.404877e-01 7.143854e-03 7.679352e-01
    outer loop
      vertex   2.124999e+01 6.059089e+01 1.528922e+02
      vertex   2.117157e+01 6.041421e+01 1.528284e+02
      vertex   2.166067e+01 6.035272e+01 1.532369e+02
    endloop
  endfacet
  facet normal -6.429483e-01 -2.971126e-02 7.653331e-01
    outer loop
      vertex   2.117157e+01 6.041421e+01 1.528284e+02
      vertex   2.177772e+01 6.011114e+01 1.533259e+02
      vertex   2.166067e+01 6.035272e+01 1.532369e+02
    endloop
  endfacet
  facet normal -5.015250e-01 7.438387e-02 8.619395e-01
    outer loop
      vertex   2.166067e+01 6.035272e+01 1.532369e+02
      vertex   2.177772e+01 6.011114e+01 1.533259e+02
      vertex   2.210895e+01 6.009322e+01 1.535202e+02
    endloop
  endfacet
  facet normal -5.074095e-01 -9.984141e-02 8.559014e-01
    outer loop
      vertex   2.177772e+01 6.011114e+01 1.533259e+02
      vertex   2.246927e+01 5.976537e+01 1.536955e+02
      vertex   2.210895e+01 6.009322e+01 1.535202e+02
    endloop
  endfacet
  facet normal -4.104273e-01 3.630704e-02 9.111702e-01
    outer loop
      vertex   2.210895e+01 6.009322e+01 1.535202e+02
      vertex   2.246927e+01 5.976537e+01 1.536955e+02
      vertex   2.249997e+01 5.986707e+01 1.537053e+02
    endloop
  endfacet
  facet normal -3.240033e-01 6.866473e-03 9.460310e-01
    outer loop
      vertex   2.249997e+01 5.986707e+01 1.537053e+02
      vertex   2.246927e+01 5.976537e+01 1.536955e+02
      vertex   2.290679e+01 5.963190e+01 1.538463e+02
    endloop
  endfacet
  facet normal -3.717948e-01 -1.926480e-01 9.081054e-01
    outer loop
      vertex   2.290679e+01 5.963190e+01 1.538463e+02
      vertex   2.246927e+01 5.976537e+01 1.536955e+02
      vertex   2.321964e+01 5.939018e+01 1.539231e+02
    endloop
  endfacet
  facet normal -1.769991e-01 8.255686e-02 9.807424e-01
    outer loop
      vertex   2.290679e+01 5.963190e+01 1.538463e+02
      vertex   2.321964e+01 5.939018e+01 1.539231e+02
      vertex   2.332507e+01 5.939012e+01 1.539422e+02
    endloop
  endfacet
  facet normal -1.766902e-01 -1.068398e-01 9.784507e-01
    outer loop
      vertex   2.332507e+01 5.939012e+01 1.539422e+02
      vertex   2.321964e+01 5.939018e+01 1.539231e+02
      vertex   2.375040e+01 5.914427e+01 1.539921e+02
    endloop
  endfacet
  facet normal -3.717444e-01 -6.047470e-01 7.043346e-01
    outer loop
      vertex   2.321964e+01 5.939018e+01 1.539231e+02
      vertex   2.400000e+01 5.900000e+01 1.540000e+02
      vertex   2.375040e+01 5.914427e+01 1.539921e+02
    endloop
  endfacet
  facet normal 9.961735e-02 3.341207e-01 9.372512e-01
    outer loop
      vertex   2.323463e+01 6.053073e+01 1.536955e+02
      vertex   2.332978e+01 6.005727e+01 1.538542e+02
      vertex   2.360982e+01 5.978036e+01 1.539231e+02
    endloop
  endfacet
  facet normal -6.345648e-02 1.802404e-01 9.815736e-01
    outer loop
      vertex   2.360982e+01 5.978036e+01 1.539231e+02
      vertex   2.332978e+01 6.005727e+01 1.538542e+02
      vertex   2.358658e+01 5.965217e+01 1.539452e+02
    endloop
  endfacet
  facet normal 6.847881e-02 1.569479e-01 9.852299e-01
    outer loop
      vertex   2.360982e+01 5.978036e+01 1.539231e+02
      vertex   2.358658e+01 5.965217e+01 1.539452e+02
      vertex   2.384718e+01 5.924107e+01 1.539926e+02
    endloop
  endfacet
  facet normal -6.198904e-03 1.106014e-01 9.938455e-01
    outer loop
      vertex   2.384718e+01 5.924107e+01 1.539926e+02
      vertex   2.358658e+01 5.965217e+01 1.539452e+02
      vertex   2.355650e+01 5.962266e+01 1.539483e+02
    endloop
  endfacet
  facet normal -4.350929e-02 8.238871e-02 9.956501e-01
    outer loop
      vertex   2.384718e+01 5.924107e+01 1.539926e+02
      vertex   2.355650e+01 5.962266e+01 1.539483e+02
      vertex   2.383614e+01 5.923006e+01 1.539930e+02
    endloop
  endfacet
  facet normal -2.259989e-02 9.720869e-02 9.950074e-01
    outer loop
      vertex   2.383614e+01 5.923006e+01 1.539930e+02
      vertex   2.355650e+01 5.962266e+01 1.539483e+02
      vertex   2.352646e+01 5.959302e+01 1.539505e+02
    endloop
  endfacet
  facet normal -4.793659e-02 7.570527e-02 9.959773e-01
    outer loop
      vertex   2.383614e+01 5.923006e+01 1.539930e+02
      vertex   2.352646e+01 5.959302e+01 1.539505e+02
      vertex   2.382509e+01 5.921904e+01 1.539933e+02
    endloop
  endfacet
  facet normal 3.306473e-02 4.839475e-01 8.744722e-01
    outer loop
      vertex   2.288886e+01 6.122228e+01 1.533259e+02
      vertex   2.283708e+01 6.083416e+01 1.535426e+02
      vertex   2.323463e+01 6.053073e+01 1.536955e+02
    endloop
  endfacet
  facet normal -5.353343e-02 3.925125e-01 9.181874e-01
    outer loop
      vertex   2.323463e+01 6.053073e+01 1.536955e+02
      vertex   2.283708e+01 6.083416e+01 1.535426e+02
      vertex   2.307916e+01 6.045256e+01 1.537199e+02
    endloop
  endfacet
  facet normal -1.022300e-02 3.158969e-01 9.487385e-01
    outer loop
      vertex   2.323463e+01 6.053073e+01 1.536955e+02
      vertex   2.307916e+01 6.045256e+01 1.537199e+02
      vertex   2.332978e+01 6.005727e+01 1.538542e+02
    endloop
  endfacet
  facet normal -5.465741e-02 2.900091e-01 9.554618e-01
    outer loop
      vertex   2.332978e+01 6.005727e+01 1.538542e+02
      vertex   2.307916e+01 6.045256e+01 1.537199e+02
      vertex   2.300999e+01 6.038988e+01 1.537349e+02
    endloop
  endfacet
  facet normal -8.870696e-02 2.594942e-01 9.616620e-01
    outer loop
      vertex   2.332978e+01 6.005727e+01 1.538542e+02
      vertex   2.300999e+01 6.038988e+01 1.537349e+02
      vertex   2.328038e+01 6.001032e+01 1.538623e+02
    endloop
  endfacet
  facet normal -9.009378e-02 2.585484e-01 9.617878e-01
    outer loop
      vertex   2.328038e+01 6.001032e+01 1.538623e+02
      vertex   2.300999e+01 6.038988e+01 1.537349e+02
      vertex   2.294128e+01 6.032581e+01 1.537457e+02
    endloop
  endfacet
  facet normal -1.130597e-01 2.351812e-01 9.653535e-01
    outer loop
      vertex   2.328038e+01 6.001032e+01 1.538623e+02
      vertex   2.294128e+01 6.032581e+01 1.537457e+02
      vertex   2.323115e+01 5.996285e+01 1.538681e+02
    endloop
  endfacet
  facet normal -6.947013e-02 4.934502e-01 8.669953e-01
    outer loop
      vertex   2.283708e+01 6.083416e+01 1.535426e+02
      vertex   2.288886e+01 6.122228e+01 1.533259e+02
      vertex   2.255742e+01 6.127449e+01 1.532696e+02
    endloop
  endfacet
  facet normal -3.433779e-02 6.237041e-01 7.809060e-01
    outer loop
      vertex   2.255742e+01 6.127449e+01 1.532696e+02
      vertex   2.288886e+01 6.122228e+01 1.533259e+02
      vertex   2.258579e+01 6.182843e+01 1.528284e+02
    endloop
  endfacet
  facet normal -3.041351e-02 6.236605e-01 7.811035e-01
    outer loop
      vertex   2.255742e+01 6.127449e+01 1.532696e+02
      vertex   2.258579e+01 6.182843e+01 1.528284e+02
      vertex   2.229818e+01 6.168175e+01 1.529343e+02
    endloop
  endfacet
  facet normal -1.333120e-01 7.385870e-01 6.608458e-01
    outer loop
      vertex   2.229818e+01 6.168175e+01 1.529343e+02
      vertex   2.258579e+01 6.182843e+01 1.528284e+02
      vertex   2.233706e+01 6.232588e+01 1.522223e+02
    endloop
  endfacet
  facet normal -4.098385e-02 7.420850e-01 6.690517e-01
    outer loop
      vertex   2.229818e+01 6.168175e+01 1.529343e+02
      vertex   2.233706e+01 6.232588e+01 1.522223e+02
      vertex   2.197399e+01 6.218866e+01 1.523522e+02
    endloop
  endfacet
  facet normal -1.065929e-01 8.177361e-01 5.656374e-01
    outer loop
      vertex   2.197399e+01 6.218866e+01 1.523522e+02
      vertex   2.233706e+01 6.232588e+01 1.522223e+02
      vertex   2.183611e+01 6.240290e+01 1.520165e+02
    endloop
  endfacet
  facet normal -2.290129e-01 7.751855e-01 5.887618e-01
    outer loop
      vertex   2.197399e+01 6.218866e+01 1.523522e+02
      vertex   2.183611e+01 6.240290e+01 1.520165e+02
      vertex   2.163878e+01 6.230471e+01 1.520691e+02
    endloop
  endfacet
  facet normal -2.690205e-01 8.150968e-01 5.130743e-01
    outer loop
      vertex   2.163878e+01 6.230471e+01 1.520691e+02
      vertex   2.183611e+01 6.240290e+01 1.520165e+02
      vertex   2.150338e+01 6.249117e+01 1.517018e+02
    endloop
  endfacet
  facet normal -3.570755e-01 7.731052e-01 5.242189e-01
    outer loop
      vertex   2.163878e+01 6.230471e+01 1.520691e+02
      vertex   2.150338e+01 6.249117e+01 1.517018e+02
      vertex   2.129848e+01 6.237257e+01 1.517372e+02
    endloop
  endfacet
  facet normal -3.950883e-01 8.110916e-01 4.313184e-01
    outer loop
      vertex   2.129848e+01 6.237257e+01 1.517372e+02
      vertex   2.150338e+01 6.249117e+01 1.517018e+02
      vertex   2.117440e+01 6.252520e+01 1.513365e+02
    endloop
  endfacet
  facet normal -6.449784e-02 8.728167e-01 4.837676e-01
    outer loop
      vertex   2.233706e+01 6.232588e+01 1.522223e+02
      vertex   2.215224e+01 6.269552e+01 1.515307e+02
      vertex   2.183611e+01 6.240290e+01 1.520165e+02
    endloop
  endfacet
  facet normal -8.834754e-02 8.776220e-01 4.711416e-01
    outer loop
      vertex   2.183611e+01 6.240290e+01 1.520165e+02
      vertex   2.215224e+01 6.269552e+01 1.515307e+02
      vertex   2.171760e+01 6.258613e+01 1.516530e+02
    endloop
  endfacet
  facet normal -2.531391e-01 8.282245e-01 4.999647e-01
    outer loop
      vertex   2.183611e+01 6.240290e+01 1.520165e+02
      vertex   2.171760e+01 6.258613e+01 1.516530e+02
      vertex   2.150338e+01 6.249117e+01 1.517018e+02
    endloop
  endfacet
  facet normal -2.885305e-01 8.635816e-01 4.134936e-01
    outer loop
      vertex   2.150338e+01 6.249117e+01 1.517018e+02
      vertex   2.171760e+01 6.258613e+01 1.516530e+02
      vertex   2.139238e+01 6.264338e+01 1.513065e+02
    endloop
  endfacet
  facet normal -3.859128e-01 8.194134e-01 4.238313e-01
    outer loop
      vertex   2.150338e+01 6.249117e+01 1.517018e+02
      vertex   2.139238e+01 6.264338e+01 1.513065e+02
      vertex   2.117440e+01 6.252520e+01 1.513365e+02
    endloop
  endfacet
  facet normal -4.177222e-01 8.511762e-01 3.178164e-01
    outer loop
      vertex   2.117440e+01 6.252520e+01 1.513365e+02
      vertex   2.139238e+01 6.264338e+01 1.513065e+02
      vertex   2.108133e+01 6.263933e+01 1.509085e+02
    endloop
  endfacet
  facet normal -1.234275e-01 9.162901e-01 3.810225e-01
    outer loop
      vertex   2.171760e+01 6.258613e+01 1.516530e+02
      vertex   2.215224e+01 6.269552e+01 1.515307e+02
      vertex   2.162122e+01 6.273445e+01 1.512651e+02
    endloop
  endfacet
  facet normal -8.065940e-02 9.503582e-01 3.005219e-01
    outer loop
      vertex   2.162122e+01 6.273445e+01 1.512651e+02
      vertex   2.215224e+01 6.269552e+01 1.515307e+02
      vertex   2.203843e+01 6.292314e+01 1.507804e+02
    endloop
  endfacet
  facet normal -1.118380e-01 9.547980e-01 2.754142e-01
    outer loop
      vertex   2.162122e+01 6.273445e+01 1.512651e+02
      vertex   2.203843e+01 6.292314e+01 1.507804e+02
      vertex   2.154972e+01 6.284397e+01 1.508564e+02
    endloop
  endfacet
  facet normal -1.320453e-01 9.768278e-01 1.684385e-01
    outer loop
      vertex   2.154972e+01 6.284397e+01 1.508564e+02
      vertex   2.203843e+01 6.292314e+01 1.507804e+02
      vertex   2.150569e+01 6.291117e+01 1.504321e+02
    endloop
  endfacet
  facet normal -3.081510e-01 9.341619e-01 1.799569e-01
    outer loop
      vertex   2.154972e+01 6.284397e+01 1.508564e+02
      vertex   2.150569e+01 6.291117e+01 1.504321e+02
      vertex   2.125814e+01 6.282644e+01 1.504481e+02
    endloop
  endfacet
  facet normal -3.177368e-02 -1.666368e-03 9.994937e-01
    outer loop
      vertex   2.376336e+01 5.915727e+01 1.539927e+02
      vertex   2.400000e+01 5.900000e+01 1.540000e+02
      vertex   2.377633e+01 5.917026e+01 1.539932e+02
    endloop
  endfacet
  facet normal -2.612233e-02 5.763702e-03 9.996421e-01
    outer loop
      vertex   2.377633e+01 5.917026e+01 1.539932e+02
      vertex   2.400000e+01 5.900000e+01 1.540000e+02
      vertex   2.378930e+01 5.918326e+01 1.539934e+02
    endloop
  endfacet
  facet normal -1.986731e-02 1.295817e-02 9.997186e-01
    outer loop
      vertex   2.378930e+01 5.918326e+01 1.539934e+02
      vertex   2.400000e+01 5.900000e+01 1.540000e+02
      vertex   2.380302e+01 5.919698e+01 1.539935e+02
    endloop
  endfacet
  facet normal -1.584697e-03 2.936799e-02 9.995674e-01
    outer loop
      vertex   2.382509e+01 5.921904e+01 1.539933e+02
      vertex   2.400000e+01 5.900000e+01 1.540000e+02
      vertex   2.383614e+01 5.923006e+01 1.539930e+02
    endloop
  endfacet
  facet normal 4.911105e-03 3.398993e-02 9.994101e-01
    outer loop
      vertex   2.383614e+01 5.923006e+01 1.539930e+02
      vertex   2.400000e+01 5.900000e+01 1.540000e+02
      vertex   2.384718e+01 5.924107e+01 1.539926e+02
    endloop
  endfacet
  facet normal 4.300264e-01 2.989176e-01 8.518953e-01
    outer loop
      vertex   2.400000e+01 5.900000e+01 1.540000e+02
      vertex   2.360982e+01 5.978036e+01 1.539231e+02
      vertex   2.384718e+01 5.924107e+01 1.539926e+02
    endloop
  endfacet
  facet normal -9.103302e-01 3.677549e-01 1.898825e-01
    outer loop
      vertex   2.023731e+01 6.187964e+01 1.504553e+02
      vertex   2.011905e+01 6.159530e+01 1.504391e+02
      vertex   2.030784e+01 6.182447e+01 1.509003e+02
    endloop
  endfacet
  facet normal -9.083074e-01 3.749279e-01 1.854907e-01
    outer loop
      vertex   2.030784e+01 6.182447e+01 1.509003e+02
      vertex   2.011905e+01 6.159530e+01 1.504391e+02
      vertex   2.018753e+01 6.154825e+01 1.508695e+02
    endloop
  endfacet
  facet normal -8.836759e-01 3.502457e-01 3.105556e-01
    outer loop
      vertex   2.030784e+01 6.182447e+01 1.509003e+02
      vertex   2.018753e+01 6.154825e+01 1.508695e+02
      vertex   2.042193e+01 6.173549e+01 1.513253e+02
    endloop
  endfacet
  facet normal -8.809176e-01 3.627088e-01 3.040172e-01
    outer loop
      vertex   2.042193e+01 6.173549e+01 1.513253e+02
      vertex   2.018753e+01 6.154825e+01 1.508695e+02
      vertex   2.029888e+01 6.147203e+01 1.512831e+02
    endloop
  endfacet
  facet normal -8.455663e-01 3.273394e-01 4.217424e-01
    outer loop
      vertex   2.042193e+01 6.173549e+01 1.513253e+02
      vertex   2.029888e+01 6.147203e+01 1.512831e+02
      vertex   2.057479e+01 6.161669e+01 1.517240e+02
    endloop
  endfacet
  facet normal -8.424110e-01 3.448684e-01 4.140162e-01
    outer loop
      vertex   2.057479e+01 6.161669e+01 1.517240e+02
      vertex   2.029888e+01 6.147203e+01 1.512831e+02
      vertex   2.044919e+01 6.136960e+01 1.516742e+02
    endloop
  endfacet
  facet normal -7.983720e-01 3.008070e-01 5.216487e-01
    outer loop
      vertex   2.057479e+01 6.161669e+01 1.517240e+02
      vertex   2.044919e+01 6.136960e+01 1.516742e+02
      vertex   2.076137e+01 6.147224e+01 1.520929e+02
    endloop
  endfacet
  facet normal -7.949257e-01 3.228489e-01 5.136747e-01
    outer loop
      vertex   2.076137e+01 6.147224e+01 1.520929e+02
      vertex   2.044919e+01 6.136960e+01 1.516742e+02
      vertex   2.063418e+01 6.124413e+01 1.520394e+02
    endloop
  endfacet
  facet normal -7.436024e-01 2.714034e-01 6.110611e-01
    outer loop
      vertex   2.076137e+01 6.147224e+01 1.520929e+02
      vertex   2.063418e+01 6.124413e+01 1.520394e+02
      vertex   2.097660e+01 6.130627e+01 1.524285e+02
    endloop
  endfacet
  facet normal -7.397716e-01 2.974833e-01 6.035243e-01
    outer loop
      vertex   2.097660e+01 6.130627e+01 1.524285e+02
      vertex   2.063418e+01 6.124413e+01 1.520394e+02
      vertex   2.084960e+01 6.109875e+01 1.523751e+02
    endloop
  endfacet
  facet normal -6.574729e-01 2.167410e-01 7.216320e-01
    outer loop
      vertex   2.097660e+01 6.130627e+01 1.524285e+02
      vertex   2.084960e+01 6.109875e+01 1.523751e+02
      vertex   2.147554e+01 6.092354e+01 1.529980e+02
    endloop
  endfacet
  facet normal -6.401783e-01 2.699731e-01 7.192261e-01
    outer loop
      vertex   2.147554e+01 6.092354e+01 1.529980e+02
      vertex   2.084960e+01 6.109875e+01 1.523751e+02
      vertex   2.135613e+01 6.075905e+01 1.529535e+02
    endloop
  endfacet
  facet normal -5.417076e-01 1.703534e-01 8.231237e-01
    outer loop
      vertex   2.147554e+01 6.092354e+01 1.529980e+02
      vertex   2.135613e+01 6.075905e+01 1.529535e+02
      vertex   2.186856e+01 6.062326e+01 1.533188e+02
    endloop
  endfacet
  facet normal -5.286833e-01 2.145084e-01 8.212674e-01
    outer loop
      vertex   2.186856e+01 6.062326e+01 1.533188e+02
      vertex   2.135613e+01 6.075905e+01 1.529535e+02
      vertex   2.176066e+01 6.048905e+01 1.532844e+02
    endloop
  endfacet
  facet normal -4.450129e-01 1.306717e-01 8.859393e-01
    outer loop
      vertex   2.186856e+01 6.062326e+01 1.533188e+02
      vertex   2.176066e+01 6.048905e+01 1.532844e+02
      vertex   2.228752e+01 6.030380e+01 1.535764e+02
    endloop
  endfacet
  facet normal -4.294502e-01 1.749885e-01 8.859749e-01
    outer loop
      vertex   2.228752e+01 6.030380e+01 1.535764e+02
      vertex   2.176066e+01 6.048905e+01 1.532844e+02
      vertex   2.219618e+01 6.019904e+01 1.535528e+02
    endloop
  endfacet
  facet normal -3.529758e-01 9.829939e-02 9.304543e-01
    outer loop
      vertex   2.228752e+01 6.030380e+01 1.535764e+02
      vertex   2.219618e+01 6.019904e+01 1.535528e+02
      vertex   2.264709e+01 6.002990e+01 1.537417e+02
    endloop
  endfacet
  facet normal -3.388781e-01 1.363747e-01 9.308940e-01
    outer loop
      vertex   2.264709e+01 6.002990e+01 1.537417e+02
      vertex   2.219618e+01 6.019904e+01 1.535528e+02
      vertex   2.257251e+01 5.994875e+01 1.537265e+02
    endloop
  endfacet
  facet normal -2.705664e-01 6.807020e-02 9.602918e-01
    outer loop
      vertex   2.264709e+01 6.002990e+01 1.537417e+02
      vertex   2.257251e+01 5.994875e+01 1.537265e+02
      vertex   2.301713e+01 5.974818e+01 1.538659e+02
    endloop
  endfacet
  facet normal -2.535151e-01 1.066637e-01 9.614328e-01
    outer loop
      vertex   2.301713e+01 5.974818e+01 1.538659e+02
      vertex   2.257251e+01 5.994875e+01 1.537265e+02
      vertex   2.296157e+01 5.969013e+01 1.538577e+02
    endloop
  endfacet
  facet normal -1.871029e-01 4.025639e-02 9.815151e-01
    outer loop
      vertex   2.301713e+01 5.974818e+01 1.538659e+02
      vertex   2.296157e+01 5.969013e+01 1.538577e+02
      vertex   2.339451e+01 5.946091e+01 1.539497e+02
    endloop
  endfacet
  facet normal -1.675170e-01 7.776305e-02 9.827975e-01
    outer loop
      vertex   2.339451e+01 5.946091e+01 1.539497e+02
      vertex   2.296157e+01 5.969013e+01 1.538577e+02
      vertex   2.335970e+01 5.942554e+01 1.539465e+02
    endloop
  endfacet
  facet normal -1.031485e-01 1.337863e-02 9.945760e-01
    outer loop
      vertex   2.339451e+01 5.946091e+01 1.539497e+02
      vertex   2.335970e+01 5.942554e+01 1.539465e+02
      vertex   2.377633e+01 5.917026e+01 1.539932e+02
    endloop
  endfacet
  facet normal -8.180046e-02 4.838415e-02 9.954736e-01
    outer loop
      vertex   2.377633e+01 5.917026e+01 1.539932e+02
      vertex   2.335970e+01 5.942554e+01 1.539465e+02
      vertex   2.376336e+01 5.915727e+01 1.539927e+02
    endloop
  endfacet
  facet normal -7.477326e-01 6.322822e-01 2.027687e-01
    outer loop
      vertex   2.067598e+01 6.232402e+01 1.509263e+02
      vertex   2.060879e+01 6.239121e+01 1.504690e+02
      vertex   2.039780e+01 6.214286e+01 1.504654e+02
    endloop
  endfacet
  facet normal -8.401464e-01 5.046884e-01 1.986044e-01
    outer loop
      vertex   2.039780e+01 6.214286e+01 1.504654e+02
      vertex   2.023731e+01 6.187964e+01 1.504553e+02
      vertex   2.046792e+01 6.208092e+01 1.509194e+02
    endloop
  endfacet
  facet normal -8.383294e-01 5.087320e-01 1.959477e-01
    outer loop
      vertex   2.046792e+01 6.208092e+01 1.509194e+02
      vertex   2.023731e+01 6.187964e+01 1.504553e+02
      vertex   2.030784e+01 6.182447e+01 1.509003e+02
    endloop
  endfacet
  facet normal -8.130864e-01 4.834403e-01 3.243085e-01
    outer loop
      vertex   2.046792e+01 6.208092e+01 1.509194e+02
      vertex   2.030784e+01 6.182447e+01 1.509003e+02
      vertex   2.058096e+01 6.198125e+01 1.513514e+02
    endloop
  endfacet
  facet normal -8.104594e-01 4.904951e-01 3.202657e-01
    outer loop
      vertex   2.058096e+01 6.198125e+01 1.513514e+02
      vertex   2.030784e+01 6.182447e+01 1.509003e+02
      vertex   2.042193e+01 6.173549e+01 1.513253e+02
    endloop
  endfacet
  facet normal -7.747628e-01 4.547779e-01 4.392263e-01
    outer loop
      vertex   2.058096e+01 6.198125e+01 1.513514e+02
      vertex   2.042193e+01 6.173549e+01 1.513253e+02
      vertex   2.073172e+01 6.184856e+01 1.517547e+02
    endloop
  endfacet
  facet normal -7.716072e-01 4.647395e-01 4.343264e-01
    outer loop
      vertex   2.073172e+01 6.184856e+01 1.517547e+02
      vertex   2.042193e+01 6.173549e+01 1.513253e+02
      vertex   2.057479e+01 6.161669e+01 1.517240e+02
    endloop
  endfacet
  facet normal -7.278280e-01 4.209417e-01 5.413635e-01
    outer loop
      vertex   2.073172e+01 6.184856e+01 1.517547e+02
      vertex   2.057479e+01 6.161669e+01 1.517240e+02
      vertex   2.091478e+01 6.168780e+01 1.521258e+02
    endloop
  endfacet
  facet normal -7.242984e-01 4.335121e-01 5.361522e-01
    outer loop
      vertex   2.091478e+01 6.168780e+01 1.521258e+02
      vertex   2.057479e+01 6.161669e+01 1.517240e+02
      vertex   2.076137e+01 6.147224e+01 1.520929e+02
    endloop
  endfacet
  facet normal -6.739754e-01 3.831099e-01 6.316518e-01
    outer loop
      vertex   2.091478e+01 6.168780e+01 1.521258e+02
      vertex   2.076137e+01 6.147224e+01 1.520929e+02
      vertex   2.112468e+01 6.150388e+01 1.524613e+02
    endloop
  endfacet
  facet normal -6.700887e-01 3.980350e-01 6.265375e-01
    outer loop
      vertex   2.112468e+01 6.150388e+01 1.524613e+02
      vertex   2.076137e+01 6.147224e+01 1.520929e+02
      vertex   2.097660e+01 6.130627e+01 1.524285e+02
    endloop
  endfacet
  facet normal -5.896751e-01 3.185675e-01 7.421577e-01
    outer loop
      vertex   2.112468e+01 6.150388e+01 1.524613e+02
      vertex   2.097660e+01 6.130627e+01 1.524285e+02
      vertex   2.160693e+01 6.108257e+01 1.530253e+02
    endloop
  endfacet
  facet normal -5.760549e-01 3.489787e-01 7.391716e-01
    outer loop
      vertex   2.160693e+01 6.108257e+01 1.530253e+02
      vertex   2.097660e+01 6.130627e+01 1.524285e+02
      vertex   2.147554e+01 6.092354e+01 1.529980e+02
    endloop
  endfacet
  facet normal -4.807306e-01 2.529774e-01 8.395835e-01
    outer loop
      vertex   2.160693e+01 6.108257e+01 1.530253e+02
      vertex   2.147554e+01 6.092354e+01 1.529980e+02
      vertex   2.198352e+01 6.075433e+01 1.533399e+02
    endloop
  endfacet
  facet normal -4.706857e-01 2.783832e-01 8.372322e-01
    outer loop
      vertex   2.198352e+01 6.075433e+01 1.533399e+02
      vertex   2.147554e+01 6.092354e+01 1.529980e+02
      vertex   2.186856e+01 6.062326e+01 1.533188e+02
    endloop
  endfacet
  facet normal -3.915682e-01 1.991753e-01 8.983338e-01
    outer loop
      vertex   2.198352e+01 6.075433e+01 1.533399e+02
      vertex   2.186856e+01 6.062326e+01 1.533188e+02
      vertex   2.238250e+01 6.040697e+01 1.535908e+02
    endloop
  endfacet
  facet normal -3.802054e-01 2.247304e-01 8.971845e-01
    outer loop
      vertex   2.238250e+01 6.040697e+01 1.535908e+02
      vertex   2.186856e+01 6.062326e+01 1.533188e+02
      vertex   2.228752e+01 6.030380e+01 1.535764e+02
    endloop
  endfacet
  facet normal -3.083551e-01 1.527595e-01 9.389258e-01
    outer loop
      vertex   2.238250e+01 6.040697e+01 1.535908e+02
      vertex   2.228752e+01 6.030380e+01 1.535764e+02
      vertex   2.272347e+01 6.011029e+01 1.537510e+02
    endloop
  endfacet
  facet normal -2.983418e-01 1.747730e-01 9.383211e-01
    outer loop
      vertex   2.272347e+01 6.011029e+01 1.537510e+02
      vertex   2.228752e+01 6.030380e+01 1.535764e+02
      vertex   2.264709e+01 6.002990e+01 1.537417e+02
    endloop
  endfacet
  facet normal -2.345023e-01 1.109381e-01 9.657647e-01
    outer loop
      vertex   2.272347e+01 6.011029e+01 1.537510e+02
      vertex   2.264709e+01 6.002990e+01 1.537417e+02
      vertex   2.307337e+01 5.980594e+01 1.538709e+02
    endloop
  endfacet
  facet normal -2.227693e-01 1.332454e-01 9.657223e-01
    outer loop
      vertex   2.307337e+01 5.980594e+01 1.538709e+02
      vertex   2.264709e+01 6.002990e+01 1.537417e+02
      vertex   2.301713e+01 5.974818e+01 1.538659e+02
    endloop
  endfacet
  facet normal -1.608436e-01 7.132531e-02 9.843993e-01
    outer loop
      vertex   2.307337e+01 5.980594e+01 1.538709e+02
      vertex   2.301713e+01 5.974818e+01 1.538659e+02
      vertex   2.342947e+01 5.949622e+01 1.539516e+02
    endloop
  endfacet
  facet normal -1.476630e-01 9.298328e-02 9.846572e-01
    outer loop
      vertex   2.342947e+01 5.949622e+01 1.539516e+02
      vertex   2.301713e+01 5.974818e+01 1.538659e+02
      vertex   2.339451e+01 5.946091e+01 1.539497e+02
    endloop
  endfacet
  facet normal -8.739041e-02 3.270419e-02 9.956372e-01
    outer loop
      vertex   2.342947e+01 5.949622e+01 1.539516e+02
      vertex   2.339451e+01 5.946091e+01 1.539497e+02
      vertex   2.378930e+01 5.918326e+01 1.539934e+02
    endloop
  endfacet
  facet normal -7.322915e-02 5.288309e-02 9.959121e-01
    outer loop
      vertex   2.378930e+01 5.918326e+01 1.539934e+02
      vertex   2.339451e+01 5.946091e+01 1.539497e+02
      vertex   2.377633e+01 5.917026e+01 1.539932e+02
    endloop
  endfacet
  facet normal -4.289221e-01 8.829575e-01 1.908191e-01
    outer loop
      vertex   2.125814e+01 6.282644e+01 1.504481e+02
      vertex   2.102357e+01 6.271000e+01 1.504596e+02
      vertex   2.130946e+01 6.275660e+01 1.508866e+02
    endloop
  endfacet
  facet normal -4.336405e-01 8.798852e-01 1.943138e-01
    outer loop
      vertex   2.130946e+01 6.275660e+01 1.508866e+02
      vertex   2.102357e+01 6.271000e+01 1.504596e+02
      vertex   2.108133e+01 6.263933e+01 1.509085e+02
    endloop
  endfacet
  facet normal -4.104648e-01 8.568081e-01 3.120872e-01
    outer loop
      vertex   2.130946e+01 6.275660e+01 1.508866e+02
      vertex   2.108133e+01 6.263933e+01 1.509085e+02
      vertex   2.139238e+01 6.264338e+01 1.513065e+02
    endloop
  endfacet
  facet normal -2.935488e-01 9.092861e-01 2.950050e-01
    outer loop
      vertex   2.154972e+01 6.284397e+01 1.508564e+02
      vertex   2.130946e+01 6.275660e+01 1.508866e+02
      vertex   2.162122e+01 6.273445e+01 1.512651e+02
    endloop
  endfacet
  facet normal -3.043961e-01 9.028796e-01 3.035647e-01
    outer loop
      vertex   2.162122e+01 6.273445e+01 1.512651e+02
      vertex   2.130946e+01 6.275660e+01 1.508866e+02
      vertex   2.139238e+01 6.264338e+01 1.513065e+02
    endloop
  endfacet
  facet normal -2.747891e-01 8.733383e-01 4.022078e-01
    outer loop
      vertex   2.162122e+01 6.273445e+01 1.512651e+02
      vertex   2.139238e+01 6.264338e+01 1.513065e+02
      vertex   2.171760e+01 6.258613e+01 1.516530e+02
    endloop
  endfacet
  facet normal -3.151917e-01 9.307961e-01 1.851293e-01
    outer loop
      vertex   2.130946e+01 6.275660e+01 1.508866e+02
      vertex   2.154972e+01 6.284397e+01 1.508564e+02
      vertex   2.125814e+01 6.282644e+01 1.504481e+02
    endloop
  endfacet
  facet normal -7.215651e-01 6.081651e-01 3.308761e-01
    outer loop
      vertex   2.067598e+01 6.232402e+01 1.509263e+02
      vertex   2.046792e+01 6.208092e+01 1.509194e+02
      vertex   2.078411e+01 6.221589e+01 1.513608e+02
    endloop
  endfacet
  facet normal -7.203798e-01 6.103974e-01 3.293446e-01
    outer loop
      vertex   2.078411e+01 6.221589e+01 1.513608e+02
      vertex   2.046792e+01 6.208092e+01 1.509194e+02
      vertex   2.058096e+01 6.198125e+01 1.513514e+02
    endloop
  endfacet
  facet normal -6.849260e-01 5.749326e-01 4.475812e-01
    outer loop
      vertex   2.078411e+01 6.221589e+01 1.513608e+02
      vertex   2.058096e+01 6.198125e+01 1.513514e+02
      vertex   2.092799e+01 6.207201e+01 1.517658e+02
    endloop
  endfacet
  facet normal -6.834875e-01 5.781122e-01 4.456804e-01
    outer loop
      vertex   2.092799e+01 6.207201e+01 1.517658e+02
      vertex   2.058096e+01 6.198125e+01 1.513514e+02
      vertex   2.073172e+01 6.184856e+01 1.517547e+02
    endloop
  endfacet
  facet normal -6.405157e-01 5.351314e-01 5.507940e-01
    outer loop
      vertex   2.092799e+01 6.207201e+01 1.517658e+02
      vertex   2.073172e+01 6.184856e+01 1.517547e+02
      vertex   2.110222e+01 6.189778e+01 1.521377e+02
    endloop
  endfacet
  facet normal -6.389067e-01 5.391718e-01 5.487185e-01
    outer loop
      vertex   2.110222e+01 6.189778e+01 1.521377e+02
      vertex   2.073172e+01 6.184856e+01 1.517547e+02
      vertex   2.091478e+01 6.168780e+01 1.521258e+02
    endloop
  endfacet
  facet normal -5.900172e-01 4.902533e-01 6.415071e-01
    outer loop
      vertex   2.110222e+01 6.189778e+01 1.521377e+02
      vertex   2.091478e+01 6.168780e+01 1.521258e+02
      vertex   2.130143e+01 6.169857e+01 1.524732e+02
    endloop
  endfacet
  facet normal -5.882656e-01 4.950766e-01 6.394081e-01
    outer loop
      vertex   2.130143e+01 6.169857e+01 1.524732e+02
      vertex   2.091478e+01 6.168780e+01 1.521258e+02
      vertex   2.112468e+01 6.150388e+01 1.524613e+02
    endloop
  endfacet
  facet normal -5.101398e-01 4.172666e-01 7.520944e-01
    outer loop
      vertex   2.130143e+01 6.169857e+01 1.524732e+02
      vertex   2.112468e+01 6.150388e+01 1.524613e+02
      vertex   2.175719e+01 6.124281e+01 1.530352e+02
    endloop
  endfacet
  facet normal -5.045762e-01 4.269923e-01 7.503868e-01
    outer loop
      vertex   2.175719e+01 6.124281e+01 1.530352e+02
      vertex   2.112468e+01 6.150388e+01 1.524613e+02
      vertex   2.160693e+01 6.108257e+01 1.530253e+02
    endloop
  endfacet
  facet normal -4.121712e-01 3.343638e-01 8.475351e-01
    outer loop
      vertex   2.175719e+01 6.124281e+01 1.530352e+02
      vertex   2.160693e+01 6.108257e+01 1.530253e+02
      vertex   2.211169e+01 6.088831e+01 1.533474e+02
    endloop
  endfacet
  facet normal -4.081553e-01 3.425791e-01 8.461967e-01
    outer loop
      vertex   2.211169e+01 6.088831e+01 1.533474e+02
      vertex   2.160693e+01 6.108257e+01 1.530253e+02
      vertex   2.198352e+01 6.075433e+01 1.533399e+02
    endloop
  endfacet
  facet normal -3.327941e-01 2.671899e-01 9.043548e-01
    outer loop
      vertex   2.211169e+01 6.088831e+01 1.533474e+02
      vertex   2.198352e+01 6.075433e+01 1.533399e+02
      vertex   2.248629e+01 6.051371e+01 1.535960e+02
    endloop
  endfacet
  facet normal -3.283921e-01 2.754593e-01 9.034826e-01
    outer loop
      vertex   2.248629e+01 6.051371e+01 1.535960e+02
      vertex   2.198352e+01 6.075433e+01 1.533399e+02
      vertex   2.238250e+01 6.040697e+01 1.535908e+02
    endloop
  endfacet
  facet normal -2.602151e-01 2.072440e-01 9.430472e-01
    outer loop
      vertex   2.248629e+01 6.051371e+01 1.535960e+02
      vertex   2.238250e+01 6.040697e+01 1.535908e+02
      vertex   2.280587e+01 6.019413e+01 1.537544e+02
    endloop
  endfacet
  facet normal -2.564095e-01 2.143875e-01 9.424925e-01
    outer loop
      vertex   2.280587e+01 6.019413e+01 1.537544e+02
      vertex   2.238250e+01 6.040697e+01 1.535908e+02
      vertex   2.272347e+01 6.011029e+01 1.537510e+02
    endloop
  endfacet
  facet normal -1.959891e-01 1.539687e-01 9.684430e-01
    outer loop
      vertex   2.280587e+01 6.019413e+01 1.537544e+02
      vertex   2.272347e+01 6.011029e+01 1.537510e+02
      vertex   2.313344e+01 5.986656e+01 1.538727e+02
    endloop
  endfacet
  facet normal -1.916076e-01 1.611897e-01 9.681448e-01
    outer loop
      vertex   2.313344e+01 5.986656e+01 1.538727e+02
      vertex   2.272347e+01 6.011029e+01 1.537510e+02
      vertex   2.307337e+01 5.980594e+01 1.538709e+02
    endloop
  endfacet
  facet normal -1.328621e-01 1.024467e-01 9.858257e-01
    outer loop
      vertex   2.313344e+01 5.986656e+01 1.538727e+02
      vertex   2.307337e+01 5.980594e+01 1.538709e+02
      vertex   2.346656e+01 5.953344e+01 1.539523e+02
    endloop
  endfacet
  facet normal -1.279990e-01 1.094317e-01 9.857185e-01
    outer loop
      vertex   2.346656e+01 5.953344e+01 1.539523e+02
      vertex   2.307337e+01 5.980594e+01 1.538709e+02
      vertex   2.342947e+01 5.949622e+01 1.539516e+02
    endloop
  endfacet
  facet normal -7.038507e-02 5.181637e-02 9.961732e-01
    outer loop
      vertex   2.346656e+01 5.953344e+01 1.539523e+02
      vertex   2.342947e+01 5.949622e+01 1.539516e+02
      vertex   2.380302e+01 5.919698e+01 1.539935e+02
    endloop
  endfacet
  facet normal -6.519717e-02 5.829189e-02 9.961684e-01
    outer loop
      vertex   2.380302e+01 5.919698e+01 1.539935e+02
      vertex   2.342947e+01 5.949622e+01 1.539516e+02
      vertex   2.378930e+01 5.918326e+01 1.539934e+02
    endloop
  endfacet
  facet normal -7.469264e-01 6.335488e-01 2.017844e-01
    outer loop
      vertex   2.046792e+01 6.208092e+01 1.509194e+02
      vertex   2.067598e+01 6.232402e+01 1.509263e+02
      vertex   2.039780e+01 6.214286e+01 1.504654e+02
    endloop
  endfacet
  facet normal -3.676602e-01 7.621748e-01 5.328372e-01
    outer loop
      vertex   2.129848e+01 6.237257e+01 1.517372e+02
      vertex   2.144911e+01 6.218668e+01 1.521070e+02
      vertex   2.163878e+01 6.230471e+01 1.520691e+02
    endloop
  endfacet
  facet normal -3.248129e-01 7.194090e-01 6.139603e-01
    outer loop
      vertex   2.163878e+01 6.230471e+01 1.520691e+02
      vertex   2.144911e+01 6.218668e+01 1.521070e+02
      vertex   2.179488e+01 6.208872e+01 1.524047e+02
    endloop
  endfacet
  facet normal -2.466678e-01 7.587179e-01 6.029114e-01
    outer loop
      vertex   2.163878e+01 6.230471e+01 1.520691e+02
      vertex   2.179488e+01 6.208872e+01 1.524047e+02
      vertex   2.197399e+01 6.218866e+01 1.523522e+02
    endloop
  endfacet
  facet normal -1.796476e-01 6.901293e-01 7.010337e-01
    outer loop
      vertex   2.197399e+01 6.218866e+01 1.523522e+02
      vertex   2.179488e+01 6.208872e+01 1.524047e+02
      vertex   2.229818e+01 6.168175e+01 1.529343e+02
    endloop
  endfacet
  facet normal -3.365589e-01 7.059593e-01 6.231769e-01
    outer loop
      vertex   2.179488e+01 6.208872e+01 1.524047e+02
      vertex   2.144911e+01 6.218668e+01 1.521070e+02
      vertex   2.162183e+01 6.197280e+01 1.524426e+02
    endloop
  endfacet
  facet normal -2.662910e-01 6.345164e-01 7.255880e-01
    outer loop
      vertex   2.179488e+01 6.208872e+01 1.524047e+02
      vertex   2.162183e+01 6.197280e+01 1.524426e+02
      vertex   2.215690e+01 6.158486e+01 1.529782e+02
    endloop
  endfacet
  facet normal -2.977961e-01 6.067837e-01 7.369742e-01
    outer loop
      vertex   2.215690e+01 6.158486e+01 1.529782e+02
      vertex   2.162183e+01 6.197280e+01 1.524426e+02
      vertex   2.201893e+01 6.147882e+01 1.530098e+02
    endloop
  endfacet
  facet normal -2.119192e-01 5.216600e-01 8.264146e-01
    outer loop
      vertex   2.215690e+01 6.158486e+01 1.529782e+02
      vertex   2.201893e+01 6.147882e+01 1.530098e+02
      vertex   2.244251e+01 6.118552e+01 1.533035e+02
    endloop
  endfacet
  facet normal -2.351437e-01 4.970016e-01 8.352825e-01
    outer loop
      vertex   2.244251e+01 6.118552e+01 1.533035e+02
      vertex   2.201893e+01 6.147882e+01 1.530098e+02
      vertex   2.232950e+01 6.109114e+01 1.533279e+02
    endloop
  endfacet
  facet normal -1.654466e-01 4.273568e-01 8.888158e-01
    outer loop
      vertex   2.244251e+01 6.118552e+01 1.533035e+02
      vertex   2.232950e+01 6.109114e+01 1.533279e+02
      vertex   2.274763e+01 6.075795e+01 1.535659e+02
    endloop
  endfacet
  facet normal -1.898595e-01 4.017476e-01 8.958528e-01
    outer loop
      vertex   2.274763e+01 6.075795e+01 1.535659e+02
      vertex   2.232950e+01 6.109114e+01 1.533279e+02
      vertex   2.265913e+01 6.067894e+01 1.535826e+02
    endloop
  endfacet
  facet normal -1.262768e-01 3.382711e-01 9.325378e-01
    outer loop
      vertex   2.274763e+01 6.075795e+01 1.535659e+02
      vertex   2.265913e+01 6.067894e+01 1.535826e+02
      vertex   2.300999e+01 6.038988e+01 1.537349e+02
    endloop
  endfacet
  facet normal -1.470944e-01 3.155814e-01 9.374282e-01
    outer loop
      vertex   2.300999e+01 6.038988e+01 1.537349e+02
      vertex   2.265913e+01 6.067894e+01 1.535826e+02
      vertex   2.294128e+01 6.032581e+01 1.537457e+02
    endloop
  endfacet
  facet normal -1.427076e-01 5.733320e-01 8.067992e-01
    outer loop
      vertex   2.255742e+01 6.127449e+01 1.532696e+02
      vertex   2.229818e+01 6.168175e+01 1.529343e+02
      vertex   2.215690e+01 6.158486e+01 1.529782e+02
    endloop
  endfacet
  facet normal -2.266398e-01 6.562769e-01 7.196770e-01
    outer loop
      vertex   2.215690e+01 6.158486e+01 1.529782e+02
      vertex   2.229818e+01 6.168175e+01 1.529343e+02
      vertex   2.179488e+01 6.208872e+01 1.524047e+02
    endloop
  endfacet
  facet normal -1.773929e-01 5.421972e-01 8.213124e-01
    outer loop
      vertex   2.255742e+01 6.127449e+01 1.532696e+02
      vertex   2.215690e+01 6.158486e+01 1.529782e+02
      vertex   2.244251e+01 6.118552e+01 1.533035e+02
    endloop
  endfacet
  facet normal -1.083806e-01 4.732328e-01 8.742450e-01
    outer loop
      vertex   2.283708e+01 6.083416e+01 1.535426e+02
      vertex   2.255742e+01 6.127449e+01 1.532696e+02
      vertex   2.244251e+01 6.118552e+01 1.533035e+02
    endloop
  endfacet
  facet normal -1.447357e-01 4.404340e-01 8.860415e-01
    outer loop
      vertex   2.283708e+01 6.083416e+01 1.535426e+02
      vertex   2.244251e+01 6.118552e+01 1.533035e+02
      vertex   2.274763e+01 6.075795e+01 1.535659e+02
    endloop
  endfacet
  facet normal -8.119973e-02 3.770278e-01 9.226357e-01
    outer loop
      vertex   2.307916e+01 6.045256e+01 1.537199e+02
      vertex   2.283708e+01 6.083416e+01 1.535426e+02
      vertex   2.274763e+01 6.075795e+01 1.535659e+02
    endloop
  endfacet
  facet normal -1.121700e-01 3.475815e-01 9.309162e-01
    outer loop
      vertex   2.307916e+01 6.045256e+01 1.537199e+02
      vertex   2.274763e+01 6.075795e+01 1.535659e+02
      vertex   2.300999e+01 6.038988e+01 1.537349e+02
    endloop
  endfacet
  facet normal -3.010116e-02 2.008430e-01 9.791609e-01
    outer loop
      vertex   2.358658e+01 5.965217e+01 1.539452e+02
      vertex   2.332978e+01 6.005727e+01 1.538542e+02
      vertex   2.328038e+01 6.001032e+01 1.538623e+02
    endloop
  endfacet
  facet normal -8.047144e-02 1.550831e-01 9.846185e-01
    outer loop
      vertex   2.352646e+01 5.959302e+01 1.539505e+02
      vertex   2.355650e+01 5.962266e+01 1.539483e+02
      vertex   2.323115e+01 5.996285e+01 1.538681e+02
    endloop
  endfacet
  facet normal -5.593718e-02 1.780323e-01 9.824335e-01
    outer loop
      vertex   2.323115e+01 5.996285e+01 1.538681e+02
      vertex   2.355650e+01 5.962266e+01 1.539483e+02
      vertex   2.328038e+01 6.001032e+01 1.538623e+02
    endloop
  endfacet
  facet normal -6.634903e-02 1.707588e-01 9.830764e-01
    outer loop
      vertex   2.355650e+01 5.962266e+01 1.539483e+02
      vertex   2.358658e+01 5.965217e+01 1.539452e+02
      vertex   2.328038e+01 6.001032e+01 1.538623e+02
    endloop
  endfacet
  facet normal -9.908069e-01 -8.890978e-02 1.019644e-01
    outer loop
      vertex   2.007686e+01 9.038429e+00 1.507804e+02
      vertex   2.000000e+01 9.000000e+00 1.500000e+02
      vertex   2.008883e+01 8.505692e+00 1.504321e+02
    endloop
  endfacet
  facet normal -9.899761e-01 -1.303328e-01 5.441224e-02
    outer loop
      vertex   2.008883e+01 8.505692e+00 1.504321e+02
      vertex   2.000000e+01 9.000000e+00 1.500000e+02
      vertex   2.006815e+01 8.482362e+00 1.500000e+02
    endloop
  endfacet
  facet normal -9.454943e-01 -3.195844e-01 6.250073e-02
    outer loop
      vertex   2.008883e+01 8.505692e+00 1.504321e+02
      vertex   2.006815e+01 8.482362e+00 1.500000e+02
      vertex   2.017356e+01 8.258143e+00 1.504481e+02
    endloop
  endfacet
  facet normal -9.235712e-01 -3.825557e-01 2.583183e-02
    outer loop
      vertex   2.017356e+01 8.258143e+00 1.504481e+02
      vertex   2.006815e+01 8.482362e+00 1.500000e+02
      vertex   2.026795e+01 8.000000e+00 1.500000e+02
    endloop
  endfacet
  facet normal -8.950606e-01 -4.410982e-01 6.556577e-02
    outer loop
      vertex   2.017356e+01 8.258143e+00 1.504481e+02
      vertex   2.026795e+01 8.000000e+00 1.500000e+02
      vertex   2.029000e+01 8.023570e+00 1.504596e+02
    endloop
  endfacet
  facet normal -8.297462e-01 -5.539561e-01 6.821950e-02
    outer loop
      vertex   2.029000e+01 8.023570e+00 1.504596e+02
      vertex   2.026795e+01 8.000000e+00 1.500000e+02
      vertex   2.043593e+01 7.805862e+00 1.504666e+02
    endloop
  endfacet
  facet normal -8.171168e-01 -5.412973e-01 1.982859e-01
    outer loop
      vertex   2.029000e+01 8.023570e+00 1.504596e+02
      vertex   2.043593e+01 7.805862e+00 1.504666e+02
      vertex   2.036067e+01 8.081333e+00 1.509085e+02
    endloop
  endfacet
  facet normal -8.148842e-01 -5.439157e-01 2.002985e-01
    outer loop
      vertex   2.036067e+01 8.081333e+00 1.509085e+02
      vertex   2.043593e+01 7.805862e+00 1.504666e+02
      vertex   2.050567e+01 7.868992e+00 1.509218e+02
    endloop
  endfacet
  facet normal -7.906483e-01 -5.196217e-01 3.238340e-01
    outer loop
      vertex   2.036067e+01 8.081333e+00 1.509085e+02
      vertex   2.050567e+01 7.868992e+00 1.509218e+02
      vertex   2.047480e+01 8.174401e+00 1.513365e+02
    endloop
  endfacet
  facet normal -7.866505e-01 -5.236358e-01 3.270880e-01
    outer loop
      vertex   2.047480e+01 8.174401e+00 1.513365e+02
      vertex   2.050567e+01 7.868992e+00 1.509218e+02
      vertex   2.061804e+01 7.970576e+00 1.513547e+02
    endloop
  endfacet
  facet normal -7.531900e-01 -4.901500e-01 4.387001e-01
    outer loop
      vertex   2.047480e+01 8.174401e+00 1.513365e+02
      vertex   2.061804e+01 7.970576e+00 1.513547e+02
      vertex   2.062743e+01 8.298482e+00 1.517372e+02
    endloop
  endfacet
  facet normal -7.474015e-01 -4.952107e-01 4.428966e-01
    outer loop
      vertex   2.062743e+01 8.298482e+00 1.517372e+02
      vertex   2.061804e+01 7.970576e+00 1.513547e+02
      vertex   2.076783e+01 8.105757e+00 1.517586e+02
    endloop
  endfacet
  facet normal -7.073236e-01 -4.551182e-01 5.408889e-01
    outer loop
      vertex   2.062743e+01 8.298482e+00 1.517372e+02
      vertex   2.076783e+01 8.105757e+00 1.517586e+02
      vertex   2.081332e+01 8.449112e+00 1.521070e+02
    endloop
  endfacet
  facet normal -6.998494e-01 -4.609453e-01 5.456558e-01
    outer loop
      vertex   2.081332e+01 8.449112e+00 1.521070e+02
      vertex   2.076783e+01 8.105757e+00 1.517586e+02
      vertex   2.094955e+01 8.269488e+00 1.521300e+02
    endloop
  endfacet
  facet normal -6.547101e-01 -4.157524e-01 6.312722e-01
    outer loop
      vertex   2.081332e+01 8.449112e+00 1.521070e+02
      vertex   2.094955e+01 8.269488e+00 1.521300e+02
      vertex   2.102720e+01 8.621830e+00 1.524426e+02
    endloop
  endfacet
  facet normal -6.456459e-01 -4.222115e-01 6.363009e-01
    outer loop
      vertex   2.102720e+01 8.621830e+00 1.524426e+02
      vertex   2.094955e+01 8.269488e+00 1.521300e+02
      vertex   2.115775e+01 8.456727e+00 1.524655e+02
    endloop
  endfacet
  facet normal -5.717947e-01 -3.490953e-01 7.424172e-01
    outer loop
      vertex   2.102720e+01 8.621830e+00 1.524426e+02
      vertex   2.115775e+01 8.456727e+00 1.524655e+02
      vertex   2.152118e+01 9.018929e+00 1.530098e+02
    endloop
  endfacet
  facet normal -5.530951e-01 -3.666738e-01 7.480884e-01
    outer loop
      vertex   2.152118e+01 9.018929e+00 1.530098e+02
      vertex   2.115775e+01 8.456727e+00 1.524655e+02
      vertex   2.163549e+01 8.885343e+00 1.530288e+02
    endloop
  endfacet
  facet normal -4.657386e-01 -2.788401e-01 8.398427e-01
    outer loop
      vertex   2.152118e+01 9.018929e+00 1.530098e+02
      vertex   2.163549e+01 8.885343e+00 1.530288e+02
      vertex   2.190886e+01 9.329500e+00 1.533279e+02
    endloop
  endfacet
  facet normal -4.495318e-01 -2.917910e-01 8.442625e-01
    outer loop
      vertex   2.190886e+01 9.329500e+00 1.533279e+02
      vertex   2.163549e+01 8.885343e+00 1.530288e+02
      vertex   2.200812e+01 9.219022e+00 1.533425e+02
    endloop
  endfacet
  facet normal -3.787045e-01 -2.209231e-01 8.987635e-01
    outer loop
      vertex   2.190886e+01 9.329500e+00 1.533279e+02
      vertex   2.200812e+01 9.219022e+00 1.533425e+02
      vertex   2.232106e+01 9.659133e+00 1.535826e+02
    endloop
  endfacet
  facet normal -3.620631e-01 -2.346022e-01 9.021486e-01
    outer loop
      vertex   2.232106e+01 9.659133e+00 1.535826e+02
      vertex   2.200812e+01 9.219022e+00 1.533425e+02
      vertex   2.240257e+01 9.571914e+00 1.535926e+02
    endloop
  endfacet
  facet normal -2.978695e-01 -1.703372e-01 9.392864e-01
    outer loop
      vertex   2.232106e+01 9.659133e+00 1.535826e+02
      vertex   2.240257e+01 9.571914e+00 1.535926e+02
      vertex   2.267419e+01 9.941275e+00 1.537457e+02
    endloop
  endfacet
  facet normal -2.832813e-01 -1.820257e-01 9.416041e-01
    outer loop
      vertex   2.267419e+01 9.941275e+00 1.537457e+02
      vertex   2.240257e+01 9.571914e+00 1.535926e+02
      vertex   2.273949e+01 9.873185e+00 1.537522e+02
    endloop
  endfacet
  facet normal -2.260477e-01 -1.248063e-01 9.660879e-01
    outer loop
      vertex   2.267419e+01 9.941275e+00 1.537457e+02
      vertex   2.273949e+01 9.873185e+00 1.537522e+02
      vertex   2.303715e+01 1.023115e+01 1.538681e+02
    endloop
  endfacet
  facet normal -2.110981e-01 -1.377622e-01 9.677082e-01
    outer loop
      vertex   2.303715e+01 1.023115e+01 1.538681e+02
      vertex   2.273949e+01 9.873185e+00 1.537522e+02
      vertex   2.308509e+01 1.018215e+01 1.538716e+02
    endloop
  endfacet
  facet normal -1.545148e-01 -8.119162e-02 9.846487e-01
    outer loop
      vertex   2.303715e+01 1.023115e+01 1.538681e+02
      vertex   2.308509e+01 1.018215e+01 1.538716e+02
      vertex   2.340698e+01 1.052646e+01 1.539505e+02
    endloop
  endfacet
  facet normal -1.398758e-01 -9.509340e-02 9.855922e-01
    outer loop
      vertex   2.340698e+01 1.052646e+01 1.539505e+02
      vertex   2.308509e+01 1.018215e+01 1.538716e+02
      vertex   2.343673e+01 1.049648e+01 1.539518e+02
    endloop
  endfacet
  facet normal -8.324679e-02 -3.846485e-02 9.957863e-01
    outer loop
      vertex   2.340698e+01 1.052646e+01 1.539505e+02
      vertex   2.343673e+01 1.049648e+01 1.539518e+02
      vertex   2.378096e+01 1.082509e+01 1.539933e+02
    endloop
  endfacet
  facet normal -6.953623e-02 -5.287649e-02 9.961771e-01
    outer loop
      vertex   2.378096e+01 1.082509e+01 1.539933e+02
      vertex   2.343673e+01 1.049648e+01 1.539518e+02
      vertex   2.379199e+01 1.081406e+01 1.539935e+02
    endloop
  endfacet
  facet normal -2.443488e-02 -7.766550e-03 9.996713e-01
    outer loop
      vertex   2.378096e+01 1.082509e+01 1.539933e+02
      vertex   2.379199e+01 1.081406e+01 1.539935e+02
      vertex   2.400000e+01 1.100000e+01 1.540000e+02
    endloop
  endfacet
  facet normal -7.929393e-01 -6.084438e-01 3.230150e-02
    outer loop
      vertex   2.026795e+01 8.000000e+00 1.500000e+02
      vertex   2.058579e+01 7.585786e+00 1.500000e+02
      vertex   2.043593e+01 7.805862e+00 1.504666e+02
    endloop
  endfacet
  facet normal -7.503792e-01 -6.573908e-01 6.905398e-02
    outer loop
      vertex   2.043593e+01 7.805862e+00 1.504666e+02
      vertex   2.058579e+01 7.585786e+00 1.500000e+02
      vertex   2.060879e+01 7.608792e+00 1.504690e+02
    endloop
  endfacet
  facet normal -7.374122e-01 -6.444154e-01 2.023661e-01
    outer loop
      vertex   2.043593e+01 7.805862e+00 1.504666e+02
      vertex   2.060879e+01 7.608792e+00 1.504690e+02
      vertex   2.050567e+01 7.868992e+00 1.509218e+02
    endloop
  endfacet
  facet normal -7.365352e-01 -6.452112e-01 2.030232e-01
    outer loop
      vertex   2.050567e+01 7.868992e+00 1.509218e+02
      vertex   2.060879e+01 7.608792e+00 1.504690e+02
      vertex   2.067598e+01 7.675984e+00 1.509263e+02
    endloop
  endfacet
  facet normal -7.115401e-01 -6.201981e-01 3.302500e-01
    outer loop
      vertex   2.050567e+01 7.868992e+00 1.509218e+02
      vertex   2.067598e+01 7.675984e+00 1.509263e+02
      vertex   2.061804e+01 7.970576e+00 1.513547e+02
    endloop
  endfacet
  facet normal -7.099951e-01 -6.214111e-01 3.312931e-01
    outer loop
      vertex   2.061804e+01 7.970576e+00 1.513547e+02
      vertex   2.067598e+01 7.675984e+00 1.509263e+02
      vertex   2.078411e+01 7.784108e+00 1.513608e+02
    endloop
  endfacet
  facet normal -6.753407e-01 -5.867496e-01 4.468108e-01
    outer loop
      vertex   2.061804e+01 7.970576e+00 1.513547e+02
      vertex   2.078411e+01 7.784108e+00 1.513608e+02
      vertex   2.076783e+01 8.105757e+00 1.517586e+02
    endloop
  endfacet
  facet normal -6.731370e-01 -5.882721e-01 4.481321e-01
    outer loop
      vertex   2.076783e+01 8.105757e+00 1.517586e+02
      vertex   2.078411e+01 7.784108e+00 1.513608e+02
      vertex   2.092799e+01 7.927986e+00 1.517658e+02
    endloop
  endfacet
  facet normal -6.314750e-01 -5.466062e-01 5.499645e-01
    outer loop
      vertex   2.076783e+01 8.105757e+00 1.517586e+02
      vertex   2.092799e+01 7.927986e+00 1.517658e+02
      vertex   2.094955e+01 8.269488e+00 1.521300e+02
    endloop
  endfacet
  facet normal -6.286672e-01 -5.483551e-01 5.514383e-01
    outer loop
      vertex   2.094955e+01 8.269488e+00 1.521300e+02
      vertex   2.092799e+01 7.927986e+00 1.517658e+02
      vertex   2.110222e+01 8.102224e+00 1.521377e+02
    endloop
  endfacet
  facet normal -5.816007e-01 -5.012700e-01 6.406786e-01
    outer loop
      vertex   2.094955e+01 8.269488e+00 1.521300e+02
      vertex   2.110222e+01 8.102224e+00 1.521377e+02
      vertex   2.115775e+01 8.456727e+00 1.524655e+02
    endloop
  endfacet
  facet normal -5.782365e-01 -5.032069e-01 6.422036e-01
    outer loop
      vertex   2.115775e+01 8.456727e+00 1.524655e+02
      vertex   2.110222e+01 8.102224e+00 1.521377e+02
      vertex   2.130143e+01 8.301434e+00 1.524732e+02
    endloop
  endfacet
  facet normal -5.024057e-01 -4.276299e-01 7.514793e-01
    outer loop
      vertex   2.115775e+01 8.456727e+00 1.524655e+02
      vertex   2.130143e+01 8.301434e+00 1.524732e+02
      vertex   2.163549e+01 8.885343e+00 1.530288e+02
    endloop
  endfacet
  facet normal -4.954801e-01 -4.330258e-01 7.529861e-01
    outer loop
      vertex   2.163549e+01 8.885343e+00 1.530288e+02
      vertex   2.130143e+01 8.301434e+00 1.524732e+02
      vertex   2.175719e+01 8.757190e+00 1.530352e+02
    endloop
  endfacet
  facet normal -4.058348e-01 -3.432139e-01 8.470551e-01
    outer loop
      vertex   2.163549e+01 8.885343e+00 1.530288e+02
      vertex   2.175719e+01 8.757190e+00 1.530352e+02
      vertex   2.200812e+01 9.219022e+00 1.533425e+02
    endloop
  endfacet
  facet normal -3.999583e-01 -3.471885e-01 8.482296e-01
    outer loop
      vertex   2.200812e+01 9.219022e+00 1.533425e+02
      vertex   2.175719e+01 8.757190e+00 1.530352e+02
      vertex   2.211169e+01 9.111693e+00 1.533474e+02
    endloop
  endfacet
  facet normal -3.274449e-01 -2.746588e-01 9.040699e-01
    outer loop
      vertex   2.200812e+01 9.219022e+00 1.533425e+02
      vertex   2.211169e+01 9.111693e+00 1.533474e+02
      vertex   2.240257e+01 9.571914e+00 1.535926e+02
    endloop
  endfacet
  facet normal -3.214719e-01 -2.788863e-01 9.049189e-01
    outer loop
      vertex   2.240257e+01 9.571914e+00 1.535926e+02
      vertex   2.211169e+01 9.111693e+00 1.533474e+02
      vertex   2.248629e+01 9.486288e+00 1.535960e+02
    endloop
  endfacet
  facet normal -2.559146e-01 -2.133027e-01 9.428731e-01
    outer loop
      vertex   2.240257e+01 9.571914e+00 1.535926e+02
      vertex   2.248629e+01 9.486288e+00 1.535960e+02
      vertex   2.273949e+01 9.873185e+00 1.537522e+02
    endloop
  endfacet
  facet normal -2.507275e-01 -2.169262e-01 9.434398e-01
    outer loop
      vertex   2.273949e+01 9.873185e+00 1.537522e+02
      vertex   2.248629e+01 9.486288e+00 1.535960e+02
      vertex   2.280587e+01 9.805870e+00 1.537544e+02
    endloop
  endfacet
  facet normal -1.925544e-01 -1.587565e-01 9.683590e-01
    outer loop
      vertex   2.273949e+01 9.873185e+00 1.537522e+02
      vertex   2.280587e+01 9.805870e+00 1.537544e+02
      vertex   2.308509e+01 1.018215e+01 1.538716e+02
    endloop
  endfacet
  facet normal -1.872621e-01 -1.627980e-01 9.687258e-01
    outer loop
      vertex   2.308509e+01 1.018215e+01 1.538716e+02
      vertex   2.280587e+01 9.805870e+00 1.537544e+02
      vertex   2.313344e+01 1.013344e+01 1.538727e+02
    endloop
  endfacet
  facet normal -1.303100e-01 -1.058492e-01 9.858069e-01
    outer loop
      vertex   2.308509e+01 1.018215e+01 1.538716e+02
      vertex   2.313344e+01 1.013344e+01 1.538727e+02
      vertex   2.343673e+01 1.049648e+01 1.539518e+02
    endloop
  endfacet
  facet normal -1.251409e-01 -1.102092e-01 9.859988e-01
    outer loop
      vertex   2.343673e+01 1.049648e+01 1.539518e+02
      vertex   2.313344e+01 1.013344e+01 1.538727e+02
      vertex   2.346656e+01 1.046656e+01 1.539523e+02
    endloop
  endfacet
  facet normal -6.872122e-02 -5.378923e-02 9.961848e-01
    outer loop
      vertex   2.343673e+01 1.049648e+01 1.539518e+02
      vertex   2.346656e+01 1.046656e+01 1.539523e+02
      vertex   2.379199e+01 1.081406e+01 1.539935e+02
    endloop
  endfacet
  facet normal -6.388185e-02 -5.832919e-02 9.962514e-01
    outer loop
      vertex   2.379199e+01 1.081406e+01 1.539935e+02
      vertex   2.346656e+01 1.046656e+01 1.539523e+02
      vertex   2.380302e+01 1.080302e+01 1.539935e+02
    endloop
  endfacet
  facet normal -1.919059e-02 -1.363503e-02 9.997229e-01
    outer loop
      vertex   2.379199e+01 1.081406e+01 1.539935e+02
      vertex   2.380302e+01 1.080302e+01 1.539935e+02
      vertex   2.400000e+01 1.100000e+01 1.540000e+02
    endloop
  endfacet
  facet normal -6.453347e-01 -7.607798e-01 6.897277e-02
    outer loop
      vertex   2.060879e+01 7.608792e+00 1.504690e+02
      vertex   2.058579e+01 7.585786e+00 1.500000e+02
      vertex   2.085714e+01 7.397797e+00 1.504654e+02
    endloop
  endfacet
  facet normal -6.083997e-01 -7.928820e-01 3.446699e-02
    outer loop
      vertex   2.085714e+01 7.397797e+00 1.504654e+02
      vertex   2.058579e+01 7.585786e+00 1.500000e+02
      vertex   2.100000e+01 7.267949e+00 1.500000e+02
    endloop
  endfacet
  facet normal -5.167528e-01 -8.524610e-01 7.922571e-02
    outer loop
      vertex   2.085714e+01 7.397797e+00 1.504654e+02
      vertex   2.100000e+01 7.267949e+00 1.500000e+02
      vertex   2.112036e+01 7.237307e+00 1.504553e+02
    endloop
  endfacet
  facet normal -3.823930e-01 -9.231785e-01 3.895008e-02
    outer loop
      vertex   2.112036e+01 7.237307e+00 1.504553e+02
      vertex   2.100000e+01 7.267949e+00 1.500000e+02
      vertex   2.148236e+01 7.068148e+00 1.500000e+02
    endloop
  endfacet
  facet normal -3.817819e-01 -9.234071e-01 3.952092e-02
    outer loop
      vertex   2.112036e+01 7.237307e+00 1.504553e+02
      vertex   2.148236e+01 7.068148e+00 1.500000e+02
      vertex   2.140470e+01 7.119049e+00 1.504391e+02
    endloop
  endfacet
  facet normal -2.325891e-01 -9.699576e-01 7.130589e-02
    outer loop
      vertex   2.140470e+01 7.119049e+00 1.504391e+02
      vertex   2.148236e+01 7.068148e+00 1.500000e+02
      vertex   2.170349e+01 7.045781e+00 1.504170e+02
    endloop
  endfacet
  facet normal -2.220792e-01 -9.588603e-01 1.768271e-01
    outer loop
      vertex   2.140470e+01 7.119049e+00 1.504391e+02
      vertex   2.170349e+01 7.045781e+00 1.504170e+02
      vertex   2.145175e+01 7.187532e+00 1.508695e+02
    endloop
  endfacet
  facet normal -2.325950e-01 -9.575028e-01 1.705517e-01
    outer loop
      vertex   2.145175e+01 7.187532e+00 1.508695e+02
      vertex   2.170349e+01 7.045781e+00 1.504170e+02
      vertex   2.174147e+01 7.109694e+00 1.508276e+02
    endloop
  endfacet
  facet normal -2.090015e-01 -9.339376e-01 2.899638e-01
    outer loop
      vertex   2.145175e+01 7.187532e+00 1.508695e+02
      vertex   2.174147e+01 7.109694e+00 1.508276e+02
      vertex   2.152797e+01 7.298882e+00 1.512831e+02
    endloop
  endfacet
  facet normal -2.272595e-01 -9.324731e-01 2.807973e-01
    outer loop
      vertex   2.152797e+01 7.298882e+00 1.512831e+02
      vertex   2.174147e+01 7.109694e+00 1.508276e+02
      vertex   2.180351e+01 7.214431e+00 1.512257e+02
    endloop
  endfacet
  facet normal -1.927691e-01 -8.979889e-01 3.955452e-01
    outer loop
      vertex   2.152797e+01 7.298882e+00 1.512831e+02
      vertex   2.180351e+01 7.214431e+00 1.512257e+02
      vertex   2.163040e+01 7.449186e+00 1.516742e+02
    endloop
  endfacet
  facet normal -2.184281e-01 -8.967080e-01 3.849726e-01
    outer loop
      vertex   2.163040e+01 7.449186e+00 1.516742e+02
      vertex   2.180351e+01 7.214431e+00 1.512257e+02
      vertex   2.188784e+01 7.357350e+00 1.516064e+02
    endloop
  endfacet
  facet normal -1.745667e-01 -8.528697e-01 4.920769e-01
    outer loop
      vertex   2.163040e+01 7.449186e+00 1.516742e+02
      vertex   2.188784e+01 7.357350e+00 1.516064e+02
      vertex   2.175587e+01 7.634181e+00 1.520394e+02
    endloop
  endfacet
  facet normal -2.068078e-01 -8.516971e-01 4.815004e-01
    outer loop
      vertex   2.175587e+01 7.634181e+00 1.520394e+02
      vertex   2.188784e+01 7.357350e+00 1.516064e+02
      vertex   2.199249e+01 7.535427e+00 1.519663e+02
    endloop
  endfacet
  facet normal -1.546591e-01 -7.997054e-01 5.801308e-01
    outer loop
      vertex   2.175587e+01 7.634181e+00 1.520394e+02
      vertex   2.199249e+01 7.535427e+00 1.519663e+02
      vertex   2.190125e+01 7.849598e+00 1.523751e+02
    endloop
  endfacet
  facet normal -1.927636e-01 -7.983150e-01 5.705570e-01
    outer loop
      vertex   2.190125e+01 7.849598e+00 1.523751e+02
      vertex   2.199249e+01 7.535427e+00 1.519663e+02
      vertex   2.211550e+01 7.745625e+00 1.523020e+02
    endloop
  endfacet
  facet normal -1.109987e-01 -7.144104e-01 6.908669e-01
    outer loop
      vertex   2.190125e+01 7.849598e+00 1.523751e+02
      vertex   2.211550e+01 7.745625e+00 1.523020e+02
      vertex   2.224095e+01 8.356128e+00 1.529535e+02
    endloop
  endfacet
  facet normal -1.889615e-01 -6.981106e-01 6.906049e-01
    outer loop
      vertex   2.224095e+01 8.356128e+00 1.529535e+02
      vertex   2.211550e+01 7.745625e+00 1.523020e+02
      vertex   2.240911e+01 8.249986e+00 1.528922e+02
    endloop
  endfacet
  facet normal -8.533723e-02 -5.961372e-01 7.983345e-01
    outer loop
      vertex   2.224095e+01 8.356128e+00 1.529535e+02
      vertex   2.240911e+01 8.249986e+00 1.528922e+02
      vertex   2.251095e+01 8.760664e+00 1.532844e+02
    endloop
  endfacet
  facet normal -1.497825e-01 -5.832869e-01 7.983368e-01
    outer loop
      vertex   2.251095e+01 8.760664e+00 1.532844e+02
      vertex   2.240911e+01 8.249986e+00 1.528922e+02
      vertex   2.264728e+01 8.660669e+00 1.532369e+02
    endloop
  endfacet
  facet normal -6.043150e-02 -4.941932e-01 8.672491e-01
    outer loop
      vertex   2.251095e+01 8.760664e+00 1.532844e+02
      vertex   2.264728e+01 8.660669e+00 1.532369e+02
      vertex   2.280096e+01 9.196181e+00 1.535528e+02
    endloop
  endfacet
  facet normal -1.250859e-01 -4.771782e-01 8.698589e-01
    outer loop
      vertex   2.280096e+01 9.196181e+00 1.535528e+02
      vertex   2.264728e+01 8.660669e+00 1.532369e+02
      vertex   2.290678e+01 9.108948e+00 1.535202e+02
    endloop
  endfacet
  facet normal -4.267346e-02 -3.950872e-01 9.176519e-01
    outer loop
      vertex   2.280096e+01 9.196181e+00 1.535528e+02
      vertex   2.290678e+01 9.108948e+00 1.535202e+02
      vertex   2.305125e+01 9.572510e+00 1.537265e+02
    endloop
  endfacet
  facet normal -9.816870e-02 -3.789276e-01 9.202047e-01
    outer loop
      vertex   2.305125e+01 9.572510e+00 1.537265e+02
      vertex   2.290678e+01 9.108948e+00 1.535202e+02
      vertex   2.313293e+01 9.499969e+00 1.537053e+02
    endloop
  endfacet
  facet normal -2.432525e-02 -3.050698e-01 9.520193e-01
    outer loop
      vertex   2.305125e+01 9.572510e+00 1.537265e+02
      vertex   2.313293e+01 9.499969e+00 1.537053e+02
      vertex   2.330987e+01 9.961570e+00 1.538577e+02
    endloop
  endfacet
  facet normal -8.064718e-02 -2.845516e-01 9.552625e-01
    outer loop
      vertex   2.330987e+01 9.961570e+00 1.538577e+02
      vertex   2.313293e+01 9.499969e+00 1.537053e+02
      vertex   2.336810e+01 9.906789e+00 1.538463e+02
    endloop
  endfacet
  facet normal -8.433211e-03 -2.123360e-01 9.771603e-01
    outer loop
      vertex   2.330987e+01 9.961570e+00 1.538577e+02
      vertex   2.336810e+01 9.906789e+00 1.538463e+02
      vertex   2.357446e+01 1.035970e+01 1.539465e+02
    endloop
  endfacet
  facet normal -6.325938e-02 -1.880124e-01 9.801273e-01
    outer loop
      vertex   2.357446e+01 1.035970e+01 1.539465e+02
      vertex   2.336810e+01 9.906789e+00 1.538463e+02
      vertex   2.360988e+01 1.032507e+01 1.539422e+02
    endloop
  endfacet
  facet normal 6.676528e-03 -1.181078e-01 9.929783e-01
    outer loop
      vertex   2.357446e+01 1.035970e+01 1.539465e+02
      vertex   2.360988e+01 1.032507e+01 1.539422e+02
      vertex   2.384273e+01 1.076336e+01 1.539927e+02
    endloop
  endfacet
  facet normal -4.459525e-02 -9.108371e-02 9.948442e-01
    outer loop
      vertex   2.384273e+01 1.076336e+01 1.539927e+02
      vertex   2.360988e+01 1.032507e+01 1.539422e+02
      vertex   2.385573e+01 1.075040e+01 1.539921e+02
    endloop
  endfacet
  facet normal 9.532772e-03 -3.699475e-02 9.992700e-01
    outer loop
      vertex   2.384273e+01 1.076336e+01 1.539927e+02
      vertex   2.385573e+01 1.075040e+01 1.539921e+02
      vertex   2.400000e+01 1.100000e+01 1.540000e+02
    endloop
  endfacet
  facet normal -1.305094e-01 -9.913174e-01 1.603201e-02
    outer loop
      vertex   2.148236e+01 7.068148e+00 1.500000e+02
      vertex   2.200000e+01 7.000000e+00 1.500000e+02
      vertex   2.170349e+01 7.045781e+00 1.504170e+02
    endloop
  endfacet
  facet normal -1.477733e-02 -9.950048e-01 9.872714e-02
    outer loop
      vertex   2.170349e+01 7.045781e+00 1.504170e+02
      vertex   2.200000e+01 7.000000e+00 1.500000e+02
      vertex   2.203843e+01 7.076859e+00 1.507804e+02
    endloop
  endfacet
  facet normal -8.315240e-02 -9.834826e-01 1.607718e-01
    outer loop
      vertex   2.170349e+01 7.045781e+00 1.504170e+02
      vertex   2.203843e+01 7.076859e+00 1.507804e+02
      vertex   2.174147e+01 7.109694e+00 1.508276e+02
    endloop
  endfacet
  facet normal -6.451105e-02 -9.625436e-01 2.633402e-01
    outer loop
      vertex   2.174147e+01 7.109694e+00 1.508276e+02
      vertex   2.203843e+01 7.076859e+00 1.507804e+02
      vertex   2.180351e+01 7.214431e+00 1.512257e+02
    endloop
  endfacet
  facet normal -7.884313e-03 -9.565778e-01 2.913705e-01
    outer loop
      vertex   2.203843e+01 7.076859e+00 1.507804e+02
      vertex   2.215224e+01 7.304482e+00 1.515307e+02
      vertex   2.180351e+01 7.214431e+00 1.512257e+02
    endloop
  endfacet
  facet normal -8.067556e-02 -9.271542e-01 3.658914e-01
    outer loop
      vertex   2.180351e+01 7.214431e+00 1.512257e+02
      vertex   2.215224e+01 7.304482e+00 1.515307e+02
      vertex   2.188784e+01 7.357350e+00 1.516064e+02
    endloop
  endfacet
  facet normal -4.793690e-02 -8.896635e-01 4.540934e-01
    outer loop
      vertex   2.188784e+01 7.357350e+00 1.516064e+02
      vertex   2.215224e+01 7.304482e+00 1.515307e+02
      vertex   2.199249e+01 7.535427e+00 1.519663e+02
    endloop
  endfacet
  facet normal 6.042591e-03 -8.825756e-01 4.701316e-01
    outer loop
      vertex   2.199249e+01 7.535427e+00 1.519663e+02
      vertex   2.215224e+01 7.304482e+00 1.515307e+02
      vertex   2.233706e+01 7.674122e+00 1.522223e+02
    endloop
  endfacet
  facet normal -7.171032e-02 -8.333214e-01 5.481177e-01
    outer loop
      vertex   2.199249e+01 7.535427e+00 1.519663e+02
      vertex   2.233706e+01 7.674122e+00 1.522223e+02
      vertex   2.211550e+01 7.745625e+00 1.523020e+02
    endloop
  endfacet
  facet normal -9.787024e-03 -7.577690e-01 6.524495e-01
    outer loop
      vertex   2.211550e+01 7.745625e+00 1.523020e+02
      vertex   2.233706e+01 7.674122e+00 1.522223e+02
      vertex   2.240911e+01 8.249986e+00 1.528922e+02
    endloop
  endfacet
  facet normal -9.642248e-02 -7.496424e-01 6.547816e-01
    outer loop
      vertex   2.233706e+01 7.674122e+00 1.522223e+02
      vertex   2.258579e+01 8.171573e+00 1.528284e+02
      vertex   2.240911e+01 8.249986e+00 1.528922e+02
    endloop
  endfacet
  facet normal -7.143854e-03 -6.404877e-01 7.679352e-01
    outer loop
      vertex   2.240911e+01 8.249986e+00 1.528922e+02
      vertex   2.258579e+01 8.171573e+00 1.528284e+02
      vertex   2.264728e+01 8.660669e+00 1.532369e+02
    endloop
  endfacet
  facet normal 2.971126e-02 -6.429483e-01 7.653331e-01
    outer loop
      vertex   2.258579e+01 8.171573e+00 1.528284e+02
      vertex   2.288886e+01 8.777719e+00 1.533259e+02
      vertex   2.264728e+01 8.660669e+00 1.532369e+02
    endloop
  endfacet
  facet normal -7.438387e-02 -5.015250e-01 8.619395e-01
    outer loop
      vertex   2.264728e+01 8.660669e+00 1.532369e+02
      vertex   2.288886e+01 8.777719e+00 1.533259e+02
      vertex   2.290678e+01 9.108948e+00 1.535202e+02
    endloop
  endfacet
  facet normal 9.984141e-02 -5.074095e-01 8.559014e-01
    outer loop
      vertex   2.288886e+01 8.777719e+00 1.533259e+02
      vertex   2.323463e+01 9.469266e+00 1.536955e+02
      vertex   2.290678e+01 9.108948e+00 1.535202e+02
    endloop
  endfacet
  facet normal -3.630704e-02 -4.104273e-01 9.111702e-01
    outer loop
      vertex   2.290678e+01 9.108948e+00 1.535202e+02
      vertex   2.323463e+01 9.469266e+00 1.536955e+02
      vertex   2.313293e+01 9.499969e+00 1.537053e+02
    endloop
  endfacet
  facet normal -6.866473e-03 -3.240033e-01 9.460310e-01
    outer loop
      vertex   2.313293e+01 9.499969e+00 1.537053e+02
      vertex   2.323463e+01 9.469266e+00 1.536955e+02
      vertex   2.336810e+01 9.906789e+00 1.538463e+02
    endloop
  endfacet
  facet normal 1.926480e-01 -3.717948e-01 9.081054e-01
    outer loop
      vertex   2.336810e+01 9.906789e+00 1.538463e+02
      vertex   2.323463e+01 9.469266e+00 1.536955e+02
      vertex   2.360982e+01 1.021964e+01 1.539231e+02
    endloop
  endfacet
  facet normal -8.255686e-02 -1.769991e-01 9.807424e-01
    outer loop
      vertex   2.336810e+01 9.906789e+00 1.538463e+02
      vertex   2.360982e+01 1.021964e+01 1.539231e+02
      vertex   2.360988e+01 1.032507e+01 1.539422e+02
    endloop
  endfacet
  facet normal 1.068398e-01 -1.766902e-01 9.784507e-01
    outer loop
      vertex   2.360988e+01 1.032507e+01 1.539422e+02
      vertex   2.360982e+01 1.021964e+01 1.539231e+02
      vertex   2.385573e+01 1.075040e+01 1.539921e+02
    endloop
  endfacet
  facet normal 6.047470e-01 -3.717444e-01 7.043346e-01
    outer loop
      vertex   2.360982e+01 1.021964e+01 1.539231e+02
      vertex   2.400000e+01 1.100000e+01 1.540000e+02
      vertex   2.385573e+01 1.075040e+01 1.539921e+02
    endloop
  endfacet
  facet normal -3.341207e-01 9.961735e-02 9.372512e-01
    outer loop
      vertex   2.246927e+01 1.023463e+01 1.536955e+02
      vertex   2.294273e+01 1.032978e+01 1.538542e+02
      vertex   2.321964e+01 1.060982e+01 1.539231e+02
    endloop
  endfacet
  facet normal -1.802404e-01 -6.345648e-02 9.815736e-01
    outer loop
      vertex   2.321964e+01 1.060982e+01 1.539231e+02
      vertex   2.294273e+01 1.032978e+01 1.538542e+02
      vertex   2.334783e+01 1.058658e+01 1.539452e+02
    endloop
  endfacet
  facet normal -1.569479e-01 6.847881e-02 9.852299e-01
    outer loop
      vertex   2.321964e+01 1.060982e+01 1.539231e+02
      vertex   2.334783e+01 1.058658e+01 1.539452e+02
      vertex   2.375893e+01 1.084718e+01 1.539926e+02
    endloop
  endfacet
  facet normal -1.106014e-01 -6.198904e-03 9.938455e-01
    outer loop
      vertex   2.375893e+01 1.084718e+01 1.539926e+02
      vertex   2.334783e+01 1.058658e+01 1.539452e+02
      vertex   2.337734e+01 1.055650e+01 1.539483e+02
    endloop
  endfacet
  facet normal -8.238871e-02 -4.350929e-02 9.956501e-01
    outer loop
      vertex   2.375893e+01 1.084718e+01 1.539926e+02
      vertex   2.337734e+01 1.055650e+01 1.539483e+02
      vertex   2.376994e+01 1.083614e+01 1.539930e+02
    endloop
  endfacet
  facet normal -9.720869e-02 -2.259989e-02 9.950074e-01
    outer loop
      vertex   2.376994e+01 1.083614e+01 1.539930e+02
      vertex   2.337734e+01 1.055650e+01 1.539483e+02
      vertex   2.340698e+01 1.052646e+01 1.539505e+02
    endloop
  endfacet
  facet normal -7.570527e-02 -4.793659e-02 9.959773e-01
    outer loop
      vertex   2.376994e+01 1.083614e+01 1.539930e+02
      vertex   2.340698e+01 1.052646e+01 1.539505e+02
      vertex   2.378096e+01 1.082509e+01 1.539933e+02
    endloop
  endfacet
  facet normal -4.839475e-01 3.306473e-02 8.744722e-01
    outer loop
      vertex   2.177772e+01 9.888860e+00 1.533259e+02
      vertex   2.216584e+01 9.837083e+00 1.535426e+02
      vertex   2.246927e+01 1.023463e+01 1.536955e+02
    endloop
  endfacet
  facet normal -3.925125e-01 -5.353343e-02 9.181874e-01
    outer loop
      vertex   2.246927e+01 1.023463e+01 1.536955e+02
      vertex   2.216584e+01 9.837083e+00 1.535426e+02
      vertex   2.254744e+01 1.007916e+01 1.537199e+02
    endloop
  endfacet
  facet normal -3.158969e-01 -1.022300e-02 9.487385e-01
    outer loop
      vertex   2.246927e+01 1.023463e+01 1.536955e+02
      vertex   2.254744e+01 1.007916e+01 1.537199e+02
      vertex   2.294273e+01 1.032978e+01 1.538542e+02
    endloop
  endfacet
  facet normal -2.900091e-01 -5.465741e-02 9.554618e-01
    outer loop
      vertex   2.294273e+01 1.032978e+01 1.538542e+02
      vertex   2.254744e+01 1.007916e+01 1.537199e+02
      vertex   2.261012e+01 1.000999e+01 1.537349e+02
    endloop
  endfacet
  facet normal -2.594942e-01 -8.870696e-02 9.616620e-01
    outer loop
      vertex   2.294273e+01 1.032978e+01 1.538542e+02
      vertex   2.261012e+01 1.000999e+01 1.537349e+02
      vertex   2.298968e+01 1.028038e+01 1.538623e+02
    endloop
  endfacet
  facet normal -2.585484e-01 -9.009378e-02 9.617878e-01
    outer loop
      vertex   2.298968e+01 1.028038e+01 1.538623e+02
      vertex   2.261012e+01 1.000999e+01 1.537349e+02
      vertex   2.267419e+01 9.941275e+00 1.537457e+02
    endloop
  endfacet
  facet normal -2.351812e-01 -1.130597e-01 9.653535e-01
    outer loop
      vertex   2.298968e+01 1.028038e+01 1.538623e+02
      vertex   2.267419e+01 9.941275e+00 1.537457e+02
      vertex   2.303715e+01 1.023115e+01 1.538681e+02
    endloop
  endfacet
  facet normal -4.934502e-01 -6.947013e-02 8.669953e-01
    outer loop
      vertex   2.216584e+01 9.837083e+00 1.535426e+02
      vertex   2.177772e+01 9.888860e+00 1.533259e+02
      vertex   2.172551e+01 9.557425e+00 1.532696e+02
    endloop
  endfacet
  facet normal -6.237041e-01 -3.433779e-02 7.809060e-01
    outer loop
      vertex   2.172551e+01 9.557425e+00 1.532696e+02
      vertex   2.177772e+01 9.888860e+00 1.533259e+02
      vertex   2.117157e+01 9.585786e+00 1.528284e+02
    endloop
  endfacet
  facet normal -6.236605e-01 -3.041351e-02 7.811035e-01
    outer loop
      vertex   2.172551e+01 9.557425e+00 1.532696e+02
      vertex   2.117157e+01 9.585786e+00 1.528284e+02
      vertex   2.131825e+01 9.298179e+00 1.529343e+02
    endloop
  endfacet
  facet normal -7.385870e-01 -1.333120e-01 6.608458e-01
    outer loop
      vertex   2.131825e+01 9.298179e+00 1.529343e+02
      vertex   2.117157e+01 9.585786e+00 1.528284e+02
      vertex   2.067412e+01 9.337061e+00 1.522223e+02
    endloop
  endfacet
  facet normal -7.420850e-01 -4.098385e-02 6.690517e-01
    outer loop
      vertex   2.131825e+01 9.298179e+00 1.529343e+02
      vertex   2.067412e+01 9.337061e+00 1.522223e+02
      vertex   2.081134e+01 8.973988e+00 1.523522e+02
    endloop
  endfacet
  facet normal -8.177361e-01 -1.065929e-01 5.656374e-01
    outer loop
      vertex   2.081134e+01 8.973988e+00 1.523522e+02
      vertex   2.067412e+01 9.337061e+00 1.522223e+02
      vertex   2.059710e+01 8.836106e+00 1.520165e+02
    endloop
  endfacet
  facet normal -7.751855e-01 -2.290129e-01 5.887618e-01
    outer loop
      vertex   2.081134e+01 8.973988e+00 1.523522e+02
      vertex   2.059710e+01 8.836106e+00 1.520165e+02
      vertex   2.069529e+01 8.638776e+00 1.520691e+02
    endloop
  endfacet
  facet normal -8.150968e-01 -2.690205e-01 5.130743e-01
    outer loop
      vertex   2.069529e+01 8.638776e+00 1.520691e+02
      vertex   2.059710e+01 8.836106e+00 1.520165e+02
      vertex   2.050883e+01 8.503380e+00 1.517018e+02
    endloop
  endfacet
  facet normal -7.731052e-01 -3.570755e-01 5.242189e-01
    outer loop
      vertex   2.069529e+01 8.638776e+00 1.520691e+02
      vertex   2.050883e+01 8.503380e+00 1.517018e+02
      vertex   2.062743e+01 8.298482e+00 1.517372e+02
    endloop
  endfacet
  facet normal -8.110916e-01 -3.950883e-01 4.313184e-01
    outer loop
      vertex   2.062743e+01 8.298482e+00 1.517372e+02
      vertex   2.050883e+01 8.503380e+00 1.517018e+02
      vertex   2.047480e+01 8.174401e+00 1.513365e+02
    endloop
  endfacet
  facet normal -8.728167e-01 -6.449784e-02 4.837676e-01
    outer loop
      vertex   2.067412e+01 9.337061e+00 1.522223e+02
      vertex   2.030448e+01 9.152241e+00 1.515307e+02
      vertex   2.059710e+01 8.836106e+00 1.520165e+02
    endloop
  endfacet
  facet normal -8.776220e-01 -8.834754e-02 4.711416e-01
    outer loop
      vertex   2.059710e+01 8.836106e+00 1.520165e+02
      vertex   2.030448e+01 9.152241e+00 1.515307e+02
      vertex   2.041387e+01 8.717597e+00 1.516530e+02
    endloop
  endfacet
  facet normal -8.282245e-01 -2.531391e-01 4.999647e-01
    outer loop
      vertex   2.059710e+01 8.836106e+00 1.520165e+02
      vertex   2.041387e+01 8.717597e+00 1.516530e+02
      vertex   2.050883e+01 8.503380e+00 1.517018e+02
    endloop
  endfacet
  facet normal -8.635816e-01 -2.885305e-01 4.134936e-01
    outer loop
      vertex   2.050883e+01 8.503380e+00 1.517018e+02
      vertex   2.041387e+01 8.717597e+00 1.516530e+02
      vertex   2.035662e+01 8.392378e+00 1.513065e+02
    endloop
  endfacet
  facet normal -8.194134e-01 -3.859128e-01 4.238313e-01
    outer loop
      vertex   2.050883e+01 8.503380e+00 1.517018e+02
      vertex   2.035662e+01 8.392378e+00 1.513065e+02
      vertex   2.047480e+01 8.174401e+00 1.513365e+02
    endloop
  endfacet
  facet normal -8.511762e-01 -4.177222e-01 3.178164e-01
    outer loop
      vertex   2.047480e+01 8.174401e+00 1.513365e+02
      vertex   2.035662e+01 8.392378e+00 1.513065e+02
      vertex   2.036067e+01 8.081333e+00 1.509085e+02
    endloop
  endfacet
  facet normal -9.162901e-01 -1.234275e-01 3.810225e-01
    outer loop
      vertex   2.041387e+01 8.717597e+00 1.516530e+02
      vertex   2.030448e+01 9.152241e+00 1.515307e+02
      vertex   2.026555e+01 8.621216e+00 1.512651e+02
    endloop
  endfacet
  facet normal -9.503582e-01 -8.065940e-02 3.005219e-01
    outer loop
      vertex   2.026555e+01 8.621216e+00 1.512651e+02
      vertex   2.030448e+01 9.152241e+00 1.515307e+02
      vertex   2.007686e+01 9.038429e+00 1.507804e+02
    endloop
  endfacet
  facet normal -9.547980e-01 -1.118380e-01 2.754142e-01
    outer loop
      vertex   2.026555e+01 8.621216e+00 1.512651e+02
      vertex   2.007686e+01 9.038429e+00 1.507804e+02
      vertex   2.015603e+01 8.549720e+00 1.508564e+02
    endloop
  endfacet
  facet normal -9.768278e-01 -1.320453e-01 1.684385e-01
    outer loop
      vertex   2.015603e+01 8.549720e+00 1.508564e+02
      vertex   2.007686e+01 9.038429e+00 1.507804e+02
      vertex   2.008883e+01 8.505692e+00 1.504321e+02
    endloop
  endfacet
  facet normal -9.341619e-01 -3.081510e-01 1.799569e-01
    outer loop
      vertex   2.015603e+01 8.549720e+00 1.508564e+02
      vertex   2.008883e+01 8.505692e+00 1.504321e+02
      vertex   2.017356e+01 8.258143e+00 1.504481e+02
    endloop
  endfacet
  facet normal 1.666368e-03 -3.177368e-02 9.994937e-01
    outer loop
      vertex   2.384273e+01 1.076336e+01 1.539927e+02
      vertex   2.400000e+01 1.100000e+01 1.540000e+02
      vertex   2.382974e+01 1.077633e+01 1.539932e+02
    endloop
  endfacet
  facet normal -5.763702e-03 -2.612233e-02 9.996421e-01
    outer loop
      vertex   2.382974e+01 1.077633e+01 1.539932e+02
      vertex   2.400000e+01 1.100000e+01 1.540000e+02
      vertex   2.381674e+01 1.078930e+01 1.539934e+02
    endloop
  endfacet
  facet normal -1.295817e-02 -1.986731e-02 9.997186e-01
    outer loop
      vertex   2.381674e+01 1.078930e+01 1.539934e+02
      vertex   2.400000e+01 1.100000e+01 1.540000e+02
      vertex   2.380302e+01 1.080302e+01 1.539935e+02
    endloop
  endfacet
  facet normal -2.936799e-02 -1.584697e-03 9.995674e-01
    outer loop
      vertex   2.378096e+01 1.082509e+01 1.539933e+02
      vertex   2.400000e+01 1.100000e+01 1.540000e+02
      vertex   2.376994e+01 1.083614e+01 1.539930e+02
    endloop
  endfacet
  facet normal -3.398993e-02 4.911105e-03 9.994101e-01
    outer loop
      vertex   2.376994e+01 1.083614e+01 1.539930e+02
      vertex   2.400000e+01 1.100000e+01 1.540000e+02
      vertex   2.375893e+01 1.084718e+01 1.539926e+02
    endloop
  endfacet
  facet normal -2.989176e-01 4.300264e-01 8.518953e-01
    outer loop
      vertex   2.400000e+01 1.100000e+01 1.540000e+02
      vertex   2.321964e+01 1.060982e+01 1.539231e+02
      vertex   2.375893e+01 1.084718e+01 1.539926e+02
    endloop
  endfacet
  facet normal -3.677549e-01 -9.103302e-01 1.898825e-01
    outer loop
      vertex   2.112036e+01 7.237307e+00 1.504553e+02
      vertex   2.140470e+01 7.119049e+00 1.504391e+02
      vertex   2.117553e+01 7.307844e+00 1.509003e+02
    endloop
  endfacet
  facet normal -3.749279e-01 -9.083074e-01 1.854907e-01
    outer loop
      vertex   2.117553e+01 7.307844e+00 1.509003e+02
      vertex   2.140470e+01 7.119049e+00 1.504391e+02
      vertex   2.145175e+01 7.187532e+00 1.508695e+02
    endloop
  endfacet
  facet normal -3.502457e-01 -8.836759e-01 3.105556e-01
    outer loop
      vertex   2.117553e+01 7.307844e+00 1.509003e+02
      vertex   2.145175e+01 7.187532e+00 1.508695e+02
      vertex   2.126451e+01 7.421928e+00 1.513253e+02
    endloop
  endfacet
  facet normal -3.627088e-01 -8.809176e-01 3.040172e-01
    outer loop
      vertex   2.126451e+01 7.421928e+00 1.513253e+02
      vertex   2.145175e+01 7.187532e+00 1.508695e+02
      vertex   2.152797e+01 7.298882e+00 1.512831e+02
    endloop
  endfacet
  facet normal -3.273394e-01 -8.455663e-01 4.217424e-01
    outer loop
      vertex   2.126451e+01 7.421928e+00 1.513253e+02
      vertex   2.152797e+01 7.298882e+00 1.512831e+02
      vertex   2.138331e+01 7.574794e+00 1.517240e+02
    endloop
  endfacet
  facet normal -3.448684e-01 -8.424110e-01 4.140162e-01
    outer loop
      vertex   2.138331e+01 7.574794e+00 1.517240e+02
      vertex   2.152797e+01 7.298882e+00 1.512831e+02
      vertex   2.163040e+01 7.449186e+00 1.516742e+02
    endloop
  endfacet
  facet normal -3.008070e-01 -7.983720e-01 5.216487e-01
    outer loop
      vertex   2.138331e+01 7.574794e+00 1.517240e+02
      vertex   2.163040e+01 7.449186e+00 1.516742e+02
      vertex   2.152776e+01 7.761374e+00 1.520929e+02
    endloop
  endfacet
  facet normal -3.228489e-01 -7.949257e-01 5.136747e-01
    outer loop
      vertex   2.152776e+01 7.761374e+00 1.520929e+02
      vertex   2.163040e+01 7.449186e+00 1.516742e+02
      vertex   2.175587e+01 7.634181e+00 1.520394e+02
    endloop
  endfacet
  facet normal -2.714034e-01 -7.436024e-01 6.110611e-01
    outer loop
      vertex   2.152776e+01 7.761374e+00 1.520929e+02
      vertex   2.175587e+01 7.634181e+00 1.520394e+02
      vertex   2.169373e+01 7.976598e+00 1.524285e+02
    endloop
  endfacet
  facet normal -2.974833e-01 -7.397716e-01 6.035243e-01
    outer loop
      vertex   2.169373e+01 7.976598e+00 1.524285e+02
      vertex   2.175587e+01 7.634181e+00 1.520394e+02
      vertex   2.190125e+01 7.849598e+00 1.523751e+02
    endloop
  endfacet
  facet normal -2.167410e-01 -6.574729e-01 7.216320e-01
    outer loop
      vertex   2.169373e+01 7.976598e+00 1.524285e+02
      vertex   2.190125e+01 7.849598e+00 1.523751e+02
      vertex   2.207646e+01 8.475537e+00 1.529980e+02
    endloop
  endfacet
  facet normal -2.699731e-01 -6.401783e-01 7.192261e-01
    outer loop
      vertex   2.207646e+01 8.475537e+00 1.529980e+02
      vertex   2.190125e+01 7.849598e+00 1.523751e+02
      vertex   2.224095e+01 8.356128e+00 1.529535e+02
    endloop
  endfacet
  facet normal -1.703534e-01 -5.417076e-01 8.231237e-01
    outer loop
      vertex   2.207646e+01 8.475537e+00 1.529980e+02
      vertex   2.224095e+01 8.356128e+00 1.529535e+02
      vertex   2.237674e+01 8.868556e+00 1.533188e+02
    endloop
  endfacet
  facet normal -2.145084e-01 -5.286833e-01 8.212674e-01
    outer loop
      vertex   2.237674e+01 8.868556e+00 1.533188e+02
      vertex   2.224095e+01 8.356128e+00 1.529535e+02
      vertex   2.251095e+01 8.760664e+00 1.532844e+02
    endloop
  endfacet
  facet normal -1.306717e-01 -4.450129e-01 8.859393e-01
    outer loop
      vertex   2.237674e+01 8.868556e+00 1.533188e+02
      vertex   2.251095e+01 8.760664e+00 1.532844e+02
      vertex   2.269620e+01 9.287518e+00 1.535764e+02
    endloop
  endfacet
  facet normal -1.749885e-01 -4.294502e-01 8.859749e-01
    outer loop
      vertex   2.269620e+01 9.287518e+00 1.535764e+02
      vertex   2.251095e+01 8.760664e+00 1.532844e+02
      vertex   2.280096e+01 9.196181e+00 1.535528e+02
    endloop
  endfacet
  facet normal -9.829939e-02 -3.529758e-01 9.304543e-01
    outer loop
      vertex   2.269620e+01 9.287518e+00 1.535764e+02
      vertex   2.280096e+01 9.196181e+00 1.535528e+02
      vertex   2.297010e+01 9.647092e+00 1.537417e+02
    endloop
  endfacet
  facet normal -1.363747e-01 -3.388781e-01 9.308940e-01
    outer loop
      vertex   2.297010e+01 9.647092e+00 1.537417e+02
      vertex   2.280096e+01 9.196181e+00 1.535528e+02
      vertex   2.305125e+01 9.572510e+00 1.537265e+02
    endloop
  endfacet
  facet normal -6.807020e-02 -2.705664e-01 9.602918e-01
    outer loop
      vertex   2.297010e+01 9.647092e+00 1.537417e+02
      vertex   2.305125e+01 9.572510e+00 1.537265e+02
      vertex   2.325182e+01 1.001713e+01 1.538659e+02
    endloop
  endfacet
  facet normal -1.066637e-01 -2.535151e-01 9.614328e-01
    outer loop
      vertex   2.325182e+01 1.001713e+01 1.538659e+02
      vertex   2.305125e+01 9.572510e+00 1.537265e+02
      vertex   2.330987e+01 9.961570e+00 1.538577e+02
    endloop
  endfacet
  facet normal -4.025639e-02 -1.871029e-01 9.815151e-01
    outer loop
      vertex   2.325182e+01 1.001713e+01 1.538659e+02
      vertex   2.330987e+01 9.961570e+00 1.538577e+02
      vertex   2.353909e+01 1.039451e+01 1.539497e+02
    endloop
  endfacet
  facet normal -7.776305e-02 -1.675170e-01 9.827975e-01
    outer loop
      vertex   2.353909e+01 1.039451e+01 1.539497e+02
      vertex   2.330987e+01 9.961570e+00 1.538577e+02
      vertex   2.357446e+01 1.035970e+01 1.539465e+02
    endloop
  endfacet
  facet normal -1.337863e-02 -1.031485e-01 9.945760e-01
    outer loop
      vertex   2.353909e+01 1.039451e+01 1.539497e+02
      vertex   2.357446e+01 1.035970e+01 1.539465e+02
      vertex   2.382974e+01 1.077633e+01 1.539932e+02
    endloop
  endfacet
  facet normal -4.838415e-02 -8.180046e-02 9.954736e-01
    outer loop
      vertex   2.382974e+01 1.077633e+01 1.539932e+02
      vertex   2.357446e+01 1.035970e+01 1.539465e+02
      vertex   2.384273e+01 1.076336e+01 1.539927e+02
    endloop
  endfacet
  facet normal -6.322822e-01 -7.477326e-01 2.027687e-01
    outer loop
      vertex   2.067598e+01 7.675984e+00 1.509263e+02
      vertex   2.060879e+01 7.608792e+00 1.504690e+02
      vertex   2.085714e+01 7.397797e+00 1.504654e+02
    endloop
  endfacet
  facet normal -5.046884e-01 -8.401464e-01 1.986044e-01
    outer loop
      vertex   2.085714e+01 7.397797e+00 1.504654e+02
      vertex   2.112036e+01 7.237307e+00 1.504553e+02
      vertex   2.091908e+01 7.467921e+00 1.509194e+02
    endloop
  endfacet
  facet normal -5.087320e-01 -8.383294e-01 1.959477e-01
    outer loop
      vertex   2.091908e+01 7.467921e+00 1.509194e+02
      vertex   2.112036e+01 7.237307e+00 1.504553e+02
      vertex   2.117553e+01 7.307844e+00 1.509003e+02
    endloop
  endfacet
  facet normal -4.834403e-01 -8.130864e-01 3.243085e-01
    outer loop
      vertex   2.091908e+01 7.467921e+00 1.509194e+02
      vertex   2.117553e+01 7.307844e+00 1.509003e+02
      vertex   2.101875e+01 7.580959e+00 1.513514e+02
    endloop
  endfacet
  facet normal -4.904951e-01 -8.104594e-01 3.202657e-01
    outer loop
      vertex   2.101875e+01 7.580959e+00 1.513514e+02
      vertex   2.117553e+01 7.307844e+00 1.509003e+02
      vertex   2.126451e+01 7.421928e+00 1.513253e+02
    endloop
  endfacet
  facet normal -4.547779e-01 -7.747628e-01 4.392263e-01
    outer loop
      vertex   2.101875e+01 7.580959e+00 1.513514e+02
      vertex   2.126451e+01 7.421928e+00 1.513253e+02
      vertex   2.115144e+01 7.731724e+00 1.517547e+02
    endloop
  endfacet
  facet normal -4.647395e-01 -7.716072e-01 4.343264e-01
    outer loop
      vertex   2.115144e+01 7.731724e+00 1.517547e+02
      vertex   2.126451e+01 7.421928e+00 1.513253e+02
      vertex   2.138331e+01 7.574794e+00 1.517240e+02
    endloop
  endfacet
  facet normal -4.209417e-01 -7.278280e-01 5.413635e-01
    outer loop
      vertex   2.115144e+01 7.731724e+00 1.517547e+02
      vertex   2.138331e+01 7.574794e+00 1.517240e+02
      vertex   2.131220e+01 7.914777e+00 1.521258e+02
    endloop
  endfacet
  facet normal -4.335121e-01 -7.242984e-01 5.361522e-01
    outer loop
      vertex   2.131220e+01 7.914777e+00 1.521258e+02
      vertex   2.138331e+01 7.574794e+00 1.517240e+02
      vertex   2.152776e+01 7.761374e+00 1.520929e+02
    endloop
  endfacet
  facet normal -3.831099e-01 -6.739754e-01 6.316518e-01
    outer loop
      vertex   2.131220e+01 7.914777e+00 1.521258e+02
      vertex   2.152776e+01 7.761374e+00 1.520929e+02
      vertex   2.149612e+01 8.124677e+00 1.524613e+02
    endloop
  endfacet
  facet normal -3.980350e-01 -6.700887e-01 6.265375e-01
    outer loop
      vertex   2.149612e+01 8.124677e+00 1.524613e+02
      vertex   2.152776e+01 7.761374e+00 1.520929e+02
      vertex   2.169373e+01 7.976598e+00 1.524285e+02
    endloop
  endfacet
  facet normal -3.185675e-01 -5.896751e-01 7.421577e-01
    outer loop
      vertex   2.149612e+01 8.124677e+00 1.524613e+02
      vertex   2.169373e+01 7.976598e+00 1.524285e+02
      vertex   2.191743e+01 8.606930e+00 1.530253e+02
    endloop
  endfacet
  facet normal -3.489787e-01 -5.760549e-01 7.391716e-01
    outer loop
      vertex   2.191743e+01 8.606930e+00 1.530253e+02
      vertex   2.169373e+01 7.976598e+00 1.524285e+02
      vertex   2.207646e+01 8.475537e+00 1.529980e+02
    endloop
  endfacet
  facet normal -2.529774e-01 -4.807306e-01 8.395835e-01
    outer loop
      vertex   2.191743e+01 8.606930e+00 1.530253e+02
      vertex   2.207646e+01 8.475537e+00 1.529980e+02
      vertex   2.224567e+01 8.983519e+00 1.533399e+02
    endloop
  endfacet
  facet normal -2.783832e-01 -4.706857e-01 8.372322e-01
    outer loop
      vertex   2.224567e+01 8.983519e+00 1.533399e+02
      vertex   2.207646e+01 8.475537e+00 1.529980e+02
      vertex   2.237674e+01 8.868556e+00 1.533188e+02
    endloop
  endfacet
  facet normal -1.991753e-01 -3.915682e-01 8.983338e-01
    outer loop
      vertex   2.224567e+01 8.983519e+00 1.533399e+02
      vertex   2.237674e+01 8.868556e+00 1.533188e+02
      vertex   2.259303e+01 9.382497e+00 1.535908e+02
    endloop
  endfacet
  facet normal -2.247304e-01 -3.802054e-01 8.971845e-01
    outer loop
      vertex   2.259303e+01 9.382497e+00 1.535908e+02
      vertex   2.237674e+01 8.868556e+00 1.533188e+02
      vertex   2.269620e+01 9.287518e+00 1.535764e+02
    endloop
  endfacet
  facet normal -1.527595e-01 -3.083551e-01 9.389258e-01
    outer loop
      vertex   2.259303e+01 9.382497e+00 1.535908e+02
      vertex   2.269620e+01 9.287518e+00 1.535764e+02
      vertex   2.288971e+01 9.723473e+00 1.537510e+02
    endloop
  endfacet
  facet normal -1.747730e-01 -2.983418e-01 9.383211e-01
    outer loop
      vertex   2.288971e+01 9.723473e+00 1.537510e+02
      vertex   2.269620e+01 9.287518e+00 1.535764e+02
      vertex   2.297010e+01 9.647092e+00 1.537417e+02
    endloop
  endfacet
  facet normal -1.109381e-01 -2.345023e-01 9.657647e-01
    outer loop
      vertex   2.288971e+01 9.723473e+00 1.537510e+02
      vertex   2.297010e+01 9.647092e+00 1.537417e+02
      vertex   2.319406e+01 1.007337e+01 1.538709e+02
    endloop
  endfacet
  facet normal -1.332454e-01 -2.227693e-01 9.657223e-01
    outer loop
      vertex   2.319406e+01 1.007337e+01 1.538709e+02
      vertex   2.297010e+01 9.647092e+00 1.537417e+02
      vertex   2.325182e+01 1.001713e+01 1.538659e+02
    endloop
  endfacet
  facet normal -7.132531e-02 -1.608436e-01 9.843993e-01
    outer loop
      vertex   2.319406e+01 1.007337e+01 1.538709e+02
      vertex   2.325182e+01 1.001713e+01 1.538659e+02
      vertex   2.350378e+01 1.042947e+01 1.539516e+02
    endloop
  endfacet
  facet normal -9.298328e-02 -1.476630e-01 9.846572e-01
    outer loop
      vertex   2.350378e+01 1.042947e+01 1.539516e+02
      vertex   2.325182e+01 1.001713e+01 1.538659e+02
      vertex   2.353909e+01 1.039451e+01 1.539497e+02
    endloop
  endfacet
  facet normal -3.270419e-02 -8.739041e-02 9.956372e-01
    outer loop
      vertex   2.350378e+01 1.042947e+01 1.539516e+02
      vertex   2.353909e+01 1.039451e+01 1.539497e+02
      vertex   2.381674e+01 1.078930e+01 1.539934e+02
    endloop
  endfacet
  facet normal -5.288309e-02 -7.322915e-02 9.959121e-01
    outer loop
      vertex   2.381674e+01 1.078930e+01 1.539934e+02
      vertex   2.353909e+01 1.039451e+01 1.539497e+02
      vertex   2.382974e+01 1.077633e+01 1.539932e+02
    endloop
  endfacet
  facet normal -8.829575e-01 -4.289221e-01 1.908191e-01
    outer loop
      vertex   2.017356e+01 8.258143e+00 1.504481e+02
      vertex   2.029000e+01 8.023570e+00 1.504596e+02
      vertex   2.024340e+01 8.309460e+00 1.508866e+02
    endloop
  endfacet
  facet normal -8.798852e-01 -4.336405e-01 1.943138e-01
    outer loop
      vertex   2.024340e+01 8.309460e+00 1.508866e+02
      vertex   2.029000e+01 8.023570e+00 1.504596e+02
      vertex   2.036067e+01 8.081333e+00 1.509085e+02
    endloop
  endfacet
  facet normal -8.568081e-01 -4.104648e-01 3.120872e-01
    outer loop
      vertex   2.024340e+01 8.309460e+00 1.508866e+02
      vertex   2.036067e+01 8.081333e+00 1.509085e+02
      vertex   2.035662e+01 8.392378e+00 1.513065e+02
    endloop
  endfacet
  facet normal -9.092861e-01 -2.935488e-01 2.950050e-01
    outer loop
      vertex   2.015603e+01 8.549720e+00 1.508564e+02
      vertex   2.024340e+01 8.309460e+00 1.508866e+02
      vertex   2.026555e+01 8.621216e+00 1.512651e+02
    endloop
  endfacet
  facet normal -9.028796e-01 -3.043961e-01 3.035647e-01
    outer loop
      vertex   2.026555e+01 8.621216e+00 1.512651e+02
      vertex   2.024340e+01 8.309460e+00 1.508866e+02
      vertex   2.035662e+01 8.392378e+00 1.513065e+02
    endloop
  endfacet
  facet normal -8.733383e-01 -2.747891e-01 4.022078e-01
    outer loop
      vertex   2.026555e+01 8.621216e+00 1.512651e+02
      vertex   2.035662e+01 8.392378e+00 1.513065e+02
      vertex   2.041387e+01 8.717597e+00 1.516530e+02
    endloop
  endfacet
  facet normal -9.307961e-01 -3.151917e-01 1.851293e-01
    outer loop
      vertex   2.024340e+01 8.309460e+00 1.508866e+02
      vertex   2.015603e+01 8.549720e+00 1.508564e+02
      vertex   2.017356e+01 8.258143e+00 1.504481e+02
    endloop
  endfacet
  facet normal -6.081651e-01 -7.215651e-01 3.308761e-01
    outer loop
      vertex   2.067598e+01 7.675984e+00 1.509263e+02
      vertex   2.091908e+01 7.467921e+00 1.509194e+02
      vertex   2.078411e+01 7.784108e+00 1.513608e+02
    endloop
  endfacet
  facet normal -6.103974e-01 -7.203798e-01 3.293446e-01
    outer loop
      vertex   2.078411e+01 7.784108e+00 1.513608e+02
      vertex   2.091908e+01 7.467921e+00 1.509194e+02
      vertex   2.101875e+01 7.580959e+00 1.513514e+02
    endloop
  endfacet
  facet normal -5.749326e-01 -6.849260e-01 4.475812e-01
    outer loop
      vertex   2.078411e+01 7.784108e+00 1.513608e+02
      vertex   2.101875e+01 7.580959e+00 1.513514e+02
      vertex   2.092799e+01 7.927986e+00 1.517658e+02
    endloop
  endfacet
  facet normal -5.781122e-01 -6.834875e-01 4.456804e-01
    outer loop
      vertex   2.092799e+01 7.927986e+00 1.517658e+02
      vertex   2.101875e+01 7.580959e+00 1.513514e+02
      vertex   2.115144e+01 7.731724e+00 1.517547e+02
    endloop
  endfacet
  facet normal -5.351314e-01 -6.405157e-01 5.507940e-01
    outer loop
      vertex   2.092799e+01 7.927986e+00 1.517658e+02
      vertex   2.115144e+01 7.731724e+00 1.517547e+02
      vertex   2.110222e+01 8.102224e+00 1.521377e+02
    endloop
  endfacet
  facet normal -5.391718e-01 -6.389067e-01 5.487185e-01
    outer loop
      vertex   2.110222e+01 8.102224e+00 1.521377e+02
      vertex   2.115144e+01 7.731724e+00 1.517547e+02
      vertex   2.131220e+01 7.914777e+00 1.521258e+02
    endloop
  endfacet
  facet normal -4.902533e-01 -5.900172e-01 6.415071e-01
    outer loop
      vertex   2.110222e+01 8.102224e+00 1.521377e+02
      vertex   2.131220e+01 7.914777e+00 1.521258e+02
      vertex   2.130143e+01 8.301434e+00 1.524732e+02
    endloop
  endfacet
  facet normal -4.950766e-01 -5.882656e-01 6.394081e-01
    outer loop
      vertex   2.130143e+01 8.301434e+00 1.524732e+02
      vertex   2.131220e+01 7.914777e+00 1.521258e+02
      vertex   2.149612e+01 8.124677e+00 1.524613e+02
    endloop
  endfacet
  facet normal -4.172666e-01 -5.101398e-01 7.520944e-01
    outer loop
      vertex   2.130143e+01 8.301434e+00 1.524732e+02
      vertex   2.149612e+01 8.124677e+00 1.524613e+02
      vertex   2.175719e+01 8.757190e+00 1.530352e+02
    endloop
  endfacet
  facet normal -4.269923e-01 -5.045762e-01 7.503868e-01
    outer loop
      vertex   2.175719e+01 8.757190e+00 1.530352e+02
      vertex   2.149612e+01 8.124677e+00 1.524613e+02
      vertex   2.191743e+01 8.606930e+00 1.530253e+02
    endloop
  endfacet
  facet normal -3.343638e-01 -4.121712e-01 8.475351e-01
    outer loop
      vertex   2.175719e+01 8.757190e+00 1.530352e+02
      vertex   2.191743e+01 8.606930e+00 1.530253e+02
      vertex   2.211169e+01 9.111693e+00 1.533474e+02
    endloop
  endfacet
  facet normal -3.425791e-01 -4.081553e-01 8.461967e-01
    outer loop
      vertex   2.211169e+01 9.111693e+00 1.533474e+02
      vertex   2.191743e+01 8.606930e+00 1.530253e+02
      vertex   2.224567e+01 8.983519e+00 1.533399e+02
    endloop
  endfacet
  facet normal -2.671899e-01 -3.327941e-01 9.043548e-01
    outer loop
      vertex   2.211169e+01 9.111693e+00 1.533474e+02
      vertex   2.224567e+01 8.983519e+00 1.533399e+02
      vertex   2.248629e+01 9.486288e+00 1.535960e+02
    endloop
  endfacet
  facet normal -2.754593e-01 -3.283921e-01 9.034826e-01
    outer loop
      vertex   2.248629e+01 9.486288e+00 1.535960e+02
      vertex   2.224567e+01 8.983519e+00 1.533399e+02
      vertex   2.259303e+01 9.382497e+00 1.535908e+02
    endloop
  endfacet
  facet normal -2.072440e-01 -2.602151e-01 9.430472e-01
    outer loop
      vertex   2.248629e+01 9.486288e+00 1.535960e+02
      vertex   2.259303e+01 9.382497e+00 1.535908e+02
      vertex   2.280587e+01 9.805870e+00 1.537544e+02
    endloop
  endfacet
  facet normal -2.143875e-01 -2.564095e-01 9.424925e-01
    outer loop
      vertex   2.280587e+01 9.805870e+00 1.537544e+02
      vertex   2.259303e+01 9.382497e+00 1.535908e+02
      vertex   2.288971e+01 9.723473e+00 1.537510e+02
    endloop
  endfacet
  facet normal -1.539687e-01 -1.959891e-01 9.684430e-01
    outer loop
      vertex   2.280587e+01 9.805870e+00 1.537544e+02
      vertex   2.288971e+01 9.723473e+00 1.537510e+02
      vertex   2.313344e+01 1.013344e+01 1.538727e+02
    endloop
  endfacet
  facet normal -1.611897e-01 -1.916076e-01 9.681448e-01
    outer loop
      vertex   2.313344e+01 1.013344e+01 1.538727e+02
      vertex   2.288971e+01 9.723473e+00 1.537510e+02
      vertex   2.319406e+01 1.007337e+01 1.538709e+02
    endloop
  endfacet
  facet normal -1.024467e-01 -1.328621e-01 9.858257e-01
    outer loop
      vertex   2.313344e+01 1.013344e+01 1.538727e+02
      vertex   2.319406e+01 1.007337e+01 1.538709e+02
      vertex   2.346656e+01 1.046656e+01 1.539523e+02
    endloop
  endfacet
  facet normal -1.094317e-01 -1.279990e-01 9.857185e-01
    outer loop
      vertex   2.346656e+01 1.046656e+01 1.539523e+02
      vertex   2.319406e+01 1.007337e+01 1.538709e+02
      vertex   2.350378e+01 1.042947e+01 1.539516e+02
    endloop
  endfacet
  facet normal -5.181637e-02 -7.038507e-02 9.961732e-01
    outer loop
      vertex   2.346656e+01 1.046656e+01 1.539523e+02
      vertex   2.350378e+01 1.042947e+01 1.539516e+02
      vertex   2.380302e+01 1.080302e+01 1.539935e+02
    endloop
  endfacet
  facet normal -5.829189e-02 -6.519717e-02 9.961684e-01
    outer loop
      vertex   2.380302e+01 1.080302e+01 1.539935e+02
      vertex   2.350378e+01 1.042947e+01 1.539516e+02
      vertex   2.381674e+01 1.078930e+01 1.539934e+02
    endloop
  endfacet
  facet normal -6.335488e-01 -7.469264e-01 2.017844e-01
    outer loop
      vertex   2.091908e+01 7.467921e+00 1.509194e+02
      vertex   2.067598e+01 7.675984e+00 1.509263e+02
      vertex   2.085714e+01 7.397797e+00 1.504654e+02
    endloop
  endfacet
  facet normal -7.621748e-01 -3.676602e-01 5.328372e-01
    outer loop
      vertex   2.062743e+01 8.298482e+00 1.517372e+02
      vertex   2.081332e+01 8.449112e+00 1.521070e+02
      vertex   2.069529e+01 8.638776e+00 1.520691e+02
    endloop
  endfacet
  facet normal -7.194090e-01 -3.248129e-01 6.139603e-01
    outer loop
      vertex   2.069529e+01 8.638776e+00 1.520691e+02
      vertex   2.081332e+01 8.449112e+00 1.521070e+02
      vertex   2.091128e+01 8.794882e+00 1.524047e+02
    endloop
  endfacet
  facet normal -7.587179e-01 -2.466678e-01 6.029114e-01
    outer loop
      vertex   2.069529e+01 8.638776e+00 1.520691e+02
      vertex   2.091128e+01 8.794882e+00 1.524047e+02
      vertex   2.081134e+01 8.973988e+00 1.523522e+02
    endloop
  endfacet
  facet normal -6.901293e-01 -1.796476e-01 7.010337e-01
    outer loop
      vertex   2.081134e+01 8.973988e+00 1.523522e+02
      vertex   2.091128e+01 8.794882e+00 1.524047e+02
      vertex   2.131825e+01 9.298179e+00 1.529343e+02
    endloop
  endfacet
  facet normal -7.059593e-01 -3.365589e-01 6.231769e-01
    outer loop
      vertex   2.091128e+01 8.794882e+00 1.524047e+02
      vertex   2.081332e+01 8.449112e+00 1.521070e+02
      vertex   2.102720e+01 8.621830e+00 1.524426e+02
    endloop
  endfacet
  facet normal -6.345164e-01 -2.662910e-01 7.255880e-01
    outer loop
      vertex   2.091128e+01 8.794882e+00 1.524047e+02
      vertex   2.102720e+01 8.621830e+00 1.524426e+02
      vertex   2.141514e+01 9.156895e+00 1.529782e+02
    endloop
  endfacet
  facet normal -6.067837e-01 -2.977961e-01 7.369742e-01
    outer loop
      vertex   2.141514e+01 9.156895e+00 1.529782e+02
      vertex   2.102720e+01 8.621830e+00 1.524426e+02
      vertex   2.152118e+01 9.018929e+00 1.530098e+02
    endloop
  endfacet
  facet normal -5.216600e-01 -2.119192e-01 8.264146e-01
    outer loop
      vertex   2.141514e+01 9.156895e+00 1.529782e+02
      vertex   2.152118e+01 9.018929e+00 1.530098e+02
      vertex   2.181448e+01 9.442508e+00 1.533035e+02
    endloop
  endfacet
  facet normal -4.970016e-01 -2.351437e-01 8.352825e-01
    outer loop
      vertex   2.181448e+01 9.442508e+00 1.533035e+02
      vertex   2.152118e+01 9.018929e+00 1.530098e+02
      vertex   2.190886e+01 9.329500e+00 1.533279e+02
    endloop
  endfacet
  facet normal -4.273568e-01 -1.654466e-01 8.888158e-01
    outer loop
      vertex   2.181448e+01 9.442508e+00 1.533035e+02
      vertex   2.190886e+01 9.329500e+00 1.533279e+02
      vertex   2.224205e+01 9.747628e+00 1.535659e+02
    endloop
  endfacet
  facet normal -4.017476e-01 -1.898595e-01 8.958528e-01
    outer loop
      vertex   2.224205e+01 9.747628e+00 1.535659e+02
      vertex   2.190886e+01 9.329500e+00 1.533279e+02
      vertex   2.232106e+01 9.659133e+00 1.535826e+02
    endloop
  endfacet
  facet normal -3.382711e-01 -1.262768e-01 9.325378e-01
    outer loop
      vertex   2.224205e+01 9.747628e+00 1.535659e+02
      vertex   2.232106e+01 9.659133e+00 1.535826e+02
      vertex   2.261012e+01 1.000999e+01 1.537349e+02
    endloop
  endfacet
  facet normal -3.155814e-01 -1.470944e-01 9.374282e-01
    outer loop
      vertex   2.261012e+01 1.000999e+01 1.537349e+02
      vertex   2.232106e+01 9.659133e+00 1.535826e+02
      vertex   2.267419e+01 9.941275e+00 1.537457e+02
    endloop
  endfacet
  facet normal -5.733320e-01 -1.427076e-01 8.067992e-01
    outer loop
      vertex   2.172551e+01 9.557425e+00 1.532696e+02
      vertex   2.131825e+01 9.298179e+00 1.529343e+02
      vertex   2.141514e+01 9.156895e+00 1.529782e+02
    endloop
  endfacet
  facet normal -6.562769e-01 -2.266398e-01 7.196770e-01
    outer loop
      vertex   2.141514e+01 9.156895e+00 1.529782e+02
      vertex   2.131825e+01 9.298179e+00 1.529343e+02
      vertex   2.091128e+01 8.794882e+00 1.524047e+02
    endloop
  endfacet
  facet normal -5.421972e-01 -1.773929e-01 8.213124e-01
    outer loop
      vertex   2.172551e+01 9.557425e+00 1.532696e+02
      vertex   2.141514e+01 9.156895e+00 1.529782e+02
      vertex   2.181448e+01 9.442508e+00 1.533035e+02
    endloop
  endfacet
  facet normal -4.732328e-01 -1.083806e-01 8.742450e-01
    outer loop
      vertex   2.216584e+01 9.837083e+00 1.535426e+02
      vertex   2.172551e+01 9.557425e+00 1.532696e+02
      vertex   2.181448e+01 9.442508e+00 1.533035e+02
    endloop
  endfacet
  facet normal -4.404340e-01 -1.447357e-01 8.860415e-01
    outer loop
      vertex   2.216584e+01 9.837083e+00 1.535426e+02
      vertex   2.181448e+01 9.442508e+00 1.533035e+02
      vertex   2.224205e+01 9.747628e+00 1.535659e+02
    endloop
  endfacet
  facet normal -3.770278e-01 -8.119973e-02 9.226357e-01
    outer loop
      vertex   2.254744e+01 1.007916e+01 1.537199e+02
      vertex   2.216584e+01 9.837083e+00 1.535426e+02
      vertex   2.224205e+01 9.747628e+00 1.535659e+02
    endloop
  endfacet
  facet normal -3.475815e-01 -1.121700e-01 9.309162e-01
    outer loop
      vertex   2.254744e+01 1.007916e+01 1.537199e+02
      vertex   2.224205e+01 9.747628e+00 1.535659e+02
      vertex   2.261012e+01 1.000999e+01 1.537349e+02
    endloop
  endfacet
  facet normal -2.008430e-01 -3.010116e-02 9.791609e-01
    outer loop
      vertex   2.334783e+01 1.058658e+01 1.539452e+02
      vertex   2.294273e+01 1.032978e+01 1.538542e+02
      vertex   2.298968e+01 1.028038e+01 1.538623e+02
    endloop
  endfacet
  facet normal -1.550831e-01 -8.047144e-02 9.846185e-01
    outer loop
      vertex   2.340698e+01 1.052646e+01 1.539505e+02
      vertex   2.337734e+01 1.055650e+01 1.539483e+02
      vertex   2.303715e+01 1.023115e+01 1.538681e+02
    endloop
  endfacet
  facet normal -1.780323e-01 -5.593718e-02 9.824335e-01
    outer loop
      vertex   2.303715e+01 1.023115e+01 1.538681e+02
      vertex   2.337734e+01 1.055650e+01 1.539483e+02
      vertex   2.298968e+01 1.028038e+01 1.538623e+02
    endloop
  endfacet
  facet normal -1.707588e-01 -6.634903e-02 9.830764e-01
    outer loop
      vertex   2.337734e+01 1.055650e+01 1.539483e+02
      vertex   2.334783e+01 1.058658e+01 1.539452e+02
      vertex   2.298968e+01 1.028038e+01 1.538623e+02
    endloop
  endfacet
  facet normal -6.313583e-17 -9.951847e-01 9.801714e-02
    outer loop
      vertex   2.200000e+01 7.000000e+00 1.500000e+02
      vertex   3.600000e+01 7.000000e+00 1.500000e+02
      vertex   2.203843e+01 7.076859e+00 1.507804e+02
    endloop
  endfacet
  facet normal -6.348435e-17 -9.951847e-01 9.801714e-02
    outer loop
      vertex   2.203843e+01 7.076859e+00 1.507804e+02
      vertex   3.600000e+01 7.000000e+00 1.500000e+02
      vertex   3.596157e+01 7.076859e+00 1.507804e+02
    endloop
  endfacet
  facet normal -6.104468e-17 -9.569403e-01 2.902847e-01
    outer loop
      vertex   2.203843e+01 7.076859e+00 1.507804e+02
      vertex   3.596157e+01 7.076859e+00 1.507804e+02
      vertex   2.215224e+01 7.304482e+00 1.515307e+02
    endloop
  endfacet
  facet normal 0.000000e+00 -9.569403e-01 2.902847e-01
    outer loop
      vertex   2.215224e+01 7.304482e+00 1.515307e+02
      vertex   3.596157e+01 7.076859e+00 1.507804e+02
      vertex   3.584776e+01 7.304482e+00 1.515307e+02
    endloop
  endfacet
  facet normal 0.000000e+00 -8.819213e-01 4.713967e-01
    outer loop
      vertex   2.215224e+01 7.304482e+00 1.515307e+02
      vertex   3.584776e+01 7.304482e+00 1.515307e+02
      vertex   2.233706e+01 7.674122e+00 1.522223e+02
    endloop
  endfacet
  facet normal -5.878062e-17 -8.819213e-01 4.713967e-01
    outer loop
      vertex   2.233706e+01 7.674122e+00 1.522223e+02
      vertex   3.584776e+01 7.304482e+00 1.515307e+02
      vertex   3.566294e+01 7.674122e+00 1.522223e+02
    endloop
  endfacet
  facet normal -5.152165e-17 -7.730105e-01 6.343933e-01
    outer loop
      vertex   2.233706e+01 7.674122e+00 1.522223e+02
      vertex   3.566294e+01 7.674122e+00 1.522223e+02
      vertex   2.258579e+01 8.171573e+00 1.528284e+02
    endloop
  endfacet
  facet normal 0.000000e+00 -7.730105e-01 6.343933e-01
    outer loop
      vertex   2.258579e+01 8.171573e+00 1.528284e+02
      vertex   3.566294e+01 7.674122e+00 1.522223e+02
      vertex   3.541421e+01 8.171573e+00 1.528284e+02
    endloop
  endfacet
  facet normal 0.000000e+00 -6.343933e-01 7.730105e-01
    outer loop
      vertex   2.258579e+01 8.171573e+00 1.528284e+02
      vertex   3.541421e+01 8.171573e+00 1.528284e+02
      vertex   2.288886e+01 8.777719e+00 1.533259e+02
    endloop
  endfacet
  facet normal -9.220119e-17 -6.343933e-01 7.730105e-01
    outer loop
      vertex   2.288886e+01 8.777719e+00 1.533259e+02
      vertex   3.541421e+01 8.171573e+00 1.528284e+02
      vertex   3.511114e+01 8.777719e+00 1.533259e+02
    endloop
  endfacet
  facet normal -6.851167e-17 -4.713967e-01 8.819213e-01
    outer loop
      vertex   2.288886e+01 8.777719e+00 1.533259e+02
      vertex   3.511114e+01 8.777719e+00 1.533259e+02
      vertex   2.323463e+01 9.469266e+00 1.536955e+02
    endloop
  endfacet
  facet normal 0.000000e+00 -4.713967e-01 8.819213e-01
    outer loop
      vertex   2.323463e+01 9.469266e+00 1.536955e+02
      vertex   3.511114e+01 8.777719e+00 1.533259e+02
      vertex   3.476537e+01 9.469266e+00 1.536955e+02
    endloop
  endfacet
  facet normal 0.000000e+00 -2.902847e-01 9.569403e-01
    outer loop
      vertex   2.323463e+01 9.469266e+00 1.536955e+02
      vertex   3.476537e+01 9.469266e+00 1.536955e+02
      vertex   2.360982e+01 1.021964e+01 1.539231e+02
    endloop
  endfacet
  facet normal 0.000000e+00 -2.902847e-01 9.569403e-01
    outer loop
      vertex   2.360982e+01 1.021964e+01 1.539231e+02
      vertex   3.476537e+01 9.469266e+00 1.536955e+02
      vertex   3.439018e+01 1.021964e+01 1.539231e+02
    endloop
  endfacet
  facet normal 0.000000e+00 -9.801714e-02 9.951847e-01
    outer loop
      vertex   2.360982e+01 1.021964e+01 1.539231e+02
      vertex   3.439018e+01 1.021964e+01 1.539231e+02
      vertex   2.400000e+01 1.100000e+01 1.540000e+02
    endloop
  endfacet
  facet normal 0.000000e+00 -9.801714e-02 9.951847e-01
    outer loop
      vertex   2.400000e+01 1.100000e+01 1.540000e+02
      vertex   3.439018e+01 1.021964e+01 1.539231e+02
      vertex   3.400000e+01 1.100000e+01 1.540000e+02
    endloop
  endfacet
  facet normal -9.801714e-02 0.000000e+00 9.951847e-01
    outer loop
      vertex   2.321964e+01 5.939018e+01 1.539231e+02
      vertex   2.321964e+01 4.366667e+01 1.539231e+02
      vertex   2.400000e+01 5.900000e+01 1.540000e+02
    endloop
  endfacet
  facet normal -9.801714e-02 0.000000e+00 9.951847e-01
    outer loop
      vertex   2.400000e+01 5.900000e+01 1.540000e+02
      vertex   2.321964e+01 4.366667e+01 1.539231e+02
      vertex   2.321964e+01 2.633333e+01 1.539231e+02
    endloop
  endfacet
  facet normal -9.801714e-02 0.000000e+00 9.951847e-01
    outer loop
      vertex   2.400000e+01 5.900000e+01 1.540000e+02
      vertex   2.321964e+01 2.633333e+01 1.539231e+02
      vertex   2.400000e+01 1.100000e+01 1.540000e+02
    endloop
  endfacet
  facet normal -9.801714e-02 0.000000e+00 9.951847e-01
    outer loop
      vertex   2.400000e+01 1.100000e+01 1.540000e+02
      vertex   2.321964e+01 2.633333e+01 1.539231e+02
      vertex   2.321964e+01 1.060982e+01 1.539231e+02
    endloop
  endfacet
  facet normal -2.902847e-01 0.000000e+00 9.569403e-01
    outer loop
      vertex   2.321964e+01 1.060982e+01 1.539231e+02
      vertex   2.321964e+01 2.633333e+01 1.539231e+02
      vertex   2.246927e+01 2.633333e+01 1.536955e+02
    endloop
  endfacet
  facet normal -2.902847e-01 0.000000e+00 9.569403e-01
    outer loop
      vertex   2.321964e+01 1.060982e+01 1.539231e+02
      vertex   2.246927e+01 2.633333e+01 1.536955e+02
      vertex   2.246927e+01 1.023463e+01 1.536955e+02
    endloop
  endfacet
  facet normal -4.713967e-01 0.000000e+00 8.819213e-01
    outer loop
      vertex   2.246927e+01 1.023463e+01 1.536955e+02
      vertex   2.246927e+01 2.633333e+01 1.536955e+02
      vertex   2.177772e+01 2.633333e+01 1.533259e+02
    endloop
  endfacet
  facet normal -4.713967e-01 0.000000e+00 8.819213e-01
    outer loop
      vertex   2.246927e+01 1.023463e+01 1.536955e+02
      vertex   2.177772e+01 2.633333e+01 1.533259e+02
      vertex   2.177772e+01 9.888860e+00 1.533259e+02
    endloop
  endfacet
  facet normal -6.343933e-01 0.000000e+00 7.730105e-01
    outer loop
      vertex   2.177772e+01 9.888860e+00 1.533259e+02
      vertex   2.177772e+01 2.633333e+01 1.533259e+02
      vertex   2.117157e+01 2.633333e+01 1.528284e+02
    endloop
  endfacet
  facet normal -6.343933e-01 -2.663039e-16 7.730105e-01
    outer loop
      vertex   2.177772e+01 9.888860e+00 1.533259e+02
      vertex   2.117157e+01 2.633333e+01 1.528284e+02
      vertex   2.117157e+01 9.585786e+00 1.528284e+02
    endloop
  endfacet
  facet normal -7.730105e-01 -3.279626e-16 6.343933e-01
    outer loop
      vertex   2.117157e+01 9.585786e+00 1.528284e+02
      vertex   2.117157e+01 2.633333e+01 1.528284e+02
      vertex   2.067412e+01 2.633333e+01 1.522223e+02
    endloop
  endfacet
  facet normal -7.730105e-01 0.000000e+00 6.343933e-01
    outer loop
      vertex   2.117157e+01 9.585786e+00 1.528284e+02
      vertex   2.067412e+01 2.633333e+01 1.522223e+02
      vertex   2.067412e+01 9.337061e+00 1.522223e+02
    endloop
  endfacet
  facet normal -8.819213e-01 0.000000e+00 4.713967e-01
    outer loop
      vertex   2.067412e+01 9.337061e+00 1.522223e+02
      vertex   2.067412e+01 2.633333e+01 1.522223e+02
      vertex   2.030448e+01 2.633333e+01 1.515307e+02
    endloop
  endfacet
  facet normal -8.819213e-01 0.000000e+00 4.713967e-01
    outer loop
      vertex   2.067412e+01 9.337061e+00 1.522223e+02
      vertex   2.030448e+01 2.633333e+01 1.515307e+02
      vertex   2.030448e+01 9.152241e+00 1.515307e+02
    endloop
  endfacet
  facet normal -9.569403e-01 0.000000e+00 2.902847e-01
    outer loop
      vertex   2.030448e+01 9.152241e+00 1.515307e+02
      vertex   2.030448e+01 2.633333e+01 1.515307e+02
      vertex   2.007686e+01 2.633333e+01 1.507804e+02
    endloop
  endfacet
  facet normal -9.569403e-01 -1.964768e-16 2.902847e-01
    outer loop
      vertex   2.030448e+01 9.152241e+00 1.515307e+02
      vertex   2.007686e+01 2.633333e+01 1.507804e+02
      vertex   2.007686e+01 9.038429e+00 1.507804e+02
    endloop
  endfacet
  facet normal -9.951847e-01 -2.044305e-16 9.801714e-02
    outer loop
      vertex   2.007686e+01 9.038429e+00 1.507804e+02
      vertex   2.007686e+01 2.633333e+01 1.507804e+02
      vertex   2.000000e+01 9.000000e+00 1.500000e+02
    endloop
  endfacet
  facet normal -9.951847e-01 0.000000e+00 9.801714e-02
    outer loop
      vertex   2.000000e+01 9.000000e+00 1.500000e+02
      vertex   2.007686e+01 2.633333e+01 1.507804e+02
      vertex   2.007686e+01 4.366667e+01 1.507804e+02
    endloop
  endfacet
  facet normal -9.951847e-01 0.000000e+00 9.801714e-02
    outer loop
      vertex   2.000000e+01 9.000000e+00 1.500000e+02
      vertex   2.007686e+01 4.366667e+01 1.507804e+02
      vertex   2.000000e+01 6.100000e+01 1.500000e+02
    endloop
  endfacet
  facet normal -9.951847e-01 2.041517e-16 9.801714e-02
    outer loop
      vertex   2.000000e+01 6.100000e+01 1.500000e+02
      vertex   2.007686e+01 4.366667e+01 1.507804e+02
      vertex   2.007686e+01 6.096157e+01 1.507804e+02
    endloop
  endfacet
  facet normal -9.569403e-01 1.965744e-16 2.902847e-01
    outer loop
      vertex   2.007686e+01 6.096157e+01 1.507804e+02
      vertex   2.007686e+01 4.366667e+01 1.507804e+02
      vertex   2.030448e+01 6.084776e+01 1.515307e+02
    endloop
  endfacet
  facet normal -9.569403e-01 0.000000e+00 2.902847e-01
    outer loop
      vertex   2.030448e+01 6.084776e+01 1.515307e+02
      vertex   2.007686e+01 4.366667e+01 1.507804e+02
      vertex   2.030448e+01 4.366667e+01 1.515307e+02
    endloop
  endfacet
  facet normal -8.819213e-01 0.000000e+00 4.713967e-01
    outer loop
      vertex   2.030448e+01 6.084776e+01 1.515307e+02
      vertex   2.030448e+01 4.366667e+01 1.515307e+02
      vertex   2.067412e+01 6.066294e+01 1.522223e+02
    endloop
  endfacet
  facet normal -8.819213e-01 0.000000e+00 4.713967e-01
    outer loop
      vertex   2.067412e+01 6.066294e+01 1.522223e+02
      vertex   2.030448e+01 4.366667e+01 1.515307e+02
      vertex   2.067412e+01 4.366667e+01 1.522223e+02
    endloop
  endfacet
  facet normal -7.730105e-01 0.000000e+00 6.343933e-01
    outer loop
      vertex   2.067412e+01 6.066294e+01 1.522223e+02
      vertex   2.067412e+01 4.366667e+01 1.522223e+02
      vertex   2.117157e+01 6.041421e+01 1.528284e+02
    endloop
  endfacet
  facet normal -7.730105e-01 3.279626e-16 6.343933e-01
    outer loop
      vertex   2.117157e+01 6.041421e+01 1.528284e+02
      vertex   2.067412e+01 4.366667e+01 1.522223e+02
      vertex   2.117157e+01 4.366667e+01 1.528284e+02
    endloop
  endfacet
  facet normal -6.343933e-01 2.691520e-16 7.730105e-01
    outer loop
      vertex   2.117157e+01 6.041421e+01 1.528284e+02
      vertex   2.117157e+01 4.366667e+01 1.528284e+02
      vertex   2.177772e+01 6.011114e+01 1.533259e+02
    endloop
  endfacet
  facet normal -6.343933e-01 0.000000e+00 7.730105e-01
    outer loop
      vertex   2.177772e+01 6.011114e+01 1.533259e+02
      vertex   2.117157e+01 4.366667e+01 1.528284e+02
      vertex   2.177772e+01 4.366667e+01 1.533259e+02
    endloop
  endfacet
  facet normal -4.713967e-01 0.000000e+00 8.819213e-01
    outer loop
      vertex   2.177772e+01 6.011114e+01 1.533259e+02
      vertex   2.177772e+01 4.366667e+01 1.533259e+02
      vertex   2.246927e+01 5.976537e+01 1.536955e+02
    endloop
  endfacet
  facet normal -4.713967e-01 0.000000e+00 8.819213e-01
    outer loop
      vertex   2.246927e+01 5.976537e+01 1.536955e+02
      vertex   2.177772e+01 4.366667e+01 1.533259e+02
      vertex   2.246927e+01 4.366667e+01 1.536955e+02
    endloop
  endfacet
  facet normal -2.902847e-01 0.000000e+00 9.569403e-01
    outer loop
      vertex   2.246927e+01 5.976537e+01 1.536955e+02
      vertex   2.246927e+01 4.366667e+01 1.536955e+02
      vertex   2.321964e+01 5.939018e+01 1.539231e+02
    endloop
  endfacet
  facet normal -2.902847e-01 0.000000e+00 9.569403e-01
    outer loop
      vertex   2.321964e+01 5.939018e+01 1.539231e+02
      vertex   2.246927e+01 4.366667e+01 1.536955e+02
      vertex   2.321964e+01 4.366667e+01 1.539231e+02
    endloop
  endfacet
  facet normal -2.902847e-01 0.000000e+00 9.569403e-01
    outer loop
      vertex   2.246927e+01 2.633333e+01 1.536955e+02
      vertex   2.321964e+01 2.633333e+01 1.539231e+02
      vertex   2.321964e+01 4.366667e+01 1.539231e+02
    endloop
  endfacet
  facet normal -2.902847e-01 0.000000e+00 9.569403e-01
    outer loop
      vertex   2.246927e+01 2.633333e+01 1.536955e+02
      vertex   2.321964e+01 4.366667e+01 1.539231e+02
      vertex   2.246927e+01 4.366667e+01 1.536955e+02
    endloop
  endfacet
  facet normal -4.713967e-01 0.000000e+00 8.819213e-01
    outer loop
      vertex   2.177772e+01 2.633333e+01 1.533259e+02
      vertex   2.246927e+01 2.633333e+01 1.536955e+02
      vertex   2.246927e+01 4.366667e+01 1.536955e+02
    endloop
  endfacet
  facet normal -4.713967e-01 0.000000e+00 8.819213e-01
    outer loop
      vertex   2.177772e+01 2.633333e+01 1.533259e+02
      vertex   2.246927e+01 4.366667e+01 1.536955e+02
      vertex   2.177772e+01 4.366667e+01 1.533259e+02
    endloop
  endfacet
  facet normal -6.343933e-01 0.000000e+00 7.730105e-01
    outer loop
      vertex   2.117157e+01 2.633333e+01 1.528284e+02
      vertex   2.177772e+01 2.633333e+01 1.533259e+02
      vertex   2.177772e+01 4.366667e+01 1.533259e+02
    endloop
  endfacet
  facet normal -6.343933e-01 0.000000e+00 7.730105e-01
    outer loop
      vertex   2.117157e+01 2.633333e+01 1.528284e+02
      vertex   2.177772e+01 4.366667e+01 1.533259e+02
      vertex   2.117157e+01 4.366667e+01 1.528284e+02
    endloop
  endfacet
  facet normal -7.730105e-01 0.000000e+00 6.343933e-01
    outer loop
      vertex   2.067412e+01 2.633333e+01 1.522223e+02
      vertex   2.117157e+01 2.633333e+01 1.528284e+02
      vertex   2.117157e+01 4.366667e+01 1.528284e+02
    endloop
  endfacet
  facet normal -7.730105e-01 0.000000e+00 6.343933e-01
    outer loop
      vertex   2.067412e+01 2.633333e+01 1.522223e+02
      vertex   2.117157e+01 4.366667e+01 1.528284e+02
      vertex   2.067412e+01 4.366667e+01 1.522223e+02
    endloop
  endfacet
  facet normal -8.819213e-01 0.000000e+00 4.713967e-01
    outer loop
      vertex   2.030448e+01 2.633333e+01 1.515307e+02
      vertex   2.067412e+01 2.633333e+01 1.522223e+02
      vertex   2.067412e+01 4.366667e+01 1.522223e+02
    endloop
  endfacet
  facet normal -8.819213e-01 0.000000e+00 4.713967e-01
    outer loop
      vertex   2.030448e+01 2.633333e+01 1.515307e+02
      vertex   2.067412e+01 4.366667e+01 1.522223e+02
      vertex   2.030448e+01 4.366667e+01 1.515307e+02
    endloop
  endfacet
  facet normal -9.569403e-01 0.000000e+00 2.902847e-01
    outer loop
      vertex   2.007686e+01 2.633333e+01 1.507804e+02
      vertex   2.030448e+01 2.633333e+01 1.515307e+02
      vertex   2.030448e+01 4.366667e+01 1.515307e+02
    endloop
  endfacet
  facet normal -9.569403e-01 0.000000e+00 2.902847e-01
    outer loop
      vertex   2.007686e+01 2.633333e+01 1.507804e+02
      vertex   2.030448e+01 4.366667e+01 1.515307e+02
      vertex   2.007686e+01 4.366667e+01 1.507804e+02
    endloop
  endfacet
  facet normal -0.000000e+00 9.801714e-02 9.951847e-01
    outer loop
      vertex   2.400000e+01 5.900000e+01 1.540000e+02
      vertex   3.400000e+01 5.900000e+01 1.540000e+02
      vertex   2.360982e+01 5.978036e+01 1.539231e+02
    endloop
  endfacet
  facet normal -0.000000e+00 9.801714e-02 9.951847e-01
    outer loop
      vertex   2.360982e+01 5.978036e+01 1.539231e+02
      vertex   3.400000e+01 5.900000e+01 1.540000e+02
      vertex   3.439018e+01 5.978036e+01 1.539231e+02
    endloop
  endfacet
  facet normal -0.000000e+00 2.902847e-01 9.569403e-01
    outer loop
      vertex   2.360982e+01 5.978036e+01 1.539231e+02
      vertex   3.439018e+01 5.978036e+01 1.539231e+02
      vertex   2.323463e+01 6.053073e+01 1.536955e+02
    endloop
  endfacet
  facet normal -0.000000e+00 2.902847e-01 9.569403e-01
    outer loop
      vertex   2.323463e+01 6.053073e+01 1.536955e+02
      vertex   3.439018e+01 5.978036e+01 1.539231e+02
      vertex   3.476537e+01 6.053073e+01 1.536955e+02
    endloop
  endfacet
  facet normal -0.000000e+00 4.713967e-01 8.819213e-01
    outer loop
      vertex   2.323463e+01 6.053073e+01 1.536955e+02
      vertex   3.476537e+01 6.053073e+01 1.536955e+02
      vertex   2.288886e+01 6.122228e+01 1.533259e+02
    endloop
  endfacet
  facet normal -0.000000e+00 4.713967e-01 8.819213e-01
    outer loop
      vertex   2.288886e+01 6.122228e+01 1.533259e+02
      vertex   3.476537e+01 6.053073e+01 1.536955e+02
      vertex   3.511114e+01 6.122228e+01 1.533259e+02
    endloop
  endfacet
  facet normal -0.000000e+00 6.343933e-01 7.730105e-01
    outer loop
      vertex   2.288886e+01 6.122228e+01 1.533259e+02
      vertex   3.511114e+01 6.122228e+01 1.533259e+02
      vertex   2.258579e+01 6.182843e+01 1.528284e+02
    endloop
  endfacet
  facet normal -0.000000e+00 6.343933e-01 7.730105e-01
    outer loop
      vertex   2.258579e+01 6.182843e+01 1.528284e+02
      vertex   3.511114e+01 6.122228e+01 1.533259e+02
      vertex   3.541421e+01 6.182843e+01 1.528284e+02
    endloop
  endfacet
  facet normal -0.000000e+00 7.730105e-01 6.343933e-01
    outer loop
      vertex   2.258579e+01 6.182843e+01 1.528284e+02
      vertex   3.541421e+01 6.182843e+01 1.528284e+02
      vertex   2.233706e+01 6.232588e+01 1.522223e+02
    endloop
  endfacet
  facet normal -0.000000e+00 7.730105e-01 6.343933e-01
    outer loop
      vertex   2.233706e+01 6.232588e+01 1.522223e+02
      vertex   3.541421e+01 6.182843e+01 1.528284e+02
      vertex   3.566294e+01 6.232588e+01 1.522223e+02
    endloop
  endfacet
  facet normal -0.000000e+00 8.819213e-01 4.713967e-01
    outer loop
      vertex   2.233706e+01 6.232588e+01 1.522223e+02
      vertex   3.566294e+01 6.232588e+01 1.522223e+02
      vertex   2.215224e+01 6.269552e+01 1.515307e+02
    endloop
  endfacet
  facet normal -0.000000e+00 8.819213e-01 4.713967e-01
    outer loop
      vertex   2.215224e+01 6.269552e+01 1.515307e+02
      vertex   3.566294e+01 6.232588e+01 1.522223e+02
      vertex   3.584776e+01 6.269552e+01 1.515307e+02
    endloop
  endfacet
  facet normal -0.000000e+00 9.569403e-01 2.902847e-01
    outer loop
      vertex   2.215224e+01 6.269552e+01 1.515307e+02
      vertex   3.584776e+01 6.269552e+01 1.515307e+02
      vertex   2.203843e+01 6.292314e+01 1.507804e+02
    endloop
  endfacet
  facet normal -0.000000e+00 9.569403e-01 2.902847e-01
    outer loop
      vertex   2.203843e+01 6.292314e+01 1.507804e+02
      vertex   3.584776e+01 6.269552e+01 1.515307e+02
      vertex   3.596157e+01 6.292314e+01 1.507804e+02
    endloop
  endfacet
  facet normal -0.000000e+00 9.951847e-01 9.801714e-02
    outer loop
      vertex   2.203843e+01 6.292314e+01 1.507804e+02
      vertex   3.596157e+01 6.292314e+01 1.507804e+02
      vertex   2.200000e+01 6.300000e+01 1.500000e+02
    endloop
  endfacet
  facet normal -0.000000e+00 9.951847e-01 9.801714e-02
    outer loop
      vertex   2.200000e+01 6.300000e+01 1.500000e+02
      vertex   3.596157e+01 6.292314e+01 1.507804e+02
      vertex   3.600000e+01 6.300000e+01 1.500000e+02
    endloop
  endfacet
  facet normal 9.974325e-01 -0.000000e+00 7.161243e-02
    outer loop
      vertex   3.800000e+01 5.980000e+01 1.500000e+02
      vertex   3.800000e+01 6.100000e+01 1.500000e+02
      vertex   3.795897e+01 5.960165e+01 1.505714e+02
    endloop
  endfacet
  facet normal 9.950703e-01 1.107776e-02 9.855140e-02
    outer loop
      vertex   3.795897e+01 5.960165e+01 1.505714e+02
      vertex   3.800000e+01 6.100000e+01 1.500000e+02
      vertex   3.792314e+01 6.096157e+01 1.507804e+02
    endloop
  endfacet
  facet normal 9.856104e-01 0.000000e+00 1.690331e-01
    outer loop
      vertex   3.795897e+01 5.960165e+01 1.505714e+02
      vertex   3.792314e+01 6.096157e+01 1.507804e+02
      vertex   3.792314e+01 4.366667e+01 1.507804e+02
    endloop
  endfacet
  facet normal 9.569403e-01 -0.000000e+00 2.902847e-01
    outer loop
      vertex   3.792314e+01 4.366667e+01 1.507804e+02
      vertex   3.792314e+01 6.096157e+01 1.507804e+02
      vertex   3.769552e+01 6.084776e+01 1.515307e+02
    endloop
  endfacet
  facet normal 9.569403e-01 0.000000e+00 2.902847e-01
    outer loop
      vertex   3.792314e+01 4.366667e+01 1.507804e+02
      vertex   3.769552e+01 6.084776e+01 1.515307e+02
      vertex   3.769552e+01 4.366667e+01 1.515307e+02
    endloop
  endfacet
  facet normal 8.819213e-01 -0.000000e+00 4.713967e-01
    outer loop
      vertex   3.769552e+01 4.366667e+01 1.515307e+02
      vertex   3.769552e+01 6.084776e+01 1.515307e+02
      vertex   3.732588e+01 6.066294e+01 1.522223e+02
    endloop
  endfacet
  facet normal 8.819213e-01 0.000000e+00 4.713967e-01
    outer loop
      vertex   3.769552e+01 4.366667e+01 1.515307e+02
      vertex   3.732588e+01 6.066294e+01 1.522223e+02
      vertex   3.732588e+01 4.366667e+01 1.522223e+02
    endloop
  endfacet
  facet normal 7.730105e-01 -0.000000e+00 6.343933e-01
    outer loop
      vertex   3.732588e+01 4.366667e+01 1.522223e+02
      vertex   3.732588e+01 6.066294e+01 1.522223e+02
      vertex   3.682843e+01 6.041421e+01 1.528284e+02
    endloop
  endfacet
  facet normal 7.730105e-01 0.000000e+00 6.343933e-01
    outer loop
      vertex   3.732588e+01 4.366667e+01 1.522223e+02
      vertex   3.682843e+01 6.041421e+01 1.528284e+02
      vertex   3.682843e+01 4.366667e+01 1.528284e+02
    endloop
  endfacet
  facet normal 6.343933e-01 -0.000000e+00 7.730105e-01
    outer loop
      vertex   3.682843e+01 4.366667e+01 1.528284e+02
      vertex   3.682843e+01 6.041421e+01 1.528284e+02
      vertex   3.622228e+01 6.011114e+01 1.533259e+02
    endloop
  endfacet
  facet normal 6.343933e-01 -2.712119e-16 7.730105e-01
    outer loop
      vertex   3.682843e+01 4.366667e+01 1.528284e+02
      vertex   3.622228e+01 6.011114e+01 1.533259e+02
      vertex   3.622228e+01 4.366667e+01 1.533259e+02
    endloop
  endfacet
  facet normal 4.713967e-01 -2.036839e-16 8.819213e-01
    outer loop
      vertex   3.622228e+01 4.366667e+01 1.533259e+02
      vertex   3.622228e+01 6.011114e+01 1.533259e+02
      vertex   3.553073e+01 5.976537e+01 1.536955e+02
    endloop
  endfacet
  facet normal 4.713967e-01 0.000000e+00 8.819213e-01
    outer loop
      vertex   3.622228e+01 4.366667e+01 1.533259e+02
      vertex   3.553073e+01 5.976537e+01 1.536955e+02
      vertex   3.553073e+01 4.366667e+01 1.536955e+02
    endloop
  endfacet
  facet normal 2.902847e-01 -0.000000e+00 9.569403e-01
    outer loop
      vertex   3.553073e+01 4.366667e+01 1.536955e+02
      vertex   3.553073e+01 5.976537e+01 1.536955e+02
      vertex   3.478036e+01 5.939018e+01 1.539231e+02
    endloop
  endfacet
  facet normal 2.902847e-01 0.000000e+00 9.569403e-01
    outer loop
      vertex   3.553073e+01 4.366667e+01 1.536955e+02
      vertex   3.478036e+01 5.939018e+01 1.539231e+02
      vertex   3.478036e+01 4.366667e+01 1.539231e+02
    endloop
  endfacet
  facet normal 9.801714e-02 -0.000000e+00 9.951847e-01
    outer loop
      vertex   3.478036e+01 4.366667e+01 1.539231e+02
      vertex   3.478036e+01 5.939018e+01 1.539231e+02
      vertex   3.400000e+01 5.900000e+01 1.540000e+02
    endloop
  endfacet
  facet normal 9.801714e-02 0.000000e+00 9.951847e-01
    outer loop
      vertex   3.478036e+01 4.366667e+01 1.539231e+02
      vertex   3.400000e+01 5.900000e+01 1.540000e+02
      vertex   3.400000e+01 1.100000e+01 1.540000e+02
    endloop
  endfacet
  facet normal 9.801714e-02 0.000000e+00 9.951847e-01
    outer loop
      vertex   3.478036e+01 4.366667e+01 1.539231e+02
      vertex   3.400000e+01 1.100000e+01 1.540000e+02
      vertex   3.478036e+01 2.633333e+01 1.539231e+02
    endloop
  endfacet
  facet normal 9.801714e-02 0.000000e+00 9.951847e-01
    outer loop
      vertex   3.478036e+01 2.633333e+01 1.539231e+02
      vertex   3.400000e+01 1.100000e+01 1.540000e+02
      vertex   3.478036e+01 1.060982e+01 1.539231e+02
    endloop
  endfacet
  facet normal 2.902847e-01 0.000000e+00 9.569403e-01
    outer loop
      vertex   3.478036e+01 2.633333e+01 1.539231e+02
      vertex   3.478036e+01 1.060982e+01 1.539231e+02
      vertex   3.553073e+01 2.633333e+01 1.536955e+02
    endloop
  endfacet
  facet normal 2.902847e-01 0.000000e+00 9.569403e-01
    outer loop
      vertex   3.553073e+01 2.633333e+01 1.536955e+02
      vertex   3.478036e+01 1.060982e+01 1.539231e+02
      vertex   3.553073e+01 1.023463e+01 1.536955e+02
    endloop
  endfacet
  facet normal 4.713967e-01 0.000000e+00 8.819213e-01
    outer loop
      vertex   3.553073e+01 2.633333e+01 1.536955e+02
      vertex   3.553073e+01 1.023463e+01 1.536955e+02
      vertex   3.622228e+01 2.633333e+01 1.533259e+02
    endloop
  endfacet
  facet normal 4.713967e-01 2.036839e-16 8.819213e-01
    outer loop
      vertex   3.622228e+01 2.633333e+01 1.533259e+02
      vertex   3.553073e+01 1.023463e+01 1.536955e+02
      vertex   3.622228e+01 9.888860e+00 1.533259e+02
    endloop
  endfacet
  facet normal 6.343933e-01 2.741125e-16 7.730105e-01
    outer loop
      vertex   3.622228e+01 2.633333e+01 1.533259e+02
      vertex   3.622228e+01 9.888860e+00 1.533259e+02
      vertex   3.682843e+01 2.633333e+01 1.528284e+02
    endloop
  endfacet
  facet normal 6.343933e-01 0.000000e+00 7.730105e-01
    outer loop
      vertex   3.682843e+01 2.633333e+01 1.528284e+02
      vertex   3.622228e+01 9.888860e+00 1.533259e+02
      vertex   3.682843e+01 9.585786e+00 1.528284e+02
    endloop
  endfacet
  facet normal 7.730105e-01 0.000000e+00 6.343933e-01
    outer loop
      vertex   3.682843e+01 2.633333e+01 1.528284e+02
      vertex   3.682843e+01 9.585786e+00 1.528284e+02
      vertex   3.732588e+01 2.633333e+01 1.522223e+02
    endloop
  endfacet
  facet normal 7.730105e-01 0.000000e+00 6.343933e-01
    outer loop
      vertex   3.732588e+01 2.633333e+01 1.522223e+02
      vertex   3.682843e+01 9.585786e+00 1.528284e+02
      vertex   3.732588e+01 9.337061e+00 1.522223e+02
    endloop
  endfacet
  facet normal 8.819213e-01 0.000000e+00 4.713967e-01
    outer loop
      vertex   3.732588e+01 2.633333e+01 1.522223e+02
      vertex   3.732588e+01 9.337061e+00 1.522223e+02
      vertex   3.769552e+01 2.633333e+01 1.515307e+02
    endloop
  endfacet
  facet normal 8.819213e-01 0.000000e+00 4.713967e-01
    outer loop
      vertex   3.769552e+01 2.633333e+01 1.515307e+02
      vertex   3.732588e+01 9.337061e+00 1.522223e+02
      vertex   3.769552e+01 9.152241e+00 1.515307e+02
    endloop
  endfacet
  facet normal 9.569403e-01 0.000000e+00 2.902847e-01
    outer loop
      vertex   3.769552e+01 2.633333e+01 1.515307e+02
      vertex   3.769552e+01 9.152241e+00 1.515307e+02
      vertex   3.792314e+01 2.633333e+01 1.507804e+02
    endloop
  endfacet
  facet normal 9.569403e-01 0.000000e+00 2.902847e-01
    outer loop
      vertex   3.792314e+01 2.633333e+01 1.507804e+02
      vertex   3.769552e+01 9.152241e+00 1.515307e+02
      vertex   3.792314e+01 9.038429e+00 1.507804e+02
    endloop
  endfacet
  facet normal 9.856104e-01 0.000000e+00 1.690331e-01
    outer loop
      vertex   3.792314e+01 2.633333e+01 1.507804e+02
      vertex   3.792314e+01 9.038429e+00 1.507804e+02
      vertex   3.795897e+01 1.039835e+01 1.505714e+02
    endloop
  endfacet
  facet normal 9.950703e-01 -1.107776e-02 9.855140e-02
    outer loop
      vertex   3.795897e+01 1.039835e+01 1.505714e+02
      vertex   3.792314e+01 9.038429e+00 1.507804e+02
      vertex   3.800000e+01 9.000000e+00 1.500000e+02
    endloop
  endfacet
  facet normal 9.974325e-01 0.000000e+00 7.161243e-02
    outer loop
      vertex   3.795897e+01 1.039835e+01 1.505714e+02
      vertex   3.800000e+01 9.000000e+00 1.500000e+02
      vertex   3.800000e+01 1.020000e+01 1.500000e+02
    endloop
  endfacet
  facet normal 9.856104e-01 -0.000000e+00 1.690331e-01
    outer loop
      vertex   3.795897e+01 1.039835e+01 1.505714e+02
      vertex   3.795897e+01 5.960165e+01 1.505714e+02
      vertex   3.792314e+01 2.633333e+01 1.507804e+02
    endloop
  endfacet
  facet normal 9.856104e-01 -0.000000e+00 1.690331e-01
    outer loop
      vertex   3.792314e+01 2.633333e+01 1.507804e+02
      vertex   3.795897e+01 5.960165e+01 1.505714e+02
      vertex   3.792314e+01 4.366667e+01 1.507804e+02
    endloop
  endfacet
  facet normal 9.569403e-01 -0.000000e+00 2.902847e-01
    outer loop
      vertex   3.792314e+01 2.633333e+01 1.507804e+02
      vertex   3.792314e+01 4.366667e+01 1.507804e+02
      vertex   3.769552e+01 2.633333e+01 1.515307e+02
    endloop
  endfacet
  facet normal 9.569403e-01 -0.000000e+00 2.902847e-01
    outer loop
      vertex   3.769552e+01 2.633333e+01 1.515307e+02
      vertex   3.792314e+01 4.366667e+01 1.507804e+02
      vertex   3.769552e+01 4.366667e+01 1.515307e+02
    endloop
  endfacet
  facet normal 8.819213e-01 -0.000000e+00 4.713967e-01
    outer loop
      vertex   3.769552e+01 2.633333e+01 1.515307e+02
      vertex   3.769552e+01 4.366667e+01 1.515307e+02
      vertex   3.732588e+01 2.633333e+01 1.522223e+02
    endloop
  endfacet
  facet normal 8.819213e-01 -0.000000e+00 4.713967e-01
    outer loop
      vertex   3.732588e+01 2.633333e+01 1.522223e+02
      vertex   3.769552e+01 4.366667e+01 1.515307e+02
      vertex   3.732588e+01 4.366667e+01 1.522223e+02
    endloop
  endfacet
  facet normal 7.730105e-01 -0.000000e+00 6.343933e-01
    outer loop
      vertex   3.732588e+01 2.633333e+01 1.522223e+02
      vertex   3.732588e+01 4.366667e+01 1.522223e+02
      vertex   3.682843e+01 2.633333e+01 1.528284e+02
    endloop
  endfacet
  facet normal 7.730105e-01 -0.000000e+00 6.343933e-01
    outer loop
      vertex   3.682843e+01 2.633333e+01 1.528284e+02
      vertex   3.732588e+01 4.366667e+01 1.522223e+02
      vertex   3.682843e+01 4.366667e+01 1.528284e+02
    endloop
  endfacet
  facet normal 6.343933e-01 -0.000000e+00 7.730105e-01
    outer loop
      vertex   3.682843e+01 2.633333e+01 1.528284e+02
      vertex   3.682843e+01 4.366667e+01 1.528284e+02
      vertex   3.622228e+01 2.633333e+01 1.533259e+02
    endloop
  endfacet
  facet normal 6.343933e-01 -0.000000e+00 7.730105e-01
    outer loop
      vertex   3.622228e+01 2.633333e+01 1.533259e+02
      vertex   3.682843e+01 4.366667e+01 1.528284e+02
      vertex   3.622228e+01 4.366667e+01 1.533259e+02
    endloop
  endfacet
  facet normal 4.713967e-01 -0.000000e+00 8.819213e-01
    outer loop
      vertex   3.622228e+01 2.633333e+01 1.533259e+02
      vertex   3.622228e+01 4.366667e+01 1.533259e+02
      vertex   3.553073e+01 2.633333e+01 1.536955e+02
    endloop
  endfacet
  facet normal 4.713967e-01 -0.000000e+00 8.819213e-01
    outer loop
      vertex   3.553073e+01 2.633333e+01 1.536955e+02
      vertex   3.622228e+01 4.366667e+01 1.533259e+02
      vertex   3.553073e+01 4.366667e+01 1.536955e+02
    endloop
  endfacet
  facet normal 2.902847e-01 -0.000000e+00 9.569403e-01
    outer loop
      vertex   3.553073e+01 2.633333e+01 1.536955e+02
      vertex   3.553073e+01 4.366667e+01 1.536955e+02
      vertex   3.478036e+01 2.633333e+01 1.539231e+02
    endloop
  endfacet
  facet normal 2.902847e-01 -0.000000e+00 9.569403e-01
    outer loop
      vertex   3.478036e+01 2.633333e+01 1.539231e+02
      vertex   3.553073e+01 4.366667e+01 1.536955e+02
      vertex   3.478036e+01 4.366667e+01 1.539231e+02
    endloop
  endfacet
  facet normal 0.000000e+00 0.000000e+00 1.000000e+00
    outer loop
      vertex   2.400000e+01 1.100000e+01 1.540000e+02
      vertex   3.400000e+01 1.100000e+01 1.540000e+02
      vertex   2.400000e+01 5.900000e+01 1.540000e+02
    endloop
  endfacet
  facet normal -0.000000e+00 0.000000e+00 1.000000e+00
    outer loop
      vertex   2.400000e+01 5.900000e+01 1.540000e+02
      vertex   3.400000e+01 1.100000e+01 1.540000e+02
      vertex   3.400000e+01 5.900000e+01 1.540000e+02
    endloop
  endfacet
  facet normal 9.914449e-01 1.305262e-01 -6.238795e-16
    outer loop
      vertex   3.793185e+01 6.151764e+01 1.450000e+01
      vertex   3.793185e+01 6.151764e+01 2.579167e+01
      vertex   3.800000e+01 6.100000e+01 1.450000e+01
    endloop
  endfacet
  facet normal 9.914449e-01 1.305262e-01 0.000000e+00
    outer loop
      vertex   3.800000e+01 6.100000e+01 1.450000e+01
      vertex   3.793185e+01 6.151764e+01 2.579167e+01
      vertex   3.793185e+01 6.151764e+01 3.708333e+01
    endloop
  endfacet
  facet normal 9.914449e-01 1.305262e-01 0.000000e+00
    outer loop
      vertex   3.800000e+01 6.100000e+01 1.450000e+01
      vertex   3.793185e+01 6.151764e+01 3.708333e+01
      vertex   3.793185e+01 6.151764e+01 4.837500e+01
    endloop
  endfacet
  facet normal 9.238795e-01 3.826834e-01 0.000000e+00
    outer loop
      vertex   3.793185e+01 6.151764e+01 4.837500e+01
      vertex   3.793185e+01 6.151764e+01 3.708333e+01
      vertex   3.773205e+01 6.200000e+01 4.837500e+01
    endloop
  endfacet
  facet normal 9.238795e-01 3.826834e-01 0.000000e+00
    outer loop
      vertex   3.793185e+01 6.151764e+01 4.837500e+01
      vertex   3.773205e+01 6.200000e+01 4.837500e+01
      vertex   3.773205e+01 6.200000e+01 5.966667e+01
    endloop
  endfacet
  facet normal 7.933533e-01 6.087614e-01 0.000000e+00
    outer loop
      vertex   3.773205e+01 6.200000e+01 5.966667e+01
      vertex   3.773205e+01 6.200000e+01 4.837500e+01
      vertex   3.741421e+01 6.241421e+01 5.966667e+01
    endloop
  endfacet
  facet normal 7.933533e-01 6.087614e-01 0.000000e+00
    outer loop
      vertex   3.773205e+01 6.200000e+01 5.966667e+01
      vertex   3.741421e+01 6.241421e+01 5.966667e+01
      vertex   3.741421e+01 6.241421e+01 7.095833e+01
    endloop
  endfacet
  facet normal 6.087614e-01 7.933533e-01 0.000000e+00
    outer loop
      vertex   3.741421e+01 6.241421e+01 7.095833e+01
      vertex   3.741421e+01 6.241421e+01 5.966667e+01
      vertex   3.700000e+01 6.273205e+01 7.095833e+01
    endloop
  endfacet
  facet normal 6.087614e-01 7.933533e-01 0.000000e+00
    outer loop
      vertex   3.741421e+01 6.241421e+01 7.095833e+01
      vertex   3.700000e+01 6.273205e+01 7.095833e+01
      vertex   3.700000e+01 6.273205e+01 8.225000e+01
    endloop
  endfacet
  facet normal 3.826834e-01 9.238795e-01 0.000000e+00
    outer loop
      vertex   3.700000e+01 6.273205e+01 8.225000e+01
      vertex   3.700000e+01 6.273205e+01 7.095833e+01
      vertex   3.651764e+01 6.293185e+01 8.225000e+01
    endloop
  endfacet
  facet normal 3.826834e-01 9.238795e-01 0.000000e+00
    outer loop
      vertex   3.700000e+01 6.273205e+01 8.225000e+01
      vertex   3.651764e+01 6.293185e+01 8.225000e+01
      vertex   3.651764e+01 6.293185e+01 9.354167e+01
    endloop
  endfacet
  facet normal 1.305262e-01 9.914449e-01 0.000000e+00
    outer loop
      vertex   3.651764e+01 6.293185e+01 9.354167e+01
      vertex   3.651764e+01 6.293185e+01 8.225000e+01
      vertex   3.600000e+01 6.300000e+01 1.500000e+02
    endloop
  endfacet
  facet normal 1.305262e-01 9.914449e-01 -0.000000e+00
    outer loop
      vertex   3.651764e+01 6.293185e+01 9.354167e+01
      vertex   3.600000e+01 6.300000e+01 1.500000e+02
      vertex   3.651764e+01 6.293185e+01 1.048333e+02
    endloop
  endfacet
  facet normal 1.305262e-01 9.914449e-01 -0.000000e+00
    outer loop
      vertex   3.651764e+01 6.293185e+01 1.048333e+02
      vertex   3.600000e+01 6.300000e+01 1.500000e+02
      vertex   3.651764e+01 6.293185e+01 1.161250e+02
    endloop
  endfacet
  facet normal 3.826834e-01 9.238795e-01 -0.000000e+00
    outer loop
      vertex   3.651764e+01 6.293185e+01 1.048333e+02
      vertex   3.651764e+01 6.293185e+01 1.161250e+02
      vertex   3.700000e+01 6.273205e+01 1.048333e+02
    endloop
  endfacet
  facet normal 3.826834e-01 9.238795e-01 -0.000000e+00
    outer loop
      vertex   3.700000e+01 6.273205e+01 1.048333e+02
      vertex   3.651764e+01 6.293185e+01 1.161250e+02
      vertex   3.700000e+01 6.273205e+01 1.161250e+02
    endloop
  endfacet
  facet normal 6.087614e-01 7.933533e-01 -0.000000e+00
    outer loop
      vertex   3.700000e+01 6.273205e+01 1.048333e+02
      vertex   3.700000e+01 6.273205e+01 1.161250e+02
      vertex   3.741421e+01 6.241421e+01 1.048333e+02
    endloop
  endfacet
  facet normal 6.087614e-01 7.933533e-01 -0.000000e+00
    outer loop
      vertex   3.741421e+01 6.241421e+01 1.048333e+02
      vertex   3.700000e+01 6.273205e+01 1.161250e+02
      vertex   3.741421e+01 6.241421e+01 1.161250e+02
    endloop
  endfacet
  facet normal 7.933533e-01 6.087614e-01 -0.000000e+00
    outer loop
      vertex   3.741421e+01 6.241421e+01 1.048333e+02
      vertex   3.741421e+01 6.241421e+01 1.161250e+02
      vertex   3.773205e+01 6.200000e+01 1.048333e+02
    endloop
  endfacet
  facet normal 7.933533e-01 6.087614e-01 -0.000000e+00
    outer loop
      vertex   3.773205e+01 6.200000e+01 1.048333e+02
      vertex   3.741421e+01 6.241421e+01 1.161250e+02
      vertex   3.773205e+01 6.200000e+01 1.161250e+02
    endloop
  endfacet
  facet normal 9.238795e-01 3.826834e-01 -0.000000e+00
    outer loop
      vertex   3.773205e+01 6.200000e+01 1.048333e+02
      vertex   3.773205e+01 6.200000e+01 1.161250e+02
      vertex   3.793185e+01 6.151764e+01 1.048333e+02
    endloop
  endfacet
  facet normal 9.238795e-01 3.826834e-01 -0.000000e+00
    outer loop
      vertex   3.793185e+01 6.151764e+01 1.048333e+02
      vertex   3.773205e+01 6.200000e+01 1.161250e+02
      vertex   3.793185e+01 6.151764e+01 1.161250e+02
    endloop
  endfacet
  facet normal 9.914449e-01 1.305262e-01 -0.000000e+00
    outer loop
      vertex   3.793185e+01 6.151764e+01 1.048333e+02
      vertex   3.793185e+01 6.151764e+01 1.161250e+02
      vertex   3.800000e+01 6.100000e+01 1.500000e+02
    endloop
  endfacet
  facet normal 9.914449e-01 1.305262e-01 0.000000e+00
    outer loop
      vertex   3.800000e+01 6.100000e+01 1.500000e+02
      vertex   3.793185e+01 6.151764e+01 1.161250e+02
      vertex   3.793185e+01 6.151764e+01 1.274167e+02
    endloop
  endfacet
  facet normal 9.914449e-01 1.305262e-01 0.000000e+00
    outer loop
      vertex   3.800000e+01 6.100000e+01 1.500000e+02
      vertex   3.793185e+01 6.151764e+01 1.274167e+02
      vertex   3.793185e+01 6.151764e+01 1.387083e+02
    endloop
  endfacet
  facet normal 9.238795e-01 3.826834e-01 0.000000e+00
    outer loop
      vertex   3.793185e+01 6.151764e+01 1.387083e+02
      vertex   3.793185e+01 6.151764e+01 1.274167e+02
      vertex   3.773205e+01 6.200000e+01 1.387083e+02
    endloop
  endfacet
  facet normal 9.238795e-01 3.826834e-01 0.000000e+00
    outer loop
      vertex   3.793185e+01 6.151764e+01 1.387083e+02
      vertex   3.773205e+01 6.200000e+01 1.387083e+02
      vertex   3.773205e+01 6.200000e+01 1.500000e+02
    endloop
  endfacet
  facet normal 7.933533e-01 6.087614e-01 0.000000e+00
    outer loop
      vertex   3.773205e+01 6.200000e+01 1.500000e+02
      vertex   3.773205e+01 6.200000e+01 1.387083e+02
      vertex   3.741421e+01 6.241421e+01 1.500000e+02
    endloop
  endfacet
  facet normal 7.933533e-01 6.087614e-01 0.000000e+00
    outer loop
      vertex   3.741421e+01 6.241421e+01 1.500000e+02
      vertex   3.773205e+01 6.200000e+01 1.387083e+02
      vertex   3.741421e+01 6.241421e+01 1.387083e+02
    endloop
  endfacet
  facet normal 6.087614e-01 7.933533e-01 0.000000e+00
    outer loop
      vertex   3.741421e+01 6.241421e+01 1.500000e+02
      vertex   3.741421e+01 6.241421e+01 1.387083e+02
      vertex   3.700000e+01 6.273205e+01 1.500000e+02
    endloop
  endfacet
  facet normal 6.087614e-01 7.933533e-01 0.000000e+00
    outer loop
      vertex   3.700000e+01 6.273205e+01 1.500000e+02
      vertex   3.741421e+01 6.241421e+01 1.387083e+02
      vertex   3.700000e+01 6.273205e+01 1.387083e+02
    endloop
  endfacet
  facet normal 3.826834e-01 9.238795e-01 0.000000e+00
    outer loop
      vertex   3.700000e+01 6.273205e+01 1.500000e+02
      vertex   3.700000e+01 6.273205e+01 1.387083e+02
      vertex   3.651764e+01 6.293185e+01 1.500000e+02
    endloop
  endfacet
  facet normal 3.826834e-01 9.238795e-01 -1.162726e-15
    outer loop
      vertex   3.651764e+01 6.293185e+01 1.500000e+02
      vertex   3.700000e+01 6.273205e+01 1.387083e+02
      vertex   3.651764e+01 6.293185e+01 1.387083e+02
    endloop
  endfacet
  facet normal 1.305262e-01 9.914449e-01 -1.247759e-15
    outer loop
      vertex   3.651764e+01 6.293185e+01 1.500000e+02
      vertex   3.651764e+01 6.293185e+01 1.387083e+02
      vertex   3.600000e+01 6.300000e+01 1.500000e+02
    endloop
  endfacet
  facet normal 1.305262e-01 9.914449e-01 0.000000e+00
    outer loop
      vertex   3.600000e+01 6.300000e+01 1.500000e+02
      vertex   3.651764e+01 6.293185e+01 1.387083e+02
      vertex   3.651764e+01 6.293185e+01 1.274167e+02
    endloop
  endfacet
  facet normal 1.305262e-01 9.914449e-01 0.000000e+00
    outer loop
      vertex   3.600000e+01 6.300000e+01 1.500000e+02
      vertex   3.651764e+01 6.293185e+01 1.274167e+02
      vertex   3.651764e+01 6.293185e+01 1.161250e+02
    endloop
  endfacet
  facet normal 3.826834e-01 9.238795e-01 -0.000000e+00
    outer loop
      vertex   3.651764e+01 6.293185e+01 1.161250e+02
      vertex   3.651764e+01 6.293185e+01 1.274167e+02
      vertex   3.700000e+01 6.273205e+01 1.161250e+02
    endloop
  endfacet
  facet normal 9.238795e-01 3.826834e-01 -5.813632e-16
    outer loop
      vertex   3.793185e+01 6.151764e+01 2.579167e+01
      vertex   3.793185e+01 6.151764e+01 1.450000e+01
      vertex   3.773205e+01 6.200000e+01 2.579167e+01
    endloop
  endfacet
  facet normal 9.238795e-01 3.826834e-01 0.000000e+00
    outer loop
      vertex   3.773205e+01 6.200000e+01 2.579167e+01
      vertex   3.793185e+01 6.151764e+01 1.450000e+01
      vertex   3.773205e+01 6.200000e+01 1.450000e+01
    endloop
  endfacet
  facet normal 7.933533e-01 6.087614e-01 0.000000e+00
    outer loop
      vertex   3.773205e+01 6.200000e+01 2.579167e+01
      vertex   3.773205e+01 6.200000e+01 1.450000e+01
      vertex   3.741421e+01 6.241421e+01 2.579167e+01
    endloop
  endfacet
  facet normal 7.933533e-01 6.087614e-01 0.000000e+00
    outer loop
      vertex   3.741421e+01 6.241421e+01 2.579167e+01
      vertex   3.773205e+01 6.200000e+01 1.450000e+01
      vertex   3.741421e+01 6.241421e+01 1.450000e+01
    endloop
  endfacet
  facet normal 6.087614e-01 7.933533e-01 0.000000e+00
    outer loop
      vertex   3.741421e+01 6.241421e+01 2.579167e+01
      vertex   3.741421e+01 6.241421e+01 1.450000e+01
      vertex   3.700000e+01 6.273205e+01 2.579167e+01
    endloop
  endfacet
  facet normal 6.087614e-01 7.933533e-01 0.000000e+00
    outer loop
      vertex   3.700000e+01 6.273205e+01 2.579167e+01
      vertex   3.741421e+01 6.241421e+01 1.450000e+01
      vertex   3.700000e+01 6.273205e+01 1.450000e+01
    endloop
  endfacet
  facet normal 3.826834e-01 9.238795e-01 0.000000e+00
    outer loop
      vertex   3.700000e+01 6.273205e+01 2.579167e+01
      vertex   3.700000e+01 6.273205e+01 1.450000e+01
      vertex   3.651764e+01 6.293185e+01 2.579167e+01
    endloop
  endfacet
  facet normal 3.826834e-01 9.238795e-01 0.000000e+00
    outer loop
      vertex   3.651764e+01 6.293185e+01 2.579167e+01
      vertex   3.700000e+01 6.273205e+01 1.450000e+01
      vertex   3.651764e+01 6.293185e+01 1.450000e+01
    endloop
  endfacet
  facet normal 1.305262e-01 9.914449e-01 0.000000e+00
    outer loop
      vertex   3.651764e+01 6.293185e+01 2.579167e+01
      vertex   3.651764e+01 6.293185e+01 1.450000e+01
      vertex   3.600000e+01 6.300000e+01 1.450000e+01
    endloop
  endfacet
  facet normal 1.305262e-01 9.914449e-01 0.000000e+00
    outer loop
      vertex   3.600000e+01 6.300000e+01 1.500000e+02
      vertex   3.651764e+01 6.293185e+01 8.225000e+01
      vertex   3.600000e+01 6.300000e+01 1.450000e+01
    endloop
  endfacet
  facet normal 1.305262e-01 9.914449e-01 0.000000e+00
    outer loop
      vertex   3.600000e+01 6.300000e+01 1.450000e+01
      vertex   3.651764e+01 6.293185e+01 8.225000e+01
      vertex   3.651764e+01 6.293185e+01 7.095833e+01
    endloop
  endfacet
  facet normal 1.305262e-01 9.914449e-01 0.000000e+00
    outer loop
      vertex   3.600000e+01 6.300000e+01 1.450000e+01
      vertex   3.651764e+01 6.293185e+01 7.095833e+01
      vertex   3.651764e+01 6.293185e+01 5.966667e+01
    endloop
  endfacet
  facet normal 3.826834e-01 9.238795e-01 -0.000000e+00
    outer loop
      vertex   3.651764e+01 6.293185e+01 5.966667e+01
      vertex   3.651764e+01 6.293185e+01 7.095833e+01
      vertex   3.700000e+01 6.273205e+01 5.966667e+01
    endloop
  endfacet
  facet normal 3.826834e-01 9.238795e-01 0.000000e+00
    outer loop
      vertex   3.651764e+01 6.293185e+01 5.966667e+01
      vertex   3.700000e+01 6.273205e+01 5.966667e+01
      vertex   3.700000e+01 6.273205e+01 4.837500e+01
    endloop
  endfacet
  facet normal 6.087614e-01 7.933533e-01 -0.000000e+00
    outer loop
      vertex   3.700000e+01 6.273205e+01 4.837500e+01
      vertex   3.700000e+01 6.273205e+01 5.966667e+01
      vertex   3.741421e+01 6.241421e+01 4.837500e+01
    endloop
  endfacet
  facet normal 6.087614e-01 7.933533e-01 0.000000e+00
    outer loop
      vertex   3.700000e+01 6.273205e+01 4.837500e+01
      vertex   3.741421e+01 6.241421e+01 4.837500e+01
      vertex   3.741421e+01 6.241421e+01 3.708333e+01
    endloop
  endfacet
  facet normal 7.933533e-01 6.087614e-01 -0.000000e+00
    outer loop
      vertex   3.741421e+01 6.241421e+01 3.708333e+01
      vertex   3.741421e+01 6.241421e+01 4.837500e+01
      vertex   3.773205e+01 6.200000e+01 3.708333e+01
    endloop
  endfacet
  facet normal 7.933533e-01 6.087614e-01 0.000000e+00
    outer loop
      vertex   3.741421e+01 6.241421e+01 3.708333e+01
      vertex   3.773205e+01 6.200000e+01 3.708333e+01
      vertex   3.773205e+01 6.200000e+01 2.579167e+01
    endloop
  endfacet
  facet normal 9.238795e-01 3.826834e-01 -0.000000e+00
    outer loop
      vertex   3.773205e+01 6.200000e+01 2.579167e+01
      vertex   3.773205e+01 6.200000e+01 3.708333e+01
      vertex   3.793185e+01 6.151764e+01 2.579167e+01
    endloop
  endfacet
  facet normal 9.238795e-01 3.826834e-01 0.000000e+00
    outer loop
      vertex   3.773205e+01 6.200000e+01 1.500000e+02
      vertex   3.793185e+01 6.151764e+01 1.500000e+02
      vertex   3.793185e+01 6.151764e+01 1.387083e+02
    endloop
  endfacet
  facet normal 9.914449e-01 1.305262e-01 -0.000000e+00
    outer loop
      vertex   3.793185e+01 6.151764e+01 1.387083e+02
      vertex   3.793185e+01 6.151764e+01 1.500000e+02
      vertex   3.800000e+01 6.100000e+01 1.500000e+02
    endloop
  endfacet
  facet normal 9.914449e-01 1.305262e-01 -0.000000e+00
    outer loop
      vertex   3.800000e+01 6.100000e+01 1.450000e+01
      vertex   3.793185e+01 6.151764e+01 8.225000e+01
      vertex   3.800000e+01 6.100000e+01 1.500000e+02
    endloop
  endfacet
  facet normal 9.914449e-01 1.305262e-01 0.000000e+00
    outer loop
      vertex   3.800000e+01 6.100000e+01 1.500000e+02
      vertex   3.793185e+01 6.151764e+01 8.225000e+01
      vertex   3.793185e+01 6.151764e+01 9.354167e+01
    endloop
  endfacet
  facet normal 9.914449e-01 1.305262e-01 0.000000e+00
    outer loop
      vertex   3.800000e+01 6.100000e+01 1.500000e+02
      vertex   3.793185e+01 6.151764e+01 9.354167e+01
      vertex   3.793185e+01 6.151764e+01 1.048333e+02
    endloop
  endfacet
  facet normal 9.238795e-01 3.826834e-01 0.000000e+00
    outer loop
      vertex   3.793185e+01 6.151764e+01 1.048333e+02
      vertex   3.793185e+01 6.151764e+01 9.354167e+01
      vertex   3.773205e+01 6.200000e+01 1.048333e+02
    endloop
  endfacet
  facet normal 9.238795e-01 3.826834e-01 0.000000e+00
    outer loop
      vertex   3.773205e+01 6.200000e+01 4.837500e+01
      vertex   3.793185e+01 6.151764e+01 3.708333e+01
      vertex   3.773205e+01 6.200000e+01 3.708333e+01
    endloop
  endfacet
  facet normal 9.238795e-01 3.826834e-01 0.000000e+00
    outer loop
      vertex   3.773205e+01 6.200000e+01 3.708333e+01
      vertex   3.793185e+01 6.151764e+01 3.708333e+01
      vertex   3.793185e+01 6.151764e+01 2.579167e+01
    endloop
  endfacet
  facet normal 9.914449e-01 1.305262e-01 -0.000000e+00
    outer loop
      vertex   3.793185e+01 6.151764e+01 4.837500e+01
      vertex   3.793185e+01 6.151764e+01 5.966667e+01
      vertex   3.800000e+01 6.100000e+01 1.450000e+01
    endloop
  endfacet
  facet normal 9.914449e-01 1.305262e-01 0.000000e+00
    outer loop
      vertex   3.800000e+01 6.100000e+01 1.450000e+01
      vertex   3.793185e+01 6.151764e+01 5.966667e+01
      vertex   3.793185e+01 6.151764e+01 7.095833e+01
    endloop
  endfacet
  facet normal 9.914449e-01 1.305262e-01 0.000000e+00
    outer loop
      vertex   3.800000e+01 6.100000e+01 1.450000e+01
      vertex   3.793185e+01 6.151764e+01 7.095833e+01
      vertex   3.793185e+01 6.151764e+01 8.225000e+01
    endloop
  endfacet
  facet normal 9.238795e-01 3.826834e-01 0.000000e+00
    outer loop
      vertex   3.793185e+01 6.151764e+01 8.225000e+01
      vertex   3.793185e+01 6.151764e+01 7.095833e+01
      vertex   3.773205e+01 6.200000e+01 8.225000e+01
    endloop
  endfacet
  facet normal 9.238795e-01 3.826834e-01 0.000000e+00
    outer loop
      vertex   3.793185e+01 6.151764e+01 8.225000e+01
      vertex   3.773205e+01 6.200000e+01 8.225000e+01
      vertex   3.773205e+01 6.200000e+01 9.354167e+01
    endloop
  endfacet
  facet normal 7.933533e-01 6.087614e-01 0.000000e+00
    outer loop
      vertex   3.773205e+01 6.200000e+01 9.354167e+01
      vertex   3.773205e+01 6.200000e+01 8.225000e+01
      vertex   3.741421e+01 6.241421e+01 9.354167e+01
    endloop
  endfacet
  facet normal 7.933533e-01 6.087614e-01 0.000000e+00
    outer loop
      vertex   3.773205e+01 6.200000e+01 9.354167e+01
      vertex   3.741421e+01 6.241421e+01 9.354167e+01
      vertex   3.741421e+01 6.241421e+01 1.048333e+02
    endloop
  endfacet
  facet normal 6.087614e-01 7.933533e-01 0.000000e+00
    outer loop
      vertex   3.741421e+01 6.241421e+01 1.048333e+02
      vertex   3.741421e+01 6.241421e+01 9.354167e+01
      vertex   3.700000e+01 6.273205e+01 1.048333e+02
    endloop
  endfacet
  facet normal 9.238795e-01 3.826834e-01 -0.000000e+00
    outer loop
      vertex   3.793185e+01 6.151764e+01 4.837500e+01
      vertex   3.773205e+01 6.200000e+01 5.966667e+01
      vertex   3.793185e+01 6.151764e+01 5.966667e+01
    endloop
  endfacet
  facet normal 9.238795e-01 3.826834e-01 0.000000e+00
    outer loop
      vertex   3.793185e+01 6.151764e+01 5.966667e+01
      vertex   3.773205e+01 6.200000e+01 5.966667e+01
      vertex   3.773205e+01 6.200000e+01 7.095833e+01
    endloop
  endfacet
  facet normal 9.238795e-01 3.826834e-01 -0.000000e+00
    outer loop
      vertex   3.793185e+01 6.151764e+01 5.966667e+01
      vertex   3.773205e+01 6.200000e+01 7.095833e+01
      vertex   3.793185e+01 6.151764e+01 7.095833e+01
    endloop
  endfacet
  facet normal 9.238795e-01 3.826834e-01 2.424609e-16
    outer loop
      vertex   3.793185e+01 6.151764e+01 7.095833e+01
      vertex   3.773205e+01 6.200000e+01 7.095833e+01
      vertex   3.773205e+01 6.200000e+01 8.225000e+01
    endloop
  endfacet
  facet normal 9.238795e-01 3.826834e-01 0.000000e+00
    outer loop
      vertex   3.773205e+01 6.200000e+01 1.048333e+02
      vertex   3.793185e+01 6.151764e+01 9.354167e+01
      vertex   3.773205e+01 6.200000e+01 9.354167e+01
    endloop
  endfacet
  facet normal 9.238795e-01 3.826834e-01 0.000000e+00
    outer loop
      vertex   3.773205e+01 6.200000e+01 9.354167e+01
      vertex   3.793185e+01 6.151764e+01 9.354167e+01
      vertex   3.793185e+01 6.151764e+01 8.225000e+01
    endloop
  endfacet
  facet normal 9.238795e-01 3.826834e-01 0.000000e+00
    outer loop
      vertex   3.793185e+01 6.151764e+01 1.274167e+02
      vertex   3.793185e+01 6.151764e+01 1.161250e+02
      vertex   3.773205e+01 6.200000e+01 1.274167e+02
    endloop
  endfacet
  facet normal 9.238795e-01 3.826834e-01 0.000000e+00
    outer loop
      vertex   3.773205e+01 6.200000e+01 1.274167e+02
      vertex   3.793185e+01 6.151764e+01 1.161250e+02
      vertex   3.773205e+01 6.200000e+01 1.161250e+02
    endloop
  endfacet
  facet normal 7.933533e-01 6.087614e-01 0.000000e+00
    outer loop
      vertex   3.773205e+01 6.200000e+01 1.274167e+02
      vertex   3.773205e+01 6.200000e+01 1.161250e+02
      vertex   3.741421e+01 6.241421e+01 1.274167e+02
    endloop
  endfacet
  facet normal 7.933533e-01 6.087614e-01 0.000000e+00
    outer loop
      vertex   3.741421e+01 6.241421e+01 1.274167e+02
      vertex   3.773205e+01 6.200000e+01 1.161250e+02
      vertex   3.741421e+01 6.241421e+01 1.161250e+02
    endloop
  endfacet
  facet normal 6.087614e-01 7.933533e-01 0.000000e+00
    outer loop
      vertex   3.741421e+01 6.241421e+01 1.274167e+02
      vertex   3.741421e+01 6.241421e+01 1.161250e+02
      vertex   3.700000e+01 6.273205e+01 1.274167e+02
    endloop
  endfacet
  facet normal 6.087614e-01 7.933533e-01 0.000000e+00
    outer loop
      vertex   3.700000e+01 6.273205e+01 1.274167e+02
      vertex   3.741421e+01 6.241421e+01 1.161250e+02
      vertex   3.700000e+01 6.273205e+01 1.161250e+02
    endloop
  endfacet
  facet normal 3.826834e-01 9.238795e-01 0.000000e+00
    outer loop
      vertex   3.700000e+01 6.273205e+01 1.274167e+02
      vertex   3.700000e+01 6.273205e+01 1.161250e+02
      vertex   3.651764e+01 6.293185e+01 1.274167e+02
    endloop
  endfacet
  facet normal 7.933533e-01 6.087614e-01 0.000000e+00
    outer loop
      vertex   3.741421e+01 6.241421e+01 3.708333e+01
      vertex   3.773205e+01 6.200000e+01 2.579167e+01
      vertex   3.741421e+01 6.241421e+01 2.579167e+01
    endloop
  endfacet
  facet normal 7.933533e-01 6.087614e-01 0.000000e+00
    outer loop
      vertex   3.741421e+01 6.241421e+01 5.966667e+01
      vertex   3.773205e+01 6.200000e+01 4.837500e+01
      vertex   3.741421e+01 6.241421e+01 4.837500e+01
    endloop
  endfacet
  facet normal 7.933533e-01 6.087614e-01 0.000000e+00
    outer loop
      vertex   3.741421e+01 6.241421e+01 4.837500e+01
      vertex   3.773205e+01 6.200000e+01 4.837500e+01
      vertex   3.773205e+01 6.200000e+01 3.708333e+01
    endloop
  endfacet
  facet normal 7.933533e-01 6.087614e-01 -0.000000e+00
    outer loop
      vertex   3.773205e+01 6.200000e+01 5.966667e+01
      vertex   3.741421e+01 6.241421e+01 7.095833e+01
      vertex   3.773205e+01 6.200000e+01 7.095833e+01
    endloop
  endfacet
  facet normal 7.933533e-01 6.087614e-01 0.000000e+00
    outer loop
      vertex   3.773205e+01 6.200000e+01 7.095833e+01
      vertex   3.741421e+01 6.241421e+01 7.095833e+01
      vertex   3.741421e+01 6.241421e+01 8.225000e+01
    endloop
  endfacet
  facet normal 7.933533e-01 6.087614e-01 3.830710e-16
    outer loop
      vertex   3.773205e+01 6.200000e+01 7.095833e+01
      vertex   3.741421e+01 6.241421e+01 8.225000e+01
      vertex   3.773205e+01 6.200000e+01 8.225000e+01
    endloop
  endfacet
  facet normal 7.933533e-01 6.087614e-01 0.000000e+00
    outer loop
      vertex   3.773205e+01 6.200000e+01 8.225000e+01
      vertex   3.741421e+01 6.241421e+01 8.225000e+01
      vertex   3.741421e+01 6.241421e+01 9.354167e+01
    endloop
  endfacet
  facet normal 7.933533e-01 6.087614e-01 0.000000e+00
    outer loop
      vertex   3.741421e+01 6.241421e+01 1.048333e+02
      vertex   3.773205e+01 6.200000e+01 1.048333e+02
      vertex   3.773205e+01 6.200000e+01 9.354167e+01
    endloop
  endfacet
  facet normal 7.933533e-01 6.087614e-01 0.000000e+00
    outer loop
      vertex   3.741421e+01 6.241421e+01 1.387083e+02
      vertex   3.773205e+01 6.200000e+01 1.387083e+02
      vertex   3.773205e+01 6.200000e+01 1.274167e+02
    endloop
  endfacet
  facet normal 9.238795e-01 3.826834e-01 -0.000000e+00
    outer loop
      vertex   3.773205e+01 6.200000e+01 1.274167e+02
      vertex   3.773205e+01 6.200000e+01 1.387083e+02
      vertex   3.793185e+01 6.151764e+01 1.274167e+02
    endloop
  endfacet
  facet normal 7.933533e-01 6.087614e-01 0.000000e+00
    outer loop
      vertex   3.741421e+01 6.241421e+01 1.387083e+02
      vertex   3.773205e+01 6.200000e+01 1.274167e+02
      vertex   3.741421e+01 6.241421e+01 1.274167e+02
    endloop
  endfacet
  facet normal 6.087614e-01 7.933533e-01 0.000000e+00
    outer loop
      vertex   3.741421e+01 6.241421e+01 3.708333e+01
      vertex   3.741421e+01 6.241421e+01 2.579167e+01
      vertex   3.700000e+01 6.273205e+01 3.708333e+01
    endloop
  endfacet
  facet normal 6.087614e-01 7.933533e-01 0.000000e+00
    outer loop
      vertex   3.700000e+01 6.273205e+01 3.708333e+01
      vertex   3.741421e+01 6.241421e+01 2.579167e+01
      vertex   3.700000e+01 6.273205e+01 2.579167e+01
    endloop
  endfacet
  facet normal 3.826834e-01 9.238795e-01 0.000000e+00
    outer loop
      vertex   3.700000e+01 6.273205e+01 3.708333e+01
      vertex   3.700000e+01 6.273205e+01 2.579167e+01
      vertex   3.651764e+01 6.293185e+01 3.708333e+01
    endloop
  endfacet
  facet normal 3.826834e-01 9.238795e-01 0.000000e+00
    outer loop
      vertex   3.651764e+01 6.293185e+01 3.708333e+01
      vertex   3.700000e+01 6.273205e+01 2.579167e+01
      vertex   3.651764e+01 6.293185e+01 2.579167e+01
    endloop
  endfacet
  facet normal 1.305262e-01 9.914449e-01 0.000000e+00
    outer loop
      vertex   3.651764e+01 6.293185e+01 3.708333e+01
      vertex   3.651764e+01 6.293185e+01 2.579167e+01
      vertex   3.600000e+01 6.300000e+01 1.450000e+01
    endloop
  endfacet
  facet normal 6.087614e-01 7.933533e-01 -3.830710e-16
    outer loop
      vertex   3.700000e+01 6.273205e+01 7.095833e+01
      vertex   3.741421e+01 6.241421e+01 5.966667e+01
      vertex   3.700000e+01 6.273205e+01 5.966667e+01
    endloop
  endfacet
  facet normal 6.087614e-01 7.933533e-01 0.000000e+00
    outer loop
      vertex   3.700000e+01 6.273205e+01 5.966667e+01
      vertex   3.741421e+01 6.241421e+01 5.966667e+01
      vertex   3.741421e+01 6.241421e+01 4.837500e+01
    endloop
  endfacet
  facet normal 6.087614e-01 7.933533e-01 -0.000000e+00
    outer loop
      vertex   3.741421e+01 6.241421e+01 7.095833e+01
      vertex   3.700000e+01 6.273205e+01 8.225000e+01
      vertex   3.741421e+01 6.241421e+01 8.225000e+01
    endloop
  endfacet
  facet normal 6.087614e-01 7.933533e-01 0.000000e+00
    outer loop
      vertex   3.741421e+01 6.241421e+01 8.225000e+01
      vertex   3.700000e+01 6.273205e+01 8.225000e+01
      vertex   3.700000e+01 6.273205e+01 9.354167e+01
    endloop
  endfacet
  facet normal 6.087614e-01 7.933533e-01 -0.000000e+00
    outer loop
      vertex   3.741421e+01 6.241421e+01 8.225000e+01
      vertex   3.700000e+01 6.273205e+01 9.354167e+01
      vertex   3.741421e+01 6.241421e+01 9.354167e+01
    endloop
  endfacet
  facet normal 6.087614e-01 7.933533e-01 0.000000e+00
    outer loop
      vertex   3.741421e+01 6.241421e+01 9.354167e+01
      vertex   3.700000e+01 6.273205e+01 9.354167e+01
      vertex   3.700000e+01 6.273205e+01 1.048333e+02
    endloop
  endfacet
  facet normal 6.087614e-01 7.933533e-01 0.000000e+00
    outer loop
      vertex   3.700000e+01 6.273205e+01 1.387083e+02
      vertex   3.741421e+01 6.241421e+01 1.387083e+02
      vertex   3.741421e+01 6.241421e+01 1.274167e+02
    endloop
  endfacet
  facet normal 6.087614e-01 7.933533e-01 0.000000e+00
    outer loop
      vertex   3.700000e+01 6.273205e+01 1.387083e+02
      vertex   3.741421e+01 6.241421e+01 1.274167e+02
      vertex   3.700000e+01 6.273205e+01 1.274167e+02
    endloop
  endfacet
  facet normal 6.087614e-01 7.933533e-01 0.000000e+00
    outer loop
      vertex   3.741421e+01 6.241421e+01 3.708333e+01
      vertex   3.700000e+01 6.273205e+01 3.708333e+01
      vertex   3.700000e+01 6.273205e+01 4.837500e+01
    endloop
  endfacet
  facet normal 3.826834e-01 9.238795e-01 0.000000e+00
    outer loop
      vertex   3.700000e+01 6.273205e+01 4.837500e+01
      vertex   3.700000e+01 6.273205e+01 3.708333e+01
      vertex   3.651764e+01 6.293185e+01 4.837500e+01
    endloop
  endfacet
  facet normal 3.826834e-01 9.238795e-01 0.000000e+00
    outer loop
      vertex   3.700000e+01 6.273205e+01 4.837500e+01
      vertex   3.651764e+01 6.293185e+01 4.837500e+01
      vertex   3.651764e+01 6.293185e+01 5.966667e+01
    endloop
  endfacet
  facet normal 1.305262e-01 9.914449e-01 0.000000e+00
    outer loop
      vertex   3.651764e+01 6.293185e+01 5.966667e+01
      vertex   3.651764e+01 6.293185e+01 4.837500e+01
      vertex   3.600000e+01 6.300000e+01 1.450000e+01
    endloop
  endfacet
  facet normal 3.826834e-01 9.238795e-01 0.000000e+00
    outer loop
      vertex   3.651764e+01 6.293185e+01 4.837500e+01
      vertex   3.700000e+01 6.273205e+01 3.708333e+01
      vertex   3.651764e+01 6.293185e+01 3.708333e+01
    endloop
  endfacet
  facet normal 3.826834e-01 9.238795e-01 0.000000e+00
    outer loop
      vertex   3.651764e+01 6.293185e+01 8.225000e+01
      vertex   3.700000e+01 6.273205e+01 7.095833e+01
      vertex   3.651764e+01 6.293185e+01 7.095833e+01
    endloop
  endfacet
  facet normal 3.826834e-01 9.238795e-01 -2.401069e-16
    outer loop
      vertex   3.651764e+01 6.293185e+01 7.095833e+01
      vertex   3.700000e+01 6.273205e+01 7.095833e+01
      vertex   3.700000e+01 6.273205e+01 5.966667e+01
    endloop
  endfacet
  facet normal 3.826834e-01 9.238795e-01 0.000000e+00
    outer loop
      vertex   3.651764e+01 6.293185e+01 1.048333e+02
      vertex   3.700000e+01 6.273205e+01 1.048333e+02
      vertex   3.700000e+01 6.273205e+01 9.354167e+01
    endloop
  endfacet
  facet normal 3.826834e-01 9.238795e-01 0.000000e+00
    outer loop
      vertex   3.651764e+01 6.293185e+01 1.048333e+02
      vertex   3.700000e+01 6.273205e+01 9.354167e+01
      vertex   3.651764e+01 6.293185e+01 9.354167e+01
    endloop
  endfacet
  facet normal 3.826834e-01 9.238795e-01 0.000000e+00
    outer loop
      vertex   3.651764e+01 6.293185e+01 9.354167e+01
      vertex   3.700000e+01 6.273205e+01 9.354167e+01
      vertex   3.700000e+01 6.273205e+01 8.225000e+01
    endloop
  endfacet
  facet normal 3.826834e-01 9.238795e-01 0.000000e+00
    outer loop
      vertex   3.651764e+01 6.293185e+01 1.387083e+02
      vertex   3.700000e+01 6.273205e+01 1.387083e+02
      vertex   3.700000e+01 6.273205e+01 1.274167e+02
    endloop
  endfacet
  facet normal 3.826834e-01 9.238795e-01 0.000000e+00
    outer loop
      vertex   3.651764e+01 6.293185e+01 1.387083e+02
      vertex   3.700000e+01 6.273205e+01 1.274167e+02
      vertex   3.651764e+01 6.293185e+01 1.274167e+02
    endloop
  endfacet
  facet normal 1.305262e-01 9.914449e-01 0.000000e+00
    outer loop
      vertex   3.600000e+01 6.300000e+01 1.450000e+01
      vertex   3.651764e+01 6.293185e+01 4.837500e+01
      vertex   3.651764e+01 6.293185e+01 3.708333e+01
    endloop
  endfacet
  facet normal -1.305262e-01 9.914449e-01 0.000000e+00
    outer loop
      vertex   2.148236e+01 6.293185e+01 1.450000e+01
      vertex   2.148236e+01 6.293185e+01 2.579167e+01
      vertex   2.200000e+01 6.300000e+01 1.450000e+01
    endloop
  endfacet
  facet normal -1.305262e-01 9.914449e-01 0.000000e+00
    outer loop
      vertex   2.200000e+01 6.300000e+01 1.450000e+01
      vertex   2.148236e+01 6.293185e+01 2.579167e+01
      vertex   2.148236e+01 6.293185e+01 3.708333e+01
    endloop
  endfacet
  facet normal -1.305262e-01 9.914449e-01 0.000000e+00
    outer loop
      vertex   2.200000e+01 6.300000e+01 1.450000e+01
      vertex   2.148236e+01 6.293185e+01 3.708333e+01
      vertex   2.148236e+01 6.293185e+01 4.837500e+01
    endloop
  endfacet
  facet normal -3.826834e-01 9.238795e-01 0.000000e+00
    outer loop
      vertex   2.148236e+01 6.293185e+01 4.837500e+01
      vertex   2.148236e+01 6.293185e+01 3.708333e+01
      vertex   2.100000e+01 6.273205e+01 4.837500e+01
    endloop
  endfacet
  facet normal -3.826834e-01 9.238795e-01 0.000000e+00
    outer loop
      vertex   2.148236e+01 6.293185e+01 4.837500e+01
      vertex   2.100000e+01 6.273205e+01 4.837500e+01
      vertex   2.100000e+01 6.273205e+01 5.966667e+01
    endloop
  endfacet
  facet normal -6.087614e-01 7.933533e-01 0.000000e+00
    outer loop
      vertex   2.100000e+01 6.273205e+01 5.966667e+01
      vertex   2.100000e+01 6.273205e+01 4.837500e+01
      vertex   2.058579e+01 6.241421e+01 5.966667e+01
    endloop
  endfacet
  facet normal -6.087614e-01 7.933533e-01 0.000000e+00
    outer loop
      vertex   2.100000e+01 6.273205e+01 5.966667e+01
      vertex   2.058579e+01 6.241421e+01 5.966667e+01
      vertex   2.058579e+01 6.241421e+01 7.095833e+01
    endloop
  endfacet
  facet normal -7.933533e-01 6.087614e-01 0.000000e+00
    outer loop
      vertex   2.058579e+01 6.241421e+01 7.095833e+01
      vertex   2.058579e+01 6.241421e+01 5.966667e+01
      vertex   2.026795e+01 6.200000e+01 7.095833e+01
    endloop
  endfacet
  facet normal -7.933533e-01 6.087614e-01 0.000000e+00
    outer loop
      vertex   2.058579e+01 6.241421e+01 7.095833e+01
      vertex   2.026795e+01 6.200000e+01 7.095833e+01
      vertex   2.026795e+01 6.200000e+01 8.225000e+01
    endloop
  endfacet
  facet normal -9.238795e-01 3.826834e-01 0.000000e+00
    outer loop
      vertex   2.026795e+01 6.200000e+01 8.225000e+01
      vertex   2.026795e+01 6.200000e+01 7.095833e+01
      vertex   2.006815e+01 6.151764e+01 8.225000e+01
    endloop
  endfacet
  facet normal -9.238795e-01 3.826834e-01 0.000000e+00
    outer loop
      vertex   2.026795e+01 6.200000e+01 8.225000e+01
      vertex   2.006815e+01 6.151764e+01 8.225000e+01
      vertex   2.006815e+01 6.151764e+01 9.354167e+01
    endloop
  endfacet
  facet normal -9.914449e-01 1.305262e-01 0.000000e+00
    outer loop
      vertex   2.006815e+01 6.151764e+01 9.354167e+01
      vertex   2.006815e+01 6.151764e+01 8.225000e+01
      vertex   2.000000e+01 6.100000e+01 1.500000e+02
    endloop
  endfacet
  facet normal -9.914449e-01 1.305262e-01 0.000000e+00
    outer loop
      vertex   2.006815e+01 6.151764e+01 9.354167e+01
      vertex   2.000000e+01 6.100000e+01 1.500000e+02
      vertex   2.006815e+01 6.151764e+01 1.048333e+02
    endloop
  endfacet
  facet normal -9.914449e-01 1.305262e-01 0.000000e+00
    outer loop
      vertex   2.006815e+01 6.151764e+01 1.048333e+02
      vertex   2.000000e+01 6.100000e+01 1.500000e+02
      vertex   2.006815e+01 6.151764e+01 1.161250e+02
    endloop
  endfacet
  facet normal -9.238795e-01 3.826834e-01 0.000000e+00
    outer loop
      vertex   2.006815e+01 6.151764e+01 1.048333e+02
      vertex   2.006815e+01 6.151764e+01 1.161250e+02
      vertex   2.026795e+01 6.200000e+01 1.048333e+02
    endloop
  endfacet
  facet normal -9.238795e-01 3.826834e-01 0.000000e+00
    outer loop
      vertex   2.026795e+01 6.200000e+01 1.048333e+02
      vertex   2.006815e+01 6.151764e+01 1.161250e+02
      vertex   2.026795e+01 6.200000e+01 1.161250e+02
    endloop
  endfacet
  facet normal -7.933533e-01 6.087614e-01 0.000000e+00
    outer loop
      vertex   2.026795e+01 6.200000e+01 1.048333e+02
      vertex   2.026795e+01 6.200000e+01 1.161250e+02
      vertex   2.058579e+01 6.241421e+01 1.048333e+02
    endloop
  endfacet
  facet normal -7.933533e-01 6.087614e-01 0.000000e+00
    outer loop
      vertex   2.058579e+01 6.241421e+01 1.048333e+02
      vertex   2.026795e+01 6.200000e+01 1.161250e+02
      vertex   2.058579e+01 6.241421e+01 1.161250e+02
    endloop
  endfacet
  facet normal -6.087614e-01 7.933533e-01 0.000000e+00
    outer loop
      vertex   2.058579e+01 6.241421e+01 1.048333e+02
      vertex   2.058579e+01 6.241421e+01 1.161250e+02
      vertex   2.100000e+01 6.273205e+01 1.048333e+02
    endloop
  endfacet
  facet normal -6.087614e-01 7.933533e-01 0.000000e+00
    outer loop
      vertex   2.100000e+01 6.273205e+01 1.048333e+02
      vertex   2.058579e+01 6.241421e+01 1.161250e+02
      vertex   2.100000e+01 6.273205e+01 1.161250e+02
    endloop
  endfacet
  facet normal -3.826834e-01 9.238795e-01 0.000000e+00
    outer loop
      vertex   2.100000e+01 6.273205e+01 1.048333e+02
      vertex   2.100000e+01 6.273205e+01 1.161250e+02
      vertex   2.148236e+01 6.293185e+01 1.048333e+02
    endloop
  endfacet
  facet normal -3.826834e-01 9.238795e-01 0.000000e+00
    outer loop
      vertex   2.148236e+01 6.293185e+01 1.048333e+02
      vertex   2.100000e+01 6.273205e+01 1.161250e+02
      vertex   2.148236e+01 6.293185e+01 1.161250e+02
    endloop
  endfacet
  facet normal -1.305262e-01 9.914449e-01 0.000000e+00
    outer loop
      vertex   2.148236e+01 6.293185e+01 1.048333e+02
      vertex   2.148236e+01 6.293185e+01 1.161250e+02
      vertex   2.200000e+01 6.300000e+01 1.500000e+02
    endloop
  endfacet
  facet normal -1.305262e-01 9.914449e-01 0.000000e+00
    outer loop
      vertex   2.200000e+01 6.300000e+01 1.500000e+02
      vertex   2.148236e+01 6.293185e+01 1.161250e+02
      vertex   2.148236e+01 6.293185e+01 1.274167e+02
    endloop
  endfacet
  facet normal -1.305262e-01 9.914449e-01 0.000000e+00
    outer loop
      vertex   2.200000e+01 6.300000e+01 1.500000e+02
      vertex   2.148236e+01 6.293185e+01 1.274167e+02
      vertex   2.148236e+01 6.293185e+01 1.387083e+02
    endloop
  endfacet
  facet normal -3.826834e-01 9.238795e-01 0.000000e+00
    outer loop
      vertex   2.148236e+01 6.293185e+01 1.387083e+02
      vertex   2.148236e+01 6.293185e+01 1.274167e+02
      vertex   2.100000e+01 6.273205e+01 1.387083e+02
    endloop
  endfacet
  facet normal -3.826834e-01 9.238795e-01 0.000000e+00
    outer loop
      vertex   2.148236e+01 6.293185e+01 1.387083e+02
      vertex   2.100000e+01 6.273205e+01 1.387083e+02
      vertex   2.100000e+01 6.273205e+01 1.500000e+02
    endloop
  endfacet
  facet normal -6.087614e-01 7.933533e-01 0.000000e+00
    outer loop
      vertex   2.100000e+01 6.273205e+01 1.500000e+02
      vertex   2.100000e+01 6.273205e+01 1.387083e+02
      vertex   2.058579e+01 6.241421e+01 1.500000e+02
    endloop
  endfacet
  facet normal -6.087614e-01 7.933533e-01 0.000000e+00
    outer loop
      vertex   2.058579e+01 6.241421e+01 1.500000e+02
      vertex   2.100000e+01 6.273205e+01 1.387083e+02
      vertex   2.058579e+01 6.241421e+01 1.387083e+02
    endloop
  endfacet
  facet normal -7.933533e-01 6.087614e-01 0.000000e+00
    outer loop
      vertex   2.058579e+01 6.241421e+01 1.500000e+02
      vertex   2.058579e+01 6.241421e+01 1.387083e+02
      vertex   2.026795e+01 6.200000e+01 1.500000e+02
    endloop
  endfacet
  facet normal -7.933533e-01 6.087614e-01 -2.496139e-16
    outer loop
      vertex   2.026795e+01 6.200000e+01 1.500000e+02
      vertex   2.058579e+01 6.241421e+01 1.387083e+02
      vertex   2.026795e+01 6.200000e+01 1.387083e+02
    endloop
  endfacet
  facet normal -9.238795e-01 3.826834e-01 -2.906816e-16
    outer loop
      vertex   2.026795e+01 6.200000e+01 1.500000e+02
      vertex   2.026795e+01 6.200000e+01 1.387083e+02
      vertex   2.006815e+01 6.151764e+01 1.500000e+02
    endloop
  endfacet
  facet normal -9.238795e-01 3.826834e-01 -2.906816e-16
    outer loop
      vertex   2.006815e+01 6.151764e+01 1.500000e+02
      vertex   2.026795e+01 6.200000e+01 1.387083e+02
      vertex   2.006815e+01 6.151764e+01 1.387083e+02
    endloop
  endfacet
  facet normal -9.914449e-01 1.305262e-01 -3.119398e-16
    outer loop
      vertex   2.006815e+01 6.151764e+01 1.500000e+02
      vertex   2.006815e+01 6.151764e+01 1.387083e+02
      vertex   2.000000e+01 6.100000e+01 1.500000e+02
    endloop
  endfacet
  facet normal -9.914449e-01 1.305262e-01 0.000000e+00
    outer loop
      vertex   2.000000e+01 6.100000e+01 1.500000e+02
      vertex   2.006815e+01 6.151764e+01 1.387083e+02
      vertex   2.006815e+01 6.151764e+01 1.274167e+02
    endloop
  endfacet
  facet normal -9.914449e-01 1.305262e-01 0.000000e+00
    outer loop
      vertex   2.000000e+01 6.100000e+01 1.500000e+02
      vertex   2.006815e+01 6.151764e+01 1.274167e+02
      vertex   2.006815e+01 6.151764e+01 1.161250e+02
    endloop
  endfacet
  facet normal -9.238795e-01 3.826834e-01 0.000000e+00
    outer loop
      vertex   2.006815e+01 6.151764e+01 1.161250e+02
      vertex   2.006815e+01 6.151764e+01 1.274167e+02
      vertex   2.026795e+01 6.200000e+01 1.161250e+02
    endloop
  endfacet
  facet normal -3.826834e-01 9.238795e-01 0.000000e+00
    outer loop
      vertex   2.148236e+01 6.293185e+01 2.579167e+01
      vertex   2.148236e+01 6.293185e+01 1.450000e+01
      vertex   2.100000e+01 6.273205e+01 2.579167e+01
    endloop
  endfacet
  facet normal -3.826834e-01 9.238795e-01 0.000000e+00
    outer loop
      vertex   2.100000e+01 6.273205e+01 2.579167e+01
      vertex   2.148236e+01 6.293185e+01 1.450000e+01
      vertex   2.100000e+01 6.273205e+01 1.450000e+01
    endloop
  endfacet
  facet normal -6.087614e-01 7.933533e-01 0.000000e+00
    outer loop
      vertex   2.100000e+01 6.273205e+01 2.579167e+01
      vertex   2.100000e+01 6.273205e+01 1.450000e+01
      vertex   2.058579e+01 6.241421e+01 2.579167e+01
    endloop
  endfacet
  facet normal -6.087614e-01 7.933533e-01 0.000000e+00
    outer loop
      vertex   2.058579e+01 6.241421e+01 2.579167e+01
      vertex   2.100000e+01 6.273205e+01 1.450000e+01
      vertex   2.058579e+01 6.241421e+01 1.450000e+01
    endloop
  endfacet
  facet normal -7.933533e-01 6.087614e-01 0.000000e+00
    outer loop
      vertex   2.058579e+01 6.241421e+01 2.579167e+01
      vertex   2.058579e+01 6.241421e+01 1.450000e+01
      vertex   2.026795e+01 6.200000e+01 2.579167e+01
    endloop
  endfacet
  facet normal -7.933533e-01 6.087614e-01 0.000000e+00
    outer loop
      vertex   2.026795e+01 6.200000e+01 2.579167e+01
      vertex   2.058579e+01 6.241421e+01 1.450000e+01
      vertex   2.026795e+01 6.200000e+01 1.450000e+01
    endloop
  endfacet
  facet normal -9.238795e-01 3.826834e-01 0.000000e+00
    outer loop
      vertex   2.026795e+01 6.200000e+01 2.579167e+01
      vertex   2.026795e+01 6.200000e+01 1.450000e+01
      vertex   2.006815e+01 6.151764e+01 2.579167e+01
    endloop
  endfacet
  facet normal -9.238795e-01 3.826834e-01 -2.906816e-16
    outer loop
      vertex   2.006815e+01 6.151764e+01 2.579167e+01
      vertex   2.026795e+01 6.200000e+01 1.450000e+01
      vertex   2.006815e+01 6.151764e+01 1.450000e+01
    endloop
  endfacet
  facet normal -9.914449e-01 1.305262e-01 -3.119398e-16
    outer loop
      vertex   2.006815e+01 6.151764e+01 2.579167e+01
      vertex   2.006815e+01 6.151764e+01 1.450000e+01
      vertex   2.000000e+01 6.100000e+01 1.450000e+01
    endloop
  endfacet
  facet normal -9.914449e-01 1.305262e-01 0.000000e+00
    outer loop
      vertex   2.000000e+01 6.100000e+01 1.500000e+02
      vertex   2.006815e+01 6.151764e+01 8.225000e+01
      vertex   2.000000e+01 6.100000e+01 1.450000e+01
    endloop
  endfacet
  facet normal -9.914449e-01 1.305262e-01 0.000000e+00
    outer loop
      vertex   2.000000e+01 6.100000e+01 1.450000e+01
      vertex   2.006815e+01 6.151764e+01 8.225000e+01
      vertex   2.006815e+01 6.151764e+01 7.095833e+01
    endloop
  endfacet
  facet normal -9.914449e-01 1.305262e-01 0.000000e+00
    outer loop
      vertex   2.000000e+01 6.100000e+01 1.450000e+01
      vertex   2.006815e+01 6.151764e+01 7.095833e+01
      vertex   2.006815e+01 6.151764e+01 5.966667e+01
    endloop
  endfacet
  facet normal -9.238795e-01 3.826834e-01 0.000000e+00
    outer loop
      vertex   2.006815e+01 6.151764e+01 5.966667e+01
      vertex   2.006815e+01 6.151764e+01 7.095833e+01
      vertex   2.026795e+01 6.200000e+01 5.966667e+01
    endloop
  endfacet
  facet normal -9.238795e-01 3.826834e-01 0.000000e+00
    outer loop
      vertex   2.006815e+01 6.151764e+01 5.966667e+01
      vertex   2.026795e+01 6.200000e+01 5.966667e+01
      vertex   2.026795e+01 6.200000e+01 4.837500e+01
    endloop
  endfacet
  facet normal -7.933533e-01 6.087614e-01 0.000000e+00
    outer loop
      vertex   2.026795e+01 6.200000e+01 4.837500e+01
      vertex   2.026795e+01 6.200000e+01 5.966667e+01
      vertex   2.058579e+01 6.241421e+01 4.837500e+01
    endloop
  endfacet
  facet normal -7.933533e-01 6.087614e-01 0.000000e+00
    outer loop
      vertex   2.026795e+01 6.200000e+01 4.837500e+01
      vertex   2.058579e+01 6.241421e+01 4.837500e+01
      vertex   2.058579e+01 6.241421e+01 3.708333e+01
    endloop
  endfacet
  facet normal -6.087614e-01 7.933533e-01 0.000000e+00
    outer loop
      vertex   2.058579e+01 6.241421e+01 3.708333e+01
      vertex   2.058579e+01 6.241421e+01 4.837500e+01
      vertex   2.100000e+01 6.273205e+01 3.708333e+01
    endloop
  endfacet
  facet normal -6.087614e-01 7.933533e-01 -1.930271e-16
    outer loop
      vertex   2.058579e+01 6.241421e+01 3.708333e+01
      vertex   2.100000e+01 6.273205e+01 3.708333e+01
      vertex   2.100000e+01 6.273205e+01 2.579167e+01
    endloop
  endfacet
  facet normal -3.826834e-01 9.238795e-01 -1.204043e-16
    outer loop
      vertex   2.100000e+01 6.273205e+01 2.579167e+01
      vertex   2.100000e+01 6.273205e+01 3.708333e+01
      vertex   2.148236e+01 6.293185e+01 2.579167e+01
    endloop
  endfacet
  facet normal -3.826834e-01 9.238795e-01 -1.162871e-15
    outer loop
      vertex   2.100000e+01 6.273205e+01 1.500000e+02
      vertex   2.148236e+01 6.293185e+01 1.500000e+02
      vertex   2.148236e+01 6.293185e+01 1.387083e+02
    endloop
  endfacet
  facet normal -1.305262e-01 9.914449e-01 -1.247759e-15
    outer loop
      vertex   2.148236e+01 6.293185e+01 1.387083e+02
      vertex   2.148236e+01 6.293185e+01 1.500000e+02
      vertex   2.200000e+01 6.300000e+01 1.500000e+02
    endloop
  endfacet
  facet normal -1.305262e-01 9.914449e-01 -6.844608e-18
    outer loop
      vertex   2.200000e+01 6.300000e+01 1.450000e+01
      vertex   2.148236e+01 6.293185e+01 8.225000e+01
      vertex   2.200000e+01 6.300000e+01 1.500000e+02
    endloop
  endfacet
  facet normal -1.305262e-01 9.914449e-01 -4.119482e-17
    outer loop
      vertex   2.200000e+01 6.300000e+01 1.500000e+02
      vertex   2.148236e+01 6.293185e+01 8.225000e+01
      vertex   2.148236e+01 6.293185e+01 9.354167e+01
    endloop
  endfacet
  facet normal -1.305262e-01 9.914449e-01 0.000000e+00
    outer loop
      vertex   2.200000e+01 6.300000e+01 1.500000e+02
      vertex   2.148236e+01 6.293185e+01 9.354167e+01
      vertex   2.148236e+01 6.293185e+01 1.048333e+02
    endloop
  endfacet
  facet normal -3.826834e-01 9.238795e-01 0.000000e+00
    outer loop
      vertex   2.148236e+01 6.293185e+01 1.048333e+02
      vertex   2.148236e+01 6.293185e+01 9.354167e+01
      vertex   2.100000e+01 6.273205e+01 1.048333e+02
    endloop
  endfacet
  facet normal -3.826834e-01 9.238795e-01 0.000000e+00
    outer loop
      vertex   2.100000e+01 6.273205e+01 4.837500e+01
      vertex   2.148236e+01 6.293185e+01 3.708333e+01
      vertex   2.100000e+01 6.273205e+01 3.708333e+01
    endloop
  endfacet
  facet normal -3.826834e-01 9.238795e-01 0.000000e+00
    outer loop
      vertex   2.100000e+01 6.273205e+01 3.708333e+01
      vertex   2.148236e+01 6.293185e+01 3.708333e+01
      vertex   2.148236e+01 6.293185e+01 2.579167e+01
    endloop
  endfacet
  facet normal -1.305262e-01 9.914449e-01 0.000000e+00
    outer loop
      vertex   2.148236e+01 6.293185e+01 4.837500e+01
      vertex   2.148236e+01 6.293185e+01 5.966667e+01
      vertex   2.200000e+01 6.300000e+01 1.450000e+01
    endloop
  endfacet
  facet normal -1.305262e-01 9.914449e-01 0.000000e+00
    outer loop
      vertex   2.200000e+01 6.300000e+01 1.450000e+01
      vertex   2.148236e+01 6.293185e+01 5.966667e+01
      vertex   2.148236e+01 6.293185e+01 7.095833e+01
    endloop
  endfacet
  facet normal -1.305262e-01 9.914449e-01 0.000000e+00
    outer loop
      vertex   2.200000e+01 6.300000e+01 1.450000e+01
      vertex   2.148236e+01 6.293185e+01 7.095833e+01
      vertex   2.148236e+01 6.293185e+01 8.225000e+01
    endloop
  endfacet
  facet normal -3.826834e-01 9.238795e-01 0.000000e+00
    outer loop
      vertex   2.148236e+01 6.293185e+01 8.225000e+01
      vertex   2.148236e+01 6.293185e+01 7.095833e+01
      vertex   2.100000e+01 6.273205e+01 8.225000e+01
    endloop
  endfacet
  facet normal -3.826834e-01 9.238795e-01 0.000000e+00
    outer loop
      vertex   2.148236e+01 6.293185e+01 8.225000e+01
      vertex   2.100000e+01 6.273205e+01 8.225000e+01
      vertex   2.100000e+01 6.273205e+01 9.354167e+01
    endloop
  endfacet
  facet normal -6.087614e-01 7.933533e-01 0.000000e+00
    outer loop
      vertex   2.100000e+01 6.273205e+01 9.354167e+01
      vertex   2.100000e+01 6.273205e+01 8.225000e+01
      vertex   2.058579e+01 6.241421e+01 9.354167e+01
    endloop
  endfacet
  facet normal -6.087614e-01 7.933533e-01 0.000000e+00
    outer loop
      vertex   2.100000e+01 6.273205e+01 9.354167e+01
      vertex   2.058579e+01 6.241421e+01 9.354167e+01
      vertex   2.058579e+01 6.241421e+01 1.048333e+02
    endloop
  endfacet
  facet normal -7.933533e-01 6.087614e-01 0.000000e+00
    outer loop
      vertex   2.058579e+01 6.241421e+01 1.048333e+02
      vertex   2.058579e+01 6.241421e+01 9.354167e+01
      vertex   2.026795e+01 6.200000e+01 1.048333e+02
    endloop
  endfacet
  facet normal -3.826834e-01 9.238795e-01 0.000000e+00
    outer loop
      vertex   2.148236e+01 6.293185e+01 4.837500e+01
      vertex   2.100000e+01 6.273205e+01 5.966667e+01
      vertex   2.148236e+01 6.293185e+01 5.966667e+01
    endloop
  endfacet
  facet normal -3.826834e-01 9.238795e-01 0.000000e+00
    outer loop
      vertex   2.148236e+01 6.293185e+01 5.966667e+01
      vertex   2.100000e+01 6.273205e+01 5.966667e+01
      vertex   2.100000e+01 6.273205e+01 7.095833e+01
    endloop
  endfacet
  facet normal -3.826834e-01 9.238795e-01 0.000000e+00
    outer loop
      vertex   2.148236e+01 6.293185e+01 5.966667e+01
      vertex   2.100000e+01 6.273205e+01 7.095833e+01
      vertex   2.148236e+01 6.293185e+01 7.095833e+01
    endloop
  endfacet
  facet normal -3.826834e-01 9.238795e-01 0.000000e+00
    outer loop
      vertex   2.148236e+01 6.293185e+01 7.095833e+01
      vertex   2.100000e+01 6.273205e+01 7.095833e+01
      vertex   2.100000e+01 6.273205e+01 8.225000e+01
    endloop
  endfacet
  facet normal -3.826834e-01 9.238795e-01 0.000000e+00
    outer loop
      vertex   2.100000e+01 6.273205e+01 1.048333e+02
      vertex   2.148236e+01 6.293185e+01 9.354167e+01
      vertex   2.100000e+01 6.273205e+01 9.354167e+01
    endloop
  endfacet
  facet normal -3.826834e-01 9.238795e-01 -1.200535e-16
    outer loop
      vertex   2.100000e+01 6.273205e+01 9.354167e+01
      vertex   2.148236e+01 6.293185e+01 9.354167e+01
      vertex   2.148236e+01 6.293185e+01 8.225000e+01
    endloop
  endfacet
  facet normal -3.826834e-01 9.238795e-01 0.000000e+00
    outer loop
      vertex   2.148236e+01 6.293185e+01 1.274167e+02
      vertex   2.148236e+01 6.293185e+01 1.161250e+02
      vertex   2.100000e+01 6.273205e+01 1.274167e+02
    endloop
  endfacet
  facet normal -3.826834e-01 9.238795e-01 0.000000e+00
    outer loop
      vertex   2.100000e+01 6.273205e+01 1.274167e+02
      vertex   2.148236e+01 6.293185e+01 1.161250e+02
      vertex   2.100000e+01 6.273205e+01 1.161250e+02
    endloop
  endfacet
  facet normal -6.087614e-01 7.933533e-01 0.000000e+00
    outer loop
      vertex   2.100000e+01 6.273205e+01 1.274167e+02
      vertex   2.100000e+01 6.273205e+01 1.161250e+02
      vertex   2.058579e+01 6.241421e+01 1.274167e+02
    endloop
  endfacet
  facet normal -6.087614e-01 7.933533e-01 -1.915355e-16
    outer loop
      vertex   2.058579e+01 6.241421e+01 1.274167e+02
      vertex   2.100000e+01 6.273205e+01 1.161250e+02
      vertex   2.058579e+01 6.241421e+01 1.161250e+02
    endloop
  endfacet
  facet normal -7.933533e-01 6.087614e-01 -2.496139e-16
    outer loop
      vertex   2.058579e+01 6.241421e+01 1.274167e+02
      vertex   2.058579e+01 6.241421e+01 1.161250e+02
      vertex   2.026795e+01 6.200000e+01 1.274167e+02
    endloop
  endfacet
  facet normal -7.933533e-01 6.087614e-01 0.000000e+00
    outer loop
      vertex   2.026795e+01 6.200000e+01 1.274167e+02
      vertex   2.058579e+01 6.241421e+01 1.161250e+02
      vertex   2.026795e+01 6.200000e+01 1.161250e+02
    endloop
  endfacet
  facet normal -9.238795e-01 3.826834e-01 0.000000e+00
    outer loop
      vertex   2.026795e+01 6.200000e+01 1.274167e+02
      vertex   2.026795e+01 6.200000e+01 1.161250e+02
      vertex   2.006815e+01 6.151764e+01 1.274167e+02
    endloop
  endfacet
  facet normal -6.087614e-01 7.933533e-01 0.000000e+00
    outer loop
      vertex   2.058579e+01 6.241421e+01 3.708333e+01
      vertex   2.100000e+01 6.273205e+01 2.579167e+01
      vertex   2.058579e+01 6.241421e+01 2.579167e+01
    endloop
  endfacet
  facet normal -6.087614e-01 7.933533e-01 0.000000e+00
    outer loop
      vertex   2.058579e+01 6.241421e+01 5.966667e+01
      vertex   2.100000e+01 6.273205e+01 4.837500e+01
      vertex   2.058579e+01 6.241421e+01 4.837500e+01
    endloop
  endfacet
  facet normal -6.087614e-01 7.933533e-01 0.000000e+00
    outer loop
      vertex   2.058579e+01 6.241421e+01 4.837500e+01
      vertex   2.100000e+01 6.273205e+01 4.837500e+01
      vertex   2.100000e+01 6.273205e+01 3.708333e+01
    endloop
  endfacet
  facet normal -6.087614e-01 7.933533e-01 0.000000e+00
    outer loop
      vertex   2.100000e+01 6.273205e+01 5.966667e+01
      vertex   2.058579e+01 6.241421e+01 7.095833e+01
      vertex   2.100000e+01 6.273205e+01 7.095833e+01
    endloop
  endfacet
  facet normal -6.087614e-01 7.933533e-01 0.000000e+00
    outer loop
      vertex   2.100000e+01 6.273205e+01 7.095833e+01
      vertex   2.058579e+01 6.241421e+01 7.095833e+01
      vertex   2.058579e+01 6.241421e+01 8.225000e+01
    endloop
  endfacet
  facet normal -6.087614e-01 7.933533e-01 0.000000e+00
    outer loop
      vertex   2.100000e+01 6.273205e+01 7.095833e+01
      vertex   2.058579e+01 6.241421e+01 8.225000e+01
      vertex   2.100000e+01 6.273205e+01 8.225000e+01
    endloop
  endfacet
  facet normal -6.087614e-01 7.933533e-01 0.000000e+00
    outer loop
      vertex   2.100000e+01 6.273205e+01 8.225000e+01
      vertex   2.058579e+01 6.241421e+01 8.225000e+01
      vertex   2.058579e+01 6.241421e+01 9.354167e+01
    endloop
  endfacet
  facet normal -6.087614e-01 7.933533e-01 0.000000e+00
    outer loop
      vertex   2.058579e+01 6.241421e+01 1.048333e+02
      vertex   2.100000e+01 6.273205e+01 1.048333e+02
      vertex   2.100000e+01 6.273205e+01 9.354167e+01
    endloop
  endfacet
  facet normal -6.087614e-01 7.933533e-01 -3.860543e-16
    outer loop
      vertex   2.058579e+01 6.241421e+01 1.387083e+02
      vertex   2.100000e+01 6.273205e+01 1.387083e+02
      vertex   2.100000e+01 6.273205e+01 1.274167e+02
    endloop
  endfacet
  facet normal -3.826834e-01 9.238795e-01 -2.408085e-16
    outer loop
      vertex   2.100000e+01 6.273205e+01 1.274167e+02
      vertex   2.100000e+01 6.273205e+01 1.387083e+02
      vertex   2.148236e+01 6.293185e+01 1.274167e+02
    endloop
  endfacet
  facet normal -6.087614e-01 7.933533e-01 0.000000e+00
    outer loop
      vertex   2.058579e+01 6.241421e+01 1.387083e+02
      vertex   2.100000e+01 6.273205e+01 1.274167e+02
      vertex   2.058579e+01 6.241421e+01 1.274167e+02
    endloop
  endfacet
  facet normal -7.933533e-01 6.087614e-01 0.000000e+00
    outer loop
      vertex   2.058579e+01 6.241421e+01 3.708333e+01
      vertex   2.058579e+01 6.241421e+01 2.579167e+01
      vertex   2.026795e+01 6.200000e+01 3.708333e+01
    endloop
  endfacet
  facet normal -7.933533e-01 6.087614e-01 0.000000e+00
    outer loop
      vertex   2.026795e+01 6.200000e+01 3.708333e+01
      vertex   2.058579e+01 6.241421e+01 2.579167e+01
      vertex   2.026795e+01 6.200000e+01 2.579167e+01
    endloop
  endfacet
  facet normal -9.238795e-01 3.826834e-01 0.000000e+00
    outer loop
      vertex   2.026795e+01 6.200000e+01 3.708333e+01
      vertex   2.026795e+01 6.200000e+01 2.579167e+01
      vertex   2.006815e+01 6.151764e+01 3.708333e+01
    endloop
  endfacet
  facet normal -9.238795e-01 3.826834e-01 0.000000e+00
    outer loop
      vertex   2.006815e+01 6.151764e+01 3.708333e+01
      vertex   2.026795e+01 6.200000e+01 2.579167e+01
      vertex   2.006815e+01 6.151764e+01 2.579167e+01
    endloop
  endfacet
  facet normal -9.914449e-01 1.305262e-01 0.000000e+00
    outer loop
      vertex   2.006815e+01 6.151764e+01 3.708333e+01
      vertex   2.006815e+01 6.151764e+01 2.579167e+01
      vertex   2.000000e+01 6.100000e+01 1.450000e+01
    endloop
  endfacet
  facet normal -7.933533e-01 6.087614e-01 0.000000e+00
    outer loop
      vertex   2.026795e+01 6.200000e+01 7.095833e+01
      vertex   2.058579e+01 6.241421e+01 5.966667e+01
      vertex   2.026795e+01 6.200000e+01 5.966667e+01
    endloop
  endfacet
  facet normal -7.933533e-01 6.087614e-01 0.000000e+00
    outer loop
      vertex   2.026795e+01 6.200000e+01 5.966667e+01
      vertex   2.058579e+01 6.241421e+01 5.966667e+01
      vertex   2.058579e+01 6.241421e+01 4.837500e+01
    endloop
  endfacet
  facet normal -7.933533e-01 6.087614e-01 0.000000e+00
    outer loop
      vertex   2.058579e+01 6.241421e+01 7.095833e+01
      vertex   2.026795e+01 6.200000e+01 8.225000e+01
      vertex   2.058579e+01 6.241421e+01 8.225000e+01
    endloop
  endfacet
  facet normal -7.933533e-01 6.087614e-01 0.000000e+00
    outer loop
      vertex   2.058579e+01 6.241421e+01 8.225000e+01
      vertex   2.026795e+01 6.200000e+01 8.225000e+01
      vertex   2.026795e+01 6.200000e+01 9.354167e+01
    endloop
  endfacet
  facet normal -7.933533e-01 6.087614e-01 0.000000e+00
    outer loop
      vertex   2.058579e+01 6.241421e+01 8.225000e+01
      vertex   2.026795e+01 6.200000e+01 9.354167e+01
      vertex   2.058579e+01 6.241421e+01 9.354167e+01
    endloop
  endfacet
  facet normal -7.933533e-01 6.087614e-01 0.000000e+00
    outer loop
      vertex   2.058579e+01 6.241421e+01 9.354167e+01
      vertex   2.026795e+01 6.200000e+01 9.354167e+01
      vertex   2.026795e+01 6.200000e+01 1.048333e+02
    endloop
  endfacet
  facet normal -7.933533e-01 6.087614e-01 0.000000e+00
    outer loop
      vertex   2.026795e+01 6.200000e+01 1.387083e+02
      vertex   2.058579e+01 6.241421e+01 1.387083e+02
      vertex   2.058579e+01 6.241421e+01 1.274167e+02
    endloop
  endfacet
  facet normal -7.933533e-01 6.087614e-01 0.000000e+00
    outer loop
      vertex   2.026795e+01 6.200000e+01 1.387083e+02
      vertex   2.058579e+01 6.241421e+01 1.274167e+02
      vertex   2.026795e+01 6.200000e+01 1.274167e+02
    endloop
  endfacet
  facet normal -7.933533e-01 6.087614e-01 0.000000e+00
    outer loop
      vertex   2.058579e+01 6.241421e+01 3.708333e+01
      vertex   2.026795e+01 6.200000e+01 3.708333e+01
      vertex   2.026795e+01 6.200000e+01 4.837500e+01
    endloop
  endfacet
  facet normal -9.238795e-01 3.826834e-01 0.000000e+00
    outer loop
      vertex   2.026795e+01 6.200000e+01 4.837500e+01
      vertex   2.026795e+01 6.200000e+01 3.708333e+01
      vertex   2.006815e+01 6.151764e+01 4.837500e+01
    endloop
  endfacet
  facet normal -9.238795e-01 3.826834e-01 0.000000e+00
    outer loop
      vertex   2.026795e+01 6.200000e+01 4.837500e+01
      vertex   2.006815e+01 6.151764e+01 4.837500e+01
      vertex   2.006815e+01 6.151764e+01 5.966667e+01
    endloop
  endfacet
  facet normal -9.914449e-01 1.305262e-01 0.000000e+00
    outer loop
      vertex   2.006815e+01 6.151764e+01 5.966667e+01
      vertex   2.006815e+01 6.151764e+01 4.837500e+01
      vertex   2.000000e+01 6.100000e+01 1.450000e+01
    endloop
  endfacet
  facet normal -9.238795e-01 3.826834e-01 0.000000e+00
    outer loop
      vertex   2.006815e+01 6.151764e+01 4.837500e+01
      vertex   2.026795e+01 6.200000e+01 3.708333e+01
      vertex   2.006815e+01 6.151764e+01 3.708333e+01
    endloop
  endfacet
  facet normal -9.238795e-01 3.826834e-01 0.000000e+00
    outer loop
      vertex   2.006815e+01 6.151764e+01 8.225000e+01
      vertex   2.026795e+01 6.200000e+01 7.095833e+01
      vertex   2.006815e+01 6.151764e+01 7.095833e+01
    endloop
  endfacet
  facet normal -9.238795e-01 3.826834e-01 0.000000e+00
    outer loop
      vertex   2.006815e+01 6.151764e+01 7.095833e+01
      vertex   2.026795e+01 6.200000e+01 7.095833e+01
      vertex   2.026795e+01 6.200000e+01 5.966667e+01
    endloop
  endfacet
  facet normal -9.238795e-01 3.826834e-01 0.000000e+00
    outer loop
      vertex   2.006815e+01 6.151764e+01 1.048333e+02
      vertex   2.026795e+01 6.200000e+01 1.048333e+02
      vertex   2.026795e+01 6.200000e+01 9.354167e+01
    endloop
  endfacet
  facet normal -9.238795e-01 3.826834e-01 0.000000e+00
    outer loop
      vertex   2.006815e+01 6.151764e+01 1.048333e+02
      vertex   2.026795e+01 6.200000e+01 9.354167e+01
      vertex   2.006815e+01 6.151764e+01 9.354167e+01
    endloop
  endfacet
  facet normal -9.238795e-01 3.826834e-01 0.000000e+00
    outer loop
      vertex   2.006815e+01 6.151764e+01 9.354167e+01
      vertex   2.026795e+01 6.200000e+01 9.354167e+01
      vertex   2.026795e+01 6.200000e+01 8.225000e+01
    endloop
  endfacet
  facet normal -9.238795e-01 3.826834e-01 0.000000e+00
    outer loop
      vertex   2.006815e+01 6.151764e+01 1.387083e+02
      vertex   2.026795e+01 6.200000e+01 1.387083e+02
      vertex   2.026795e+01 6.200000e+01 1.274167e+02
    endloop
  endfacet
  facet normal -9.238795e-01 3.826834e-01 0.000000e+00
    outer loop
      vertex   2.006815e+01 6.151764e+01 1.387083e+02
      vertex   2.026795e+01 6.200000e+01 1.274167e+02
      vertex   2.006815e+01 6.151764e+01 1.274167e+02
    endloop
  endfacet
  facet normal -9.914449e-01 1.305262e-01 0.000000e+00
    outer loop
      vertex   2.000000e+01 6.100000e+01 1.450000e+01
      vertex   2.006815e+01 6.151764e+01 4.837500e+01
      vertex   2.006815e+01 6.151764e+01 3.708333e+01
    endloop
  endfacet
  facet normal 0.000000e+00 1.000000e+00 -0.000000e+00
    outer loop
      vertex   3.600000e+01 6.300000e+01 1.450000e+01
      vertex   2.200000e+01 6.300000e+01 1.450000e+01
      vertex   3.600000e+01 6.300000e+01 1.500000e+02
    endloop
  endfacet
  facet normal 0.000000e+00 1.000000e+00 0.000000e+00
    outer loop
      vertex   3.600000e+01 6.300000e+01 1.500000e+02
      vertex   2.200000e+01 6.300000e+01 1.450000e+01
      vertex   2.200000e+01 6.300000e+01 1.500000e+02
    endloop
  endfacet
  facet normal 7.074172e-01 -7.029244e-01 7.388033e-02
    outer loop
      vertex   3.750000e+01 3.905931e+01 4.713717e+01
      vertex   3.800000e+01 3.955481e+01 4.706396e+01
      vertex   3.750000e+01 3.915000e+01 4.800000e+01
    endloop
  endfacet
  facet normal 7.052858e-01 -7.052858e-01 7.172056e-02
    outer loop
      vertex   3.750000e+01 3.915000e+01 4.800000e+01
      vertex   3.800000e+01 3.955481e+01 4.706396e+01
      vertex   3.800000e+01 3.965000e+01 4.800000e+01
    endloop
  endfacet
  facet normal 7.052858e-01 -7.052858e-01 -7.172056e-02
    outer loop
      vertex   3.750000e+01 3.915000e+01 4.800000e+01
      vertex   3.800000e+01 3.965000e+01 4.800000e+01
      vertex   3.800000e+01 3.955481e+01 4.893604e+01
    endloop
  endfacet
  facet normal 7.033237e-01 -6.782687e-01 2.128082e-01
    outer loop
      vertex   3.800000e+01 3.955481e+01 4.706396e+01
      vertex   3.750000e+01 3.905931e+01 4.713717e+01
      vertex   3.800000e+01 3.927315e+01 4.616625e+01
    endloop
  endfacet
  facet normal 7.095031e-01 -6.702117e-01 2.177650e-01
    outer loop
      vertex   3.800000e+01 3.927315e+01 4.616625e+01
      vertex   3.750000e+01 3.905931e+01 4.713717e+01
      vertex   3.750000e+01 3.879121e+01 4.631204e+01
    endloop
  endfacet
  facet normal 7.014819e-01 -6.231357e-01 3.458685e-01
    outer loop
      vertex   3.800000e+01 3.927315e+01 4.616625e+01
      vertex   3.750000e+01 3.879121e+01 4.631204e+01
      vertex   3.800000e+01 3.881655e+01 4.534360e+01
    endloop
  endfacet
  facet normal 7.114239e-01 -6.086107e-01 3.513816e-01
    outer loop
      vertex   3.800000e+01 3.881655e+01 4.534360e+01
      vertex   3.750000e+01 3.879121e+01 4.631204e+01
      vertex   3.750000e+01 3.835742e+01 4.556069e+01
    endloop
  endfacet
  facet normal 6.997636e-01 -5.420375e-01 4.653239e-01
    outer loop
      vertex   3.800000e+01 3.881655e+01 4.534360e+01
      vertex   3.750000e+01 3.835742e+01 4.556069e+01
      vertex   3.800000e+01 3.820370e+01 4.462971e+01
    endloop
  endfacet
  facet normal 7.131833e-01 -5.209279e-01 4.690456e-01
    outer loop
      vertex   3.800000e+01 3.820370e+01 4.462971e+01
      vertex   3.750000e+01 3.835742e+01 4.556069e+01
      vertex   3.750000e+01 3.777689e+01 4.491595e+01
    endloop
  endfacet
  facet normal 6.981716e-01 -4.382253e-01 5.661404e-01
    outer loop
      vertex   3.800000e+01 3.820370e+01 4.462971e+01
      vertex   3.750000e+01 3.777689e+01 4.491595e+01
      vertex   3.800000e+01 3.745968e+01 4.405380e+01
    endloop
  endfacet
  facet normal 7.147846e-01 -4.110645e-01 5.657818e-01
    outer loop
      vertex   3.800000e+01 3.745968e+01 4.405380e+01
      vertex   3.750000e+01 3.777689e+01 4.491595e+01
      vertex   3.750000e+01 3.707500e+01 4.440599e+01
    endloop
  endfacet
  facet normal 6.967088e-01 -3.159185e-01 6.440438e-01
    outer loop
      vertex   3.800000e+01 3.745968e+01 4.405380e+01
      vertex   3.750000e+01 3.707500e+01 4.440599e+01
      vertex   3.800000e+01 3.661497e+01 4.363945e+01
    endloop
  endfacet
  facet normal 7.162308e-01 -2.838467e-01 6.375300e-01
    outer loop
      vertex   3.800000e+01 3.661497e+01 4.363945e+01
      vertex   3.750000e+01 3.707500e+01 4.440599e+01
      vertex   3.750000e+01 3.628242e+01 4.405312e+01
    endloop
  endfacet
  facet normal 6.953775e-01 -1.801301e-01 6.957034e-01
    outer loop
      vertex   3.800000e+01 3.661497e+01 4.363945e+01
      vertex   3.750000e+01 3.628242e+01 4.405312e+01
      vertex   3.800000e+01 3.570414e+01 4.340362e+01
    endloop
  endfacet
  facet normal 7.175247e-01 -1.448174e-01 6.813121e-01
    outer loop
      vertex   3.800000e+01 3.570414e+01 4.340362e+01
      vertex   3.750000e+01 3.628242e+01 4.405312e+01
      vertex   3.750000e+01 3.543379e+01 4.387273e+01
    endloop
  endfacet
  facet normal 6.941801e-01 -3.645734e-02 7.188775e-01
    outer loop
      vertex   3.800000e+01 3.570414e+01 4.340362e+01
      vertex   3.750000e+01 3.543379e+01 4.387273e+01
      vertex   3.800000e+01 3.476448e+01 4.335597e+01
    endloop
  endfacet
  facet normal 7.186689e-01 0.000000e+00 6.953525e-01
    outer loop
      vertex   3.800000e+01 3.476448e+01 4.335597e+01
      vertex   3.750000e+01 3.543379e+01 4.387273e+01
      vertex   3.750000e+01 3.456621e+01 4.387273e+01
    endloop
  endfacet
  facet normal 6.931186e-01 1.091527e-01 7.125112e-01
    outer loop
      vertex   3.800000e+01 3.476448e+01 4.335597e+01
      vertex   3.750000e+01 3.456621e+01 4.387273e+01
      vertex   3.800000e+01 3.383447e+01 4.349844e+01
    endloop
  endfacet
  facet normal 7.196653e-01 1.443575e-01 6.791485e-01
    outer loop
      vertex   3.800000e+01 3.383447e+01 4.349844e+01
      vertex   3.750000e+01 3.456621e+01 4.387273e+01
      vertex   3.750000e+01 3.371758e+01 4.405312e+01
    endloop
  endfacet
  facet normal 6.921949e-01 2.506539e-01 6.767857e-01
    outer loop
      vertex   3.800000e+01 3.383447e+01 4.349844e+01
      vertex   3.750000e+01 3.371758e+01 4.405312e+01
      vertex   3.800000e+01 3.295217e+01 4.382521e+01
    endloop
  endfacet
  facet normal 7.205160e-01 2.820468e-01 6.334874e-01
    outer loop
      vertex   3.800000e+01 3.295217e+01 4.382521e+01
      vertex   3.750000e+01 3.371758e+01 4.405312e+01
      vertex   3.750000e+01 3.292500e+01 4.440599e+01
    endloop
  endfacet
  facet normal 6.914106e-01 3.821564e-01 6.131133e-01
    outer loop
      vertex   3.800000e+01 3.295217e+01 4.382521e+01
      vertex   3.750000e+01 3.292500e+01 4.440599e+01
      vertex   3.800000e+01 3.215371e+01 4.432289e+01
    endloop
  endfacet
  facet normal 7.212225e-01 4.071609e-01 5.604089e-01
    outer loop
      vertex   3.800000e+01 3.215371e+01 4.432289e+01
      vertex   3.750000e+01 3.292500e+01 4.440599e+01
      vertex   3.750000e+01 3.222311e+01 4.491595e+01
    endloop
  endfacet
  facet normal 6.907670e-01 4.981764e-01 5.240813e-01
    outer loop
      vertex   3.800000e+01 3.215371e+01 4.432289e+01
      vertex   3.750000e+01 3.222311e+01 4.491595e+01
      vertex   3.800000e+01 3.147177e+01 4.497112e+01
    endloop
  endfacet
  facet normal 7.217861e-01 5.143426e-01 4.631161e-01
    outer loop
      vertex   3.800000e+01 3.147177e+01 4.497112e+01
      vertex   3.750000e+01 3.222311e+01 4.491595e+01
      vertex   3.750000e+01 3.164258e+01 4.556069e+01
    endloop
  endfacet
  facet normal 6.902652e-01 5.938687e-01 4.133448e-01
    outer loop
      vertex   3.800000e+01 3.147177e+01 4.497112e+01
      vertex   3.750000e+01 3.164258e+01 4.556069e+01
      vertex   3.800000e+01 3.093429e+01 4.574335e+01
    endloop
  endfacet
  facet normal 7.222079e-01 5.990091e-01 3.458380e-01
    outer loop
      vertex   3.800000e+01 3.093429e+01 4.574335e+01
      vertex   3.750000e+01 3.164258e+01 4.556069e+01
      vertex   3.750000e+01 3.120879e+01 4.631204e+01
    endloop
  endfacet
  facet normal 6.899062e-01 6.652324e-01 2.854737e-01
    outer loop
      vertex   3.800000e+01 3.093429e+01 4.574335e+01
      vertex   3.750000e+01 3.120879e+01 4.631204e+01
      vertex   3.800000e+01 3.056325e+01 4.660796e+01
    endloop
  endfacet
  facet normal 7.224886e-01 6.575441e-01 2.136490e-01
    outer loop
      vertex   3.800000e+01 3.056325e+01 4.660796e+01
      vertex   3.750000e+01 3.120879e+01 4.631204e+01
      vertex   3.750000e+01 3.094069e+01 4.713717e+01
    endloop
  endfacet
  facet normal 6.896906e-01 7.092818e-01 1.457611e-01
    outer loop
      vertex   3.800000e+01 3.056325e+01 4.660796e+01
      vertex   3.750000e+01 3.094069e+01 4.713717e+01
      vertex   3.800000e+01 3.037386e+01 4.752957e+01
    endloop
  endfacet
  facet normal 7.226289e-01 6.874496e-01 7.225386e-02
    outer loop
      vertex   3.800000e+01 3.037386e+01 4.752957e+01
      vertex   3.750000e+01 3.094069e+01 4.713717e+01
      vertex   3.750000e+01 3.085000e+01 4.800000e+01
    endloop
  endfacet
  facet normal 6.896186e-01 7.241727e-01 -0.000000e+00
    outer loop
      vertex   3.800000e+01 3.037386e+01 4.752957e+01
      vertex   3.750000e+01 3.085000e+01 4.800000e+01
      vertex   3.800000e+01 3.037386e+01 4.847043e+01
    endloop
  endfacet
  facet normal 7.226289e-01 6.874496e-01 -7.225386e-02
    outer loop
      vertex   3.800000e+01 3.037386e+01 4.847043e+01
      vertex   3.750000e+01 3.085000e+01 4.800000e+01
      vertex   3.750000e+01 3.094069e+01 4.886283e+01
    endloop
  endfacet
  facet normal 6.896906e-01 7.092818e-01 -1.457611e-01
    outer loop
      vertex   3.800000e+01 3.037386e+01 4.847043e+01
      vertex   3.750000e+01 3.094069e+01 4.886283e+01
      vertex   3.800000e+01 3.056325e+01 4.939204e+01
    endloop
  endfacet
  facet normal 7.224886e-01 6.575441e-01 -2.136490e-01
    outer loop
      vertex   3.800000e+01 3.056325e+01 4.939204e+01
      vertex   3.750000e+01 3.094069e+01 4.886283e+01
      vertex   3.750000e+01 3.120879e+01 4.968796e+01
    endloop
  endfacet
  facet normal 6.899062e-01 6.652324e-01 -2.854737e-01
    outer loop
      vertex   3.800000e+01 3.056325e+01 4.939204e+01
      vertex   3.750000e+01 3.120879e+01 4.968796e+01
      vertex   3.800000e+01 3.093429e+01 5.025665e+01
    endloop
  endfacet
  facet normal 7.222079e-01 5.990091e-01 -3.458380e-01
    outer loop
      vertex   3.800000e+01 3.093429e+01 5.025665e+01
      vertex   3.750000e+01 3.120879e+01 4.968796e+01
      vertex   3.750000e+01 3.164258e+01 5.043931e+01
    endloop
  endfacet
  facet normal 6.902652e-01 5.938687e-01 -4.133448e-01
    outer loop
      vertex   3.800000e+01 3.093429e+01 5.025665e+01
      vertex   3.750000e+01 3.164258e+01 5.043931e+01
      vertex   3.800000e+01 3.147177e+01 5.102888e+01
    endloop
  endfacet
  facet normal 7.217861e-01 5.143426e-01 -4.631161e-01
    outer loop
      vertex   3.800000e+01 3.147177e+01 5.102888e+01
      vertex   3.750000e+01 3.164258e+01 5.043931e+01
      vertex   3.750000e+01 3.222311e+01 5.108405e+01
    endloop
  endfacet
  facet normal 6.907670e-01 4.981764e-01 -5.240813e-01
    outer loop
      vertex   3.800000e+01 3.147177e+01 5.102888e+01
      vertex   3.750000e+01 3.222311e+01 5.108405e+01
      vertex   3.800000e+01 3.215371e+01 5.167711e+01
    endloop
  endfacet
  facet normal 7.212225e-01 4.071609e-01 -5.604089e-01
    outer loop
      vertex   3.800000e+01 3.215371e+01 5.167711e+01
      vertex   3.750000e+01 3.222311e+01 5.108405e+01
      vertex   3.750000e+01 3.292500e+01 5.159401e+01
    endloop
  endfacet
  facet normal 6.914106e-01 3.821564e-01 -6.131133e-01
    outer loop
      vertex   3.800000e+01 3.215371e+01 5.167711e+01
      vertex   3.750000e+01 3.292500e+01 5.159401e+01
      vertex   3.800000e+01 3.295217e+01 5.217479e+01
    endloop
  endfacet
  facet normal 7.205160e-01 2.820468e-01 -6.334874e-01
    outer loop
      vertex   3.800000e+01 3.295217e+01 5.217479e+01
      vertex   3.750000e+01 3.292500e+01 5.159401e+01
      vertex   3.750000e+01 3.371758e+01 5.194688e+01
    endloop
  endfacet
  facet normal 6.921949e-01 2.506539e-01 -6.767857e-01
    outer loop
      vertex   3.800000e+01 3.295217e+01 5.217479e+01
      vertex   3.750000e+01 3.371758e+01 5.194688e+01
      vertex   3.800000e+01 3.383447e+01 5.250156e+01
    endloop
  endfacet
  facet normal 7.196653e-01 1.443575e-01 -6.791485e-01
    outer loop
      vertex   3.800000e+01 3.383447e+01 5.250156e+01
      vertex   3.750000e+01 3.371758e+01 5.194688e+01
      vertex   3.750000e+01 3.456621e+01 5.212727e+01
    endloop
  endfacet
  facet normal 6.931186e-01 1.091527e-01 -7.125112e-01
    outer loop
      vertex   3.800000e+01 3.383447e+01 5.250156e+01
      vertex   3.750000e+01 3.456621e+01 5.212727e+01
      vertex   3.800000e+01 3.476448e+01 5.264403e+01
    endloop
  endfacet
  facet normal 7.186689e-01 0.000000e+00 -6.953525e-01
    outer loop
      vertex   3.800000e+01 3.476448e+01 5.264403e+01
      vertex   3.750000e+01 3.456621e+01 5.212727e+01
      vertex   3.750000e+01 3.543379e+01 5.212727e+01
    endloop
  endfacet
  facet normal 6.941801e-01 -3.645734e-02 -7.188775e-01
    outer loop
      vertex   3.800000e+01 3.476448e+01 5.264403e+01
      vertex   3.750000e+01 3.543379e+01 5.212727e+01
      vertex   3.800000e+01 3.570414e+01 5.259638e+01
    endloop
  endfacet
  facet normal 7.175247e-01 -1.448174e-01 -6.813121e-01
    outer loop
      vertex   3.800000e+01 3.570414e+01 5.259638e+01
      vertex   3.750000e+01 3.543379e+01 5.212727e+01
      vertex   3.750000e+01 3.628242e+01 5.194688e+01
    endloop
  endfacet
  facet normal 6.953775e-01 -1.801301e-01 -6.957034e-01
    outer loop
      vertex   3.800000e+01 3.570414e+01 5.259638e+01
      vertex   3.750000e+01 3.628242e+01 5.194688e+01
      vertex   3.800000e+01 3.661497e+01 5.236055e+01
    endloop
  endfacet
  facet normal 7.162308e-01 -2.838467e-01 -6.375300e-01
    outer loop
      vertex   3.800000e+01 3.661497e+01 5.236055e+01
      vertex   3.750000e+01 3.628242e+01 5.194688e+01
      vertex   3.750000e+01 3.707500e+01 5.159401e+01
    endloop
  endfacet
  facet normal 6.967088e-01 -3.159185e-01 -6.440438e-01
    outer loop
      vertex   3.800000e+01 3.661497e+01 5.236055e+01
      vertex   3.750000e+01 3.707500e+01 5.159401e+01
      vertex   3.800000e+01 3.745968e+01 5.194620e+01
    endloop
  endfacet
  facet normal 7.147846e-01 -4.110645e-01 -5.657818e-01
    outer loop
      vertex   3.800000e+01 3.745968e+01 5.194620e+01
      vertex   3.750000e+01 3.707500e+01 5.159401e+01
      vertex   3.750000e+01 3.777689e+01 5.108405e+01
    endloop
  endfacet
  facet normal 6.981716e-01 -4.382253e-01 -5.661404e-01
    outer loop
      vertex   3.800000e+01 3.745968e+01 5.194620e+01
      vertex   3.750000e+01 3.777689e+01 5.108405e+01
      vertex   3.800000e+01 3.820370e+01 5.137029e+01
    endloop
  endfacet
  facet normal 7.131833e-01 -5.209279e-01 -4.690456e-01
    outer loop
      vertex   3.800000e+01 3.820370e+01 5.137029e+01
      vertex   3.750000e+01 3.777689e+01 5.108405e+01
      vertex   3.750000e+01 3.835742e+01 5.043931e+01
    endloop
  endfacet
  facet normal 6.997636e-01 -5.420375e-01 -4.653239e-01
    outer loop
      vertex   3.800000e+01 3.820370e+01 5.137029e+01
      vertex   3.750000e+01 3.835742e+01 5.043931e+01
      vertex   3.800000e+01 3.881655e+01 5.065640e+01
    endloop
  endfacet
  facet normal 7.114239e-01 -6.086107e-01 -3.513816e-01
    outer loop
      vertex   3.800000e+01 3.881655e+01 5.065640e+01
      vertex   3.750000e+01 3.835742e+01 5.043931e+01
      vertex   3.750000e+01 3.879121e+01 4.968796e+01
    endloop
  endfacet
  facet normal 7.014819e-01 -6.231357e-01 -3.458685e-01
    outer loop
      vertex   3.800000e+01 3.881655e+01 5.065640e+01
      vertex   3.750000e+01 3.879121e+01 4.968796e+01
      vertex   3.800000e+01 3.927315e+01 4.983375e+01
    endloop
  endfacet
  facet normal 7.095031e-01 -6.702117e-01 -2.177650e-01
    outer loop
      vertex   3.800000e+01 3.927315e+01 4.983375e+01
      vertex   3.750000e+01 3.879121e+01 4.968796e+01
      vertex   3.750000e+01 3.905931e+01 4.886283e+01
    endloop
  endfacet
  facet normal 7.033237e-01 -6.782687e-01 -2.128082e-01
    outer loop
      vertex   3.800000e+01 3.927315e+01 4.983375e+01
      vertex   3.750000e+01 3.905931e+01 4.886283e+01
      vertex   3.800000e+01 3.955481e+01 4.893604e+01
    endloop
  endfacet
  facet normal 7.074172e-01 -7.029244e-01 -7.388033e-02
    outer loop
      vertex   3.800000e+01 3.955481e+01 4.893604e+01
      vertex   3.750000e+01 3.905931e+01 4.886283e+01
      vertex   3.750000e+01 3.915000e+01 4.800000e+01
    endloop
  endfacet
  facet normal 0.000000e+00 -9.945219e-01 1.045285e-01
    outer loop
      vertex   2.050000e+01 3.905931e+01 4.713717e+01
      vertex   3.750000e+01 3.905931e+01 4.713717e+01
      vertex   2.050000e+01 3.915000e+01 4.800000e+01
    endloop
  endfacet
  facet normal 0.000000e+00 -9.945219e-01 1.045285e-01
    outer loop
      vertex   2.050000e+01 3.915000e+01 4.800000e+01
      vertex   3.750000e+01 3.905931e+01 4.713717e+01
      vertex   3.750000e+01 3.915000e+01 4.800000e+01
    endloop
  endfacet
  facet normal 0.000000e+00 -9.945219e-01 -1.045285e-01
    outer loop
      vertex   2.050000e+01 3.915000e+01 4.800000e+01
      vertex   3.750000e+01 3.915000e+01 4.800000e+01
      vertex   2.050000e+01 3.905931e+01 4.886283e+01
    endloop
  endfacet
  facet normal 0.000000e+00 -9.945219e-01 -1.045285e-01
    outer loop
      vertex   2.050000e+01 3.905931e+01 4.886283e+01
      vertex   3.750000e+01 3.915000e+01 4.800000e+01
      vertex   3.750000e+01 3.905931e+01 4.886283e+01
    endloop
  endfacet
  facet normal 0.000000e+00 -9.510565e-01 -3.090170e-01
    outer loop
      vertex   2.050000e+01 3.905931e+01 4.886283e+01
      vertex   3.750000e+01 3.905931e+01 4.886283e+01
      vertex   2.050000e+01 3.879121e+01 4.968796e+01
    endloop
  endfacet
  facet normal 0.000000e+00 -9.510565e-01 -3.090170e-01
    outer loop
      vertex   2.050000e+01 3.879121e+01 4.968796e+01
      vertex   3.750000e+01 3.905931e+01 4.886283e+01
      vertex   3.750000e+01 3.879121e+01 4.968796e+01
    endloop
  endfacet
  facet normal 0.000000e+00 -8.660254e-01 -5.000000e-01
    outer loop
      vertex   2.050000e+01 3.879121e+01 4.968796e+01
      vertex   3.750000e+01 3.879121e+01 4.968796e+01
      vertex   2.050000e+01 3.835742e+01 5.043931e+01
    endloop
  endfacet
  facet normal 0.000000e+00 -8.660254e-01 -5.000000e-01
    outer loop
      vertex   2.050000e+01 3.835742e+01 5.043931e+01
      vertex   3.750000e+01 3.879121e+01 4.968796e+01
      vertex   3.750000e+01 3.835742e+01 5.043931e+01
    endloop
  endfacet
  facet normal 0.000000e+00 -7.431448e-01 -6.691306e-01
    outer loop
      vertex   2.050000e+01 3.835742e+01 5.043931e+01
      vertex   3.750000e+01 3.835742e+01 5.043931e+01
      vertex   2.050000e+01 3.777689e+01 5.108405e+01
    endloop
  endfacet
  facet normal 0.000000e+00 -7.431448e-01 -6.691306e-01
    outer loop
      vertex   2.050000e+01 3.777689e+01 5.108405e+01
      vertex   3.750000e+01 3.835742e+01 5.043931e+01
      vertex   3.750000e+01 3.777689e+01 5.108405e+01
    endloop
  endfacet
  facet normal 0.000000e+00 -5.877853e-01 -8.090170e-01
    outer loop
      vertex   2.050000e+01 3.777689e+01 5.108405e+01
      vertex   3.750000e+01 3.777689e+01 5.108405e+01
      vertex   2.050000e+01 3.707500e+01 5.159401e+01
    endloop
  endfacet
  facet normal -2.456744e-16 -5.877853e-01 -8.090170e-01
    outer loop
      vertex   2.050000e+01 3.707500e+01 5.159401e+01
      vertex   3.750000e+01 3.777689e+01 5.108405e+01
      vertex   3.750000e+01 3.707500e+01 5.159401e+01
    endloop
  endfacet
  facet normal -1.700022e-16 -4.067366e-01 -9.135455e-01
    outer loop
      vertex   2.050000e+01 3.707500e+01 5.159401e+01
      vertex   3.750000e+01 3.707500e+01 5.159401e+01
      vertex   2.050000e+01 3.628242e+01 5.194688e+01
    endloop
  endfacet
  facet normal 0.000000e+00 -4.067366e-01 -9.135455e-01
    outer loop
      vertex   2.050000e+01 3.628242e+01 5.194688e+01
      vertex   3.750000e+01 3.707500e+01 5.159401e+01
      vertex   3.750000e+01 3.628242e+01 5.194688e+01
    endloop
  endfacet
  facet normal 0.000000e+00 -2.079117e-01 -9.781476e-01
    outer loop
      vertex   2.050000e+01 3.628242e+01 5.194688e+01
      vertex   3.750000e+01 3.628242e+01 5.194688e+01
      vertex   2.050000e+01 3.543379e+01 5.212727e+01
    endloop
  endfacet
  facet normal -8.690008e-17 -2.079117e-01 -9.781476e-01
    outer loop
      vertex   2.050000e+01 3.543379e+01 5.212727e+01
      vertex   3.750000e+01 3.628242e+01 5.194688e+01
      vertex   3.750000e+01 3.543379e+01 5.212727e+01
    endloop
  endfacet
  facet normal 0.000000e+00 0.000000e+00 -1.000000e+00
    outer loop
      vertex   2.050000e+01 3.543379e+01 5.212727e+01
      vertex   3.750000e+01 3.543379e+01 5.212727e+01
      vertex   2.050000e+01 3.456621e+01 5.212727e+01
    endloop
  endfacet
  facet normal 0.000000e+00 0.000000e+00 -1.000000e+00
    outer loop
      vertex   2.050000e+01 3.456621e+01 5.212727e+01
      vertex   3.750000e+01 3.543379e+01 5.212727e+01
      vertex   3.750000e+01 3.456621e+01 5.212727e+01
    endloop
  endfacet
  facet normal 0.000000e+00 2.079117e-01 -9.781476e-01
    outer loop
      vertex   2.050000e+01 3.456621e+01 5.212727e+01
      vertex   3.750000e+01 3.456621e+01 5.212727e+01
      vertex   2.050000e+01 3.371758e+01 5.194688e+01
    endloop
  endfacet
  facet normal 0.000000e+00 2.079117e-01 -9.781476e-01
    outer loop
      vertex   2.050000e+01 3.371758e+01 5.194688e+01
      vertex   3.750000e+01 3.456621e+01 5.212727e+01
      vertex   3.750000e+01 3.371758e+01 5.194688e+01
    endloop
  endfacet
  facet normal 0.000000e+00 4.067366e-01 -9.135455e-01
    outer loop
      vertex   2.050000e+01 3.371758e+01 5.194688e+01
      vertex   3.750000e+01 3.371758e+01 5.194688e+01
      vertex   2.050000e+01 3.292500e+01 5.159401e+01
    endloop
  endfacet
  facet normal 0.000000e+00 4.067366e-01 -9.135455e-01
    outer loop
      vertex   2.050000e+01 3.292500e+01 5.159401e+01
      vertex   3.750000e+01 3.371758e+01 5.194688e+01
      vertex   3.750000e+01 3.292500e+01 5.159401e+01
    endloop
  endfacet
  facet normal 0.000000e+00 5.877853e-01 -8.090170e-01
    outer loop
      vertex   2.050000e+01 3.292500e+01 5.159401e+01
      vertex   3.750000e+01 3.292500e+01 5.159401e+01
      vertex   2.050000e+01 3.222311e+01 5.108405e+01
    endloop
  endfacet
  facet normal 0.000000e+00 5.877853e-01 -8.090170e-01
    outer loop
      vertex   2.050000e+01 3.222311e+01 5.108405e+01
      vertex   3.750000e+01 3.292500e+01 5.159401e+01
      vertex   3.750000e+01 3.222311e+01 5.108405e+01
    endloop
  endfacet
  facet normal 0.000000e+00 7.431448e-01 -6.691306e-01
    outer loop
      vertex   2.050000e+01 3.222311e+01 5.108405e+01
      vertex   3.750000e+01 3.222311e+01 5.108405e+01
      vertex   2.050000e+01 3.164258e+01 5.043931e+01
    endloop
  endfacet
  facet normal 0.000000e+00 7.431448e-01 -6.691306e-01
    outer loop
      vertex   2.050000e+01 3.164258e+01 5.043931e+01
      vertex   3.750000e+01 3.222311e+01 5.108405e+01
      vertex   3.750000e+01 3.164258e+01 5.043931e+01
    endloop
  endfacet
  facet normal 0.000000e+00 8.660254e-01 -5.000000e-01
    outer loop
      vertex   2.050000e+01 3.164258e+01 5.043931e+01
      vertex   3.750000e+01 3.164258e+01 5.043931e+01
      vertex   2.050000e+01 3.120879e+01 4.968796e+01
    endloop
  endfacet
  facet normal 0.000000e+00 8.660254e-01 -5.000000e-01
    outer loop
      vertex   2.050000e+01 3.120879e+01 4.968796e+01
      vertex   3.750000e+01 3.164258e+01 5.043931e+01
      vertex   3.750000e+01 3.120879e+01 4.968796e+01
    endloop
  endfacet
  facet normal 0.000000e+00 9.510565e-01 -3.090170e-01
    outer loop
      vertex   2.050000e+01 3.120879e+01 4.968796e+01
      vertex   3.750000e+01 3.120879e+01 4.968796e+01
      vertex   2.050000e+01 3.094069e+01 4.886283e+01
    endloop
  endfacet
  facet normal 0.000000e+00 9.510565e-01 -3.090170e-01
    outer loop
      vertex   2.050000e+01 3.094069e+01 4.886283e+01
      vertex   3.750000e+01 3.120879e+01 4.968796e+01
      vertex   3.750000e+01 3.094069e+01 4.886283e+01
    endloop
  endfacet
  facet normal 0.000000e+00 9.945219e-01 -1.045285e-01
    outer loop
      vertex   2.050000e+01 3.094069e+01 4.886283e+01
      vertex   3.750000e+01 3.094069e+01 4.886283e+01
      vertex   2.050000e+01 3.085000e+01 4.800000e+01
    endloop
  endfacet
  facet normal 0.000000e+00 9.945219e-01 -1.045285e-01
    outer loop
      vertex   2.050000e+01 3.085000e+01 4.800000e+01
      vertex   3.750000e+01 3.094069e+01 4.886283e+01
      vertex   3.750000e+01 3.085000e+01 4.800000e+01
    endloop
  endfacet
  facet normal -0.000000e+00 9.945219e-01 1.045285e-01
    outer loop
      vertex   2.050000e+01 3.085000e+01 4.800000e+01
      vertex   3.750000e+01 3.085000e+01 4.800000e+01
      vertex   2.050000e+01 3.094069e+01 4.713717e+01
    endloop
  endfacet
  facet normal -0.000000e+00 9.945219e-01 1.045285e-01
    outer loop
      vertex   2.050000e+01 3.094069e+01 4.713717e+01
      vertex   3.750000e+01 3.085000e+01 4.800000e+01
      vertex   3.750000e+01 3.094069e+01 4.713717e+01
    endloop
  endfacet
  facet normal -0.000000e+00 9.510565e-01 3.090170e-01
    outer loop
      vertex   2.050000e+01 3.094069e+01 4.713717e+01
      vertex   3.750000e+01 3.094069e+01 4.713717e+01
      vertex   2.050000e+01 3.120879e+01 4.631204e+01
    endloop
  endfacet
  facet normal -0.000000e+00 9.510565e-01 3.090170e-01
    outer loop
      vertex   2.050000e+01 3.120879e+01 4.631204e+01
      vertex   3.750000e+01 3.094069e+01 4.713717e+01
      vertex   3.750000e+01 3.120879e+01 4.631204e+01
    endloop
  endfacet
  facet normal -0.000000e+00 8.660254e-01 5.000000e-01
    outer loop
      vertex   2.050000e+01 3.120879e+01 4.631204e+01
      vertex   3.750000e+01 3.120879e+01 4.631204e+01
      vertex   2.050000e+01 3.164258e+01 4.556069e+01
    endloop
  endfacet
  facet normal -0.000000e+00 8.660254e-01 5.000000e-01
    outer loop
      vertex   2.050000e+01 3.164258e+01 4.556069e+01
      vertex   3.750000e+01 3.120879e+01 4.631204e+01
      vertex   3.750000e+01 3.164258e+01 4.556069e+01
    endloop
  endfacet
  facet normal -0.000000e+00 7.431448e-01 6.691306e-01
    outer loop
      vertex   2.050000e+01 3.164258e+01 4.556069e+01
      vertex   3.750000e+01 3.164258e+01 4.556069e+01
      vertex   2.050000e+01 3.222311e+01 4.491595e+01
    endloop
  endfacet
  facet normal -0.000000e+00 7.431448e-01 6.691306e-01
    outer loop
      vertex   2.050000e+01 3.222311e+01 4.491595e+01
      vertex   3.750000e+01 3.164258e+01 4.556069e+01
      vertex   3.750000e+01 3.222311e+01 4.491595e+01
    endloop
  endfacet
  facet normal -0.000000e+00 5.877853e-01 8.090170e-01
    outer loop
      vertex   2.050000e+01 3.222311e+01 4.491595e+01
      vertex   3.750000e+01 3.222311e+01 4.491595e+01
      vertex   2.050000e+01 3.292500e+01 4.440599e+01
    endloop
  endfacet
  facet normal -0.000000e+00 5.877853e-01 8.090170e-01
    outer loop
      vertex   2.050000e+01 3.292500e+01 4.440599e+01
      vertex   3.750000e+01 3.222311e+01 4.491595e+01
      vertex   3.750000e+01 3.292500e+01 4.440599e+01
    endloop
  endfacet
  facet normal -0.000000e+00 4.067366e-01 9.135455e-01
    outer loop
      vertex   2.050000e+01 3.292500e+01 4.440599e+01
      vertex   3.750000e+01 3.292500e+01 4.440599e+01
      vertex   2.050000e+01 3.371758e+01 4.405312e+01
    endloop
  endfacet
  facet normal -0.000000e+00 4.067366e-01 9.135455e-01
    outer loop
      vertex   2.050000e+01 3.371758e+01 4.405312e+01
      vertex   3.750000e+01 3.292500e+01 4.440599e+01
      vertex   3.750000e+01 3.371758e+01 4.405312e+01
    endloop
  endfacet
  facet normal -0.000000e+00 2.079117e-01 9.781476e-01
    outer loop
      vertex   2.050000e+01 3.371758e+01 4.405312e+01
      vertex   3.750000e+01 3.371758e+01 4.405312e+01
      vertex   2.050000e+01 3.456621e+01 4.387273e+01
    endloop
  endfacet
  facet normal -0.000000e+00 2.079117e-01 9.781476e-01
    outer loop
      vertex   2.050000e+01 3.456621e+01 4.387273e+01
      vertex   3.750000e+01 3.371758e+01 4.405312e+01
      vertex   3.750000e+01 3.456621e+01 4.387273e+01
    endloop
  endfacet
  facet normal 0.000000e+00 0.000000e+00 1.000000e+00
    outer loop
      vertex   2.050000e+01 3.456621e+01 4.387273e+01
      vertex   3.750000e+01 3.456621e+01 4.387273e+01
      vertex   2.050000e+01 3.543379e+01 4.387273e+01
    endloop
  endfacet
  facet normal -0.000000e+00 0.000000e+00 1.000000e+00
    outer loop
      vertex   2.050000e+01 3.543379e+01 4.387273e+01
      vertex   3.750000e+01 3.456621e+01 4.387273e+01
      vertex   3.750000e+01 3.543379e+01 4.387273e+01
    endloop
  endfacet
  facet normal 8.690008e-17 -2.079117e-01 9.781476e-01
    outer loop
      vertex   2.050000e+01 3.543379e+01 4.387273e+01
      vertex   3.750000e+01 3.543379e+01 4.387273e+01
      vertex   2.050000e+01 3.628242e+01 4.405312e+01
    endloop
  endfacet
  facet normal 0.000000e+00 -2.079117e-01 9.781476e-01
    outer loop
      vertex   2.050000e+01 3.628242e+01 4.405312e+01
      vertex   3.750000e+01 3.543379e+01 4.387273e+01
      vertex   3.750000e+01 3.628242e+01 4.405312e+01
    endloop
  endfacet
  facet normal 0.000000e+00 -4.067366e-01 9.135455e-01
    outer loop
      vertex   2.050000e+01 3.628242e+01 4.405312e+01
      vertex   3.750000e+01 3.628242e+01 4.405312e+01
      vertex   2.050000e+01 3.707500e+01 4.440599e+01
    endloop
  endfacet
  facet normal 1.700022e-16 -4.067366e-01 9.135455e-01
    outer loop
      vertex   2.050000e+01 3.707500e+01 4.440599e+01
      vertex   3.750000e+01 3.628242e+01 4.405312e+01
      vertex   3.750000e+01 3.707500e+01 4.440599e+01
    endloop
  endfacet
  facet normal 2.456744e-16 -5.877853e-01 8.090170e-01
    outer loop
      vertex   2.050000e+01 3.707500e+01 4.440599e+01
      vertex   3.750000e+01 3.707500e+01 4.440599e+01
      vertex   2.050000e+01 3.777689e+01 4.491595e+01
    endloop
  endfacet
  facet normal 0.000000e+00 -5.877853e-01 8.090170e-01
    outer loop
      vertex   2.050000e+01 3.777689e+01 4.491595e+01
      vertex   3.750000e+01 3.707500e+01 4.440599e+01
      vertex   3.750000e+01 3.777689e+01 4.491595e+01
    endloop
  endfacet
  facet normal 0.000000e+00 -7.431448e-01 6.691306e-01
    outer loop
      vertex   2.050000e+01 3.777689e+01 4.491595e+01
      vertex   3.750000e+01 3.777689e+01 4.491595e+01
      vertex   2.050000e+01 3.835742e+01 4.556069e+01
    endloop
  endfacet
  facet normal 0.000000e+00 -7.431448e-01 6.691306e-01
    outer loop
      vertex   2.050000e+01 3.835742e+01 4.556069e+01
      vertex   3.750000e+01 3.777689e+01 4.491595e+01
      vertex   3.750000e+01 3.835742e+01 4.556069e+01
    endloop
  endfacet
  facet normal 0.000000e+00 -8.660254e-01 5.000000e-01
    outer loop
      vertex   2.050000e+01 3.835742e+01 4.556069e+01
      vertex   3.750000e+01 3.835742e+01 4.556069e+01
      vertex   2.050000e+01 3.879121e+01 4.631204e+01
    endloop
  endfacet
  facet normal 0.000000e+00 -8.660254e-01 5.000000e-01
    outer loop
      vertex   2.050000e+01 3.879121e+01 4.631204e+01
      vertex   3.750000e+01 3.835742e+01 4.556069e+01
      vertex   3.750000e+01 3.879121e+01 4.631204e+01
    endloop
  endfacet
  facet normal 0.000000e+00 -9.510565e-01 3.090170e-01
    outer loop
      vertex   2.050000e+01 3.879121e+01 4.631204e+01
      vertex   3.750000e+01 3.879121e+01 4.631204e+01
      vertex   2.050000e+01 3.905931e+01 4.713717e+01
    endloop
  endfacet
  facet normal 0.000000e+00 -9.510565e-01 3.090170e-01
    outer loop
      vertex   2.050000e+01 3.905931e+01 4.713717e+01
      vertex   3.750000e+01 3.879121e+01 4.631204e+01
      vertex   3.750000e+01 3.905931e+01 4.713717e+01
    endloop
  endfacet
  facet normal -7.074172e-01 -7.029244e-01 -7.388033e-02
    outer loop
      vertex   2.050000e+01 3.905931e+01 4.886283e+01
      vertex   2.000000e+01 3.955481e+01 4.893604e+01
      vertex   2.050000e+01 3.915000e+01 4.800000e+01
    endloop
  endfacet
  facet normal -7.052858e-01 -7.052858e-01 -7.172056e-02
    outer loop
      vertex   2.050000e+01 3.915000e+01 4.800000e+01
      vertex   2.000000e+01 3.955481e+01 4.893604e+01
      vertex   2.000000e+01 3.965000e+01 4.800000e+01
    endloop
  endfacet
  facet normal -7.052858e-01 -7.052858e-01 7.172056e-02
    outer loop
      vertex   2.050000e+01 3.915000e+01 4.800000e+01
      vertex   2.000000e+01 3.965000e+01 4.800000e+01
      vertex   2.000000e+01 3.955481e+01 4.706396e+01
    endloop
  endfacet
  facet normal -7.033237e-01 -6.782687e-01 -2.128082e-01
    outer loop
      vertex   2.000000e+01 3.955481e+01 4.893604e+01
      vertex   2.050000e+01 3.905931e+01 4.886283e+01
      vertex   2.000000e+01 3.927315e+01 4.983375e+01
    endloop
  endfacet
  facet normal -7.095031e-01 -6.702117e-01 -2.177650e-01
    outer loop
      vertex   2.000000e+01 3.927315e+01 4.983375e+01
      vertex   2.050000e+01 3.905931e+01 4.886283e+01
      vertex   2.050000e+01 3.879121e+01 4.968796e+01
    endloop
  endfacet
  facet normal -7.014819e-01 -6.231357e-01 -3.458685e-01
    outer loop
      vertex   2.000000e+01 3.927315e+01 4.983375e+01
      vertex   2.050000e+01 3.879121e+01 4.968796e+01
      vertex   2.000000e+01 3.881655e+01 5.065640e+01
    endloop
  endfacet
  facet normal -7.114239e-01 -6.086107e-01 -3.513816e-01
    outer loop
      vertex   2.000000e+01 3.881655e+01 5.065640e+01
      vertex   2.050000e+01 3.879121e+01 4.968796e+01
      vertex   2.050000e+01 3.835742e+01 5.043931e+01
    endloop
  endfacet
  facet normal -6.997636e-01 -5.420375e-01 -4.653239e-01
    outer loop
      vertex   2.000000e+01 3.881655e+01 5.065640e+01
      vertex   2.050000e+01 3.835742e+01 5.043931e+01
      vertex   2.000000e+01 3.820370e+01 5.137029e+01
    endloop
  endfacet
  facet normal -7.131833e-01 -5.209279e-01 -4.690456e-01
    outer loop
      vertex   2.000000e+01 3.820370e+01 5.137029e+01
      vertex   2.050000e+01 3.835742e+01 5.043931e+01
      vertex   2.050000e+01 3.777689e+01 5.108405e+01
    endloop
  endfacet
  facet normal -6.981716e-01 -4.382253e-01 -5.661404e-01
    outer loop
      vertex   2.000000e+01 3.820370e+01 5.137029e+01
      vertex   2.050000e+01 3.777689e+01 5.108405e+01
      vertex   2.000000e+01 3.745968e+01 5.194620e+01
    endloop
  endfacet
  facet normal -7.147846e-01 -4.110645e-01 -5.657818e-01
    outer loop
      vertex   2.000000e+01 3.745968e+01 5.194620e+01
      vertex   2.050000e+01 3.777689e+01 5.108405e+01
      vertex   2.050000e+01 3.707500e+01 5.159401e+01
    endloop
  endfacet
  facet normal -6.967088e-01 -3.159185e-01 -6.440438e-01
    outer loop
      vertex   2.000000e+01 3.745968e+01 5.194620e+01
      vertex   2.050000e+01 3.707500e+01 5.159401e+01
      vertex   2.000000e+01 3.661497e+01 5.236055e+01
    endloop
  endfacet
  facet normal -7.162308e-01 -2.838467e-01 -6.375300e-01
    outer loop
      vertex   2.000000e+01 3.661497e+01 5.236055e+01
      vertex   2.050000e+01 3.707500e+01 5.159401e+01
      vertex   2.050000e+01 3.628242e+01 5.194688e+01
    endloop
  endfacet
  facet normal -6.953775e-01 -1.801301e-01 -6.957034e-01
    outer loop
      vertex   2.000000e+01 3.661497e+01 5.236055e+01
      vertex   2.050000e+01 3.628242e+01 5.194688e+01
      vertex   2.000000e+01 3.570414e+01 5.259638e+01
    endloop
  endfacet
  facet normal -7.175247e-01 -1.448174e-01 -6.813121e-01
    outer loop
      vertex   2.000000e+01 3.570414e+01 5.259638e+01
      vertex   2.050000e+01 3.628242e+01 5.194688e+01
      vertex   2.050000e+01 3.543379e+01 5.212727e+01
    endloop
  endfacet
  facet normal -6.941801e-01 -3.645734e-02 -7.188775e-01
    outer loop
      vertex   2.000000e+01 3.570414e+01 5.259638e+01
      vertex   2.050000e+01 3.543379e+01 5.212727e+01
      vertex   2.000000e+01 3.476448e+01 5.264403e+01
    endloop
  endfacet
  facet normal -7.186689e-01 0.000000e+00 -6.953525e-01
    outer loop
      vertex   2.000000e+01 3.476448e+01 5.264403e+01
      vertex   2.050000e+01 3.543379e+01 5.212727e+01
      vertex   2.050000e+01 3.456621e+01 5.212727e+01
    endloop
  endfacet
  facet normal -6.931186e-01 1.091527e-01 -7.125112e-01
    outer loop
      vertex   2.000000e+01 3.476448e+01 5.264403e+01
      vertex   2.050000e+01 3.456621e+01 5.212727e+01
      vertex   2.000000e+01 3.383447e+01 5.250156e+01
    endloop
  endfacet
  facet normal -7.196653e-01 1.443575e-01 -6.791485e-01
    outer loop
      vertex   2.000000e+01 3.383447e+01 5.250156e+01
      vertex   2.050000e+01 3.456621e+01 5.212727e+01
      vertex   2.050000e+01 3.371758e+01 5.194688e+01
    endloop
  endfacet
  facet normal -6.921949e-01 2.506539e-01 -6.767857e-01
    outer loop
      vertex   2.000000e+01 3.383447e+01 5.250156e+01
      vertex   2.050000e+01 3.371758e+01 5.194688e+01
      vertex   2.000000e+01 3.295217e+01 5.217479e+01
    endloop
  endfacet
  facet normal -7.205160e-01 2.820468e-01 -6.334874e-01
    outer loop
      vertex   2.000000e+01 3.295217e+01 5.217479e+01
      vertex   2.050000e+01 3.371758e+01 5.194688e+01
      vertex   2.050000e+01 3.292500e+01 5.159401e+01
    endloop
  endfacet
  facet normal -6.914106e-01 3.821564e-01 -6.131133e-01
    outer loop
      vertex   2.000000e+01 3.295217e+01 5.217479e+01
      vertex   2.050000e+01 3.292500e+01 5.159401e+01
      vertex   2.000000e+01 3.215371e+01 5.167711e+01
    endloop
  endfacet
  facet normal -7.212225e-01 4.071609e-01 -5.604089e-01
    outer loop
      vertex   2.000000e+01 3.215371e+01 5.167711e+01
      vertex   2.050000e+01 3.292500e+01 5.159401e+01
      vertex   2.050000e+01 3.222311e+01 5.108405e+01
    endloop
  endfacet
  facet normal -6.907670e-01 4.981764e-01 -5.240813e-01
    outer loop
      vertex   2.000000e+01 3.215371e+01 5.167711e+01
      vertex   2.050000e+01 3.222311e+01 5.108405e+01
      vertex   2.000000e+01 3.147177e+01 5.102888e+01
    endloop
  endfacet
  facet normal -7.217861e-01 5.143426e-01 -4.631161e-01
    outer loop
      vertex   2.000000e+01 3.147177e+01 5.102888e+01
      vertex   2.050000e+01 3.222311e+01 5.108405e+01
      vertex   2.050000e+01 3.164258e+01 5.043931e+01
    endloop
  endfacet
  facet normal -6.902652e-01 5.938687e-01 -4.133448e-01
    outer loop
      vertex   2.000000e+01 3.147177e+01 5.102888e+01
      vertex   2.050000e+01 3.164258e+01 5.043931e+01
      vertex   2.000000e+01 3.093429e+01 5.025665e+01
    endloop
  endfacet
  facet normal -7.222079e-01 5.990091e-01 -3.458380e-01
    outer loop
      vertex   2.000000e+01 3.093429e+01 5.025665e+01
      vertex   2.050000e+01 3.164258e+01 5.043931e+01
      vertex   2.050000e+01 3.120879e+01 4.968796e+01
    endloop
  endfacet
  facet normal -6.899062e-01 6.652324e-01 -2.854737e-01
    outer loop
      vertex   2.000000e+01 3.093429e+01 5.025665e+01
      vertex   2.050000e+01 3.120879e+01 4.968796e+01
      vertex   2.000000e+01 3.056325e+01 4.939204e+01
    endloop
  endfacet
  facet normal -7.224886e-01 6.575441e-01 -2.136490e-01
    outer loop
      vertex   2.000000e+01 3.056325e+01 4.939204e+01
      vertex   2.050000e+01 3.120879e+01 4.968796e+01
      vertex   2.050000e+01 3.094069e+01 4.886283e+01
    endloop
  endfacet
  facet normal -6.896906e-01 7.092818e-01 -1.457611e-01
    outer loop
      vertex   2.000000e+01 3.056325e+01 4.939204e+01
      vertex   2.050000e+01 3.094069e+01 4.886283e+01
      vertex   2.000000e+01 3.037386e+01 4.847043e+01
    endloop
  endfacet
  facet normal -7.226289e-01 6.874496e-01 -7.225386e-02
    outer loop
      vertex   2.000000e+01 3.037386e+01 4.847043e+01
      vertex   2.050000e+01 3.094069e+01 4.886283e+01
      vertex   2.050000e+01 3.085000e+01 4.800000e+01
    endloop
  endfacet
  facet normal -6.896186e-01 7.241727e-01 0.000000e+00
    outer loop
      vertex   2.000000e+01 3.037386e+01 4.847043e+01
      vertex   2.050000e+01 3.085000e+01 4.800000e+01
      vertex   2.000000e+01 3.037386e+01 4.752957e+01
    endloop
  endfacet
  facet normal -7.226289e-01 6.874496e-01 7.225386e-02
    outer loop
      vertex   2.000000e+01 3.037386e+01 4.752957e+01
      vertex   2.050000e+01 3.085000e+01 4.800000e+01
      vertex   2.050000e+01 3.094069e+01 4.713717e+01
    endloop
  endfacet
  facet normal -6.896906e-01 7.092818e-01 1.457611e-01
    outer loop
      vertex   2.000000e+01 3.037386e+01 4.752957e+01
      vertex   2.050000e+01 3.094069e+01 4.713717e+01
      vertex   2.000000e+01 3.056325e+01 4.660796e+01
    endloop
  endfacet
  facet normal -7.224886e-01 6.575441e-01 2.136490e-01
    outer loop
      vertex   2.000000e+01 3.056325e+01 4.660796e+01
      vertex   2.050000e+01 3.094069e+01 4.713717e+01
      vertex   2.050000e+01 3.120879e+01 4.631204e+01
    endloop
  endfacet
  facet normal -6.899062e-01 6.652324e-01 2.854737e-01
    outer loop
      vertex   2.000000e+01 3.056325e+01 4.660796e+01
      vertex   2.050000e+01 3.120879e+01 4.631204e+01
      vertex   2.000000e+01 3.093429e+01 4.574335e+01
    endloop
  endfacet
  facet normal -7.222079e-01 5.990091e-01 3.458380e-01
    outer loop
      vertex   2.000000e+01 3.093429e+01 4.574335e+01
      vertex   2.050000e+01 3.120879e+01 4.631204e+01
      vertex   2.050000e+01 3.164258e+01 4.556069e+01
    endloop
  endfacet
  facet normal -6.902652e-01 5.938687e-01 4.133448e-01
    outer loop
      vertex   2.000000e+01 3.093429e+01 4.574335e+01
      vertex   2.050000e+01 3.164258e+01 4.556069e+01
      vertex   2.000000e+01 3.147177e+01 4.497112e+01
    endloop
  endfacet
  facet normal -7.217861e-01 5.143426e-01 4.631161e-01
    outer loop
      vertex   2.000000e+01 3.147177e+01 4.497112e+01
      vertex   2.050000e+01 3.164258e+01 4.556069e+01
      vertex   2.050000e+01 3.222311e+01 4.491595e+01
    endloop
  endfacet
  facet normal -6.907670e-01 4.981764e-01 5.240813e-01
    outer loop
      vertex   2.000000e+01 3.147177e+01 4.497112e+01
      vertex   2.050000e+01 3.222311e+01 4.491595e+01
      vertex   2.000000e+01 3.215371e+01 4.432289e+01
    endloop
  endfacet
  facet normal -7.212225e-01 4.071609e-01 5.604089e-01
    outer loop
      vertex   2.000000e+01 3.215371e+01 4.432289e+01
      vertex   2.050000e+01 3.222311e+01 4.491595e+01
      vertex   2.050000e+01 3.292500e+01 4.440599e+01
    endloop
  endfacet
  facet normal -6.914106e-01 3.821564e-01 6.131133e-01
    outer loop
      vertex   2.000000e+01 3.215371e+01 4.432289e+01
      vertex   2.050000e+01 3.292500e+01 4.440599e+01
      vertex   2.000000e+01 3.295217e+01 4.382521e+01
    endloop
  endfacet
  facet normal -7.205160e-01 2.820468e-01 6.334874e-01
    outer loop
      vertex   2.000000e+01 3.295217e+01 4.382521e+01
      vertex   2.050000e+01 3.292500e+01 4.440599e+01
      vertex   2.050000e+01 3.371758e+01 4.405312e+01
    endloop
  endfacet
  facet normal -6.921949e-01 2.506539e-01 6.767857e-01
    outer loop
      vertex   2.000000e+01 3.295217e+01 4.382521e+01
      vertex   2.050000e+01 3.371758e+01 4.405312e+01
      vertex   2.000000e+01 3.383447e+01 4.349844e+01
    endloop
  endfacet
  facet normal -7.196653e-01 1.443575e-01 6.791485e-01
    outer loop
      vertex   2.000000e+01 3.383447e+01 4.349844e+01
      vertex   2.050000e+01 3.371758e+01 4.405312e+01
      vertex   2.050000e+01 3.456621e+01 4.387273e+01
    endloop
  endfacet
  facet normal -6.931186e-01 1.091527e-01 7.125112e-01
    outer loop
      vertex   2.000000e+01 3.383447e+01 4.349844e+01
      vertex   2.050000e+01 3.456621e+01 4.387273e+01
      vertex   2.000000e+01 3.476448e+01 4.335597e+01
    endloop
  endfacet
  facet normal -7.186689e-01 0.000000e+00 6.953525e-01
    outer loop
      vertex   2.000000e+01 3.476448e+01 4.335597e+01
      vertex   2.050000e+01 3.456621e+01 4.387273e+01
      vertex   2.050000e+01 3.543379e+01 4.387273e+01
    endloop
  endfacet
  facet normal -6.941801e-01 -3.645734e-02 7.188775e-01
    outer loop
      vertex   2.000000e+01 3.476448e+01 4.335597e+01
      vertex   2.050000e+01 3.543379e+01 4.387273e+01
      vertex   2.000000e+01 3.570414e+01 4.340362e+01
    endloop
  endfacet
  facet normal -7.175247e-01 -1.448174e-01 6.813121e-01
    outer loop
      vertex   2.000000e+01 3.570414e+01 4.340362e+01
      vertex   2.050000e+01 3.543379e+01 4.387273e+01
      vertex   2.050000e+01 3.628242e+01 4.405312e+01
    endloop
  endfacet
  facet normal -6.953775e-01 -1.801301e-01 6.957034e-01
    outer loop
      vertex   2.000000e+01 3.570414e+01 4.340362e+01
      vertex   2.050000e+01 3.628242e+01 4.405312e+01
      vertex   2.000000e+01 3.661497e+01 4.363945e+01
    endloop
  endfacet
  facet normal -7.162308e-01 -2.838467e-01 6.375300e-01
    outer loop
      vertex   2.000000e+01 3.661497e+01 4.363945e+01
      vertex   2.050000e+01 3.628242e+01 4.405312e+01
      vertex   2.050000e+01 3.707500e+01 4.440599e+01
    endloop
  endfacet
  facet normal -6.967088e-01 -3.159185e-01 6.440438e-01
    outer loop
      vertex   2.000000e+01 3.661497e+01 4.363945e+01
      vertex   2.050000e+01 3.707500e+01 4.440599e+01
      vertex   2.000000e+01 3.745968e+01 4.405380e+01
    endloop
  endfacet
  facet normal -7.147846e-01 -4.110645e-01 5.657818e-01
    outer loop
      vertex   2.000000e+01 3.745968e+01 4.405380e+01
      vertex   2.050000e+01 3.707500e+01 4.440599e+01
      vertex   2.050000e+01 3.777689e+01 4.491595e+01
    endloop
  endfacet
  facet normal -6.981716e-01 -4.382253e-01 5.661404e-01
    outer loop
      vertex   2.000000e+01 3.745968e+01 4.405380e+01
      vertex   2.050000e+01 3.777689e+01 4.491595e+01
      vertex   2.000000e+01 3.820370e+01 4.462971e+01
    endloop
  endfacet
  facet normal -7.131833e-01 -5.209279e-01 4.690456e-01
    outer loop
      vertex   2.000000e+01 3.820370e+01 4.462971e+01
      vertex   2.050000e+01 3.777689e+01 4.491595e+01
      vertex   2.050000e+01 3.835742e+01 4.556069e+01
    endloop
  endfacet
  facet normal -6.997636e-01 -5.420375e-01 4.653239e-01
    outer loop
      vertex   2.000000e+01 3.820370e+01 4.462971e+01
      vertex   2.050000e+01 3.835742e+01 4.556069e+01
      vertex   2.000000e+01 3.881655e+01 4.534360e+01
    endloop
  endfacet
  facet normal -7.114239e-01 -6.086107e-01 3.513816e-01
    outer loop
      vertex   2.000000e+01 3.881655e+01 4.534360e+01
      vertex   2.050000e+01 3.835742e+01 4.556069e+01
      vertex   2.050000e+01 3.879121e+01 4.631204e+01
    endloop
  endfacet
  facet normal -7.014819e-01 -6.231357e-01 3.458685e-01
    outer loop
      vertex   2.000000e+01 3.881655e+01 4.534360e+01
      vertex   2.050000e+01 3.879121e+01 4.631204e+01
      vertex   2.000000e+01 3.927315e+01 4.616625e+01
    endloop
  endfacet
  facet normal -7.095031e-01 -6.702117e-01 2.177650e-01
    outer loop
      vertex   2.000000e+01 3.927315e+01 4.616625e+01
      vertex   2.050000e+01 3.879121e+01 4.631204e+01
      vertex   2.050000e+01 3.905931e+01 4.713717e+01
    endloop
  endfacet
  facet normal -7.033237e-01 -6.782687e-01 2.128082e-01
    outer loop
      vertex   2.000000e+01 3.927315e+01 4.616625e+01
      vertex   2.050000e+01 3.905931e+01 4.713717e+01
      vertex   2.000000e+01 3.955481e+01 4.706396e+01
    endloop
  endfacet
  facet normal -7.074172e-01 -7.029244e-01 7.388033e-02
    outer loop
      vertex   2.000000e+01 3.955481e+01 4.706396e+01
      vertex   2.050000e+01 3.905931e+01 4.713717e+01
      vertex   2.050000e+01 3.915000e+01 4.800000e+01
    endloop
  endfacet
endsolid
